solid 
 facet normal  9.999059e-01  1.371831e-02  0.000000e+00
   outer loop
     vertex  9.996236e+00  2.743405e-01  1.800000e+01
     vertex  1.000000e+01  0.000000e+00  1.800000e+01
     vertex  1.000000e+01  0.000000e+00  1.500000e+00
   endloop
 endfacet
 facet normal  9.999059e-01  1.371831e-02  0.000000e+00
   outer loop
     vertex  9.996236e+00  2.743405e-01  1.800000e+01
     vertex  1.000000e+01  0.000000e+00  1.500000e+00
     vertex  9.996236e+00  2.743405e-01  1.500000e+00
   endloop
 endfacet
 facet normal  9.991532e-01  4.114462e-02  0.000000e+00
   outer loop
     vertex  9.984947e+00  5.484744e-01  1.800000e+01
     vertex  9.996236e+00  2.743405e-01  1.500000e+00
     vertex  9.984947e+00  5.484744e-01  1.500000e+00
   endloop
 endfacet
 facet normal  9.991532e-01  4.114462e-02  0.000000e+00
   outer loop
     vertex  9.984947e+00  5.484744e-01  1.800000e+01
     vertex  9.996236e+00  2.743405e-01  1.800000e+01
     vertex  9.996236e+00  2.743405e-01  1.500000e+00
   endloop
 endfacet
 facet normal  9.976484e-01  6.853995e-02  0.000000e+00
   outer loop
     vertex  9.966142e+00  8.221955e-01  1.800000e+01
     vertex  9.984947e+00  5.484744e-01  1.500000e+00
     vertex  9.966142e+00  8.221955e-01  1.500000e+00
   endloop
 endfacet
 facet normal  9.953925e-01  9.588368e-02  0.000000e+00
   outer loop
     vertex  9.966142e+00  8.221955e-01  1.800000e+01
     vertex  9.966142e+00  8.221955e-01  1.500000e+00
     vertex  9.939835e+00  1.095298e+00  1.500000e+00
   endloop
 endfacet
 facet normal  9.976484e-01  6.853995e-02  0.000000e+00
   outer loop
     vertex  9.966142e+00  8.221955e-01  1.800000e+01
     vertex  9.984947e+00  5.484744e-01  1.800000e+01
     vertex  9.984947e+00  5.484744e-01  1.500000e+00
   endloop
 endfacet
 facet normal  9.953925e-01  9.588368e-02  0.000000e+00
   outer loop
     vertex  9.939835e+00  1.095298e+00  1.800000e+01
     vertex  9.966142e+00  8.221955e-01  1.800000e+01
     vertex  9.939835e+00  1.095298e+00  1.500000e+00
   endloop
 endfacet
 facet normal  9.923874e-01  1.231552e-01  0.000000e+00
   outer loop
     vertex  9.906046e+00  1.367575e+00  1.800000e+01
     vertex  9.939835e+00  1.095298e+00  1.500000e+00
     vertex  9.906046e+00  1.367575e+00  1.500000e+00
   endloop
 endfacet
 facet normal  9.923874e-01  1.231552e-01  0.000000e+00
   outer loop
     vertex  9.906046e+00  1.367575e+00  1.800000e+01
     vertex  9.939835e+00  1.095298e+00  1.800000e+01
     vertex  9.939835e+00  1.095298e+00  1.500000e+00
   endloop
 endfacet
 facet normal  9.886353e-01  1.503341e-01  0.000000e+00
   outer loop
     vertex  9.864799e+00  1.638824e+00  1.800000e+01
     vertex  9.906046e+00  1.367575e+00  1.500000e+00
     vertex  9.864799e+00  1.638824e+00  1.500000e+00
   endloop
 endfacet
 facet normal  9.841389e-01  1.773998e-01  0.000000e+00
   outer loop
     vertex  9.864799e+00  1.638824e+00  1.800000e+01
     vertex  9.864799e+00  1.638824e+00  1.500000e+00
     vertex  9.816126e+00  1.908838e+00  1.500000e+00
   endloop
 endfacet
 facet normal  9.886353e-01  1.503341e-01  0.000000e+00
   outer loop
     vertex  9.864799e+00  1.638824e+00  1.800000e+01
     vertex  9.906046e+00  1.367575e+00  1.800000e+01
     vertex  9.906046e+00  1.367575e+00  1.500000e+00
   endloop
 endfacet
 facet normal  9.841389e-01  1.773998e-01  0.000000e+00
   outer loop
     vertex  9.816126e+00  1.908838e+00  1.800000e+01
     vertex  9.864799e+00  1.638824e+00  1.800000e+01
     vertex  9.816126e+00  1.908838e+00  1.500000e+00
   endloop
 endfacet
 facet normal  9.789017e-01  2.043319e-01  0.000000e+00
   outer loop
     vertex  9.760065e+00  2.177416e+00  1.800000e+01
     vertex  9.816126e+00  1.908838e+00  1.500000e+00
     vertex  9.760065e+00  2.177416e+00  1.500000e+00
   endloop
 endfacet
 facet normal  9.729276e-01  2.311102e-01  0.000000e+00
   outer loop
     vertex  9.760065e+00  2.177416e+00  1.800000e+01
     vertex  9.760065e+00  2.177416e+00  1.500000e+00
     vertex  9.696656e+00  2.444354e+00  1.500000e+00
   endloop
 endfacet
 facet normal  9.789017e-01  2.043319e-01  0.000000e+00
   outer loop
     vertex  9.760065e+00  2.177416e+00  1.800000e+01
     vertex  9.816126e+00  1.908838e+00  1.800000e+01
     vertex  9.816126e+00  1.908838e+00  1.500000e+00
   endloop
 endfacet
 facet normal  9.729276e-01  2.311102e-01  0.000000e+00
   outer loop
     vertex  9.696656e+00  2.444354e+00  1.800000e+01
     vertex  9.760065e+00  2.177416e+00  1.800000e+01
     vertex  9.696656e+00  2.444354e+00  1.500000e+00
   endloop
 endfacet
 facet normal  9.662211e-01  2.577146e-01  0.000000e+00
   outer loop
     vertex  9.625948e+00  2.709453e+00  1.800000e+01
     vertex  9.696656e+00  2.444354e+00  1.800000e+01
     vertex  9.696656e+00  2.444354e+00  1.500000e+00
   endloop
 endfacet
 facet normal  9.662211e-01  2.577146e-01  0.000000e+00
   outer loop
     vertex  9.625948e+00  2.709453e+00  1.800000e+01
     vertex  9.696656e+00  2.444354e+00  1.500000e+00
     vertex  9.625948e+00  2.709453e+00  1.500000e+00
   endloop
 endfacet
 facet normal  9.587873e-01  2.841250e-01  0.000000e+00
   outer loop
     vertex  9.547993e+00  2.972512e+00  1.800000e+01
     vertex  9.625948e+00  2.709453e+00  1.800000e+01
     vertex  9.625948e+00  2.709453e+00  1.500000e+00
   endloop
 endfacet
 facet normal  9.587873e-01  2.841250e-01  0.000000e+00
   outer loop
     vertex  9.547993e+00  2.972512e+00  1.800000e+01
     vertex  9.625948e+00  2.709453e+00  1.500000e+00
     vertex  9.547993e+00  2.972512e+00  1.500000e+00
   endloop
 endfacet
 facet normal  9.506317e-01  3.103214e-01  0.000000e+00
   outer loop
     vertex  9.462851e+00  3.233333e+00  1.800000e+01
     vertex  9.547993e+00  2.972512e+00  1.800000e+01
     vertex  9.547993e+00  2.972512e+00  1.500000e+00
   endloop
 endfacet
 facet normal  9.506317e-01  3.103214e-01  0.000000e+00
   outer loop
     vertex  9.462851e+00  3.233333e+00  1.800000e+01
     vertex  9.547993e+00  2.972512e+00  1.500000e+00
     vertex  9.462851e+00  3.233333e+00  1.500000e+00
   endloop
 endfacet
 facet normal  9.417605e-01  3.362843e-01  0.000000e+00
   outer loop
     vertex  9.370586e+00  3.491720e+00  1.800000e+01
     vertex  9.462851e+00  3.233333e+00  1.800000e+01
     vertex  9.462851e+00  3.233333e+00  1.500000e+00
   endloop
 endfacet
 facet normal  9.417605e-01  3.362843e-01  0.000000e+00
   outer loop
     vertex  9.370586e+00  3.491720e+00  1.800000e+01
     vertex  9.462851e+00  3.233333e+00  1.500000e+00
     vertex  9.370586e+00  3.491720e+00  1.500000e+00
   endloop
 endfacet
 facet normal  9.321804e-01  3.619940e-01  0.000000e+00
   outer loop
     vertex  9.271267e+00  3.747479e+00  1.800000e+01
     vertex  9.370586e+00  3.491720e+00  1.800000e+01
     vertex  9.370586e+00  3.491720e+00  1.500000e+00
   endloop
 endfacet
 facet normal  9.321804e-01  3.619940e-01  0.000000e+00
   outer loop
     vertex  9.271267e+00  3.747479e+00  1.800000e+01
     vertex  9.370586e+00  3.491720e+00  1.500000e+00
     vertex  9.271267e+00  3.747479e+00  1.500000e+00
   endloop
 endfacet
 facet normal  9.218986e-01  3.874313e-01  0.000000e+00
   outer loop
     vertex  9.164969e+00  4.000417e+00  1.800000e+01
     vertex  9.271267e+00  3.747479e+00  1.800000e+01
     vertex  9.271267e+00  3.747479e+00  1.500000e+00
   endloop
 endfacet
 facet normal  9.218986e-01  3.874313e-01  0.000000e+00
   outer loop
     vertex  9.164969e+00  4.000417e+00  1.800000e+01
     vertex  9.271267e+00  3.747479e+00  1.500000e+00
     vertex  9.164969e+00  4.000417e+00  1.500000e+00
   endloop
 endfacet
 facet normal  9.109228e-01  4.125769e-01  0.000000e+00
   outer loop
     vertex  9.051772e+00  4.250344e+00  1.800000e+01
     vertex  9.164969e+00  4.000417e+00  1.800000e+01
     vertex  9.164969e+00  4.000417e+00  1.500000e+00
   endloop
 endfacet
 facet normal  9.109228e-01  4.125769e-01  0.000000e+00
   outer loop
     vertex  9.051772e+00  4.250344e+00  1.800000e+01
     vertex  9.164969e+00  4.000417e+00  1.500000e+00
     vertex  9.051772e+00  4.250344e+00  1.500000e+00
   endloop
 endfacet
 facet normal  8.992613e-01  4.374119e-01  0.000000e+00
   outer loop
     vertex  8.931761e+00  4.497071e+00  1.800000e+01
     vertex  9.051772e+00  4.250344e+00  1.800000e+01
     vertex  9.051772e+00  4.250344e+00  1.500000e+00
   endloop
 endfacet
 facet normal  8.992613e-01  4.374119e-01  0.000000e+00
   outer loop
     vertex  8.931761e+00  4.497071e+00  1.800000e+01
     vertex  9.051772e+00  4.250344e+00  1.500000e+00
     vertex  8.931761e+00  4.497071e+00  1.500000e+00
   endloop
 endfacet
 facet normal  8.869228e-01  4.619176e-01  0.000000e+00
   outer loop
     vertex  8.805026e+00  4.740412e+00  1.800000e+01
     vertex  8.931761e+00  4.497071e+00  1.800000e+01
     vertex  8.931761e+00  4.497071e+00  1.500000e+00
   endloop
 endfacet
 facet normal  8.869228e-01  4.619176e-01  0.000000e+00
   outer loop
     vertex  8.805026e+00  4.740412e+00  1.800000e+01
     vertex  8.931761e+00  4.497071e+00  1.500000e+00
     vertex  8.805026e+00  4.740412e+00  1.500000e+00
   endloop
 endfacet
 facet normal  8.739167e-01  4.860756e-01  0.000000e+00
   outer loop
     vertex  8.671664e+00  4.980186e+00  1.800000e+01
     vertex  8.805026e+00  4.740412e+00  1.800000e+01
     vertex  8.805026e+00  4.740412e+00  1.500000e+00
   endloop
 endfacet
 facet normal  8.739167e-01  4.860756e-01  0.000000e+00
   outer loop
     vertex  8.671664e+00  4.980186e+00  1.800000e+01
     vertex  8.805026e+00  4.740412e+00  1.500000e+00
     vertex  8.671664e+00  4.980186e+00  1.500000e+00
   endloop
 endfacet
 facet normal  8.602528e-01  5.098678e-01  0.000000e+00
   outer loop
     vertex  8.671664e+00  4.980186e+00  1.800000e+01
     vertex  8.671664e+00  4.980186e+00  1.500000e+00
     vertex  8.531773e+00  5.216210e+00  1.500000e+00
   endloop
 endfacet
 facet normal  8.602528e-01  5.098678e-01  0.000000e+00
   outer loop
     vertex  8.531773e+00  5.216210e+00  1.800000e+01
     vertex  8.671664e+00  4.980186e+00  1.800000e+01
     vertex  8.531773e+00  5.216210e+00  1.500000e+00
   endloop
 endfacet
 facet normal  8.459413e-01  5.332761e-01  0.000000e+00
   outer loop
     vertex  8.385460e+00  5.448308e+00  1.800000e+01
     vertex  8.531773e+00  5.216210e+00  1.800000e+01
     vertex  8.531773e+00  5.216210e+00  1.500000e+00
   endloop
 endfacet
 facet normal  8.459413e-01  5.332761e-01  0.000000e+00
   outer loop
     vertex  8.385460e+00  5.448308e+00  1.800000e+01
     vertex  8.531773e+00  5.216210e+00  1.500000e+00
     vertex  8.385460e+00  5.448308e+00  1.500000e+00
   endloop
 endfacet
 facet normal  8.309929e-01  5.562829e-01  0.000000e+00
   outer loop
     vertex  8.385460e+00  5.448308e+00  1.800000e+01
     vertex  8.385460e+00  5.448308e+00  1.500000e+00
     vertex  8.232835e+00  5.676304e+00  1.500000e+00
   endloop
 endfacet
 facet normal  8.309929e-01  5.562829e-01  0.000000e+00
   outer loop
     vertex  8.232835e+00  5.676304e+00  1.800000e+01
     vertex  8.385460e+00  5.448308e+00  1.800000e+01
     vertex  8.232835e+00  5.676304e+00  1.500000e+00
   endloop
 endfacet
 facet normal  8.154191e-01  5.788711e-01  0.000000e+00
   outer loop
     vertex  8.074012e+00  5.900028e+00  1.800000e+01
     vertex  8.232835e+00  5.676304e+00  1.500000e+00
     vertex  8.074012e+00  5.900028e+00  1.500000e+00
   endloop
 endfacet
 facet normal  8.154191e-01  5.788711e-01  0.000000e+00
   outer loop
     vertex  8.074012e+00  5.900028e+00  1.800000e+01
     vertex  8.232835e+00  5.676304e+00  1.800000e+01
     vertex  8.232835e+00  5.676304e+00  1.500000e+00
   endloop
 endfacet
 facet normal  7.992314e-01  6.010234e-01  0.000000e+00
   outer loop
     vertex  7.909112e+00  6.119310e+00  1.800000e+01
     vertex  8.074012e+00  5.900028e+00  1.500000e+00
     vertex  7.909112e+00  6.119310e+00  1.500000e+00
   endloop
 endfacet
 facet normal  7.824421e-01  6.227234e-01  0.000000e+00
   outer loop
     vertex  7.909112e+00  6.119310e+00  1.800000e+01
     vertex  7.909112e+00  6.119310e+00  1.500000e+00
     vertex  7.738257e+00  6.333986e+00  1.500000e+00
   endloop
 endfacet
 facet normal  7.992314e-01  6.010234e-01  0.000000e+00
   outer loop
     vertex  7.909112e+00  6.119310e+00  1.800000e+01
     vertex  8.074012e+00  5.900028e+00  1.800000e+01
     vertex  8.074012e+00  5.900028e+00  1.500000e+00
   endloop
 endfacet
 facet normal  7.824421e-01  6.227234e-01  0.000000e+00
   outer loop
     vertex  7.738257e+00  6.333986e+00  1.800000e+01
     vertex  7.909112e+00  6.119310e+00  1.800000e+01
     vertex  7.738257e+00  6.333986e+00  1.500000e+00
   endloop
 endfacet
 facet normal  7.650637e-01  6.439545e-01  0.000000e+00
   outer loop
     vertex  7.561578e+00  6.543893e+00  1.800000e+01
     vertex  7.738257e+00  6.333986e+00  1.500000e+00
     vertex  7.561578e+00  6.543893e+00  1.500000e+00
   endloop
 endfacet
 facet normal  7.650637e-01  6.439545e-01  0.000000e+00
   outer loop
     vertex  7.561578e+00  6.543893e+00  1.800000e+01
     vertex  7.738257e+00  6.333986e+00  1.800000e+01
     vertex  7.738257e+00  6.333986e+00  1.500000e+00
   endloop
 endfacet
 facet normal  7.471095e-01  6.647010e-01  0.000000e+00
   outer loop
     vertex  7.379206e+00  6.748875e+00  1.800000e+01
     vertex  7.561578e+00  6.543893e+00  1.500000e+00
     vertex  7.379206e+00  6.748875e+00  1.500000e+00
   endloop
 endfacet
 facet normal  7.285929e-01  6.849470e-01  0.000000e+00
   outer loop
     vertex  7.379206e+00  6.748875e+00  1.800000e+01
     vertex  7.379206e+00  6.748875e+00  1.500000e+00
     vertex  7.191280e+00  6.948776e+00  1.500000e+00
   endloop
 endfacet
 facet normal  7.471095e-01  6.647010e-01  0.000000e+00
   outer loop
     vertex  7.379206e+00  6.748875e+00  1.800000e+01
     vertex  7.561578e+00  6.543893e+00  1.800000e+01
     vertex  7.561578e+00  6.543893e+00  1.500000e+00
   endloop
 endfacet
 facet normal  7.285929e-01  6.849470e-01  0.000000e+00
   outer loop
     vertex  7.191280e+00  6.948776e+00  1.800000e+01
     vertex  7.379206e+00  6.748875e+00  1.800000e+01
     vertex  7.191280e+00  6.948776e+00  1.500000e+00
   endloop
 endfacet
 facet normal  7.095278e-01  7.046775e-01  0.000000e+00
   outer loop
     vertex  6.997940e+00  7.143447e+00  1.800000e+01
     vertex  7.191280e+00  6.948776e+00  1.500000e+00
     vertex  6.997940e+00  7.143447e+00  1.500000e+00
   endloop
 endfacet
 facet normal  7.095278e-01  7.046775e-01  0.000000e+00
   outer loop
     vertex  6.997940e+00  7.143447e+00  1.800000e+01
     vertex  7.191280e+00  6.948776e+00  1.800000e+01
     vertex  7.191280e+00  6.948776e+00  1.500000e+00
   endloop
 endfacet
 facet normal  6.899286e-01  7.238775e-01  0.000000e+00
   outer loop
     vertex  6.799333e+00  7.332740e+00  1.800000e+01
     vertex  6.997940e+00  7.143447e+00  1.500000e+00
     vertex  6.799333e+00  7.332740e+00  1.500000e+00
   endloop
 endfacet
 facet normal  6.698100e-01  7.425325e-01  0.000000e+00
   outer loop
     vertex  6.799333e+00  7.332740e+00  1.800000e+01
     vertex  6.799333e+00  7.332740e+00  1.500000e+00
     vertex  6.595607e+00  7.516513e+00  1.500000e+00
   endloop
 endfacet
 facet normal  6.899286e-01  7.238775e-01  0.000000e+00
   outer loop
     vertex  6.799333e+00  7.332740e+00  1.800000e+01
     vertex  6.997940e+00  7.143447e+00  1.800000e+01
     vertex  6.997940e+00  7.143447e+00  1.500000e+00
   endloop
 endfacet
 facet normal  6.698100e-01  7.425325e-01  0.000000e+00
   outer loop
     vertex  6.595607e+00  7.516513e+00  1.800000e+01
     vertex  6.799333e+00  7.332740e+00  1.800000e+01
     vertex  6.595607e+00  7.516513e+00  1.500000e+00
   endloop
 endfacet
 facet normal  6.491872e-01  7.606287e-01  0.000000e+00
   outer loop
     vertex  6.386916e+00  7.694628e+00  1.800000e+01
     vertex  6.595607e+00  7.516513e+00  1.500000e+00
     vertex  6.386916e+00  7.694628e+00  1.500000e+00
   endloop
 endfacet
 facet normal  6.491872e-01  7.606287e-01  0.000000e+00
   outer loop
     vertex  6.386916e+00  7.694628e+00  1.800000e+01
     vertex  6.595607e+00  7.516513e+00  1.800000e+01
     vertex  6.595607e+00  7.516513e+00  1.500000e+00
   endloop
 endfacet
 facet normal  6.280757e-01  7.781522e-01  0.000000e+00
   outer loop
     vertex  6.173417e+00  7.866951e+00  1.800000e+01
     vertex  6.386916e+00  7.694628e+00  1.500000e+00
     vertex  6.173417e+00  7.866951e+00  1.500000e+00
   endloop
 endfacet
 facet normal  6.280757e-01  7.781522e-01  0.000000e+00
   outer loop
     vertex  6.173417e+00  7.866951e+00  1.800000e+01
     vertex  6.386916e+00  7.694628e+00  1.800000e+01
     vertex  6.386916e+00  7.694628e+00  1.500000e+00
   endloop
 endfacet
 facet normal  6.064915e-01  7.950900e-01  0.000000e+00
   outer loop
     vertex  5.955271e+00  8.033352e+00  1.800000e+01
     vertex  6.173417e+00  7.866951e+00  1.500000e+00
     vertex  5.955271e+00  8.033352e+00  1.500000e+00
   endloop
 endfacet
 facet normal  6.064915e-01  7.950900e-01  0.000000e+00
   outer loop
     vertex  5.955271e+00  8.033352e+00  1.800000e+01
     vertex  6.173417e+00  7.866951e+00  1.800000e+01
     vertex  6.173417e+00  7.866951e+00  1.500000e+00
   endloop
 endfacet
 facet normal  5.844507e-01  8.114292e-01  0.000000e+00
   outer loop
     vertex  5.732642e+00  8.193706e+00  1.800000e+01
     vertex  5.955271e+00  8.033352e+00  1.500000e+00
     vertex  5.732642e+00  8.193706e+00  1.500000e+00
   endloop
 endfacet
 facet normal  5.844507e-01  8.114292e-01  0.000000e+00
   outer loop
     vertex  5.732642e+00  8.193706e+00  1.800000e+01
     vertex  5.955271e+00  8.033352e+00  1.800000e+01
     vertex  5.955271e+00  8.033352e+00  1.500000e+00
   endloop
 endfacet
 facet normal  5.619699e-01  8.271577e-01  0.000000e+00
   outer loop
     vertex  5.505698e+00  8.347891e+00  1.800000e+01
     vertex  5.732642e+00  8.193706e+00  1.500000e+00
     vertex  5.505698e+00  8.347891e+00  1.500000e+00
   endloop
 endfacet
 facet normal  5.619699e-01  8.271577e-01  0.000000e+00
   outer loop
     vertex  5.505698e+00  8.347891e+00  1.800000e+01
     vertex  5.732642e+00  8.193706e+00  1.800000e+01
     vertex  5.732642e+00  8.193706e+00  1.500000e+00
   endloop
 endfacet
 facet normal  5.390661e-01  8.422635e-01  0.000000e+00
   outer loop
     vertex  5.274609e+00  8.495793e+00  1.800000e+01
     vertex  5.505698e+00  8.347891e+00  1.800000e+01
     vertex  5.505698e+00  8.347891e+00  1.500000e+00
   endloop
 endfacet
 facet normal  5.390661e-01  8.422635e-01  0.000000e+00
   outer loop
     vertex  5.274609e+00  8.495793e+00  1.800000e+01
     vertex  5.505698e+00  8.347891e+00  1.500000e+00
     vertex  5.274609e+00  8.495793e+00  1.500000e+00
   endloop
 endfacet
 facet normal  5.157565e-01  8.567352e-01  0.000000e+00
   outer loop
     vertex  5.039550e+00  8.637299e+00  1.800000e+01
     vertex  5.274609e+00  8.495793e+00  1.800000e+01
     vertex  5.274609e+00  8.495793e+00  1.500000e+00
   endloop
 endfacet
 facet normal  5.157565e-01  8.567352e-01  0.000000e+00
   outer loop
     vertex  5.039550e+00  8.637299e+00  1.800000e+01
     vertex  5.274609e+00  8.495793e+00  1.500000e+00
     vertex  5.039550e+00  8.637299e+00  1.500000e+00
   endloop
 endfacet
 facet normal  4.920587e-01  8.705620e-01  0.000000e+00
   outer loop
     vertex  4.800697e+00  8.772303e+00  1.800000e+01
     vertex  5.039550e+00  8.637299e+00  1.800000e+01
     vertex  5.039550e+00  8.637299e+00  1.500000e+00
   endloop
 endfacet
 facet normal  4.920587e-01  8.705620e-01  0.000000e+00
   outer loop
     vertex  4.800697e+00  8.772303e+00  1.800000e+01
     vertex  5.039550e+00  8.637299e+00  1.500000e+00
     vertex  4.800697e+00  8.772303e+00  1.500000e+00
   endloop
 endfacet
 facet normal  4.679904e-01  8.837335e-01  0.000000e+00
   outer loop
     vertex  4.558231e+00  8.900704e+00  1.800000e+01
     vertex  4.800697e+00  8.772303e+00  1.800000e+01
     vertex  4.800697e+00  8.772303e+00  1.500000e+00
   endloop
 endfacet
 facet normal  4.679904e-01  8.837335e-01  0.000000e+00
   outer loop
     vertex  4.558231e+00  8.900704e+00  1.800000e+01
     vertex  4.800697e+00  8.772303e+00  1.500000e+00
     vertex  4.558231e+00  8.900704e+00  1.500000e+00
   endloop
 endfacet
 facet normal  4.435699e-01  8.962398e-01  0.000000e+00
   outer loop
     vertex  4.312333e+00  9.022405e+00  1.800000e+01
     vertex  4.558231e+00  8.900704e+00  1.800000e+01
     vertex  4.558231e+00  8.900704e+00  1.500000e+00
   endloop
 endfacet
 facet normal  4.435699e-01  8.962398e-01  0.000000e+00
   outer loop
     vertex  4.312333e+00  9.022405e+00  1.800000e+01
     vertex  4.558231e+00  8.900704e+00  1.500000e+00
     vertex  4.312333e+00  9.022405e+00  1.500000e+00
   endloop
 endfacet
 facet normal  4.188155e-01  9.080714e-01  0.000000e+00
   outer loop
     vertex  4.312333e+00  9.022405e+00  1.800000e+01
     vertex  4.312333e+00  9.022405e+00  1.500000e+00
     vertex  4.063188e+00  9.137314e+00  1.500000e+00
   endloop
 endfacet
 facet normal  4.188155e-01  9.080714e-01  0.000000e+00
   outer loop
     vertex  4.063188e+00  9.137314e+00  1.800000e+01
     vertex  4.312333e+00  9.022405e+00  1.800000e+01
     vertex  4.063188e+00  9.137314e+00  1.500000e+00
   endloop
 endfacet
 facet normal  3.937458e-01  9.192194e-01  0.000000e+00
   outer loop
     vertex  3.810986e+00  9.245344e+00  1.800000e+01
     vertex  4.063188e+00  9.137314e+00  1.800000e+01
     vertex  4.063188e+00  9.137314e+00  1.500000e+00
   endloop
 endfacet
 facet normal  3.937458e-01  9.192194e-01  0.000000e+00
   outer loop
     vertex  3.810986e+00  9.245344e+00  1.800000e+01
     vertex  4.063188e+00  9.137314e+00  1.500000e+00
     vertex  3.810986e+00  9.245344e+00  1.500000e+00
   endloop
 endfacet
 facet normal  3.683796e-01  9.296754e-01  0.000000e+00
   outer loop
     vertex  3.555914e+00  9.346415e+00  1.800000e+01
     vertex  3.810986e+00  9.245344e+00  1.800000e+01
     vertex  3.810986e+00  9.245344e+00  1.500000e+00
   endloop
 endfacet
 facet normal  3.683796e-01  9.296754e-01  0.000000e+00
   outer loop
     vertex  3.555914e+00  9.346415e+00  1.800000e+01
     vertex  3.810986e+00  9.245344e+00  1.500000e+00
     vertex  3.555914e+00  9.346415e+00  1.500000e+00
   endloop
 endfacet
 facet normal  3.427362e-01  9.394317e-01  0.000000e+00
   outer loop
     vertex  3.298166e+00  9.440450e+00  1.800000e+01
     vertex  3.555914e+00  9.346415e+00  1.800000e+01
     vertex  3.555914e+00  9.346415e+00  1.500000e+00
   endloop
 endfacet
 facet normal  3.427362e-01  9.394317e-01  0.000000e+00
   outer loop
     vertex  3.298166e+00  9.440450e+00  1.800000e+01
     vertex  3.555914e+00  9.346415e+00  1.500000e+00
     vertex  3.298166e+00  9.440450e+00  1.500000e+00
   endloop
 endfacet
 facet normal  3.168348e-01  9.484807e-01  0.000000e+00
   outer loop
     vertex  3.298166e+00  9.440450e+00  1.800000e+01
     vertex  3.298166e+00  9.440450e+00  1.500000e+00
     vertex  3.037934e+00  9.527379e+00  1.500000e+00
   endloop
 endfacet
 facet normal  3.168348e-01  9.484807e-01  0.000000e+00
   outer loop
     vertex  3.037934e+00  9.527379e+00  1.800000e+01
     vertex  3.298166e+00  9.440450e+00  1.800000e+01
     vertex  3.037934e+00  9.527379e+00  1.500000e+00
   endloop
 endfacet
 facet normal  2.906949e-01  9.568158e-01  0.000000e+00
   outer loop
     vertex  2.775416e+00  9.607136e+00  1.800000e+01
     vertex  3.037934e+00  9.527379e+00  1.800000e+01
     vertex  3.037934e+00  9.527379e+00  1.500000e+00
   endloop
 endfacet
 facet normal  2.906949e-01  9.568158e-01  0.000000e+00
   outer loop
     vertex  2.775416e+00  9.607136e+00  1.800000e+01
     vertex  3.037934e+00  9.527379e+00  1.500000e+00
     vertex  2.775416e+00  9.607136e+00  1.500000e+00
   endloop
 endfacet
 facet normal  2.643362e-01  9.644306e-01  0.000000e+00
   outer loop
     vertex  2.510809e+00  9.679661e+00  1.800000e+01
     vertex  2.775416e+00  9.607136e+00  1.800000e+01
     vertex  2.775416e+00  9.607136e+00  1.500000e+00
   endloop
 endfacet
 facet normal  2.643362e-01  9.644306e-01  0.000000e+00
   outer loop
     vertex  2.510809e+00  9.679661e+00  1.800000e+01
     vertex  2.775416e+00  9.607136e+00  1.500000e+00
     vertex  2.510809e+00  9.679661e+00  1.500000e+00
   endloop
 endfacet
 facet normal  2.377784e-01  9.713194e-01  0.000000e+00
   outer loop
     vertex  2.510809e+00  9.679661e+00  1.800000e+01
     vertex  2.510809e+00  9.679661e+00  1.500000e+00
     vertex  2.244312e+00  9.744899e+00  1.500000e+00
   endloop
 endfacet
 facet normal  2.377784e-01  9.713194e-01  0.000000e+00
   outer loop
     vertex  2.244312e+00  9.744899e+00  1.800000e+01
     vertex  2.510809e+00  9.679661e+00  1.800000e+01
     vertex  2.244312e+00  9.744899e+00  1.500000e+00
   endloop
 endfacet
 facet normal  2.110417e-01  9.774771e-01  0.000000e+00
   outer loop
     vertex  1.976125e+00  9.802802e+00  1.800000e+01
     vertex  2.244312e+00  9.744899e+00  1.800000e+01
     vertex  2.244312e+00  9.744899e+00  1.500000e+00
   endloop
 endfacet
 facet normal  2.110417e-01  9.774771e-01  0.000000e+00
   outer loop
     vertex  1.976125e+00  9.802802e+00  1.800000e+01
     vertex  2.244312e+00  9.744899e+00  1.500000e+00
     vertex  1.976125e+00  9.802802e+00  1.500000e+00
   endloop
 endfacet
 facet normal  1.841461e-01  9.828989e-01  0.000000e+00
   outer loop
     vertex  1.706451e+00  9.853326e+00  1.800000e+01
     vertex  1.976125e+00  9.802802e+00  1.800000e+01
     vertex  1.976125e+00  9.802802e+00  1.500000e+00
   endloop
 endfacet
 facet normal  1.841461e-01  9.828989e-01  0.000000e+00
   outer loop
     vertex  1.706451e+00  9.853326e+00  1.800000e+01
     vertex  1.976125e+00  9.802802e+00  1.500000e+00
     vertex  1.706451e+00  9.853326e+00  1.500000e+00
   endloop
 endfacet
 facet normal  1.571119e-01  9.875808e-01  0.000000e+00
   outer loop
     vertex  1.706451e+00  9.853326e+00  1.800000e+01
     vertex  1.706451e+00  9.853326e+00  1.500000e+00
     vertex  1.435492e+00  9.896432e+00  1.500000e+00
   endloop
 endfacet
 facet normal  1.571119e-01  9.875808e-01  0.000000e+00
   outer loop
     vertex  1.435492e+00  9.896432e+00  1.800000e+01
     vertex  1.706451e+00  9.853326e+00  1.800000e+01
     vertex  1.435492e+00  9.896432e+00  1.500000e+00
   endloop
 endfacet
 facet normal  1.299594e-01  9.915193e-01  0.000000e+00
   outer loop
     vertex  1.163452e+00  9.932088e+00  1.800000e+01
     vertex  1.435492e+00  9.896432e+00  1.800000e+01
     vertex  1.435492e+00  9.896432e+00  1.500000e+00
   endloop
 endfacet
 facet normal  1.299594e-01  9.915193e-01  0.000000e+00
   outer loop
     vertex  1.163452e+00  9.932088e+00  1.800000e+01
     vertex  1.435492e+00  9.896432e+00  1.500000e+00
     vertex  1.163452e+00  9.932088e+00  1.500000e+00
   endloop
 endfacet
 facet normal  1.027091e-01  9.947114e-01  0.000000e+00
   outer loop
     vertex  8.905371e-01  9.960268e+00  1.800000e+01
     vertex  1.163452e+00  9.932088e+00  1.800000e+01
     vertex  1.163452e+00  9.932088e+00  1.500000e+00
   endloop
 endfacet
 facet normal  1.027091e-01  9.947114e-01  0.000000e+00
   outer loop
     vertex  8.905371e-01  9.960268e+00  1.800000e+01
     vertex  1.163452e+00  9.932088e+00  1.500000e+00
     vertex  8.905371e-01  9.960268e+00  1.500000e+00
   endloop
 endfacet
 facet normal  7.538152e-02  9.971548e-01  0.000000e+00
   outer loop
     vertex  8.905371e-01  9.960268e+00  1.800000e+01
     vertex  8.905371e-01  9.960268e+00  1.500000e+00
     vertex  6.169515e-01  9.980950e+00  1.500000e+00
   endloop
 endfacet
 facet normal  7.538152e-02  9.971548e-01  0.000000e+00
   outer loop
     vertex  6.169515e-01  9.980950e+00  1.800000e+01
     vertex  8.905371e-01  9.960268e+00  1.800000e+01
     vertex  6.169515e-01  9.980950e+00  1.500000e+00
   endloop
 endfacet
 facet normal  4.799716e-02  9.988475e-01  0.000000e+00
   outer loop
     vertex  3.429014e-01  9.994119e+00  1.800000e+01
     vertex  6.169515e-01  9.980950e+00  1.800000e+01
     vertex  6.169515e-01  9.980950e+00  1.500000e+00
   endloop
 endfacet
 facet normal  4.799716e-02  9.988475e-01  0.000000e+00
   outer loop
     vertex  3.429014e-01  9.994119e+00  1.800000e+01
     vertex  6.169515e-01  9.980950e+00  1.500000e+00
     vertex  3.429014e-01  9.994119e+00  1.500000e+00
   endloop
 endfacet
 facet normal  2.057667e-02  9.997883e-01  0.000000e+00
   outer loop
     vertex  6.859319e-02  9.999765e+00  1.800000e+01
     vertex  3.429014e-01  9.994119e+00  1.500000e+00
     vertex  6.859319e-02  9.999765e+00  1.500000e+00
   endloop
 endfacet
 facet normal  2.057667e-02  9.997883e-01  0.000000e+00
   outer loop
     vertex  6.859319e-02  9.999765e+00  1.800000e+01
     vertex  3.429014e-01  9.994119e+00  1.800000e+01
     vertex  3.429014e-01  9.994119e+00  1.500000e+00
   endloop
 endfacet
 facet normal -6.859319e-03  9.999765e-01  0.000000e+00
   outer loop
     vertex -2.057667e-01  9.997883e+00  1.800000e+01
     vertex  6.859319e-02  9.999765e+00  1.500000e+00
     vertex -2.057667e-01  9.997883e+00  1.500000e+00
   endloop
 endfacet
 facet normal -6.859319e-03  9.999765e-01  0.000000e+00
   outer loop
     vertex -2.057667e-01  9.997883e+00  1.800000e+01
     vertex  6.859319e-02  9.999765e+00  1.800000e+01
     vertex  6.859319e-02  9.999765e+00  1.500000e+00
   endloop
 endfacet
 facet normal -3.429014e-02  9.994119e-01  0.000000e+00
   outer loop
     vertex -4.799716e-01  9.988475e+00  1.800000e+01
     vertex -2.057667e-01  9.997883e+00  1.500000e+00
     vertex -4.799716e-01  9.988475e+00  1.500000e+00
   endloop
 endfacet
 facet normal -6.169515e-02  9.980950e-01  0.000000e+00
   outer loop
     vertex -4.799716e-01  9.988475e+00  1.800000e+01
     vertex -4.799716e-01  9.988475e+00  1.500000e+00
     vertex -7.538152e-01  9.971548e+00  1.500000e+00
   endloop
 endfacet
 facet normal -3.429014e-02  9.994119e-01  0.000000e+00
   outer loop
     vertex -4.799716e-01  9.988475e+00  1.800000e+01
     vertex -2.057667e-01  9.997883e+00  1.800000e+01
     vertex -2.057667e-01  9.997883e+00  1.500000e+00
   endloop
 endfacet
 facet normal -8.905371e-02  9.960268e-01  0.000000e+00
   outer loop
     vertex -7.538152e-01  9.971548e+00  1.800000e+01
     vertex -7.538152e-01  9.971548e+00  1.500000e+00
     vertex -1.027091e+00  9.947114e+00  1.500000e+00
   endloop
 endfacet
 facet normal -6.169515e-02  9.980950e-01  0.000000e+00
   outer loop
     vertex -7.538152e-01  9.971548e+00  1.800000e+01
     vertex -4.799716e-01  9.988475e+00  1.800000e+01
     vertex -7.538152e-01  9.971548e+00  1.500000e+00
   endloop
 endfacet
 facet normal -8.905371e-02  9.960268e-01  0.000000e+00
   outer loop
     vertex -1.027091e+00  9.947114e+00  1.800000e+01
     vertex -7.538152e-01  9.971548e+00  1.800000e+01
     vertex -1.027091e+00  9.947114e+00  1.500000e+00
   endloop
 endfacet
 facet normal -1.163452e-01  9.932088e-01  0.000000e+00
   outer loop
     vertex -1.299594e+00  9.915193e+00  1.800000e+01
     vertex -1.027091e+00  9.947114e+00  1.800000e+01
     vertex -1.027091e+00  9.947114e+00  1.500000e+00
   endloop
 endfacet
 facet normal -1.163452e-01  9.932088e-01  0.000000e+00
   outer loop
     vertex -1.299594e+00  9.915193e+00  1.800000e+01
     vertex -1.027091e+00  9.947114e+00  1.500000e+00
     vertex -1.299594e+00  9.915193e+00  1.500000e+00
   endloop
 endfacet
 facet normal -1.435492e-01  9.896432e-01  0.000000e+00
   outer loop
     vertex -1.299594e+00  9.915193e+00  1.800000e+01
     vertex -1.299594e+00  9.915193e+00  1.500000e+00
     vertex -1.571119e+00  9.875808e+00  1.500000e+00
   endloop
 endfacet
 facet normal -1.435492e-01  9.896432e-01  0.000000e+00
   outer loop
     vertex -1.571119e+00  9.875808e+00  1.800000e+01
     vertex -1.299594e+00  9.915193e+00  1.800000e+01
     vertex -1.571119e+00  9.875808e+00  1.500000e+00
   endloop
 endfacet
 facet normal -1.706451e-01  9.853326e-01  0.000000e+00
   outer loop
     vertex -1.571119e+00  9.875808e+00  1.800000e+01
     vertex -1.571119e+00  9.875808e+00  1.500000e+00
     vertex -1.841461e+00  9.828989e+00  1.500000e+00
   endloop
 endfacet
 facet normal -1.706451e-01  9.853326e-01  0.000000e+00
   outer loop
     vertex -1.841461e+00  9.828989e+00  1.800000e+01
     vertex -1.571119e+00  9.875808e+00  1.800000e+01
     vertex -1.841461e+00  9.828989e+00  1.500000e+00
   endloop
 endfacet
 facet normal -1.976125e-01  9.802802e-01  0.000000e+00
   outer loop
     vertex -2.110417e+00  9.774771e+00  1.800000e+01
     vertex -1.841461e+00  9.828989e+00  1.800000e+01
     vertex -1.841461e+00  9.828989e+00  1.500000e+00
   endloop
 endfacet
 facet normal -1.976125e-01  9.802802e-01  0.000000e+00
   outer loop
     vertex -2.110417e+00  9.774771e+00  1.800000e+01
     vertex -1.841461e+00  9.828989e+00  1.500000e+00
     vertex -2.110417e+00  9.774771e+00  1.500000e+00
   endloop
 endfacet
 facet normal -2.244312e-01  9.744899e-01  0.000000e+00
   outer loop
     vertex -2.377784e+00  9.713194e+00  1.800000e+01
     vertex -2.110417e+00  9.774771e+00  1.800000e+01
     vertex -2.110417e+00  9.774771e+00  1.500000e+00
   endloop
 endfacet
 facet normal -2.244312e-01  9.744899e-01  0.000000e+00
   outer loop
     vertex -2.377784e+00  9.713194e+00  1.800000e+01
     vertex -2.110417e+00  9.774771e+00  1.500000e+00
     vertex -2.377784e+00  9.713194e+00  1.500000e+00
   endloop
 endfacet
 facet normal -2.510809e-01  9.679661e-01  0.000000e+00
   outer loop
     vertex -2.643362e+00  9.644306e+00  1.800000e+01
     vertex -2.377784e+00  9.713194e+00  1.800000e+01
     vertex -2.377784e+00  9.713194e+00  1.500000e+00
   endloop
 endfacet
 facet normal -2.510809e-01  9.679661e-01  0.000000e+00
   outer loop
     vertex -2.643362e+00  9.644306e+00  1.800000e+01
     vertex -2.377784e+00  9.713194e+00  1.500000e+00
     vertex -2.643362e+00  9.644306e+00  1.500000e+00
   endloop
 endfacet
 facet normal -2.775416e-01  9.607136e-01  0.000000e+00
   outer loop
     vertex -2.906949e+00  9.568158e+00  1.800000e+01
     vertex -2.643362e+00  9.644306e+00  1.800000e+01
     vertex -2.643362e+00  9.644306e+00  1.500000e+00
   endloop
 endfacet
 facet normal -2.775416e-01  9.607136e-01  0.000000e+00
   outer loop
     vertex -2.906949e+00  9.568158e+00  1.800000e+01
     vertex -2.643362e+00  9.644306e+00  1.500000e+00
     vertex -2.906949e+00  9.568158e+00  1.500000e+00
   endloop
 endfacet
 facet normal -3.037934e-01  9.527379e-01  0.000000e+00
   outer loop
     vertex -2.906949e+00  9.568158e+00  1.800000e+01
     vertex -2.906949e+00  9.568158e+00  1.500000e+00
     vertex -3.168348e+00  9.484807e+00  1.500000e+00
   endloop
 endfacet
 facet normal -3.037934e-01  9.527379e-01  0.000000e+00
   outer loop
     vertex -3.168348e+00  9.484807e+00  1.800000e+01
     vertex -2.906949e+00  9.568158e+00  1.800000e+01
     vertex -3.168348e+00  9.484807e+00  1.500000e+00
   endloop
 endfacet
 facet normal -3.298166e-01  9.440450e-01  0.000000e+00
   outer loop
     vertex -3.168348e+00  9.484807e+00  1.800000e+01
     vertex -3.168348e+00  9.484807e+00  1.500000e+00
     vertex -3.427362e+00  9.394317e+00  1.500000e+00
   endloop
 endfacet
 facet normal -3.298166e-01  9.440450e-01  0.000000e+00
   outer loop
     vertex -3.427362e+00  9.394317e+00  1.800000e+01
     vertex -3.168348e+00  9.484807e+00  1.800000e+01
     vertex -3.427362e+00  9.394317e+00  1.500000e+00
   endloop
 endfacet
 facet normal -3.810986e-01  9.245344e-01  0.000000e+00
   outer loop
     vertex -3.683796e+00  9.296754e+00  1.800000e+01
     vertex -3.683796e+00  9.296754e+00  1.500000e+00
     vertex -3.937458e+00  9.192194e+00  1.500000e+00
   endloop
 endfacet
 facet normal -3.555914e-01  9.346415e-01  0.000000e+00
   outer loop
     vertex -3.683796e+00  9.296754e+00  1.800000e+01
     vertex -3.427362e+00  9.394317e+00  1.800000e+01
     vertex -3.427362e+00  9.394317e+00  1.500000e+00
   endloop
 endfacet
 facet normal -3.555914e-01  9.346415e-01  0.000000e+00
   outer loop
     vertex -3.683796e+00  9.296754e+00  1.800000e+01
     vertex -3.427362e+00  9.394317e+00  1.500000e+00
     vertex -3.683796e+00  9.296754e+00  1.500000e+00
   endloop
 endfacet
 facet normal -3.810986e-01  9.245344e-01  0.000000e+00
   outer loop
     vertex -3.937458e+00  9.192194e+00  1.800000e+01
     vertex -3.683796e+00  9.296754e+00  1.800000e+01
     vertex -3.937458e+00  9.192194e+00  1.500000e+00
   endloop
 endfacet
 facet normal -4.063188e-01  9.137314e-01  0.000000e+00
   outer loop
     vertex -4.188155e+00  9.080714e+00  1.800000e+01
     vertex -3.937458e+00  9.192194e+00  1.500000e+00
     vertex -4.188155e+00  9.080714e+00  1.500000e+00
   endloop
 endfacet
 facet normal -4.312333e-01  9.022405e-01  0.000000e+00
   outer loop
     vertex -4.188155e+00  9.080714e+00  1.800000e+01
     vertex -4.188155e+00  9.080714e+00  1.500000e+00
     vertex -4.435699e+00  8.962398e+00  1.500000e+00
   endloop
 endfacet
 facet normal -4.063188e-01  9.137314e-01  0.000000e+00
   outer loop
     vertex -4.188155e+00  9.080714e+00  1.800000e+01
     vertex -3.937458e+00  9.192194e+00  1.800000e+01
     vertex -3.937458e+00  9.192194e+00  1.500000e+00
   endloop
 endfacet
 facet normal -4.558231e-01  8.900704e-01  0.000000e+00
   outer loop
     vertex -4.435699e+00  8.962398e+00  1.800000e+01
     vertex -4.435699e+00  8.962398e+00  1.500000e+00
     vertex -4.679904e+00  8.837335e+00  1.500000e+00
   endloop
 endfacet
 facet normal -4.312333e-01  9.022405e-01  0.000000e+00
   outer loop
     vertex -4.435699e+00  8.962398e+00  1.800000e+01
     vertex -4.188155e+00  9.080714e+00  1.800000e+01
     vertex -4.435699e+00  8.962398e+00  1.500000e+00
   endloop
 endfacet
 facet normal -4.558231e-01  8.900704e-01  0.000000e+00
   outer loop
     vertex -4.679904e+00  8.837335e+00  1.800000e+01
     vertex -4.435699e+00  8.962398e+00  1.800000e+01
     vertex -4.679904e+00  8.837335e+00  1.500000e+00
   endloop
 endfacet
 facet normal -4.800697e-01  8.772303e-01  0.000000e+00
   outer loop
     vertex -4.920587e+00  8.705620e+00  1.800000e+01
     vertex -4.679904e+00  8.837335e+00  1.500000e+00
     vertex -4.920587e+00  8.705620e+00  1.500000e+00
   endloop
 endfacet
 facet normal -5.039550e-01  8.637299e-01  0.000000e+00
   outer loop
     vertex -4.920587e+00  8.705620e+00  1.800000e+01
     vertex -4.920587e+00  8.705620e+00  1.500000e+00
     vertex -5.157565e+00  8.567352e+00  1.500000e+00
   endloop
 endfacet
 facet normal -4.800697e-01  8.772303e-01  0.000000e+00
   outer loop
     vertex -4.920587e+00  8.705620e+00  1.800000e+01
     vertex -4.679904e+00  8.837335e+00  1.800000e+01
     vertex -4.679904e+00  8.837335e+00  1.500000e+00
   endloop
 endfacet
 facet normal -5.274609e-01  8.495793e-01  0.000000e+00
   outer loop
     vertex -5.157565e+00  8.567352e+00  1.800000e+01
     vertex -5.157565e+00  8.567352e+00  1.500000e+00
     vertex -5.390661e+00  8.422635e+00  1.500000e+00
   endloop
 endfacet
 facet normal -5.039550e-01  8.637299e-01  0.000000e+00
   outer loop
     vertex -5.157565e+00  8.567352e+00  1.800000e+01
     vertex -4.920587e+00  8.705620e+00  1.800000e+01
     vertex -5.157565e+00  8.567352e+00  1.500000e+00
   endloop
 endfacet
 facet normal -5.274609e-01  8.495793e-01  0.000000e+00
   outer loop
     vertex -5.390661e+00  8.422635e+00  1.800000e+01
     vertex -5.157565e+00  8.567352e+00  1.800000e+01
     vertex -5.390661e+00  8.422635e+00  1.500000e+00
   endloop
 endfacet
 facet normal -5.505698e-01  8.347891e-01  0.000000e+00
   outer loop
     vertex -5.619699e+00  8.271577e+00  1.800000e+01
     vertex -5.390661e+00  8.422635e+00  1.500000e+00
     vertex -5.619699e+00  8.271577e+00  1.500000e+00
   endloop
 endfacet
 facet normal -5.732642e-01  8.193706e-01  0.000000e+00
   outer loop
     vertex -5.619699e+00  8.271577e+00  1.800000e+01
     vertex -5.619699e+00  8.271577e+00  1.500000e+00
     vertex -5.844507e+00  8.114292e+00  1.500000e+00
   endloop
 endfacet
 facet normal -5.505698e-01  8.347891e-01  0.000000e+00
   outer loop
     vertex -5.619699e+00  8.271577e+00  1.800000e+01
     vertex -5.390661e+00  8.422635e+00  1.800000e+01
     vertex -5.390661e+00  8.422635e+00  1.500000e+00
   endloop
 endfacet
 facet normal -5.955271e-01  8.033352e-01  0.000000e+00
   outer loop
     vertex -5.844507e+00  8.114292e+00  1.800000e+01
     vertex -5.844507e+00  8.114292e+00  1.500000e+00
     vertex -6.064915e+00  7.950900e+00  1.500000e+00
   endloop
 endfacet
 facet normal -5.732642e-01  8.193706e-01  0.000000e+00
   outer loop
     vertex -5.844507e+00  8.114292e+00  1.800000e+01
     vertex -5.619699e+00  8.271577e+00  1.800000e+01
     vertex -5.844507e+00  8.114292e+00  1.500000e+00
   endloop
 endfacet
 facet normal -5.955271e-01  8.033352e-01  0.000000e+00
   outer loop
     vertex -6.064915e+00  7.950900e+00  1.800000e+01
     vertex -5.844507e+00  8.114292e+00  1.800000e+01
     vertex -6.064915e+00  7.950900e+00  1.500000e+00
   endloop
 endfacet
 facet normal -6.173417e-01  7.866951e-01  0.000000e+00
   outer loop
     vertex -6.280757e+00  7.781522e+00  1.800000e+01
     vertex -6.064915e+00  7.950900e+00  1.500000e+00
     vertex -6.280757e+00  7.781522e+00  1.500000e+00
   endloop
 endfacet
 facet normal -6.173417e-01  7.866951e-01  0.000000e+00
   outer loop
     vertex -6.280757e+00  7.781522e+00  1.800000e+01
     vertex -6.064915e+00  7.950900e+00  1.800000e+01
     vertex -6.064915e+00  7.950900e+00  1.500000e+00
   endloop
 endfacet
 facet normal -6.386916e-01  7.694628e-01  0.000000e+00
   outer loop
     vertex -6.491872e+00  7.606287e+00  1.800000e+01
     vertex -6.280757e+00  7.781522e+00  1.500000e+00
     vertex -6.491872e+00  7.606287e+00  1.500000e+00
   endloop
 endfacet
 facet normal -6.595607e-01  7.516513e-01  0.000000e+00
   outer loop
     vertex -6.491872e+00  7.606287e+00  1.800000e+01
     vertex -6.491872e+00  7.606287e+00  1.500000e+00
     vertex -6.698100e+00  7.425325e+00  1.500000e+00
   endloop
 endfacet
 facet normal -6.386916e-01  7.694628e-01  0.000000e+00
   outer loop
     vertex -6.491872e+00  7.606287e+00  1.800000e+01
     vertex -6.280757e+00  7.781522e+00  1.800000e+01
     vertex -6.280757e+00  7.781522e+00  1.500000e+00
   endloop
 endfacet
 facet normal -6.595607e-01  7.516513e-01  0.000000e+00
   outer loop
     vertex -6.698100e+00  7.425325e+00  1.800000e+01
     vertex -6.491872e+00  7.606287e+00  1.800000e+01
     vertex -6.698100e+00  7.425325e+00  1.500000e+00
   endloop
 endfacet
 facet normal -6.799333e-01  7.332740e-01  0.000000e+00
   outer loop
     vertex -6.899286e+00  7.238775e+00  1.800000e+01
     vertex -6.698100e+00  7.425325e+00  1.500000e+00
     vertex -6.899286e+00  7.238775e+00  1.500000e+00
   endloop
 endfacet
 facet normal -6.997940e-01  7.143447e-01  0.000000e+00
   outer loop
     vertex -6.899286e+00  7.238775e+00  1.800000e+01
     vertex -6.899286e+00  7.238775e+00  1.500000e+00
     vertex -7.095278e+00  7.046775e+00  1.500000e+00
   endloop
 endfacet
 facet normal -6.799333e-01  7.332740e-01  0.000000e+00
   outer loop
     vertex -6.899286e+00  7.238775e+00  1.800000e+01
     vertex -6.698100e+00  7.425325e+00  1.800000e+01
     vertex -6.698100e+00  7.425325e+00  1.500000e+00
   endloop
 endfacet
 facet normal -6.997940e-01  7.143447e-01  0.000000e+00
   outer loop
     vertex -7.095278e+00  7.046775e+00  1.800000e+01
     vertex -6.899286e+00  7.238775e+00  1.800000e+01
     vertex -7.095278e+00  7.046775e+00  1.500000e+00
   endloop
 endfacet
 facet normal -7.191280e-01  6.948776e-01  0.000000e+00
   outer loop
     vertex -7.285929e+00  6.849470e+00  1.800000e+01
     vertex -7.095278e+00  7.046775e+00  1.800000e+01
     vertex -7.095278e+00  7.046775e+00  1.500000e+00
   endloop
 endfacet
 facet normal -7.191280e-01  6.948776e-01  0.000000e+00
   outer loop
     vertex -7.285929e+00  6.849470e+00  1.800000e+01
     vertex -7.095278e+00  7.046775e+00  1.500000e+00
     vertex -7.285929e+00  6.849470e+00  1.500000e+00
   endloop
 endfacet
 facet normal -7.379206e-01  6.748875e-01  0.000000e+00
   outer loop
     vertex -7.471095e+00  6.647010e+00  1.800000e+01
     vertex -7.285929e+00  6.849470e+00  1.800000e+01
     vertex -7.285929e+00  6.849470e+00  1.500000e+00
   endloop
 endfacet
 facet normal -7.379206e-01  6.748875e-01  0.000000e+00
   outer loop
     vertex -7.471095e+00  6.647010e+00  1.800000e+01
     vertex -7.285929e+00  6.849470e+00  1.500000e+00
     vertex -7.471095e+00  6.647010e+00  1.500000e+00
   endloop
 endfacet
 facet normal -7.561578e-01  6.543893e-01  0.000000e+00
   outer loop
     vertex -7.471095e+00  6.647010e+00  1.800000e+01
     vertex -7.471095e+00  6.647010e+00  1.500000e+00
     vertex -7.650637e+00  6.439545e+00  1.500000e+00
   endloop
 endfacet
 facet normal -7.561578e-01  6.543893e-01  0.000000e+00
   outer loop
     vertex -7.650637e+00  6.439545e+00  1.800000e+01
     vertex -7.471095e+00  6.647010e+00  1.800000e+01
     vertex -7.650637e+00  6.439545e+00  1.500000e+00
   endloop
 endfacet
 facet normal -7.738257e-01  6.333986e-01  0.000000e+00
   outer loop
     vertex -7.650637e+00  6.439545e+00  1.800000e+01
     vertex -7.650637e+00  6.439545e+00  1.500000e+00
     vertex -7.824421e+00  6.227234e+00  1.500000e+00
   endloop
 endfacet
 facet normal -7.738257e-01  6.333986e-01  0.000000e+00
   outer loop
     vertex -7.824421e+00  6.227234e+00  1.800000e+01
     vertex -7.650637e+00  6.439545e+00  1.800000e+01
     vertex -7.824421e+00  6.227234e+00  1.500000e+00
   endloop
 endfacet
 facet normal -7.909112e-01  6.119310e-01  0.000000e+00
   outer loop
     vertex -7.992314e+00  6.010234e+00  1.800000e+01
     vertex -7.824421e+00  6.227234e+00  1.500000e+00
     vertex -7.992314e+00  6.010234e+00  1.500000e+00
   endloop
 endfacet
 facet normal -8.074012e-01  5.900028e-01  0.000000e+00
   outer loop
     vertex -7.992314e+00  6.010234e+00  1.800000e+01
     vertex -7.992314e+00  6.010234e+00  1.500000e+00
     vertex -8.154191e+00  5.788711e+00  1.500000e+00
   endloop
 endfacet
 facet normal -7.909112e-01  6.119310e-01  0.000000e+00
   outer loop
     vertex -7.992314e+00  6.010234e+00  1.800000e+01
     vertex -7.824421e+00  6.227234e+00  1.800000e+01
     vertex -7.824421e+00  6.227234e+00  1.500000e+00
   endloop
 endfacet
 facet normal -8.232835e-01  5.676304e-01  0.000000e+00
   outer loop
     vertex -8.154191e+00  5.788711e+00  1.800000e+01
     vertex -8.154191e+00  5.788711e+00  1.500000e+00
     vertex -8.309929e+00  5.562829e+00  1.500000e+00
   endloop
 endfacet
 facet normal -8.074012e-01  5.900028e-01  0.000000e+00
   outer loop
     vertex -8.154191e+00  5.788711e+00  1.800000e+01
     vertex -7.992314e+00  6.010234e+00  1.800000e+01
     vertex -8.154191e+00  5.788711e+00  1.500000e+00
   endloop
 endfacet
 facet normal -8.232835e-01  5.676304e-01  0.000000e+00
   outer loop
     vertex -8.309929e+00  5.562829e+00  1.800000e+01
     vertex -8.154191e+00  5.788711e+00  1.800000e+01
     vertex -8.309929e+00  5.562829e+00  1.500000e+00
   endloop
 endfacet
 facet normal -8.385460e-01  5.448308e-01  0.000000e+00
   outer loop
     vertex -8.459413e+00  5.332761e+00  1.800000e+01
     vertex -8.309929e+00  5.562829e+00  1.500000e+00
     vertex -8.459413e+00  5.332761e+00  1.500000e+00
   endloop
 endfacet
 facet normal -8.531773e-01  5.216210e-01  0.000000e+00
   outer loop
     vertex -8.459413e+00  5.332761e+00  1.800000e+01
     vertex -8.459413e+00  5.332761e+00  1.500000e+00
     vertex -8.602528e+00  5.098678e+00  1.500000e+00
   endloop
 endfacet
 facet normal -8.385460e-01  5.448308e-01  0.000000e+00
   outer loop
     vertex -8.459413e+00  5.332761e+00  1.800000e+01
     vertex -8.309929e+00  5.562829e+00  1.800000e+01
     vertex -8.309929e+00  5.562829e+00  1.500000e+00
   endloop
 endfacet
 facet normal -8.531773e-01  5.216210e-01  0.000000e+00
   outer loop
     vertex -8.602528e+00  5.098678e+00  1.800000e+01
     vertex -8.459413e+00  5.332761e+00  1.800000e+01
     vertex -8.602528e+00  5.098678e+00  1.500000e+00
   endloop
 endfacet
 facet normal -8.671664e-01  4.980186e-01  0.000000e+00
   outer loop
     vertex -8.739167e+00  4.860756e+00  1.800000e+01
     vertex -8.602528e+00  5.098678e+00  1.500000e+00
     vertex -8.739167e+00  4.860756e+00  1.500000e+00
   endloop
 endfacet
 facet normal -8.805026e-01  4.740412e-01  0.000000e+00
   outer loop
     vertex -8.739167e+00  4.860756e+00  1.800000e+01
     vertex -8.739167e+00  4.860756e+00  1.500000e+00
     vertex -8.869228e+00  4.619176e+00  1.500000e+00
   endloop
 endfacet
 facet normal -8.671664e-01  4.980186e-01  0.000000e+00
   outer loop
     vertex -8.739167e+00  4.860756e+00  1.800000e+01
     vertex -8.602528e+00  5.098678e+00  1.800000e+01
     vertex -8.602528e+00  5.098678e+00  1.500000e+00
   endloop
 endfacet
 facet normal -8.931761e-01  4.497071e-01  0.000000e+00
   outer loop
     vertex -8.869228e+00  4.619176e+00  1.800000e+01
     vertex -8.869228e+00  4.619176e+00  1.500000e+00
     vertex -8.992613e+00  4.374119e+00  1.500000e+00
   endloop
 endfacet
 facet normal -8.805026e-01  4.740412e-01  0.000000e+00
   outer loop
     vertex -8.869228e+00  4.619176e+00  1.800000e+01
     vertex -8.739167e+00  4.860756e+00  1.800000e+01
     vertex -8.869228e+00  4.619176e+00  1.500000e+00
   endloop
 endfacet
 facet normal -8.931761e-01  4.497071e-01  0.000000e+00
   outer loop
     vertex -8.992613e+00  4.374119e+00  1.800000e+01
     vertex -8.869228e+00  4.619176e+00  1.800000e+01
     vertex -8.992613e+00  4.374119e+00  1.500000e+00
   endloop
 endfacet
 facet normal -9.051772e-01  4.250344e-01  0.000000e+00
   outer loop
     vertex -9.109228e+00  4.125769e+00  1.800000e+01
     vertex -8.992613e+00  4.374119e+00  1.500000e+00
     vertex -9.109228e+00  4.125769e+00  1.500000e+00
   endloop
 endfacet
 facet normal -9.051772e-01  4.250344e-01  0.000000e+00
   outer loop
     vertex -9.109228e+00  4.125769e+00  1.800000e+01
     vertex -8.992613e+00  4.374119e+00  1.800000e+01
     vertex -8.992613e+00  4.374119e+00  1.500000e+00
   endloop
 endfacet
 facet normal -9.164969e-01  4.000417e-01  0.000000e+00
   outer loop
     vertex -9.218986e+00  3.874313e+00  1.800000e+01
     vertex -9.109228e+00  4.125769e+00  1.500000e+00
     vertex -9.218986e+00  3.874313e+00  1.500000e+00
   endloop
 endfacet
 facet normal -9.271267e-01  3.747479e-01  0.000000e+00
   outer loop
     vertex -9.218986e+00  3.874313e+00  1.800000e+01
     vertex -9.218986e+00  3.874313e+00  1.500000e+00
     vertex -9.321804e+00  3.619940e+00  1.500000e+00
   endloop
 endfacet
 facet normal -9.164969e-01  4.000417e-01  0.000000e+00
   outer loop
     vertex -9.218986e+00  3.874313e+00  1.800000e+01
     vertex -9.109228e+00  4.125769e+00  1.800000e+01
     vertex -9.109228e+00  4.125769e+00  1.500000e+00
   endloop
 endfacet
 facet normal -9.271267e-01  3.747479e-01  0.000000e+00
   outer loop
     vertex -9.321804e+00  3.619940e+00  1.800000e+01
     vertex -9.218986e+00  3.874313e+00  1.800000e+01
     vertex -9.321804e+00  3.619940e+00  1.500000e+00
   endloop
 endfacet
 facet normal -9.370586e-01  3.491720e-01  0.000000e+00
   outer loop
     vertex -9.417605e+00  3.362843e+00  1.800000e+01
     vertex -9.321804e+00  3.619940e+00  1.500000e+00
     vertex -9.417605e+00  3.362843e+00  1.500000e+00
   endloop
 endfacet
 facet normal -9.462851e-01  3.233333e-01  0.000000e+00
   outer loop
     vertex -9.417605e+00  3.362843e+00  1.800000e+01
     vertex -9.417605e+00  3.362843e+00  1.500000e+00
     vertex -9.506317e+00  3.103214e+00  1.500000e+00
   endloop
 endfacet
 facet normal -9.370586e-01  3.491720e-01  0.000000e+00
   outer loop
     vertex -9.417605e+00  3.362843e+00  1.800000e+01
     vertex -9.321804e+00  3.619940e+00  1.800000e+01
     vertex -9.321804e+00  3.619940e+00  1.500000e+00
   endloop
 endfacet
 facet normal -9.547993e-01  2.972512e-01  0.000000e+00
   outer loop
     vertex -9.506317e+00  3.103214e+00  1.800000e+01
     vertex -9.506317e+00  3.103214e+00  1.500000e+00
     vertex -9.587873e+00  2.841250e+00  1.500000e+00
   endloop
 endfacet
 facet normal -9.462851e-01  3.233333e-01  0.000000e+00
   outer loop
     vertex -9.506317e+00  3.103214e+00  1.800000e+01
     vertex -9.417605e+00  3.362843e+00  1.800000e+01
     vertex -9.506317e+00  3.103214e+00  1.500000e+00
   endloop
 endfacet
 facet normal -9.547993e-01  2.972512e-01  0.000000e+00
   outer loop
     vertex -9.587873e+00  2.841250e+00  1.800000e+01
     vertex -9.506317e+00  3.103214e+00  1.800000e+01
     vertex -9.587873e+00  2.841250e+00  1.500000e+00
   endloop
 endfacet
 facet normal -9.625948e-01  2.709453e-01  0.000000e+00
   outer loop
     vertex -9.662211e+00  2.577146e+00  1.800000e+01
     vertex -9.587873e+00  2.841250e+00  1.500000e+00
     vertex -9.662211e+00  2.577146e+00  1.500000e+00
   endloop
 endfacet
 facet normal -9.696656e-01  2.444354e-01  0.000000e+00
   outer loop
     vertex -9.662211e+00  2.577146e+00  1.800000e+01
     vertex -9.662211e+00  2.577146e+00  1.500000e+00
     vertex -9.729276e+00  2.311102e+00  1.500000e+00
   endloop
 endfacet
 facet normal -9.625948e-01  2.709453e-01  0.000000e+00
   outer loop
     vertex -9.662211e+00  2.577146e+00  1.800000e+01
     vertex -9.587873e+00  2.841250e+00  1.800000e+01
     vertex -9.587873e+00  2.841250e+00  1.500000e+00
   endloop
 endfacet
 facet normal -9.760065e-01  2.177416e-01  0.000000e+00
   outer loop
     vertex -9.729276e+00  2.311102e+00  1.800000e+01
     vertex -9.729276e+00  2.311102e+00  1.500000e+00
     vertex -9.789017e+00  2.043319e+00  1.500000e+00
   endloop
 endfacet
 facet normal -9.696656e-01  2.444354e-01  0.000000e+00
   outer loop
     vertex -9.729276e+00  2.311102e+00  1.800000e+01
     vertex -9.662211e+00  2.577146e+00  1.800000e+01
     vertex -9.729276e+00  2.311102e+00  1.500000e+00
   endloop
 endfacet
 facet normal -9.816126e-01  1.908838e-01  0.000000e+00
   outer loop
     vertex -9.789017e+00  2.043319e+00  1.800000e+01
     vertex -9.789017e+00  2.043319e+00  1.500000e+00
     vertex -9.841389e+00  1.773998e+00  1.500000e+00
   endloop
 endfacet
 facet normal -9.760065e-01  2.177416e-01  0.000000e+00
   outer loop
     vertex -9.789017e+00  2.043319e+00  1.800000e+01
     vertex -9.729276e+00  2.311102e+00  1.800000e+01
     vertex -9.789017e+00  2.043319e+00  1.500000e+00
   endloop
 endfacet
 facet normal -9.816126e-01  1.908838e-01  0.000000e+00
   outer loop
     vertex -9.841389e+00  1.773998e+00  1.800000e+01
     vertex -9.789017e+00  2.043319e+00  1.800000e+01
     vertex -9.841389e+00  1.773998e+00  1.500000e+00
   endloop
 endfacet
 facet normal -9.864799e-01  1.638824e-01  0.000000e+00
   outer loop
     vertex -9.886353e+00  1.503341e+00  1.800000e+01
     vertex -9.841389e+00  1.773998e+00  1.500000e+00
     vertex -9.886353e+00  1.503341e+00  1.500000e+00
   endloop
 endfacet
 facet normal -9.906046e-01  1.367575e-01  0.000000e+00
   outer loop
     vertex -9.886353e+00  1.503341e+00  1.800000e+01
     vertex -9.886353e+00  1.503341e+00  1.500000e+00
     vertex -9.923874e+00  1.231552e+00  1.500000e+00
   endloop
 endfacet
 facet normal -9.864799e-01  1.638824e-01  0.000000e+00
   outer loop
     vertex -9.886353e+00  1.503341e+00  1.800000e+01
     vertex -9.841389e+00  1.773998e+00  1.800000e+01
     vertex -9.841389e+00  1.773998e+00  1.500000e+00
   endloop
 endfacet
 facet normal -9.906046e-01  1.367575e-01  0.000000e+00
   outer loop
     vertex -9.923874e+00  1.231552e+00  1.800000e+01
     vertex -9.886353e+00  1.503341e+00  1.800000e+01
     vertex -9.923874e+00  1.231552e+00  1.500000e+00
   endloop
 endfacet
 facet normal -9.939835e-01  1.095298e-01  0.000000e+00
   outer loop
     vertex -9.953925e+00  9.588368e-01  1.800000e+01
     vertex -9.923874e+00  1.231552e+00  1.800000e+01
     vertex -9.923874e+00  1.231552e+00  1.500000e+00
   endloop
 endfacet
 facet normal -9.939835e-01  1.095298e-01  0.000000e+00
   outer loop
     vertex -9.953925e+00  9.588368e-01  1.800000e+01
     vertex -9.923874e+00  1.231552e+00  1.500000e+00
     vertex -9.953925e+00  9.588368e-01  1.500000e+00
   endloop
 endfacet
 facet normal -9.966142e-01  8.221955e-02  0.000000e+00
   outer loop
     vertex -9.953925e+00  9.588368e-01  1.800000e+01
     vertex -9.953925e+00  9.588368e-01  1.500000e+00
     vertex -9.976484e+00  6.853995e-01  1.500000e+00
   endloop
 endfacet
 facet normal -9.966142e-01  8.221955e-02  0.000000e+00
   outer loop
     vertex -9.976484e+00  6.853995e-01  1.800000e+01
     vertex -9.953925e+00  9.588368e-01  1.800000e+01
     vertex -9.976484e+00  6.853995e-01  1.500000e+00
   endloop
 endfacet
 facet normal -9.984947e-01  5.484744e-02  0.000000e+00
   outer loop
     vertex -9.976484e+00  6.853995e-01  1.800000e+01
     vertex -9.976484e+00  6.853995e-01  1.500000e+00
     vertex -9.991532e+00  4.114462e-01  1.500000e+00
   endloop
 endfacet
 facet normal -9.984947e-01  5.484744e-02  0.000000e+00
   outer loop
     vertex -9.991532e+00  4.114462e-01  1.800000e+01
     vertex -9.976484e+00  6.853995e-01  1.800000e+01
     vertex -9.991532e+00  4.114462e-01  1.500000e+00
   endloop
 endfacet
 facet normal -9.996236e-01  2.743405e-02  0.000000e+00
   outer loop
     vertex -9.999059e+00  1.371831e-01  1.800000e+01
     vertex -9.991532e+00  4.114462e-01  1.800000e+01
     vertex -9.991532e+00  4.114462e-01  1.500000e+00
   endloop
 endfacet
 facet normal -9.996236e-01  2.743405e-02  0.000000e+00
   outer loop
     vertex -9.999059e+00  1.371831e-01  1.800000e+01
     vertex -9.991532e+00  4.114462e-01  1.500000e+00
     vertex -9.999059e+00  1.371831e-01  1.500000e+00
   endloop
 endfacet
 facet normal -1.000000e+00  0.000000e+00 -0.000000e+00
   outer loop
     vertex -9.999059e+00  1.371831e-01  1.800000e+01
     vertex -9.999059e+00  1.371831e-01  1.500000e+00
     vertex -9.999059e+00 -1.371831e-01  1.500000e+00
   endloop
 endfacet
 facet normal -1.000000e+00  0.000000e+00  0.000000e+00
   outer loop
     vertex -9.999059e+00 -1.371831e-01  1.800000e+01
     vertex -9.999059e+00  1.371831e-01  1.800000e+01
     vertex -9.999059e+00 -1.371831e-01  1.500000e+00
   endloop
 endfacet
 facet normal -9.996236e-01 -2.743405e-02 -0.000000e+00
   outer loop
     vertex -9.999059e+00 -1.371831e-01  1.800000e+01
     vertex -9.999059e+00 -1.371831e-01  1.500000e+00
     vertex -9.991532e+00 -4.114462e-01  1.500000e+00
   endloop
 endfacet
 facet normal -9.996236e-01 -2.743405e-02 -0.000000e+00
   outer loop
     vertex -9.991532e+00 -4.114462e-01  1.800000e+01
     vertex -9.999059e+00 -1.371831e-01  1.800000e+01
     vertex -9.991532e+00 -4.114462e-01  1.500000e+00
   endloop
 endfacet
 facet normal -9.984947e-01 -5.484744e-02  0.000000e+00
   outer loop
     vertex -9.976484e+00 -6.853995e-01  1.800000e+01
     vertex -9.991532e+00 -4.114462e-01  1.800000e+01
     vertex -9.991532e+00 -4.114462e-01  1.500000e+00
   endloop
 endfacet
 facet normal -9.984947e-01 -5.484744e-02 -0.000000e+00
   outer loop
     vertex -9.976484e+00 -6.853995e-01  1.800000e+01
     vertex -9.991532e+00 -4.114462e-01  1.500000e+00
     vertex -9.976484e+00 -6.853995e-01  1.500000e+00
   endloop
 endfacet
 facet normal -9.966142e-01 -8.221955e-02 -0.000000e+00
   outer loop
     vertex -9.976484e+00 -6.853995e-01  1.800000e+01
     vertex -9.976484e+00 -6.853995e-01  1.500000e+00
     vertex -9.953925e+00 -9.588368e-01  1.500000e+00
   endloop
 endfacet
 facet normal -9.966142e-01 -8.221955e-02 -0.000000e+00
   outer loop
     vertex -9.953925e+00 -9.588368e-01  1.800000e+01
     vertex -9.976484e+00 -6.853995e-01  1.800000e+01
     vertex -9.953925e+00 -9.588368e-01  1.500000e+00
   endloop
 endfacet
 facet normal -9.939835e-01 -1.095298e-01  0.000000e+00
   outer loop
     vertex -9.923874e+00 -1.231552e+00  1.800000e+01
     vertex -9.953925e+00 -9.588368e-01  1.800000e+01
     vertex -9.953925e+00 -9.588368e-01  1.500000e+00
   endloop
 endfacet
 facet normal -9.939835e-01 -1.095298e-01 -0.000000e+00
   outer loop
     vertex -9.923874e+00 -1.231552e+00  1.800000e+01
     vertex -9.953925e+00 -9.588368e-01  1.500000e+00
     vertex -9.923874e+00 -1.231552e+00  1.500000e+00
   endloop
 endfacet
 facet normal -9.906046e-01 -1.367575e-01 -0.000000e+00
   outer loop
     vertex -9.923874e+00 -1.231552e+00  1.800000e+01
     vertex -9.923874e+00 -1.231552e+00  1.500000e+00
     vertex -9.886353e+00 -1.503341e+00  1.500000e+00
   endloop
 endfacet
 facet normal -9.906046e-01 -1.367575e-01 -0.000000e+00
   outer loop
     vertex -9.886353e+00 -1.503341e+00  1.800000e+01
     vertex -9.923874e+00 -1.231552e+00  1.800000e+01
     vertex -9.886353e+00 -1.503341e+00  1.500000e+00
   endloop
 endfacet
 facet normal -9.864799e-01 -1.638824e-01 -0.000000e+00
   outer loop
     vertex -9.886353e+00 -1.503341e+00  1.800000e+01
     vertex -9.886353e+00 -1.503341e+00  1.500000e+00
     vertex -9.841389e+00 -1.773998e+00  1.500000e+00
   endloop
 endfacet
 facet normal -9.864799e-01 -1.638824e-01 -0.000000e+00
   outer loop
     vertex -9.841389e+00 -1.773998e+00  1.800000e+01
     vertex -9.886353e+00 -1.503341e+00  1.800000e+01
     vertex -9.841389e+00 -1.773998e+00  1.500000e+00
   endloop
 endfacet
 facet normal -9.816126e-01 -1.908838e-01  0.000000e+00
   outer loop
     vertex -9.789017e+00 -2.043319e+00  1.800000e+01
     vertex -9.841389e+00 -1.773998e+00  1.800000e+01
     vertex -9.841389e+00 -1.773998e+00  1.500000e+00
   endloop
 endfacet
 facet normal -9.816126e-01 -1.908838e-01 -0.000000e+00
   outer loop
     vertex -9.789017e+00 -2.043319e+00  1.800000e+01
     vertex -9.841389e+00 -1.773998e+00  1.500000e+00
     vertex -9.789017e+00 -2.043319e+00  1.500000e+00
   endloop
 endfacet
 facet normal -9.760065e-01 -2.177416e-01 -0.000000e+00
   outer loop
     vertex -9.789017e+00 -2.043319e+00  1.800000e+01
     vertex -9.789017e+00 -2.043319e+00  1.500000e+00
     vertex -9.729276e+00 -2.311102e+00  1.500000e+00
   endloop
 endfacet
 facet normal -9.760065e-01 -2.177416e-01 -0.000000e+00
   outer loop
     vertex -9.729276e+00 -2.311102e+00  1.800000e+01
     vertex -9.789017e+00 -2.043319e+00  1.800000e+01
     vertex -9.729276e+00 -2.311102e+00  1.500000e+00
   endloop
 endfacet
 facet normal -9.696656e-01 -2.444354e-01 -0.000000e+00
   outer loop
     vertex -9.662211e+00 -2.577146e+00  1.800000e+01
     vertex -9.729276e+00 -2.311102e+00  1.500000e+00
     vertex -9.662211e+00 -2.577146e+00  1.500000e+00
   endloop
 endfacet
 facet normal -9.696656e-01 -2.444354e-01  0.000000e+00
   outer loop
     vertex -9.662211e+00 -2.577146e+00  1.800000e+01
     vertex -9.729276e+00 -2.311102e+00  1.800000e+01
     vertex -9.729276e+00 -2.311102e+00  1.500000e+00
   endloop
 endfacet
 facet normal -9.625948e-01 -2.709453e-01 -0.000000e+00
   outer loop
     vertex -9.587873e+00 -2.841250e+00  1.800000e+01
     vertex -9.662211e+00 -2.577146e+00  1.500000e+00
     vertex -9.587873e+00 -2.841250e+00  1.500000e+00
   endloop
 endfacet
 facet normal -9.547993e-01 -2.972512e-01 -0.000000e+00
   outer loop
     vertex -9.587873e+00 -2.841250e+00  1.800000e+01
     vertex -9.587873e+00 -2.841250e+00  1.500000e+00
     vertex -9.506317e+00 -3.103214e+00  1.500000e+00
   endloop
 endfacet
 facet normal -9.625948e-01 -2.709453e-01  0.000000e+00
   outer loop
     vertex -9.587873e+00 -2.841250e+00  1.800000e+01
     vertex -9.662211e+00 -2.577146e+00  1.800000e+01
     vertex -9.662211e+00 -2.577146e+00  1.500000e+00
   endloop
 endfacet
 facet normal -9.462851e-01 -3.233333e-01 -0.000000e+00
   outer loop
     vertex -9.506317e+00 -3.103214e+00  1.800000e+01
     vertex -9.506317e+00 -3.103214e+00  1.500000e+00
     vertex -9.417605e+00 -3.362843e+00  1.500000e+00
   endloop
 endfacet
 facet normal -9.547993e-01 -2.972512e-01 -0.000000e+00
   outer loop
     vertex -9.506317e+00 -3.103214e+00  1.800000e+01
     vertex -9.587873e+00 -2.841250e+00  1.800000e+01
     vertex -9.506317e+00 -3.103214e+00  1.500000e+00
   endloop
 endfacet
 facet normal -9.462851e-01 -3.233333e-01 -0.000000e+00
   outer loop
     vertex -9.417605e+00 -3.362843e+00  1.800000e+01
     vertex -9.506317e+00 -3.103214e+00  1.800000e+01
     vertex -9.417605e+00 -3.362843e+00  1.500000e+00
   endloop
 endfacet
 facet normal -9.370586e-01 -3.491720e-01 -0.000000e+00
   outer loop
     vertex -9.321804e+00 -3.619940e+00  1.800000e+01
     vertex -9.417605e+00 -3.362843e+00  1.500000e+00
     vertex -9.321804e+00 -3.619940e+00  1.500000e+00
   endloop
 endfacet
 facet normal -9.370586e-01 -3.491720e-01  0.000000e+00
   outer loop
     vertex -9.321804e+00 -3.619940e+00  1.800000e+01
     vertex -9.417605e+00 -3.362843e+00  1.800000e+01
     vertex -9.417605e+00 -3.362843e+00  1.500000e+00
   endloop
 endfacet
 facet normal -9.271267e-01 -3.747479e-01 -0.000000e+00
   outer loop
     vertex -9.218986e+00 -3.874313e+00  1.800000e+01
     vertex -9.321804e+00 -3.619940e+00  1.500000e+00
     vertex -9.218986e+00 -3.874313e+00  1.500000e+00
   endloop
 endfacet
 facet normal -9.164969e-01 -4.000417e-01 -0.000000e+00
   outer loop
     vertex -9.218986e+00 -3.874313e+00  1.800000e+01
     vertex -9.218986e+00 -3.874313e+00  1.500000e+00
     vertex -9.109228e+00 -4.125769e+00  1.500000e+00
   endloop
 endfacet
 facet normal -9.271267e-01 -3.747479e-01  0.000000e+00
   outer loop
     vertex -9.218986e+00 -3.874313e+00  1.800000e+01
     vertex -9.321804e+00 -3.619940e+00  1.800000e+01
     vertex -9.321804e+00 -3.619940e+00  1.500000e+00
   endloop
 endfacet
 facet normal -9.051772e-01 -4.250344e-01 -0.000000e+00
   outer loop
     vertex -9.109228e+00 -4.125769e+00  1.800000e+01
     vertex -9.109228e+00 -4.125769e+00  1.500000e+00
     vertex -8.992613e+00 -4.374119e+00  1.500000e+00
   endloop
 endfacet
 facet normal -9.164969e-01 -4.000417e-01 -0.000000e+00
   outer loop
     vertex -9.109228e+00 -4.125769e+00  1.800000e+01
     vertex -9.218986e+00 -3.874313e+00  1.800000e+01
     vertex -9.109228e+00 -4.125769e+00  1.500000e+00
   endloop
 endfacet
 facet normal -9.051772e-01 -4.250344e-01 -0.000000e+00
   outer loop
     vertex -8.992613e+00 -4.374119e+00  1.800000e+01
     vertex -9.109228e+00 -4.125769e+00  1.800000e+01
     vertex -8.992613e+00 -4.374119e+00  1.500000e+00
   endloop
 endfacet
 facet normal -8.931761e-01 -4.497071e-01 -0.000000e+00
   outer loop
     vertex -8.869228e+00 -4.619176e+00  1.800000e+01
     vertex -8.992613e+00 -4.374119e+00  1.500000e+00
     vertex -8.869228e+00 -4.619176e+00  1.500000e+00
   endloop
 endfacet
 facet normal -8.805026e-01 -4.740412e-01 -0.000000e+00
   outer loop
     vertex -8.869228e+00 -4.619176e+00  1.800000e+01
     vertex -8.869228e+00 -4.619176e+00  1.500000e+00
     vertex -8.739167e+00 -4.860756e+00  1.500000e+00
   endloop
 endfacet
 facet normal -8.931761e-01 -4.497071e-01  0.000000e+00
   outer loop
     vertex -8.869228e+00 -4.619176e+00  1.800000e+01
     vertex -8.992613e+00 -4.374119e+00  1.800000e+01
     vertex -8.992613e+00 -4.374119e+00  1.500000e+00
   endloop
 endfacet
 facet normal -8.671664e-01 -4.980186e-01 -0.000000e+00
   outer loop
     vertex -8.739167e+00 -4.860756e+00  1.800000e+01
     vertex -8.739167e+00 -4.860756e+00  1.500000e+00
     vertex -8.602528e+00 -5.098678e+00  1.500000e+00
   endloop
 endfacet
 facet normal -8.805026e-01 -4.740412e-01 -0.000000e+00
   outer loop
     vertex -8.739167e+00 -4.860756e+00  1.800000e+01
     vertex -8.869228e+00 -4.619176e+00  1.800000e+01
     vertex -8.739167e+00 -4.860756e+00  1.500000e+00
   endloop
 endfacet
 facet normal -8.671664e-01 -4.980186e-01 -0.000000e+00
   outer loop
     vertex -8.602528e+00 -5.098678e+00  1.800000e+01
     vertex -8.739167e+00 -4.860756e+00  1.800000e+01
     vertex -8.602528e+00 -5.098678e+00  1.500000e+00
   endloop
 endfacet
 facet normal -8.531773e-01 -5.216210e-01 -0.000000e+00
   outer loop
     vertex -8.459413e+00 -5.332761e+00  1.800000e+01
     vertex -8.602528e+00 -5.098678e+00  1.500000e+00
     vertex -8.459413e+00 -5.332761e+00  1.500000e+00
   endloop
 endfacet
 facet normal -8.385460e-01 -5.448308e-01 -0.000000e+00
   outer loop
     vertex -8.459413e+00 -5.332761e+00  1.800000e+01
     vertex -8.459413e+00 -5.332761e+00  1.500000e+00
     vertex -8.309929e+00 -5.562829e+00  1.500000e+00
   endloop
 endfacet
 facet normal -8.531773e-01 -5.216210e-01  0.000000e+00
   outer loop
     vertex -8.459413e+00 -5.332761e+00  1.800000e+01
     vertex -8.602528e+00 -5.098678e+00  1.800000e+01
     vertex -8.602528e+00 -5.098678e+00  1.500000e+00
   endloop
 endfacet
 facet normal -8.232835e-01 -5.676304e-01 -0.000000e+00
   outer loop
     vertex -8.309929e+00 -5.562829e+00  1.800000e+01
     vertex -8.309929e+00 -5.562829e+00  1.500000e+00
     vertex -8.154191e+00 -5.788711e+00  1.500000e+00
   endloop
 endfacet
 facet normal -8.385460e-01 -5.448308e-01 -0.000000e+00
   outer loop
     vertex -8.309929e+00 -5.562829e+00  1.800000e+01
     vertex -8.459413e+00 -5.332761e+00  1.800000e+01
     vertex -8.309929e+00 -5.562829e+00  1.500000e+00
   endloop
 endfacet
 facet normal -8.232835e-01 -5.676304e-01 -0.000000e+00
   outer loop
     vertex -8.154191e+00 -5.788711e+00  1.800000e+01
     vertex -8.309929e+00 -5.562829e+00  1.800000e+01
     vertex -8.154191e+00 -5.788711e+00  1.500000e+00
   endloop
 endfacet
 facet normal -8.074012e-01 -5.900028e-01 -0.000000e+00
   outer loop
     vertex -8.154191e+00 -5.788711e+00  1.800000e+01
     vertex -8.154191e+00 -5.788711e+00  1.500000e+00
     vertex -7.992314e+00 -6.010234e+00  1.500000e+00
   endloop
 endfacet
 facet normal -8.074012e-01 -5.900028e-01 -0.000000e+00
   outer loop
     vertex -7.992314e+00 -6.010234e+00  1.800000e+01
     vertex -8.154191e+00 -5.788711e+00  1.800000e+01
     vertex -7.992314e+00 -6.010234e+00  1.500000e+00
   endloop
 endfacet
 facet normal -7.909112e-01 -6.119310e-01  0.000000e+00
   outer loop
     vertex -7.824421e+00 -6.227234e+00  1.800000e+01
     vertex -7.992314e+00 -6.010234e+00  1.800000e+01
     vertex -7.992314e+00 -6.010234e+00  1.500000e+00
   endloop
 endfacet
 facet normal -7.909112e-01 -6.119310e-01 -0.000000e+00
   outer loop
     vertex -7.824421e+00 -6.227234e+00  1.800000e+01
     vertex -7.992314e+00 -6.010234e+00  1.500000e+00
     vertex -7.824421e+00 -6.227234e+00  1.500000e+00
   endloop
 endfacet
 facet normal -7.738257e-01 -6.333986e-01 -0.000000e+00
   outer loop
     vertex -7.824421e+00 -6.227234e+00  1.800000e+01
     vertex -7.824421e+00 -6.227234e+00  1.500000e+00
     vertex -7.650637e+00 -6.439545e+00  1.500000e+00
   endloop
 endfacet
 facet normal -7.738257e-01 -6.333986e-01 -0.000000e+00
   outer loop
     vertex -7.650637e+00 -6.439545e+00  1.800000e+01
     vertex -7.824421e+00 -6.227234e+00  1.800000e+01
     vertex -7.650637e+00 -6.439545e+00  1.500000e+00
   endloop
 endfacet
 facet normal -7.561578e-01 -6.543893e-01  0.000000e+00
   outer loop
     vertex -7.471095e+00 -6.647010e+00  1.800000e+01
     vertex -7.650637e+00 -6.439545e+00  1.800000e+01
     vertex -7.650637e+00 -6.439545e+00  1.500000e+00
   endloop
 endfacet
 facet normal -7.561578e-01 -6.543893e-01 -0.000000e+00
   outer loop
     vertex -7.471095e+00 -6.647010e+00  1.800000e+01
     vertex -7.650637e+00 -6.439545e+00  1.500000e+00
     vertex -7.471095e+00 -6.647010e+00  1.500000e+00
   endloop
 endfacet
 facet normal -7.379206e-01 -6.748875e-01 -0.000000e+00
   outer loop
     vertex -7.471095e+00 -6.647010e+00  1.800000e+01
     vertex -7.471095e+00 -6.647010e+00  1.500000e+00
     vertex -7.285929e+00 -6.849470e+00  1.500000e+00
   endloop
 endfacet
 facet normal -7.379206e-01 -6.748875e-01 -0.000000e+00
   outer loop
     vertex -7.285929e+00 -6.849470e+00  1.800000e+01
     vertex -7.471095e+00 -6.647010e+00  1.800000e+01
     vertex -7.285929e+00 -6.849470e+00  1.500000e+00
   endloop
 endfacet
 facet normal -7.191280e-01 -6.948776e-01 -0.000000e+00
   outer loop
     vertex -7.285929e+00 -6.849470e+00  1.800000e+01
     vertex -7.285929e+00 -6.849470e+00  1.500000e+00
     vertex -7.095278e+00 -7.046775e+00  1.500000e+00
   endloop
 endfacet
 facet normal -7.191280e-01 -6.948776e-01 -0.000000e+00
   outer loop
     vertex -7.095278e+00 -7.046775e+00  1.800000e+01
     vertex -7.285929e+00 -6.849470e+00  1.800000e+01
     vertex -7.095278e+00 -7.046775e+00  1.500000e+00
   endloop
 endfacet
 facet normal -6.997940e-01 -7.143447e-01 -0.000000e+00
   outer loop
     vertex -7.095278e+00 -7.046775e+00  1.800000e+01
     vertex -7.095278e+00 -7.046775e+00  1.500000e+00
     vertex -6.899286e+00 -7.238775e+00  1.500000e+00
   endloop
 endfacet
 facet normal -6.997940e-01 -7.143447e-01 -0.000000e+00
   outer loop
     vertex -6.899286e+00 -7.238775e+00  1.800000e+01
     vertex -7.095278e+00 -7.046775e+00  1.800000e+01
     vertex -6.899286e+00 -7.238775e+00  1.500000e+00
   endloop
 endfacet
 facet normal -6.799333e-01 -7.332740e-01  0.000000e+00
   outer loop
     vertex -6.698100e+00 -7.425325e+00  1.800000e+01
     vertex -6.899286e+00 -7.238775e+00  1.800000e+01
     vertex -6.899286e+00 -7.238775e+00  1.500000e+00
   endloop
 endfacet
 facet normal -6.799333e-01 -7.332740e-01 -0.000000e+00
   outer loop
     vertex -6.698100e+00 -7.425325e+00  1.800000e+01
     vertex -6.899286e+00 -7.238775e+00  1.500000e+00
     vertex -6.698100e+00 -7.425325e+00  1.500000e+00
   endloop
 endfacet
 facet normal -6.595607e-01 -7.516513e-01 -0.000000e+00
   outer loop
     vertex -6.698100e+00 -7.425325e+00  1.800000e+01
     vertex -6.698100e+00 -7.425325e+00  1.500000e+00
     vertex -6.491872e+00 -7.606287e+00  1.500000e+00
   endloop
 endfacet
 facet normal -6.595607e-01 -7.516513e-01 -0.000000e+00
   outer loop
     vertex -6.491872e+00 -7.606287e+00  1.800000e+01
     vertex -6.698100e+00 -7.425325e+00  1.800000e+01
     vertex -6.491872e+00 -7.606287e+00  1.500000e+00
   endloop
 endfacet
 facet normal -6.386916e-01 -7.694628e-01  0.000000e+00
   outer loop
     vertex -6.280757e+00 -7.781522e+00  1.800000e+01
     vertex -6.491872e+00 -7.606287e+00  1.800000e+01
     vertex -6.491872e+00 -7.606287e+00  1.500000e+00
   endloop
 endfacet
 facet normal -6.386916e-01 -7.694628e-01 -0.000000e+00
   outer loop
     vertex -6.280757e+00 -7.781522e+00  1.800000e+01
     vertex -6.491872e+00 -7.606287e+00  1.500000e+00
     vertex -6.280757e+00 -7.781522e+00  1.500000e+00
   endloop
 endfacet
 facet normal -6.173417e-01 -7.866951e-01 -0.000000e+00
   outer loop
     vertex -6.280757e+00 -7.781522e+00  1.800000e+01
     vertex -6.280757e+00 -7.781522e+00  1.500000e+00
     vertex -6.064915e+00 -7.950900e+00  1.500000e+00
   endloop
 endfacet
 facet normal -6.173417e-01 -7.866951e-01 -0.000000e+00
   outer loop
     vertex -6.064915e+00 -7.950900e+00  1.800000e+01
     vertex -6.280757e+00 -7.781522e+00  1.800000e+01
     vertex -6.064915e+00 -7.950900e+00  1.500000e+00
   endloop
 endfacet
 facet normal -5.955271e-01 -8.033352e-01 -0.000000e+00
   outer loop
     vertex -6.064915e+00 -7.950900e+00  1.800000e+01
     vertex -6.064915e+00 -7.950900e+00  1.500000e+00
     vertex -5.844507e+00 -8.114292e+00  1.500000e+00
   endloop
 endfacet
 facet normal -5.955271e-01 -8.033352e-01 -0.000000e+00
   outer loop
     vertex -5.844507e+00 -8.114292e+00  1.800000e+01
     vertex -6.064915e+00 -7.950900e+00  1.800000e+01
     vertex -5.844507e+00 -8.114292e+00  1.500000e+00
   endloop
 endfacet
 facet normal -5.732642e-01 -8.193706e-01 -0.000000e+00
   outer loop
     vertex -5.844507e+00 -8.114292e+00  1.800000e+01
     vertex -5.844507e+00 -8.114292e+00  1.500000e+00
     vertex -5.619699e+00 -8.271577e+00  1.500000e+00
   endloop
 endfacet
 facet normal -5.732642e-01 -8.193706e-01 -0.000000e+00
   outer loop
     vertex -5.619699e+00 -8.271577e+00  1.800000e+01
     vertex -5.844507e+00 -8.114292e+00  1.800000e+01
     vertex -5.619699e+00 -8.271577e+00  1.500000e+00
   endloop
 endfacet
 facet normal -5.505698e-01 -8.347891e-01 -0.000000e+00
   outer loop
     vertex -5.619699e+00 -8.271577e+00  1.800000e+01
     vertex -5.619699e+00 -8.271577e+00  1.500000e+00
     vertex -5.390661e+00 -8.422635e+00  1.500000e+00
   endloop
 endfacet
 facet normal -5.505698e-01 -8.347891e-01 -0.000000e+00
   outer loop
     vertex -5.390661e+00 -8.422635e+00  1.800000e+01
     vertex -5.619699e+00 -8.271577e+00  1.800000e+01
     vertex -5.390661e+00 -8.422635e+00  1.500000e+00
   endloop
 endfacet
 facet normal -5.274609e-01 -8.495793e-01  0.000000e+00
   outer loop
     vertex -5.157565e+00 -8.567352e+00  1.800000e+01
     vertex -5.390661e+00 -8.422635e+00  1.800000e+01
     vertex -5.390661e+00 -8.422635e+00  1.500000e+00
   endloop
 endfacet
 facet normal -5.274609e-01 -8.495793e-01 -0.000000e+00
   outer loop
     vertex -5.157565e+00 -8.567352e+00  1.800000e+01
     vertex -5.390661e+00 -8.422635e+00  1.500000e+00
     vertex -5.157565e+00 -8.567352e+00  1.500000e+00
   endloop
 endfacet
 facet normal -5.039550e-01 -8.637299e-01  0.000000e+00
   outer loop
     vertex -4.920587e+00 -8.705620e+00  1.800000e+01
     vertex -5.157565e+00 -8.567352e+00  1.800000e+01
     vertex -5.157565e+00 -8.567352e+00  1.500000e+00
   endloop
 endfacet
 facet normal -5.039550e-01 -8.637299e-01 -0.000000e+00
   outer loop
     vertex -4.920587e+00 -8.705620e+00  1.800000e+01
     vertex -5.157565e+00 -8.567352e+00  1.500000e+00
     vertex -4.920587e+00 -8.705620e+00  1.500000e+00
   endloop
 endfacet
 facet normal -4.800697e-01 -8.772303e-01 -0.000000e+00
   outer loop
     vertex -4.920587e+00 -8.705620e+00  1.800000e+01
     vertex -4.920587e+00 -8.705620e+00  1.500000e+00
     vertex -4.679904e+00 -8.837335e+00  1.500000e+00
   endloop
 endfacet
 facet normal -4.800697e-01 -8.772303e-01 -0.000000e+00
   outer loop
     vertex -4.679904e+00 -8.837335e+00  1.800000e+01
     vertex -4.920587e+00 -8.705620e+00  1.800000e+01
     vertex -4.679904e+00 -8.837335e+00  1.500000e+00
   endloop
 endfacet
 facet normal -4.558231e-01 -8.900704e-01  0.000000e+00
   outer loop
     vertex -4.435699e+00 -8.962398e+00  1.800000e+01
     vertex -4.679904e+00 -8.837335e+00  1.800000e+01
     vertex -4.679904e+00 -8.837335e+00  1.500000e+00
   endloop
 endfacet
 facet normal -4.558231e-01 -8.900704e-01 -0.000000e+00
   outer loop
     vertex -4.435699e+00 -8.962398e+00  1.800000e+01
     vertex -4.679904e+00 -8.837335e+00  1.500000e+00
     vertex -4.435699e+00 -8.962398e+00  1.500000e+00
   endloop
 endfacet
 facet normal -4.312333e-01 -9.022405e-01 -0.000000e+00
   outer loop
     vertex -4.435699e+00 -8.962398e+00  1.800000e+01
     vertex -4.435699e+00 -8.962398e+00  1.500000e+00
     vertex -4.188155e+00 -9.080714e+00  1.500000e+00
   endloop
 endfacet
 facet normal -4.312333e-01 -9.022405e-01 -0.000000e+00
   outer loop
     vertex -4.188155e+00 -9.080714e+00  1.800000e+01
     vertex -4.435699e+00 -8.962398e+00  1.800000e+01
     vertex -4.188155e+00 -9.080714e+00  1.500000e+00
   endloop
 endfacet
 facet normal -4.063188e-01 -9.137314e-01 -0.000000e+00
   outer loop
     vertex -4.188155e+00 -9.080714e+00  1.800000e+01
     vertex -4.188155e+00 -9.080714e+00  1.500000e+00
     vertex -3.937458e+00 -9.192194e+00  1.500000e+00
   endloop
 endfacet
 facet normal -4.063188e-01 -9.137314e-01 -0.000000e+00
   outer loop
     vertex -3.937458e+00 -9.192194e+00  1.800000e+01
     vertex -4.188155e+00 -9.080714e+00  1.800000e+01
     vertex -3.937458e+00 -9.192194e+00  1.500000e+00
   endloop
 endfacet
 facet normal -3.810986e-01 -9.245344e-01  0.000000e+00
   outer loop
     vertex -3.683796e+00 -9.296754e+00  1.800000e+01
     vertex -3.937458e+00 -9.192194e+00  1.800000e+01
     vertex -3.937458e+00 -9.192194e+00  1.500000e+00
   endloop
 endfacet
 facet normal -3.810986e-01 -9.245344e-01 -0.000000e+00
   outer loop
     vertex -3.683796e+00 -9.296754e+00  1.800000e+01
     vertex -3.937458e+00 -9.192194e+00  1.500000e+00
     vertex -3.683796e+00 -9.296754e+00  1.500000e+00
   endloop
 endfacet
 facet normal -3.555914e-01 -9.346415e-01 -0.000000e+00
   outer loop
     vertex -3.683796e+00 -9.296754e+00  1.800000e+01
     vertex -3.683796e+00 -9.296754e+00  1.500000e+00
     vertex -3.427362e+00 -9.394317e+00  1.500000e+00
   endloop
 endfacet
 facet normal -3.298166e-01 -9.440450e-01 -0.000000e+00
   outer loop
     vertex -3.427362e+00 -9.394317e+00  1.800000e+01
     vertex -3.427362e+00 -9.394317e+00  1.500000e+00
     vertex -3.168348e+00 -9.484807e+00  1.500000e+00
   endloop
 endfacet
 facet normal -3.555914e-01 -9.346415e-01 -0.000000e+00
   outer loop
     vertex -3.427362e+00 -9.394317e+00  1.800000e+01
     vertex -3.683796e+00 -9.296754e+00  1.800000e+01
     vertex -3.427362e+00 -9.394317e+00  1.500000e+00
   endloop
 endfacet
 facet normal -3.298166e-01 -9.440450e-01 -0.000000e+00
   outer loop
     vertex -3.168348e+00 -9.484807e+00  1.800000e+01
     vertex -3.427362e+00 -9.394317e+00  1.800000e+01
     vertex -3.168348e+00 -9.484807e+00  1.500000e+00
   endloop
 endfacet
 facet normal -3.037934e-01 -9.527379e-01 -0.000000e+00
   outer loop
     vertex -2.906949e+00 -9.568158e+00  1.800000e+01
     vertex -3.168348e+00 -9.484807e+00  1.500000e+00
     vertex -2.906949e+00 -9.568158e+00  1.500000e+00
   endloop
 endfacet
 facet normal -2.775416e-01 -9.607136e-01 -0.000000e+00
   outer loop
     vertex -2.906949e+00 -9.568158e+00  1.800000e+01
     vertex -2.906949e+00 -9.568158e+00  1.500000e+00
     vertex -2.643362e+00 -9.644306e+00  1.500000e+00
   endloop
 endfacet
 facet normal -3.037934e-01 -9.527379e-01  0.000000e+00
   outer loop
     vertex -2.906949e+00 -9.568158e+00  1.800000e+01
     vertex -3.168348e+00 -9.484807e+00  1.800000e+01
     vertex -3.168348e+00 -9.484807e+00  1.500000e+00
   endloop
 endfacet
 facet normal -2.775416e-01 -9.607136e-01 -0.000000e+00
   outer loop
     vertex -2.643362e+00 -9.644306e+00  1.800000e+01
     vertex -2.906949e+00 -9.568158e+00  1.800000e+01
     vertex -2.643362e+00 -9.644306e+00  1.500000e+00
   endloop
 endfacet
 facet normal -2.510809e-01 -9.679661e-01 -0.000000e+00
   outer loop
     vertex -2.643362e+00 -9.644306e+00  1.800000e+01
     vertex -2.643362e+00 -9.644306e+00  1.500000e+00
     vertex -2.377784e+00 -9.713194e+00  1.500000e+00
   endloop
 endfacet
 facet normal -2.510809e-01 -9.679661e-01 -0.000000e+00
   outer loop
     vertex -2.377784e+00 -9.713194e+00  1.800000e+01
     vertex -2.643362e+00 -9.644306e+00  1.800000e+01
     vertex -2.377784e+00 -9.713194e+00  1.500000e+00
   endloop
 endfacet
 facet normal -2.244312e-01 -9.744899e-01  0.000000e+00
   outer loop
     vertex -2.110417e+00 -9.774771e+00  1.800000e+01
     vertex -2.377784e+00 -9.713194e+00  1.800000e+01
     vertex -2.377784e+00 -9.713194e+00  1.500000e+00
   endloop
 endfacet
 facet normal -2.244312e-01 -9.744899e-01 -0.000000e+00
   outer loop
     vertex -2.110417e+00 -9.774771e+00  1.800000e+01
     vertex -2.377784e+00 -9.713194e+00  1.500000e+00
     vertex -2.110417e+00 -9.774771e+00  1.500000e+00
   endloop
 endfacet
 facet normal -1.976125e-01 -9.802802e-01 -0.000000e+00
   outer loop
     vertex -2.110417e+00 -9.774771e+00  1.800000e+01
     vertex -2.110417e+00 -9.774771e+00  1.500000e+00
     vertex -1.841461e+00 -9.828989e+00  1.500000e+00
   endloop
 endfacet
 facet normal -1.976125e-01 -9.802802e-01 -0.000000e+00
   outer loop
     vertex -1.841461e+00 -9.828989e+00  1.800000e+01
     vertex -2.110417e+00 -9.774771e+00  1.800000e+01
     vertex -1.841461e+00 -9.828989e+00  1.500000e+00
   endloop
 endfacet
 facet normal -1.706451e-01 -9.853326e-01  0.000000e+00
   outer loop
     vertex -1.571119e+00 -9.875808e+00  1.800000e+01
     vertex -1.841461e+00 -9.828989e+00  1.800000e+01
     vertex -1.841461e+00 -9.828989e+00  1.500000e+00
   endloop
 endfacet
 facet normal -1.706451e-01 -9.853326e-01 -0.000000e+00
   outer loop
     vertex -1.571119e+00 -9.875808e+00  1.800000e+01
     vertex -1.841461e+00 -9.828989e+00  1.500000e+00
     vertex -1.571119e+00 -9.875808e+00  1.500000e+00
   endloop
 endfacet
 facet normal -1.435492e-01 -9.896432e-01 -0.000000e+00
   outer loop
     vertex -1.571119e+00 -9.875808e+00  1.800000e+01
     vertex -1.571119e+00 -9.875808e+00  1.500000e+00
     vertex -1.299594e+00 -9.915193e+00  1.500000e+00
   endloop
 endfacet
 facet normal -1.435492e-01 -9.896432e-01 -0.000000e+00
   outer loop
     vertex -1.299594e+00 -9.915193e+00  1.800000e+01
     vertex -1.571119e+00 -9.875808e+00  1.800000e+01
     vertex -1.299594e+00 -9.915193e+00  1.500000e+00
   endloop
 endfacet
 facet normal -1.163452e-01 -9.932088e-01 -0.000000e+00
   outer loop
     vertex -1.299594e+00 -9.915193e+00  1.800000e+01
     vertex -1.299594e+00 -9.915193e+00  1.500000e+00
     vertex -1.027091e+00 -9.947114e+00  1.500000e+00
   endloop
 endfacet
 facet normal -1.163452e-01 -9.932088e-01 -0.000000e+00
   outer loop
     vertex -1.027091e+00 -9.947114e+00  1.800000e+01
     vertex -1.299594e+00 -9.915193e+00  1.800000e+01
     vertex -1.027091e+00 -9.947114e+00  1.500000e+00
   endloop
 endfacet
 facet normal -8.905371e-02 -9.960268e-01 -0.000000e+00
   outer loop
     vertex -1.027091e+00 -9.947114e+00  1.800000e+01
     vertex -1.027091e+00 -9.947114e+00  1.500000e+00
     vertex -7.538152e-01 -9.971548e+00  1.500000e+00
   endloop
 endfacet
 facet normal -8.905371e-02 -9.960268e-01 -0.000000e+00
   outer loop
     vertex -7.538152e-01 -9.971548e+00  1.800000e+01
     vertex -1.027091e+00 -9.947114e+00  1.800000e+01
     vertex -7.538152e-01 -9.971548e+00  1.500000e+00
   endloop
 endfacet
 facet normal -6.169515e-02 -9.980950e-01  0.000000e+00
   outer loop
     vertex -4.799716e-01 -9.988475e+00  1.800000e+01
     vertex -7.538152e-01 -9.971548e+00  1.800000e+01
     vertex -7.538152e-01 -9.971548e+00  1.500000e+00
   endloop
 endfacet
 facet normal -6.169515e-02 -9.980950e-01 -0.000000e+00
   outer loop
     vertex -4.799716e-01 -9.988475e+00  1.800000e+01
     vertex -7.538152e-01 -9.971548e+00  1.500000e+00
     vertex -4.799716e-01 -9.988475e+00  1.500000e+00
   endloop
 endfacet
 facet normal -3.429014e-02 -9.994119e-01 -0.000000e+00
   outer loop
     vertex -4.799716e-01 -9.988475e+00  1.800000e+01
     vertex -4.799716e-01 -9.988475e+00  1.500000e+00
     vertex -2.057667e-01 -9.997883e+00  1.500000e+00
   endloop
 endfacet
 facet normal -3.429014e-02 -9.994119e-01 -0.000000e+00
   outer loop
     vertex -2.057667e-01 -9.997883e+00  1.800000e+01
     vertex -4.799716e-01 -9.988475e+00  1.800000e+01
     vertex -2.057667e-01 -9.997883e+00  1.500000e+00
   endloop
 endfacet
 facet normal -6.859319e-03 -9.999765e-01 -0.000000e+00
   outer loop
     vertex -2.057667e-01 -9.997883e+00  1.800000e+01
     vertex -2.057667e-01 -9.997883e+00  1.500000e+00
     vertex  6.859319e-02 -9.999765e+00  1.500000e+00
   endloop
 endfacet
 facet normal -6.859319e-03 -9.999765e-01 -0.000000e+00
   outer loop
     vertex  6.859319e-02 -9.999765e+00  1.800000e+01
     vertex -2.057667e-01 -9.997883e+00  1.800000e+01
     vertex  6.859319e-02 -9.999765e+00  1.500000e+00
   endloop
 endfacet
 facet normal  2.057667e-02 -9.997883e-01  0.000000e+00
   outer loop
     vertex  3.429014e-01 -9.994119e+00  1.800000e+01
     vertex  6.859319e-02 -9.999765e+00  1.500000e+00
     vertex  3.429014e-01 -9.994119e+00  1.500000e+00
   endloop
 endfacet
 facet normal  4.799716e-02 -9.988475e-01  0.000000e+00
   outer loop
     vertex  3.429014e-01 -9.994119e+00  1.800000e+01
     vertex  3.429014e-01 -9.994119e+00  1.500000e+00
     vertex  6.169515e-01 -9.980950e+00  1.500000e+00
   endloop
 endfacet
 facet normal  2.057667e-02 -9.997883e-01  0.000000e+00
   outer loop
     vertex  3.429014e-01 -9.994119e+00  1.800000e+01
     vertex  6.859319e-02 -9.999765e+00  1.800000e+01
     vertex  6.859319e-02 -9.999765e+00  1.500000e+00
   endloop
 endfacet
 facet normal  4.799716e-02 -9.988475e-01  0.000000e+00
   outer loop
     vertex  6.169515e-01 -9.980950e+00  1.800000e+01
     vertex  3.429014e-01 -9.994119e+00  1.800000e+01
     vertex  6.169515e-01 -9.980950e+00  1.500000e+00
   endloop
 endfacet
 facet normal  7.538152e-02 -9.971548e-01  0.000000e+00
   outer loop
     vertex  8.905371e-01 -9.960268e+00  1.800000e+01
     vertex  6.169515e-01 -9.980950e+00  1.500000e+00
     vertex  8.905371e-01 -9.960268e+00  1.500000e+00
   endloop
 endfacet
 facet normal  7.538152e-02 -9.971548e-01  0.000000e+00
   outer loop
     vertex  8.905371e-01 -9.960268e+00  1.800000e+01
     vertex  6.169515e-01 -9.980950e+00  1.800000e+01
     vertex  6.169515e-01 -9.980950e+00  1.500000e+00
   endloop
 endfacet
 facet normal  1.027091e-01 -9.947114e-01  0.000000e+00
   outer loop
     vertex  1.163452e+00 -9.932088e+00  1.800000e+01
     vertex  8.905371e-01 -9.960268e+00  1.500000e+00
     vertex  1.163452e+00 -9.932088e+00  1.500000e+00
   endloop
 endfacet
 facet normal  1.027091e-01 -9.947114e-01  0.000000e+00
   outer loop
     vertex  1.163452e+00 -9.932088e+00  1.800000e+01
     vertex  8.905371e-01 -9.960268e+00  1.800000e+01
     vertex  8.905371e-01 -9.960268e+00  1.500000e+00
   endloop
 endfacet
 facet normal  1.299594e-01 -9.915193e-01  0.000000e+00
   outer loop
     vertex  1.435492e+00 -9.896432e+00  1.800000e+01
     vertex  1.163452e+00 -9.932088e+00  1.500000e+00
     vertex  1.435492e+00 -9.896432e+00  1.500000e+00
   endloop
 endfacet
 facet normal  1.299594e-01 -9.915193e-01  0.000000e+00
   outer loop
     vertex  1.435492e+00 -9.896432e+00  1.800000e+01
     vertex  1.163452e+00 -9.932088e+00  1.800000e+01
     vertex  1.163452e+00 -9.932088e+00  1.500000e+00
   endloop
 endfacet
 facet normal  1.571119e-01 -9.875808e-01  0.000000e+00
   outer loop
     vertex  1.706451e+00 -9.853326e+00  1.800000e+01
     vertex  1.435492e+00 -9.896432e+00  1.500000e+00
     vertex  1.706451e+00 -9.853326e+00  1.500000e+00
   endloop
 endfacet
 facet normal  1.571119e-01 -9.875808e-01  0.000000e+00
   outer loop
     vertex  1.706451e+00 -9.853326e+00  1.800000e+01
     vertex  1.435492e+00 -9.896432e+00  1.800000e+01
     vertex  1.435492e+00 -9.896432e+00  1.500000e+00
   endloop
 endfacet
 facet normal  1.841461e-01 -9.828989e-01  0.000000e+00
   outer loop
     vertex  1.976125e+00 -9.802802e+00  1.800000e+01
     vertex  1.706451e+00 -9.853326e+00  1.500000e+00
     vertex  1.976125e+00 -9.802802e+00  1.500000e+00
   endloop
 endfacet
 facet normal  2.110417e-01 -9.774771e-01  0.000000e+00
   outer loop
     vertex  1.976125e+00 -9.802802e+00  1.800000e+01
     vertex  1.976125e+00 -9.802802e+00  1.500000e+00
     vertex  2.244312e+00 -9.744899e+00  1.500000e+00
   endloop
 endfacet
 facet normal  1.841461e-01 -9.828989e-01  0.000000e+00
   outer loop
     vertex  1.976125e+00 -9.802802e+00  1.800000e+01
     vertex  1.706451e+00 -9.853326e+00  1.800000e+01
     vertex  1.706451e+00 -9.853326e+00  1.500000e+00
   endloop
 endfacet
 facet normal  2.110417e-01 -9.774771e-01  0.000000e+00
   outer loop
     vertex  2.244312e+00 -9.744899e+00  1.800000e+01
     vertex  1.976125e+00 -9.802802e+00  1.800000e+01
     vertex  2.244312e+00 -9.744899e+00  1.500000e+00
   endloop
 endfacet
 facet normal  2.377784e-01 -9.713194e-01  0.000000e+00
   outer loop
     vertex  2.510809e+00 -9.679661e+00  1.800000e+01
     vertex  2.244312e+00 -9.744899e+00  1.500000e+00
     vertex  2.510809e+00 -9.679661e+00  1.500000e+00
   endloop
 endfacet
 facet normal  2.377784e-01 -9.713194e-01  0.000000e+00
   outer loop
     vertex  2.510809e+00 -9.679661e+00  1.800000e+01
     vertex  2.244312e+00 -9.744899e+00  1.800000e+01
     vertex  2.244312e+00 -9.744899e+00  1.500000e+00
   endloop
 endfacet
 facet normal  2.643362e-01 -9.644306e-01  0.000000e+00
   outer loop
     vertex  2.775416e+00 -9.607136e+00  1.800000e+01
     vertex  2.510809e+00 -9.679661e+00  1.500000e+00
     vertex  2.775416e+00 -9.607136e+00  1.500000e+00
   endloop
 endfacet
 facet normal  2.906949e-01 -9.568158e-01  0.000000e+00
   outer loop
     vertex  2.775416e+00 -9.607136e+00  1.800000e+01
     vertex  2.775416e+00 -9.607136e+00  1.500000e+00
     vertex  3.037934e+00 -9.527379e+00  1.500000e+00
   endloop
 endfacet
 facet normal  2.643362e-01 -9.644306e-01  0.000000e+00
   outer loop
     vertex  2.775416e+00 -9.607136e+00  1.800000e+01
     vertex  2.510809e+00 -9.679661e+00  1.800000e+01
     vertex  2.510809e+00 -9.679661e+00  1.500000e+00
   endloop
 endfacet
 facet normal  2.906949e-01 -9.568158e-01  0.000000e+00
   outer loop
     vertex  3.037934e+00 -9.527379e+00  1.800000e+01
     vertex  2.775416e+00 -9.607136e+00  1.800000e+01
     vertex  3.037934e+00 -9.527379e+00  1.500000e+00
   endloop
 endfacet
 facet normal  3.168348e-01 -9.484807e-01  0.000000e+00
   outer loop
     vertex  3.298166e+00 -9.440450e+00  1.800000e+01
     vertex  3.037934e+00 -9.527379e+00  1.500000e+00
     vertex  3.298166e+00 -9.440450e+00  1.500000e+00
   endloop
 endfacet
 facet normal  3.168348e-01 -9.484807e-01  0.000000e+00
   outer loop
     vertex  3.298166e+00 -9.440450e+00  1.800000e+01
     vertex  3.037934e+00 -9.527379e+00  1.800000e+01
     vertex  3.037934e+00 -9.527379e+00  1.500000e+00
   endloop
 endfacet
 facet normal  3.427362e-01 -9.394317e-01  0.000000e+00
   outer loop
     vertex  3.555914e+00 -9.346415e+00  1.800000e+01
     vertex  3.298166e+00 -9.440450e+00  1.500000e+00
     vertex  3.555914e+00 -9.346415e+00  1.500000e+00
   endloop
 endfacet
 facet normal  3.683796e-01 -9.296754e-01  0.000000e+00
   outer loop
     vertex  3.555914e+00 -9.346415e+00  1.800000e+01
     vertex  3.555914e+00 -9.346415e+00  1.500000e+00
     vertex  3.810986e+00 -9.245344e+00  1.500000e+00
   endloop
 endfacet
 facet normal  3.427362e-01 -9.394317e-01  0.000000e+00
   outer loop
     vertex  3.555914e+00 -9.346415e+00  1.800000e+01
     vertex  3.298166e+00 -9.440450e+00  1.800000e+01
     vertex  3.298166e+00 -9.440450e+00  1.500000e+00
   endloop
 endfacet
 facet normal  3.683796e-01 -9.296754e-01  0.000000e+00
   outer loop
     vertex  3.810986e+00 -9.245344e+00  1.800000e+01
     vertex  3.555914e+00 -9.346415e+00  1.800000e+01
     vertex  3.810986e+00 -9.245344e+00  1.500000e+00
   endloop
 endfacet
 facet normal  3.937458e-01 -9.192194e-01  0.000000e+00
   outer loop
     vertex  4.063188e+00 -9.137314e+00  1.800000e+01
     vertex  3.810986e+00 -9.245344e+00  1.800000e+01
     vertex  3.810986e+00 -9.245344e+00  1.500000e+00
   endloop
 endfacet
 facet normal  3.937458e-01 -9.192194e-01  0.000000e+00
   outer loop
     vertex  4.063188e+00 -9.137314e+00  1.800000e+01
     vertex  3.810986e+00 -9.245344e+00  1.500000e+00
     vertex  4.063188e+00 -9.137314e+00  1.500000e+00
   endloop
 endfacet
 facet normal  4.188155e-01 -9.080714e-01  0.000000e+00
   outer loop
     vertex  4.063188e+00 -9.137314e+00  1.800000e+01
     vertex  4.063188e+00 -9.137314e+00  1.500000e+00
     vertex  4.312333e+00 -9.022405e+00  1.500000e+00
   endloop
 endfacet
 facet normal  4.188155e-01 -9.080714e-01  0.000000e+00
   outer loop
     vertex  4.312333e+00 -9.022405e+00  1.800000e+01
     vertex  4.063188e+00 -9.137314e+00  1.800000e+01
     vertex  4.312333e+00 -9.022405e+00  1.500000e+00
   endloop
 endfacet
 facet normal  4.435699e-01 -8.962398e-01  0.000000e+00
   outer loop
     vertex  4.558231e+00 -8.900704e+00  1.800000e+01
     vertex  4.312333e+00 -9.022405e+00  1.500000e+00
     vertex  4.558231e+00 -8.900704e+00  1.500000e+00
   endloop
 endfacet
 facet normal  4.679904e-01 -8.837335e-01  0.000000e+00
   outer loop
     vertex  4.558231e+00 -8.900704e+00  1.800000e+01
     vertex  4.558231e+00 -8.900704e+00  1.500000e+00
     vertex  4.800697e+00 -8.772303e+00  1.500000e+00
   endloop
 endfacet
 facet normal  4.435699e-01 -8.962398e-01  0.000000e+00
   outer loop
     vertex  4.558231e+00 -8.900704e+00  1.800000e+01
     vertex  4.312333e+00 -9.022405e+00  1.800000e+01
     vertex  4.312333e+00 -9.022405e+00  1.500000e+00
   endloop
 endfacet
 facet normal  4.679904e-01 -8.837335e-01  0.000000e+00
   outer loop
     vertex  4.800697e+00 -8.772303e+00  1.800000e+01
     vertex  4.558231e+00 -8.900704e+00  1.800000e+01
     vertex  4.800697e+00 -8.772303e+00  1.500000e+00
   endloop
 endfacet
 facet normal  4.920587e-01 -8.705620e-01  0.000000e+00
   outer loop
     vertex  4.800697e+00 -8.772303e+00  1.800000e+01
     vertex  4.800697e+00 -8.772303e+00  1.500000e+00
     vertex  5.039550e+00 -8.637299e+00  1.500000e+00
   endloop
 endfacet
 facet normal  4.920587e-01 -8.705620e-01  0.000000e+00
   outer loop
     vertex  5.039550e+00 -8.637299e+00  1.800000e+01
     vertex  4.800697e+00 -8.772303e+00  1.800000e+01
     vertex  5.039550e+00 -8.637299e+00  1.500000e+00
   endloop
 endfacet
 facet normal  5.157565e-01 -8.567352e-01  0.000000e+00
   outer loop
     vertex  5.039550e+00 -8.637299e+00  1.800000e+01
     vertex  5.039550e+00 -8.637299e+00  1.500000e+00
     vertex  5.274609e+00 -8.495793e+00  1.500000e+00
   endloop
 endfacet
 facet normal  5.157565e-01 -8.567352e-01  0.000000e+00
   outer loop
     vertex  5.274609e+00 -8.495793e+00  1.800000e+01
     vertex  5.039550e+00 -8.637299e+00  1.800000e+01
     vertex  5.274609e+00 -8.495793e+00  1.500000e+00
   endloop
 endfacet
 facet normal  5.390661e-01 -8.422635e-01  0.000000e+00
   outer loop
     vertex  5.505698e+00 -8.347891e+00  1.800000e+01
     vertex  5.274609e+00 -8.495793e+00  1.500000e+00
     vertex  5.505698e+00 -8.347891e+00  1.500000e+00
   endloop
 endfacet
 facet normal  5.390661e-01 -8.422635e-01  0.000000e+00
   outer loop
     vertex  5.505698e+00 -8.347891e+00  1.800000e+01
     vertex  5.274609e+00 -8.495793e+00  1.800000e+01
     vertex  5.274609e+00 -8.495793e+00  1.500000e+00
   endloop
 endfacet
 facet normal  5.619699e-01 -8.271577e-01  0.000000e+00
   outer loop
     vertex  5.732642e+00 -8.193706e+00  1.800000e+01
     vertex  5.505698e+00 -8.347891e+00  1.500000e+00
     vertex  5.732642e+00 -8.193706e+00  1.500000e+00
   endloop
 endfacet
 facet normal  5.844507e-01 -8.114292e-01  0.000000e+00
   outer loop
     vertex  5.732642e+00 -8.193706e+00  1.800000e+01
     vertex  5.732642e+00 -8.193706e+00  1.500000e+00
     vertex  5.955271e+00 -8.033352e+00  1.500000e+00
   endloop
 endfacet
 facet normal  5.619699e-01 -8.271577e-01  0.000000e+00
   outer loop
     vertex  5.732642e+00 -8.193706e+00  1.800000e+01
     vertex  5.505698e+00 -8.347891e+00  1.800000e+01
     vertex  5.505698e+00 -8.347891e+00  1.500000e+00
   endloop
 endfacet
 facet normal  5.844507e-01 -8.114292e-01  0.000000e+00
   outer loop
     vertex  5.955271e+00 -8.033352e+00  1.800000e+01
     vertex  5.732642e+00 -8.193706e+00  1.800000e+01
     vertex  5.955271e+00 -8.033352e+00  1.500000e+00
   endloop
 endfacet
 facet normal  6.064915e-01 -7.950900e-01  0.000000e+00
   outer loop
     vertex  6.173417e+00 -7.866951e+00  1.800000e+01
     vertex  5.955271e+00 -8.033352e+00  1.500000e+00
     vertex  6.173417e+00 -7.866951e+00  1.500000e+00
   endloop
 endfacet
 facet normal  6.280757e-01 -7.781522e-01  0.000000e+00
   outer loop
     vertex  6.173417e+00 -7.866951e+00  1.800000e+01
     vertex  6.173417e+00 -7.866951e+00  1.500000e+00
     vertex  6.386916e+00 -7.694628e+00  1.500000e+00
   endloop
 endfacet
 facet normal  6.064915e-01 -7.950900e-01  0.000000e+00
   outer loop
     vertex  6.173417e+00 -7.866951e+00  1.800000e+01
     vertex  5.955271e+00 -8.033352e+00  1.800000e+01
     vertex  5.955271e+00 -8.033352e+00  1.500000e+00
   endloop
 endfacet
 facet normal  6.491872e-01 -7.606287e-01  0.000000e+00
   outer loop
     vertex  6.386916e+00 -7.694628e+00  1.800000e+01
     vertex  6.386916e+00 -7.694628e+00  1.500000e+00
     vertex  6.595607e+00 -7.516513e+00  1.500000e+00
   endloop
 endfacet
 facet normal  6.280757e-01 -7.781522e-01  0.000000e+00
   outer loop
     vertex  6.386916e+00 -7.694628e+00  1.800000e+01
     vertex  6.173417e+00 -7.866951e+00  1.800000e+01
     vertex  6.386916e+00 -7.694628e+00  1.500000e+00
   endloop
 endfacet
 facet normal  6.491872e-01 -7.606287e-01  0.000000e+00
   outer loop
     vertex  6.595607e+00 -7.516513e+00  1.800000e+01
     vertex  6.386916e+00 -7.694628e+00  1.800000e+01
     vertex  6.595607e+00 -7.516513e+00  1.500000e+00
   endloop
 endfacet
 facet normal  6.698100e-01 -7.425325e-01  0.000000e+00
   outer loop
     vertex  6.799333e+00 -7.332740e+00  1.800000e+01
     vertex  6.595607e+00 -7.516513e+00  1.500000e+00
     vertex  6.799333e+00 -7.332740e+00  1.500000e+00
   endloop
 endfacet
 facet normal  6.698100e-01 -7.425325e-01  0.000000e+00
   outer loop
     vertex  6.799333e+00 -7.332740e+00  1.800000e+01
     vertex  6.595607e+00 -7.516513e+00  1.800000e+01
     vertex  6.595607e+00 -7.516513e+00  1.500000e+00
   endloop
 endfacet
 facet normal  6.899286e-01 -7.238775e-01  0.000000e+00
   outer loop
     vertex  6.997940e+00 -7.143447e+00  1.800000e+01
     vertex  6.799333e+00 -7.332740e+00  1.500000e+00
     vertex  6.997940e+00 -7.143447e+00  1.500000e+00
   endloop
 endfacet
 facet normal  7.095278e-01 -7.046775e-01  0.000000e+00
   outer loop
     vertex  6.997940e+00 -7.143447e+00  1.800000e+01
     vertex  6.997940e+00 -7.143447e+00  1.500000e+00
     vertex  7.191280e+00 -6.948776e+00  1.500000e+00
   endloop
 endfacet
 facet normal  6.899286e-01 -7.238775e-01  0.000000e+00
   outer loop
     vertex  6.997940e+00 -7.143447e+00  1.800000e+01
     vertex  6.799333e+00 -7.332740e+00  1.800000e+01
     vertex  6.799333e+00 -7.332740e+00  1.500000e+00
   endloop
 endfacet
 facet normal  7.095278e-01 -7.046775e-01  0.000000e+00
   outer loop
     vertex  7.191280e+00 -6.948776e+00  1.800000e+01
     vertex  6.997940e+00 -7.143447e+00  1.800000e+01
     vertex  7.191280e+00 -6.948776e+00  1.500000e+00
   endloop
 endfacet
 facet normal  7.285929e-01 -6.849470e-01  0.000000e+00
   outer loop
     vertex  7.379206e+00 -6.748875e+00  1.800000e+01
     vertex  7.191280e+00 -6.948776e+00  1.500000e+00
     vertex  7.379206e+00 -6.748875e+00  1.500000e+00
   endloop
 endfacet
 facet normal  7.285929e-01 -6.849470e-01  0.000000e+00
   outer loop
     vertex  7.379206e+00 -6.748875e+00  1.800000e+01
     vertex  7.191280e+00 -6.948776e+00  1.800000e+01
     vertex  7.191280e+00 -6.948776e+00  1.500000e+00
   endloop
 endfacet
 facet normal  7.471095e-01 -6.647010e-01  0.000000e+00
   outer loop
     vertex  7.561578e+00 -6.543893e+00  1.800000e+01
     vertex  7.379206e+00 -6.748875e+00  1.500000e+00
     vertex  7.561578e+00 -6.543893e+00  1.500000e+00
   endloop
 endfacet
 facet normal  7.471095e-01 -6.647010e-01  0.000000e+00
   outer loop
     vertex  7.561578e+00 -6.543893e+00  1.800000e+01
     vertex  7.379206e+00 -6.748875e+00  1.800000e+01
     vertex  7.379206e+00 -6.748875e+00  1.500000e+00
   endloop
 endfacet
 facet normal  7.650637e-01 -6.439545e-01  0.000000e+00
   outer loop
     vertex  7.738257e+00 -6.333986e+00  1.800000e+01
     vertex  7.561578e+00 -6.543893e+00  1.500000e+00
     vertex  7.738257e+00 -6.333986e+00  1.500000e+00
   endloop
 endfacet
 facet normal  7.650637e-01 -6.439545e-01  0.000000e+00
   outer loop
     vertex  7.738257e+00 -6.333986e+00  1.800000e+01
     vertex  7.561578e+00 -6.543893e+00  1.800000e+01
     vertex  7.561578e+00 -6.543893e+00  1.500000e+00
   endloop
 endfacet
 facet normal  7.824421e-01 -6.227234e-01  0.000000e+00
   outer loop
     vertex  7.909112e+00 -6.119310e+00  1.800000e+01
     vertex  7.738257e+00 -6.333986e+00  1.500000e+00
     vertex  7.909112e+00 -6.119310e+00  1.500000e+00
   endloop
 endfacet
 facet normal  7.824421e-01 -6.227234e-01  0.000000e+00
   outer loop
     vertex  7.909112e+00 -6.119310e+00  1.800000e+01
     vertex  7.738257e+00 -6.333986e+00  1.800000e+01
     vertex  7.738257e+00 -6.333986e+00  1.500000e+00
   endloop
 endfacet
 facet normal  7.992314e-01 -6.010234e-01  0.000000e+00
   outer loop
     vertex  8.074012e+00 -5.900028e+00  1.800000e+01
     vertex  7.909112e+00 -6.119310e+00  1.500000e+00
     vertex  8.074012e+00 -5.900028e+00  1.500000e+00
   endloop
 endfacet
 facet normal  8.154191e-01 -5.788711e-01  0.000000e+00
   outer loop
     vertex  8.074012e+00 -5.900028e+00  1.800000e+01
     vertex  8.074012e+00 -5.900028e+00  1.500000e+00
     vertex  8.232835e+00 -5.676304e+00  1.500000e+00
   endloop
 endfacet
 facet normal  7.992314e-01 -6.010234e-01  0.000000e+00
   outer loop
     vertex  8.074012e+00 -5.900028e+00  1.800000e+01
     vertex  7.909112e+00 -6.119310e+00  1.800000e+01
     vertex  7.909112e+00 -6.119310e+00  1.500000e+00
   endloop
 endfacet
 facet normal  8.309929e-01 -5.562829e-01  0.000000e+00
   outer loop
     vertex  8.232835e+00 -5.676304e+00  1.800000e+01
     vertex  8.232835e+00 -5.676304e+00  1.500000e+00
     vertex  8.385460e+00 -5.448308e+00  1.500000e+00
   endloop
 endfacet
 facet normal  8.154191e-01 -5.788711e-01  0.000000e+00
   outer loop
     vertex  8.232835e+00 -5.676304e+00  1.800000e+01
     vertex  8.074012e+00 -5.900028e+00  1.800000e+01
     vertex  8.232835e+00 -5.676304e+00  1.500000e+00
   endloop
 endfacet
 facet normal  8.309929e-01 -5.562829e-01  0.000000e+00
   outer loop
     vertex  8.385460e+00 -5.448308e+00  1.800000e+01
     vertex  8.232835e+00 -5.676304e+00  1.800000e+01
     vertex  8.385460e+00 -5.448308e+00  1.500000e+00
   endloop
 endfacet
 facet normal  8.459413e-01 -5.332761e-01  0.000000e+00
   outer loop
     vertex  8.531773e+00 -5.216210e+00  1.800000e+01
     vertex  8.385460e+00 -5.448308e+00  1.500000e+00
     vertex  8.531773e+00 -5.216210e+00  1.500000e+00
   endloop
 endfacet
 facet normal  8.459413e-01 -5.332761e-01  0.000000e+00
   outer loop
     vertex  8.531773e+00 -5.216210e+00  1.800000e+01
     vertex  8.385460e+00 -5.448308e+00  1.800000e+01
     vertex  8.385460e+00 -5.448308e+00  1.500000e+00
   endloop
 endfacet
 facet normal  8.602528e-01 -5.098678e-01  0.000000e+00
   outer loop
     vertex  8.671664e+00 -4.980186e+00  1.800000e+01
     vertex  8.531773e+00 -5.216210e+00  1.500000e+00
     vertex  8.671664e+00 -4.980186e+00  1.500000e+00
   endloop
 endfacet
 facet normal  8.739167e-01 -4.860756e-01  0.000000e+00
   outer loop
     vertex  8.671664e+00 -4.980186e+00  1.800000e+01
     vertex  8.671664e+00 -4.980186e+00  1.500000e+00
     vertex  8.805026e+00 -4.740412e+00  1.500000e+00
   endloop
 endfacet
 facet normal  8.602528e-01 -5.098678e-01  0.000000e+00
   outer loop
     vertex  8.671664e+00 -4.980186e+00  1.800000e+01
     vertex  8.531773e+00 -5.216210e+00  1.800000e+01
     vertex  8.531773e+00 -5.216210e+00  1.500000e+00
   endloop
 endfacet
 facet normal  8.739167e-01 -4.860756e-01  0.000000e+00
   outer loop
     vertex  8.805026e+00 -4.740412e+00  1.800000e+01
     vertex  8.671664e+00 -4.980186e+00  1.800000e+01
     vertex  8.805026e+00 -4.740412e+00  1.500000e+00
   endloop
 endfacet
 facet normal  8.869228e-01 -4.619176e-01  0.000000e+00
   outer loop
     vertex  8.931761e+00 -4.497071e+00  1.800000e+01
     vertex  8.805026e+00 -4.740412e+00  1.800000e+01
     vertex  8.805026e+00 -4.740412e+00  1.500000e+00
   endloop
 endfacet
 facet normal  8.869228e-01 -4.619176e-01  0.000000e+00
   outer loop
     vertex  8.931761e+00 -4.497071e+00  1.800000e+01
     vertex  8.805026e+00 -4.740412e+00  1.500000e+00
     vertex  8.931761e+00 -4.497071e+00  1.500000e+00
   endloop
 endfacet
 facet normal  8.992613e-01 -4.374119e-01  0.000000e+00
   outer loop
     vertex  9.051772e+00 -4.250344e+00  1.800000e+01
     vertex  8.931761e+00 -4.497071e+00  1.800000e+01
     vertex  8.931761e+00 -4.497071e+00  1.500000e+00
   endloop
 endfacet
 facet normal  8.992613e-01 -4.374119e-01  0.000000e+00
   outer loop
     vertex  9.051772e+00 -4.250344e+00  1.800000e+01
     vertex  8.931761e+00 -4.497071e+00  1.500000e+00
     vertex  9.051772e+00 -4.250344e+00  1.500000e+00
   endloop
 endfacet
 facet normal  9.109228e-01 -4.125769e-01  0.000000e+00
   outer loop
     vertex  9.164969e+00 -4.000417e+00  1.800000e+01
     vertex  9.051772e+00 -4.250344e+00  1.800000e+01
     vertex  9.051772e+00 -4.250344e+00  1.500000e+00
   endloop
 endfacet
 facet normal  9.109228e-01 -4.125769e-01  0.000000e+00
   outer loop
     vertex  9.164969e+00 -4.000417e+00  1.800000e+01
     vertex  9.051772e+00 -4.250344e+00  1.500000e+00
     vertex  9.164969e+00 -4.000417e+00  1.500000e+00
   endloop
 endfacet
 facet normal  9.218986e-01 -3.874313e-01  0.000000e+00
   outer loop
     vertex  9.271267e+00 -3.747479e+00  1.800000e+01
     vertex  9.164969e+00 -4.000417e+00  1.800000e+01
     vertex  9.164969e+00 -4.000417e+00  1.500000e+00
   endloop
 endfacet
 facet normal  9.218986e-01 -3.874313e-01  0.000000e+00
   outer loop
     vertex  9.271267e+00 -3.747479e+00  1.800000e+01
     vertex  9.164969e+00 -4.000417e+00  1.500000e+00
     vertex  9.271267e+00 -3.747479e+00  1.500000e+00
   endloop
 endfacet
 facet normal  9.321804e-01 -3.619940e-01  0.000000e+00
   outer loop
     vertex  9.370586e+00 -3.491720e+00  1.800000e+01
     vertex  9.271267e+00 -3.747479e+00  1.800000e+01
     vertex  9.271267e+00 -3.747479e+00  1.500000e+00
   endloop
 endfacet
 facet normal  9.321804e-01 -3.619940e-01  0.000000e+00
   outer loop
     vertex  9.370586e+00 -3.491720e+00  1.800000e+01
     vertex  9.271267e+00 -3.747479e+00  1.500000e+00
     vertex  9.370586e+00 -3.491720e+00  1.500000e+00
   endloop
 endfacet
 facet normal  9.417605e-01 -3.362843e-01  0.000000e+00
   outer loop
     vertex  9.370586e+00 -3.491720e+00  1.800000e+01
     vertex  9.370586e+00 -3.491720e+00  1.500000e+00
     vertex  9.462851e+00 -3.233333e+00  1.500000e+00
   endloop
 endfacet
 facet normal  9.417605e-01 -3.362843e-01  0.000000e+00
   outer loop
     vertex  9.462851e+00 -3.233333e+00  1.800000e+01
     vertex  9.370586e+00 -3.491720e+00  1.800000e+01
     vertex  9.462851e+00 -3.233333e+00  1.500000e+00
   endloop
 endfacet
 facet normal  9.506317e-01 -3.103214e-01  0.000000e+00
   outer loop
     vertex  9.462851e+00 -3.233333e+00  1.800000e+01
     vertex  9.462851e+00 -3.233333e+00  1.500000e+00
     vertex  9.547993e+00 -2.972512e+00  1.500000e+00
   endloop
 endfacet
 facet normal  9.506317e-01 -3.103214e-01  0.000000e+00
   outer loop
     vertex  9.547993e+00 -2.972512e+00  1.800000e+01
     vertex  9.462851e+00 -3.233333e+00  1.800000e+01
     vertex  9.547993e+00 -2.972512e+00  1.500000e+00
   endloop
 endfacet
 facet normal  9.587873e-01 -2.841250e-01  0.000000e+00
   outer loop
     vertex  9.625948e+00 -2.709453e+00  1.800000e+01
     vertex  9.547993e+00 -2.972512e+00  1.800000e+01
     vertex  9.547993e+00 -2.972512e+00  1.500000e+00
   endloop
 endfacet
 facet normal  9.587873e-01 -2.841250e-01  0.000000e+00
   outer loop
     vertex  9.625948e+00 -2.709453e+00  1.800000e+01
     vertex  9.547993e+00 -2.972512e+00  1.500000e+00
     vertex  9.625948e+00 -2.709453e+00  1.500000e+00
   endloop
 endfacet
 facet normal  9.662211e-01 -2.577146e-01  0.000000e+00
   outer loop
     vertex  9.696656e+00 -2.444354e+00  1.800000e+01
     vertex  9.625948e+00 -2.709453e+00  1.800000e+01
     vertex  9.625948e+00 -2.709453e+00  1.500000e+00
   endloop
 endfacet
 facet normal  9.662211e-01 -2.577146e-01  0.000000e+00
   outer loop
     vertex  9.696656e+00 -2.444354e+00  1.800000e+01
     vertex  9.625948e+00 -2.709453e+00  1.500000e+00
     vertex  9.696656e+00 -2.444354e+00  1.500000e+00
   endloop
 endfacet
 facet normal  9.729276e-01 -2.311102e-01  0.000000e+00
   outer loop
     vertex  9.760065e+00 -2.177416e+00  1.800000e+01
     vertex  9.696656e+00 -2.444354e+00  1.800000e+01
     vertex  9.696656e+00 -2.444354e+00  1.500000e+00
   endloop
 endfacet
 facet normal  9.729276e-01 -2.311102e-01  0.000000e+00
   outer loop
     vertex  9.760065e+00 -2.177416e+00  1.800000e+01
     vertex  9.696656e+00 -2.444354e+00  1.500000e+00
     vertex  9.760065e+00 -2.177416e+00  1.500000e+00
   endloop
 endfacet
 facet normal  9.789017e-01 -2.043319e-01  0.000000e+00
   outer loop
     vertex  9.816126e+00 -1.908838e+00  1.800000e+01
     vertex  9.760065e+00 -2.177416e+00  1.800000e+01
     vertex  9.760065e+00 -2.177416e+00  1.500000e+00
   endloop
 endfacet
 facet normal  9.789017e-01 -2.043319e-01  0.000000e+00
   outer loop
     vertex  9.816126e+00 -1.908838e+00  1.800000e+01
     vertex  9.760065e+00 -2.177416e+00  1.500000e+00
     vertex  9.816126e+00 -1.908838e+00  1.500000e+00
   endloop
 endfacet
 facet normal  9.841389e-01 -1.773998e-01  0.000000e+00
   outer loop
     vertex  9.864799e+00 -1.638824e+00  1.800000e+01
     vertex  9.816126e+00 -1.908838e+00  1.800000e+01
     vertex  9.816126e+00 -1.908838e+00  1.500000e+00
   endloop
 endfacet
 facet normal  9.841389e-01 -1.773998e-01  0.000000e+00
   outer loop
     vertex  9.864799e+00 -1.638824e+00  1.800000e+01
     vertex  9.816126e+00 -1.908838e+00  1.500000e+00
     vertex  9.864799e+00 -1.638824e+00  1.500000e+00
   endloop
 endfacet
 facet normal  9.886353e-01 -1.503341e-01  0.000000e+00
   outer loop
     vertex  9.906046e+00 -1.367575e+00  1.800000e+01
     vertex  9.864799e+00 -1.638824e+00  1.800000e+01
     vertex  9.864799e+00 -1.638824e+00  1.500000e+00
   endloop
 endfacet
 facet normal  9.886353e-01 -1.503341e-01  0.000000e+00
   outer loop
     vertex  9.906046e+00 -1.367575e+00  1.800000e+01
     vertex  9.864799e+00 -1.638824e+00  1.500000e+00
     vertex  9.906046e+00 -1.367575e+00  1.500000e+00
   endloop
 endfacet
 facet normal  9.923874e-01 -1.231552e-01  0.000000e+00
   outer loop
     vertex  9.906046e+00 -1.367575e+00  1.800000e+01
     vertex  9.906046e+00 -1.367575e+00  1.500000e+00
     vertex  9.939835e+00 -1.095298e+00  1.500000e+00
   endloop
 endfacet
 facet normal  9.923874e-01 -1.231552e-01  0.000000e+00
   outer loop
     vertex  9.939835e+00 -1.095298e+00  1.800000e+01
     vertex  9.906046e+00 -1.367575e+00  1.800000e+01
     vertex  9.939835e+00 -1.095298e+00  1.500000e+00
   endloop
 endfacet
 facet normal  9.953925e-01 -9.588368e-02  0.000000e+00
   outer loop
     vertex  9.966142e+00 -8.221955e-01  1.800000e+01
     vertex  9.939835e+00 -1.095298e+00  1.500000e+00
     vertex  9.966142e+00 -8.221955e-01  1.500000e+00
   endloop
 endfacet
 facet normal  9.953925e-01 -9.588368e-02  0.000000e+00
   outer loop
     vertex  9.966142e+00 -8.221955e-01  1.800000e+01
     vertex  9.939835e+00 -1.095298e+00  1.800000e+01
     vertex  9.939835e+00 -1.095298e+00  1.500000e+00
   endloop
 endfacet
 facet normal  9.976484e-01 -6.853995e-02  0.000000e+00
   outer loop
     vertex  9.984947e+00 -5.484744e-01  1.800000e+01
     vertex  9.966142e+00 -8.221955e-01  1.500000e+00
     vertex  9.984947e+00 -5.484744e-01  1.500000e+00
   endloop
 endfacet
 facet normal  9.976484e-01 -6.853995e-02  0.000000e+00
   outer loop
     vertex  9.984947e+00 -5.484744e-01  1.800000e+01
     vertex  9.966142e+00 -8.221955e-01  1.800000e+01
     vertex  9.966142e+00 -8.221955e-01  1.500000e+00
   endloop
 endfacet
 facet normal  9.991532e-01 -4.114462e-02  0.000000e+00
   outer loop
     vertex  9.996236e+00 -2.743405e-01  1.800000e+01
     vertex  9.984947e+00 -5.484744e-01  1.500000e+00
     vertex  9.996236e+00 -2.743405e-01  1.500000e+00
   endloop
 endfacet
 facet normal  9.999059e-01 -1.371831e-02  0.000000e+00
   outer loop
     vertex  9.996236e+00 -2.743405e-01  1.800000e+01
     vertex  9.996236e+00 -2.743405e-01  1.500000e+00
     vertex  1.000000e+01  0.000000e+00  1.500000e+00
   endloop
 endfacet
 facet normal  9.991532e-01 -4.114462e-02  0.000000e+00
   outer loop
     vertex  9.996236e+00 -2.743405e-01  1.800000e+01
     vertex  9.984947e+00 -5.484744e-01  1.800000e+01
     vertex  9.984947e+00 -5.484744e-01  1.500000e+00
   endloop
 endfacet
 facet normal  9.999059e-01 -1.371831e-02  0.000000e+00
   outer loop
     vertex  1.000000e+01  0.000000e+00  1.800000e+01
     vertex  9.996236e+00 -2.743405e-01  1.800000e+01
     vertex  1.000000e+01  0.000000e+00  1.500000e+00
   endloop
 endfacet
 facet normal  0.000000e+00  0.000000e+00  1.000000e+00
   outer loop
     vertex -6.899286e+00 -7.238775e+00  1.500000e+00
     vertex -8.514333e+00 -8.456130e+00  1.500000e+00
     vertex -8.279143e+00 -8.686530e+00  1.500000e+00
   endloop
 endfacet
 facet normal  0.000000e+00  0.000000e+00  1.000000e+00
   outer loop
     vertex -6.899286e+00 -7.238775e+00  1.500000e+00
     vertex -8.279143e+00 -8.686530e+00  1.500000e+00
     vertex -8.037720e+00 -8.910390e+00  1.500000e+00
   endloop
 endfacet
 facet normal  0.000000e+00  0.000000e+00  1.000000e+00
   outer loop
     vertex -6.899286e+00 -7.238775e+00  1.500000e+00
     vertex -7.095278e+00 -7.046775e+00  1.500000e+00
     vertex -8.514333e+00 -8.456130e+00  1.500000e+00
   endloop
 endfacet
 facet normal  0.000000e+00  0.000000e+00  1.000000e+00
   outer loop
     vertex -7.285929e+00 -6.849470e+00  1.500000e+00
     vertex -8.743114e+00 -8.219364e+00  1.500000e+00
     vertex -8.514333e+00 -8.456130e+00  1.500000e+00
   endloop
 endfacet
 facet normal  0.000000e+00  0.000000e+00  1.000000e+00
   outer loop
     vertex -7.285929e+00 -6.849470e+00  1.500000e+00
     vertex -8.514333e+00 -8.456130e+00  1.500000e+00
     vertex -7.095278e+00 -7.046775e+00  1.500000e+00
   endloop
 endfacet
 facet normal  0.000000e+00  0.000000e+00  1.000000e+00
   outer loop
     vertex -6.698100e+00 -7.425325e+00  1.500000e+00
     vertex -6.899286e+00 -7.238775e+00  1.500000e+00
     vertex -8.037720e+00 -8.910390e+00  1.500000e+00
   endloop
 endfacet
 facet normal  0.000000e+00  0.000000e+00  1.000000e+00
   outer loop
     vertex -7.471095e+00 -6.647010e+00  1.500000e+00
     vertex -9.180765e+00 -7.727455e+00  1.500000e+00
     vertex -8.965314e+00 -7.976412e+00  1.500000e+00
   endloop
 endfacet
 facet normal  0.000000e+00  0.000000e+00  1.000000e+00
   outer loop
     vertex -7.471095e+00 -6.647010e+00  1.500000e+00
     vertex -8.965314e+00 -7.976412e+00  1.500000e+00
     vertex -8.743114e+00 -8.219364e+00  1.500000e+00
   endloop
 endfacet
 facet normal  0.000000e+00  0.000000e+00  1.000000e+00
   outer loop
     vertex -7.471095e+00 -6.647010e+00  1.500000e+00
     vertex -8.743114e+00 -8.219364e+00  1.500000e+00
     vertex -7.285929e+00 -6.849470e+00  1.500000e+00
   endloop
 endfacet
 facet normal  0.000000e+00  0.000000e+00  1.000000e+00
   outer loop
     vertex -6.491872e+00 -7.606287e+00  1.500000e+00
     vertex -8.037720e+00 -8.910390e+00  1.500000e+00
     vertex -7.790247e+00 -9.127544e+00  1.500000e+00
   endloop
 endfacet
 facet normal  0.000000e+00  0.000000e+00  1.000000e+00
   outer loop
     vertex -6.491872e+00 -7.606287e+00  1.500000e+00
     vertex -6.698100e+00 -7.425325e+00  1.500000e+00
     vertex -8.037720e+00 -8.910390e+00  1.500000e+00
   endloop
 endfacet
 facet normal  0.000000e+00  0.000000e+00  1.000000e+00
   outer loop
     vertex -7.650637e+00 -6.439545e+00  1.500000e+00
     vertex -9.180765e+00 -7.727455e+00  1.500000e+00
     vertex -7.471095e+00 -6.647010e+00  1.500000e+00
   endloop
 endfacet
 facet normal  0.000000e+00  0.000000e+00  1.000000e+00
   outer loop
     vertex -7.650637e+00 -6.439545e+00  1.500000e+00
     vertex -9.389305e+00 -7.472681e+00  1.500000e+00
     vertex -9.180765e+00 -7.727455e+00  1.500000e+00
   endloop
 endfacet
 facet normal  0.000000e+00  0.000000e+00  1.000000e+00
   outer loop
     vertex -6.280757e+00 -7.781522e+00  1.500000e+00
     vertex -7.790247e+00 -9.127544e+00  1.500000e+00
     vertex -7.536909e+00 -9.337826e+00  1.500000e+00
   endloop
 endfacet
 facet normal  0.000000e+00  0.000000e+00  1.000000e+00
   outer loop
     vertex -6.280757e+00 -7.781522e+00  1.500000e+00
     vertex -6.491872e+00 -7.606287e+00  1.500000e+00
     vertex -7.790247e+00 -9.127544e+00  1.500000e+00
   endloop
 endfacet
 facet normal  0.000000e+00  0.000000e+00  1.000000e+00
   outer loop
     vertex -7.824421e+00 -6.227234e+00  1.500000e+00
     vertex -9.389305e+00 -7.472681e+00  1.500000e+00
     vertex -7.650637e+00 -6.439545e+00  1.500000e+00
   endloop
 endfacet
 facet normal  0.000000e+00  0.000000e+00  1.000000e+00
   outer loop
     vertex -6.064915e+00 -7.950900e+00  1.500000e+00
     vertex -7.536909e+00 -9.337826e+00  1.500000e+00
     vertex -7.277898e+00 -9.541080e+00  1.500000e+00
   endloop
 endfacet
 facet normal  0.000000e+00  0.000000e+00  1.000000e+00
   outer loop
     vertex -6.064915e+00 -7.950900e+00  1.500000e+00
     vertex -7.277898e+00 -9.541080e+00  1.500000e+00
     vertex -7.013408e+00 -9.737151e+00  1.500000e+00
   endloop
 endfacet
 facet normal  0.000000e+00  0.000000e+00  1.000000e+00
   outer loop
     vertex -6.064915e+00 -7.950900e+00  1.500000e+00
     vertex -6.280757e+00 -7.781522e+00  1.500000e+00
     vertex -7.536909e+00 -9.337826e+00  1.500000e+00
   endloop
 endfacet
 facet normal  0.000000e+00  0.000000e+00  1.000000e+00
   outer loop
     vertex -7.992314e+00 -6.010234e+00  1.500000e+00
     vertex -9.389305e+00 -7.472681e+00  1.500000e+00
     vertex -7.824421e+00 -6.227234e+00  1.500000e+00
   endloop
 endfacet
 facet normal  0.000000e+00  0.000000e+00  1.000000e+00
   outer loop
     vertex -7.992314e+00 -6.010234e+00  1.500000e+00
     vertex -9.590777e+00 -7.212281e+00  1.500000e+00
     vertex -9.389305e+00 -7.472681e+00  1.500000e+00
   endloop
 endfacet
 facet normal  0.000000e+00  0.000000e+00  1.000000e+00
   outer loop
     vertex -5.844507e+00 -8.114292e+00  1.500000e+00
     vertex -7.013408e+00 -9.737151e+00  1.500000e+00
     vertex -6.743639e+00 -9.925892e+00  1.500000e+00
   endloop
 endfacet
 facet normal  0.000000e+00  0.000000e+00  1.000000e+00
   outer loop
     vertex -5.844507e+00 -8.114292e+00  1.500000e+00
     vertex -6.064915e+00 -7.950900e+00  1.500000e+00
     vertex -7.013408e+00 -9.737151e+00  1.500000e+00
   endloop
 endfacet
 facet normal  0.000000e+00  0.000000e+00  1.000000e+00
   outer loop
     vertex -8.154191e+00 -5.788711e+00  1.500000e+00
     vertex -9.785029e+00 -6.946453e+00  1.500000e+00
     vertex -9.590777e+00 -7.212281e+00  1.500000e+00
   endloop
 endfacet
 facet normal  0.000000e+00  0.000000e+00  1.000000e+00
   outer loop
     vertex -8.154191e+00 -5.788711e+00  1.500000e+00
     vertex -9.590777e+00 -7.212281e+00  1.500000e+00
     vertex -7.992314e+00 -6.010234e+00  1.500000e+00
   endloop
 endfacet
 facet normal  0.000000e+00  0.000000e+00  1.000000e+00
   outer loop
     vertex -5.619699e+00 -8.271577e+00  1.500000e+00
     vertex -6.743639e+00 -9.925892e+00  1.500000e+00
     vertex -6.468793e+00 -1.010716e+01  1.500000e+00
   endloop
 endfacet
 facet normal  0.000000e+00  0.000000e+00  1.000000e+00
   outer loop
     vertex -5.619699e+00 -8.271577e+00  1.500000e+00
     vertex -5.844507e+00 -8.114292e+00  1.500000e+00
     vertex -6.743639e+00 -9.925892e+00  1.500000e+00
   endloop
 endfacet
 facet normal  0.000000e+00  0.000000e+00  1.000000e+00
   outer loop
     vertex -8.309929e+00 -5.562829e+00  1.500000e+00
     vertex -9.785029e+00 -6.946453e+00  1.500000e+00
     vertex -8.154191e+00 -5.788711e+00  1.500000e+00
   endloop
 endfacet
 facet normal  0.000000e+00  0.000000e+00  1.000000e+00
   outer loop
     vertex -8.309929e+00 -5.562829e+00  1.500000e+00
     vertex -9.971915e+00 -6.675395e+00  1.500000e+00
     vertex -9.785029e+00 -6.946453e+00  1.500000e+00
   endloop
 endfacet
 facet normal  0.000000e+00  0.000000e+00  1.000000e+00
   outer loop
     vertex -5.390661e+00 -8.422635e+00  1.500000e+00
     vertex -5.619699e+00 -8.271577e+00  1.500000e+00
     vertex -6.468793e+00 -1.010716e+01  1.500000e+00
   endloop
 endfacet
 facet normal  0.000000e+00  0.000000e+00  1.000000e+00
   outer loop
     vertex -8.459413e+00 -5.332761e+00  1.500000e+00
     vertex -1.015130e+01 -6.399313e+00  1.500000e+00
     vertex -9.971915e+00 -6.675395e+00  1.500000e+00
   endloop
 endfacet
 facet normal  0.000000e+00  0.000000e+00  1.000000e+00
   outer loop
     vertex -8.459413e+00 -5.332761e+00  1.500000e+00
     vertex -9.971915e+00 -6.675395e+00  1.500000e+00
     vertex -8.309929e+00 -5.562829e+00  1.500000e+00
   endloop
 endfacet
 facet normal  0.000000e+00  0.000000e+00  1.000000e+00
   outer loop
     vertex -5.157565e+00 -8.567352e+00  1.500000e+00
     vertex -6.468793e+00 -1.010716e+01  1.500000e+00
     vertex -6.189078e+00 -1.028082e+01  1.500000e+00
   endloop
 endfacet
 facet normal  0.000000e+00  0.000000e+00  1.000000e+00
   outer loop
     vertex -5.157565e+00 -8.567352e+00  1.500000e+00
     vertex -5.390661e+00 -8.422635e+00  1.500000e+00
     vertex -6.468793e+00 -1.010716e+01  1.500000e+00
   endloop
 endfacet
 facet normal  0.000000e+00  0.000000e+00  1.000000e+00
   outer loop
     vertex -8.602528e+00 -5.098678e+00  1.500000e+00
     vertex -1.032303e+01 -6.118413e+00  1.500000e+00
     vertex -1.015130e+01 -6.399313e+00  1.500000e+00
   endloop
 endfacet
 facet normal  0.000000e+00  0.000000e+00  1.000000e+00
   outer loop
     vertex -8.602528e+00 -5.098678e+00  1.500000e+00
     vertex -1.015130e+01 -6.399313e+00  1.500000e+00
     vertex -8.459413e+00 -5.332761e+00  1.500000e+00
   endloop
 endfacet
 facet normal  0.000000e+00  0.000000e+00  1.000000e+00
   outer loop
     vertex -4.920587e+00 -8.705620e+00  1.500000e+00
     vertex -5.157565e+00 -8.567352e+00  1.500000e+00
     vertex -6.189078e+00 -1.028082e+01  1.500000e+00
   endloop
 endfacet
 facet normal  0.000000e+00  0.000000e+00  1.000000e+00
   outer loop
     vertex -4.920587e+00 -8.705620e+00  1.500000e+00
     vertex -6.189078e+00 -1.028082e+01  1.500000e+00
     vertex -5.904704e+00 -1.044674e+01  1.500000e+00
   endloop
 endfacet
 facet normal  0.000000e+00  0.000000e+00  1.000000e+00
   outer loop
     vertex -8.739167e+00 -4.860756e+00  1.500000e+00
     vertex -1.032303e+01 -6.118413e+00  1.500000e+00
     vertex -8.602528e+00 -5.098678e+00  1.500000e+00
   endloop
 endfacet
 facet normal  0.000000e+00  0.000000e+00  1.000000e+00
   outer loop
     vertex -8.739167e+00 -4.860756e+00  1.500000e+00
     vertex -1.048700e+01 -5.832908e+00  1.500000e+00
     vertex -1.032303e+01 -6.118413e+00  1.500000e+00
   endloop
 endfacet
 facet normal  0.000000e+00  0.000000e+00  1.000000e+00
   outer loop
     vertex -4.679904e+00 -8.837335e+00  1.500000e+00
     vertex -5.904704e+00 -1.044674e+01  1.500000e+00
     vertex -5.615885e+00 -1.060480e+01  1.500000e+00
   endloop
 endfacet
 facet normal  0.000000e+00  0.000000e+00  1.000000e+00
   outer loop
     vertex -4.679904e+00 -8.837335e+00  1.500000e+00
     vertex -5.615885e+00 -1.060480e+01  1.500000e+00
     vertex -5.322839e+00 -1.075488e+01  1.500000e+00
   endloop
 endfacet
 facet normal  0.000000e+00  0.000000e+00  1.000000e+00
   outer loop
     vertex -4.679904e+00 -8.837335e+00  1.500000e+00
     vertex -4.920587e+00 -8.705620e+00  1.500000e+00
     vertex -5.904704e+00 -1.044674e+01  1.500000e+00
   endloop
 endfacet
 facet normal  0.000000e+00  0.000000e+00  1.000000e+00
   outer loop
     vertex -8.869228e+00 -4.619176e+00  1.500000e+00
     vertex -1.048700e+01 -5.832908e+00  1.500000e+00
     vertex -8.739167e+00 -4.860756e+00  1.500000e+00
   endloop
 endfacet
 facet normal  0.000000e+00  0.000000e+00  1.000000e+00
   outer loop
     vertex -8.869228e+00 -4.619176e+00  1.500000e+00
     vertex -1.064307e+01 -5.543011e+00  1.500000e+00
     vertex -1.048700e+01 -5.832908e+00  1.500000e+00
   endloop
 endfacet
 facet normal  0.000000e+00  0.000000e+00  1.000000e+00
   outer loop
     vertex -4.435699e+00 -8.962398e+00  1.500000e+00
     vertex -5.322839e+00 -1.075488e+01  1.500000e+00
     vertex -5.025786e+00 -1.089686e+01  1.500000e+00
   endloop
 endfacet
 facet normal  0.000000e+00  0.000000e+00  1.000000e+00
   outer loop
     vertex -4.435699e+00 -8.962398e+00  1.500000e+00
     vertex -4.679904e+00 -8.837335e+00  1.500000e+00
     vertex -5.322839e+00 -1.075488e+01  1.500000e+00
   endloop
 endfacet
 facet normal  0.000000e+00  0.000000e+00  1.000000e+00
   outer loop
     vertex -8.992613e+00 -4.374119e+00  1.500000e+00
     vertex -1.093107e+01 -4.950922e+00  1.500000e+00
     vertex -1.079114e+01 -5.248942e+00  1.500000e+00
   endloop
 endfacet
 facet normal  0.000000e+00  0.000000e+00  1.000000e+00
   outer loop
     vertex -8.992613e+00 -4.374119e+00  1.500000e+00
     vertex -1.079114e+01 -5.248942e+00  1.500000e+00
     vertex -1.064307e+01 -5.543011e+00  1.500000e+00
   endloop
 endfacet
 facet normal  0.000000e+00  0.000000e+00  1.000000e+00
   outer loop
     vertex -8.992613e+00 -4.374119e+00  1.500000e+00
     vertex -1.064307e+01 -5.543011e+00  1.500000e+00
     vertex -8.869228e+00 -4.619176e+00  1.500000e+00
   endloop
 endfacet
 facet normal  0.000000e+00  0.000000e+00  1.000000e+00
   outer loop
     vertex -4.188155e+00 -9.080714e+00  1.500000e+00
     vertex -4.435699e+00 -8.962398e+00  1.500000e+00
     vertex -5.025786e+00 -1.089686e+01  1.500000e+00
   endloop
 endfacet
 facet normal  0.000000e+00  0.000000e+00  1.000000e+00
   outer loop
     vertex -9.109228e+00 -4.125769e+00  1.500000e+00
     vertex -1.093107e+01 -4.950922e+00  1.500000e+00
     vertex -8.992613e+00 -4.374119e+00  1.500000e+00
   endloop
 endfacet
 facet normal  0.000000e+00  0.000000e+00  1.000000e+00
   outer loop
     vertex -3.937458e+00 -9.192194e+00  1.500000e+00
     vertex -4.188155e+00 -9.080714e+00  1.500000e+00
     vertex -5.025786e+00 -1.089686e+01  1.500000e+00
   endloop
 endfacet
 facet normal  0.000000e+00  0.000000e+00  1.000000e+00
   outer loop
     vertex -3.937458e+00 -9.192194e+00  1.500000e+00
     vertex -5.025786e+00 -1.089686e+01  1.500000e+00
     vertex -4.724949e+00 -1.103063e+01  1.500000e+00
   endloop
 endfacet
 facet normal  0.000000e+00  0.000000e+00  1.000000e+00
   outer loop
     vertex -9.218986e+00 -3.874313e+00  1.500000e+00
     vertex -1.106278e+01 -4.649175e+00  1.500000e+00
     vertex -1.093107e+01 -4.950922e+00  1.500000e+00
   endloop
 endfacet
 facet normal  0.000000e+00  0.000000e+00  1.000000e+00
   outer loop
     vertex -9.218986e+00 -3.874313e+00  1.500000e+00
     vertex -1.093107e+01 -4.950922e+00  1.500000e+00
     vertex -9.109228e+00 -4.125769e+00  1.500000e+00
   endloop
 endfacet
 facet normal  0.000000e+00  0.000000e+00  1.000000e+00
   outer loop
     vertex -3.683796e+00 -9.296754e+00  1.500000e+00
     vertex -4.724949e+00 -1.103063e+01  1.500000e+00
     vertex -4.420556e+00 -1.115611e+01  1.500000e+00
   endloop
 endfacet
 facet normal  0.000000e+00  0.000000e+00  1.000000e+00
   outer loop
     vertex -3.683796e+00 -9.296754e+00  1.500000e+00
     vertex -4.420556e+00 -1.115611e+01  1.500000e+00
     vertex -4.112835e+00 -1.127318e+01  1.500000e+00
   endloop
 endfacet
 facet normal  0.000000e+00  0.000000e+00  1.000000e+00
   outer loop
     vertex -3.683796e+00 -9.296754e+00  1.500000e+00
     vertex -3.937458e+00 -9.192194e+00  1.500000e+00
     vertex -4.724949e+00 -1.103063e+01  1.500000e+00
   endloop
 endfacet
 facet normal  0.000000e+00  0.000000e+00  1.000000e+00
   outer loop
     vertex -9.321804e+00 -3.619940e+00  1.500000e+00
     vertex -1.118616e+01 -4.343928e+00  1.500000e+00
     vertex -1.106278e+01 -4.649175e+00  1.500000e+00
   endloop
 endfacet
 facet normal  0.000000e+00  0.000000e+00  1.000000e+00
   outer loop
     vertex -9.321804e+00 -3.619940e+00  1.500000e+00
     vertex -1.106278e+01 -4.649175e+00  1.500000e+00
     vertex -9.218986e+00 -3.874313e+00  1.500000e+00
   endloop
 endfacet
 facet normal  0.000000e+00  0.000000e+00  1.000000e+00
   outer loop
     vertex -3.427362e+00 -9.394317e+00  1.500000e+00
     vertex -3.683796e+00 -9.296754e+00  1.500000e+00
     vertex -4.112835e+00 -1.127318e+01  1.500000e+00
   endloop
 endfacet
 facet normal  0.000000e+00  0.000000e+00  1.000000e+00
   outer loop
     vertex -9.417605e+00 -3.362843e+00  1.500000e+00
     vertex -1.130113e+01 -4.035412e+00  1.500000e+00
     vertex -1.118616e+01 -4.343928e+00  1.500000e+00
   endloop
 endfacet
 facet normal  0.000000e+00  0.000000e+00  1.000000e+00
   outer loop
     vertex -9.417605e+00 -3.362843e+00  1.500000e+00
     vertex -1.118616e+01 -4.343928e+00  1.500000e+00
     vertex -9.321804e+00 -3.619940e+00  1.500000e+00
   endloop
 endfacet
 facet normal  0.000000e+00  0.000000e+00  1.000000e+00
   outer loop
     vertex -3.168348e+00 -9.484807e+00  1.500000e+00
     vertex -3.427362e+00 -9.394317e+00  1.500000e+00
     vertex -4.112835e+00 -1.127318e+01  1.500000e+00
   endloop
 endfacet
 facet normal  0.000000e+00  0.000000e+00  1.000000e+00
   outer loop
     vertex -3.168348e+00 -9.484807e+00  1.500000e+00
     vertex -4.112835e+00 -1.127318e+01  1.500000e+00
     vertex -3.802018e+00 -1.138177e+01  1.500000e+00
   endloop
 endfacet
 facet normal  0.000000e+00  0.000000e+00  1.000000e+00
   outer loop
     vertex -9.506317e+00 -3.103214e+00  1.500000e+00
     vertex -1.140758e+01 -3.723857e+00  1.500000e+00
     vertex -1.130113e+01 -4.035412e+00  1.500000e+00
   endloop
 endfacet
 facet normal  0.000000e+00  0.000000e+00  1.000000e+00
   outer loop
     vertex -9.506317e+00 -3.103214e+00  1.500000e+00
     vertex -1.130113e+01 -4.035412e+00  1.500000e+00
     vertex -9.417605e+00 -3.362843e+00  1.500000e+00
   endloop
 endfacet
 facet normal  0.000000e+00  0.000000e+00  1.000000e+00
   outer loop
     vertex -2.906949e+00 -9.568158e+00  1.500000e+00
     vertex -3.802018e+00 -1.138177e+01  1.500000e+00
     vertex -3.488339e+00 -1.148179e+01  1.500000e+00
   endloop
 endfacet
 facet normal  0.000000e+00  0.000000e+00  1.000000e+00
   outer loop
     vertex -2.906949e+00 -9.568158e+00  1.500000e+00
     vertex -3.168348e+00 -9.484807e+00  1.500000e+00
     vertex -3.802018e+00 -1.138177e+01  1.500000e+00
   endloop
 endfacet
 facet normal  0.000000e+00  0.000000e+00  1.000000e+00
   outer loop
     vertex -9.587873e+00 -2.841250e+00  1.500000e+00
     vertex -1.140758e+01 -3.723857e+00  1.500000e+00
     vertex -9.506317e+00 -3.103214e+00  1.500000e+00
   endloop
 endfacet
 facet normal  0.000000e+00  0.000000e+00  1.000000e+00
   outer loop
     vertex -9.587873e+00 -2.841250e+00  1.500000e+00
     vertex -1.150545e+01 -3.409499e+00  1.500000e+00
     vertex -1.140758e+01 -3.723857e+00  1.500000e+00
   endloop
 endfacet
 facet normal  0.000000e+00  0.000000e+00  1.000000e+00
   outer loop
     vertex -2.643362e+00 -9.644306e+00  1.500000e+00
     vertex -2.906949e+00 -9.568158e+00  1.500000e+00
     vertex -3.488339e+00 -1.148179e+01  1.500000e+00
   endloop
 endfacet
 facet normal  0.000000e+00  0.000000e+00  1.000000e+00
   outer loop
     vertex -2.643362e+00 -9.644306e+00  1.500000e+00
     vertex -3.488339e+00 -1.148179e+01  1.500000e+00
     vertex -3.172034e+00 -1.157317e+01  1.500000e+00
   endloop
 endfacet
 facet normal  0.000000e+00  0.000000e+00  1.000000e+00
   outer loop
     vertex -9.662211e+00 -2.577146e+00  1.500000e+00
     vertex -1.167513e+01 -2.773323e+00  1.500000e+00
     vertex -1.159465e+01 -3.092575e+00  1.500000e+00
   endloop
 endfacet
 facet normal  0.000000e+00  0.000000e+00  1.000000e+00
   outer loop
     vertex -9.662211e+00 -2.577146e+00  1.500000e+00
     vertex -1.159465e+01 -3.092575e+00  1.500000e+00
     vertex -1.150545e+01 -3.409499e+00  1.500000e+00
   endloop
 endfacet
 facet normal  0.000000e+00  0.000000e+00  1.000000e+00
   outer loop
     vertex -9.662211e+00 -2.577146e+00  1.500000e+00
     vertex -1.150545e+01 -3.409499e+00  1.500000e+00
     vertex -9.587873e+00 -2.841250e+00  1.500000e+00
   endloop
 endfacet
 facet normal  0.000000e+00  0.000000e+00  1.000000e+00
   outer loop
     vertex -2.377784e+00 -9.713194e+00  1.500000e+00
     vertex -2.643362e+00 -9.644306e+00  1.500000e+00
     vertex -3.172034e+00 -1.157317e+01  1.500000e+00
   endloop
 endfacet
 facet normal  0.000000e+00  0.000000e+00  1.000000e+00
   outer loop
     vertex -2.377784e+00 -9.713194e+00  1.500000e+00
     vertex -3.172034e+00 -1.157317e+01  1.500000e+00
     vertex -2.853341e+00 -1.165583e+01  1.500000e+00
   endloop
 endfacet
 facet normal  0.000000e+00  0.000000e+00  1.000000e+00
   outer loop
     vertex -9.729276e+00 -2.311102e+00  1.500000e+00
     vertex -1.167513e+01 -2.773323e+00  1.500000e+00
     vertex -9.662211e+00 -2.577146e+00  1.500000e+00
   endloop
 endfacet
 facet normal  0.000000e+00  0.000000e+00  1.000000e+00
   outer loop
     vertex -2.110417e+00 -9.774771e+00  1.500000e+00
     vertex -2.377784e+00 -9.713194e+00  1.500000e+00
     vertex -2.853341e+00 -1.165583e+01  1.500000e+00
   endloop
 endfacet
 facet normal  0.000000e+00  0.000000e+00  1.000000e+00
   outer loop
     vertex -2.110417e+00 -9.774771e+00  1.500000e+00
     vertex -2.853341e+00 -1.165583e+01  1.500000e+00
     vertex -2.532501e+00 -1.172972e+01  1.500000e+00
   endloop
 endfacet
 facet normal  0.000000e+00  0.000000e+00  1.000000e+00
   outer loop
     vertex -9.789017e+00 -2.043319e+00  1.500000e+00
     vertex -1.180967e+01 -2.128797e+00  1.500000e+00
     vertex -1.174682e+01 -2.451983e+00  1.500000e+00
   endloop
 endfacet
 facet normal  0.000000e+00  0.000000e+00  1.000000e+00
   outer loop
     vertex -9.789017e+00 -2.043319e+00  1.500000e+00
     vertex -1.174682e+01 -2.451983e+00  1.500000e+00
     vertex -1.167513e+01 -2.773323e+00  1.500000e+00
   endloop
 endfacet
 facet normal  0.000000e+00  0.000000e+00  1.000000e+00
   outer loop
     vertex -9.789017e+00 -2.043319e+00  1.500000e+00
     vertex -1.167513e+01 -2.773323e+00  1.500000e+00
     vertex -9.729276e+00 -2.311102e+00  1.500000e+00
   endloop
 endfacet
 facet normal  0.000000e+00  0.000000e+00  1.000000e+00
   outer loop
     vertex -1.841461e+00 -9.828989e+00  1.500000e+00
     vertex -2.110417e+00 -9.774771e+00  1.500000e+00
     vertex -2.532501e+00 -1.172972e+01  1.500000e+00
   endloop
 endfacet
 facet normal  0.000000e+00  0.000000e+00  1.000000e+00
   outer loop
     vertex -1.841461e+00 -9.828989e+00  1.500000e+00
     vertex -2.532501e+00 -1.172972e+01  1.500000e+00
     vertex -2.209754e+00 -1.179479e+01  1.500000e+00
   endloop
 endfacet
 facet normal  0.000000e+00  0.000000e+00  1.000000e+00
   outer loop
     vertex -9.841389e+00 -1.773998e+00  1.500000e+00
     vertex -1.180967e+01 -2.128797e+00  1.500000e+00
     vertex -9.789017e+00 -2.043319e+00  1.500000e+00
   endloop
 endfacet
 facet normal  0.000000e+00  0.000000e+00  1.000000e+00
   outer loop
     vertex -1.571119e+00 -9.875808e+00  1.500000e+00
     vertex -1.841461e+00 -9.828989e+00  1.500000e+00
     vertex -2.209754e+00 -1.179479e+01  1.500000e+00
   endloop
 endfacet
 facet normal  0.000000e+00  0.000000e+00  1.000000e+00
   outer loop
     vertex -1.571119e+00 -9.875808e+00  1.500000e+00
     vertex -2.209754e+00 -1.179479e+01  1.500000e+00
     vertex -1.885343e+00 -1.185097e+01  1.500000e+00
   endloop
 endfacet
 facet normal  0.000000e+00  0.000000e+00  1.000000e+00
   outer loop
     vertex -9.886353e+00 -1.503341e+00  1.500000e+00
     vertex -1.186362e+01 -1.804009e+00  1.500000e+00
     vertex -1.180967e+01 -2.128797e+00  1.500000e+00
   endloop
 endfacet
 facet normal  0.000000e+00  0.000000e+00  1.000000e+00
   outer loop
     vertex -9.886353e+00 -1.503341e+00  1.500000e+00
     vertex -1.180967e+01 -2.128797e+00  1.500000e+00
     vertex -9.841389e+00 -1.773998e+00  1.500000e+00
   endloop
 endfacet
 facet normal  0.000000e+00  0.000000e+00  1.000000e+00
   outer loop
     vertex -1.299594e+00 -9.915193e+00  1.500000e+00
     vertex -1.571119e+00 -9.875808e+00  1.500000e+00
     vertex -1.885343e+00 -1.185097e+01  1.500000e+00
   endloop
 endfacet
 facet normal  0.000000e+00  0.000000e+00  1.000000e+00
   outer loop
     vertex -1.299594e+00 -9.915193e+00  1.500000e+00
     vertex -1.885343e+00 -1.185097e+01  1.500000e+00
     vertex -1.559513e+00 -1.189823e+01  1.500000e+00
   endloop
 endfacet
 facet normal  0.000000e+00  0.000000e+00  1.000000e+00
   outer loop
     vertex -1.299594e+00 -9.915193e+00  1.500000e+00
     vertex -1.559513e+00 -1.189823e+01  1.500000e+00
     vertex -1.232510e+00 -1.193654e+01  1.500000e+00
   endloop
 endfacet
 facet normal  0.000000e+00  0.000000e+00  1.000000e+00
   outer loop
     vertex -9.923874e+00 -1.231552e+00  1.500000e+00
     vertex -1.186362e+01 -1.804009e+00  1.500000e+00
     vertex -9.886353e+00 -1.503341e+00  1.500000e+00
   endloop
 endfacet
 facet normal  0.000000e+00  0.000000e+00  1.000000e+00
   outer loop
     vertex -9.923874e+00 -1.231552e+00  1.500000e+00
     vertex -1.190865e+01 -1.477863e+00  1.500000e+00
     vertex -1.186362e+01 -1.804009e+00  1.500000e+00
   endloop
 endfacet
 facet normal  0.000000e+00  0.000000e+00  1.000000e+00
   outer loop
     vertex -1.027091e+00 -9.947114e+00  1.500000e+00
     vertex -1.299594e+00 -9.915193e+00  1.500000e+00
     vertex -1.232510e+00 -1.193654e+01  1.500000e+00
   endloop
 endfacet
 facet normal  0.000000e+00  0.000000e+00  1.000000e+00
   outer loop
     vertex -9.953925e+00 -9.588368e-01  1.500000e+00
     vertex -1.194471e+01 -1.150604e+00  1.500000e+00
     vertex -1.190865e+01 -1.477863e+00  1.500000e+00
   endloop
 endfacet
 facet normal  0.000000e+00  0.000000e+00  1.000000e+00
   outer loop
     vertex -9.953925e+00 -9.588368e-01  1.500000e+00
     vertex -1.190865e+01 -1.477863e+00  1.500000e+00
     vertex -9.923874e+00 -1.231552e+00  1.500000e+00
   endloop
 endfacet
 facet normal  0.000000e+00  0.000000e+00  1.000000e+00
   outer loop
     vertex -7.538152e-01 -9.971548e+00  1.500000e+00
     vertex -1.232510e+00 -1.193654e+01  1.500000e+00
     vertex -9.045783e-01 -1.196586e+01  1.500000e+00
   endloop
 endfacet
 facet normal  0.000000e+00  0.000000e+00  1.000000e+00
   outer loop
     vertex -7.538152e-01 -9.971548e+00  1.500000e+00
     vertex -9.045783e-01 -1.196586e+01  1.500000e+00
     vertex -5.759659e-01 -1.198617e+01  1.500000e+00
   endloop
 endfacet
 facet normal  0.000000e+00  0.000000e+00  1.000000e+00
   outer loop
     vertex -7.538152e-01 -9.971548e+00  1.500000e+00
     vertex -1.027091e+00 -9.947114e+00  1.500000e+00
     vertex -1.232510e+00 -1.193654e+01  1.500000e+00
   endloop
 endfacet
 facet normal  0.000000e+00  0.000000e+00  1.000000e+00
   outer loop
     vertex -9.976484e+00 -6.853995e-01  1.500000e+00
     vertex -1.197178e+01 -8.224794e-01  1.500000e+00
     vertex -1.194471e+01 -1.150604e+00  1.500000e+00
   endloop
 endfacet
 facet normal  0.000000e+00  0.000000e+00  1.000000e+00
   outer loop
     vertex -9.976484e+00 -6.853995e-01  1.500000e+00
     vertex -1.194471e+01 -1.150604e+00  1.500000e+00
     vertex -9.953925e+00 -9.588368e-01  1.500000e+00
   endloop
 endfacet
 facet normal  0.000000e+00  0.000000e+00  1.000000e+00
   outer loop
     vertex -4.799716e-01 -9.988475e+00  1.500000e+00
     vertex -7.538152e-01 -9.971548e+00  1.500000e+00
     vertex -5.759659e-01 -1.198617e+01  1.500000e+00
   endloop
 endfacet
 facet normal  0.000000e+00  0.000000e+00  1.000000e+00
   outer loop
     vertex -9.991532e+00 -4.114462e-01  1.500000e+00
     vertex -1.198984e+01 -4.937354e-01  1.500000e+00
     vertex -1.197178e+01 -8.224794e-01  1.500000e+00
   endloop
 endfacet
 facet normal  0.000000e+00  0.000000e+00  1.000000e+00
   outer loop
     vertex -9.991532e+00 -4.114462e-01  1.500000e+00
     vertex -1.197178e+01 -8.224794e-01  1.500000e+00
     vertex -9.976484e+00 -6.853995e-01  1.500000e+00
   endloop
 endfacet
 facet normal  0.000000e+00  0.000000e+00  1.000000e+00
   outer loop
     vertex -2.057667e-01 -9.997883e+00  1.500000e+00
     vertex -5.759659e-01 -1.198617e+01  1.500000e+00
     vertex -2.469200e-01 -1.199746e+01  1.500000e+00
   endloop
 endfacet
 facet normal  0.000000e+00  0.000000e+00  1.000000e+00
   outer loop
     vertex -2.057667e-01 -9.997883e+00  1.500000e+00
     vertex -4.799716e-01 -9.988475e+00  1.500000e+00
     vertex -5.759659e-01 -1.198617e+01  1.500000e+00
   endloop
 endfacet
 facet normal  0.000000e+00  0.000000e+00  1.000000e+00
   outer loop
     vertex -9.999059e+00 -1.371831e-01  1.500000e+00
     vertex -1.199887e+01 -1.646198e-01  1.500000e+00
     vertex -1.198984e+01 -4.937354e-01  1.500000e+00
   endloop
 endfacet
 facet normal  0.000000e+00  0.000000e+00  1.000000e+00
   outer loop
     vertex -9.999059e+00 -1.371831e-01  1.500000e+00
     vertex -1.198984e+01 -4.937354e-01  1.500000e+00
     vertex -9.991532e+00 -4.114462e-01  1.500000e+00
   endloop
 endfacet
 facet normal  0.000000e+00  0.000000e+00  1.000000e+00
   outer loop
     vertex  6.859319e-02 -9.999765e+00  1.500000e+00
     vertex -2.057667e-01 -9.997883e+00  1.500000e+00
     vertex -2.469200e-01 -1.199746e+01  1.500000e+00
   endloop
 endfacet
 facet normal  0.000000e+00  0.000000e+00  1.000000e+00
   outer loop
     vertex  6.859319e-02 -9.999765e+00  1.500000e+00
     vertex -2.469200e-01 -1.199746e+01  1.500000e+00
     vertex  8.231183e-02 -1.199972e+01  1.500000e+00
   endloop
 endfacet
 facet normal  0.000000e+00  0.000000e+00  1.000000e+00
   outer loop
     vertex  6.859319e-02 -9.999765e+00  1.500000e+00
     vertex  8.231183e-02 -1.199972e+01  1.500000e+00
     vertex  4.114817e-01 -1.199294e+01  1.500000e+00
   endloop
 endfacet
 facet normal  0.000000e+00  0.000000e+00  1.000000e+00
   outer loop
     vertex -9.999059e+00  1.371831e-01  1.500000e+00
     vertex -1.199887e+01  1.646198e-01  1.500000e+00
     vertex -1.199887e+01 -1.646198e-01  1.500000e+00
   endloop
 endfacet
 facet normal  0.000000e+00  0.000000e+00  1.000000e+00
   outer loop
     vertex -9.999059e+00  1.371831e-01  1.500000e+00
     vertex -1.199887e+01 -1.646198e-01  1.500000e+00
     vertex -9.999059e+00 -1.371831e-01  1.500000e+00
   endloop
 endfacet
 facet normal  0.000000e+00  0.000000e+00  1.000000e+00
   outer loop
     vertex  3.429014e-01 -9.994119e+00  1.500000e+00
     vertex  6.859319e-02 -9.999765e+00  1.500000e+00
     vertex  4.114817e-01 -1.199294e+01  1.500000e+00
   endloop
 endfacet
 facet normal  0.000000e+00  0.000000e+00  1.000000e+00
   outer loop
     vertex -9.991532e+00  4.114462e-01  1.500000e+00
     vertex -1.199887e+01  1.646198e-01  1.500000e+00
     vertex -9.999059e+00  1.371831e-01  1.500000e+00
   endloop
 endfacet
 facet normal  0.000000e+00  0.000000e+00  1.000000e+00
   outer loop
     vertex -9.991532e+00  4.114462e-01  1.500000e+00
     vertex -1.198984e+01  4.937354e-01  1.500000e+00
     vertex -1.199887e+01  1.646198e-01  1.500000e+00
   endloop
 endfacet
 facet normal  0.000000e+00  0.000000e+00  1.000000e+00
   outer loop
     vertex  6.169515e-01 -9.980950e+00  1.500000e+00
     vertex  3.429014e-01 -9.994119e+00  1.500000e+00
     vertex  4.114817e-01 -1.199294e+01  1.500000e+00
   endloop
 endfacet
 facet normal  0.000000e+00  0.000000e+00  1.000000e+00
   outer loop
     vertex  6.169515e-01 -9.980950e+00  1.500000e+00
     vertex  4.114817e-01 -1.199294e+01  1.500000e+00
     vertex  7.403418e-01 -1.197714e+01  1.500000e+00
   endloop
 endfacet
 facet normal  0.000000e+00  0.000000e+00  1.000000e+00
   outer loop
     vertex -9.976484e+00  6.853995e-01  1.500000e+00
     vertex -1.197178e+01  8.224794e-01  1.500000e+00
     vertex -1.198984e+01  4.937354e-01  1.500000e+00
   endloop
 endfacet
 facet normal  0.000000e+00  0.000000e+00  1.000000e+00
   outer loop
     vertex -9.976484e+00  6.853995e-01  1.500000e+00
     vertex -1.198984e+01  4.937354e-01  1.500000e+00
     vertex -9.991532e+00  4.114462e-01  1.500000e+00
   endloop
 endfacet
 facet normal  0.000000e+00  0.000000e+00  1.000000e+00
   outer loop
     vertex  8.905371e-01 -9.960268e+00  1.500000e+00
     vertex  6.169515e-01 -9.980950e+00  1.500000e+00
     vertex  7.403418e-01 -1.197714e+01  1.500000e+00
   endloop
 endfacet
 facet normal  0.000000e+00  0.000000e+00  1.000000e+00
   outer loop
     vertex  8.905371e-01 -9.960268e+00  1.500000e+00
     vertex  7.403418e-01 -1.197714e+01  1.500000e+00
     vertex  1.068645e+00 -1.195232e+01  1.500000e+00
   endloop
 endfacet
 facet normal  0.000000e+00  0.000000e+00  1.000000e+00
   outer loop
     vertex -9.953925e+00  9.588368e-01  1.500000e+00
     vertex -1.194471e+01  1.150604e+00  1.500000e+00
     vertex -1.197178e+01  8.224794e-01  1.500000e+00
   endloop
 endfacet
 facet normal  0.000000e+00  0.000000e+00  1.000000e+00
   outer loop
     vertex -9.953925e+00  9.588368e-01  1.500000e+00
     vertex -1.197178e+01  8.224794e-01  1.500000e+00
     vertex -9.976484e+00  6.853995e-01  1.500000e+00
   endloop
 endfacet
 facet normal  0.000000e+00  0.000000e+00  1.000000e+00
   outer loop
     vertex  1.163452e+00 -9.932088e+00  1.500000e+00
     vertex  8.905371e-01 -9.960268e+00  1.500000e+00
     vertex  1.068645e+00 -1.195232e+01  1.500000e+00
   endloop
 endfacet
 facet normal  0.000000e+00  0.000000e+00  1.000000e+00
   outer loop
     vertex  1.163452e+00 -9.932088e+00  1.500000e+00
     vertex  1.068645e+00 -1.195232e+01  1.500000e+00
     vertex  1.396143e+00 -1.191851e+01  1.500000e+00
   endloop
 endfacet
 facet normal  0.000000e+00  0.000000e+00  1.000000e+00
   outer loop
     vertex -9.923874e+00  1.231552e+00  1.500000e+00
     vertex -1.194471e+01  1.150604e+00  1.500000e+00
     vertex -9.953925e+00  9.588368e-01  1.500000e+00
   endloop
 endfacet
 facet normal  0.000000e+00  0.000000e+00  1.000000e+00
   outer loop
     vertex -9.923874e+00  1.231552e+00  1.500000e+00
     vertex -1.190865e+01  1.477863e+00  1.500000e+00
     vertex -1.194471e+01  1.150604e+00  1.500000e+00
   endloop
 endfacet
 facet normal  0.000000e+00  0.000000e+00  1.000000e+00
   outer loop
     vertex  1.435492e+00 -9.896432e+00  1.500000e+00
     vertex  1.163452e+00 -9.932088e+00  1.500000e+00
     vertex  1.396143e+00 -1.191851e+01  1.500000e+00
   endloop
 endfacet
 facet normal  0.000000e+00  0.000000e+00  1.000000e+00
   outer loop
     vertex  1.435492e+00 -9.896432e+00  1.500000e+00
     vertex  1.396143e+00 -1.191851e+01  1.500000e+00
     vertex  1.722590e+00 -1.187572e+01  1.500000e+00
   endloop
 endfacet
 facet normal  0.000000e+00  0.000000e+00  1.000000e+00
   outer loop
     vertex -9.886353e+00  1.503341e+00  1.500000e+00
     vertex -1.186362e+01  1.804009e+00  1.500000e+00
     vertex -1.190865e+01  1.477863e+00  1.500000e+00
   endloop
 endfacet
 facet normal  0.000000e+00  0.000000e+00  1.000000e+00
   outer loop
     vertex -9.886353e+00  1.503341e+00  1.500000e+00
     vertex -1.190865e+01  1.477863e+00  1.500000e+00
     vertex -9.923874e+00  1.231552e+00  1.500000e+00
   endloop
 endfacet
 facet normal  0.000000e+00  0.000000e+00  1.000000e+00
   outer loop
     vertex  1.706451e+00 -9.853326e+00  1.500000e+00
     vertex  1.435492e+00 -9.896432e+00  1.500000e+00
     vertex  1.722590e+00 -1.187572e+01  1.500000e+00
   endloop
 endfacet
 facet normal  0.000000e+00  0.000000e+00  1.000000e+00
   outer loop
     vertex  1.706451e+00 -9.853326e+00  1.500000e+00
     vertex  1.722590e+00 -1.187572e+01  1.500000e+00
     vertex  2.047741e+00 -1.182399e+01  1.500000e+00
   endloop
 endfacet
 facet normal  0.000000e+00  0.000000e+00  1.000000e+00
   outer loop
     vertex -9.841389e+00  1.773998e+00  1.500000e+00
     vertex -1.186362e+01  1.804009e+00  1.500000e+00
     vertex -9.886353e+00  1.503341e+00  1.500000e+00
   endloop
 endfacet
 facet normal  0.000000e+00  0.000000e+00  1.000000e+00
   outer loop
     vertex -9.841389e+00  1.773998e+00  1.500000e+00
     vertex -1.180967e+01  2.128797e+00  1.500000e+00
     vertex -1.186362e+01  1.804009e+00  1.500000e+00
   endloop
 endfacet
 facet normal  0.000000e+00  0.000000e+00  1.000000e+00
   outer loop
     vertex  1.976125e+00 -9.802802e+00  1.500000e+00
     vertex  1.706451e+00 -9.853326e+00  1.500000e+00
     vertex  2.047741e+00 -1.182399e+01  1.500000e+00
   endloop
 endfacet
 facet normal  0.000000e+00  0.000000e+00  1.000000e+00
   outer loop
     vertex  1.976125e+00 -9.802802e+00  1.500000e+00
     vertex  2.047741e+00 -1.182399e+01  1.500000e+00
     vertex  2.371350e+00 -1.176336e+01  1.500000e+00
   endloop
 endfacet
 facet normal  0.000000e+00  0.000000e+00  1.000000e+00
   outer loop
     vertex -9.789017e+00  2.043319e+00  1.500000e+00
     vertex -1.174682e+01  2.451983e+00  1.500000e+00
     vertex -1.180967e+01  2.128797e+00  1.500000e+00
   endloop
 endfacet
 facet normal  0.000000e+00  0.000000e+00  1.000000e+00
   outer loop
     vertex -9.789017e+00  2.043319e+00  1.500000e+00
     vertex -1.180967e+01  2.128797e+00  1.500000e+00
     vertex -9.841389e+00  1.773998e+00  1.500000e+00
   endloop
 endfacet
 facet normal  0.000000e+00  0.000000e+00  1.000000e+00
   outer loop
     vertex  2.244312e+00 -9.744899e+00  1.500000e+00
     vertex  1.976125e+00 -9.802802e+00  1.500000e+00
     vertex  2.371350e+00 -1.176336e+01  1.500000e+00
   endloop
 endfacet
 facet normal  0.000000e+00  0.000000e+00  1.000000e+00
   outer loop
     vertex  2.244312e+00 -9.744899e+00  1.500000e+00
     vertex  2.371350e+00 -1.176336e+01  1.500000e+00
     vertex  2.693174e+00 -1.169388e+01  1.500000e+00
   endloop
 endfacet
 facet normal  0.000000e+00  0.000000e+00  1.000000e+00
   outer loop
     vertex -9.729276e+00  2.311102e+00  1.500000e+00
     vertex -1.167513e+01  2.773323e+00  1.500000e+00
     vertex -1.174682e+01  2.451983e+00  1.500000e+00
   endloop
 endfacet
 facet normal  0.000000e+00  0.000000e+00  1.000000e+00
   outer loop
     vertex -9.729276e+00  2.311102e+00  1.500000e+00
     vertex -1.174682e+01  2.451983e+00  1.500000e+00
     vertex -9.789017e+00  2.043319e+00  1.500000e+00
   endloop
 endfacet
 facet normal  0.000000e+00  0.000000e+00  1.000000e+00
   outer loop
     vertex  2.510809e+00 -9.679661e+00  1.500000e+00
     vertex  2.244312e+00 -9.744899e+00  1.500000e+00
     vertex  2.693174e+00 -1.169388e+01  1.500000e+00
   endloop
 endfacet
 facet normal  0.000000e+00  0.000000e+00  1.000000e+00
   outer loop
     vertex  2.510809e+00 -9.679661e+00  1.500000e+00
     vertex  2.693174e+00 -1.169388e+01  1.500000e+00
     vertex  3.012971e+00 -1.161559e+01  1.500000e+00
   endloop
 endfacet
 facet normal  0.000000e+00  0.000000e+00  1.000000e+00
   outer loop
     vertex -9.662211e+00  2.577146e+00  1.500000e+00
     vertex -1.159465e+01  3.092575e+00  1.500000e+00
     vertex -1.167513e+01  2.773323e+00  1.500000e+00
   endloop
 endfacet
 facet normal  0.000000e+00  0.000000e+00  1.000000e+00
   outer loop
     vertex -9.662211e+00  2.577146e+00  1.500000e+00
     vertex -1.167513e+01  2.773323e+00  1.500000e+00
     vertex -9.729276e+00  2.311102e+00  1.500000e+00
   endloop
 endfacet
 facet normal  0.000000e+00  0.000000e+00  1.000000e+00
   outer loop
     vertex  2.775416e+00 -9.607136e+00  1.500000e+00
     vertex  2.510809e+00 -9.679661e+00  1.500000e+00
     vertex  3.012971e+00 -1.161559e+01  1.500000e+00
   endloop
 endfacet
 facet normal  0.000000e+00  0.000000e+00  1.000000e+00
   outer loop
     vertex  2.775416e+00 -9.607136e+00  1.500000e+00
     vertex  3.012971e+00 -1.161559e+01  1.500000e+00
     vertex  3.330500e+00 -1.152856e+01  1.500000e+00
   endloop
 endfacet
 facet normal  0.000000e+00  0.000000e+00  1.000000e+00
   outer loop
     vertex -9.587873e+00  2.841250e+00  1.500000e+00
     vertex -1.140758e+01  3.723857e+00  1.500000e+00
     vertex -1.150545e+01  3.409499e+00  1.500000e+00
   endloop
 endfacet
 facet normal  0.000000e+00  0.000000e+00  1.000000e+00
   outer loop
     vertex -9.587873e+00  2.841250e+00  1.500000e+00
     vertex -1.150545e+01  3.409499e+00  1.500000e+00
     vertex -1.159465e+01  3.092575e+00  1.500000e+00
   endloop
 endfacet
 facet normal  0.000000e+00  0.000000e+00  1.000000e+00
   outer loop
     vertex -9.587873e+00  2.841250e+00  1.500000e+00
     vertex -1.159465e+01  3.092575e+00  1.500000e+00
     vertex -9.662211e+00  2.577146e+00  1.500000e+00
   endloop
 endfacet
 facet normal  0.000000e+00  0.000000e+00  1.000000e+00
   outer loop
     vertex  3.037934e+00 -9.527379e+00  1.500000e+00
     vertex  2.775416e+00 -9.607136e+00  1.500000e+00
     vertex  3.330500e+00 -1.152856e+01  1.500000e+00
   endloop
 endfacet
 facet normal  0.000000e+00  0.000000e+00  1.000000e+00
   outer loop
     vertex  3.037934e+00 -9.527379e+00  1.500000e+00
     vertex  3.330500e+00 -1.152856e+01  1.500000e+00
     vertex  3.645521e+00 -1.143286e+01  1.500000e+00
   endloop
 endfacet
 facet normal  0.000000e+00  0.000000e+00  1.000000e+00
   outer loop
     vertex -9.506317e+00  3.103214e+00  1.500000e+00
     vertex -1.130113e+01  4.035412e+00  1.500000e+00
     vertex -1.140758e+01  3.723857e+00  1.500000e+00
   endloop
 endfacet
 facet normal  0.000000e+00  0.000000e+00  1.000000e+00
   outer loop
     vertex -9.506317e+00  3.103214e+00  1.500000e+00
     vertex -1.140758e+01  3.723857e+00  1.500000e+00
     vertex -9.587873e+00  2.841250e+00  1.500000e+00
   endloop
 endfacet
 facet normal  0.000000e+00  0.000000e+00  1.000000e+00
   outer loop
     vertex  3.298166e+00 -9.440450e+00  1.500000e+00
     vertex  3.037934e+00 -9.527379e+00  1.500000e+00
     vertex  3.645521e+00 -1.143286e+01  1.500000e+00
   endloop
 endfacet
 facet normal  0.000000e+00  0.000000e+00  1.000000e+00
   outer loop
     vertex  3.298166e+00 -9.440450e+00  1.500000e+00
     vertex  3.645521e+00 -1.143286e+01  1.500000e+00
     vertex  3.957799e+00 -1.132854e+01  1.500000e+00
   endloop
 endfacet
 facet normal  0.000000e+00  0.000000e+00  1.000000e+00
   outer loop
     vertex -9.417605e+00  3.362843e+00  1.500000e+00
     vertex -1.130113e+01  4.035412e+00  1.500000e+00
     vertex -9.506317e+00  3.103214e+00  1.500000e+00
   endloop
 endfacet
 facet normal  0.000000e+00  0.000000e+00  1.000000e+00
   outer loop
     vertex  3.555914e+00 -9.346415e+00  1.500000e+00
     vertex  3.957799e+00 -1.132854e+01  1.500000e+00
     vertex  4.267097e+00 -1.121570e+01  1.500000e+00
   endloop
 endfacet
 facet normal  0.000000e+00  0.000000e+00  1.000000e+00
   outer loop
     vertex  3.555914e+00 -9.346415e+00  1.500000e+00
     vertex  3.298166e+00 -9.440450e+00  1.500000e+00
     vertex  3.957799e+00 -1.132854e+01  1.500000e+00
   endloop
 endfacet
 facet normal  0.000000e+00  0.000000e+00  1.000000e+00
   outer loop
     vertex -9.321804e+00  3.619940e+00  1.500000e+00
     vertex -1.118616e+01  4.343928e+00  1.500000e+00
     vertex -1.130113e+01  4.035412e+00  1.500000e+00
   endloop
 endfacet
 facet normal  0.000000e+00  0.000000e+00  1.000000e+00
   outer loop
     vertex -9.321804e+00  3.619940e+00  1.500000e+00
     vertex -1.130113e+01  4.035412e+00  1.500000e+00
     vertex -9.417605e+00  3.362843e+00  1.500000e+00
   endloop
 endfacet
 facet normal  0.000000e+00  0.000000e+00  1.000000e+00
   outer loop
     vertex  3.810986e+00 -9.245344e+00  1.500000e+00
     vertex  3.555914e+00 -9.346415e+00  1.500000e+00
     vertex  4.267097e+00 -1.121570e+01  1.500000e+00
   endloop
 endfacet
 facet normal  0.000000e+00  0.000000e+00  1.000000e+00
   outer loop
     vertex  3.810986e+00 -9.245344e+00  1.500000e+00
     vertex  4.267097e+00 -1.121570e+01  1.500000e+00
     vertex  4.573183e+00 -1.109441e+01  1.500000e+00
   endloop
 endfacet
 facet normal  0.000000e+00  0.000000e+00  1.000000e+00
   outer loop
     vertex -9.218986e+00  3.874313e+00  1.500000e+00
     vertex -1.106278e+01  4.649175e+00  1.500000e+00
     vertex -1.118616e+01  4.343928e+00  1.500000e+00
   endloop
 endfacet
 facet normal  0.000000e+00  0.000000e+00  1.000000e+00
   outer loop
     vertex -9.218986e+00  3.874313e+00  1.500000e+00
     vertex -1.118616e+01  4.343928e+00  1.500000e+00
     vertex -9.321804e+00  3.619940e+00  1.500000e+00
   endloop
 endfacet
 facet normal  0.000000e+00  0.000000e+00  1.000000e+00
   outer loop
     vertex -9.218986e+00  3.874313e+00  1.500000e+00
     vertex -1.093107e+01  4.950922e+00  1.500000e+00
     vertex -1.106278e+01  4.649175e+00  1.500000e+00
   endloop
 endfacet
 facet normal  0.000000e+00  0.000000e+00  1.000000e+00
   outer loop
     vertex  4.063188e+00 -9.137314e+00  1.500000e+00
     vertex  3.810986e+00 -9.245344e+00  1.500000e+00
     vertex  4.573183e+00 -1.109441e+01  1.500000e+00
   endloop
 endfacet
 facet normal  0.000000e+00  0.000000e+00  1.000000e+00
   outer loop
     vertex  4.063188e+00 -9.137314e+00  1.500000e+00
     vertex  4.573183e+00 -1.109441e+01  1.500000e+00
     vertex  4.875826e+00 -1.096478e+01  1.500000e+00
   endloop
 endfacet
 facet normal  0.000000e+00  0.000000e+00  1.000000e+00
   outer loop
     vertex  4.063188e+00 -9.137314e+00  1.500000e+00
     vertex  4.875826e+00 -1.096478e+01  1.500000e+00
     vertex  5.174799e+00 -1.082689e+01  1.500000e+00
   endloop
 endfacet
 facet normal  0.000000e+00  0.000000e+00  1.000000e+00
   outer loop
     vertex -9.109228e+00  4.125769e+00  1.500000e+00
     vertex -1.093107e+01  4.950922e+00  1.500000e+00
     vertex -9.218986e+00  3.874313e+00  1.500000e+00
   endloop
 endfacet
 facet normal  0.000000e+00  0.000000e+00  1.000000e+00
   outer loop
     vertex  4.312333e+00 -9.022405e+00  1.500000e+00
     vertex  4.063188e+00 -9.137314e+00  1.500000e+00
     vertex  5.174799e+00 -1.082689e+01  1.500000e+00
   endloop
 endfacet
 facet normal  0.000000e+00  0.000000e+00  1.000000e+00
   outer loop
     vertex  4.312333e+00 -9.022405e+00  1.500000e+00
     vertex  5.174799e+00 -1.082689e+01  1.500000e+00
     vertex  5.469877e+00 -1.068084e+01  1.500000e+00
   endloop
 endfacet
 facet normal  0.000000e+00  0.000000e+00  1.000000e+00
   outer loop
     vertex -8.992613e+00  4.374119e+00  1.500000e+00
     vertex -1.093107e+01  4.950922e+00  1.500000e+00
     vertex -9.109228e+00  4.125769e+00  1.500000e+00
   endloop
 endfacet
 facet normal  0.000000e+00  0.000000e+00  1.000000e+00
   outer loop
     vertex -8.992613e+00  4.374119e+00  1.500000e+00
     vertex -1.064307e+01  5.543011e+00  1.500000e+00
     vertex -1.079114e+01  5.248942e+00  1.500000e+00
   endloop
 endfacet
 facet normal  0.000000e+00  0.000000e+00  1.000000e+00
   outer loop
     vertex -8.992613e+00  4.374119e+00  1.500000e+00
     vertex -1.079114e+01  5.248942e+00  1.500000e+00
     vertex -1.093107e+01  4.950922e+00  1.500000e+00
   endloop
 endfacet
 facet normal  0.000000e+00  0.000000e+00  1.000000e+00
   outer loop
     vertex  4.558231e+00 -8.900704e+00  1.500000e+00
     vertex  4.312333e+00 -9.022405e+00  1.500000e+00
     vertex  5.469877e+00 -1.068084e+01  1.500000e+00
   endloop
 endfacet
 facet normal  0.000000e+00  0.000000e+00  1.000000e+00
   outer loop
     vertex -8.869228e+00  4.619176e+00  1.500000e+00
     vertex -1.064307e+01  5.543011e+00  1.500000e+00
     vertex -8.992613e+00  4.374119e+00  1.500000e+00
   endloop
 endfacet
 facet normal  0.000000e+00  0.000000e+00  1.000000e+00
   outer loop
     vertex  4.800697e+00 -8.772303e+00  1.500000e+00
     vertex  4.558231e+00 -8.900704e+00  1.500000e+00
     vertex  5.469877e+00 -1.068084e+01  1.500000e+00
   endloop
 endfacet
 facet normal  0.000000e+00  0.000000e+00  1.000000e+00
   outer loop
     vertex  4.800697e+00 -8.772303e+00  1.500000e+00
     vertex  5.469877e+00 -1.068084e+01  1.500000e+00
     vertex  5.760837e+00 -1.052676e+01  1.500000e+00
   endloop
 endfacet
 facet normal  0.000000e+00  0.000000e+00  1.000000e+00
   outer loop
     vertex -8.739167e+00  4.860756e+00  1.500000e+00
     vertex -1.064307e+01  5.543011e+00  1.500000e+00
     vertex -8.869228e+00  4.619176e+00  1.500000e+00
   endloop
 endfacet
 facet normal  0.000000e+00  0.000000e+00  1.000000e+00
   outer loop
     vertex -8.739167e+00  4.860756e+00  1.500000e+00
     vertex -1.048700e+01  5.832908e+00  1.500000e+00
     vertex -1.064307e+01  5.543011e+00  1.500000e+00
   endloop
 endfacet
 facet normal  0.000000e+00  0.000000e+00  1.000000e+00
   outer loop
     vertex  5.039550e+00 -8.637299e+00  1.500000e+00
     vertex  4.800697e+00 -8.772303e+00  1.500000e+00
     vertex  5.760837e+00 -1.052676e+01  1.500000e+00
   endloop
 endfacet
 facet normal  0.000000e+00  0.000000e+00  1.000000e+00
   outer loop
     vertex  5.039550e+00 -8.637299e+00  1.500000e+00
     vertex  5.760837e+00 -1.052676e+01  1.500000e+00
     vertex  6.047460e+00 -1.036476e+01  1.500000e+00
   endloop
 endfacet
 facet normal  0.000000e+00  0.000000e+00  1.000000e+00
   outer loop
     vertex -8.602528e+00  5.098678e+00  1.500000e+00
     vertex -1.048700e+01  5.832908e+00  1.500000e+00
     vertex -8.739167e+00  4.860756e+00  1.500000e+00
   endloop
 endfacet
 facet normal  0.000000e+00  0.000000e+00  1.000000e+00
   outer loop
     vertex -8.602528e+00  5.098678e+00  1.500000e+00
     vertex -1.032303e+01  6.118413e+00  1.500000e+00
     vertex -1.048700e+01  5.832908e+00  1.500000e+00
   endloop
 endfacet
 facet normal  0.000000e+00  0.000000e+00  1.000000e+00
   outer loop
     vertex  5.274609e+00 -8.495793e+00  1.500000e+00
     vertex  5.039550e+00 -8.637299e+00  1.500000e+00
     vertex  6.047460e+00 -1.036476e+01  1.500000e+00
   endloop
 endfacet
 facet normal  0.000000e+00  0.000000e+00  1.000000e+00
   outer loop
     vertex  5.274609e+00 -8.495793e+00  1.500000e+00
     vertex  6.047460e+00 -1.036476e+01  1.500000e+00
     vertex  6.329531e+00 -1.019495e+01  1.500000e+00
   endloop
 endfacet
 facet normal  0.000000e+00  0.000000e+00  1.000000e+00
   outer loop
     vertex  5.274609e+00 -8.495793e+00  1.500000e+00
     vertex  6.329531e+00 -1.019495e+01  1.500000e+00
     vertex  6.606838e+00 -1.001747e+01  1.500000e+00
   endloop
 endfacet
 facet normal  0.000000e+00  0.000000e+00  1.000000e+00
   outer loop
     vertex -8.459413e+00  5.332761e+00  1.500000e+00
     vertex -1.032303e+01  6.118413e+00  1.500000e+00
     vertex -8.602528e+00  5.098678e+00  1.500000e+00
   endloop
 endfacet
 facet normal  0.000000e+00  0.000000e+00  1.000000e+00
   outer loop
     vertex -8.459413e+00  5.332761e+00  1.500000e+00
     vertex -1.015130e+01  6.399313e+00  1.500000e+00
     vertex -1.032303e+01  6.118413e+00  1.500000e+00
   endloop
 endfacet
 facet normal  0.000000e+00  0.000000e+00  1.000000e+00
   outer loop
     vertex  5.505698e+00 -8.347891e+00  1.500000e+00
     vertex  5.274609e+00 -8.495793e+00  1.500000e+00
     vertex  6.606838e+00 -1.001747e+01  1.500000e+00
   endloop
 endfacet
 facet normal  0.000000e+00  0.000000e+00  1.000000e+00
   outer loop
     vertex -8.309929e+00  5.562829e+00  1.500000e+00
     vertex -1.015130e+01  6.399313e+00  1.500000e+00
     vertex -8.459413e+00  5.332761e+00  1.500000e+00
   endloop
 endfacet
 facet normal  0.000000e+00  0.000000e+00  1.000000e+00
   outer loop
     vertex -8.309929e+00  5.562829e+00  1.500000e+00
     vertex -9.785029e+00  6.946453e+00  1.500000e+00
     vertex -9.971915e+00  6.675395e+00  1.500000e+00
   endloop
 endfacet
 facet normal  0.000000e+00  0.000000e+00  1.000000e+00
   outer loop
     vertex -8.309929e+00  5.562829e+00  1.500000e+00
     vertex -9.971915e+00  6.675395e+00  1.500000e+00
     vertex -1.015130e+01  6.399313e+00  1.500000e+00
   endloop
 endfacet
 facet normal  0.000000e+00  0.000000e+00  1.000000e+00
   outer loop
     vertex  5.732642e+00 -8.193706e+00  1.500000e+00
     vertex  5.505698e+00 -8.347891e+00  1.500000e+00
     vertex  6.606838e+00 -1.001747e+01  1.500000e+00
   endloop
 endfacet
 facet normal  0.000000e+00  0.000000e+00  1.000000e+00
   outer loop
     vertex  5.732642e+00 -8.193706e+00  1.500000e+00
     vertex  6.606838e+00 -1.001747e+01  1.500000e+00
     vertex  6.879171e+00 -9.832447e+00  1.500000e+00
   endloop
 endfacet
 facet normal  0.000000e+00  0.000000e+00  1.000000e+00
   outer loop
     vertex -8.154191e+00  5.788711e+00  1.500000e+00
     vertex -9.785029e+00  6.946453e+00  1.500000e+00
     vertex -8.309929e+00  5.562829e+00  1.500000e+00
   endloop
 endfacet
 facet normal  0.000000e+00  0.000000e+00  1.000000e+00
   outer loop
     vertex  5.955271e+00 -8.033352e+00  1.500000e+00
     vertex  5.732642e+00 -8.193706e+00  1.500000e+00
     vertex  6.879171e+00 -9.832447e+00  1.500000e+00
   endloop
 endfacet
 facet normal  0.000000e+00  0.000000e+00  1.000000e+00
   outer loop
     vertex  5.955271e+00 -8.033352e+00  1.500000e+00
     vertex  6.879171e+00 -9.832447e+00  1.500000e+00
     vertex  7.146325e+00 -9.640022e+00  1.500000e+00
   endloop
 endfacet
 facet normal  0.000000e+00  0.000000e+00  1.000000e+00
   outer loop
     vertex -7.992314e+00  6.010234e+00  1.500000e+00
     vertex -9.785029e+00  6.946453e+00  1.500000e+00
     vertex -8.154191e+00  5.788711e+00  1.500000e+00
   endloop
 endfacet
 facet normal  0.000000e+00  0.000000e+00  1.000000e+00
   outer loop
     vertex -7.992314e+00  6.010234e+00  1.500000e+00
     vertex -9.590777e+00  7.212281e+00  1.500000e+00
     vertex -9.785029e+00  6.946453e+00  1.500000e+00
   endloop
 endfacet
 facet normal  0.000000e+00  0.000000e+00  1.000000e+00
   outer loop
     vertex -9.389305e+00  7.472681e+00  1.500000e+00
     vertex -9.590777e+00  7.212281e+00  1.500000e+00
     vertex -7.992314e+00  6.010234e+00  1.500000e+00
   endloop
 endfacet
 facet normal  0.000000e+00  0.000000e+00  1.000000e+00
   outer loop
     vertex  6.173417e+00 -7.866951e+00  1.500000e+00
     vertex  5.955271e+00 -8.033352e+00  1.500000e+00
     vertex  7.146325e+00 -9.640022e+00  1.500000e+00
   endloop
 endfacet
 facet normal  0.000000e+00  0.000000e+00  1.000000e+00
   outer loop
     vertex  6.173417e+00 -7.866951e+00  1.500000e+00
     vertex  7.146325e+00 -9.640022e+00  1.500000e+00
     vertex  7.408101e+00 -9.440341e+00  1.500000e+00
   endloop
 endfacet
 facet normal  0.000000e+00  0.000000e+00  1.000000e+00
   outer loop
     vertex -7.824421e+00  6.227234e+00  1.500000e+00
     vertex -9.389305e+00  7.472681e+00  1.500000e+00
     vertex -7.992314e+00  6.010234e+00  1.500000e+00
   endloop
 endfacet
 facet normal  0.000000e+00  0.000000e+00  1.000000e+00
   outer loop
     vertex  6.386916e+00 -7.694628e+00  1.500000e+00
     vertex  6.173417e+00 -7.866951e+00  1.500000e+00
     vertex  7.408101e+00 -9.440341e+00  1.500000e+00
   endloop
 endfacet
 facet normal  0.000000e+00  0.000000e+00  1.000000e+00
   outer loop
     vertex  6.386916e+00 -7.694628e+00  1.500000e+00
     vertex  7.408101e+00 -9.440341e+00  1.500000e+00
     vertex  7.664299e+00 -9.233554e+00  1.500000e+00
   endloop
 endfacet
 facet normal  0.000000e+00  0.000000e+00  1.000000e+00
   outer loop
     vertex -7.650637e+00  6.439545e+00  1.500000e+00
     vertex -9.389305e+00  7.472681e+00  1.500000e+00
     vertex -7.824421e+00  6.227234e+00  1.500000e+00
   endloop
 endfacet
 facet normal  0.000000e+00  0.000000e+00  1.000000e+00
   outer loop
     vertex -7.650637e+00  6.439545e+00  1.500000e+00
     vertex -9.180765e+00  7.727455e+00  1.500000e+00
     vertex -9.389305e+00  7.472681e+00  1.500000e+00
   endloop
 endfacet
 facet normal  0.000000e+00  0.000000e+00  1.000000e+00
   outer loop
     vertex  6.595607e+00 -7.516513e+00  1.500000e+00
     vertex  7.664299e+00 -9.233554e+00  1.500000e+00
     vertex  7.914728e+00 -9.019816e+00  1.500000e+00
   endloop
 endfacet
 facet normal  0.000000e+00  0.000000e+00  1.000000e+00
   outer loop
     vertex  6.595607e+00 -7.516513e+00  1.500000e+00
     vertex  6.386916e+00 -7.694628e+00  1.500000e+00
     vertex  7.664299e+00 -9.233554e+00  1.500000e+00
   endloop
 endfacet
 facet normal  0.000000e+00  0.000000e+00  1.000000e+00
   outer loop
     vertex -7.471095e+00  6.647010e+00  1.500000e+00
     vertex -8.965314e+00  7.976412e+00  1.500000e+00
     vertex -9.180765e+00  7.727455e+00  1.500000e+00
   endloop
 endfacet
 facet normal  0.000000e+00  0.000000e+00  1.000000e+00
   outer loop
     vertex -7.471095e+00  6.647010e+00  1.500000e+00
     vertex -9.180765e+00  7.727455e+00  1.500000e+00
     vertex -7.650637e+00  6.439545e+00  1.500000e+00
   endloop
 endfacet
 facet normal  0.000000e+00  0.000000e+00  1.000000e+00
   outer loop
     vertex  6.799333e+00 -7.332740e+00  1.500000e+00
     vertex  6.595607e+00 -7.516513e+00  1.500000e+00
     vertex  7.914728e+00 -9.019816e+00  1.500000e+00
   endloop
 endfacet
 facet normal  0.000000e+00  0.000000e+00  1.000000e+00
   outer loop
     vertex  6.799333e+00 -7.332740e+00  1.500000e+00
     vertex  7.914728e+00 -9.019816e+00  1.500000e+00
     vertex  8.159199e+00 -8.799288e+00  1.500000e+00
   endloop
 endfacet
 facet normal  0.000000e+00  0.000000e+00  1.000000e+00
   outer loop
     vertex -8.743114e+00  8.219364e+00  1.500000e+00
     vertex -8.965314e+00  7.976412e+00  1.500000e+00
     vertex -7.471095e+00  6.647010e+00  1.500000e+00
   endloop
 endfacet
 facet normal  0.000000e+00  0.000000e+00  1.000000e+00
   outer loop
     vertex -7.285929e+00  6.849470e+00  1.500000e+00
     vertex -8.743114e+00  8.219364e+00  1.500000e+00
     vertex -7.471095e+00  6.647010e+00  1.500000e+00
   endloop
 endfacet
 facet normal  0.000000e+00  0.000000e+00  1.000000e+00
   outer loop
     vertex  6.997940e+00 -7.143447e+00  1.500000e+00
     vertex  6.799333e+00 -7.332740e+00  1.500000e+00
     vertex  8.159199e+00 -8.799288e+00  1.500000e+00
   endloop
 endfacet
 facet normal  0.000000e+00  0.000000e+00  1.000000e+00
   outer loop
     vertex  6.997940e+00 -7.143447e+00  1.500000e+00
     vertex  8.159199e+00 -8.799288e+00  1.500000e+00
     vertex  8.397528e+00 -8.572136e+00  1.500000e+00
   endloop
 endfacet
 facet normal  0.000000e+00  0.000000e+00  1.000000e+00
   outer loop
     vertex -7.095278e+00  7.046775e+00  1.500000e+00
     vertex -8.743114e+00  8.219364e+00  1.500000e+00
     vertex -7.285929e+00  6.849470e+00  1.500000e+00
   endloop
 endfacet
 facet normal  0.000000e+00  0.000000e+00  1.000000e+00
   outer loop
     vertex -7.095278e+00  7.046775e+00  1.500000e+00
     vertex -8.514333e+00  8.456130e+00  1.500000e+00
     vertex -8.743114e+00  8.219364e+00  1.500000e+00
   endloop
 endfacet
 facet normal  0.000000e+00  0.000000e+00  1.000000e+00
   outer loop
     vertex  8.629536e+00 -8.338532e+00  1.500000e+00
     vertex  7.191280e+00 -6.948776e+00  1.500000e+00
     vertex  6.997940e+00 -7.143447e+00  1.500000e+00
   endloop
 endfacet
 facet normal  0.000000e+00  0.000000e+00  1.000000e+00
   outer loop
     vertex  8.629536e+00 -8.338532e+00  1.500000e+00
     vertex  6.997940e+00 -7.143447e+00  1.500000e+00
     vertex  8.397528e+00 -8.572136e+00  1.500000e+00
   endloop
 endfacet
 facet normal  0.000000e+00  0.000000e+00  1.000000e+00
   outer loop
     vertex -6.899286e+00  7.238775e+00  1.500000e+00
     vertex -8.514333e+00  8.456130e+00  1.500000e+00
     vertex -7.095278e+00  7.046775e+00  1.500000e+00
   endloop
 endfacet
 facet normal  0.000000e+00  0.000000e+00  1.000000e+00
   outer loop
     vertex -8.279143e+00  8.686530e+00  1.500000e+00
     vertex -8.514333e+00  8.456130e+00  1.500000e+00
     vertex -6.899286e+00  7.238775e+00  1.500000e+00
   endloop
 endfacet
 facet normal  0.000000e+00  0.000000e+00  1.000000e+00
   outer loop
     vertex  7.379206e+00 -6.748875e+00  1.500000e+00
     vertex  7.191280e+00 -6.948776e+00  1.500000e+00
     vertex  8.629536e+00 -8.338532e+00  1.500000e+00
   endloop
 endfacet
 facet normal  0.000000e+00  0.000000e+00  1.000000e+00
   outer loop
     vertex  8.855048e+00 -8.098650e+00  1.500000e+00
     vertex  7.379206e+00 -6.748875e+00  1.500000e+00
     vertex  8.629536e+00 -8.338532e+00  1.500000e+00
   endloop
 endfacet
 facet normal  0.000000e+00  0.000000e+00  1.000000e+00
   outer loop
     vertex -8.037720e+00  8.910390e+00  1.500000e+00
     vertex -6.899286e+00  7.238775e+00  1.500000e+00
     vertex -6.698100e+00  7.425325e+00  1.500000e+00
   endloop
 endfacet
 facet normal  0.000000e+00  0.000000e+00  1.000000e+00
   outer loop
     vertex -8.037720e+00  8.910390e+00  1.500000e+00
     vertex -8.279143e+00  8.686530e+00  1.500000e+00
     vertex -6.899286e+00  7.238775e+00  1.500000e+00
   endloop
 endfacet
 facet normal  0.000000e+00  0.000000e+00  1.000000e+00
   outer loop
     vertex  7.561578e+00 -6.543893e+00  1.500000e+00
     vertex  7.379206e+00 -6.748875e+00  1.500000e+00
     vertex  8.855048e+00 -8.098650e+00  1.500000e+00
   endloop
 endfacet
 facet normal  0.000000e+00  0.000000e+00  1.000000e+00
   outer loop
     vertex  9.073893e+00 -7.852672e+00  1.500000e+00
     vertex  7.561578e+00 -6.543893e+00  1.500000e+00
     vertex  8.855048e+00 -8.098650e+00  1.500000e+00
   endloop
 endfacet
 facet normal  0.000000e+00  0.000000e+00  1.000000e+00
   outer loop
     vertex -7.790247e+00  9.127544e+00  1.500000e+00
     vertex -6.698100e+00  7.425325e+00  1.500000e+00
     vertex -6.491872e+00  7.606287e+00  1.500000e+00
   endloop
 endfacet
 facet normal  0.000000e+00  0.000000e+00  1.000000e+00
   outer loop
     vertex -7.790247e+00  9.127544e+00  1.500000e+00
     vertex -8.037720e+00  8.910390e+00  1.500000e+00
     vertex -6.698100e+00  7.425325e+00  1.500000e+00
   endloop
 endfacet
 facet normal  0.000000e+00  0.000000e+00  1.000000e+00
   outer loop
     vertex  9.285909e+00 -7.600783e+00  1.500000e+00
     vertex  7.738257e+00 -6.333986e+00  1.500000e+00
     vertex  7.561578e+00 -6.543893e+00  1.500000e+00
   endloop
 endfacet
 facet normal  0.000000e+00  0.000000e+00  1.000000e+00
   outer loop
     vertex  9.285909e+00 -7.600783e+00  1.500000e+00
     vertex  7.561578e+00 -6.543893e+00  1.500000e+00
     vertex  9.073893e+00 -7.852672e+00  1.500000e+00
   endloop
 endfacet
 facet normal  0.000000e+00  0.000000e+00  1.000000e+00
   outer loop
     vertex -7.536909e+00  9.337826e+00  1.500000e+00
     vertex -6.491872e+00  7.606287e+00  1.500000e+00
     vertex -6.280757e+00  7.781522e+00  1.500000e+00
   endloop
 endfacet
 facet normal  0.000000e+00  0.000000e+00  1.000000e+00
   outer loop
     vertex -7.536909e+00  9.337826e+00  1.500000e+00
     vertex -7.790247e+00  9.127544e+00  1.500000e+00
     vertex -6.491872e+00  7.606287e+00  1.500000e+00
   endloop
 endfacet
 facet normal  0.000000e+00  0.000000e+00  1.000000e+00
   outer loop
     vertex  9.490934e+00 -7.343172e+00  1.500000e+00
     vertex  7.909112e+00 -6.119310e+00  1.500000e+00
     vertex  7.738257e+00 -6.333986e+00  1.500000e+00
   endloop
 endfacet
 facet normal  0.000000e+00  0.000000e+00  1.000000e+00
   outer loop
     vertex  9.490934e+00 -7.343172e+00  1.500000e+00
     vertex  7.738257e+00 -6.333986e+00  1.500000e+00
     vertex  9.285909e+00 -7.600783e+00  1.500000e+00
   endloop
 endfacet
 facet normal  0.000000e+00  0.000000e+00  1.000000e+00
   outer loop
     vertex  8.074012e+00 -5.900028e+00  1.500000e+00
     vertex  7.909112e+00 -6.119310e+00  1.500000e+00
     vertex  9.490934e+00 -7.343172e+00  1.500000e+00
   endloop
 endfacet
 facet normal  0.000000e+00  0.000000e+00  1.000000e+00
   outer loop
     vertex -7.277898e+00  9.541080e+00  1.500000e+00
     vertex -6.280757e+00  7.781522e+00  1.500000e+00
     vertex -6.064915e+00  7.950900e+00  1.500000e+00
   endloop
 endfacet
 facet normal  0.000000e+00  0.000000e+00  1.000000e+00
   outer loop
     vertex -7.277898e+00  9.541080e+00  1.500000e+00
     vertex -7.536909e+00  9.337826e+00  1.500000e+00
     vertex -6.280757e+00  7.781522e+00  1.500000e+00
   endloop
 endfacet
 facet normal  0.000000e+00  0.000000e+00  1.000000e+00
   outer loop
     vertex -5.844507e+00  8.114292e+00  1.500000e+00
     vertex -7.277898e+00  9.541080e+00  1.500000e+00
     vertex -6.064915e+00  7.950900e+00  1.500000e+00
   endloop
 endfacet
 facet normal  0.000000e+00  0.000000e+00  1.000000e+00
   outer loop
     vertex  9.688815e+00 -7.080033e+00  1.500000e+00
     vertex  8.074012e+00 -5.900028e+00  1.500000e+00
     vertex  9.490934e+00 -7.343172e+00  1.500000e+00
   endloop
 endfacet
 facet normal  0.000000e+00  0.000000e+00  1.000000e+00
   outer loop
     vertex -7.013408e+00  9.737151e+00  1.500000e+00
     vertex -7.277898e+00  9.541080e+00  1.500000e+00
     vertex -5.844507e+00  8.114292e+00  1.500000e+00
   endloop
 endfacet
 facet normal  0.000000e+00  0.000000e+00  1.000000e+00
   outer loop
     vertex  9.879402e+00 -6.811565e+00  1.500000e+00
     vertex  8.074012e+00 -5.900028e+00  1.500000e+00
     vertex  9.688815e+00 -7.080033e+00  1.500000e+00
   endloop
 endfacet
 facet normal  0.000000e+00  0.000000e+00  1.000000e+00
   outer loop
     vertex  9.879402e+00 -6.811565e+00  1.500000e+00
     vertex  8.232835e+00 -5.676304e+00  1.500000e+00
     vertex  8.074012e+00 -5.900028e+00  1.500000e+00
   endloop
 endfacet
 facet normal  0.000000e+00  0.000000e+00  1.000000e+00
   outer loop
     vertex -6.743639e+00  9.925892e+00  1.500000e+00
     vertex -5.619699e+00  8.271577e+00  1.500000e+00
     vertex -5.390661e+00  8.422635e+00  1.500000e+00
   endloop
 endfacet
 facet normal  0.000000e+00  0.000000e+00  1.000000e+00
   outer loop
     vertex -6.743639e+00  9.925892e+00  1.500000e+00
     vertex -5.844507e+00  8.114292e+00  1.500000e+00
     vertex -5.619699e+00  8.271577e+00  1.500000e+00
   endloop
 endfacet
 facet normal  0.000000e+00  0.000000e+00  1.000000e+00
   outer loop
     vertex -6.743639e+00  9.925892e+00  1.500000e+00
     vertex -7.013408e+00  9.737151e+00  1.500000e+00
     vertex -5.844507e+00  8.114292e+00  1.500000e+00
   endloop
 endfacet
 facet normal  0.000000e+00  0.000000e+00  1.000000e+00
   outer loop
     vertex  1.006255e+01 -6.537969e+00  1.500000e+00
     vertex  8.385460e+00 -5.448308e+00  1.500000e+00
     vertex  8.232835e+00 -5.676304e+00  1.500000e+00
   endloop
 endfacet
 facet normal  0.000000e+00  0.000000e+00  1.000000e+00
   outer loop
     vertex  1.006255e+01 -6.537969e+00  1.500000e+00
     vertex  8.232835e+00 -5.676304e+00  1.500000e+00
     vertex  9.879402e+00 -6.811565e+00  1.500000e+00
   endloop
 endfacet
 facet normal  0.000000e+00  0.000000e+00  1.000000e+00
   outer loop
     vertex -6.468793e+00  1.010716e+01  1.500000e+00
     vertex -6.743639e+00  9.925892e+00  1.500000e+00
     vertex -5.390661e+00  8.422635e+00  1.500000e+00
   endloop
 endfacet
 facet normal  0.000000e+00  0.000000e+00  1.000000e+00
   outer loop
     vertex  1.023813e+01 -6.259452e+00  1.500000e+00
     vertex  8.531773e+00 -5.216210e+00  1.500000e+00
     vertex  8.385460e+00 -5.448308e+00  1.500000e+00
   endloop
 endfacet
 facet normal  0.000000e+00  0.000000e+00  1.000000e+00
   outer loop
     vertex  1.023813e+01 -6.259452e+00  1.500000e+00
     vertex  8.671664e+00 -4.980186e+00  1.500000e+00
     vertex  8.531773e+00 -5.216210e+00  1.500000e+00
   endloop
 endfacet
 facet normal  0.000000e+00  0.000000e+00  1.000000e+00
   outer loop
     vertex  1.023813e+01 -6.259452e+00  1.500000e+00
     vertex  8.385460e+00 -5.448308e+00  1.500000e+00
     vertex  1.006255e+01 -6.537969e+00  1.500000e+00
   endloop
 endfacet
 facet normal  0.000000e+00  0.000000e+00  1.000000e+00
   outer loop
     vertex -6.189078e+00  1.028082e+01  1.500000e+00
     vertex -5.390661e+00  8.422635e+00  1.500000e+00
     vertex -5.157565e+00  8.567352e+00  1.500000e+00
   endloop
 endfacet
 facet normal  0.000000e+00  0.000000e+00  1.000000e+00
   outer loop
     vertex -6.189078e+00  1.028082e+01  1.500000e+00
     vertex -6.468793e+00  1.010716e+01  1.500000e+00
     vertex -5.390661e+00  8.422635e+00  1.500000e+00
   endloop
 endfacet
 facet normal  0.000000e+00  0.000000e+00  1.000000e+00
   outer loop
     vertex  1.040600e+01 -5.976223e+00  1.500000e+00
     vertex  8.671664e+00 -4.980186e+00  1.500000e+00
     vertex  1.023813e+01 -6.259452e+00  1.500000e+00
   endloop
 endfacet
 facet normal  0.000000e+00  0.000000e+00  1.000000e+00
   outer loop
     vertex  1.040600e+01 -5.976223e+00  1.500000e+00
     vertex  8.805026e+00 -4.740412e+00  1.500000e+00
     vertex  8.671664e+00 -4.980186e+00  1.500000e+00
   endloop
 endfacet
 facet normal  0.000000e+00  0.000000e+00  1.000000e+00
   outer loop
     vertex -5.904704e+00  1.044674e+01  1.500000e+00
     vertex -5.157565e+00  8.567352e+00  1.500000e+00
     vertex -4.920587e+00  8.705620e+00  1.500000e+00
   endloop
 endfacet
 facet normal  0.000000e+00  0.000000e+00  1.000000e+00
   outer loop
     vertex -5.904704e+00  1.044674e+01  1.500000e+00
     vertex -6.189078e+00  1.028082e+01  1.500000e+00
     vertex -5.157565e+00  8.567352e+00  1.500000e+00
   endloop
 endfacet
 facet normal  0.000000e+00  0.000000e+00  1.000000e+00
   outer loop
     vertex  1.056603e+01 -5.688495e+00  1.500000e+00
     vertex  8.931761e+00 -4.497071e+00  1.500000e+00
     vertex  8.805026e+00 -4.740412e+00  1.500000e+00
   endloop
 endfacet
 facet normal  0.000000e+00  0.000000e+00  1.000000e+00
   outer loop
     vertex  1.056603e+01 -5.688495e+00  1.500000e+00
     vertex  8.805026e+00 -4.740412e+00  1.500000e+00
     vertex  1.040600e+01 -5.976223e+00  1.500000e+00
   endloop
 endfacet
 facet normal  0.000000e+00  0.000000e+00  1.000000e+00
   outer loop
     vertex -5.615885e+00  1.060480e+01  1.500000e+00
     vertex -4.920587e+00  8.705620e+00  1.500000e+00
     vertex -4.679904e+00  8.837335e+00  1.500000e+00
   endloop
 endfacet
 facet normal  0.000000e+00  0.000000e+00  1.000000e+00
   outer loop
     vertex -5.615885e+00  1.060480e+01  1.500000e+00
     vertex -5.904704e+00  1.044674e+01  1.500000e+00
     vertex -4.920587e+00  8.705620e+00  1.500000e+00
   endloop
 endfacet
 facet normal  0.000000e+00  0.000000e+00  1.000000e+00
   outer loop
     vertex  1.071811e+01 -5.396485e+00  1.500000e+00
     vertex  8.931761e+00 -4.497071e+00  1.500000e+00
     vertex  1.056603e+01 -5.688495e+00  1.500000e+00
   endloop
 endfacet
 facet normal  0.000000e+00  0.000000e+00  1.000000e+00
   outer loop
     vertex -5.322839e+00  1.075488e+01  1.500000e+00
     vertex -4.679904e+00  8.837335e+00  1.500000e+00
     vertex -4.435699e+00  8.962398e+00  1.500000e+00
   endloop
 endfacet
 facet normal  0.000000e+00  0.000000e+00  1.000000e+00
   outer loop
     vertex -5.322839e+00  1.075488e+01  1.500000e+00
     vertex -5.615885e+00  1.060480e+01  1.500000e+00
     vertex -4.679904e+00  8.837335e+00  1.500000e+00
   endloop
 endfacet
 facet normal  0.000000e+00  0.000000e+00  1.000000e+00
   outer loop
     vertex  1.086213e+01 -5.100412e+00  1.500000e+00
     vertex  8.931761e+00 -4.497071e+00  1.500000e+00
     vertex  1.071811e+01 -5.396485e+00  1.500000e+00
   endloop
 endfacet
 facet normal  0.000000e+00  0.000000e+00  1.000000e+00
   outer loop
     vertex  1.086213e+01 -5.100412e+00  1.500000e+00
     vertex  9.051772e+00 -4.250344e+00  1.500000e+00
     vertex  8.931761e+00 -4.497071e+00  1.500000e+00
   endloop
 endfacet
 facet normal  0.000000e+00  0.000000e+00  1.000000e+00
   outer loop
     vertex  1.086213e+01 -5.100412e+00  1.500000e+00
     vertex  9.164969e+00 -4.000417e+00  1.500000e+00
     vertex  9.051772e+00 -4.250344e+00  1.500000e+00
   endloop
 endfacet
 facet normal  0.000000e+00  0.000000e+00  1.000000e+00
   outer loop
     vertex -5.025786e+00  1.089686e+01  1.500000e+00
     vertex -4.435699e+00  8.962398e+00  1.500000e+00
     vertex -4.188155e+00  9.080714e+00  1.500000e+00
   endloop
 endfacet
 facet normal  0.000000e+00  0.000000e+00  1.000000e+00
   outer loop
     vertex -5.025786e+00  1.089686e+01  1.500000e+00
     vertex -5.322839e+00  1.075488e+01  1.500000e+00
     vertex -4.435699e+00  8.962398e+00  1.500000e+00
   endloop
 endfacet
 facet normal  0.000000e+00  0.000000e+00  1.000000e+00
   outer loop
     vertex  1.099796e+01 -4.800501e+00  1.500000e+00
     vertex  9.164969e+00 -4.000417e+00  1.500000e+00
     vertex  1.086213e+01 -5.100412e+00  1.500000e+00
   endloop
 endfacet
 facet normal  0.000000e+00  0.000000e+00  1.000000e+00
   outer loop
     vertex -4.724949e+00  1.103063e+01  1.500000e+00
     vertex -5.025786e+00  1.089686e+01  1.500000e+00
     vertex -4.188155e+00  9.080714e+00  1.500000e+00
   endloop
 endfacet
 facet normal  0.000000e+00  0.000000e+00  1.000000e+00
   outer loop
     vertex -4.724949e+00  1.103063e+01  1.500000e+00
     vertex -4.188155e+00  9.080714e+00  1.500000e+00
     vertex -3.937458e+00  9.192194e+00  1.500000e+00
   endloop
 endfacet
 facet normal  0.000000e+00  0.000000e+00  1.000000e+00
   outer loop
     vertex  1.112552e+01 -4.496975e+00  1.500000e+00
     vertex  9.164969e+00 -4.000417e+00  1.500000e+00
     vertex  1.099796e+01 -4.800501e+00  1.500000e+00
   endloop
 endfacet
 facet normal  0.000000e+00  0.000000e+00  1.000000e+00
   outer loop
     vertex  1.112552e+01 -4.496975e+00  1.500000e+00
     vertex  9.271267e+00 -3.747479e+00  1.500000e+00
     vertex  9.164969e+00 -4.000417e+00  1.500000e+00
   endloop
 endfacet
 facet normal  0.000000e+00  0.000000e+00  1.000000e+00
   outer loop
     vertex -4.420556e+00  1.115611e+01  1.500000e+00
     vertex -4.724949e+00  1.103063e+01  1.500000e+00
     vertex -3.937458e+00  9.192194e+00  1.500000e+00
   endloop
 endfacet
 facet normal  0.000000e+00  0.000000e+00  1.000000e+00
   outer loop
     vertex -4.420556e+00  1.115611e+01  1.500000e+00
     vertex -3.937458e+00  9.192194e+00  1.500000e+00
     vertex -3.683796e+00  9.296754e+00  1.500000e+00
   endloop
 endfacet
 facet normal  0.000000e+00  0.000000e+00  1.000000e+00
   outer loop
     vertex  1.124470e+01 -4.190064e+00  1.500000e+00
     vertex  9.271267e+00 -3.747479e+00  1.500000e+00
     vertex  1.112552e+01 -4.496975e+00  1.500000e+00
   endloop
 endfacet
 facet normal  0.000000e+00  0.000000e+00  1.000000e+00
   outer loop
     vertex  1.124470e+01 -4.190064e+00  1.500000e+00
     vertex  9.370586e+00 -3.491720e+00  1.500000e+00
     vertex  9.271267e+00 -3.747479e+00  1.500000e+00
   endloop
 endfacet
 facet normal  0.000000e+00  0.000000e+00  1.000000e+00
   outer loop
     vertex -4.112835e+00  1.127318e+01  1.500000e+00
     vertex -4.420556e+00  1.115611e+01  1.500000e+00
     vertex -3.683796e+00  9.296754e+00  1.500000e+00
   endloop
 endfacet
 facet normal  0.000000e+00  0.000000e+00  1.000000e+00
   outer loop
     vertex -4.112835e+00  1.127318e+01  1.500000e+00
     vertex -3.683796e+00  9.296754e+00  1.500000e+00
     vertex -3.427362e+00  9.394317e+00  1.500000e+00
   endloop
 endfacet
 facet normal  0.000000e+00  0.000000e+00  1.000000e+00
   outer loop
     vertex  1.135542e+01 -3.880000e+00  1.500000e+00
     vertex  9.370586e+00 -3.491720e+00  1.500000e+00
     vertex  1.124470e+01 -4.190064e+00  1.500000e+00
   endloop
 endfacet
 facet normal  0.000000e+00  0.000000e+00  1.000000e+00
   outer loop
     vertex  1.135542e+01 -3.880000e+00  1.500000e+00
     vertex  9.462851e+00 -3.233333e+00  1.500000e+00
     vertex  9.370586e+00 -3.491720e+00  1.500000e+00
   endloop
 endfacet
 facet normal  0.000000e+00  0.000000e+00  1.000000e+00
   outer loop
     vertex -3.802018e+00  1.138177e+01  1.500000e+00
     vertex -4.112835e+00  1.127318e+01  1.500000e+00
     vertex -3.427362e+00  9.394317e+00  1.500000e+00
   endloop
 endfacet
 facet normal  0.000000e+00  0.000000e+00  1.000000e+00
   outer loop
     vertex -3.802018e+00  1.138177e+01  1.500000e+00
     vertex -3.427362e+00  9.394317e+00  1.500000e+00
     vertex -3.168348e+00  9.484807e+00  1.500000e+00
   endloop
 endfacet
 facet normal  0.000000e+00  0.000000e+00  1.000000e+00
   outer loop
     vertex  1.145759e+01 -3.567014e+00  1.500000e+00
     vertex  9.462851e+00 -3.233333e+00  1.500000e+00
     vertex  1.135542e+01 -3.880000e+00  1.500000e+00
   endloop
 endfacet
 facet normal  0.000000e+00  0.000000e+00  1.000000e+00
   outer loop
     vertex  1.145759e+01 -3.567014e+00  1.500000e+00
     vertex  9.547993e+00 -2.972512e+00  1.500000e+00
     vertex  9.462851e+00 -3.233333e+00  1.500000e+00
   endloop
 endfacet
 facet normal  0.000000e+00  0.000000e+00  1.000000e+00
   outer loop
     vertex -3.488339e+00  1.148179e+01  1.500000e+00
     vertex -3.802018e+00  1.138177e+01  1.500000e+00
     vertex -3.168348e+00  9.484807e+00  1.500000e+00
   endloop
 endfacet
 facet normal  0.000000e+00  0.000000e+00  1.000000e+00
   outer loop
     vertex -3.488339e+00  1.148179e+01  1.500000e+00
     vertex -2.906949e+00  9.568158e+00  1.500000e+00
     vertex -2.643362e+00  9.644306e+00  1.500000e+00
   endloop
 endfacet
 facet normal  0.000000e+00  0.000000e+00  1.000000e+00
   outer loop
     vertex -3.488339e+00  1.148179e+01  1.500000e+00
     vertex -3.168348e+00  9.484807e+00  1.500000e+00
     vertex -2.906949e+00  9.568158e+00  1.500000e+00
   endloop
 endfacet
 facet normal  0.000000e+00  0.000000e+00  1.000000e+00
   outer loop
     vertex  1.155114e+01 -3.251343e+00  1.500000e+00
     vertex  9.625948e+00 -2.709453e+00  1.500000e+00
     vertex  9.547993e+00 -2.972512e+00  1.500000e+00
   endloop
 endfacet
 facet normal  0.000000e+00  0.000000e+00  1.000000e+00
   outer loop
     vertex  1.155114e+01 -3.251343e+00  1.500000e+00
     vertex  9.547993e+00 -2.972512e+00  1.500000e+00
     vertex  1.145759e+01 -3.567014e+00  1.500000e+00
   endloop
 endfacet
 facet normal  0.000000e+00  0.000000e+00  1.000000e+00
   outer loop
     vertex -3.172034e+00  1.157317e+01  1.500000e+00
     vertex -3.488339e+00  1.148179e+01  1.500000e+00
     vertex -2.643362e+00  9.644306e+00  1.500000e+00
   endloop
 endfacet
 facet normal  0.000000e+00  0.000000e+00  1.000000e+00
   outer loop
     vertex  1.163599e+01 -2.933225e+00  1.500000e+00
     vertex  9.696656e+00 -2.444354e+00  1.500000e+00
     vertex  9.625948e+00 -2.709453e+00  1.500000e+00
   endloop
 endfacet
 facet normal  0.000000e+00  0.000000e+00  1.000000e+00
   outer loop
     vertex  1.163599e+01 -2.933225e+00  1.500000e+00
     vertex  9.625948e+00 -2.709453e+00  1.500000e+00
     vertex  1.155114e+01 -3.251343e+00  1.500000e+00
   endloop
 endfacet
 facet normal  0.000000e+00  0.000000e+00  1.000000e+00
   outer loop
     vertex -2.853341e+00  1.165583e+01  1.500000e+00
     vertex -3.172034e+00  1.157317e+01  1.500000e+00
     vertex -2.643362e+00  9.644306e+00  1.500000e+00
   endloop
 endfacet
 facet normal  0.000000e+00  0.000000e+00  1.000000e+00
   outer loop
     vertex -2.853341e+00  1.165583e+01  1.500000e+00
     vertex -2.643362e+00  9.644306e+00  1.500000e+00
     vertex -2.377784e+00  9.713194e+00  1.500000e+00
   endloop
 endfacet
 facet normal  0.000000e+00  0.000000e+00  1.000000e+00
   outer loop
     vertex  1.171208e+01 -2.612899e+00  1.500000e+00
     vertex  9.760065e+00 -2.177416e+00  1.500000e+00
     vertex  9.696656e+00 -2.444354e+00  1.500000e+00
   endloop
 endfacet
 facet normal  0.000000e+00  0.000000e+00  1.000000e+00
   outer loop
     vertex  1.171208e+01 -2.612899e+00  1.500000e+00
     vertex  9.816126e+00 -1.908838e+00  1.500000e+00
     vertex  9.760065e+00 -2.177416e+00  1.500000e+00
   endloop
 endfacet
 facet normal  0.000000e+00  0.000000e+00  1.000000e+00
   outer loop
     vertex  1.171208e+01 -2.612899e+00  1.500000e+00
     vertex  9.696656e+00 -2.444354e+00  1.500000e+00
     vertex  1.163599e+01 -2.933225e+00  1.500000e+00
   endloop
 endfacet
 facet normal  0.000000e+00  0.000000e+00  1.000000e+00
   outer loop
     vertex -2.532501e+00  1.172972e+01  1.500000e+00
     vertex -2.853341e+00  1.165583e+01  1.500000e+00
     vertex -2.377784e+00  9.713194e+00  1.500000e+00
   endloop
 endfacet
 facet normal  0.000000e+00  0.000000e+00  1.000000e+00
   outer loop
     vertex -2.532501e+00  1.172972e+01  1.500000e+00
     vertex -2.110417e+00  9.774771e+00  1.500000e+00
     vertex -1.841461e+00  9.828989e+00  1.500000e+00
   endloop
 endfacet
 facet normal  0.000000e+00  0.000000e+00  1.000000e+00
   outer loop
     vertex -2.532501e+00  1.172972e+01  1.500000e+00
     vertex -2.377784e+00  9.713194e+00  1.500000e+00
     vertex -2.110417e+00  9.774771e+00  1.500000e+00
   endloop
 endfacet
 facet normal  0.000000e+00  0.000000e+00  1.000000e+00
   outer loop
     vertex  1.177935e+01 -2.290606e+00  1.500000e+00
     vertex  9.816126e+00 -1.908838e+00  1.500000e+00
     vertex  1.171208e+01 -2.612899e+00  1.500000e+00
   endloop
 endfacet
 facet normal  0.000000e+00  0.000000e+00  1.000000e+00
   outer loop
     vertex -2.209754e+00  1.179479e+01  1.500000e+00
     vertex -2.532501e+00  1.172972e+01  1.500000e+00
     vertex -1.841461e+00  9.828989e+00  1.500000e+00
   endloop
 endfacet
 facet normal  0.000000e+00  0.000000e+00  1.000000e+00
   outer loop
     vertex  1.183776e+01 -1.966588e+00  1.500000e+00
     vertex  9.864799e+00 -1.638824e+00  1.500000e+00
     vertex  9.816126e+00 -1.908838e+00  1.500000e+00
   endloop
 endfacet
 facet normal  0.000000e+00  0.000000e+00  1.000000e+00
   outer loop
     vertex  1.183776e+01 -1.966588e+00  1.500000e+00
     vertex  9.906046e+00 -1.367575e+00  1.500000e+00
     vertex  9.864799e+00 -1.638824e+00  1.500000e+00
   endloop
 endfacet
 facet normal  0.000000e+00  0.000000e+00  1.000000e+00
   outer loop
     vertex  1.183776e+01 -1.966588e+00  1.500000e+00
     vertex  9.816126e+00 -1.908838e+00  1.500000e+00
     vertex  1.177935e+01 -2.290606e+00  1.500000e+00
   endloop
 endfacet
 facet normal  0.000000e+00  0.000000e+00  1.000000e+00
   outer loop
     vertex -1.885343e+00  1.185097e+01  1.500000e+00
     vertex -2.209754e+00  1.179479e+01  1.500000e+00
     vertex -1.841461e+00  9.828989e+00  1.500000e+00
   endloop
 endfacet
 facet normal  0.000000e+00  0.000000e+00  1.000000e+00
   outer loop
     vertex -1.885343e+00  1.185097e+01  1.500000e+00
     vertex -1.841461e+00  9.828989e+00  1.500000e+00
     vertex -1.571119e+00  9.875808e+00  1.500000e+00
   endloop
 endfacet
 facet normal  0.000000e+00  0.000000e+00  1.000000e+00
   outer loop
     vertex  1.188725e+01 -1.641090e+00  1.500000e+00
     vertex  9.939835e+00 -1.095298e+00  1.500000e+00
     vertex  9.906046e+00 -1.367575e+00  1.500000e+00
   endloop
 endfacet
 facet normal  0.000000e+00  0.000000e+00  1.000000e+00
   outer loop
     vertex  1.188725e+01 -1.641090e+00  1.500000e+00
     vertex  9.906046e+00 -1.367575e+00  1.500000e+00
     vertex  1.183776e+01 -1.966588e+00  1.500000e+00
   endloop
 endfacet
 facet normal  0.000000e+00  0.000000e+00  1.000000e+00
   outer loop
     vertex -1.559513e+00  1.189823e+01  1.500000e+00
     vertex -1.885343e+00  1.185097e+01  1.500000e+00
     vertex -1.571119e+00  9.875808e+00  1.500000e+00
   endloop
 endfacet
 facet normal  0.000000e+00  0.000000e+00  1.000000e+00
   outer loop
     vertex -1.559513e+00  1.189823e+01  1.500000e+00
     vertex -1.571119e+00  9.875808e+00  1.500000e+00
     vertex -1.299594e+00  9.915193e+00  1.500000e+00
   endloop
 endfacet
 facet normal  0.000000e+00  0.000000e+00  1.000000e+00
   outer loop
     vertex  1.192780e+01 -1.314357e+00  1.500000e+00
     vertex  9.939835e+00 -1.095298e+00  1.500000e+00
     vertex  1.188725e+01 -1.641090e+00  1.500000e+00
   endloop
 endfacet
 facet normal  0.000000e+00  0.000000e+00  1.000000e+00
   outer loop
     vertex  1.192780e+01 -1.314357e+00  1.500000e+00
     vertex  9.966142e+00 -8.221955e-01  1.500000e+00
     vertex  9.939835e+00 -1.095298e+00  1.500000e+00
   endloop
 endfacet
 facet normal  0.000000e+00  0.000000e+00  1.000000e+00
   outer loop
     vertex -1.232510e+00  1.193654e+01  1.500000e+00
     vertex -1.559513e+00  1.189823e+01  1.500000e+00
     vertex -1.299594e+00  9.915193e+00  1.500000e+00
   endloop
 endfacet
 facet normal  0.000000e+00  0.000000e+00  1.000000e+00
   outer loop
     vertex -1.232510e+00  1.193654e+01  1.500000e+00
     vertex -1.299594e+00  9.915193e+00  1.500000e+00
     vertex -1.027091e+00  9.947114e+00  1.500000e+00
   endloop
 endfacet
 facet normal  0.000000e+00  0.000000e+00  1.000000e+00
   outer loop
     vertex  1.195937e+01 -9.866346e-01  1.500000e+00
     vertex  9.966142e+00 -8.221955e-01  1.500000e+00
     vertex  1.192780e+01 -1.314357e+00  1.500000e+00
   endloop
 endfacet
 facet normal  0.000000e+00  0.000000e+00  1.000000e+00
   outer loop
     vertex -9.045783e-01  1.196586e+01  1.500000e+00
     vertex -1.232510e+00  1.193654e+01  1.500000e+00
     vertex -1.027091e+00  9.947114e+00  1.500000e+00
   endloop
 endfacet
 facet normal  0.000000e+00  0.000000e+00  1.000000e+00
   outer loop
     vertex -9.045783e-01  1.196586e+01  1.500000e+00
     vertex -1.027091e+00  9.947114e+00  1.500000e+00
     vertex -7.538152e-01  9.971548e+00  1.500000e+00
   endloop
 endfacet
 facet normal  0.000000e+00  0.000000e+00  1.000000e+00
   outer loop
     vertex  1.198194e+01 -6.581693e-01  1.500000e+00
     vertex  9.966142e+00 -8.221955e-01  1.500000e+00
     vertex  1.195937e+01 -9.866346e-01  1.500000e+00
   endloop
 endfacet
 facet normal  0.000000e+00  0.000000e+00  1.000000e+00
   outer loop
     vertex  1.198194e+01 -6.581693e-01  1.500000e+00
     vertex  9.984947e+00 -5.484744e-01  1.500000e+00
     vertex  9.966142e+00 -8.221955e-01  1.500000e+00
   endloop
 endfacet
 facet normal  0.000000e+00  0.000000e+00  1.000000e+00
   outer loop
     vertex -5.759659e-01  1.198617e+01  1.500000e+00
     vertex -9.045783e-01  1.196586e+01  1.500000e+00
     vertex -7.538152e-01  9.971548e+00  1.500000e+00
   endloop
 endfacet
 facet normal  0.000000e+00  0.000000e+00  1.000000e+00
   outer loop
     vertex -5.759659e-01  1.198617e+01  1.500000e+00
     vertex -7.538152e-01  9.971548e+00  1.500000e+00
     vertex -4.799716e-01  9.988475e+00  1.500000e+00
   endloop
 endfacet
 facet normal  0.000000e+00  0.000000e+00  1.000000e+00
   outer loop
     vertex  1.199548e+01 -3.292086e-01  1.500000e+00
     vertex  9.984947e+00 -5.484744e-01  1.500000e+00
     vertex  1.198194e+01 -6.581693e-01  1.500000e+00
   endloop
 endfacet
 facet normal  0.000000e+00  0.000000e+00  1.000000e+00
   outer loop
     vertex  1.199548e+01 -3.292086e-01  1.500000e+00
     vertex  9.996236e+00 -2.743405e-01  1.500000e+00
     vertex  9.984947e+00 -5.484744e-01  1.500000e+00
   endloop
 endfacet
 facet normal  0.000000e+00  0.000000e+00  1.000000e+00
   outer loop
     vertex -2.469200e-01  1.199746e+01  1.500000e+00
     vertex -5.759659e-01  1.198617e+01  1.500000e+00
     vertex -4.799716e-01  9.988475e+00  1.500000e+00
   endloop
 endfacet
 facet normal  0.000000e+00  0.000000e+00  1.000000e+00
   outer loop
     vertex -2.469200e-01  1.199746e+01  1.500000e+00
     vertex -4.799716e-01  9.988475e+00  1.500000e+00
     vertex -2.057667e-01  9.997883e+00  1.500000e+00
   endloop
 endfacet
 facet normal  0.000000e+00  0.000000e+00  1.000000e+00
   outer loop
     vertex  1.200000e+01  0.000000e+00  1.500000e+00
     vertex  1.000000e+01  0.000000e+00  1.500000e+00
     vertex  9.996236e+00 -2.743405e-01  1.500000e+00
   endloop
 endfacet
 facet normal  0.000000e+00  0.000000e+00  1.000000e+00
   outer loop
     vertex  1.200000e+01  0.000000e+00  1.500000e+00
     vertex  9.996236e+00 -2.743405e-01  1.500000e+00
     vertex  1.199548e+01 -3.292086e-01  1.500000e+00
   endloop
 endfacet
 facet normal  0.000000e+00  0.000000e+00  1.000000e+00
   outer loop
     vertex  8.231183e-02  1.199972e+01  1.500000e+00
     vertex -2.469200e-01  1.199746e+01  1.500000e+00
     vertex -2.057667e-01  9.997883e+00  1.500000e+00
   endloop
 endfacet
 facet normal  0.000000e+00  0.000000e+00  1.000000e+00
   outer loop
     vertex  8.231183e-02  1.199972e+01  1.500000e+00
     vertex -2.057667e-01  9.997883e+00  1.500000e+00
     vertex  6.859319e-02  9.999765e+00  1.500000e+00
   endloop
 endfacet
 facet normal  0.000000e+00  0.000000e+00  1.000000e+00
   outer loop
     vertex  1.199548e+01  3.292086e-01  1.500000e+00
     vertex  9.996236e+00  2.743405e-01  1.500000e+00
     vertex  1.000000e+01  0.000000e+00  1.500000e+00
   endloop
 endfacet
 facet normal  0.000000e+00  0.000000e+00  1.000000e+00
   outer loop
     vertex  1.199548e+01  3.292086e-01  1.500000e+00
     vertex  1.000000e+01  0.000000e+00  1.500000e+00
     vertex  1.200000e+01  0.000000e+00  1.500000e+00
   endloop
 endfacet
 facet normal  0.000000e+00  0.000000e+00  1.000000e+00
   outer loop
     vertex  4.114817e-01  1.199294e+01  1.500000e+00
     vertex  8.231183e-02  1.199972e+01  1.500000e+00
     vertex  6.859319e-02  9.999765e+00  1.500000e+00
   endloop
 endfacet
 facet normal  0.000000e+00  0.000000e+00  1.000000e+00
   outer loop
     vertex  4.114817e-01  1.199294e+01  1.500000e+00
     vertex  6.859319e-02  9.999765e+00  1.500000e+00
     vertex  3.429014e-01  9.994119e+00  1.500000e+00
   endloop
 endfacet
 facet normal  0.000000e+00  0.000000e+00  1.000000e+00
   outer loop
     vertex  1.198194e+01  6.581693e-01  1.500000e+00
     vertex  9.984947e+00  5.484744e-01  1.500000e+00
     vertex  9.996236e+00  2.743405e-01  1.500000e+00
   endloop
 endfacet
 facet normal  0.000000e+00  0.000000e+00  1.000000e+00
   outer loop
     vertex  1.198194e+01  6.581693e-01  1.500000e+00
     vertex  9.966142e+00  8.221955e-01  1.500000e+00
     vertex  9.984947e+00  5.484744e-01  1.500000e+00
   endloop
 endfacet
 facet normal  0.000000e+00  0.000000e+00  1.000000e+00
   outer loop
     vertex  1.198194e+01  6.581693e-01  1.500000e+00
     vertex  9.996236e+00  2.743405e-01  1.500000e+00
     vertex  1.199548e+01  3.292086e-01  1.500000e+00
   endloop
 endfacet
 facet normal  0.000000e+00  0.000000e+00  1.000000e+00
   outer loop
     vertex  7.403418e-01  1.197714e+01  1.500000e+00
     vertex  3.429014e-01  9.994119e+00  1.500000e+00
     vertex  6.169515e-01  9.980950e+00  1.500000e+00
   endloop
 endfacet
 facet normal  0.000000e+00  0.000000e+00  1.000000e+00
   outer loop
     vertex  7.403418e-01  1.197714e+01  1.500000e+00
     vertex  4.114817e-01  1.199294e+01  1.500000e+00
     vertex  3.429014e-01  9.994119e+00  1.500000e+00
   endloop
 endfacet
 facet normal  0.000000e+00  0.000000e+00  1.000000e+00
   outer loop
     vertex  1.195937e+01  9.866346e-01  1.500000e+00
     vertex  9.939835e+00  1.095298e+00  1.500000e+00
     vertex  9.966142e+00  8.221955e-01  1.500000e+00
   endloop
 endfacet
 facet normal  0.000000e+00  0.000000e+00  1.000000e+00
   outer loop
     vertex  1.195937e+01  9.866346e-01  1.500000e+00
     vertex  9.966142e+00  8.221955e-01  1.500000e+00
     vertex  1.198194e+01  6.581693e-01  1.500000e+00
   endloop
 endfacet
 facet normal  0.000000e+00  0.000000e+00  1.000000e+00
   outer loop
     vertex  1.068645e+00  1.195232e+01  1.500000e+00
     vertex  6.169515e-01  9.980950e+00  1.500000e+00
     vertex  8.905371e-01  9.960268e+00  1.500000e+00
   endloop
 endfacet
 facet normal  0.000000e+00  0.000000e+00  1.000000e+00
   outer loop
     vertex  1.068645e+00  1.195232e+01  1.500000e+00
     vertex  7.403418e-01  1.197714e+01  1.500000e+00
     vertex  6.169515e-01  9.980950e+00  1.500000e+00
   endloop
 endfacet
 facet normal  0.000000e+00  0.000000e+00  1.000000e+00
   outer loop
     vertex  1.192780e+01  1.314357e+00  1.500000e+00
     vertex  9.939835e+00  1.095298e+00  1.500000e+00
     vertex  1.195937e+01  9.866346e-01  1.500000e+00
   endloop
 endfacet
 facet normal  0.000000e+00  0.000000e+00  1.000000e+00
   outer loop
     vertex  1.396143e+00  1.191851e+01  1.500000e+00
     vertex  1.068645e+00  1.195232e+01  1.500000e+00
     vertex  8.905371e-01  9.960268e+00  1.500000e+00
   endloop
 endfacet
 facet normal  0.000000e+00  0.000000e+00  1.000000e+00
   outer loop
     vertex  1.396143e+00  1.191851e+01  1.500000e+00
     vertex  8.905371e-01  9.960268e+00  1.500000e+00
     vertex  1.163452e+00  9.932088e+00  1.500000e+00
   endloop
 endfacet
 facet normal  0.000000e+00  0.000000e+00  1.000000e+00
   outer loop
     vertex  1.188725e+01  1.641090e+00  1.500000e+00
     vertex  9.939835e+00  1.095298e+00  1.500000e+00
     vertex  1.192780e+01  1.314357e+00  1.500000e+00
   endloop
 endfacet
 facet normal  0.000000e+00  0.000000e+00  1.000000e+00
   outer loop
     vertex  1.188725e+01  1.641090e+00  1.500000e+00
     vertex  9.906046e+00  1.367575e+00  1.500000e+00
     vertex  9.939835e+00  1.095298e+00  1.500000e+00
   endloop
 endfacet
 facet normal  0.000000e+00  0.000000e+00  1.000000e+00
   outer loop
     vertex  1.188725e+01  1.641090e+00  1.500000e+00
     vertex  9.864799e+00  1.638824e+00  1.500000e+00
     vertex  9.906046e+00  1.367575e+00  1.500000e+00
   endloop
 endfacet
 facet normal  0.000000e+00  0.000000e+00  1.000000e+00
   outer loop
     vertex  1.722590e+00  1.187572e+01  1.500000e+00
     vertex  1.396143e+00  1.191851e+01  1.500000e+00
     vertex  1.163452e+00  9.932088e+00  1.500000e+00
   endloop
 endfacet
 facet normal  0.000000e+00  0.000000e+00  1.000000e+00
   outer loop
     vertex  1.722590e+00  1.187572e+01  1.500000e+00
     vertex  1.435492e+00  9.896432e+00  1.500000e+00
     vertex  1.706451e+00  9.853326e+00  1.500000e+00
   endloop
 endfacet
 facet normal  0.000000e+00  0.000000e+00  1.000000e+00
   outer loop
     vertex  1.722590e+00  1.187572e+01  1.500000e+00
     vertex  1.163452e+00  9.932088e+00  1.500000e+00
     vertex  1.435492e+00  9.896432e+00  1.500000e+00
   endloop
 endfacet
 facet normal  0.000000e+00  0.000000e+00  1.000000e+00
   outer loop
     vertex  1.183776e+01  1.966588e+00  1.500000e+00
     vertex  9.864799e+00  1.638824e+00  1.500000e+00
     vertex  1.188725e+01  1.641090e+00  1.500000e+00
   endloop
 endfacet
 facet normal  0.000000e+00  0.000000e+00  1.000000e+00
   outer loop
     vertex  2.047741e+00  1.182399e+01  1.500000e+00
     vertex  1.722590e+00  1.187572e+01  1.500000e+00
     vertex  1.706451e+00  9.853326e+00  1.500000e+00
   endloop
 endfacet
 facet normal  0.000000e+00  0.000000e+00  1.000000e+00
   outer loop
     vertex  2.047741e+00  1.182399e+01  1.500000e+00
     vertex  1.706451e+00  9.853326e+00  1.500000e+00
     vertex  1.976125e+00  9.802802e+00  1.500000e+00
   endloop
 endfacet
 facet normal  0.000000e+00  0.000000e+00  1.000000e+00
   outer loop
     vertex  1.177935e+01  2.290606e+00  1.500000e+00
     vertex  9.816126e+00  1.908838e+00  1.500000e+00
     vertex  9.864799e+00  1.638824e+00  1.500000e+00
   endloop
 endfacet
 facet normal  0.000000e+00  0.000000e+00  1.000000e+00
   outer loop
     vertex  1.177935e+01  2.290606e+00  1.500000e+00
     vertex  9.864799e+00  1.638824e+00  1.500000e+00
     vertex  1.183776e+01  1.966588e+00  1.500000e+00
   endloop
 endfacet
 facet normal  0.000000e+00  0.000000e+00  1.000000e+00
   outer loop
     vertex  2.371350e+00  1.176336e+01  1.500000e+00
     vertex  2.047741e+00  1.182399e+01  1.500000e+00
     vertex  1.976125e+00  9.802802e+00  1.500000e+00
   endloop
 endfacet
 facet normal  0.000000e+00  0.000000e+00  1.000000e+00
   outer loop
     vertex  1.171208e+01  2.612899e+00  1.500000e+00
     vertex  9.760065e+00  2.177416e+00  1.500000e+00
     vertex  9.816126e+00  1.908838e+00  1.500000e+00
   endloop
 endfacet
 facet normal  0.000000e+00  0.000000e+00  1.000000e+00
   outer loop
     vertex  1.171208e+01  2.612899e+00  1.500000e+00
     vertex  9.816126e+00  1.908838e+00  1.500000e+00
     vertex  1.177935e+01  2.290606e+00  1.500000e+00
   endloop
 endfacet
 facet normal  0.000000e+00  0.000000e+00  1.000000e+00
   outer loop
     vertex  2.693174e+00  1.169388e+01  1.500000e+00
     vertex  2.371350e+00  1.176336e+01  1.500000e+00
     vertex  1.976125e+00  9.802802e+00  1.500000e+00
   endloop
 endfacet
 facet normal  0.000000e+00  0.000000e+00  1.000000e+00
   outer loop
     vertex  2.693174e+00  1.169388e+01  1.500000e+00
     vertex  1.976125e+00  9.802802e+00  1.500000e+00
     vertex  2.244312e+00  9.744899e+00  1.500000e+00
   endloop
 endfacet
 facet normal  0.000000e+00  0.000000e+00  1.000000e+00
   outer loop
     vertex  1.163599e+01  2.933225e+00  1.500000e+00
     vertex  9.696656e+00  2.444354e+00  1.500000e+00
     vertex  9.760065e+00  2.177416e+00  1.500000e+00
   endloop
 endfacet
 facet normal  0.000000e+00  0.000000e+00  1.000000e+00
   outer loop
     vertex  1.163599e+01  2.933225e+00  1.500000e+00
     vertex  9.760065e+00  2.177416e+00  1.500000e+00
     vertex  1.171208e+01  2.612899e+00  1.500000e+00
   endloop
 endfacet
 facet normal  0.000000e+00  0.000000e+00  1.000000e+00
   outer loop
     vertex  1.163599e+01  2.933225e+00  1.500000e+00
     vertex  9.625948e+00  2.709453e+00  1.500000e+00
     vertex  9.696656e+00  2.444354e+00  1.500000e+00
   endloop
 endfacet
 facet normal  0.000000e+00  0.000000e+00  1.000000e+00
   outer loop
     vertex  3.012971e+00  1.161559e+01  1.500000e+00
     vertex  2.244312e+00  9.744899e+00  1.500000e+00
     vertex  2.510809e+00  9.679661e+00  1.500000e+00
   endloop
 endfacet
 facet normal  0.000000e+00  0.000000e+00  1.000000e+00
   outer loop
     vertex  3.012971e+00  1.161559e+01  1.500000e+00
     vertex  2.693174e+00  1.169388e+01  1.500000e+00
     vertex  2.244312e+00  9.744899e+00  1.500000e+00
   endloop
 endfacet
 facet normal  0.000000e+00  0.000000e+00  1.000000e+00
   outer loop
     vertex  1.155114e+01  3.251343e+00  1.500000e+00
     vertex  9.625948e+00  2.709453e+00  1.500000e+00
     vertex  1.163599e+01  2.933225e+00  1.500000e+00
   endloop
 endfacet
 facet normal  0.000000e+00  0.000000e+00  1.000000e+00
   outer loop
     vertex  3.330500e+00  1.152856e+01  1.500000e+00
     vertex  2.510809e+00  9.679661e+00  1.500000e+00
     vertex  2.775416e+00  9.607136e+00  1.500000e+00
   endloop
 endfacet
 facet normal  0.000000e+00  0.000000e+00  1.000000e+00
   outer loop
     vertex  3.330500e+00  1.152856e+01  1.500000e+00
     vertex  3.012971e+00  1.161559e+01  1.500000e+00
     vertex  2.510809e+00  9.679661e+00  1.500000e+00
   endloop
 endfacet
 facet normal  0.000000e+00  0.000000e+00  1.000000e+00
   outer loop
     vertex  1.145759e+01  3.567014e+00  1.500000e+00
     vertex  9.547993e+00  2.972512e+00  1.500000e+00
     vertex  9.625948e+00  2.709453e+00  1.500000e+00
   endloop
 endfacet
 facet normal  0.000000e+00  0.000000e+00  1.000000e+00
   outer loop
     vertex  1.145759e+01  3.567014e+00  1.500000e+00
     vertex  9.625948e+00  2.709453e+00  1.500000e+00
     vertex  1.155114e+01  3.251343e+00  1.500000e+00
   endloop
 endfacet
 facet normal  0.000000e+00  0.000000e+00  1.000000e+00
   outer loop
     vertex  3.645521e+00  1.143286e+01  1.500000e+00
     vertex  2.775416e+00  9.607136e+00  1.500000e+00
     vertex  3.037934e+00  9.527379e+00  1.500000e+00
   endloop
 endfacet
 facet normal  0.000000e+00  0.000000e+00  1.000000e+00
   outer loop
     vertex  3.645521e+00  1.143286e+01  1.500000e+00
     vertex  3.330500e+00  1.152856e+01  1.500000e+00
     vertex  2.775416e+00  9.607136e+00  1.500000e+00
   endloop
 endfacet
 facet normal  0.000000e+00  0.000000e+00  1.000000e+00
   outer loop
     vertex  1.135542e+01  3.880000e+00  1.500000e+00
     vertex  9.462851e+00  3.233333e+00  1.500000e+00
     vertex  9.547993e+00  2.972512e+00  1.500000e+00
   endloop
 endfacet
 facet normal  0.000000e+00  0.000000e+00  1.000000e+00
   outer loop
     vertex  1.135542e+01  3.880000e+00  1.500000e+00
     vertex  9.547993e+00  2.972512e+00  1.500000e+00
     vertex  1.145759e+01  3.567014e+00  1.500000e+00
   endloop
 endfacet
 facet normal  0.000000e+00  0.000000e+00  1.000000e+00
   outer loop
     vertex  3.957799e+00  1.132854e+01  1.500000e+00
     vertex  3.298166e+00  9.440450e+00  1.500000e+00
     vertex  3.555914e+00  9.346415e+00  1.500000e+00
   endloop
 endfacet
 facet normal  0.000000e+00  0.000000e+00  1.000000e+00
   outer loop
     vertex  3.957799e+00  1.132854e+01  1.500000e+00
     vertex  3.037934e+00  9.527379e+00  1.500000e+00
     vertex  3.298166e+00  9.440450e+00  1.500000e+00
   endloop
 endfacet
 facet normal  0.000000e+00  0.000000e+00  1.000000e+00
   outer loop
     vertex  3.957799e+00  1.132854e+01  1.500000e+00
     vertex  3.645521e+00  1.143286e+01  1.500000e+00
     vertex  3.037934e+00  9.527379e+00  1.500000e+00
   endloop
 endfacet
 facet normal  0.000000e+00  0.000000e+00  1.000000e+00
   outer loop
     vertex  1.124470e+01  4.190064e+00  1.500000e+00
     vertex  9.370586e+00  3.491720e+00  1.500000e+00
     vertex  9.462851e+00  3.233333e+00  1.500000e+00
   endloop
 endfacet
 facet normal  0.000000e+00  0.000000e+00  1.000000e+00
   outer loop
     vertex  1.124470e+01  4.190064e+00  1.500000e+00
     vertex  9.462851e+00  3.233333e+00  1.500000e+00
     vertex  1.135542e+01  3.880000e+00  1.500000e+00
   endloop
 endfacet
 facet normal  0.000000e+00  0.000000e+00  1.000000e+00
   outer loop
     vertex  4.267097e+00  1.121570e+01  1.500000e+00
     vertex  3.957799e+00  1.132854e+01  1.500000e+00
     vertex  3.555914e+00  9.346415e+00  1.500000e+00
   endloop
 endfacet
 facet normal  0.000000e+00  0.000000e+00  1.000000e+00
   outer loop
     vertex  1.112552e+01  4.496975e+00  1.500000e+00
     vertex  9.271267e+00  3.747479e+00  1.500000e+00
     vertex  9.370586e+00  3.491720e+00  1.500000e+00
   endloop
 endfacet
 facet normal  0.000000e+00  0.000000e+00  1.000000e+00
   outer loop
     vertex  1.112552e+01  4.496975e+00  1.500000e+00
     vertex  9.370586e+00  3.491720e+00  1.500000e+00
     vertex  1.124470e+01  4.190064e+00  1.500000e+00
   endloop
 endfacet
 facet normal  0.000000e+00  0.000000e+00  1.000000e+00
   outer loop
     vertex  4.573183e+00  1.109441e+01  1.500000e+00
     vertex  4.267097e+00  1.121570e+01  1.500000e+00
     vertex  3.555914e+00  9.346415e+00  1.500000e+00
   endloop
 endfacet
 facet normal  0.000000e+00  0.000000e+00  1.000000e+00
   outer loop
     vertex  4.573183e+00  1.109441e+01  1.500000e+00
     vertex  3.555914e+00  9.346415e+00  1.500000e+00
     vertex  3.810986e+00  9.245344e+00  1.500000e+00
   endloop
 endfacet
 facet normal  0.000000e+00  0.000000e+00  1.000000e+00
   outer loop
     vertex  1.099796e+01  4.800501e+00  1.500000e+00
     vertex  9.164969e+00  4.000417e+00  1.500000e+00
     vertex  9.271267e+00  3.747479e+00  1.500000e+00
   endloop
 endfacet
 facet normal  0.000000e+00  0.000000e+00  1.000000e+00
   outer loop
     vertex  1.099796e+01  4.800501e+00  1.500000e+00
     vertex  9.051772e+00  4.250344e+00  1.500000e+00
     vertex  9.164969e+00  4.000417e+00  1.500000e+00
   endloop
 endfacet
 facet normal  0.000000e+00  0.000000e+00  1.000000e+00
   outer loop
     vertex  1.099796e+01  4.800501e+00  1.500000e+00
     vertex  9.271267e+00  3.747479e+00  1.500000e+00
     vertex  1.112552e+01  4.496975e+00  1.500000e+00
   endloop
 endfacet
 facet normal  0.000000e+00  0.000000e+00  1.000000e+00
   outer loop
     vertex  4.875826e+00  1.096478e+01  1.500000e+00
     vertex  4.573183e+00  1.109441e+01  1.500000e+00
     vertex  3.810986e+00  9.245344e+00  1.500000e+00
   endloop
 endfacet
 facet normal  0.000000e+00  0.000000e+00  1.000000e+00
   outer loop
     vertex  4.875826e+00  1.096478e+01  1.500000e+00
     vertex  3.810986e+00  9.245344e+00  1.500000e+00
     vertex  4.063188e+00  9.137314e+00  1.500000e+00
   endloop
 endfacet
 facet normal  0.000000e+00  0.000000e+00  1.000000e+00
   outer loop
     vertex  1.086213e+01  5.100412e+00  1.500000e+00
     vertex  9.051772e+00  4.250344e+00  1.500000e+00
     vertex  1.099796e+01  4.800501e+00  1.500000e+00
   endloop
 endfacet
 facet normal  0.000000e+00  0.000000e+00  1.000000e+00
   outer loop
     vertex  5.174799e+00  1.082689e+01  1.500000e+00
     vertex  4.875826e+00  1.096478e+01  1.500000e+00
     vertex  4.063188e+00  9.137314e+00  1.500000e+00
   endloop
 endfacet
 facet normal  0.000000e+00  0.000000e+00  1.000000e+00
   outer loop
     vertex  5.174799e+00  1.082689e+01  1.500000e+00
     vertex  4.063188e+00  9.137314e+00  1.500000e+00
     vertex  4.312333e+00  9.022405e+00  1.500000e+00
   endloop
 endfacet
 facet normal  0.000000e+00  0.000000e+00  1.000000e+00
   outer loop
     vertex  1.071811e+01  5.396485e+00  1.500000e+00
     vertex  8.931761e+00  4.497071e+00  1.500000e+00
     vertex  9.051772e+00  4.250344e+00  1.500000e+00
   endloop
 endfacet
 facet normal  0.000000e+00  0.000000e+00  1.000000e+00
   outer loop
     vertex  1.071811e+01  5.396485e+00  1.500000e+00
     vertex  8.805026e+00  4.740412e+00  1.500000e+00
     vertex  8.931761e+00  4.497071e+00  1.500000e+00
   endloop
 endfacet
 facet normal  0.000000e+00  0.000000e+00  1.000000e+00
   outer loop
     vertex  1.071811e+01  5.396485e+00  1.500000e+00
     vertex  9.051772e+00  4.250344e+00  1.500000e+00
     vertex  1.086213e+01  5.100412e+00  1.500000e+00
   endloop
 endfacet
 facet normal  0.000000e+00  0.000000e+00  1.000000e+00
   outer loop
     vertex  5.469877e+00  1.068084e+01  1.500000e+00
     vertex  5.174799e+00  1.082689e+01  1.500000e+00
     vertex  4.312333e+00  9.022405e+00  1.500000e+00
   endloop
 endfacet
 facet normal  0.000000e+00  0.000000e+00  1.000000e+00
   outer loop
     vertex  5.469877e+00  1.068084e+01  1.500000e+00
     vertex  4.558231e+00  8.900704e+00  1.500000e+00
     vertex  4.800697e+00  8.772303e+00  1.500000e+00
   endloop
 endfacet
 facet normal  0.000000e+00  0.000000e+00  1.000000e+00
   outer loop
     vertex  5.469877e+00  1.068084e+01  1.500000e+00
     vertex  4.312333e+00  9.022405e+00  1.500000e+00
     vertex  4.558231e+00  8.900704e+00  1.500000e+00
   endloop
 endfacet
 facet normal  0.000000e+00  0.000000e+00  1.000000e+00
   outer loop
     vertex  1.056603e+01  5.688495e+00  1.500000e+00
     vertex  8.805026e+00  4.740412e+00  1.500000e+00
     vertex  1.071811e+01  5.396485e+00  1.500000e+00
   endloop
 endfacet
 facet normal  0.000000e+00  0.000000e+00  1.000000e+00
   outer loop
     vertex  1.056603e+01  5.688495e+00  1.500000e+00
     vertex  8.671664e+00  4.980186e+00  1.500000e+00
     vertex  8.805026e+00  4.740412e+00  1.500000e+00
   endloop
 endfacet
 facet normal  0.000000e+00  0.000000e+00  1.000000e+00
   outer loop
     vertex  5.760837e+00  1.052676e+01  1.500000e+00
     vertex  5.469877e+00  1.068084e+01  1.500000e+00
     vertex  4.800697e+00  8.772303e+00  1.500000e+00
   endloop
 endfacet
 facet normal  0.000000e+00  0.000000e+00  1.000000e+00
   outer loop
     vertex  1.040600e+01  5.976223e+00  1.500000e+00
     vertex  8.671664e+00  4.980186e+00  1.500000e+00
     vertex  1.056603e+01  5.688495e+00  1.500000e+00
   endloop
 endfacet
 facet normal  0.000000e+00  0.000000e+00  1.000000e+00
   outer loop
     vertex  1.040600e+01  5.976223e+00  1.500000e+00
     vertex  8.531773e+00  5.216210e+00  1.500000e+00
     vertex  8.671664e+00  4.980186e+00  1.500000e+00
   endloop
 endfacet
 facet normal  0.000000e+00  0.000000e+00  1.000000e+00
   outer loop
     vertex  6.047460e+00  1.036476e+01  1.500000e+00
     vertex  5.039550e+00  8.637299e+00  1.500000e+00
     vertex  5.274609e+00  8.495793e+00  1.500000e+00
   endloop
 endfacet
 facet normal  0.000000e+00  0.000000e+00  1.000000e+00
   outer loop
     vertex  6.047460e+00  1.036476e+01  1.500000e+00
     vertex  4.800697e+00  8.772303e+00  1.500000e+00
     vertex  5.039550e+00  8.637299e+00  1.500000e+00
   endloop
 endfacet
 facet normal  0.000000e+00  0.000000e+00  1.000000e+00
   outer loop
     vertex  6.047460e+00  1.036476e+01  1.500000e+00
     vertex  5.760837e+00  1.052676e+01  1.500000e+00
     vertex  4.800697e+00  8.772303e+00  1.500000e+00
   endloop
 endfacet
 facet normal  0.000000e+00  0.000000e+00  1.000000e+00
   outer loop
     vertex  1.023813e+01  6.259452e+00  1.500000e+00
     vertex  8.531773e+00  5.216210e+00  1.500000e+00
     vertex  1.040600e+01  5.976223e+00  1.500000e+00
   endloop
 endfacet
 facet normal  0.000000e+00  0.000000e+00  1.000000e+00
   outer loop
     vertex  6.329531e+00  1.019495e+01  1.500000e+00
     vertex  6.047460e+00  1.036476e+01  1.500000e+00
     vertex  5.274609e+00  8.495793e+00  1.500000e+00
   endloop
 endfacet
 facet normal  0.000000e+00  0.000000e+00  1.000000e+00
   outer loop
     vertex  1.006255e+01  6.537969e+00  1.500000e+00
     vertex  8.531773e+00  5.216210e+00  1.500000e+00
     vertex  1.023813e+01  6.259452e+00  1.500000e+00
   endloop
 endfacet
 facet normal  0.000000e+00  0.000000e+00  1.000000e+00
   outer loop
     vertex  1.006255e+01  6.537969e+00  1.500000e+00
     vertex  8.385460e+00  5.448308e+00  1.500000e+00
     vertex  8.531773e+00  5.216210e+00  1.500000e+00
   endloop
 endfacet
 facet normal  0.000000e+00  0.000000e+00  1.000000e+00
   outer loop
     vertex  6.606838e+00  1.001747e+01  1.500000e+00
     vertex  6.329531e+00  1.019495e+01  1.500000e+00
     vertex  5.274609e+00  8.495793e+00  1.500000e+00
   endloop
 endfacet
 facet normal  0.000000e+00  0.000000e+00  1.000000e+00
   outer loop
     vertex  6.606838e+00  1.001747e+01  1.500000e+00
     vertex  5.274609e+00  8.495793e+00  1.500000e+00
     vertex  5.505698e+00  8.347891e+00  1.500000e+00
   endloop
 endfacet
 facet normal  0.000000e+00  0.000000e+00  1.000000e+00
   outer loop
     vertex  9.879402e+00  6.811565e+00  1.500000e+00
     vertex  8.385460e+00  5.448308e+00  1.500000e+00
     vertex  1.006255e+01  6.537969e+00  1.500000e+00
   endloop
 endfacet
 facet normal  0.000000e+00  0.000000e+00  1.000000e+00
   outer loop
     vertex  9.879402e+00  6.811565e+00  1.500000e+00
     vertex  8.232835e+00  5.676304e+00  1.500000e+00
     vertex  8.385460e+00  5.448308e+00  1.500000e+00
   endloop
 endfacet
 facet normal  0.000000e+00  0.000000e+00  1.000000e+00
   outer loop
     vertex  9.879402e+00  6.811565e+00  1.500000e+00
     vertex  8.074012e+00  5.900028e+00  1.500000e+00
     vertex  8.232835e+00  5.676304e+00  1.500000e+00
   endloop
 endfacet
 facet normal  0.000000e+00  0.000000e+00  1.000000e+00
   outer loop
     vertex  6.879171e+00  9.832447e+00  1.500000e+00
     vertex  6.606838e+00  1.001747e+01  1.500000e+00
     vertex  5.505698e+00  8.347891e+00  1.500000e+00
   endloop
 endfacet
 facet normal  0.000000e+00  0.000000e+00  1.000000e+00
   outer loop
     vertex  6.879171e+00  9.832447e+00  1.500000e+00
     vertex  5.505698e+00  8.347891e+00  1.500000e+00
     vertex  5.732642e+00  8.193706e+00  1.500000e+00
   endloop
 endfacet
 facet normal  0.000000e+00  0.000000e+00  1.000000e+00
   outer loop
     vertex  9.688815e+00  7.080033e+00  1.500000e+00
     vertex  8.074012e+00  5.900028e+00  1.500000e+00
     vertex  9.879402e+00  6.811565e+00  1.500000e+00
   endloop
 endfacet
 facet normal  0.000000e+00  0.000000e+00  1.000000e+00
   outer loop
     vertex  7.146325e+00  9.640022e+00  1.500000e+00
     vertex  6.879171e+00  9.832447e+00  1.500000e+00
     vertex  5.732642e+00  8.193706e+00  1.500000e+00
   endloop
 endfacet
 facet normal  0.000000e+00  0.000000e+00  1.000000e+00
   outer loop
     vertex  7.146325e+00  9.640022e+00  1.500000e+00
     vertex  5.955271e+00  8.033352e+00  1.500000e+00
     vertex  6.173417e+00  7.866951e+00  1.500000e+00
   endloop
 endfacet
 facet normal  0.000000e+00  0.000000e+00  1.000000e+00
   outer loop
     vertex  7.146325e+00  9.640022e+00  1.500000e+00
     vertex  5.732642e+00  8.193706e+00  1.500000e+00
     vertex  5.955271e+00  8.033352e+00  1.500000e+00
   endloop
 endfacet
 facet normal  0.000000e+00  0.000000e+00  1.000000e+00
   outer loop
     vertex  9.490934e+00  7.343172e+00  1.500000e+00
     vertex  8.074012e+00  5.900028e+00  1.500000e+00
     vertex  9.688815e+00  7.080033e+00  1.500000e+00
   endloop
 endfacet
 facet normal  0.000000e+00  0.000000e+00  1.000000e+00
   outer loop
     vertex  9.490934e+00  7.343172e+00  1.500000e+00
     vertex  7.909112e+00  6.119310e+00  1.500000e+00
     vertex  8.074012e+00  5.900028e+00  1.500000e+00
   endloop
 endfacet
 facet normal  0.000000e+00  0.000000e+00  1.000000e+00
   outer loop
     vertex  7.408101e+00  9.440341e+00  1.500000e+00
     vertex  7.146325e+00  9.640022e+00  1.500000e+00
     vertex  6.173417e+00  7.866951e+00  1.500000e+00
   endloop
 endfacet
 facet normal  0.000000e+00  0.000000e+00  1.000000e+00
   outer loop
     vertex  9.285909e+00  7.600783e+00  1.500000e+00
     vertex  7.909112e+00  6.119310e+00  1.500000e+00
     vertex  9.490934e+00  7.343172e+00  1.500000e+00
   endloop
 endfacet
 facet normal  0.000000e+00  0.000000e+00  1.000000e+00
   outer loop
     vertex  9.285909e+00  7.600783e+00  1.500000e+00
     vertex  7.738257e+00  6.333986e+00  1.500000e+00
     vertex  7.909112e+00  6.119310e+00  1.500000e+00
   endloop
 endfacet
 facet normal  0.000000e+00  0.000000e+00  1.000000e+00
   outer loop
     vertex  7.664299e+00  9.233554e+00  1.500000e+00
     vertex  7.408101e+00  9.440341e+00  1.500000e+00
     vertex  6.173417e+00  7.866951e+00  1.500000e+00
   endloop
 endfacet
 facet normal  0.000000e+00  0.000000e+00  1.000000e+00
   outer loop
     vertex  7.664299e+00  9.233554e+00  1.500000e+00
     vertex  6.173417e+00  7.866951e+00  1.500000e+00
     vertex  6.386916e+00  7.694628e+00  1.500000e+00
   endloop
 endfacet
 facet normal  0.000000e+00  0.000000e+00  1.000000e+00
   outer loop
     vertex  9.073893e+00  7.852672e+00  1.500000e+00
     vertex  7.738257e+00  6.333986e+00  1.500000e+00
     vertex  9.285909e+00  7.600783e+00  1.500000e+00
   endloop
 endfacet
 facet normal  0.000000e+00  0.000000e+00  1.000000e+00
   outer loop
     vertex  9.073893e+00  7.852672e+00  1.500000e+00
     vertex  7.561578e+00  6.543893e+00  1.500000e+00
     vertex  7.738257e+00  6.333986e+00  1.500000e+00
   endloop
 endfacet
 facet normal  0.000000e+00  0.000000e+00  1.000000e+00
   outer loop
     vertex  7.914728e+00  9.019816e+00  1.500000e+00
     vertex  7.664299e+00  9.233554e+00  1.500000e+00
     vertex  6.386916e+00  7.694628e+00  1.500000e+00
   endloop
 endfacet
 facet normal  0.000000e+00  0.000000e+00  1.000000e+00
   outer loop
     vertex  7.914728e+00  9.019816e+00  1.500000e+00
     vertex  6.595607e+00  7.516513e+00  1.500000e+00
     vertex  6.799333e+00  7.332740e+00  1.500000e+00
   endloop
 endfacet
 facet normal  0.000000e+00  0.000000e+00  1.000000e+00
   outer loop
     vertex  7.914728e+00  9.019816e+00  1.500000e+00
     vertex  6.386916e+00  7.694628e+00  1.500000e+00
     vertex  6.595607e+00  7.516513e+00  1.500000e+00
   endloop
 endfacet
 facet normal  0.000000e+00  0.000000e+00  1.000000e+00
   outer loop
     vertex  8.855048e+00  8.098650e+00  1.500000e+00
     vertex  7.561578e+00  6.543893e+00  1.500000e+00
     vertex  9.073893e+00  7.852672e+00  1.500000e+00
   endloop
 endfacet
 facet normal  0.000000e+00  0.000000e+00  1.000000e+00
   outer loop
     vertex  8.855048e+00  8.098650e+00  1.500000e+00
     vertex  7.379206e+00  6.748875e+00  1.500000e+00
     vertex  7.561578e+00  6.543893e+00  1.500000e+00
   endloop
 endfacet
 facet normal  0.000000e+00  0.000000e+00  1.000000e+00
   outer loop
     vertex  8.159199e+00  8.799288e+00  1.500000e+00
     vertex  7.914728e+00  9.019816e+00  1.500000e+00
     vertex  6.799333e+00  7.332740e+00  1.500000e+00
   endloop
 endfacet
 facet normal  0.000000e+00  0.000000e+00  1.000000e+00
   outer loop
     vertex  8.159199e+00  8.799288e+00  1.500000e+00
     vertex  6.799333e+00  7.332740e+00  1.500000e+00
     vertex  6.997940e+00  7.143447e+00  1.500000e+00
   endloop
 endfacet
 facet normal  0.000000e+00  0.000000e+00  1.000000e+00
   outer loop
     vertex  8.629536e+00  8.338532e+00  1.500000e+00
     vertex  7.191280e+00  6.948776e+00  1.500000e+00
     vertex  7.379206e+00  6.748875e+00  1.500000e+00
   endloop
 endfacet
 facet normal  0.000000e+00  0.000000e+00  1.000000e+00
   outer loop
     vertex  8.629536e+00  8.338532e+00  1.500000e+00
     vertex  7.379206e+00  6.748875e+00  1.500000e+00
     vertex  8.855048e+00  8.098650e+00  1.500000e+00
   endloop
 endfacet
 facet normal  0.000000e+00  0.000000e+00  1.000000e+00
   outer loop
     vertex  8.397528e+00  8.572136e+00  1.500000e+00
     vertex  6.997940e+00  7.143447e+00  1.500000e+00
     vertex  7.191280e+00  6.948776e+00  1.500000e+00
   endloop
 endfacet
 facet normal  0.000000e+00  0.000000e+00  1.000000e+00
   outer loop
     vertex  8.397528e+00  8.572136e+00  1.500000e+00
     vertex  7.191280e+00  6.948776e+00  1.500000e+00
     vertex  8.629536e+00  8.338532e+00  1.500000e+00
   endloop
 endfacet
 facet normal  0.000000e+00  0.000000e+00  1.000000e+00
   outer loop
     vertex  8.397528e+00  8.572136e+00  1.500000e+00
     vertex  8.159199e+00  8.799288e+00  1.500000e+00
     vertex  6.997940e+00  7.143447e+00  1.500000e+00
   endloop
 endfacet
 facet normal  0.000000e+00  0.000000e+00  1.000000e+00
   outer loop
     vertex -5.519428e+00 -5.791020e+00  1.800000e+01
     vertex -5.676222e+00 -5.637420e+00  1.800000e+01
     vertex -7.095278e+00 -7.046775e+00  1.800000e+01
   endloop
 endfacet
 facet normal  0.000000e+00  0.000000e+00  1.000000e+00
   outer loop
     vertex -5.519428e+00 -5.791020e+00  1.800000e+01
     vertex -7.095278e+00 -7.046775e+00  1.800000e+01
     vertex -6.899286e+00 -7.238775e+00  1.800000e+01
   endloop
 endfacet
 facet normal  0.000000e+00  0.000000e+00  1.000000e+00
   outer loop
     vertex -5.828743e+00 -5.479576e+00  1.800000e+01
     vertex -7.095278e+00 -7.046775e+00  1.800000e+01
     vertex -5.676222e+00 -5.637420e+00  1.800000e+01
   endloop
 endfacet
 facet normal  0.000000e+00  0.000000e+00  1.000000e+00
   outer loop
     vertex -5.828743e+00 -5.479576e+00  1.800000e+01
     vertex -7.285929e+00 -6.849470e+00  1.800000e+01
     vertex -7.095278e+00 -7.046775e+00  1.800000e+01
   endloop
 endfacet
 facet normal  0.000000e+00  0.000000e+00  1.000000e+00
   outer loop
     vertex -5.358480e+00 -5.940260e+00  1.800000e+01
     vertex -6.899286e+00 -7.238775e+00  1.800000e+01
     vertex -6.698100e+00 -7.425325e+00  1.800000e+01
   endloop
 endfacet
 facet normal  0.000000e+00  0.000000e+00  1.000000e+00
   outer loop
     vertex -5.358480e+00 -5.940260e+00  1.800000e+01
     vertex -5.519428e+00 -5.791020e+00  1.800000e+01
     vertex -6.899286e+00 -7.238775e+00  1.800000e+01
   endloop
 endfacet
 facet normal  0.000000e+00  0.000000e+00  1.000000e+00
   outer loop
     vertex -5.976876e+00 -5.317608e+00  1.800000e+01
     vertex -7.285929e+00 -6.849470e+00  1.800000e+01
     vertex -5.828743e+00 -5.479576e+00  1.800000e+01
   endloop
 endfacet
 facet normal  0.000000e+00  0.000000e+00  1.000000e+00
   outer loop
     vertex -5.976876e+00 -5.317608e+00  1.800000e+01
     vertex -7.471095e+00 -6.647010e+00  1.800000e+01
     vertex -7.285929e+00 -6.849470e+00  1.800000e+01
   endloop
 endfacet
 facet normal  0.000000e+00  0.000000e+00  1.000000e+00
   outer loop
     vertex -5.193498e+00 -6.085029e+00  1.800000e+01
     vertex -6.698100e+00 -7.425325e+00  1.800000e+01
     vertex -6.491872e+00 -7.606287e+00  1.800000e+01
   endloop
 endfacet
 facet normal  0.000000e+00  0.000000e+00  1.000000e+00
   outer loop
     vertex -5.193498e+00 -6.085029e+00  1.800000e+01
     vertex -5.358480e+00 -5.940260e+00  1.800000e+01
     vertex -6.698100e+00 -7.425325e+00  1.800000e+01
   endloop
 endfacet
 facet normal  0.000000e+00  0.000000e+00  1.000000e+00
   outer loop
     vertex -6.120510e+00 -5.151636e+00  1.800000e+01
     vertex -7.471095e+00 -6.647010e+00  1.800000e+01
     vertex -5.976876e+00 -5.317608e+00  1.800000e+01
   endloop
 endfacet
 facet normal  0.000000e+00  0.000000e+00  1.000000e+00
   outer loop
     vertex -6.120510e+00 -5.151636e+00  1.800000e+01
     vertex -7.650637e+00 -6.439545e+00  1.800000e+01
     vertex -7.471095e+00 -6.647010e+00  1.800000e+01
   endloop
 endfacet
 facet normal  0.000000e+00  0.000000e+00  1.000000e+00
   outer loop
     vertex -5.024606e+00 -6.225218e+00  1.800000e+01
     vertex -6.491872e+00 -7.606287e+00  1.800000e+01
     vertex -6.280757e+00 -7.781522e+00  1.800000e+01
   endloop
 endfacet
 facet normal  0.000000e+00  0.000000e+00  1.000000e+00
   outer loop
     vertex -5.024606e+00 -6.225218e+00  1.800000e+01
     vertex -5.193498e+00 -6.085029e+00  1.800000e+01
     vertex -6.491872e+00 -7.606287e+00  1.800000e+01
   endloop
 endfacet
 facet normal  0.000000e+00  0.000000e+00  1.000000e+00
   outer loop
     vertex -6.259537e+00 -4.981787e+00  1.800000e+01
     vertex -7.650637e+00 -6.439545e+00  1.800000e+01
     vertex -6.120510e+00 -5.151636e+00  1.800000e+01
   endloop
 endfacet
 facet normal  0.000000e+00  0.000000e+00  1.000000e+00
   outer loop
     vertex -6.259537e+00 -4.981787e+00  1.800000e+01
     vertex -7.992314e+00 -6.010234e+00  1.800000e+01
     vertex -7.824421e+00 -6.227234e+00  1.800000e+01
   endloop
 endfacet
 facet normal  0.000000e+00  0.000000e+00  1.000000e+00
   outer loop
     vertex -6.259537e+00 -4.981787e+00  1.800000e+01
     vertex -7.824421e+00 -6.227234e+00  1.800000e+01
     vertex -7.650637e+00 -6.439545e+00  1.800000e+01
   endloop
 endfacet
 facet normal  0.000000e+00  0.000000e+00  1.000000e+00
   outer loop
     vertex -4.851932e+00 -6.360720e+00  1.800000e+01
     vertex -6.280757e+00 -7.781522e+00  1.800000e+01
     vertex -6.064915e+00 -7.950900e+00  1.800000e+01
   endloop
 endfacet
 facet normal  0.000000e+00  0.000000e+00  1.000000e+00
   outer loop
     vertex -4.851932e+00 -6.360720e+00  1.800000e+01
     vertex -6.064915e+00 -7.950900e+00  1.800000e+01
     vertex -5.844507e+00 -8.114292e+00  1.800000e+01
   endloop
 endfacet
 facet normal  0.000000e+00  0.000000e+00  1.000000e+00
   outer loop
     vertex -4.851932e+00 -6.360720e+00  1.800000e+01
     vertex -5.024606e+00 -6.225218e+00  1.800000e+01
     vertex -6.280757e+00 -7.781522e+00  1.800000e+01
   endloop
 endfacet
 facet normal  0.000000e+00  0.000000e+00  1.000000e+00
   outer loop
     vertex -6.393851e+00 -4.808188e+00  1.800000e+01
     vertex -7.992314e+00 -6.010234e+00  1.800000e+01
     vertex -6.259537e+00 -4.981787e+00  1.800000e+01
   endloop
 endfacet
 facet normal  0.000000e+00  0.000000e+00  1.000000e+00
   outer loop
     vertex -4.675605e+00 -6.491434e+00  1.800000e+01
     vertex -4.851932e+00 -6.360720e+00  1.800000e+01
     vertex -5.844507e+00 -8.114292e+00  1.800000e+01
   endloop
 endfacet
 facet normal  0.000000e+00  0.000000e+00  1.000000e+00
   outer loop
     vertex -6.523353e+00 -4.630969e+00  1.800000e+01
     vertex -8.309929e+00 -5.562829e+00  1.800000e+01
     vertex -8.154191e+00 -5.788711e+00  1.800000e+01
   endloop
 endfacet
 facet normal  0.000000e+00  0.000000e+00  1.000000e+00
   outer loop
     vertex -6.523353e+00 -4.630969e+00  1.800000e+01
     vertex -8.154191e+00 -5.788711e+00  1.800000e+01
     vertex -7.992314e+00 -6.010234e+00  1.800000e+01
   endloop
 endfacet
 facet normal  0.000000e+00  0.000000e+00  1.000000e+00
   outer loop
     vertex -6.523353e+00 -4.630969e+00  1.800000e+01
     vertex -7.992314e+00 -6.010234e+00  1.800000e+01
     vertex -6.393851e+00 -4.808188e+00  1.800000e+01
   endloop
 endfacet
 facet normal  0.000000e+00  0.000000e+00  1.000000e+00
   outer loop
     vertex -4.495759e+00 -6.617261e+00  1.800000e+01
     vertex -5.844507e+00 -8.114292e+00  1.800000e+01
     vertex -5.619699e+00 -8.271577e+00  1.800000e+01
   endloop
 endfacet
 facet normal  0.000000e+00  0.000000e+00  1.000000e+00
   outer loop
     vertex -4.495759e+00 -6.617261e+00  1.800000e+01
     vertex -4.675605e+00 -6.491434e+00  1.800000e+01
     vertex -5.844507e+00 -8.114292e+00  1.800000e+01
   endloop
 endfacet
 facet normal  0.000000e+00  0.000000e+00  1.000000e+00
   outer loop
     vertex -6.647944e+00 -4.450264e+00  1.800000e+01
     vertex -8.309929e+00 -5.562829e+00  1.800000e+01
     vertex -6.523353e+00 -4.630969e+00  1.800000e+01
   endloop
 endfacet
 facet normal  0.000000e+00  0.000000e+00  1.000000e+00
   outer loop
     vertex -4.312529e+00 -6.738108e+00  1.800000e+01
     vertex -4.495759e+00 -6.617261e+00  1.800000e+01
     vertex -5.619699e+00 -8.271577e+00  1.800000e+01
   endloop
 endfacet
 facet normal  0.000000e+00  0.000000e+00  1.000000e+00
   outer loop
     vertex -4.312529e+00 -6.738108e+00  1.800000e+01
     vertex -5.619699e+00 -8.271577e+00  1.800000e+01
     vertex -5.390661e+00 -8.422635e+00  1.800000e+01
   endloop
 endfacet
 facet normal  0.000000e+00  0.000000e+00  1.000000e+00
   outer loop
     vertex -4.312529e+00 -6.738108e+00  1.800000e+01
     vertex -5.390661e+00 -8.422635e+00  1.800000e+01
     vertex -5.157565e+00 -8.567352e+00  1.800000e+01
   endloop
 endfacet
 facet normal  0.000000e+00  0.000000e+00  1.000000e+00
   outer loop
     vertex -6.767530e+00 -4.266209e+00  1.800000e+01
     vertex -8.459413e+00 -5.332761e+00  1.800000e+01
     vertex -8.309929e+00 -5.562829e+00  1.800000e+01
   endloop
 endfacet
 facet normal  0.000000e+00  0.000000e+00  1.000000e+00
   outer loop
     vertex -6.767530e+00 -4.266209e+00  1.800000e+01
     vertex -8.309929e+00 -5.562829e+00  1.800000e+01
     vertex -6.647944e+00 -4.450264e+00  1.800000e+01
   endloop
 endfacet
 facet normal  0.000000e+00  0.000000e+00  1.000000e+00
   outer loop
     vertex -4.126052e+00 -6.853882e+00  1.800000e+01
     vertex -4.312529e+00 -6.738108e+00  1.800000e+01
     vertex -5.157565e+00 -8.567352e+00  1.800000e+01
   endloop
 endfacet
 facet normal  0.000000e+00  0.000000e+00  1.000000e+00
   outer loop
     vertex -6.882022e+00 -4.078942e+00  1.800000e+01
     vertex -8.602528e+00 -5.098678e+00  1.800000e+01
     vertex -8.459413e+00 -5.332761e+00  1.800000e+01
   endloop
 endfacet
 facet normal  0.000000e+00  0.000000e+00  1.000000e+00
   outer loop
     vertex -6.882022e+00 -4.078942e+00  1.800000e+01
     vertex -8.459413e+00 -5.332761e+00  1.800000e+01
     vertex -6.767530e+00 -4.266209e+00  1.800000e+01
   endloop
 endfacet
 facet normal  0.000000e+00  0.000000e+00  1.000000e+00
   outer loop
     vertex -3.936469e+00 -6.964496e+00  1.800000e+01
     vertex -4.126052e+00 -6.853882e+00  1.800000e+01
     vertex -5.157565e+00 -8.567352e+00  1.800000e+01
   endloop
 endfacet
 facet normal  0.000000e+00  0.000000e+00  1.000000e+00
   outer loop
     vertex -3.936469e+00 -6.964496e+00  1.800000e+01
     vertex -5.157565e+00 -8.567352e+00  1.800000e+01
     vertex -4.920587e+00 -8.705620e+00  1.800000e+01
   endloop
 endfacet
 facet normal  0.000000e+00  0.000000e+00  1.000000e+00
   outer loop
     vertex -6.991334e+00 -3.888605e+00  1.800000e+01
     vertex -8.739167e+00 -4.860756e+00  1.800000e+01
     vertex -8.602528e+00 -5.098678e+00  1.800000e+01
   endloop
 endfacet
 facet normal  0.000000e+00  0.000000e+00  1.000000e+00
   outer loop
     vertex -6.991334e+00 -3.888605e+00  1.800000e+01
     vertex -8.602528e+00 -5.098678e+00  1.800000e+01
     vertex -6.882022e+00 -4.078942e+00  1.800000e+01
   endloop
 endfacet
 facet normal  0.000000e+00  0.000000e+00  1.000000e+00
   outer loop
     vertex -3.743923e+00 -7.069868e+00  1.800000e+01
     vertex -4.920587e+00 -8.705620e+00  1.800000e+01
     vertex -4.679904e+00 -8.837335e+00  1.800000e+01
   endloop
 endfacet
 facet normal  0.000000e+00  0.000000e+00  1.000000e+00
   outer loop
     vertex -3.743923e+00 -7.069868e+00  1.800000e+01
     vertex -3.936469e+00 -6.964496e+00  1.800000e+01
     vertex -4.920587e+00 -8.705620e+00  1.800000e+01
   endloop
 endfacet
 facet normal  0.000000e+00  0.000000e+00  1.000000e+00
   outer loop
     vertex -7.095383e+00 -3.695341e+00  1.800000e+01
     vertex -8.869228e+00 -4.619176e+00  1.800000e+01
     vertex -8.739167e+00 -4.860756e+00  1.800000e+01
   endloop
 endfacet
 facet normal  0.000000e+00  0.000000e+00  1.000000e+00
   outer loop
     vertex -7.095383e+00 -3.695341e+00  1.800000e+01
     vertex -8.739167e+00 -4.860756e+00  1.800000e+01
     vertex -6.991334e+00 -3.888605e+00  1.800000e+01
   endloop
 endfacet
 facet normal  0.000000e+00  0.000000e+00  1.000000e+00
   outer loop
     vertex -3.548559e+00 -7.169918e+00  1.800000e+01
     vertex -4.679904e+00 -8.837335e+00  1.800000e+01
     vertex -4.435699e+00 -8.962398e+00  1.800000e+01
   endloop
 endfacet
 facet normal  0.000000e+00  0.000000e+00  1.000000e+00
   outer loop
     vertex -3.548559e+00 -7.169918e+00  1.800000e+01
     vertex -4.435699e+00 -8.962398e+00  1.800000e+01
     vertex -4.188155e+00 -9.080714e+00  1.800000e+01
   endloop
 endfacet
 facet normal  0.000000e+00  0.000000e+00  1.000000e+00
   outer loop
     vertex -3.548559e+00 -7.169918e+00  1.800000e+01
     vertex -3.743923e+00 -7.069868e+00  1.800000e+01
     vertex -4.679904e+00 -8.837335e+00  1.800000e+01
   endloop
 endfacet
 facet normal  0.000000e+00  0.000000e+00  1.000000e+00
   outer loop
     vertex -7.194090e+00 -3.499295e+00  1.800000e+01
     vertex -8.992613e+00 -4.374119e+00  1.800000e+01
     vertex -8.869228e+00 -4.619176e+00  1.800000e+01
   endloop
 endfacet
 facet normal  0.000000e+00  0.000000e+00  1.000000e+00
   outer loop
     vertex -7.194090e+00 -3.499295e+00  1.800000e+01
     vertex -8.869228e+00 -4.619176e+00  1.800000e+01
     vertex -7.095383e+00 -3.695341e+00  1.800000e+01
   endloop
 endfacet
 facet normal  0.000000e+00  0.000000e+00  1.000000e+00
   outer loop
     vertex -3.350524e+00 -7.264571e+00  1.800000e+01
     vertex -3.548559e+00 -7.169918e+00  1.800000e+01
     vertex -4.188155e+00 -9.080714e+00  1.800000e+01
   endloop
 endfacet
 facet normal  0.000000e+00  0.000000e+00  1.000000e+00
   outer loop
     vertex -7.287382e+00 -3.300615e+00  1.800000e+01
     vertex -9.109228e+00 -4.125769e+00  1.800000e+01
     vertex -8.992613e+00 -4.374119e+00  1.800000e+01
   endloop
 endfacet
 facet normal  0.000000e+00  0.000000e+00  1.000000e+00
   outer loop
     vertex -7.287382e+00 -3.300615e+00  1.800000e+01
     vertex -8.992613e+00 -4.374119e+00  1.800000e+01
     vertex -7.194090e+00 -3.499295e+00  1.800000e+01
   endloop
 endfacet
 facet normal  0.000000e+00  0.000000e+00  1.000000e+00
   outer loop
     vertex -3.149966e+00 -7.353755e+00  1.800000e+01
     vertex -4.188155e+00 -9.080714e+00  1.800000e+01
     vertex -3.937458e+00 -9.192194e+00  1.800000e+01
   endloop
 endfacet
 facet normal  0.000000e+00  0.000000e+00  1.000000e+00
   outer loop
     vertex -3.149966e+00 -7.353755e+00  1.800000e+01
     vertex -3.350524e+00 -7.264571e+00  1.800000e+01
     vertex -4.188155e+00 -9.080714e+00  1.800000e+01
   endloop
 endfacet
 facet normal  0.000000e+00  0.000000e+00  1.000000e+00
   outer loop
     vertex -7.375189e+00 -3.099450e+00  1.800000e+01
     vertex -9.218986e+00 -3.874313e+00  1.800000e+01
     vertex -9.109228e+00 -4.125769e+00  1.800000e+01
   endloop
 endfacet
 facet normal  0.000000e+00  0.000000e+00  1.000000e+00
   outer loop
     vertex -7.375189e+00 -3.099450e+00  1.800000e+01
     vertex -9.109228e+00 -4.125769e+00  1.800000e+01
     vertex -7.287382e+00 -3.300615e+00  1.800000e+01
   endloop
 endfacet
 facet normal  0.000000e+00  0.000000e+00  1.000000e+00
   outer loop
     vertex -2.947037e+00 -7.437404e+00  1.800000e+01
     vertex -3.937458e+00 -9.192194e+00  1.800000e+01
     vertex -3.683796e+00 -9.296754e+00  1.800000e+01
   endloop
 endfacet
 facet normal  0.000000e+00  0.000000e+00  1.000000e+00
   outer loop
     vertex -2.947037e+00 -7.437404e+00  1.800000e+01
     vertex -3.683796e+00 -9.296754e+00  1.800000e+01
     vertex -3.427362e+00 -9.394317e+00  1.800000e+01
   endloop
 endfacet
 facet normal  0.000000e+00  0.000000e+00  1.000000e+00
   outer loop
     vertex -2.947037e+00 -7.437404e+00  1.800000e+01
     vertex -3.149966e+00 -7.353755e+00  1.800000e+01
     vertex -3.937458e+00 -9.192194e+00  1.800000e+01
   endloop
 endfacet
 facet normal  0.000000e+00  0.000000e+00  1.000000e+00
   outer loop
     vertex -7.457443e+00 -2.895952e+00  1.800000e+01
     vertex -9.218986e+00 -3.874313e+00  1.800000e+01
     vertex -7.375189e+00 -3.099450e+00  1.800000e+01
   endloop
 endfacet
 facet normal  0.000000e+00  0.000000e+00  1.000000e+00
   outer loop
     vertex -7.457443e+00 -2.895952e+00  1.800000e+01
     vertex -9.321804e+00 -3.619940e+00  1.800000e+01
     vertex -9.218986e+00 -3.874313e+00  1.800000e+01
   endloop
 endfacet
 facet normal  0.000000e+00  0.000000e+00  1.000000e+00
   outer loop
     vertex -2.741890e+00 -7.515453e+00  1.800000e+01
     vertex -2.947037e+00 -7.437404e+00  1.800000e+01
     vertex -3.427362e+00 -9.394317e+00  1.800000e+01
   endloop
 endfacet
 facet normal  0.000000e+00  0.000000e+00  1.000000e+00
   outer loop
     vertex -7.534084e+00 -2.690274e+00  1.800000e+01
     vertex -9.506317e+00 -3.103214e+00  1.800000e+01
     vertex -9.417605e+00 -3.362843e+00  1.800000e+01
   endloop
 endfacet
 facet normal  0.000000e+00  0.000000e+00  1.000000e+00
   outer loop
     vertex -7.534084e+00 -2.690274e+00  1.800000e+01
     vertex -9.417605e+00 -3.362843e+00  1.800000e+01
     vertex -9.321804e+00 -3.619940e+00  1.800000e+01
   endloop
 endfacet
 facet normal  0.000000e+00  0.000000e+00  1.000000e+00
   outer loop
     vertex -7.534084e+00 -2.690274e+00  1.800000e+01
     vertex -9.321804e+00 -3.619940e+00  1.800000e+01
     vertex -7.457443e+00 -2.895952e+00  1.800000e+01
   endloop
 endfacet
 facet normal  0.000000e+00  0.000000e+00  1.000000e+00
   outer loop
     vertex -2.534679e+00 -7.587846e+00  1.800000e+01
     vertex -3.427362e+00 -9.394317e+00  1.800000e+01
     vertex -3.168348e+00 -9.484807e+00  1.800000e+01
   endloop
 endfacet
 facet normal  0.000000e+00  0.000000e+00  1.000000e+00
   outer loop
     vertex -2.534679e+00 -7.587846e+00  1.800000e+01
     vertex -2.741890e+00 -7.515453e+00  1.800000e+01
     vertex -3.427362e+00 -9.394317e+00  1.800000e+01
   endloop
 endfacet
 facet normal  0.000000e+00  0.000000e+00  1.000000e+00
   outer loop
     vertex -7.605054e+00 -2.482571e+00  1.800000e+01
     vertex -9.506317e+00 -3.103214e+00  1.800000e+01
     vertex -7.534084e+00 -2.690274e+00  1.800000e+01
   endloop
 endfacet
 facet normal  0.000000e+00  0.000000e+00  1.000000e+00
   outer loop
     vertex -2.325559e+00 -7.654526e+00  1.800000e+01
     vertex -2.534679e+00 -7.587846e+00  1.800000e+01
     vertex -3.168348e+00 -9.484807e+00  1.800000e+01
   endloop
 endfacet
 facet normal  0.000000e+00  0.000000e+00  1.000000e+00
   outer loop
     vertex -2.325559e+00 -7.654526e+00  1.800000e+01
     vertex -3.168348e+00 -9.484807e+00  1.800000e+01
     vertex -2.906949e+00 -9.568158e+00  1.800000e+01
   endloop
 endfacet
 facet normal  0.000000e+00  0.000000e+00  1.000000e+00
   outer loop
     vertex -7.670298e+00 -2.273000e+00  1.800000e+01
     vertex -9.587873e+00 -2.841250e+00  1.800000e+01
     vertex -9.506317e+00 -3.103214e+00  1.800000e+01
   endloop
 endfacet
 facet normal  0.000000e+00  0.000000e+00  1.000000e+00
   outer loop
     vertex -7.670298e+00 -2.273000e+00  1.800000e+01
     vertex -9.506317e+00 -3.103214e+00  1.800000e+01
     vertex -7.605054e+00 -2.482571e+00  1.800000e+01
   endloop
 endfacet
 facet normal  0.000000e+00  0.000000e+00  1.000000e+00
   outer loop
     vertex -2.114689e+00 -7.715445e+00  1.800000e+01
     vertex -2.325559e+00 -7.654526e+00  1.800000e+01
     vertex -2.906949e+00 -9.568158e+00  1.800000e+01
   endloop
 endfacet
 facet normal  0.000000e+00  0.000000e+00  1.000000e+00
   outer loop
     vertex -2.114689e+00 -7.715445e+00  1.800000e+01
     vertex -2.906949e+00 -9.568158e+00  1.800000e+01
     vertex -2.643362e+00 -9.644306e+00  1.800000e+01
   endloop
 endfacet
 facet normal  0.000000e+00  0.000000e+00  1.000000e+00
   outer loop
     vertex -7.729769e+00 -2.061717e+00  1.800000e+01
     vertex -9.662211e+00 -2.577146e+00  1.800000e+01
     vertex -9.587873e+00 -2.841250e+00  1.800000e+01
   endloop
 endfacet
 facet normal  0.000000e+00  0.000000e+00  1.000000e+00
   outer loop
     vertex -7.729769e+00 -2.061717e+00  1.800000e+01
     vertex -9.587873e+00 -2.841250e+00  1.800000e+01
     vertex -7.670298e+00 -2.273000e+00  1.800000e+01
   endloop
 endfacet
 facet normal  0.000000e+00  0.000000e+00  1.000000e+00
   outer loop
     vertex -1.902227e+00 -7.770555e+00  1.800000e+01
     vertex -2.114689e+00 -7.715445e+00  1.800000e+01
     vertex -2.643362e+00 -9.644306e+00  1.800000e+01
   endloop
 endfacet
 facet normal  0.000000e+00  0.000000e+00  1.000000e+00
   outer loop
     vertex -1.902227e+00 -7.770555e+00  1.800000e+01
     vertex -2.643362e+00 -9.644306e+00  1.800000e+01
     vertex -2.377784e+00 -9.713194e+00  1.800000e+01
   endloop
 endfacet
 facet normal  0.000000e+00  0.000000e+00  1.000000e+00
   outer loop
     vertex -7.783421e+00 -1.848882e+00  1.800000e+01
     vertex -9.789017e+00 -2.043319e+00  1.800000e+01
     vertex -9.729276e+00 -2.311102e+00  1.800000e+01
   endloop
 endfacet
 facet normal  0.000000e+00  0.000000e+00  1.000000e+00
   outer loop
     vertex -7.783421e+00 -1.848882e+00  1.800000e+01
     vertex -9.729276e+00 -2.311102e+00  1.800000e+01
     vertex -9.662211e+00 -2.577146e+00  1.800000e+01
   endloop
 endfacet
 facet normal  0.000000e+00  0.000000e+00  1.000000e+00
   outer loop
     vertex -7.783421e+00 -1.848882e+00  1.800000e+01
     vertex -9.662211e+00 -2.577146e+00  1.800000e+01
     vertex -7.729769e+00 -2.061717e+00  1.800000e+01
   endloop
 endfacet
 facet normal  0.000000e+00  0.000000e+00  1.000000e+00
   outer loop
     vertex -1.688334e+00 -7.819816e+00  1.800000e+01
     vertex -2.377784e+00 -9.713194e+00  1.800000e+01
     vertex -2.110417e+00 -9.774771e+00  1.800000e+01
   endloop
 endfacet
 facet normal  0.000000e+00  0.000000e+00  1.000000e+00
   outer loop
     vertex -1.688334e+00 -7.819816e+00  1.800000e+01
     vertex -1.902227e+00 -7.770555e+00  1.800000e+01
     vertex -2.377784e+00 -9.713194e+00  1.800000e+01
   endloop
 endfacet
 facet normal  0.000000e+00  0.000000e+00  1.000000e+00
   outer loop
     vertex -7.831213e+00 -1.634655e+00  1.800000e+01
     vertex -9.789017e+00 -2.043319e+00  1.800000e+01
     vertex -7.783421e+00 -1.848882e+00  1.800000e+01
   endloop
 endfacet
 facet normal  0.000000e+00  0.000000e+00  1.000000e+00
   outer loop
     vertex -1.473169e+00 -7.863191e+00  1.800000e+01
     vertex -1.688334e+00 -7.819816e+00  1.800000e+01
     vertex -2.110417e+00 -9.774771e+00  1.800000e+01
   endloop
 endfacet
 facet normal  0.000000e+00  0.000000e+00  1.000000e+00
   outer loop
     vertex -1.473169e+00 -7.863191e+00  1.800000e+01
     vertex -2.110417e+00 -9.774771e+00  1.800000e+01
     vertex -1.841461e+00 -9.828989e+00  1.800000e+01
   endloop
 endfacet
 facet normal  0.000000e+00  0.000000e+00  1.000000e+00
   outer loop
     vertex -7.873111e+00 -1.419198e+00  1.800000e+01
     vertex -9.841389e+00 -1.773998e+00  1.800000e+01
     vertex -9.789017e+00 -2.043319e+00  1.800000e+01
   endloop
 endfacet
 facet normal  0.000000e+00  0.000000e+00  1.000000e+00
   outer loop
     vertex -7.873111e+00 -1.419198e+00  1.800000e+01
     vertex -9.789017e+00 -2.043319e+00  1.800000e+01
     vertex -7.831213e+00 -1.634655e+00  1.800000e+01
   endloop
 endfacet
 facet normal  0.000000e+00  0.000000e+00  1.000000e+00
   outer loop
     vertex -1.256895e+00 -7.900646e+00  1.800000e+01
     vertex -1.841461e+00 -9.828989e+00  1.800000e+01
     vertex -1.571119e+00 -9.875808e+00  1.800000e+01
   endloop
 endfacet
 facet normal  0.000000e+00  0.000000e+00  1.000000e+00
   outer loop
     vertex -1.256895e+00 -7.900646e+00  1.800000e+01
     vertex -1.473169e+00 -7.863191e+00  1.800000e+01
     vertex -1.841461e+00 -9.828989e+00  1.800000e+01
   endloop
 endfacet
 facet normal  0.000000e+00  0.000000e+00  1.000000e+00
   outer loop
     vertex -7.909082e+00 -1.202673e+00  1.800000e+01
     vertex -9.886353e+00 -1.503341e+00  1.800000e+01
     vertex -9.841389e+00 -1.773998e+00  1.800000e+01
   endloop
 endfacet
 facet normal  0.000000e+00  0.000000e+00  1.000000e+00
   outer loop
     vertex -7.909082e+00 -1.202673e+00  1.800000e+01
     vertex -9.841389e+00 -1.773998e+00  1.800000e+01
     vertex -7.873111e+00 -1.419198e+00  1.800000e+01
   endloop
 endfacet
 facet normal  0.000000e+00  0.000000e+00  1.000000e+00
   outer loop
     vertex -1.039676e+00 -7.932154e+00  1.800000e+01
     vertex -1.571119e+00 -9.875808e+00  1.800000e+01
     vertex -1.299594e+00 -9.915193e+00  1.800000e+01
   endloop
 endfacet
 facet normal  0.000000e+00  0.000000e+00  1.000000e+00
   outer loop
     vertex -1.039676e+00 -7.932154e+00  1.800000e+01
     vertex -1.256895e+00 -7.900646e+00  1.800000e+01
     vertex -1.571119e+00 -9.875808e+00  1.800000e+01
   endloop
 endfacet
 facet normal  0.000000e+00  0.000000e+00  1.000000e+00
   outer loop
     vertex -7.939099e+00 -9.852419e-01  1.800000e+01
     vertex -9.953925e+00 -9.588368e-01  1.800000e+01
     vertex -9.923874e+00 -1.231552e+00  1.800000e+01
   endloop
 endfacet
 facet normal  0.000000e+00  0.000000e+00  1.000000e+00
   outer loop
     vertex -7.939099e+00 -9.852419e-01  1.800000e+01
     vertex -9.923874e+00 -1.231552e+00  1.800000e+01
     vertex -9.886353e+00 -1.503341e+00  1.800000e+01
   endloop
 endfacet
 facet normal  0.000000e+00  0.000000e+00  1.000000e+00
   outer loop
     vertex -7.939099e+00 -9.852419e-01  1.800000e+01
     vertex -9.886353e+00 -1.503341e+00  1.800000e+01
     vertex -7.909082e+00 -1.202673e+00  1.800000e+01
   endloop
 endfacet
 facet normal  0.000000e+00  0.000000e+00  1.000000e+00
   outer loop
     vertex -8.216731e-01 -7.957691e+00  1.800000e+01
     vertex -1.299594e+00 -9.915193e+00  1.800000e+01
     vertex -1.027091e+00 -9.947114e+00  1.800000e+01
   endloop
 endfacet
 facet normal  0.000000e+00  0.000000e+00  1.000000e+00
   outer loop
     vertex -8.216731e-01 -7.957691e+00  1.800000e+01
     vertex -1.039676e+00 -7.932154e+00  1.800000e+01
     vertex -1.299594e+00 -9.915193e+00  1.800000e+01
   endloop
 endfacet
 facet normal  0.000000e+00  0.000000e+00  1.000000e+00
   outer loop
     vertex -7.963140e+00 -7.670695e-01  1.800000e+01
     vertex -9.953925e+00 -9.588368e-01  1.800000e+01
     vertex -7.939099e+00 -9.852419e-01  1.800000e+01
   endloop
 endfacet
 facet normal  0.000000e+00  0.000000e+00  1.000000e+00
   outer loop
     vertex -6.030522e-01 -7.977238e+00  1.800000e+01
     vertex -8.216731e-01 -7.957691e+00  1.800000e+01
     vertex -1.027091e+00 -9.947114e+00  1.800000e+01
   endloop
 endfacet
 facet normal  0.000000e+00  0.000000e+00  1.000000e+00
   outer loop
     vertex -6.030522e-01 -7.977238e+00  1.800000e+01
     vertex -1.027091e+00 -9.947114e+00  1.800000e+01
     vertex -7.538152e-01 -9.971548e+00  1.800000e+01
   endloop
 endfacet
 facet normal  0.000000e+00  0.000000e+00  1.000000e+00
   outer loop
     vertex -7.981187e+00 -5.483196e-01  1.800000e+01
     vertex -9.976484e+00 -6.853995e-01  1.800000e+01
     vertex -9.953925e+00 -9.588368e-01  1.800000e+01
   endloop
 endfacet
 facet normal  0.000000e+00  0.000000e+00  1.000000e+00
   outer loop
     vertex -7.981187e+00 -5.483196e-01  1.800000e+01
     vertex -9.953925e+00 -9.588368e-01  1.800000e+01
     vertex -7.963140e+00 -7.670695e-01  1.800000e+01
   endloop
 endfacet
 facet normal  0.000000e+00  0.000000e+00  1.000000e+00
   outer loop
     vertex -3.839773e-01 -7.990780e+00  1.800000e+01
     vertex -7.538152e-01 -9.971548e+00  1.800000e+01
     vertex -4.799716e-01 -9.988475e+00  1.800000e+01
   endloop
 endfacet
 facet normal  0.000000e+00  0.000000e+00  1.000000e+00
   outer loop
     vertex -3.839773e-01 -7.990780e+00  1.800000e+01
     vertex -6.030522e-01 -7.977238e+00  1.800000e+01
     vertex -7.538152e-01 -9.971548e+00  1.800000e+01
   endloop
 endfacet
 facet normal  0.000000e+00  0.000000e+00  1.000000e+00
   outer loop
     vertex -7.993226e+00 -3.291569e-01  1.800000e+01
     vertex -9.991532e+00 -4.114462e-01  1.800000e+01
     vertex -9.976484e+00 -6.853995e-01  1.800000e+01
   endloop
 endfacet
 facet normal  0.000000e+00  0.000000e+00  1.000000e+00
   outer loop
     vertex -7.993226e+00 -3.291569e-01  1.800000e+01
     vertex -9.976484e+00 -6.853995e-01  1.800000e+01
     vertex -7.981187e+00 -5.483196e-01  1.800000e+01
   endloop
 endfacet
 facet normal  0.000000e+00  0.000000e+00  1.000000e+00
   outer loop
     vertex -1.646133e-01 -7.998306e+00  1.800000e+01
     vertex -4.799716e-01 -9.988475e+00  1.800000e+01
     vertex -2.057667e-01 -9.997883e+00  1.800000e+01
   endloop
 endfacet
 facet normal  0.000000e+00  0.000000e+00  1.000000e+00
   outer loop
     vertex -1.646133e-01 -7.998306e+00  1.800000e+01
     vertex -3.839773e-01 -7.990780e+00  1.800000e+01
     vertex -4.799716e-01 -9.988475e+00  1.800000e+01
   endloop
 endfacet
 facet normal  0.000000e+00  0.000000e+00  1.000000e+00
   outer loop
     vertex -7.999247e+00 -1.097465e-01  1.800000e+01
     vertex -9.999059e+00  1.371831e-01  1.800000e+01
     vertex -9.999059e+00 -1.371831e-01  1.800000e+01
   endloop
 endfacet
 facet normal  0.000000e+00  0.000000e+00  1.000000e+00
   outer loop
     vertex -7.999247e+00 -1.097465e-01  1.800000e+01
     vertex -9.999059e+00 -1.371831e-01  1.800000e+01
     vertex -9.991532e+00 -4.114462e-01  1.800000e+01
   endloop
 endfacet
 facet normal  0.000000e+00  0.000000e+00  1.000000e+00
   outer loop
     vertex -7.999247e+00 -1.097465e-01  1.800000e+01
     vertex -9.991532e+00 -4.114462e-01  1.800000e+01
     vertex -7.993226e+00 -3.291569e-01  1.800000e+01
   endloop
 endfacet
 facet normal  0.000000e+00  0.000000e+00  1.000000e+00
   outer loop
     vertex  5.487455e-02 -7.999812e+00  1.800000e+01
     vertex -1.646133e-01 -7.998306e+00  1.800000e+01
     vertex -2.057667e-01 -9.997883e+00  1.800000e+01
   endloop
 endfacet
 facet normal  0.000000e+00  0.000000e+00  1.000000e+00
   outer loop
     vertex  5.487455e-02 -7.999812e+00  1.800000e+01
     vertex -2.057667e-01 -9.997883e+00  1.800000e+01
     vertex  6.859319e-02 -9.999765e+00  1.800000e+01
   endloop
 endfacet
 facet normal  0.000000e+00  0.000000e+00  1.000000e+00
   outer loop
     vertex  5.487455e-02 -7.999812e+00  1.800000e+01
     vertex  6.859319e-02 -9.999765e+00  1.800000e+01
     vertex  3.429014e-01 -9.994119e+00  1.800000e+01
   endloop
 endfacet
 facet normal  0.000000e+00  0.000000e+00  1.000000e+00
   outer loop
     vertex -7.999247e+00  1.097465e-01  1.800000e+01
     vertex -9.999059e+00  1.371831e-01  1.800000e+01
     vertex -7.999247e+00 -1.097465e-01  1.800000e+01
   endloop
 endfacet
 facet normal  0.000000e+00  0.000000e+00  1.000000e+00
   outer loop
     vertex  2.743211e-01 -7.995295e+00  1.800000e+01
     vertex  5.487455e-02 -7.999812e+00  1.800000e+01
     vertex  3.429014e-01 -9.994119e+00  1.800000e+01
   endloop
 endfacet
 facet normal  0.000000e+00  0.000000e+00  1.000000e+00
   outer loop
     vertex -7.993226e+00  3.291569e-01  1.800000e+01
     vertex -9.991532e+00  4.114462e-01  1.800000e+01
     vertex -9.999059e+00  1.371831e-01  1.800000e+01
   endloop
 endfacet
 facet normal  0.000000e+00  0.000000e+00  1.000000e+00
   outer loop
     vertex -7.993226e+00  3.291569e-01  1.800000e+01
     vertex -9.999059e+00  1.371831e-01  1.800000e+01
     vertex -7.999247e+00  1.097465e-01  1.800000e+01
   endloop
 endfacet
 facet normal  0.000000e+00  0.000000e+00  1.000000e+00
   outer loop
     vertex  4.935612e-01 -7.984760e+00  1.800000e+01
     vertex  2.743211e-01 -7.995295e+00  1.800000e+01
     vertex  3.429014e-01 -9.994119e+00  1.800000e+01
   endloop
 endfacet
 facet normal  0.000000e+00  0.000000e+00  1.000000e+00
   outer loop
     vertex  4.935612e-01 -7.984760e+00  1.800000e+01
     vertex  3.429014e-01 -9.994119e+00  1.800000e+01
     vertex  6.169515e-01 -9.980950e+00  1.800000e+01
   endloop
 endfacet
 facet normal  0.000000e+00  0.000000e+00  1.000000e+00
   outer loop
     vertex -7.981187e+00  5.483196e-01  1.800000e+01
     vertex -9.976484e+00  6.853995e-01  1.800000e+01
     vertex -9.991532e+00  4.114462e-01  1.800000e+01
   endloop
 endfacet
 facet normal  0.000000e+00  0.000000e+00  1.000000e+00
   outer loop
     vertex -7.981187e+00  5.483196e-01  1.800000e+01
     vertex -9.991532e+00  4.114462e-01  1.800000e+01
     vertex -7.993226e+00  3.291569e-01  1.800000e+01
   endloop
 endfacet
 facet normal  0.000000e+00  0.000000e+00  1.000000e+00
   outer loop
     vertex  7.124297e-01 -7.968215e+00  1.800000e+01
     vertex  4.935612e-01 -7.984760e+00  1.800000e+01
     vertex  6.169515e-01 -9.980950e+00  1.800000e+01
   endloop
 endfacet
 facet normal  0.000000e+00  0.000000e+00  1.000000e+00
   outer loop
     vertex  7.124297e-01 -7.968215e+00  1.800000e+01
     vertex  6.169515e-01 -9.980950e+00  1.800000e+01
     vertex  8.905371e-01 -9.960268e+00  1.800000e+01
   endloop
 endfacet
 facet normal  0.000000e+00  0.000000e+00  1.000000e+00
   outer loop
     vertex -7.963140e+00  7.670695e-01  1.800000e+01
     vertex -9.976484e+00  6.853995e-01  1.800000e+01
     vertex -7.981187e+00  5.483196e-01  1.800000e+01
   endloop
 endfacet
 facet normal  0.000000e+00  0.000000e+00  1.000000e+00
   outer loop
     vertex -7.963140e+00  7.670695e-01  1.800000e+01
     vertex -9.953925e+00  9.588368e-01  1.800000e+01
     vertex -9.976484e+00  6.853995e-01  1.800000e+01
   endloop
 endfacet
 facet normal  0.000000e+00  0.000000e+00  1.000000e+00
   outer loop
     vertex  9.307619e-01 -7.945671e+00  1.800000e+01
     vertex  8.905371e-01 -9.960268e+00  1.800000e+01
     vertex  1.163452e+00 -9.932088e+00  1.800000e+01
   endloop
 endfacet
 facet normal  0.000000e+00  0.000000e+00  1.000000e+00
   outer loop
     vertex  9.307619e-01 -7.945671e+00  1.800000e+01
     vertex  1.163452e+00 -9.932088e+00  1.800000e+01
     vertex  1.435492e+00 -9.896432e+00  1.800000e+01
   endloop
 endfacet
 facet normal  0.000000e+00  0.000000e+00  1.000000e+00
   outer loop
     vertex  9.307619e-01 -7.945671e+00  1.800000e+01
     vertex  7.124297e-01 -7.968215e+00  1.800000e+01
     vertex  8.905371e-01 -9.960268e+00  1.800000e+01
   endloop
 endfacet
 facet normal  0.000000e+00  0.000000e+00  1.000000e+00
   outer loop
     vertex -7.939099e+00  9.852419e-01  1.800000e+01
     vertex -9.923874e+00  1.231552e+00  1.800000e+01
     vertex -9.953925e+00  9.588368e-01  1.800000e+01
   endloop
 endfacet
 facet normal  0.000000e+00  0.000000e+00  1.000000e+00
   outer loop
     vertex -7.939099e+00  9.852419e-01  1.800000e+01
     vertex -9.953925e+00  9.588368e-01  1.800000e+01
     vertex -7.963140e+00  7.670695e-01  1.800000e+01
   endloop
 endfacet
 facet normal  0.000000e+00  0.000000e+00  1.000000e+00
   outer loop
     vertex  1.148394e+00 -7.917145e+00  1.800000e+01
     vertex  9.307619e-01 -7.945671e+00  1.800000e+01
     vertex  1.435492e+00 -9.896432e+00  1.800000e+01
   endloop
 endfacet
 facet normal  0.000000e+00  0.000000e+00  1.000000e+00
   outer loop
     vertex -7.909082e+00  1.202673e+00  1.800000e+01
     vertex -9.886353e+00  1.503341e+00  1.800000e+01
     vertex -9.923874e+00  1.231552e+00  1.800000e+01
   endloop
 endfacet
 facet normal  0.000000e+00  0.000000e+00  1.000000e+00
   outer loop
     vertex -7.909082e+00  1.202673e+00  1.800000e+01
     vertex -9.923874e+00  1.231552e+00  1.800000e+01
     vertex -7.939099e+00  9.852419e-01  1.800000e+01
   endloop
 endfacet
 facet normal  0.000000e+00  0.000000e+00  1.000000e+00
   outer loop
     vertex  1.365161e+00 -7.882660e+00  1.800000e+01
     vertex  1.148394e+00 -7.917145e+00  1.800000e+01
     vertex  1.435492e+00 -9.896432e+00  1.800000e+01
   endloop
 endfacet
 facet normal  0.000000e+00  0.000000e+00  1.000000e+00
   outer loop
     vertex  1.365161e+00 -7.882660e+00  1.800000e+01
     vertex  1.435492e+00 -9.896432e+00  1.800000e+01
     vertex  1.706451e+00 -9.853326e+00  1.800000e+01
   endloop
 endfacet
 facet normal  0.000000e+00  0.000000e+00  1.000000e+00
   outer loop
     vertex -7.873111e+00  1.419198e+00  1.800000e+01
     vertex -9.841389e+00  1.773998e+00  1.800000e+01
     vertex -9.886353e+00  1.503341e+00  1.800000e+01
   endloop
 endfacet
 facet normal  0.000000e+00  0.000000e+00  1.000000e+00
   outer loop
     vertex -7.873111e+00  1.419198e+00  1.800000e+01
     vertex -9.886353e+00  1.503341e+00  1.800000e+01
     vertex -7.909082e+00  1.202673e+00  1.800000e+01
   endloop
 endfacet
 facet normal  0.000000e+00  0.000000e+00  1.000000e+00
   outer loop
     vertex  1.580900e+00 -7.842242e+00  1.800000e+01
     vertex  1.365161e+00 -7.882660e+00  1.800000e+01
     vertex  1.706451e+00 -9.853326e+00  1.800000e+01
   endloop
 endfacet
 facet normal  0.000000e+00  0.000000e+00  1.000000e+00
   outer loop
     vertex  1.580900e+00 -7.842242e+00  1.800000e+01
     vertex  1.706451e+00 -9.853326e+00  1.800000e+01
     vertex  1.976125e+00 -9.802802e+00  1.800000e+01
   endloop
 endfacet
 facet normal  0.000000e+00  0.000000e+00  1.000000e+00
   outer loop
     vertex -7.831213e+00  1.634655e+00  1.800000e+01
     vertex -9.729276e+00  2.311102e+00  1.800000e+01
     vertex -9.789017e+00  2.043319e+00  1.800000e+01
   endloop
 endfacet
 facet normal  0.000000e+00  0.000000e+00  1.000000e+00
   outer loop
     vertex -7.831213e+00  1.634655e+00  1.800000e+01
     vertex -9.789017e+00  2.043319e+00  1.800000e+01
     vertex -9.841389e+00  1.773998e+00  1.800000e+01
   endloop
 endfacet
 facet normal  0.000000e+00  0.000000e+00  1.000000e+00
   outer loop
     vertex -7.831213e+00  1.634655e+00  1.800000e+01
     vertex -9.841389e+00  1.773998e+00  1.800000e+01
     vertex -7.873111e+00  1.419198e+00  1.800000e+01
   endloop
 endfacet
 facet normal  0.000000e+00  0.000000e+00  1.000000e+00
   outer loop
     vertex  1.795450e+00 -7.795920e+00  1.800000e+01
     vertex  1.580900e+00 -7.842242e+00  1.800000e+01
     vertex  1.976125e+00 -9.802802e+00  1.800000e+01
   endloop
 endfacet
 facet normal  0.000000e+00  0.000000e+00  1.000000e+00
   outer loop
     vertex  1.795450e+00 -7.795920e+00  1.800000e+01
     vertex  1.976125e+00 -9.802802e+00  1.800000e+01
     vertex  2.244312e+00 -9.744899e+00  1.800000e+01
   endloop
 endfacet
 facet normal  0.000000e+00  0.000000e+00  1.000000e+00
   outer loop
     vertex -7.783421e+00  1.848882e+00  1.800000e+01
     vertex -9.729276e+00  2.311102e+00  1.800000e+01
     vertex -7.831213e+00  1.634655e+00  1.800000e+01
   endloop
 endfacet
 facet normal  0.000000e+00  0.000000e+00  1.000000e+00
   outer loop
     vertex  2.008647e+00 -7.743729e+00  1.800000e+01
     vertex  1.795450e+00 -7.795920e+00  1.800000e+01
     vertex  2.244312e+00 -9.744899e+00  1.800000e+01
   endloop
 endfacet
 facet normal  0.000000e+00  0.000000e+00  1.000000e+00
   outer loop
     vertex  2.008647e+00 -7.743729e+00  1.800000e+01
     vertex  2.244312e+00 -9.744899e+00  1.800000e+01
     vertex  2.510809e+00 -9.679661e+00  1.800000e+01
   endloop
 endfacet
 facet normal  0.000000e+00  0.000000e+00  1.000000e+00
   outer loop
     vertex  2.008647e+00 -7.743729e+00  1.800000e+01
     vertex  2.510809e+00 -9.679661e+00  1.800000e+01
     vertex  2.775416e+00 -9.607136e+00  1.800000e+01
   endloop
 endfacet
 facet normal  0.000000e+00  0.000000e+00  1.000000e+00
   outer loop
     vertex -7.729769e+00  2.061717e+00  1.800000e+01
     vertex -9.662211e+00  2.577146e+00  1.800000e+01
     vertex -9.729276e+00  2.311102e+00  1.800000e+01
   endloop
 endfacet
 facet normal  0.000000e+00  0.000000e+00  1.000000e+00
   outer loop
     vertex -7.729769e+00  2.061717e+00  1.800000e+01
     vertex -9.729276e+00  2.311102e+00  1.800000e+01
     vertex -7.783421e+00  1.848882e+00  1.800000e+01
   endloop
 endfacet
 facet normal  0.000000e+00  0.000000e+00  1.000000e+00
   outer loop
     vertex  2.220333e+00 -7.685709e+00  1.800000e+01
     vertex  2.008647e+00 -7.743729e+00  1.800000e+01
     vertex  2.775416e+00 -9.607136e+00  1.800000e+01
   endloop
 endfacet
 facet normal  0.000000e+00  0.000000e+00  1.000000e+00
   outer loop
     vertex -7.670298e+00  2.273000e+00  1.800000e+01
     vertex -9.587873e+00  2.841250e+00  1.800000e+01
     vertex -9.662211e+00  2.577146e+00  1.800000e+01
   endloop
 endfacet
 facet normal  0.000000e+00  0.000000e+00  1.000000e+00
   outer loop
     vertex -7.670298e+00  2.273000e+00  1.800000e+01
     vertex -9.662211e+00  2.577146e+00  1.800000e+01
     vertex -7.729769e+00  2.061717e+00  1.800000e+01
   endloop
 endfacet
 facet normal  0.000000e+00  0.000000e+00  1.000000e+00
   outer loop
     vertex  2.430348e+00 -7.621903e+00  1.800000e+01
     vertex  2.220333e+00 -7.685709e+00  1.800000e+01
     vertex  2.775416e+00 -9.607136e+00  1.800000e+01
   endloop
 endfacet
 facet normal  0.000000e+00  0.000000e+00  1.000000e+00
   outer loop
     vertex  2.430348e+00 -7.621903e+00  1.800000e+01
     vertex  2.775416e+00 -9.607136e+00  1.800000e+01
     vertex  3.037934e+00 -9.527379e+00  1.800000e+01
   endloop
 endfacet
 facet normal  0.000000e+00  0.000000e+00  1.000000e+00
   outer loop
     vertex -7.605054e+00  2.482571e+00  1.800000e+01
     vertex -9.506317e+00  3.103214e+00  1.800000e+01
     vertex -9.587873e+00  2.841250e+00  1.800000e+01
   endloop
 endfacet
 facet normal  0.000000e+00  0.000000e+00  1.000000e+00
   outer loop
     vertex -7.605054e+00  2.482571e+00  1.800000e+01
     vertex -9.587873e+00  2.841250e+00  1.800000e+01
     vertex -7.670298e+00  2.273000e+00  1.800000e+01
   endloop
 endfacet
 facet normal  0.000000e+00  0.000000e+00  1.000000e+00
   outer loop
     vertex  2.638532e+00 -7.552360e+00  1.800000e+01
     vertex  2.430348e+00 -7.621903e+00  1.800000e+01
     vertex  3.037934e+00 -9.527379e+00  1.800000e+01
   endloop
 endfacet
 facet normal  0.000000e+00  0.000000e+00  1.000000e+00
   outer loop
     vertex  2.638532e+00 -7.552360e+00  1.800000e+01
     vertex  3.037934e+00 -9.527379e+00  1.800000e+01
     vertex  3.298166e+00 -9.440450e+00  1.800000e+01
   endloop
 endfacet
 facet normal  0.000000e+00  0.000000e+00  1.000000e+00
   outer loop
     vertex -7.534084e+00  2.690274e+00  1.800000e+01
     vertex -9.417605e+00  3.362843e+00  1.800000e+01
     vertex -9.506317e+00  3.103214e+00  1.800000e+01
   endloop
 endfacet
 facet normal  0.000000e+00  0.000000e+00  1.000000e+00
   outer loop
     vertex -7.534084e+00  2.690274e+00  1.800000e+01
     vertex -9.506317e+00  3.103214e+00  1.800000e+01
     vertex -7.605054e+00  2.482571e+00  1.800000e+01
   endloop
 endfacet
 facet normal  0.000000e+00  0.000000e+00  1.000000e+00
   outer loop
     vertex  2.844731e+00 -7.477132e+00  1.800000e+01
     vertex  2.638532e+00 -7.552360e+00  1.800000e+01
     vertex  3.298166e+00 -9.440450e+00  1.800000e+01
   endloop
 endfacet
 facet normal  0.000000e+00  0.000000e+00  1.000000e+00
   outer loop
     vertex  2.844731e+00 -7.477132e+00  1.800000e+01
     vertex  3.298166e+00 -9.440450e+00  1.800000e+01
     vertex  3.555914e+00 -9.346415e+00  1.800000e+01
   endloop
 endfacet
 facet normal  0.000000e+00  0.000000e+00  1.000000e+00
   outer loop
     vertex  2.844731e+00 -7.477132e+00  1.800000e+01
     vertex  3.555914e+00 -9.346415e+00  1.800000e+01
     vertex  3.810986e+00 -9.245344e+00  1.800000e+01
   endloop
 endfacet
 facet normal  0.000000e+00  0.000000e+00  1.000000e+00
   outer loop
     vertex -7.457443e+00  2.895952e+00  1.800000e+01
     vertex -9.218986e+00  3.874313e+00  1.800000e+01
     vertex -9.321804e+00  3.619940e+00  1.800000e+01
   endloop
 endfacet
 facet normal  0.000000e+00  0.000000e+00  1.000000e+00
   outer loop
     vertex -7.457443e+00  2.895952e+00  1.800000e+01
     vertex -9.321804e+00  3.619940e+00  1.800000e+01
     vertex -9.417605e+00  3.362843e+00  1.800000e+01
   endloop
 endfacet
 facet normal  0.000000e+00  0.000000e+00  1.000000e+00
   outer loop
     vertex -7.457443e+00  2.895952e+00  1.800000e+01
     vertex -9.417605e+00  3.362843e+00  1.800000e+01
     vertex -7.534084e+00  2.690274e+00  1.800000e+01
   endloop
 endfacet
 facet normal  0.000000e+00  0.000000e+00  1.000000e+00
   outer loop
     vertex  3.048788e+00 -7.396275e+00  1.800000e+01
     vertex  2.844731e+00 -7.477132e+00  1.800000e+01
     vertex  3.810986e+00 -9.245344e+00  1.800000e+01
   endloop
 endfacet
 facet normal  0.000000e+00  0.000000e+00  1.000000e+00
   outer loop
     vertex -7.375189e+00  3.099450e+00  1.800000e+01
     vertex -9.218986e+00  3.874313e+00  1.800000e+01
     vertex -7.457443e+00  2.895952e+00  1.800000e+01
   endloop
 endfacet
 facet normal  0.000000e+00  0.000000e+00  1.000000e+00
   outer loop
     vertex  3.250551e+00 -7.309851e+00  1.800000e+01
     vertex  3.048788e+00 -7.396275e+00  1.800000e+01
     vertex  3.810986e+00 -9.245344e+00  1.800000e+01
   endloop
 endfacet
 facet normal  0.000000e+00  0.000000e+00  1.000000e+00
   outer loop
     vertex  3.250551e+00 -7.309851e+00  1.800000e+01
     vertex  3.810986e+00 -9.245344e+00  1.800000e+01
     vertex  4.063188e+00 -9.137314e+00  1.800000e+01
   endloop
 endfacet
 facet normal  0.000000e+00  0.000000e+00  1.000000e+00
   outer loop
     vertex -7.287382e+00  3.300615e+00  1.800000e+01
     vertex -9.218986e+00  3.874313e+00  1.800000e+01
     vertex -7.375189e+00  3.099450e+00  1.800000e+01
   endloop
 endfacet
 facet normal  0.000000e+00  0.000000e+00  1.000000e+00
   outer loop
     vertex -7.287382e+00  3.300615e+00  1.800000e+01
     vertex -9.109228e+00  4.125769e+00  1.800000e+01
     vertex -9.218986e+00  3.874313e+00  1.800000e+01
   endloop
 endfacet
 facet normal  0.000000e+00  0.000000e+00  1.000000e+00
   outer loop
     vertex  3.449866e+00 -7.217924e+00  1.800000e+01
     vertex  3.250551e+00 -7.309851e+00  1.800000e+01
     vertex  4.063188e+00 -9.137314e+00  1.800000e+01
   endloop
 endfacet
 facet normal  0.000000e+00  0.000000e+00  1.000000e+00
   outer loop
     vertex  3.449866e+00 -7.217924e+00  1.800000e+01
     vertex  4.063188e+00 -9.137314e+00  1.800000e+01
     vertex  4.312333e+00 -9.022405e+00  1.800000e+01
   endloop
 endfacet
 facet normal  0.000000e+00  0.000000e+00  1.000000e+00
   outer loop
     vertex -7.194090e+00  3.499295e+00  1.800000e+01
     vertex -9.109228e+00  4.125769e+00  1.800000e+01
     vertex -7.287382e+00  3.300615e+00  1.800000e+01
   endloop
 endfacet
 facet normal  0.000000e+00  0.000000e+00  1.000000e+00
   outer loop
     vertex -7.194090e+00  3.499295e+00  1.800000e+01
     vertex -8.992613e+00  4.374119e+00  1.800000e+01
     vertex -9.109228e+00  4.125769e+00  1.800000e+01
   endloop
 endfacet
 facet normal  0.000000e+00  0.000000e+00  1.000000e+00
   outer loop
     vertex  3.646584e+00 -7.120563e+00  1.800000e+01
     vertex  3.449866e+00 -7.217924e+00  1.800000e+01
     vertex  4.312333e+00 -9.022405e+00  1.800000e+01
   endloop
 endfacet
 facet normal  0.000000e+00  0.000000e+00  1.000000e+00
   outer loop
     vertex  3.646584e+00 -7.120563e+00  1.800000e+01
     vertex  4.312333e+00 -9.022405e+00  1.800000e+01
     vertex  4.558231e+00 -8.900704e+00  1.800000e+01
   endloop
 endfacet
 facet normal  0.000000e+00  0.000000e+00  1.000000e+00
   outer loop
     vertex -7.095383e+00  3.695341e+00  1.800000e+01
     vertex -8.992613e+00  4.374119e+00  1.800000e+01
     vertex -7.194090e+00  3.499295e+00  1.800000e+01
   endloop
 endfacet
 facet normal  0.000000e+00  0.000000e+00  1.000000e+00
   outer loop
     vertex -7.095383e+00  3.695341e+00  1.800000e+01
     vertex -8.869228e+00  4.619176e+00  1.800000e+01
     vertex -8.992613e+00  4.374119e+00  1.800000e+01
   endloop
 endfacet
 facet normal  0.000000e+00  0.000000e+00  1.000000e+00
   outer loop
     vertex  3.840558e+00 -7.017843e+00  1.800000e+01
     vertex  3.646584e+00 -7.120563e+00  1.800000e+01
     vertex  4.558231e+00 -8.900704e+00  1.800000e+01
   endloop
 endfacet
 facet normal  0.000000e+00  0.000000e+00  1.000000e+00
   outer loop
     vertex  3.840558e+00 -7.017843e+00  1.800000e+01
     vertex  4.558231e+00 -8.900704e+00  1.800000e+01
     vertex  4.800697e+00 -8.772303e+00  1.800000e+01
   endloop
 endfacet
 facet normal  0.000000e+00  0.000000e+00  1.000000e+00
   outer loop
     vertex -6.991334e+00  3.888605e+00  1.800000e+01
     vertex -8.869228e+00  4.619176e+00  1.800000e+01
     vertex -7.095383e+00  3.695341e+00  1.800000e+01
   endloop
 endfacet
 facet normal  0.000000e+00  0.000000e+00  1.000000e+00
   outer loop
     vertex -6.991334e+00  3.888605e+00  1.800000e+01
     vertex -8.602528e+00  5.098678e+00  1.800000e+01
     vertex -8.739167e+00  4.860756e+00  1.800000e+01
   endloop
 endfacet
 facet normal  0.000000e+00  0.000000e+00  1.000000e+00
   outer loop
     vertex -6.991334e+00  3.888605e+00  1.800000e+01
     vertex -8.739167e+00  4.860756e+00  1.800000e+01
     vertex -8.869228e+00  4.619176e+00  1.800000e+01
   endloop
 endfacet
 facet normal  0.000000e+00  0.000000e+00  1.000000e+00
   outer loop
     vertex  4.031640e+00 -6.909839e+00  1.800000e+01
     vertex  3.840558e+00 -7.017843e+00  1.800000e+01
     vertex  4.800697e+00 -8.772303e+00  1.800000e+01
   endloop
 endfacet
 facet normal  0.000000e+00  0.000000e+00  1.000000e+00
   outer loop
     vertex  4.031640e+00 -6.909839e+00  1.800000e+01
     vertex  4.800697e+00 -8.772303e+00  1.800000e+01
     vertex  5.039550e+00 -8.637299e+00  1.800000e+01
   endloop
 endfacet
 facet normal  0.000000e+00  0.000000e+00  1.000000e+00
   outer loop
     vertex -6.882022e+00  4.078942e+00  1.800000e+01
     vertex -8.602528e+00  5.098678e+00  1.800000e+01
     vertex -6.991334e+00  3.888605e+00  1.800000e+01
   endloop
 endfacet
 facet normal  0.000000e+00  0.000000e+00  1.000000e+00
   outer loop
     vertex -6.882022e+00  4.078942e+00  1.800000e+01
     vertex -8.459413e+00  5.332761e+00  1.800000e+01
     vertex -8.602528e+00  5.098678e+00  1.800000e+01
   endloop
 endfacet
 facet normal  0.000000e+00  0.000000e+00  1.000000e+00
   outer loop
     vertex  4.219688e+00 -6.796634e+00  1.800000e+01
     vertex  4.031640e+00 -6.909839e+00  1.800000e+01
     vertex  5.039550e+00 -8.637299e+00  1.800000e+01
   endloop
 endfacet
 facet normal  0.000000e+00  0.000000e+00  1.000000e+00
   outer loop
     vertex  4.219688e+00 -6.796634e+00  1.800000e+01
     vertex  5.039550e+00 -8.637299e+00  1.800000e+01
     vertex  5.274609e+00 -8.495793e+00  1.800000e+01
   endloop
 endfacet
 facet normal  0.000000e+00  0.000000e+00  1.000000e+00
   outer loop
     vertex -6.767530e+00  4.266209e+00  1.800000e+01
     vertex -8.459413e+00  5.332761e+00  1.800000e+01
     vertex -6.882022e+00  4.078942e+00  1.800000e+01
   endloop
 endfacet
 facet normal  0.000000e+00  0.000000e+00  1.000000e+00
   outer loop
     vertex  4.404559e+00 -6.678313e+00  1.800000e+01
     vertex  4.219688e+00 -6.796634e+00  1.800000e+01
     vertex  5.274609e+00 -8.495793e+00  1.800000e+01
   endloop
 endfacet
 facet normal  0.000000e+00  0.000000e+00  1.000000e+00
   outer loop
     vertex  4.404559e+00 -6.678313e+00  1.800000e+01
     vertex  5.274609e+00 -8.495793e+00  1.800000e+01
     vertex  5.505698e+00 -8.347891e+00  1.800000e+01
   endloop
 endfacet
 facet normal  0.000000e+00  0.000000e+00  1.000000e+00
   outer loop
     vertex -6.647944e+00  4.450264e+00  1.800000e+01
     vertex -8.459413e+00  5.332761e+00  1.800000e+01
     vertex -6.767530e+00  4.266209e+00  1.800000e+01
   endloop
 endfacet
 facet normal  0.000000e+00  0.000000e+00  1.000000e+00
   outer loop
     vertex -6.647944e+00  4.450264e+00  1.800000e+01
     vertex -8.309929e+00  5.562829e+00  1.800000e+01
     vertex -8.459413e+00  5.332761e+00  1.800000e+01
   endloop
 endfacet
 facet normal  0.000000e+00  0.000000e+00  1.000000e+00
   outer loop
     vertex  4.586114e+00 -6.554964e+00  1.800000e+01
     vertex  4.404559e+00 -6.678313e+00  1.800000e+01
     vertex  5.505698e+00 -8.347891e+00  1.800000e+01
   endloop
 endfacet
 facet normal  0.000000e+00  0.000000e+00  1.000000e+00
   outer loop
     vertex  4.586114e+00 -6.554964e+00  1.800000e+01
     vertex  5.505698e+00 -8.347891e+00  1.800000e+01
     vertex  5.732642e+00 -8.193706e+00  1.800000e+01
   endloop
 endfacet
 facet normal  0.000000e+00  0.000000e+00  1.000000e+00
   outer loop
     vertex  4.586114e+00 -6.554964e+00  1.800000e+01
     vertex  5.732642e+00 -8.193706e+00  1.800000e+01
     vertex  5.955271e+00 -8.033352e+00  1.800000e+01
   endloop
 endfacet
 facet normal  0.000000e+00  0.000000e+00  1.000000e+00
   outer loop
     vertex -6.523353e+00  4.630969e+00  1.800000e+01
     vertex -8.309929e+00  5.562829e+00  1.800000e+01
     vertex -6.647944e+00  4.450264e+00  1.800000e+01
   endloop
 endfacet
 facet normal  0.000000e+00  0.000000e+00  1.000000e+00
   outer loop
     vertex -6.523353e+00  4.630969e+00  1.800000e+01
     vertex -8.154191e+00  5.788711e+00  1.800000e+01
     vertex -8.309929e+00  5.562829e+00  1.800000e+01
   endloop
 endfacet
 facet normal  0.000000e+00  0.000000e+00  1.000000e+00
   outer loop
     vertex  4.764217e+00 -6.426682e+00  1.800000e+01
     vertex  4.586114e+00 -6.554964e+00  1.800000e+01
     vertex  5.955271e+00 -8.033352e+00  1.800000e+01
   endloop
 endfacet
 facet normal  0.000000e+00  0.000000e+00  1.000000e+00
   outer loop
     vertex -6.393851e+00  4.808188e+00  1.800000e+01
     vertex -8.154191e+00  5.788711e+00  1.800000e+01
     vertex -6.523353e+00  4.630969e+00  1.800000e+01
   endloop
 endfacet
 facet normal  0.000000e+00  0.000000e+00  1.000000e+00
   outer loop
     vertex -6.393851e+00  4.808188e+00  1.800000e+01
     vertex -7.992314e+00  6.010234e+00  1.800000e+01
     vertex -8.154191e+00  5.788711e+00  1.800000e+01
   endloop
 endfacet
 facet normal  0.000000e+00  0.000000e+00  1.000000e+00
   outer loop
     vertex  4.938734e+00 -6.293561e+00  1.800000e+01
     vertex  4.764217e+00 -6.426682e+00  1.800000e+01
     vertex  5.955271e+00 -8.033352e+00  1.800000e+01
   endloop
 endfacet
 facet normal  0.000000e+00  0.000000e+00  1.000000e+00
   outer loop
     vertex  4.938734e+00 -6.293561e+00  1.800000e+01
     vertex  5.955271e+00 -8.033352e+00  1.800000e+01
     vertex  6.173417e+00 -7.866951e+00  1.800000e+01
   endloop
 endfacet
 facet normal  0.000000e+00  0.000000e+00  1.000000e+00
   outer loop
     vertex  6.386916e+00 -7.694628e+00  1.800000e+01
     vertex  4.938734e+00 -6.293561e+00  1.800000e+01
     vertex  6.173417e+00 -7.866951e+00  1.800000e+01
   endloop
 endfacet
 facet normal  0.000000e+00  0.000000e+00  1.000000e+00
   outer loop
     vertex -6.259537e+00  4.981787e+00  1.800000e+01
     vertex -7.992314e+00  6.010234e+00  1.800000e+01
     vertex -6.393851e+00  4.808188e+00  1.800000e+01
   endloop
 endfacet
 facet normal  0.000000e+00  0.000000e+00  1.000000e+00
   outer loop
     vertex -6.259537e+00  4.981787e+00  1.800000e+01
     vertex -7.824421e+00  6.227234e+00  1.800000e+01
     vertex -7.992314e+00  6.010234e+00  1.800000e+01
   endloop
 endfacet
 facet normal  0.000000e+00  0.000000e+00  1.000000e+00
   outer loop
     vertex  5.109533e+00 -6.155703e+00  1.800000e+01
     vertex  4.938734e+00 -6.293561e+00  1.800000e+01
     vertex  6.386916e+00 -7.694628e+00  1.800000e+01
   endloop
 endfacet
 facet normal  0.000000e+00  0.000000e+00  1.000000e+00
   outer loop
     vertex -6.120510e+00  5.151636e+00  1.800000e+01
     vertex -7.824421e+00  6.227234e+00  1.800000e+01
     vertex -6.259537e+00  4.981787e+00  1.800000e+01
   endloop
 endfacet
 facet normal  0.000000e+00  0.000000e+00  1.000000e+00
   outer loop
     vertex -6.120510e+00  5.151636e+00  1.800000e+01
     vertex -7.650637e+00  6.439545e+00  1.800000e+01
     vertex -7.824421e+00  6.227234e+00  1.800000e+01
   endloop
 endfacet
 facet normal  0.000000e+00  0.000000e+00  1.000000e+00
   outer loop
     vertex  5.276485e+00 -6.013211e+00  1.800000e+01
     vertex  5.109533e+00 -6.155703e+00  1.800000e+01
     vertex  6.386916e+00 -7.694628e+00  1.800000e+01
   endloop
 endfacet
 facet normal  0.000000e+00  0.000000e+00  1.000000e+00
   outer loop
     vertex  5.276485e+00 -6.013211e+00  1.800000e+01
     vertex  6.386916e+00 -7.694628e+00  1.800000e+01
     vertex  6.595607e+00 -7.516513e+00  1.800000e+01
   endloop
 endfacet
 facet normal  0.000000e+00  0.000000e+00  1.000000e+00
   outer loop
     vertex -5.976876e+00  5.317608e+00  1.800000e+01
     vertex -7.471095e+00  6.647010e+00  1.800000e+01
     vertex -7.650637e+00  6.439545e+00  1.800000e+01
   endloop
 endfacet
 facet normal  0.000000e+00  0.000000e+00  1.000000e+00
   outer loop
     vertex -5.976876e+00  5.317608e+00  1.800000e+01
     vertex -7.650637e+00  6.439545e+00  1.800000e+01
     vertex -6.120510e+00  5.151636e+00  1.800000e+01
   endloop
 endfacet
 facet normal  0.000000e+00  0.000000e+00  1.000000e+00
   outer loop
     vertex  5.439466e+00 -5.866192e+00  1.800000e+01
     vertex  5.276485e+00 -6.013211e+00  1.800000e+01
     vertex  6.595607e+00 -7.516513e+00  1.800000e+01
   endloop
 endfacet
 facet normal  0.000000e+00  0.000000e+00  1.000000e+00
   outer loop
     vertex  5.439466e+00 -5.866192e+00  1.800000e+01
     vertex  6.595607e+00 -7.516513e+00  1.800000e+01
     vertex  6.799333e+00 -7.332740e+00  1.800000e+01
   endloop
 endfacet
 facet normal  0.000000e+00  0.000000e+00  1.000000e+00
   outer loop
     vertex -5.828743e+00  5.479576e+00  1.800000e+01
     vertex -7.285929e+00  6.849470e+00  1.800000e+01
     vertex -7.471095e+00  6.647010e+00  1.800000e+01
   endloop
 endfacet
 facet normal  0.000000e+00  0.000000e+00  1.000000e+00
   outer loop
     vertex -5.828743e+00  5.479576e+00  1.800000e+01
     vertex -7.471095e+00  6.647010e+00  1.800000e+01
     vertex -5.976876e+00  5.317608e+00  1.800000e+01
   endloop
 endfacet
 facet normal  0.000000e+00  0.000000e+00  1.000000e+00
   outer loop
     vertex  5.598352e+00 -5.714758e+00  1.800000e+01
     vertex  5.439466e+00 -5.866192e+00  1.800000e+01
     vertex  6.799333e+00 -7.332740e+00  1.800000e+01
   endloop
 endfacet
 facet normal  0.000000e+00  0.000000e+00  1.000000e+00
   outer loop
     vertex  5.598352e+00 -5.714758e+00  1.800000e+01
     vertex  6.799333e+00 -7.332740e+00  1.800000e+01
     vertex  6.997940e+00 -7.143447e+00  1.800000e+01
   endloop
 endfacet
 facet normal  0.000000e+00  0.000000e+00  1.000000e+00
   outer loop
     vertex -5.676222e+00  5.637420e+00  1.800000e+01
     vertex -7.285929e+00  6.849470e+00  1.800000e+01
     vertex -5.828743e+00  5.479576e+00  1.800000e+01
   endloop
 endfacet
 facet normal  0.000000e+00  0.000000e+00  1.000000e+00
   outer loop
     vertex -5.676222e+00  5.637420e+00  1.800000e+01
     vertex -7.095278e+00  7.046775e+00  1.800000e+01
     vertex -7.285929e+00  6.849470e+00  1.800000e+01
   endloop
 endfacet
 facet normal  0.000000e+00  0.000000e+00  1.000000e+00
   outer loop
     vertex  5.753024e+00 -5.559021e+00  1.800000e+01
     vertex  5.598352e+00 -5.714758e+00  1.800000e+01
     vertex  6.997940e+00 -7.143447e+00  1.800000e+01
   endloop
 endfacet
 facet normal  0.000000e+00  0.000000e+00  1.000000e+00
   outer loop
     vertex  7.191280e+00 -6.948776e+00  1.800000e+01
     vertex  5.753024e+00 -5.559021e+00  1.800000e+01
     vertex  6.997940e+00 -7.143447e+00  1.800000e+01
   endloop
 endfacet
 facet normal  0.000000e+00  0.000000e+00  1.000000e+00
   outer loop
     vertex -5.519428e+00  5.791020e+00  1.800000e+01
     vertex -7.095278e+00  7.046775e+00  1.800000e+01
     vertex -5.676222e+00  5.637420e+00  1.800000e+01
   endloop
 endfacet
 facet normal  0.000000e+00  0.000000e+00  1.000000e+00
   outer loop
     vertex -6.899286e+00  7.238775e+00  1.800000e+01
     vertex -7.095278e+00  7.046775e+00  1.800000e+01
     vertex -5.519428e+00  5.791020e+00  1.800000e+01
   endloop
 endfacet
 facet normal  0.000000e+00  0.000000e+00  1.000000e+00
   outer loop
     vertex  5.903365e+00 -5.399100e+00  1.800000e+01
     vertex  5.753024e+00 -5.559021e+00  1.800000e+01
     vertex  7.191280e+00 -6.948776e+00  1.800000e+01
   endloop
 endfacet
 facet normal  0.000000e+00  0.000000e+00  1.000000e+00
   outer loop
     vertex  7.379206e+00 -6.748875e+00  1.800000e+01
     vertex  5.903365e+00 -5.399100e+00  1.800000e+01
     vertex  7.191280e+00 -6.948776e+00  1.800000e+01
   endloop
 endfacet
 facet normal  0.000000e+00  0.000000e+00  1.000000e+00
   outer loop
     vertex -6.698100e+00  7.425325e+00  1.800000e+01
     vertex -5.519428e+00  5.791020e+00  1.800000e+01
     vertex -5.358480e+00  5.940260e+00  1.800000e+01
   endloop
 endfacet
 facet normal  0.000000e+00  0.000000e+00  1.000000e+00
   outer loop
     vertex -6.698100e+00  7.425325e+00  1.800000e+01
     vertex -6.899286e+00  7.238775e+00  1.800000e+01
     vertex -5.519428e+00  5.791020e+00  1.800000e+01
   endloop
 endfacet
 facet normal  0.000000e+00  0.000000e+00  1.000000e+00
   outer loop
     vertex  7.561578e+00 -6.543893e+00  1.800000e+01
     vertex  5.903365e+00 -5.399100e+00  1.800000e+01
     vertex  7.379206e+00 -6.748875e+00  1.800000e+01
   endloop
 endfacet
 facet normal  0.000000e+00  0.000000e+00  1.000000e+00
   outer loop
     vertex  7.561578e+00 -6.543893e+00  1.800000e+01
     vertex  6.049262e+00 -5.235115e+00  1.800000e+01
     vertex  5.903365e+00 -5.399100e+00  1.800000e+01
   endloop
 endfacet
 facet normal  0.000000e+00  0.000000e+00  1.000000e+00
   outer loop
     vertex -6.491872e+00  7.606287e+00  1.800000e+01
     vertex -5.358480e+00  5.940260e+00  1.800000e+01
     vertex -5.193498e+00  6.085029e+00  1.800000e+01
   endloop
 endfacet
 facet normal  0.000000e+00  0.000000e+00  1.000000e+00
   outer loop
     vertex -6.491872e+00  7.606287e+00  1.800000e+01
     vertex -6.698100e+00  7.425325e+00  1.800000e+01
     vertex -5.358480e+00  5.940260e+00  1.800000e+01
   endloop
 endfacet
 facet normal  0.000000e+00  0.000000e+00  1.000000e+00
   outer loop
     vertex -5.024606e+00  6.225218e+00  1.800000e+01
     vertex -6.491872e+00  7.606287e+00  1.800000e+01
     vertex -5.193498e+00  6.085029e+00  1.800000e+01
   endloop
 endfacet
 facet normal  0.000000e+00  0.000000e+00  1.000000e+00
   outer loop
     vertex  7.738257e+00 -6.333986e+00  1.800000e+01
     vertex  6.190606e+00 -5.067189e+00  1.800000e+01
     vertex  6.049262e+00 -5.235115e+00  1.800000e+01
   endloop
 endfacet
 facet normal  0.000000e+00  0.000000e+00  1.000000e+00
   outer loop
     vertex  7.738257e+00 -6.333986e+00  1.800000e+01
     vertex  6.049262e+00 -5.235115e+00  1.800000e+01
     vertex  7.561578e+00 -6.543893e+00  1.800000e+01
   endloop
 endfacet
 facet normal  0.000000e+00  0.000000e+00  1.000000e+00
   outer loop
     vertex  6.327289e+00 -4.895448e+00  1.800000e+01
     vertex  6.190606e+00 -5.067189e+00  1.800000e+01
     vertex  7.738257e+00 -6.333986e+00  1.800000e+01
   endloop
 endfacet
 facet normal  0.000000e+00  0.000000e+00  1.000000e+00
   outer loop
     vertex -6.280757e+00  7.781522e+00  1.800000e+01
     vertex -6.491872e+00  7.606287e+00  1.800000e+01
     vertex -5.024606e+00  6.225218e+00  1.800000e+01
   endloop
 endfacet
 facet normal  0.000000e+00  0.000000e+00  1.000000e+00
   outer loop
     vertex  7.909112e+00 -6.119310e+00  1.800000e+01
     vertex  6.327289e+00 -4.895448e+00  1.800000e+01
     vertex  7.738257e+00 -6.333986e+00  1.800000e+01
   endloop
 endfacet
 facet normal  0.000000e+00  0.000000e+00  1.000000e+00
   outer loop
     vertex -6.064915e+00  7.950900e+00  1.800000e+01
     vertex -5.024606e+00  6.225218e+00  1.800000e+01
     vertex -4.851932e+00  6.360720e+00  1.800000e+01
   endloop
 endfacet
 facet normal  0.000000e+00  0.000000e+00  1.000000e+00
   outer loop
     vertex -6.064915e+00  7.950900e+00  1.800000e+01
     vertex -6.280757e+00  7.781522e+00  1.800000e+01
     vertex -5.024606e+00  6.225218e+00  1.800000e+01
   endloop
 endfacet
 facet normal  0.000000e+00  0.000000e+00  1.000000e+00
   outer loop
     vertex  8.074012e+00 -5.900028e+00  1.800000e+01
     vertex  6.459210e+00 -4.720022e+00  1.800000e+01
     vertex  6.327289e+00 -4.895448e+00  1.800000e+01
   endloop
 endfacet
 facet normal  0.000000e+00  0.000000e+00  1.000000e+00
   outer loop
     vertex  8.074012e+00 -5.900028e+00  1.800000e+01
     vertex  6.327289e+00 -4.895448e+00  1.800000e+01
     vertex  7.909112e+00 -6.119310e+00  1.800000e+01
   endloop
 endfacet
 facet normal  0.000000e+00  0.000000e+00  1.000000e+00
   outer loop
     vertex -5.844507e+00  8.114292e+00  1.800000e+01
     vertex -4.851932e+00  6.360720e+00  1.800000e+01
     vertex -4.675605e+00  6.491434e+00  1.800000e+01
   endloop
 endfacet
 facet normal  0.000000e+00  0.000000e+00  1.000000e+00
   outer loop
     vertex -5.844507e+00  8.114292e+00  1.800000e+01
     vertex -6.064915e+00  7.950900e+00  1.800000e+01
     vertex -4.851932e+00  6.360720e+00  1.800000e+01
   endloop
 endfacet
 facet normal  0.000000e+00  0.000000e+00  1.000000e+00
   outer loop
     vertex  8.232835e+00 -5.676304e+00  1.800000e+01
     vertex  6.586268e+00 -4.541043e+00  1.800000e+01
     vertex  6.459210e+00 -4.720022e+00  1.800000e+01
   endloop
 endfacet
 facet normal  0.000000e+00  0.000000e+00  1.000000e+00
   outer loop
     vertex  8.232835e+00 -5.676304e+00  1.800000e+01
     vertex  6.459210e+00 -4.720022e+00  1.800000e+01
     vertex  8.074012e+00 -5.900028e+00  1.800000e+01
   endloop
 endfacet
 facet normal  0.000000e+00  0.000000e+00  1.000000e+00
   outer loop
     vertex -5.619699e+00  8.271577e+00  1.800000e+01
     vertex -4.675605e+00  6.491434e+00  1.800000e+01
     vertex -4.495759e+00  6.617261e+00  1.800000e+01
   endloop
 endfacet
 facet normal  0.000000e+00  0.000000e+00  1.000000e+00
   outer loop
     vertex -5.619699e+00  8.271577e+00  1.800000e+01
     vertex -5.844507e+00  8.114292e+00  1.800000e+01
     vertex -4.675605e+00  6.491434e+00  1.800000e+01
   endloop
 endfacet
 facet normal  0.000000e+00  0.000000e+00  1.000000e+00
   outer loop
     vertex  8.385460e+00 -5.448308e+00  1.800000e+01
     vertex  6.708368e+00 -4.358646e+00  1.800000e+01
     vertex  6.586268e+00 -4.541043e+00  1.800000e+01
   endloop
 endfacet
 facet normal  0.000000e+00  0.000000e+00  1.000000e+00
   outer loop
     vertex  8.385460e+00 -5.448308e+00  1.800000e+01
     vertex  6.586268e+00 -4.541043e+00  1.800000e+01
     vertex  8.232835e+00 -5.676304e+00  1.800000e+01
   endloop
 endfacet
 facet normal  0.000000e+00  0.000000e+00  1.000000e+00
   outer loop
     vertex -5.390661e+00  8.422635e+00  1.800000e+01
     vertex -4.312529e+00  6.738108e+00  1.800000e+01
     vertex -4.126052e+00  6.853882e+00  1.800000e+01
   endloop
 endfacet
 facet normal  0.000000e+00  0.000000e+00  1.000000e+00
   outer loop
     vertex -5.390661e+00  8.422635e+00  1.800000e+01
     vertex -4.495759e+00  6.617261e+00  1.800000e+01
     vertex -4.312529e+00  6.738108e+00  1.800000e+01
   endloop
 endfacet
 facet normal  0.000000e+00  0.000000e+00  1.000000e+00
   outer loop
     vertex -5.390661e+00  8.422635e+00  1.800000e+01
     vertex -5.619699e+00  8.271577e+00  1.800000e+01
     vertex -4.495759e+00  6.617261e+00  1.800000e+01
   endloop
 endfacet
 facet normal  0.000000e+00  0.000000e+00  1.000000e+00
   outer loop
     vertex  8.531773e+00 -5.216210e+00  1.800000e+01
     vertex  6.825419e+00 -4.172968e+00  1.800000e+01
     vertex  6.708368e+00 -4.358646e+00  1.800000e+01
   endloop
 endfacet
 facet normal  0.000000e+00  0.000000e+00  1.000000e+00
   outer loop
     vertex  8.531773e+00 -5.216210e+00  1.800000e+01
     vertex  6.708368e+00 -4.358646e+00  1.800000e+01
     vertex  8.385460e+00 -5.448308e+00  1.800000e+01
   endloop
 endfacet
 facet normal  0.000000e+00  0.000000e+00  1.000000e+00
   outer loop
     vertex -5.157565e+00  8.567352e+00  1.800000e+01
     vertex -4.126052e+00  6.853882e+00  1.800000e+01
     vertex -3.936469e+00  6.964496e+00  1.800000e+01
   endloop
 endfacet
 facet normal  0.000000e+00  0.000000e+00  1.000000e+00
   outer loop
     vertex -5.157565e+00  8.567352e+00  1.800000e+01
     vertex -5.390661e+00  8.422635e+00  1.800000e+01
     vertex -4.126052e+00  6.853882e+00  1.800000e+01
   endloop
 endfacet
 facet normal  0.000000e+00  0.000000e+00  1.000000e+00
   outer loop
     vertex  8.671664e+00 -4.980186e+00  1.800000e+01
     vertex  6.937331e+00 -3.984149e+00  1.800000e+01
     vertex  6.825419e+00 -4.172968e+00  1.800000e+01
   endloop
 endfacet
 facet normal  0.000000e+00  0.000000e+00  1.000000e+00
   outer loop
     vertex  8.671664e+00 -4.980186e+00  1.800000e+01
     vertex  7.044021e+00 -3.792330e+00  1.800000e+01
     vertex  6.937331e+00 -3.984149e+00  1.800000e+01
   endloop
 endfacet
 facet normal  0.000000e+00  0.000000e+00  1.000000e+00
   outer loop
     vertex  8.671664e+00 -4.980186e+00  1.800000e+01
     vertex  6.825419e+00 -4.172968e+00  1.800000e+01
     vertex  8.531773e+00 -5.216210e+00  1.800000e+01
   endloop
 endfacet
 facet normal  0.000000e+00  0.000000e+00  1.000000e+00
   outer loop
     vertex -4.920587e+00  8.705620e+00  1.800000e+01
     vertex -3.936469e+00  6.964496e+00  1.800000e+01
     vertex -3.743923e+00  7.069868e+00  1.800000e+01
   endloop
 endfacet
 facet normal  0.000000e+00  0.000000e+00  1.000000e+00
   outer loop
     vertex -4.920587e+00  8.705620e+00  1.800000e+01
     vertex -5.157565e+00  8.567352e+00  1.800000e+01
     vertex -3.936469e+00  6.964496e+00  1.800000e+01
   endloop
 endfacet
 facet normal  0.000000e+00  0.000000e+00  1.000000e+00
   outer loop
     vertex  8.805026e+00 -4.740412e+00  1.800000e+01
     vertex  7.044021e+00 -3.792330e+00  1.800000e+01
     vertex  8.671664e+00 -4.980186e+00  1.800000e+01
   endloop
 endfacet
 facet normal  0.000000e+00  0.000000e+00  1.000000e+00
   outer loop
     vertex -4.679904e+00  8.837335e+00  1.800000e+01
     vertex -3.743923e+00  7.069868e+00  1.800000e+01
     vertex -3.548559e+00  7.169918e+00  1.800000e+01
   endloop
 endfacet
 facet normal  0.000000e+00  0.000000e+00  1.000000e+00
   outer loop
     vertex -4.679904e+00  8.837335e+00  1.800000e+01
     vertex -4.920587e+00  8.705620e+00  1.800000e+01
     vertex -3.743923e+00  7.069868e+00  1.800000e+01
   endloop
 endfacet
 facet normal  0.000000e+00  0.000000e+00  1.000000e+00
   outer loop
     vertex  8.931761e+00 -4.497071e+00  1.800000e+01
     vertex  7.044021e+00 -3.792330e+00  1.800000e+01
     vertex  8.805026e+00 -4.740412e+00  1.800000e+01
   endloop
 endfacet
 facet normal  0.000000e+00  0.000000e+00  1.000000e+00
   outer loop
     vertex  8.931761e+00 -4.497071e+00  1.800000e+01
     vertex  7.145409e+00 -3.597656e+00  1.800000e+01
     vertex  7.044021e+00 -3.792330e+00  1.800000e+01
   endloop
 endfacet
 facet normal  0.000000e+00  0.000000e+00  1.000000e+00
   outer loop
     vertex -4.435699e+00  8.962398e+00  1.800000e+01
     vertex -4.679904e+00  8.837335e+00  1.800000e+01
     vertex -3.548559e+00  7.169918e+00  1.800000e+01
   endloop
 endfacet
 facet normal  0.000000e+00  0.000000e+00  1.000000e+00
   outer loop
     vertex  9.051772e+00 -4.250344e+00  1.800000e+01
     vertex  7.241418e+00 -3.400275e+00  1.800000e+01
     vertex  7.145409e+00 -3.597656e+00  1.800000e+01
   endloop
 endfacet
 facet normal  0.000000e+00  0.000000e+00  1.000000e+00
   outer loop
     vertex  9.051772e+00 -4.250344e+00  1.800000e+01
     vertex  7.331975e+00 -3.200334e+00  1.800000e+01
     vertex  7.241418e+00 -3.400275e+00  1.800000e+01
   endloop
 endfacet
 facet normal  0.000000e+00  0.000000e+00  1.000000e+00
   outer loop
     vertex  9.051772e+00 -4.250344e+00  1.800000e+01
     vertex  7.145409e+00 -3.597656e+00  1.800000e+01
     vertex  8.931761e+00 -4.497071e+00  1.800000e+01
   endloop
 endfacet
 facet normal  0.000000e+00  0.000000e+00  1.000000e+00
   outer loop
     vertex -4.188155e+00  9.080714e+00  1.800000e+01
     vertex -3.548559e+00  7.169918e+00  1.800000e+01
     vertex -3.350524e+00  7.264571e+00  1.800000e+01
   endloop
 endfacet
 facet normal  0.000000e+00  0.000000e+00  1.000000e+00
   outer loop
     vertex -4.188155e+00  9.080714e+00  1.800000e+01
     vertex -4.435699e+00  8.962398e+00  1.800000e+01
     vertex -3.548559e+00  7.169918e+00  1.800000e+01
   endloop
 endfacet
 facet normal  0.000000e+00  0.000000e+00  1.000000e+00
   outer loop
     vertex  9.164969e+00 -4.000417e+00  1.800000e+01
     vertex  7.331975e+00 -3.200334e+00  1.800000e+01
     vertex  9.051772e+00 -4.250344e+00  1.800000e+01
   endloop
 endfacet
 facet normal  0.000000e+00  0.000000e+00  1.000000e+00
   outer loop
     vertex -3.937458e+00  9.192194e+00  1.800000e+01
     vertex -4.188155e+00  9.080714e+00  1.800000e+01
     vertex -3.350524e+00  7.264571e+00  1.800000e+01
   endloop
 endfacet
 facet normal  0.000000e+00  0.000000e+00  1.000000e+00
   outer loop
     vertex -3.937458e+00  9.192194e+00  1.800000e+01
     vertex -3.350524e+00  7.264571e+00  1.800000e+01
     vertex -3.149966e+00  7.353755e+00  1.800000e+01
   endloop
 endfacet
 facet normal  0.000000e+00  0.000000e+00  1.000000e+00
   outer loop
     vertex  9.271267e+00 -3.747479e+00  1.800000e+01
     vertex  7.331975e+00 -3.200334e+00  1.800000e+01
     vertex  9.164969e+00 -4.000417e+00  1.800000e+01
   endloop
 endfacet
 facet normal  0.000000e+00  0.000000e+00  1.000000e+00
   outer loop
     vertex  9.271267e+00 -3.747479e+00  1.800000e+01
     vertex  7.417014e+00 -2.997983e+00  1.800000e+01
     vertex  7.331975e+00 -3.200334e+00  1.800000e+01
   endloop
 endfacet
 facet normal  0.000000e+00  0.000000e+00  1.000000e+00
   outer loop
     vertex -3.683796e+00  9.296754e+00  1.800000e+01
     vertex -3.937458e+00  9.192194e+00  1.800000e+01
     vertex -3.149966e+00  7.353755e+00  1.800000e+01
   endloop
 endfacet
 facet normal  0.000000e+00  0.000000e+00  1.000000e+00
   outer loop
     vertex -3.683796e+00  9.296754e+00  1.800000e+01
     vertex -3.149966e+00  7.353755e+00  1.800000e+01
     vertex -2.947037e+00  7.437404e+00  1.800000e+01
   endloop
 endfacet
 facet normal  0.000000e+00  0.000000e+00  1.000000e+00
   outer loop
     vertex  9.370586e+00 -3.491720e+00  1.800000e+01
     vertex  7.417014e+00 -2.997983e+00  1.800000e+01
     vertex  9.271267e+00 -3.747479e+00  1.800000e+01
   endloop
 endfacet
 facet normal  0.000000e+00  0.000000e+00  1.000000e+00
   outer loop
     vertex  9.370586e+00 -3.491720e+00  1.800000e+01
     vertex  7.496469e+00 -2.793376e+00  1.800000e+01
     vertex  7.417014e+00 -2.997983e+00  1.800000e+01
   endloop
 endfacet
 facet normal  0.000000e+00  0.000000e+00  1.000000e+00
   outer loop
     vertex -3.427362e+00  9.394317e+00  1.800000e+01
     vertex -3.683796e+00  9.296754e+00  1.800000e+01
     vertex -2.947037e+00  7.437404e+00  1.800000e+01
   endloop
 endfacet
 facet normal  0.000000e+00  0.000000e+00  1.000000e+00
   outer loop
     vertex -3.427362e+00  9.394317e+00  1.800000e+01
     vertex -2.947037e+00  7.437404e+00  1.800000e+01
     vertex -2.741890e+00  7.515453e+00  1.800000e+01
   endloop
 endfacet
 facet normal  0.000000e+00  0.000000e+00  1.000000e+00
   outer loop
     vertex  9.462851e+00 -3.233333e+00  1.800000e+01
     vertex  7.570281e+00 -2.586666e+00  1.800000e+01
     vertex  7.496469e+00 -2.793376e+00  1.800000e+01
   endloop
 endfacet
 facet normal  0.000000e+00  0.000000e+00  1.000000e+00
   outer loop
     vertex  9.462851e+00 -3.233333e+00  1.800000e+01
     vertex  7.496469e+00 -2.793376e+00  1.800000e+01
     vertex  9.370586e+00 -3.491720e+00  1.800000e+01
   endloop
 endfacet
 facet normal  0.000000e+00  0.000000e+00  1.000000e+00
   outer loop
     vertex -3.168348e+00  9.484807e+00  1.800000e+01
     vertex -3.427362e+00  9.394317e+00  1.800000e+01
     vertex -2.741890e+00  7.515453e+00  1.800000e+01
   endloop
 endfacet
 facet normal  0.000000e+00  0.000000e+00  1.000000e+00
   outer loop
     vertex -3.168348e+00  9.484807e+00  1.800000e+01
     vertex -2.534679e+00  7.587846e+00  1.800000e+01
     vertex -2.325559e+00  7.654526e+00  1.800000e+01
   endloop
 endfacet
 facet normal  0.000000e+00  0.000000e+00  1.000000e+00
   outer loop
     vertex -3.168348e+00  9.484807e+00  1.800000e+01
     vertex -2.741890e+00  7.515453e+00  1.800000e+01
     vertex -2.534679e+00  7.587846e+00  1.800000e+01
   endloop
 endfacet
 facet normal  0.000000e+00  0.000000e+00  1.000000e+00
   outer loop
     vertex  9.547993e+00 -2.972512e+00  1.800000e+01
     vertex  7.638395e+00 -2.378009e+00  1.800000e+01
     vertex  7.570281e+00 -2.586666e+00  1.800000e+01
   endloop
 endfacet
 facet normal  0.000000e+00  0.000000e+00  1.000000e+00
   outer loop
     vertex  9.547993e+00 -2.972512e+00  1.800000e+01
     vertex  7.570281e+00 -2.586666e+00  1.800000e+01
     vertex  9.462851e+00 -3.233333e+00  1.800000e+01
   endloop
 endfacet
 facet normal  0.000000e+00  0.000000e+00  1.000000e+00
   outer loop
     vertex -2.906949e+00  9.568158e+00  1.800000e+01
     vertex -3.168348e+00  9.484807e+00  1.800000e+01
     vertex -2.325559e+00  7.654526e+00  1.800000e+01
   endloop
 endfacet
 facet normal  0.000000e+00  0.000000e+00  1.000000e+00
   outer loop
     vertex  9.625948e+00 -2.709453e+00  1.800000e+01
     vertex  7.700758e+00 -2.167562e+00  1.800000e+01
     vertex  7.638395e+00 -2.378009e+00  1.800000e+01
   endloop
 endfacet
 facet normal  0.000000e+00  0.000000e+00  1.000000e+00
   outer loop
     vertex  9.625948e+00 -2.709453e+00  1.800000e+01
     vertex  7.757325e+00 -1.955483e+00  1.800000e+01
     vertex  7.700758e+00 -2.167562e+00  1.800000e+01
   endloop
 endfacet
 facet normal  0.000000e+00  0.000000e+00  1.000000e+00
   outer loop
     vertex  9.625948e+00 -2.709453e+00  1.800000e+01
     vertex  7.638395e+00 -2.378009e+00  1.800000e+01
     vertex  9.547993e+00 -2.972512e+00  1.800000e+01
   endloop
 endfacet
 facet normal  0.000000e+00  0.000000e+00  1.000000e+00
   outer loop
     vertex -2.643362e+00  9.644306e+00  1.800000e+01
     vertex -2.906949e+00  9.568158e+00  1.800000e+01
     vertex -2.325559e+00  7.654526e+00  1.800000e+01
   endloop
 endfacet
 facet normal  0.000000e+00  0.000000e+00  1.000000e+00
   outer loop
     vertex -2.643362e+00  9.644306e+00  1.800000e+01
     vertex -2.325559e+00  7.654526e+00  1.800000e+01
     vertex -2.114689e+00  7.715445e+00  1.800000e+01
   endloop
 endfacet
 facet normal  0.000000e+00  0.000000e+00  1.000000e+00
   outer loop
     vertex  9.696656e+00 -2.444354e+00  1.800000e+01
     vertex  7.757325e+00 -1.955483e+00  1.800000e+01
     vertex  9.625948e+00 -2.709453e+00  1.800000e+01
   endloop
 endfacet
 facet normal  0.000000e+00  0.000000e+00  1.000000e+00
   outer loop
     vertex -2.377784e+00  9.713194e+00  1.800000e+01
     vertex -2.643362e+00  9.644306e+00  1.800000e+01
     vertex -2.114689e+00  7.715445e+00  1.800000e+01
   endloop
 endfacet
 facet normal  0.000000e+00  0.000000e+00  1.000000e+00
   outer loop
     vertex -2.377784e+00  9.713194e+00  1.800000e+01
     vertex -2.114689e+00  7.715445e+00  1.800000e+01
     vertex -1.902227e+00  7.770555e+00  1.800000e+01
   endloop
 endfacet
 facet normal  0.000000e+00  0.000000e+00  1.000000e+00
   outer loop
     vertex  9.760065e+00 -2.177416e+00  1.800000e+01
     vertex  7.808052e+00 -1.741933e+00  1.800000e+01
     vertex  7.757325e+00 -1.955483e+00  1.800000e+01
   endloop
 endfacet
 facet normal  0.000000e+00  0.000000e+00  1.000000e+00
   outer loop
     vertex  9.760065e+00 -2.177416e+00  1.800000e+01
     vertex  7.852901e+00 -1.527070e+00  1.800000e+01
     vertex  7.808052e+00 -1.741933e+00  1.800000e+01
   endloop
 endfacet
 facet normal  0.000000e+00  0.000000e+00  1.000000e+00
   outer loop
     vertex  9.760065e+00 -2.177416e+00  1.800000e+01
     vertex  7.757325e+00 -1.955483e+00  1.800000e+01
     vertex  9.696656e+00 -2.444354e+00  1.800000e+01
   endloop
 endfacet
 facet normal  0.000000e+00  0.000000e+00  1.000000e+00
   outer loop
     vertex -2.110417e+00  9.774771e+00  1.800000e+01
     vertex -1.902227e+00  7.770555e+00  1.800000e+01
     vertex -1.688334e+00  7.819816e+00  1.800000e+01
   endloop
 endfacet
 facet normal  0.000000e+00  0.000000e+00  1.000000e+00
   outer loop
     vertex -2.110417e+00  9.774771e+00  1.800000e+01
     vertex -2.377784e+00  9.713194e+00  1.800000e+01
     vertex -1.902227e+00  7.770555e+00  1.800000e+01
   endloop
 endfacet
 facet normal  0.000000e+00  0.000000e+00  1.000000e+00
   outer loop
     vertex  9.816126e+00 -1.908838e+00  1.800000e+01
     vertex  7.852901e+00 -1.527070e+00  1.800000e+01
     vertex  9.760065e+00 -2.177416e+00  1.800000e+01
   endloop
 endfacet
 facet normal  0.000000e+00  0.000000e+00  1.000000e+00
   outer loop
     vertex -1.841461e+00  9.828989e+00  1.800000e+01
     vertex -2.110417e+00  9.774771e+00  1.800000e+01
     vertex -1.688334e+00  7.819816e+00  1.800000e+01
   endloop
 endfacet
 facet normal  0.000000e+00  0.000000e+00  1.000000e+00
   outer loop
     vertex -1.841461e+00  9.828989e+00  1.800000e+01
     vertex -1.473169e+00  7.863191e+00  1.800000e+01
     vertex -1.256895e+00  7.900646e+00  1.800000e+01
   endloop
 endfacet
 facet normal  0.000000e+00  0.000000e+00  1.000000e+00
   outer loop
     vertex -1.841461e+00  9.828989e+00  1.800000e+01
     vertex -1.688334e+00  7.819816e+00  1.800000e+01
     vertex -1.473169e+00  7.863191e+00  1.800000e+01
   endloop
 endfacet
 facet normal  0.000000e+00  0.000000e+00  1.000000e+00
   outer loop
     vertex  9.864799e+00 -1.638824e+00  1.800000e+01
     vertex  7.891839e+00 -1.311059e+00  1.800000e+01
     vertex  7.852901e+00 -1.527070e+00  1.800000e+01
   endloop
 endfacet
 facet normal  0.000000e+00  0.000000e+00  1.000000e+00
   outer loop
     vertex  9.864799e+00 -1.638824e+00  1.800000e+01
     vertex  7.852901e+00 -1.527070e+00  1.800000e+01
     vertex  9.816126e+00 -1.908838e+00  1.800000e+01
   endloop
 endfacet
 facet normal  0.000000e+00  0.000000e+00  1.000000e+00
   outer loop
     vertex -1.571119e+00  9.875808e+00  1.800000e+01
     vertex -1.841461e+00  9.828989e+00  1.800000e+01
     vertex -1.256895e+00  7.900646e+00  1.800000e+01
   endloop
 endfacet
 facet normal  0.000000e+00  0.000000e+00  1.000000e+00
   outer loop
     vertex  9.906046e+00 -1.367575e+00  1.800000e+01
     vertex  7.924836e+00 -1.094060e+00  1.800000e+01
     vertex  7.891839e+00 -1.311059e+00  1.800000e+01
   endloop
 endfacet
 facet normal  0.000000e+00  0.000000e+00  1.000000e+00
   outer loop
     vertex  9.906046e+00 -1.367575e+00  1.800000e+01
     vertex  7.891839e+00 -1.311059e+00  1.800000e+01
     vertex  9.864799e+00 -1.638824e+00  1.800000e+01
   endloop
 endfacet
 facet normal  0.000000e+00  0.000000e+00  1.000000e+00
   outer loop
     vertex -1.299594e+00  9.915193e+00  1.800000e+01
     vertex -1.571119e+00  9.875808e+00  1.800000e+01
     vertex -1.256895e+00  7.900646e+00  1.800000e+01
   endloop
 endfacet
 facet normal  0.000000e+00  0.000000e+00  1.000000e+00
   outer loop
     vertex -1.299594e+00  9.915193e+00  1.800000e+01
     vertex -1.039676e+00  7.932154e+00  1.800000e+01
     vertex -8.216731e-01  7.957691e+00  1.800000e+01
   endloop
 endfacet
 facet normal  0.000000e+00  0.000000e+00  1.000000e+00
   outer loop
     vertex -1.299594e+00  9.915193e+00  1.800000e+01
     vertex -1.256895e+00  7.900646e+00  1.800000e+01
     vertex -1.039676e+00  7.932154e+00  1.800000e+01
   endloop
 endfacet
 facet normal  0.000000e+00  0.000000e+00  1.000000e+00
   outer loop
     vertex  9.939835e+00 -1.095298e+00  1.800000e+01
     vertex  7.924836e+00 -1.094060e+00  1.800000e+01
     vertex  9.906046e+00 -1.367575e+00  1.800000e+01
   endloop
 endfacet
 facet normal  0.000000e+00  0.000000e+00  1.000000e+00
   outer loop
     vertex  9.939835e+00 -1.095298e+00  1.800000e+01
     vertex  7.951868e+00 -8.762382e-01  1.800000e+01
     vertex  7.924836e+00 -1.094060e+00  1.800000e+01
   endloop
 endfacet
 facet normal  0.000000e+00  0.000000e+00  1.000000e+00
   outer loop
     vertex -1.027091e+00  9.947114e+00  1.800000e+01
     vertex -1.299594e+00  9.915193e+00  1.800000e+01
     vertex -8.216731e-01  7.957691e+00  1.800000e+01
   endloop
 endfacet
 facet normal  0.000000e+00  0.000000e+00  1.000000e+00
   outer loop
     vertex -1.027091e+00  9.947114e+00  1.800000e+01
     vertex -8.216731e-01  7.957691e+00  1.800000e+01
     vertex -6.030522e-01  7.977238e+00  1.800000e+01
   endloop
 endfacet
 facet normal  0.000000e+00  0.000000e+00  1.000000e+00
   outer loop
     vertex  9.966142e+00 -8.221955e-01  1.800000e+01
     vertex  7.972914e+00 -6.577564e-01  1.800000e+01
     vertex  7.951868e+00 -8.762382e-01  1.800000e+01
   endloop
 endfacet
 facet normal  0.000000e+00  0.000000e+00  1.000000e+00
   outer loop
     vertex  9.966142e+00 -8.221955e-01  1.800000e+01
     vertex  7.951868e+00 -8.762382e-01  1.800000e+01
     vertex  9.939835e+00 -1.095298e+00  1.800000e+01
   endloop
 endfacet
 facet normal  0.000000e+00  0.000000e+00  1.000000e+00
   outer loop
     vertex -7.538152e-01  9.971548e+00  1.800000e+01
     vertex -1.027091e+00  9.947114e+00  1.800000e+01
     vertex -6.030522e-01  7.977238e+00  1.800000e+01
   endloop
 endfacet
 facet normal  0.000000e+00  0.000000e+00  1.000000e+00
   outer loop
     vertex  9.984947e+00 -5.484744e-01  1.800000e+01
     vertex  7.972914e+00 -6.577564e-01  1.800000e+01
     vertex  9.966142e+00 -8.221955e-01  1.800000e+01
   endloop
 endfacet
 facet normal  0.000000e+00  0.000000e+00  1.000000e+00
   outer loop
     vertex  9.984947e+00 -5.484744e-01  1.800000e+01
     vertex  7.987958e+00 -4.387796e-01  1.800000e+01
     vertex  7.972914e+00 -6.577564e-01  1.800000e+01
   endloop
 endfacet
 facet normal  0.000000e+00  0.000000e+00  1.000000e+00
   outer loop
     vertex -4.799716e-01  9.988475e+00  1.800000e+01
     vertex -7.538152e-01  9.971548e+00  1.800000e+01
     vertex -6.030522e-01  7.977238e+00  1.800000e+01
   endloop
 endfacet
 facet normal  0.000000e+00  0.000000e+00  1.000000e+00
   outer loop
     vertex -4.799716e-01  9.988475e+00  1.800000e+01
     vertex -6.030522e-01  7.977238e+00  1.800000e+01
     vertex -3.839773e-01  7.990780e+00  1.800000e+01
   endloop
 endfacet
 facet normal  0.000000e+00  0.000000e+00  1.000000e+00
   outer loop
     vertex  9.996236e+00 -2.743405e-01  1.800000e+01
     vertex  7.987958e+00 -4.387796e-01  1.800000e+01
     vertex  9.984947e+00 -5.484744e-01  1.800000e+01
   endloop
 endfacet
 facet normal  0.000000e+00  0.000000e+00  1.000000e+00
   outer loop
     vertex  9.996236e+00 -2.743405e-01  1.800000e+01
     vertex  7.996989e+00 -2.194724e-01  1.800000e+01
     vertex  7.987958e+00 -4.387796e-01  1.800000e+01
   endloop
 endfacet
 facet normal  0.000000e+00  0.000000e+00  1.000000e+00
   outer loop
     vertex -2.057667e-01  9.997883e+00  1.800000e+01
     vertex -4.799716e-01  9.988475e+00  1.800000e+01
     vertex -3.839773e-01  7.990780e+00  1.800000e+01
   endloop
 endfacet
 facet normal  0.000000e+00  0.000000e+00  1.000000e+00
   outer loop
     vertex -2.057667e-01  9.997883e+00  1.800000e+01
     vertex -3.839773e-01  7.990780e+00  1.800000e+01
     vertex -1.646133e-01  7.998306e+00  1.800000e+01
   endloop
 endfacet
 facet normal  0.000000e+00  0.000000e+00  1.000000e+00
   outer loop
     vertex  1.000000e+01  0.000000e+00  1.800000e+01
     vertex  7.996989e+00  2.194724e-01  1.800000e+01
     vertex  8.000000e+00  0.000000e+00  1.800000e+01
   endloop
 endfacet
 facet normal  0.000000e+00  0.000000e+00  1.000000e+00
   outer loop
     vertex  1.000000e+01  0.000000e+00  1.800000e+01
     vertex  8.000000e+00  0.000000e+00  1.800000e+01
     vertex  7.996989e+00 -2.194724e-01  1.800000e+01
   endloop
 endfacet
 facet normal  0.000000e+00  0.000000e+00  1.000000e+00
   outer loop
     vertex  1.000000e+01  0.000000e+00  1.800000e+01
     vertex  7.996989e+00 -2.194724e-01  1.800000e+01
     vertex  9.996236e+00 -2.743405e-01  1.800000e+01
   endloop
 endfacet
 facet normal  0.000000e+00  0.000000e+00  1.000000e+00
   outer loop
     vertex  6.859319e-02  9.999765e+00  1.800000e+01
     vertex -2.057667e-01  9.997883e+00  1.800000e+01
     vertex -1.646133e-01  7.998306e+00  1.800000e+01
   endloop
 endfacet
 facet normal  0.000000e+00  0.000000e+00  1.000000e+00
   outer loop
     vertex  6.859319e-02  9.999765e+00  1.800000e+01
     vertex -1.646133e-01  7.998306e+00  1.800000e+01
     vertex  5.487455e-02  7.999812e+00  1.800000e+01
   endloop
 endfacet
 facet normal  0.000000e+00  0.000000e+00  1.000000e+00
   outer loop
     vertex  9.996236e+00  2.743405e-01  1.800000e+01
     vertex  7.987958e+00  4.387796e-01  1.800000e+01
     vertex  7.996989e+00  2.194724e-01  1.800000e+01
   endloop
 endfacet
 facet normal  0.000000e+00  0.000000e+00  1.000000e+00
   outer loop
     vertex  9.996236e+00  2.743405e-01  1.800000e+01
     vertex  7.996989e+00  2.194724e-01  1.800000e+01
     vertex  1.000000e+01  0.000000e+00  1.800000e+01
   endloop
 endfacet
 facet normal  0.000000e+00  0.000000e+00  1.000000e+00
   outer loop
     vertex  3.429014e-01  9.994119e+00  1.800000e+01
     vertex  5.487455e-02  7.999812e+00  1.800000e+01
     vertex  2.743211e-01  7.995295e+00  1.800000e+01
   endloop
 endfacet
 facet normal  0.000000e+00  0.000000e+00  1.000000e+00
   outer loop
     vertex  3.429014e-01  9.994119e+00  1.800000e+01
     vertex  6.859319e-02  9.999765e+00  1.800000e+01
     vertex  5.487455e-02  7.999812e+00  1.800000e+01
   endloop
 endfacet
 facet normal  0.000000e+00  0.000000e+00  1.000000e+00
   outer loop
     vertex  9.984947e+00  5.484744e-01  1.800000e+01
     vertex  7.987958e+00  4.387796e-01  1.800000e+01
     vertex  9.996236e+00  2.743405e-01  1.800000e+01
   endloop
 endfacet
 facet normal  0.000000e+00  0.000000e+00  1.000000e+00
   outer loop
     vertex  6.169515e-01  9.980950e+00  1.800000e+01
     vertex  2.743211e-01  7.995295e+00  1.800000e+01
     vertex  4.935612e-01  7.984760e+00  1.800000e+01
   endloop
 endfacet
 facet normal  0.000000e+00  0.000000e+00  1.000000e+00
   outer loop
     vertex  6.169515e-01  9.980950e+00  1.800000e+01
     vertex  3.429014e-01  9.994119e+00  1.800000e+01
     vertex  2.743211e-01  7.995295e+00  1.800000e+01
   endloop
 endfacet
 facet normal  0.000000e+00  0.000000e+00  1.000000e+00
   outer loop
     vertex  9.966142e+00  8.221955e-01  1.800000e+01
     vertex  7.972914e+00  6.577564e-01  1.800000e+01
     vertex  7.987958e+00  4.387796e-01  1.800000e+01
   endloop
 endfacet
 facet normal  0.000000e+00  0.000000e+00  1.000000e+00
   outer loop
     vertex  9.966142e+00  8.221955e-01  1.800000e+01
     vertex  7.951868e+00  8.762382e-01  1.800000e+01
     vertex  7.972914e+00  6.577564e-01  1.800000e+01
   endloop
 endfacet
 facet normal  0.000000e+00  0.000000e+00  1.000000e+00
   outer loop
     vertex  9.966142e+00  8.221955e-01  1.800000e+01
     vertex  7.987958e+00  4.387796e-01  1.800000e+01
     vertex  9.984947e+00  5.484744e-01  1.800000e+01
   endloop
 endfacet
 facet normal  0.000000e+00  0.000000e+00  1.000000e+00
   outer loop
     vertex  8.905371e-01  9.960268e+00  1.800000e+01
     vertex  6.169515e-01  9.980950e+00  1.800000e+01
     vertex  4.935612e-01  7.984760e+00  1.800000e+01
   endloop
 endfacet
 facet normal  0.000000e+00  0.000000e+00  1.000000e+00
   outer loop
     vertex  8.905371e-01  9.960268e+00  1.800000e+01
     vertex  4.935612e-01  7.984760e+00  1.800000e+01
     vertex  7.124297e-01  7.968215e+00  1.800000e+01
   endloop
 endfacet
 facet normal  0.000000e+00  0.000000e+00  1.000000e+00
   outer loop
     vertex  9.939835e+00  1.095298e+00  1.800000e+01
     vertex  7.951868e+00  8.762382e-01  1.800000e+01
     vertex  9.966142e+00  8.221955e-01  1.800000e+01
   endloop
 endfacet
 facet normal  0.000000e+00  0.000000e+00  1.000000e+00
   outer loop
     vertex  1.163452e+00  9.932088e+00  1.800000e+01
     vertex  8.905371e-01  9.960268e+00  1.800000e+01
     vertex  7.124297e-01  7.968215e+00  1.800000e+01
   endloop
 endfacet
 facet normal  0.000000e+00  0.000000e+00  1.000000e+00
   outer loop
     vertex  1.163452e+00  9.932088e+00  1.800000e+01
     vertex  7.124297e-01  7.968215e+00  1.800000e+01
     vertex  9.307619e-01  7.945671e+00  1.800000e+01
   endloop
 endfacet
 facet normal  0.000000e+00  0.000000e+00  1.000000e+00
   outer loop
     vertex  9.906046e+00  1.367575e+00  1.800000e+01
     vertex  7.951868e+00  8.762382e-01  1.800000e+01
     vertex  9.939835e+00  1.095298e+00  1.800000e+01
   endloop
 endfacet
 facet normal  0.000000e+00  0.000000e+00  1.000000e+00
   outer loop
     vertex  9.906046e+00  1.367575e+00  1.800000e+01
     vertex  7.924836e+00  1.094060e+00  1.800000e+01
     vertex  7.951868e+00  8.762382e-01  1.800000e+01
   endloop
 endfacet
 facet normal  0.000000e+00  0.000000e+00  1.000000e+00
   outer loop
     vertex  9.906046e+00  1.367575e+00  1.800000e+01
     vertex  7.891839e+00  1.311059e+00  1.800000e+01
     vertex  7.924836e+00  1.094060e+00  1.800000e+01
   endloop
 endfacet
 facet normal  0.000000e+00  0.000000e+00  1.000000e+00
   outer loop
     vertex  1.435492e+00  9.896432e+00  1.800000e+01
     vertex  1.163452e+00  9.932088e+00  1.800000e+01
     vertex  9.307619e-01  7.945671e+00  1.800000e+01
   endloop
 endfacet
 facet normal  0.000000e+00  0.000000e+00  1.000000e+00
   outer loop
     vertex  1.435492e+00  9.896432e+00  1.800000e+01
     vertex  9.307619e-01  7.945671e+00  1.800000e+01
     vertex  1.148394e+00  7.917145e+00  1.800000e+01
   endloop
 endfacet
 facet normal  0.000000e+00  0.000000e+00  1.000000e+00
   outer loop
     vertex  9.864799e+00  1.638824e+00  1.800000e+01
     vertex  7.891839e+00  1.311059e+00  1.800000e+01
     vertex  9.906046e+00  1.367575e+00  1.800000e+01
   endloop
 endfacet
 facet normal  0.000000e+00  0.000000e+00  1.000000e+00
   outer loop
     vertex  1.706451e+00  9.853326e+00  1.800000e+01
     vertex  1.435492e+00  9.896432e+00  1.800000e+01
     vertex  1.148394e+00  7.917145e+00  1.800000e+01
   endloop
 endfacet
 facet normal  0.000000e+00  0.000000e+00  1.000000e+00
   outer loop
     vertex  1.706451e+00  9.853326e+00  1.800000e+01
     vertex  1.148394e+00  7.917145e+00  1.800000e+01
     vertex  1.365161e+00  7.882660e+00  1.800000e+01
   endloop
 endfacet
 facet normal  0.000000e+00  0.000000e+00  1.000000e+00
   outer loop
     vertex  9.816126e+00  1.908838e+00  1.800000e+01
     vertex  7.891839e+00  1.311059e+00  1.800000e+01
     vertex  9.864799e+00  1.638824e+00  1.800000e+01
   endloop
 endfacet
 facet normal  0.000000e+00  0.000000e+00  1.000000e+00
   outer loop
     vertex  9.816126e+00  1.908838e+00  1.800000e+01
     vertex  7.852901e+00  1.527070e+00  1.800000e+01
     vertex  7.891839e+00  1.311059e+00  1.800000e+01
   endloop
 endfacet
 facet normal  0.000000e+00  0.000000e+00  1.000000e+00
   outer loop
     vertex  9.816126e+00  1.908838e+00  1.800000e+01
     vertex  7.808052e+00  1.741933e+00  1.800000e+01
     vertex  7.852901e+00  1.527070e+00  1.800000e+01
   endloop
 endfacet
 facet normal  0.000000e+00  0.000000e+00  1.000000e+00
   outer loop
     vertex  1.976125e+00  9.802802e+00  1.800000e+01
     vertex  1.365161e+00  7.882660e+00  1.800000e+01
     vertex  1.580900e+00  7.842242e+00  1.800000e+01
   endloop
 endfacet
 facet normal  0.000000e+00  0.000000e+00  1.000000e+00
   outer loop
     vertex  1.976125e+00  9.802802e+00  1.800000e+01
     vertex  1.706451e+00  9.853326e+00  1.800000e+01
     vertex  1.365161e+00  7.882660e+00  1.800000e+01
   endloop
 endfacet
 facet normal  0.000000e+00  0.000000e+00  1.000000e+00
   outer loop
     vertex  9.760065e+00  2.177416e+00  1.800000e+01
     vertex  7.757325e+00  1.955483e+00  1.800000e+01
     vertex  7.808052e+00  1.741933e+00  1.800000e+01
   endloop
 endfacet
 facet normal  0.000000e+00  0.000000e+00  1.000000e+00
   outer loop
     vertex  9.760065e+00  2.177416e+00  1.800000e+01
     vertex  7.808052e+00  1.741933e+00  1.800000e+01
     vertex  9.816126e+00  1.908838e+00  1.800000e+01
   endloop
 endfacet
 facet normal  0.000000e+00  0.000000e+00  1.000000e+00
   outer loop
     vertex  2.244312e+00  9.744899e+00  1.800000e+01
     vertex  1.580900e+00  7.842242e+00  1.800000e+01
     vertex  1.795450e+00  7.795920e+00  1.800000e+01
   endloop
 endfacet
 facet normal  0.000000e+00  0.000000e+00  1.000000e+00
   outer loop
     vertex  2.244312e+00  9.744899e+00  1.800000e+01
     vertex  1.976125e+00  9.802802e+00  1.800000e+01
     vertex  1.580900e+00  7.842242e+00  1.800000e+01
   endloop
 endfacet
 facet normal  0.000000e+00  0.000000e+00  1.000000e+00
   outer loop
     vertex  9.696656e+00  2.444354e+00  1.800000e+01
     vertex  7.757325e+00  1.955483e+00  1.800000e+01
     vertex  9.760065e+00  2.177416e+00  1.800000e+01
   endloop
 endfacet
 facet normal  0.000000e+00  0.000000e+00  1.000000e+00
   outer loop
     vertex  2.510809e+00  9.679661e+00  1.800000e+01
     vertex  1.795450e+00  7.795920e+00  1.800000e+01
     vertex  2.008647e+00  7.743729e+00  1.800000e+01
   endloop
 endfacet
 facet normal  0.000000e+00  0.000000e+00  1.000000e+00
   outer loop
     vertex  2.510809e+00  9.679661e+00  1.800000e+01
     vertex  2.244312e+00  9.744899e+00  1.800000e+01
     vertex  1.795450e+00  7.795920e+00  1.800000e+01
   endloop
 endfacet
 facet normal  0.000000e+00  0.000000e+00  1.000000e+00
   outer loop
     vertex  9.625948e+00  2.709453e+00  1.800000e+01
     vertex  7.700758e+00  2.167562e+00  1.800000e+01
     vertex  7.757325e+00  1.955483e+00  1.800000e+01
   endloop
 endfacet
 facet normal  0.000000e+00  0.000000e+00  1.000000e+00
   outer loop
     vertex  9.625948e+00  2.709453e+00  1.800000e+01
     vertex  7.757325e+00  1.955483e+00  1.800000e+01
     vertex  9.696656e+00  2.444354e+00  1.800000e+01
   endloop
 endfacet
 facet normal  0.000000e+00  0.000000e+00  1.000000e+00
   outer loop
     vertex  2.775416e+00  9.607136e+00  1.800000e+01
     vertex  2.008647e+00  7.743729e+00  1.800000e+01
     vertex  2.220333e+00  7.685709e+00  1.800000e+01
   endloop
 endfacet
 facet normal  0.000000e+00  0.000000e+00  1.000000e+00
   outer loop
     vertex  2.775416e+00  9.607136e+00  1.800000e+01
     vertex  2.510809e+00  9.679661e+00  1.800000e+01
     vertex  2.008647e+00  7.743729e+00  1.800000e+01
   endloop
 endfacet
 facet normal  0.000000e+00  0.000000e+00  1.000000e+00
   outer loop
     vertex  9.547993e+00  2.972512e+00  1.800000e+01
     vertex  7.638395e+00  2.378009e+00  1.800000e+01
     vertex  7.700758e+00  2.167562e+00  1.800000e+01
   endloop
 endfacet
 facet normal  0.000000e+00  0.000000e+00  1.000000e+00
   outer loop
     vertex  9.547993e+00  2.972512e+00  1.800000e+01
     vertex  7.700758e+00  2.167562e+00  1.800000e+01
     vertex  9.625948e+00  2.709453e+00  1.800000e+01
   endloop
 endfacet
 facet normal  0.000000e+00  0.000000e+00  1.000000e+00
   outer loop
     vertex  3.037934e+00  9.527379e+00  1.800000e+01
     vertex  2.775416e+00  9.607136e+00  1.800000e+01
     vertex  2.220333e+00  7.685709e+00  1.800000e+01
   endloop
 endfacet
 facet normal  0.000000e+00  0.000000e+00  1.000000e+00
   outer loop
     vertex  3.037934e+00  9.527379e+00  1.800000e+01
     vertex  2.220333e+00  7.685709e+00  1.800000e+01
     vertex  2.430348e+00  7.621903e+00  1.800000e+01
   endloop
 endfacet
 facet normal  0.000000e+00  0.000000e+00  1.000000e+00
   outer loop
     vertex  9.462851e+00  3.233333e+00  1.800000e+01
     vertex  7.570281e+00  2.586666e+00  1.800000e+01
     vertex  7.638395e+00  2.378009e+00  1.800000e+01
   endloop
 endfacet
 facet normal  0.000000e+00  0.000000e+00  1.000000e+00
   outer loop
     vertex  9.462851e+00  3.233333e+00  1.800000e+01
     vertex  7.496469e+00  2.793376e+00  1.800000e+01
     vertex  7.570281e+00  2.586666e+00  1.800000e+01
   endloop
 endfacet
 facet normal  0.000000e+00  0.000000e+00  1.000000e+00
   outer loop
     vertex  9.462851e+00  3.233333e+00  1.800000e+01
     vertex  7.638395e+00  2.378009e+00  1.800000e+01
     vertex  9.547993e+00  2.972512e+00  1.800000e+01
   endloop
 endfacet
 facet normal  0.000000e+00  0.000000e+00  1.000000e+00
   outer loop
     vertex  3.298166e+00  9.440450e+00  1.800000e+01
     vertex  2.430348e+00  7.621903e+00  1.800000e+01
     vertex  2.638532e+00  7.552360e+00  1.800000e+01
   endloop
 endfacet
 facet normal  0.000000e+00  0.000000e+00  1.000000e+00
   outer loop
     vertex  3.298166e+00  9.440450e+00  1.800000e+01
     vertex  3.037934e+00  9.527379e+00  1.800000e+01
     vertex  2.430348e+00  7.621903e+00  1.800000e+01
   endloop
 endfacet
 facet normal  0.000000e+00  0.000000e+00  1.000000e+00
   outer loop
     vertex  9.370586e+00  3.491720e+00  1.800000e+01
     vertex  7.496469e+00  2.793376e+00  1.800000e+01
     vertex  9.462851e+00  3.233333e+00  1.800000e+01
   endloop
 endfacet
 facet normal  0.000000e+00  0.000000e+00  1.000000e+00
   outer loop
     vertex  3.555914e+00  9.346415e+00  1.800000e+01
     vertex  3.298166e+00  9.440450e+00  1.800000e+01
     vertex  2.638532e+00  7.552360e+00  1.800000e+01
   endloop
 endfacet
 facet normal  0.000000e+00  0.000000e+00  1.000000e+00
   outer loop
     vertex  3.555914e+00  9.346415e+00  1.800000e+01
     vertex  2.638532e+00  7.552360e+00  1.800000e+01
     vertex  2.844731e+00  7.477132e+00  1.800000e+01
   endloop
 endfacet
 facet normal  0.000000e+00  0.000000e+00  1.000000e+00
   outer loop
     vertex  9.271267e+00  3.747479e+00  1.800000e+01
     vertex  7.417014e+00  2.997983e+00  1.800000e+01
     vertex  7.496469e+00  2.793376e+00  1.800000e+01
   endloop
 endfacet
 facet normal  0.000000e+00  0.000000e+00  1.000000e+00
   outer loop
     vertex  9.271267e+00  3.747479e+00  1.800000e+01
     vertex  7.496469e+00  2.793376e+00  1.800000e+01
     vertex  9.370586e+00  3.491720e+00  1.800000e+01
   endloop
 endfacet
 facet normal  0.000000e+00  0.000000e+00  1.000000e+00
   outer loop
     vertex  3.810986e+00  9.245344e+00  1.800000e+01
     vertex  3.555914e+00  9.346415e+00  1.800000e+01
     vertex  2.844731e+00  7.477132e+00  1.800000e+01
   endloop
 endfacet
 facet normal  0.000000e+00  0.000000e+00  1.000000e+00
   outer loop
     vertex  3.810986e+00  9.245344e+00  1.800000e+01
     vertex  3.048788e+00  7.396275e+00  1.800000e+01
     vertex  3.250551e+00  7.309851e+00  1.800000e+01
   endloop
 endfacet
 facet normal  0.000000e+00  0.000000e+00  1.000000e+00
   outer loop
     vertex  3.810986e+00  9.245344e+00  1.800000e+01
     vertex  2.844731e+00  7.477132e+00  1.800000e+01
     vertex  3.048788e+00  7.396275e+00  1.800000e+01
   endloop
 endfacet
 facet normal  0.000000e+00  0.000000e+00  1.000000e+00
   outer loop
     vertex  9.164969e+00  4.000417e+00  1.800000e+01
     vertex  7.331975e+00  3.200334e+00  1.800000e+01
     vertex  7.417014e+00  2.997983e+00  1.800000e+01
   endloop
 endfacet
 facet normal  0.000000e+00  0.000000e+00  1.000000e+00
   outer loop
     vertex  9.164969e+00  4.000417e+00  1.800000e+01
     vertex  7.417014e+00  2.997983e+00  1.800000e+01
     vertex  9.271267e+00  3.747479e+00  1.800000e+01
   endloop
 endfacet
 facet normal  0.000000e+00  0.000000e+00  1.000000e+00
   outer loop
     vertex  4.063188e+00  9.137314e+00  1.800000e+01
     vertex  3.810986e+00  9.245344e+00  1.800000e+01
     vertex  3.250551e+00  7.309851e+00  1.800000e+01
   endloop
 endfacet
 facet normal  0.000000e+00  0.000000e+00  1.000000e+00
   outer loop
     vertex  9.051772e+00  4.250344e+00  1.800000e+01
     vertex  7.331975e+00  3.200334e+00  1.800000e+01
     vertex  9.164969e+00  4.000417e+00  1.800000e+01
   endloop
 endfacet
 facet normal  0.000000e+00  0.000000e+00  1.000000e+00
   outer loop
     vertex  9.051772e+00  4.250344e+00  1.800000e+01
     vertex  7.241418e+00  3.400275e+00  1.800000e+01
     vertex  7.331975e+00  3.200334e+00  1.800000e+01
   endloop
 endfacet
 facet normal  0.000000e+00  0.000000e+00  1.000000e+00
   outer loop
     vertex  4.312333e+00  9.022405e+00  1.800000e+01
     vertex  3.250551e+00  7.309851e+00  1.800000e+01
     vertex  3.449866e+00  7.217924e+00  1.800000e+01
   endloop
 endfacet
 facet normal  0.000000e+00  0.000000e+00  1.000000e+00
   outer loop
     vertex  4.312333e+00  9.022405e+00  1.800000e+01
     vertex  4.063188e+00  9.137314e+00  1.800000e+01
     vertex  3.250551e+00  7.309851e+00  1.800000e+01
   endloop
 endfacet
 facet normal  0.000000e+00  0.000000e+00  1.000000e+00
   outer loop
     vertex  8.931761e+00  4.497071e+00  1.800000e+01
     vertex  7.241418e+00  3.400275e+00  1.800000e+01
     vertex  9.051772e+00  4.250344e+00  1.800000e+01
   endloop
 endfacet
 facet normal  0.000000e+00  0.000000e+00  1.000000e+00
   outer loop
     vertex  8.931761e+00  4.497071e+00  1.800000e+01
     vertex  7.145409e+00  3.597656e+00  1.800000e+01
     vertex  7.241418e+00  3.400275e+00  1.800000e+01
   endloop
 endfacet
 facet normal  0.000000e+00  0.000000e+00  1.000000e+00
   outer loop
     vertex  8.931761e+00  4.497071e+00  1.800000e+01
     vertex  7.044021e+00  3.792330e+00  1.800000e+01
     vertex  7.145409e+00  3.597656e+00  1.800000e+01
   endloop
 endfacet
 facet normal  0.000000e+00  0.000000e+00  1.000000e+00
   outer loop
     vertex  4.558231e+00  8.900704e+00  1.800000e+01
     vertex  4.312333e+00  9.022405e+00  1.800000e+01
     vertex  3.449866e+00  7.217924e+00  1.800000e+01
   endloop
 endfacet
 facet normal  0.000000e+00  0.000000e+00  1.000000e+00
   outer loop
     vertex  4.558231e+00  8.900704e+00  1.800000e+01
     vertex  3.449866e+00  7.217924e+00  1.800000e+01
     vertex  3.646584e+00  7.120563e+00  1.800000e+01
   endloop
 endfacet
 facet normal  0.000000e+00  0.000000e+00  1.000000e+00
   outer loop
     vertex  8.805026e+00  4.740412e+00  1.800000e+01
     vertex  7.044021e+00  3.792330e+00  1.800000e+01
     vertex  8.931761e+00  4.497071e+00  1.800000e+01
   endloop
 endfacet
 facet normal  0.000000e+00  0.000000e+00  1.000000e+00
   outer loop
     vertex  4.800697e+00  8.772303e+00  1.800000e+01
     vertex  4.558231e+00  8.900704e+00  1.800000e+01
     vertex  3.646584e+00  7.120563e+00  1.800000e+01
   endloop
 endfacet
 facet normal  0.000000e+00  0.000000e+00  1.000000e+00
   outer loop
     vertex  4.800697e+00  8.772303e+00  1.800000e+01
     vertex  3.646584e+00  7.120563e+00  1.800000e+01
     vertex  3.840558e+00  7.017843e+00  1.800000e+01
   endloop
 endfacet
 facet normal  0.000000e+00  0.000000e+00  1.000000e+00
   outer loop
     vertex  8.671664e+00  4.980186e+00  1.800000e+01
     vertex  6.937331e+00  3.984149e+00  1.800000e+01
     vertex  7.044021e+00  3.792330e+00  1.800000e+01
   endloop
 endfacet
 facet normal  0.000000e+00  0.000000e+00  1.000000e+00
   outer loop
     vertex  8.671664e+00  4.980186e+00  1.800000e+01
     vertex  7.044021e+00  3.792330e+00  1.800000e+01
     vertex  8.805026e+00  4.740412e+00  1.800000e+01
   endloop
 endfacet
 facet normal  0.000000e+00  0.000000e+00  1.000000e+00
   outer loop
     vertex  5.039550e+00  8.637299e+00  1.800000e+01
     vertex  4.800697e+00  8.772303e+00  1.800000e+01
     vertex  3.840558e+00  7.017843e+00  1.800000e+01
   endloop
 endfacet
 facet normal  0.000000e+00  0.000000e+00  1.000000e+00
   outer loop
     vertex  5.039550e+00  8.637299e+00  1.800000e+01
     vertex  4.031640e+00  6.909839e+00  1.800000e+01
     vertex  4.219688e+00  6.796634e+00  1.800000e+01
   endloop
 endfacet
 facet normal  0.000000e+00  0.000000e+00  1.000000e+00
   outer loop
     vertex  5.039550e+00  8.637299e+00  1.800000e+01
     vertex  3.840558e+00  7.017843e+00  1.800000e+01
     vertex  4.031640e+00  6.909839e+00  1.800000e+01
   endloop
 endfacet
 facet normal  0.000000e+00  0.000000e+00  1.000000e+00
   outer loop
     vertex  8.531773e+00  5.216210e+00  1.800000e+01
     vertex  6.937331e+00  3.984149e+00  1.800000e+01
     vertex  8.671664e+00  4.980186e+00  1.800000e+01
   endloop
 endfacet
 facet normal  0.000000e+00  0.000000e+00  1.000000e+00
   outer loop
     vertex  8.531773e+00  5.216210e+00  1.800000e+01
     vertex  6.825419e+00  4.172968e+00  1.800000e+01
     vertex  6.937331e+00  3.984149e+00  1.800000e+01
   endloop
 endfacet
 facet normal  0.000000e+00  0.000000e+00  1.000000e+00
   outer loop
     vertex  5.274609e+00  8.495793e+00  1.800000e+01
     vertex  5.039550e+00  8.637299e+00  1.800000e+01
     vertex  4.219688e+00  6.796634e+00  1.800000e+01
   endloop
 endfacet
 facet normal  0.000000e+00  0.000000e+00  1.000000e+00
   outer loop
     vertex  8.385460e+00  5.448308e+00  1.800000e+01
     vertex  6.708368e+00  4.358646e+00  1.800000e+01
     vertex  6.825419e+00  4.172968e+00  1.800000e+01
   endloop
 endfacet
 facet normal  0.000000e+00  0.000000e+00  1.000000e+00
   outer loop
     vertex  8.385460e+00  5.448308e+00  1.800000e+01
     vertex  6.825419e+00  4.172968e+00  1.800000e+01
     vertex  8.531773e+00  5.216210e+00  1.800000e+01
   endloop
 endfacet
 facet normal  0.000000e+00  0.000000e+00  1.000000e+00
   outer loop
     vertex  5.505698e+00  8.347891e+00  1.800000e+01
     vertex  4.219688e+00  6.796634e+00  1.800000e+01
     vertex  4.404559e+00  6.678313e+00  1.800000e+01
   endloop
 endfacet
 facet normal  0.000000e+00  0.000000e+00  1.000000e+00
   outer loop
     vertex  5.505698e+00  8.347891e+00  1.800000e+01
     vertex  5.274609e+00  8.495793e+00  1.800000e+01
     vertex  4.219688e+00  6.796634e+00  1.800000e+01
   endloop
 endfacet
 facet normal  0.000000e+00  0.000000e+00  1.000000e+00
   outer loop
     vertex  8.232835e+00  5.676304e+00  1.800000e+01
     vertex  6.708368e+00  4.358646e+00  1.800000e+01
     vertex  8.385460e+00  5.448308e+00  1.800000e+01
   endloop
 endfacet
 facet normal  0.000000e+00  0.000000e+00  1.000000e+00
   outer loop
     vertex  8.232835e+00  5.676304e+00  1.800000e+01
     vertex  6.586268e+00  4.541043e+00  1.800000e+01
     vertex  6.708368e+00  4.358646e+00  1.800000e+01
   endloop
 endfacet
 facet normal  0.000000e+00  0.000000e+00  1.000000e+00
   outer loop
     vertex  5.732642e+00  8.193706e+00  1.800000e+01
     vertex  5.505698e+00  8.347891e+00  1.800000e+01
     vertex  4.404559e+00  6.678313e+00  1.800000e+01
   endloop
 endfacet
 facet normal  0.000000e+00  0.000000e+00  1.000000e+00
   outer loop
     vertex  5.732642e+00  8.193706e+00  1.800000e+01
     vertex  4.586114e+00  6.554964e+00  1.800000e+01
     vertex  4.764217e+00  6.426682e+00  1.800000e+01
   endloop
 endfacet
 facet normal  0.000000e+00  0.000000e+00  1.000000e+00
   outer loop
     vertex  5.732642e+00  8.193706e+00  1.800000e+01
     vertex  4.404559e+00  6.678313e+00  1.800000e+01
     vertex  4.586114e+00  6.554964e+00  1.800000e+01
   endloop
 endfacet
 facet normal  0.000000e+00  0.000000e+00  1.000000e+00
   outer loop
     vertex  8.074012e+00  5.900028e+00  1.800000e+01
     vertex  6.459210e+00  4.720022e+00  1.800000e+01
     vertex  6.586268e+00  4.541043e+00  1.800000e+01
   endloop
 endfacet
 facet normal  0.000000e+00  0.000000e+00  1.000000e+00
   outer loop
     vertex  8.074012e+00  5.900028e+00  1.800000e+01
     vertex  6.586268e+00  4.541043e+00  1.800000e+01
     vertex  8.232835e+00  5.676304e+00  1.800000e+01
   endloop
 endfacet
 facet normal  0.000000e+00  0.000000e+00  1.000000e+00
   outer loop
     vertex  5.955271e+00  8.033352e+00  1.800000e+01
     vertex  5.732642e+00  8.193706e+00  1.800000e+01
     vertex  4.764217e+00  6.426682e+00  1.800000e+01
   endloop
 endfacet
 facet normal  0.000000e+00  0.000000e+00  1.000000e+00
   outer loop
     vertex  7.909112e+00  6.119310e+00  1.800000e+01
     vertex  6.459210e+00  4.720022e+00  1.800000e+01
     vertex  8.074012e+00  5.900028e+00  1.800000e+01
   endloop
 endfacet
 facet normal  0.000000e+00  0.000000e+00  1.000000e+00
   outer loop
     vertex  7.909112e+00  6.119310e+00  1.800000e+01
     vertex  6.327289e+00  4.895448e+00  1.800000e+01
     vertex  6.459210e+00  4.720022e+00  1.800000e+01
   endloop
 endfacet
 facet normal  0.000000e+00  0.000000e+00  1.000000e+00
   outer loop
     vertex  6.173417e+00  7.866951e+00  1.800000e+01
     vertex  5.955271e+00  8.033352e+00  1.800000e+01
     vertex  4.764217e+00  6.426682e+00  1.800000e+01
   endloop
 endfacet
 facet normal  0.000000e+00  0.000000e+00  1.000000e+00
   outer loop
     vertex  6.173417e+00  7.866951e+00  1.800000e+01
     vertex  4.764217e+00  6.426682e+00  1.800000e+01
     vertex  4.938734e+00  6.293561e+00  1.800000e+01
   endloop
 endfacet
 facet normal  0.000000e+00  0.000000e+00  1.000000e+00
   outer loop
     vertex  7.738257e+00  6.333986e+00  1.800000e+01
     vertex  6.327289e+00  4.895448e+00  1.800000e+01
     vertex  7.909112e+00  6.119310e+00  1.800000e+01
   endloop
 endfacet
 facet normal  0.000000e+00  0.000000e+00  1.000000e+00
   outer loop
     vertex  7.738257e+00  6.333986e+00  1.800000e+01
     vertex  6.190606e+00  5.067189e+00  1.800000e+01
     vertex  6.327289e+00  4.895448e+00  1.800000e+01
   endloop
 endfacet
 facet normal  0.000000e+00  0.000000e+00  1.000000e+00
   outer loop
     vertex  7.738257e+00  6.333986e+00  1.800000e+01
     vertex  6.049262e+00  5.235115e+00  1.800000e+01
     vertex  6.190606e+00  5.067189e+00  1.800000e+01
   endloop
 endfacet
 facet normal  0.000000e+00  0.000000e+00  1.000000e+00
   outer loop
     vertex  6.386916e+00  7.694628e+00  1.800000e+01
     vertex  6.173417e+00  7.866951e+00  1.800000e+01
     vertex  4.938734e+00  6.293561e+00  1.800000e+01
   endloop
 endfacet
 facet normal  0.000000e+00  0.000000e+00  1.000000e+00
   outer loop
     vertex  6.386916e+00  7.694628e+00  1.800000e+01
     vertex  4.938734e+00  6.293561e+00  1.800000e+01
     vertex  5.109533e+00  6.155703e+00  1.800000e+01
   endloop
 endfacet
 facet normal  0.000000e+00  0.000000e+00  1.000000e+00
   outer loop
     vertex  7.561578e+00  6.543893e+00  1.800000e+01
     vertex  6.049262e+00  5.235115e+00  1.800000e+01
     vertex  7.738257e+00  6.333986e+00  1.800000e+01
   endloop
 endfacet
 facet normal  0.000000e+00  0.000000e+00  1.000000e+00
   outer loop
     vertex  6.595607e+00  7.516513e+00  1.800000e+01
     vertex  6.386916e+00  7.694628e+00  1.800000e+01
     vertex  5.109533e+00  6.155703e+00  1.800000e+01
   endloop
 endfacet
 facet normal  0.000000e+00  0.000000e+00  1.000000e+00
   outer loop
     vertex  6.595607e+00  7.516513e+00  1.800000e+01
     vertex  5.109533e+00  6.155703e+00  1.800000e+01
     vertex  5.276485e+00  6.013211e+00  1.800000e+01
   endloop
 endfacet
 facet normal  0.000000e+00  0.000000e+00  1.000000e+00
   outer loop
     vertex  7.379206e+00  6.748875e+00  1.800000e+01
     vertex  6.049262e+00  5.235115e+00  1.800000e+01
     vertex  7.561578e+00  6.543893e+00  1.800000e+01
   endloop
 endfacet
 facet normal  0.000000e+00  0.000000e+00  1.000000e+00
   outer loop
     vertex  7.379206e+00  6.748875e+00  1.800000e+01
     vertex  5.903365e+00  5.399100e+00  1.800000e+01
     vertex  6.049262e+00  5.235115e+00  1.800000e+01
   endloop
 endfacet
 facet normal  0.000000e+00  0.000000e+00  1.000000e+00
   outer loop
     vertex  6.799333e+00  7.332740e+00  1.800000e+01
     vertex  6.595607e+00  7.516513e+00  1.800000e+01
     vertex  5.276485e+00  6.013211e+00  1.800000e+01
   endloop
 endfacet
 facet normal  0.000000e+00  0.000000e+00  1.000000e+00
   outer loop
     vertex  6.799333e+00  7.332740e+00  1.800000e+01
     vertex  5.439466e+00  5.866192e+00  1.800000e+01
     vertex  5.598352e+00  5.714758e+00  1.800000e+01
   endloop
 endfacet
 facet normal  0.000000e+00  0.000000e+00  1.000000e+00
   outer loop
     vertex  6.799333e+00  7.332740e+00  1.800000e+01
     vertex  5.276485e+00  6.013211e+00  1.800000e+01
     vertex  5.439466e+00  5.866192e+00  1.800000e+01
   endloop
 endfacet
 facet normal  0.000000e+00  0.000000e+00  1.000000e+00
   outer loop
     vertex  7.191280e+00  6.948776e+00  1.800000e+01
     vertex  5.753024e+00  5.559021e+00  1.800000e+01
     vertex  5.903365e+00  5.399100e+00  1.800000e+01
   endloop
 endfacet
 facet normal  0.000000e+00  0.000000e+00  1.000000e+00
   outer loop
     vertex  7.191280e+00  6.948776e+00  1.800000e+01
     vertex  5.598352e+00  5.714758e+00  1.800000e+01
     vertex  5.753024e+00  5.559021e+00  1.800000e+01
   endloop
 endfacet
 facet normal  0.000000e+00  0.000000e+00  1.000000e+00
   outer loop
     vertex  7.191280e+00  6.948776e+00  1.800000e+01
     vertex  5.903365e+00  5.399100e+00  1.800000e+01
     vertex  7.379206e+00  6.748875e+00  1.800000e+01
   endloop
 endfacet
 facet normal  0.000000e+00  0.000000e+00  1.000000e+00
   outer loop
     vertex  6.997940e+00  7.143447e+00  1.800000e+01
     vertex  6.799333e+00  7.332740e+00  1.800000e+01
     vertex  5.598352e+00  5.714758e+00  1.800000e+01
   endloop
 endfacet
 facet normal  0.000000e+00  0.000000e+00  1.000000e+00
   outer loop
     vertex  6.997940e+00  7.143447e+00  1.800000e+01
     vertex  5.598352e+00  5.714758e+00  1.800000e+01
     vertex  7.191280e+00  6.948776e+00  1.800000e+01
   endloop
 endfacet
 facet normal  9.999059e-01  1.371831e-02  0.000000e+00
   outer loop
     vertex  1.199548e+01  3.292086e-01  1.500000e+00
     vertex  1.200000e+01  0.000000e+00  1.500000e+00
     vertex  1.200000e+01  0.000000e+00  0.000000e+00
   endloop
 endfacet
 facet normal  9.999059e-01  1.371831e-02  0.000000e+00
   outer loop
     vertex  1.199548e+01  3.292086e-01  1.500000e+00
     vertex  1.200000e+01  0.000000e+00  0.000000e+00
     vertex  1.199548e+01  3.292086e-01  0.000000e+00
   endloop
 endfacet
 facet normal  9.991532e-01  4.114462e-02  0.000000e+00
   outer loop
     vertex  1.198194e+01  6.581693e-01  1.500000e+00
     vertex  1.199548e+01  3.292086e-01  0.000000e+00
     vertex  1.198194e+01  6.581693e-01  0.000000e+00
   endloop
 endfacet
 facet normal  9.991532e-01  4.114462e-02  0.000000e+00
   outer loop
     vertex  1.198194e+01  6.581693e-01  1.500000e+00
     vertex  1.199548e+01  3.292086e-01  1.500000e+00
     vertex  1.199548e+01  3.292086e-01  0.000000e+00
   endloop
 endfacet
 facet normal  9.976484e-01  6.853995e-02  0.000000e+00
   outer loop
     vertex  1.195937e+01  9.866346e-01  1.500000e+00
     vertex  1.198194e+01  6.581693e-01  0.000000e+00
     vertex  1.195937e+01  9.866346e-01  0.000000e+00
   endloop
 endfacet
 facet normal  9.976484e-01  6.853995e-02  0.000000e+00
   outer loop
     vertex  1.195937e+01  9.866346e-01  1.500000e+00
     vertex  1.198194e+01  6.581693e-01  1.500000e+00
     vertex  1.198194e+01  6.581693e-01  0.000000e+00
   endloop
 endfacet
 facet normal  9.953925e-01  9.588368e-02  0.000000e+00
   outer loop
     vertex  1.192780e+01  1.314357e+00  1.500000e+00
     vertex  1.195937e+01  9.866346e-01  0.000000e+00
     vertex  1.192780e+01  1.314357e+00  0.000000e+00
   endloop
 endfacet
 facet normal  9.953925e-01  9.588368e-02  0.000000e+00
   outer loop
     vertex  1.192780e+01  1.314357e+00  1.500000e+00
     vertex  1.195937e+01  9.866346e-01  1.500000e+00
     vertex  1.195937e+01  9.866346e-01  0.000000e+00
   endloop
 endfacet
 facet normal  9.923874e-01  1.231552e-01  0.000000e+00
   outer loop
     vertex  1.188725e+01  1.641090e+00  1.500000e+00
     vertex  1.192780e+01  1.314357e+00  0.000000e+00
     vertex  1.188725e+01  1.641090e+00  0.000000e+00
   endloop
 endfacet
 facet normal  9.923874e-01  1.231552e-01  0.000000e+00
   outer loop
     vertex  1.188725e+01  1.641090e+00  1.500000e+00
     vertex  1.192780e+01  1.314357e+00  1.500000e+00
     vertex  1.192780e+01  1.314357e+00  0.000000e+00
   endloop
 endfacet
 facet normal  9.886353e-01  1.503341e-01  0.000000e+00
   outer loop
     vertex  1.183776e+01  1.966588e+00  1.500000e+00
     vertex  1.188725e+01  1.641090e+00  0.000000e+00
     vertex  1.183776e+01  1.966588e+00  0.000000e+00
   endloop
 endfacet
 facet normal  9.841389e-01  1.773998e-01  0.000000e+00
   outer loop
     vertex  1.183776e+01  1.966588e+00  1.500000e+00
     vertex  1.183776e+01  1.966588e+00  0.000000e+00
     vertex  1.177935e+01  2.290606e+00  0.000000e+00
   endloop
 endfacet
 facet normal  9.886353e-01  1.503341e-01  0.000000e+00
   outer loop
     vertex  1.183776e+01  1.966588e+00  1.500000e+00
     vertex  1.188725e+01  1.641090e+00  1.500000e+00
     vertex  1.188725e+01  1.641090e+00  0.000000e+00
   endloop
 endfacet
 facet normal  9.841389e-01  1.773998e-01  0.000000e+00
   outer loop
     vertex  1.177935e+01  2.290606e+00  1.500000e+00
     vertex  1.183776e+01  1.966588e+00  1.500000e+00
     vertex  1.177935e+01  2.290606e+00  0.000000e+00
   endloop
 endfacet
 facet normal  9.789017e-01  2.043319e-01  0.000000e+00
   outer loop
     vertex  1.171208e+01  2.612899e+00  1.500000e+00
     vertex  1.177935e+01  2.290606e+00  0.000000e+00
     vertex  1.171208e+01  2.612899e+00  0.000000e+00
   endloop
 endfacet
 facet normal  9.789017e-01  2.043319e-01  0.000000e+00
   outer loop
     vertex  1.171208e+01  2.612899e+00  1.500000e+00
     vertex  1.177935e+01  2.290606e+00  1.500000e+00
     vertex  1.177935e+01  2.290606e+00  0.000000e+00
   endloop
 endfacet
 facet normal  9.729276e-01  2.311102e-01  0.000000e+00
   outer loop
     vertex  1.163599e+01  2.933225e+00  1.500000e+00
     vertex  1.171208e+01  2.612899e+00  0.000000e+00
     vertex  1.163599e+01  2.933225e+00  0.000000e+00
   endloop
 endfacet
 facet normal  9.729276e-01  2.311102e-01  0.000000e+00
   outer loop
     vertex  1.163599e+01  2.933225e+00  1.500000e+00
     vertex  1.171208e+01  2.612899e+00  1.500000e+00
     vertex  1.171208e+01  2.612899e+00  0.000000e+00
   endloop
 endfacet
 facet normal  9.662211e-01  2.577146e-01  0.000000e+00
   outer loop
     vertex  1.155114e+01  3.251343e+00  1.500000e+00
     vertex  1.163599e+01  2.933225e+00  1.500000e+00
     vertex  1.163599e+01  2.933225e+00  0.000000e+00
   endloop
 endfacet
 facet normal  9.662211e-01  2.577146e-01  0.000000e+00
   outer loop
     vertex  1.155114e+01  3.251343e+00  1.500000e+00
     vertex  1.163599e+01  2.933225e+00  0.000000e+00
     vertex  1.155114e+01  3.251343e+00  0.000000e+00
   endloop
 endfacet
 facet normal  9.587873e-01  2.841250e-01  0.000000e+00
   outer loop
     vertex  1.155114e+01  3.251343e+00  1.500000e+00
     vertex  1.155114e+01  3.251343e+00  0.000000e+00
     vertex  1.145759e+01  3.567014e+00  0.000000e+00
   endloop
 endfacet
 facet normal  9.587873e-01  2.841250e-01  0.000000e+00
   outer loop
     vertex  1.145759e+01  3.567014e+00  1.500000e+00
     vertex  1.155114e+01  3.251343e+00  1.500000e+00
     vertex  1.145759e+01  3.567014e+00  0.000000e+00
   endloop
 endfacet
 facet normal  9.506317e-01  3.103214e-01  0.000000e+00
   outer loop
     vertex  1.145759e+01  3.567014e+00  1.500000e+00
     vertex  1.145759e+01  3.567014e+00  0.000000e+00
     vertex  1.135542e+01  3.880000e+00  0.000000e+00
   endloop
 endfacet
 facet normal  9.506317e-01  3.103214e-01  0.000000e+00
   outer loop
     vertex  1.135542e+01  3.880000e+00  1.500000e+00
     vertex  1.145759e+01  3.567014e+00  1.500000e+00
     vertex  1.135542e+01  3.880000e+00  0.000000e+00
   endloop
 endfacet
 facet normal  9.417605e-01  3.362843e-01  0.000000e+00
   outer loop
     vertex  1.135542e+01  3.880000e+00  1.500000e+00
     vertex  1.135542e+01  3.880000e+00  0.000000e+00
     vertex  1.124470e+01  4.190064e+00  0.000000e+00
   endloop
 endfacet
 facet normal  9.417605e-01  3.362843e-01  0.000000e+00
   outer loop
     vertex  1.124470e+01  4.190064e+00  1.500000e+00
     vertex  1.135542e+01  3.880000e+00  1.500000e+00
     vertex  1.124470e+01  4.190064e+00  0.000000e+00
   endloop
 endfacet
 facet normal  9.321804e-01  3.619940e-01  0.000000e+00
   outer loop
     vertex  1.112552e+01  4.496975e+00  1.500000e+00
     vertex  1.124470e+01  4.190064e+00  1.500000e+00
     vertex  1.124470e+01  4.190064e+00  0.000000e+00
   endloop
 endfacet
 facet normal  9.321804e-01  3.619940e-01  0.000000e+00
   outer loop
     vertex  1.112552e+01  4.496975e+00  1.500000e+00
     vertex  1.124470e+01  4.190064e+00  0.000000e+00
     vertex  1.112552e+01  4.496975e+00  0.000000e+00
   endloop
 endfacet
 facet normal  9.218986e-01  3.874313e-01  0.000000e+00
   outer loop
     vertex  1.099796e+01  4.800501e+00  1.500000e+00
     vertex  1.112552e+01  4.496975e+00  1.500000e+00
     vertex  1.112552e+01  4.496975e+00  0.000000e+00
   endloop
 endfacet
 facet normal  9.218986e-01  3.874313e-01  0.000000e+00
   outer loop
     vertex  1.099796e+01  4.800501e+00  1.500000e+00
     vertex  1.112552e+01  4.496975e+00  0.000000e+00
     vertex  1.099796e+01  4.800501e+00  0.000000e+00
   endloop
 endfacet
 facet normal  9.109228e-01  4.125769e-01  0.000000e+00
   outer loop
     vertex  1.086213e+01  5.100412e+00  1.500000e+00
     vertex  1.099796e+01  4.800501e+00  1.500000e+00
     vertex  1.099796e+01  4.800501e+00  0.000000e+00
   endloop
 endfacet
 facet normal  9.109228e-01  4.125769e-01  0.000000e+00
   outer loop
     vertex  1.086213e+01  5.100412e+00  1.500000e+00
     vertex  1.099796e+01  4.800501e+00  0.000000e+00
     vertex  1.086213e+01  5.100412e+00  0.000000e+00
   endloop
 endfacet
 facet normal  8.992613e-01  4.374119e-01  0.000000e+00
   outer loop
     vertex  1.071811e+01  5.396485e+00  1.500000e+00
     vertex  1.086213e+01  5.100412e+00  1.500000e+00
     vertex  1.086213e+01  5.100412e+00  0.000000e+00
   endloop
 endfacet
 facet normal  8.992613e-01  4.374119e-01  0.000000e+00
   outer loop
     vertex  1.071811e+01  5.396485e+00  1.500000e+00
     vertex  1.086213e+01  5.100412e+00  0.000000e+00
     vertex  1.071811e+01  5.396485e+00  0.000000e+00
   endloop
 endfacet
 facet normal  8.869228e-01  4.619176e-01  0.000000e+00
   outer loop
     vertex  1.056603e+01  5.688495e+00  1.500000e+00
     vertex  1.071811e+01  5.396485e+00  1.500000e+00
     vertex  1.071811e+01  5.396485e+00  0.000000e+00
   endloop
 endfacet
 facet normal  8.869228e-01  4.619176e-01  0.000000e+00
   outer loop
     vertex  1.056603e+01  5.688495e+00  1.500000e+00
     vertex  1.071811e+01  5.396485e+00  0.000000e+00
     vertex  1.056603e+01  5.688495e+00  0.000000e+00
   endloop
 endfacet
 facet normal  8.739167e-01  4.860756e-01  0.000000e+00
   outer loop
     vertex  1.040600e+01  5.976223e+00  1.500000e+00
     vertex  1.056603e+01  5.688495e+00  1.500000e+00
     vertex  1.056603e+01  5.688495e+00  0.000000e+00
   endloop
 endfacet
 facet normal  8.739167e-01  4.860756e-01  0.000000e+00
   outer loop
     vertex  1.040600e+01  5.976223e+00  1.500000e+00
     vertex  1.056603e+01  5.688495e+00  0.000000e+00
     vertex  1.040600e+01  5.976223e+00  0.000000e+00
   endloop
 endfacet
 facet normal  8.602528e-01  5.098678e-01  0.000000e+00
   outer loop
     vertex  1.023813e+01  6.259452e+00  1.500000e+00
     vertex  1.040600e+01  5.976223e+00  1.500000e+00
     vertex  1.040600e+01  5.976223e+00  0.000000e+00
   endloop
 endfacet
 facet normal  8.602528e-01  5.098678e-01  0.000000e+00
   outer loop
     vertex  1.023813e+01  6.259452e+00  1.500000e+00
     vertex  1.040600e+01  5.976223e+00  0.000000e+00
     vertex  1.023813e+01  6.259452e+00  0.000000e+00
   endloop
 endfacet
 facet normal  8.459413e-01  5.332761e-01  0.000000e+00
   outer loop
     vertex  1.006255e+01  6.537969e+00  1.500000e+00
     vertex  1.023813e+01  6.259452e+00  1.500000e+00
     vertex  1.023813e+01  6.259452e+00  0.000000e+00
   endloop
 endfacet
 facet normal  8.459413e-01  5.332761e-01  0.000000e+00
   outer loop
     vertex  1.006255e+01  6.537969e+00  1.500000e+00
     vertex  1.023813e+01  6.259452e+00  0.000000e+00
     vertex  1.006255e+01  6.537969e+00  0.000000e+00
   endloop
 endfacet
 facet normal  8.309929e-01  5.562829e-01  0.000000e+00
   outer loop
     vertex  9.879402e+00  6.811565e+00  1.500000e+00
     vertex  1.006255e+01  6.537969e+00  0.000000e+00
     vertex  9.879402e+00  6.811565e+00  0.000000e+00
   endloop
 endfacet
 facet normal  8.309929e-01  5.562829e-01  0.000000e+00
   outer loop
     vertex  9.879402e+00  6.811565e+00  1.500000e+00
     vertex  1.006255e+01  6.537969e+00  1.500000e+00
     vertex  1.006255e+01  6.537969e+00  0.000000e+00
   endloop
 endfacet
 facet normal  8.154191e-01  5.788711e-01  0.000000e+00
   outer loop
     vertex  9.688815e+00  7.080033e+00  1.500000e+00
     vertex  9.879402e+00  6.811565e+00  0.000000e+00
     vertex  9.688815e+00  7.080033e+00  0.000000e+00
   endloop
 endfacet
 facet normal  8.154191e-01  5.788711e-01  0.000000e+00
   outer loop
     vertex  9.688815e+00  7.080033e+00  1.500000e+00
     vertex  9.879402e+00  6.811565e+00  1.500000e+00
     vertex  9.879402e+00  6.811565e+00  0.000000e+00
   endloop
 endfacet
 facet normal  7.992314e-01  6.010234e-01  0.000000e+00
   outer loop
     vertex  9.490934e+00  7.343172e+00  1.500000e+00
     vertex  9.688815e+00  7.080033e+00  0.000000e+00
     vertex  9.490934e+00  7.343172e+00  0.000000e+00
   endloop
 endfacet
 facet normal  7.992314e-01  6.010234e-01  0.000000e+00
   outer loop
     vertex  9.490934e+00  7.343172e+00  1.500000e+00
     vertex  9.688815e+00  7.080033e+00  1.500000e+00
     vertex  9.688815e+00  7.080033e+00  0.000000e+00
   endloop
 endfacet
 facet normal  7.824421e-01  6.227234e-01  0.000000e+00
   outer loop
     vertex  9.285909e+00  7.600783e+00  1.500000e+00
     vertex  9.490934e+00  7.343172e+00  0.000000e+00
     vertex  9.285909e+00  7.600783e+00  0.000000e+00
   endloop
 endfacet
 facet normal  7.824421e-01  6.227234e-01  0.000000e+00
   outer loop
     vertex  9.285909e+00  7.600783e+00  1.500000e+00
     vertex  9.490934e+00  7.343172e+00  1.500000e+00
     vertex  9.490934e+00  7.343172e+00  0.000000e+00
   endloop
 endfacet
 facet normal  7.650637e-01  6.439545e-01  0.000000e+00
   outer loop
     vertex  9.073893e+00  7.852672e+00  1.500000e+00
     vertex  9.285909e+00  7.600783e+00  0.000000e+00
     vertex  9.073893e+00  7.852672e+00  0.000000e+00
   endloop
 endfacet
 facet normal  7.650637e-01  6.439545e-01  0.000000e+00
   outer loop
     vertex  9.073893e+00  7.852672e+00  1.500000e+00
     vertex  9.285909e+00  7.600783e+00  1.500000e+00
     vertex  9.285909e+00  7.600783e+00  0.000000e+00
   endloop
 endfacet
 facet normal  7.471095e-01  6.647010e-01  0.000000e+00
   outer loop
     vertex  8.855048e+00  8.098650e+00  1.500000e+00
     vertex  9.073893e+00  7.852672e+00  0.000000e+00
     vertex  8.855048e+00  8.098650e+00  0.000000e+00
   endloop
 endfacet
 facet normal  7.285929e-01  6.849470e-01  0.000000e+00
   outer loop
     vertex  8.855048e+00  8.098650e+00  1.500000e+00
     vertex  8.855048e+00  8.098650e+00  0.000000e+00
     vertex  8.629536e+00  8.338532e+00  0.000000e+00
   endloop
 endfacet
 facet normal  7.471095e-01  6.647010e-01  0.000000e+00
   outer loop
     vertex  8.855048e+00  8.098650e+00  1.500000e+00
     vertex  9.073893e+00  7.852672e+00  1.500000e+00
     vertex  9.073893e+00  7.852672e+00  0.000000e+00
   endloop
 endfacet
 facet normal  7.285929e-01  6.849470e-01  0.000000e+00
   outer loop
     vertex  8.629536e+00  8.338532e+00  1.500000e+00
     vertex  8.855048e+00  8.098650e+00  1.500000e+00
     vertex  8.629536e+00  8.338532e+00  0.000000e+00
   endloop
 endfacet
 facet normal  7.095278e-01  7.046775e-01  0.000000e+00
   outer loop
     vertex  8.397528e+00  8.572136e+00  1.500000e+00
     vertex  8.629536e+00  8.338532e+00  0.000000e+00
     vertex  8.397528e+00  8.572136e+00  0.000000e+00
   endloop
 endfacet
 facet normal  6.899286e-01  7.238775e-01  0.000000e+00
   outer loop
     vertex  8.397528e+00  8.572136e+00  1.500000e+00
     vertex  8.397528e+00  8.572136e+00  0.000000e+00
     vertex  8.159199e+00  8.799288e+00  0.000000e+00
   endloop
 endfacet
 facet normal  7.095278e-01  7.046775e-01  0.000000e+00
   outer loop
     vertex  8.397528e+00  8.572136e+00  1.500000e+00
     vertex  8.629536e+00  8.338532e+00  1.500000e+00
     vertex  8.629536e+00  8.338532e+00  0.000000e+00
   endloop
 endfacet
 facet normal  6.899286e-01  7.238775e-01  0.000000e+00
   outer loop
     vertex  8.159199e+00  8.799288e+00  1.500000e+00
     vertex  8.397528e+00  8.572136e+00  1.500000e+00
     vertex  8.159199e+00  8.799288e+00  0.000000e+00
   endloop
 endfacet
 facet normal  6.698100e-01  7.425325e-01  0.000000e+00
   outer loop
     vertex  7.914728e+00  9.019816e+00  1.500000e+00
     vertex  8.159199e+00  8.799288e+00  0.000000e+00
     vertex  7.914728e+00  9.019816e+00  0.000000e+00
   endloop
 endfacet
 facet normal  6.698100e-01  7.425325e-01  0.000000e+00
   outer loop
     vertex  7.914728e+00  9.019816e+00  1.500000e+00
     vertex  8.159199e+00  8.799288e+00  1.500000e+00
     vertex  8.159199e+00  8.799288e+00  0.000000e+00
   endloop
 endfacet
 facet normal  6.491872e-01  7.606287e-01  0.000000e+00
   outer loop
     vertex  7.664299e+00  9.233554e+00  1.500000e+00
     vertex  7.914728e+00  9.019816e+00  0.000000e+00
     vertex  7.664299e+00  9.233554e+00  0.000000e+00
   endloop
 endfacet
 facet normal  6.280757e-01  7.781522e-01  0.000000e+00
   outer loop
     vertex  7.664299e+00  9.233554e+00  1.500000e+00
     vertex  7.664299e+00  9.233554e+00  0.000000e+00
     vertex  7.408101e+00  9.440341e+00  0.000000e+00
   endloop
 endfacet
 facet normal  6.491872e-01  7.606287e-01  0.000000e+00
   outer loop
     vertex  7.664299e+00  9.233554e+00  1.500000e+00
     vertex  7.914728e+00  9.019816e+00  1.500000e+00
     vertex  7.914728e+00  9.019816e+00  0.000000e+00
   endloop
 endfacet
 facet normal  6.064915e-01  7.950900e-01  0.000000e+00
   outer loop
     vertex  7.408101e+00  9.440341e+00  1.500000e+00
     vertex  7.408101e+00  9.440341e+00  0.000000e+00
     vertex  7.146325e+00  9.640022e+00  0.000000e+00
   endloop
 endfacet
 facet normal  6.280757e-01  7.781522e-01  0.000000e+00
   outer loop
     vertex  7.408101e+00  9.440341e+00  1.500000e+00
     vertex  7.664299e+00  9.233554e+00  1.500000e+00
     vertex  7.408101e+00  9.440341e+00  0.000000e+00
   endloop
 endfacet
 facet normal  6.064915e-01  7.950900e-01  0.000000e+00
   outer loop
     vertex  7.146325e+00  9.640022e+00  1.500000e+00
     vertex  7.408101e+00  9.440341e+00  1.500000e+00
     vertex  7.146325e+00  9.640022e+00  0.000000e+00
   endloop
 endfacet
 facet normal  5.844507e-01  8.114292e-01  0.000000e+00
   outer loop
     vertex  6.879171e+00  9.832447e+00  1.500000e+00
     vertex  7.146325e+00  9.640022e+00  1.500000e+00
     vertex  7.146325e+00  9.640022e+00  0.000000e+00
   endloop
 endfacet
 facet normal  5.844507e-01  8.114292e-01  0.000000e+00
   outer loop
     vertex  6.879171e+00  9.832447e+00  1.500000e+00
     vertex  7.146325e+00  9.640022e+00  0.000000e+00
     vertex  6.879171e+00  9.832447e+00  0.000000e+00
   endloop
 endfacet
 facet normal  5.619699e-01  8.271577e-01  0.000000e+00
   outer loop
     vertex  6.606838e+00  1.001747e+01  1.500000e+00
     vertex  6.879171e+00  9.832447e+00  0.000000e+00
     vertex  6.606838e+00  1.001747e+01  0.000000e+00
   endloop
 endfacet
 facet normal  5.619699e-01  8.271577e-01  0.000000e+00
   outer loop
     vertex  6.606838e+00  1.001747e+01  1.500000e+00
     vertex  6.879171e+00  9.832447e+00  1.500000e+00
     vertex  6.879171e+00  9.832447e+00  0.000000e+00
   endloop
 endfacet
 facet normal  5.390661e-01  8.422635e-01  0.000000e+00
   outer loop
     vertex  6.329531e+00  1.019495e+01  1.500000e+00
     vertex  6.606838e+00  1.001747e+01  1.500000e+00
     vertex  6.606838e+00  1.001747e+01  0.000000e+00
   endloop
 endfacet
 facet normal  5.390661e-01  8.422635e-01  0.000000e+00
   outer loop
     vertex  6.329531e+00  1.019495e+01  1.500000e+00
     vertex  6.606838e+00  1.001747e+01  0.000000e+00
     vertex  6.329531e+00  1.019495e+01  0.000000e+00
   endloop
 endfacet
 facet normal  5.157565e-01  8.567352e-01  0.000000e+00
   outer loop
     vertex  6.047460e+00  1.036476e+01  1.500000e+00
     vertex  6.329531e+00  1.019495e+01  1.500000e+00
     vertex  6.329531e+00  1.019495e+01  0.000000e+00
   endloop
 endfacet
 facet normal  5.157565e-01  8.567352e-01  0.000000e+00
   outer loop
     vertex  6.047460e+00  1.036476e+01  1.500000e+00
     vertex  6.329531e+00  1.019495e+01  0.000000e+00
     vertex  6.047460e+00  1.036476e+01  0.000000e+00
   endloop
 endfacet
 facet normal  4.920587e-01  8.705620e-01  0.000000e+00
   outer loop
     vertex  5.760837e+00  1.052676e+01  1.500000e+00
     vertex  6.047460e+00  1.036476e+01  1.500000e+00
     vertex  6.047460e+00  1.036476e+01  0.000000e+00
   endloop
 endfacet
 facet normal  4.920587e-01  8.705620e-01  0.000000e+00
   outer loop
     vertex  5.760837e+00  1.052676e+01  1.500000e+00
     vertex  6.047460e+00  1.036476e+01  0.000000e+00
     vertex  5.760837e+00  1.052676e+01  0.000000e+00
   endloop
 endfacet
 facet normal  4.679904e-01  8.837335e-01  0.000000e+00
   outer loop
     vertex  5.469877e+00  1.068084e+01  1.500000e+00
     vertex  5.760837e+00  1.052676e+01  1.500000e+00
     vertex  5.760837e+00  1.052676e+01  0.000000e+00
   endloop
 endfacet
 facet normal  4.679904e-01  8.837335e-01  0.000000e+00
   outer loop
     vertex  5.469877e+00  1.068084e+01  1.500000e+00
     vertex  5.760837e+00  1.052676e+01  0.000000e+00
     vertex  5.469877e+00  1.068084e+01  0.000000e+00
   endloop
 endfacet
 facet normal  4.435699e-01  8.962398e-01  0.000000e+00
   outer loop
     vertex  5.174799e+00  1.082689e+01  1.500000e+00
     vertex  5.469877e+00  1.068084e+01  1.500000e+00
     vertex  5.469877e+00  1.068084e+01  0.000000e+00
   endloop
 endfacet
 facet normal  4.435699e-01  8.962398e-01  0.000000e+00
   outer loop
     vertex  5.174799e+00  1.082689e+01  1.500000e+00
     vertex  5.469877e+00  1.068084e+01  0.000000e+00
     vertex  5.174799e+00  1.082689e+01  0.000000e+00
   endloop
 endfacet
 facet normal  4.188155e-01  9.080714e-01  0.000000e+00
   outer loop
     vertex  4.875826e+00  1.096478e+01  1.500000e+00
     vertex  5.174799e+00  1.082689e+01  1.500000e+00
     vertex  5.174799e+00  1.082689e+01  0.000000e+00
   endloop
 endfacet
 facet normal  4.188155e-01  9.080714e-01  0.000000e+00
   outer loop
     vertex  4.875826e+00  1.096478e+01  1.500000e+00
     vertex  5.174799e+00  1.082689e+01  0.000000e+00
     vertex  4.875826e+00  1.096478e+01  0.000000e+00
   endloop
 endfacet
 facet normal  3.937458e-01  9.192194e-01  0.000000e+00
   outer loop
     vertex  4.573183e+00  1.109441e+01  1.500000e+00
     vertex  4.875826e+00  1.096478e+01  1.500000e+00
     vertex  4.875826e+00  1.096478e+01  0.000000e+00
   endloop
 endfacet
 facet normal  3.937458e-01  9.192194e-01  0.000000e+00
   outer loop
     vertex  4.573183e+00  1.109441e+01  1.500000e+00
     vertex  4.875826e+00  1.096478e+01  0.000000e+00
     vertex  4.573183e+00  1.109441e+01  0.000000e+00
   endloop
 endfacet
 facet normal  3.683796e-01  9.296754e-01  0.000000e+00
   outer loop
     vertex  4.267097e+00  1.121570e+01  1.500000e+00
     vertex  4.573183e+00  1.109441e+01  1.500000e+00
     vertex  4.573183e+00  1.109441e+01  0.000000e+00
   endloop
 endfacet
 facet normal  3.683796e-01  9.296754e-01  0.000000e+00
   outer loop
     vertex  4.267097e+00  1.121570e+01  1.500000e+00
     vertex  4.573183e+00  1.109441e+01  0.000000e+00
     vertex  4.267097e+00  1.121570e+01  0.000000e+00
   endloop
 endfacet
 facet normal  3.427362e-01  9.394317e-01  0.000000e+00
   outer loop
     vertex  4.267097e+00  1.121570e+01  1.500000e+00
     vertex  4.267097e+00  1.121570e+01  0.000000e+00
     vertex  3.957799e+00  1.132854e+01  0.000000e+00
   endloop
 endfacet
 facet normal  3.427362e-01  9.394317e-01  0.000000e+00
   outer loop
     vertex  3.957799e+00  1.132854e+01  1.500000e+00
     vertex  4.267097e+00  1.121570e+01  1.500000e+00
     vertex  3.957799e+00  1.132854e+01  0.000000e+00
   endloop
 endfacet
 facet normal  3.168348e-01  9.484807e-01  0.000000e+00
   outer loop
     vertex  3.645521e+00  1.143286e+01  1.500000e+00
     vertex  3.957799e+00  1.132854e+01  1.500000e+00
     vertex  3.957799e+00  1.132854e+01  0.000000e+00
   endloop
 endfacet
 facet normal  3.168348e-01  9.484807e-01  0.000000e+00
   outer loop
     vertex  3.645521e+00  1.143286e+01  1.500000e+00
     vertex  3.957799e+00  1.132854e+01  0.000000e+00
     vertex  3.645521e+00  1.143286e+01  0.000000e+00
   endloop
 endfacet
 facet normal  2.906949e-01  9.568158e-01  0.000000e+00
   outer loop
     vertex  3.330500e+00  1.152856e+01  1.500000e+00
     vertex  3.645521e+00  1.143286e+01  1.500000e+00
     vertex  3.645521e+00  1.143286e+01  0.000000e+00
   endloop
 endfacet
 facet normal  2.906949e-01  9.568158e-01  0.000000e+00
   outer loop
     vertex  3.330500e+00  1.152856e+01  1.500000e+00
     vertex  3.645521e+00  1.143286e+01  0.000000e+00
     vertex  3.330500e+00  1.152856e+01  0.000000e+00
   endloop
 endfacet
 facet normal  2.643362e-01  9.644306e-01  0.000000e+00
   outer loop
     vertex  3.012971e+00  1.161559e+01  1.500000e+00
     vertex  3.330500e+00  1.152856e+01  1.500000e+00
     vertex  3.330500e+00  1.152856e+01  0.000000e+00
   endloop
 endfacet
 facet normal  2.643362e-01  9.644306e-01  0.000000e+00
   outer loop
     vertex  3.012971e+00  1.161559e+01  1.500000e+00
     vertex  3.330500e+00  1.152856e+01  0.000000e+00
     vertex  3.012971e+00  1.161559e+01  0.000000e+00
   endloop
 endfacet
 facet normal  2.377784e-01  9.713194e-01  0.000000e+00
   outer loop
     vertex  2.693174e+00  1.169388e+01  1.500000e+00
     vertex  3.012971e+00  1.161559e+01  1.500000e+00
     vertex  3.012971e+00  1.161559e+01  0.000000e+00
   endloop
 endfacet
 facet normal  2.377784e-01  9.713194e-01  0.000000e+00
   outer loop
     vertex  2.693174e+00  1.169388e+01  1.500000e+00
     vertex  3.012971e+00  1.161559e+01  0.000000e+00
     vertex  2.693174e+00  1.169388e+01  0.000000e+00
   endloop
 endfacet
 facet normal  2.110417e-01  9.774771e-01  0.000000e+00
   outer loop
     vertex  2.371350e+00  1.176336e+01  1.500000e+00
     vertex  2.693174e+00  1.169388e+01  1.500000e+00
     vertex  2.693174e+00  1.169388e+01  0.000000e+00
   endloop
 endfacet
 facet normal  2.110417e-01  9.774771e-01  0.000000e+00
   outer loop
     vertex  2.371350e+00  1.176336e+01  1.500000e+00
     vertex  2.693174e+00  1.169388e+01  0.000000e+00
     vertex  2.371350e+00  1.176336e+01  0.000000e+00
   endloop
 endfacet
 facet normal  1.841461e-01  9.828989e-01  0.000000e+00
   outer loop
     vertex  2.047741e+00  1.182399e+01  1.500000e+00
     vertex  2.371350e+00  1.176336e+01  1.500000e+00
     vertex  2.371350e+00  1.176336e+01  0.000000e+00
   endloop
 endfacet
 facet normal  1.841461e-01  9.828989e-01  0.000000e+00
   outer loop
     vertex  2.047741e+00  1.182399e+01  1.500000e+00
     vertex  2.371350e+00  1.176336e+01  0.000000e+00
     vertex  2.047741e+00  1.182399e+01  0.000000e+00
   endloop
 endfacet
 facet normal  1.571119e-01  9.875808e-01  0.000000e+00
   outer loop
     vertex  2.047741e+00  1.182399e+01  1.500000e+00
     vertex  2.047741e+00  1.182399e+01  0.000000e+00
     vertex  1.722590e+00  1.187572e+01  0.000000e+00
   endloop
 endfacet
 facet normal  1.571119e-01  9.875808e-01  0.000000e+00
   outer loop
     vertex  1.722590e+00  1.187572e+01  1.500000e+00
     vertex  2.047741e+00  1.182399e+01  1.500000e+00
     vertex  1.722590e+00  1.187572e+01  0.000000e+00
   endloop
 endfacet
 facet normal  1.299594e-01  9.915193e-01  0.000000e+00
   outer loop
     vertex  1.722590e+00  1.187572e+01  1.500000e+00
     vertex  1.722590e+00  1.187572e+01  0.000000e+00
     vertex  1.396143e+00  1.191851e+01  0.000000e+00
   endloop
 endfacet
 facet normal  1.299594e-01  9.915193e-01  0.000000e+00
   outer loop
     vertex  1.396143e+00  1.191851e+01  1.500000e+00
     vertex  1.722590e+00  1.187572e+01  1.500000e+00
     vertex  1.396143e+00  1.191851e+01  0.000000e+00
   endloop
 endfacet
 facet normal  1.027091e-01  9.947114e-01  0.000000e+00
   outer loop
     vertex  1.068645e+00  1.195232e+01  1.500000e+00
     vertex  1.396143e+00  1.191851e+01  1.500000e+00
     vertex  1.396143e+00  1.191851e+01  0.000000e+00
   endloop
 endfacet
 facet normal  1.027091e-01  9.947114e-01  0.000000e+00
   outer loop
     vertex  1.068645e+00  1.195232e+01  1.500000e+00
     vertex  1.396143e+00  1.191851e+01  0.000000e+00
     vertex  1.068645e+00  1.195232e+01  0.000000e+00
   endloop
 endfacet
 facet normal  7.538152e-02  9.971548e-01  0.000000e+00
   outer loop
     vertex  7.403418e-01  1.197714e+01  1.500000e+00
     vertex  1.068645e+00  1.195232e+01  1.500000e+00
     vertex  1.068645e+00  1.195232e+01  0.000000e+00
   endloop
 endfacet
 facet normal  7.538152e-02  9.971548e-01  0.000000e+00
   outer loop
     vertex  7.403418e-01  1.197714e+01  1.500000e+00
     vertex  1.068645e+00  1.195232e+01  0.000000e+00
     vertex  7.403418e-01  1.197714e+01  0.000000e+00
   endloop
 endfacet
 facet normal  4.799716e-02  9.988475e-01  0.000000e+00
   outer loop
     vertex  4.114817e-01  1.199294e+01  1.500000e+00
     vertex  7.403418e-01  1.197714e+01  1.500000e+00
     vertex  7.403418e-01  1.197714e+01  0.000000e+00
   endloop
 endfacet
 facet normal  4.799716e-02  9.988475e-01  0.000000e+00
   outer loop
     vertex  4.114817e-01  1.199294e+01  1.500000e+00
     vertex  7.403418e-01  1.197714e+01  0.000000e+00
     vertex  4.114817e-01  1.199294e+01  0.000000e+00
   endloop
 endfacet
 facet normal  2.057667e-02  9.997883e-01  0.000000e+00
   outer loop
     vertex  8.231183e-02  1.199972e+01  1.500000e+00
     vertex  4.114817e-01  1.199294e+01  0.000000e+00
     vertex  8.231183e-02  1.199972e+01  0.000000e+00
   endloop
 endfacet
 facet normal  2.057667e-02  9.997883e-01  0.000000e+00
   outer loop
     vertex  8.231183e-02  1.199972e+01  1.500000e+00
     vertex  4.114817e-01  1.199294e+01  1.500000e+00
     vertex  4.114817e-01  1.199294e+01  0.000000e+00
   endloop
 endfacet
 facet normal -6.859319e-03  9.999765e-01  0.000000e+00
   outer loop
     vertex  8.231183e-02  1.199972e+01  1.500000e+00
     vertex  8.231183e-02  1.199972e+01  0.000000e+00
     vertex -2.469200e-01  1.199746e+01  0.000000e+00
   endloop
 endfacet
 facet normal -6.859319e-03  9.999765e-01  0.000000e+00
   outer loop
     vertex -2.469200e-01  1.199746e+01  1.500000e+00
     vertex  8.231183e-02  1.199972e+01  1.500000e+00
     vertex -2.469200e-01  1.199746e+01  0.000000e+00
   endloop
 endfacet
 facet normal -3.429014e-02  9.994119e-01  0.000000e+00
   outer loop
     vertex -5.759659e-01  1.198617e+01  1.500000e+00
     vertex -2.469200e-01  1.199746e+01  0.000000e+00
     vertex -5.759659e-01  1.198617e+01  0.000000e+00
   endloop
 endfacet
 facet normal -3.429014e-02  9.994119e-01  0.000000e+00
   outer loop
     vertex -5.759659e-01  1.198617e+01  1.500000e+00
     vertex -2.469200e-01  1.199746e+01  1.500000e+00
     vertex -2.469200e-01  1.199746e+01  0.000000e+00
   endloop
 endfacet
 facet normal -6.169515e-02  9.980950e-01  0.000000e+00
   outer loop
     vertex -9.045783e-01  1.196586e+01  1.500000e+00
     vertex -5.759659e-01  1.198617e+01  0.000000e+00
     vertex -9.045783e-01  1.196586e+01  0.000000e+00
   endloop
 endfacet
 facet normal -8.905371e-02  9.960268e-01  0.000000e+00
   outer loop
     vertex -9.045783e-01  1.196586e+01  1.500000e+00
     vertex -9.045783e-01  1.196586e+01  0.000000e+00
     vertex -1.232510e+00  1.193654e+01  0.000000e+00
   endloop
 endfacet
 facet normal -6.169515e-02  9.980950e-01  0.000000e+00
   outer loop
     vertex -9.045783e-01  1.196586e+01  1.500000e+00
     vertex -5.759659e-01  1.198617e+01  1.500000e+00
     vertex -5.759659e-01  1.198617e+01  0.000000e+00
   endloop
 endfacet
 facet normal -8.905371e-02  9.960268e-01  0.000000e+00
   outer loop
     vertex -1.232510e+00  1.193654e+01  1.500000e+00
     vertex -9.045783e-01  1.196586e+01  1.500000e+00
     vertex -1.232510e+00  1.193654e+01  0.000000e+00
   endloop
 endfacet
 facet normal -1.163452e-01  9.932088e-01  0.000000e+00
   outer loop
     vertex -1.559513e+00  1.189823e+01  1.500000e+00
     vertex -1.232510e+00  1.193654e+01  1.500000e+00
     vertex -1.232510e+00  1.193654e+01  0.000000e+00
   endloop
 endfacet
 facet normal -1.163452e-01  9.932088e-01  0.000000e+00
   outer loop
     vertex -1.559513e+00  1.189823e+01  1.500000e+00
     vertex -1.232510e+00  1.193654e+01  0.000000e+00
     vertex -1.559513e+00  1.189823e+01  0.000000e+00
   endloop
 endfacet
 facet normal -1.435492e-01  9.896432e-01  0.000000e+00
   outer loop
     vertex -1.885343e+00  1.185097e+01  1.500000e+00
     vertex -1.559513e+00  1.189823e+01  1.500000e+00
     vertex -1.559513e+00  1.189823e+01  0.000000e+00
   endloop
 endfacet
 facet normal -1.435492e-01  9.896432e-01  0.000000e+00
   outer loop
     vertex -1.885343e+00  1.185097e+01  1.500000e+00
     vertex -1.559513e+00  1.189823e+01  0.000000e+00
     vertex -1.885343e+00  1.185097e+01  0.000000e+00
   endloop
 endfacet
 facet normal -1.706451e-01  9.853326e-01  0.000000e+00
   outer loop
     vertex -1.885343e+00  1.185097e+01  1.500000e+00
     vertex -1.885343e+00  1.185097e+01  0.000000e+00
     vertex -2.209754e+00  1.179479e+01  0.000000e+00
   endloop
 endfacet
 facet normal -1.706451e-01  9.853326e-01  0.000000e+00
   outer loop
     vertex -2.209754e+00  1.179479e+01  1.500000e+00
     vertex -1.885343e+00  1.185097e+01  1.500000e+00
     vertex -2.209754e+00  1.179479e+01  0.000000e+00
   endloop
 endfacet
 facet normal -1.976125e-01  9.802802e-01  0.000000e+00
   outer loop
     vertex -2.532501e+00  1.172972e+01  1.500000e+00
     vertex -2.209754e+00  1.179479e+01  1.500000e+00
     vertex -2.209754e+00  1.179479e+01  0.000000e+00
   endloop
 endfacet
 facet normal -1.976125e-01  9.802802e-01  0.000000e+00
   outer loop
     vertex -2.532501e+00  1.172972e+01  1.500000e+00
     vertex -2.209754e+00  1.179479e+01  0.000000e+00
     vertex -2.532501e+00  1.172972e+01  0.000000e+00
   endloop
 endfacet
 facet normal -2.244312e-01  9.744899e-01  0.000000e+00
   outer loop
     vertex -2.853341e+00  1.165583e+01  1.500000e+00
     vertex -2.532501e+00  1.172972e+01  1.500000e+00
     vertex -2.532501e+00  1.172972e+01  0.000000e+00
   endloop
 endfacet
 facet normal -2.244312e-01  9.744899e-01  0.000000e+00
   outer loop
     vertex -2.853341e+00  1.165583e+01  1.500000e+00
     vertex -2.532501e+00  1.172972e+01  0.000000e+00
     vertex -2.853341e+00  1.165583e+01  0.000000e+00
   endloop
 endfacet
 facet normal -2.510809e-01  9.679661e-01  0.000000e+00
   outer loop
     vertex -2.853341e+00  1.165583e+01  1.500000e+00
     vertex -2.853341e+00  1.165583e+01  0.000000e+00
     vertex -3.172034e+00  1.157317e+01  0.000000e+00
   endloop
 endfacet
 facet normal -2.510809e-01  9.679661e-01  0.000000e+00
   outer loop
     vertex -3.172034e+00  1.157317e+01  1.500000e+00
     vertex -2.853341e+00  1.165583e+01  1.500000e+00
     vertex -3.172034e+00  1.157317e+01  0.000000e+00
   endloop
 endfacet
 facet normal -2.775416e-01  9.607136e-01  0.000000e+00
   outer loop
     vertex -3.488339e+00  1.148179e+01  1.500000e+00
     vertex -3.172034e+00  1.157317e+01  1.500000e+00
     vertex -3.172034e+00  1.157317e+01  0.000000e+00
   endloop
 endfacet
 facet normal -2.775416e-01  9.607136e-01  0.000000e+00
   outer loop
     vertex -3.488339e+00  1.148179e+01  1.500000e+00
     vertex -3.172034e+00  1.157317e+01  0.000000e+00
     vertex -3.488339e+00  1.148179e+01  0.000000e+00
   endloop
 endfacet
 facet normal -3.037934e-01  9.527379e-01  0.000000e+00
   outer loop
     vertex -3.802018e+00  1.138177e+01  1.500000e+00
     vertex -3.488339e+00  1.148179e+01  1.500000e+00
     vertex -3.488339e+00  1.148179e+01  0.000000e+00
   endloop
 endfacet
 facet normal -3.037934e-01  9.527379e-01  0.000000e+00
   outer loop
     vertex -3.802018e+00  1.138177e+01  1.500000e+00
     vertex -3.488339e+00  1.148179e+01  0.000000e+00
     vertex -3.802018e+00  1.138177e+01  0.000000e+00
   endloop
 endfacet
 facet normal -3.298166e-01  9.440450e-01  0.000000e+00
   outer loop
     vertex -4.112835e+00  1.127318e+01  1.500000e+00
     vertex -3.802018e+00  1.138177e+01  1.500000e+00
     vertex -3.802018e+00  1.138177e+01  0.000000e+00
   endloop
 endfacet
 facet normal -3.298166e-01  9.440450e-01  0.000000e+00
   outer loop
     vertex -4.112835e+00  1.127318e+01  1.500000e+00
     vertex -3.802018e+00  1.138177e+01  0.000000e+00
     vertex -4.112835e+00  1.127318e+01  0.000000e+00
   endloop
 endfacet
 facet normal -3.555914e-01  9.346415e-01  0.000000e+00
   outer loop
     vertex -4.112835e+00  1.127318e+01  1.500000e+00
     vertex -4.112835e+00  1.127318e+01  0.000000e+00
     vertex -4.420556e+00  1.115611e+01  0.000000e+00
   endloop
 endfacet
 facet normal -3.555914e-01  9.346415e-01  0.000000e+00
   outer loop
     vertex -4.420556e+00  1.115611e+01  1.500000e+00
     vertex -4.112835e+00  1.127318e+01  1.500000e+00
     vertex -4.420556e+00  1.115611e+01  0.000000e+00
   endloop
 endfacet
 facet normal -4.063188e-01  9.137314e-01  0.000000e+00
   outer loop
     vertex -4.724949e+00  1.103063e+01  1.500000e+00
     vertex -4.724949e+00  1.103063e+01  0.000000e+00
     vertex -5.025786e+00  1.089686e+01  0.000000e+00
   endloop
 endfacet
 facet normal -3.810986e-01  9.245344e-01  0.000000e+00
   outer loop
     vertex -4.724949e+00  1.103063e+01  1.500000e+00
     vertex -4.420556e+00  1.115611e+01  1.500000e+00
     vertex -4.420556e+00  1.115611e+01  0.000000e+00
   endloop
 endfacet
 facet normal -3.810986e-01  9.245344e-01  0.000000e+00
   outer loop
     vertex -4.724949e+00  1.103063e+01  1.500000e+00
     vertex -4.420556e+00  1.115611e+01  0.000000e+00
     vertex -4.724949e+00  1.103063e+01  0.000000e+00
   endloop
 endfacet
 facet normal -4.063188e-01  9.137314e-01  0.000000e+00
   outer loop
     vertex -5.025786e+00  1.089686e+01  1.500000e+00
     vertex -4.724949e+00  1.103063e+01  1.500000e+00
     vertex -5.025786e+00  1.089686e+01  0.000000e+00
   endloop
 endfacet
 facet normal -4.312333e-01  9.022405e-01  0.000000e+00
   outer loop
     vertex -5.322839e+00  1.075488e+01  1.500000e+00
     vertex -5.025786e+00  1.089686e+01  0.000000e+00
     vertex -5.322839e+00  1.075488e+01  0.000000e+00
   endloop
 endfacet
 facet normal -4.312333e-01  9.022405e-01  0.000000e+00
   outer loop
     vertex -5.322839e+00  1.075488e+01  1.500000e+00
     vertex -5.025786e+00  1.089686e+01  1.500000e+00
     vertex -5.025786e+00  1.089686e+01  0.000000e+00
   endloop
 endfacet
 facet normal -4.558231e-01  8.900704e-01  0.000000e+00
   outer loop
     vertex -5.615885e+00  1.060480e+01  1.500000e+00
     vertex -5.322839e+00  1.075488e+01  0.000000e+00
     vertex -5.615885e+00  1.060480e+01  0.000000e+00
   endloop
 endfacet
 facet normal -4.800697e-01  8.772303e-01  0.000000e+00
   outer loop
     vertex -5.615885e+00  1.060480e+01  1.500000e+00
     vertex -5.615885e+00  1.060480e+01  0.000000e+00
     vertex -5.904704e+00  1.044674e+01  0.000000e+00
   endloop
 endfacet
 facet normal -4.558231e-01  8.900704e-01  0.000000e+00
   outer loop
     vertex -5.615885e+00  1.060480e+01  1.500000e+00
     vertex -5.322839e+00  1.075488e+01  1.500000e+00
     vertex -5.322839e+00  1.075488e+01  0.000000e+00
   endloop
 endfacet
 facet normal -4.800697e-01  8.772303e-01  0.000000e+00
   outer loop
     vertex -5.904704e+00  1.044674e+01  1.500000e+00
     vertex -5.615885e+00  1.060480e+01  1.500000e+00
     vertex -5.904704e+00  1.044674e+01  0.000000e+00
   endloop
 endfacet
 facet normal -5.039550e-01  8.637299e-01  0.000000e+00
   outer loop
     vertex -6.189078e+00  1.028082e+01  1.500000e+00
     vertex -5.904704e+00  1.044674e+01  0.000000e+00
     vertex -6.189078e+00  1.028082e+01  0.000000e+00
   endloop
 endfacet
 facet normal -5.039550e-01  8.637299e-01  0.000000e+00
   outer loop
     vertex -6.189078e+00  1.028082e+01  1.500000e+00
     vertex -5.904704e+00  1.044674e+01  1.500000e+00
     vertex -5.904704e+00  1.044674e+01  0.000000e+00
   endloop
 endfacet
 facet normal -5.274609e-01  8.495793e-01  0.000000e+00
   outer loop
     vertex -6.468793e+00  1.010716e+01  1.500000e+00
     vertex -6.189078e+00  1.028082e+01  0.000000e+00
     vertex -6.468793e+00  1.010716e+01  0.000000e+00
   endloop
 endfacet
 facet normal -5.505698e-01  8.347891e-01  0.000000e+00
   outer loop
     vertex -6.468793e+00  1.010716e+01  1.500000e+00
     vertex -6.468793e+00  1.010716e+01  0.000000e+00
     vertex -6.743639e+00  9.925892e+00  0.000000e+00
   endloop
 endfacet
 facet normal -5.274609e-01  8.495793e-01  0.000000e+00
   outer loop
     vertex -6.468793e+00  1.010716e+01  1.500000e+00
     vertex -6.189078e+00  1.028082e+01  1.500000e+00
     vertex -6.189078e+00  1.028082e+01  0.000000e+00
   endloop
 endfacet
 facet normal -5.505698e-01  8.347891e-01  0.000000e+00
   outer loop
     vertex -6.743639e+00  9.925892e+00  1.500000e+00
     vertex -6.468793e+00  1.010716e+01  1.500000e+00
     vertex -6.743639e+00  9.925892e+00  0.000000e+00
   endloop
 endfacet
 facet normal -5.732642e-01  8.193706e-01  0.000000e+00
   outer loop
     vertex -7.013408e+00  9.737151e+00  1.500000e+00
     vertex -6.743639e+00  9.925892e+00  0.000000e+00
     vertex -7.013408e+00  9.737151e+00  0.000000e+00
   endloop
 endfacet
 facet normal -5.732642e-01  8.193706e-01  0.000000e+00
   outer loop
     vertex -7.013408e+00  9.737151e+00  1.500000e+00
     vertex -6.743639e+00  9.925892e+00  1.500000e+00
     vertex -6.743639e+00  9.925892e+00  0.000000e+00
   endloop
 endfacet
 facet normal -5.955271e-01  8.033352e-01  0.000000e+00
   outer loop
     vertex -7.277898e+00  9.541080e+00  1.500000e+00
     vertex -7.013408e+00  9.737151e+00  0.000000e+00
     vertex -7.277898e+00  9.541080e+00  0.000000e+00
   endloop
 endfacet
 facet normal -6.173417e-01  7.866951e-01  0.000000e+00
   outer loop
     vertex -7.277898e+00  9.541080e+00  1.500000e+00
     vertex -7.277898e+00  9.541080e+00  0.000000e+00
     vertex -7.536909e+00  9.337826e+00  0.000000e+00
   endloop
 endfacet
 facet normal -5.955271e-01  8.033352e-01  0.000000e+00
   outer loop
     vertex -7.277898e+00  9.541080e+00  1.500000e+00
     vertex -7.013408e+00  9.737151e+00  1.500000e+00
     vertex -7.013408e+00  9.737151e+00  0.000000e+00
   endloop
 endfacet
 facet normal -6.173417e-01  7.866951e-01  0.000000e+00
   outer loop
     vertex -7.536909e+00  9.337826e+00  1.500000e+00
     vertex -7.277898e+00  9.541080e+00  1.500000e+00
     vertex -7.536909e+00  9.337826e+00  0.000000e+00
   endloop
 endfacet
 facet normal -6.386916e-01  7.694628e-01  0.000000e+00
   outer loop
     vertex -7.790247e+00  9.127544e+00  1.500000e+00
     vertex -7.536909e+00  9.337826e+00  0.000000e+00
     vertex -7.790247e+00  9.127544e+00  0.000000e+00
   endloop
 endfacet
 facet normal -6.386916e-01  7.694628e-01  0.000000e+00
   outer loop
     vertex -7.790247e+00  9.127544e+00  1.500000e+00
     vertex -7.536909e+00  9.337826e+00  1.500000e+00
     vertex -7.536909e+00  9.337826e+00  0.000000e+00
   endloop
 endfacet
 facet normal -6.595607e-01  7.516513e-01  0.000000e+00
   outer loop
     vertex -8.037720e+00  8.910390e+00  1.500000e+00
     vertex -7.790247e+00  9.127544e+00  0.000000e+00
     vertex -8.037720e+00  8.910390e+00  0.000000e+00
   endloop
 endfacet
 facet normal -6.595607e-01  7.516513e-01  0.000000e+00
   outer loop
     vertex -8.037720e+00  8.910390e+00  1.500000e+00
     vertex -7.790247e+00  9.127544e+00  1.500000e+00
     vertex -7.790247e+00  9.127544e+00  0.000000e+00
   endloop
 endfacet
 facet normal -6.799333e-01  7.332740e-01  0.000000e+00
   outer loop
     vertex -8.279143e+00  8.686530e+00  1.500000e+00
     vertex -8.037720e+00  8.910390e+00  0.000000e+00
     vertex -8.279143e+00  8.686530e+00  0.000000e+00
   endloop
 endfacet
 facet normal -6.997940e-01  7.143447e-01  0.000000e+00
   outer loop
     vertex -8.279143e+00  8.686530e+00  1.500000e+00
     vertex -8.279143e+00  8.686530e+00  0.000000e+00
     vertex -8.514333e+00  8.456130e+00  0.000000e+00
   endloop
 endfacet
 facet normal -6.799333e-01  7.332740e-01  0.000000e+00
   outer loop
     vertex -8.279143e+00  8.686530e+00  1.500000e+00
     vertex -8.037720e+00  8.910390e+00  1.500000e+00
     vertex -8.037720e+00  8.910390e+00  0.000000e+00
   endloop
 endfacet
 facet normal -6.997940e-01  7.143447e-01  0.000000e+00
   outer loop
     vertex -8.514333e+00  8.456130e+00  1.500000e+00
     vertex -8.279143e+00  8.686530e+00  1.500000e+00
     vertex -8.514333e+00  8.456130e+00  0.000000e+00
   endloop
 endfacet
 facet normal -7.191280e-01  6.948776e-01  0.000000e+00
   outer loop
     vertex -8.514333e+00  8.456130e+00  1.500000e+00
     vertex -8.514333e+00  8.456130e+00  0.000000e+00
     vertex -8.743114e+00  8.219364e+00  0.000000e+00
   endloop
 endfacet
 facet normal -7.191280e-01  6.948776e-01  0.000000e+00
   outer loop
     vertex -8.743114e+00  8.219364e+00  1.500000e+00
     vertex -8.514333e+00  8.456130e+00  1.500000e+00
     vertex -8.743114e+00  8.219364e+00  0.000000e+00
   endloop
 endfacet
 facet normal -7.379206e-01  6.748875e-01  0.000000e+00
   outer loop
     vertex -8.743114e+00  8.219364e+00  1.500000e+00
     vertex -8.743114e+00  8.219364e+00  0.000000e+00
     vertex -8.965314e+00  7.976412e+00  0.000000e+00
   endloop
 endfacet
 facet normal -7.379206e-01  6.748875e-01  0.000000e+00
   outer loop
     vertex -8.965314e+00  7.976412e+00  1.500000e+00
     vertex -8.743114e+00  8.219364e+00  1.500000e+00
     vertex -8.965314e+00  7.976412e+00  0.000000e+00
   endloop
 endfacet
 facet normal -7.561578e-01  6.543893e-01  0.000000e+00
   outer loop
     vertex -9.180765e+00  7.727455e+00  1.500000e+00
     vertex -8.965314e+00  7.976412e+00  1.500000e+00
     vertex -8.965314e+00  7.976412e+00  0.000000e+00
   endloop
 endfacet
 facet normal -7.561578e-01  6.543893e-01  0.000000e+00
   outer loop
     vertex -9.180765e+00  7.727455e+00  1.500000e+00
     vertex -8.965314e+00  7.976412e+00  0.000000e+00
     vertex -9.180765e+00  7.727455e+00  0.000000e+00
   endloop
 endfacet
 facet normal -7.738257e-01  6.333986e-01  0.000000e+00
   outer loop
     vertex -9.180765e+00  7.727455e+00  1.500000e+00
     vertex -9.180765e+00  7.727455e+00  0.000000e+00
     vertex -9.389305e+00  7.472681e+00  0.000000e+00
   endloop
 endfacet
 facet normal -7.738257e-01  6.333986e-01  0.000000e+00
   outer loop
     vertex -9.389305e+00  7.472681e+00  1.500000e+00
     vertex -9.180765e+00  7.727455e+00  1.500000e+00
     vertex -9.389305e+00  7.472681e+00  0.000000e+00
   endloop
 endfacet
 facet normal -7.909112e-01  6.119310e-01  0.000000e+00
   outer loop
     vertex -9.590777e+00  7.212281e+00  1.500000e+00
     vertex -9.389305e+00  7.472681e+00  0.000000e+00
     vertex -9.590777e+00  7.212281e+00  0.000000e+00
   endloop
 endfacet
 facet normal -7.909112e-01  6.119310e-01  0.000000e+00
   outer loop
     vertex -9.590777e+00  7.212281e+00  1.500000e+00
     vertex -9.389305e+00  7.472681e+00  1.500000e+00
     vertex -9.389305e+00  7.472681e+00  0.000000e+00
   endloop
 endfacet
 facet normal -8.074012e-01  5.900028e-01  0.000000e+00
   outer loop
     vertex -9.785029e+00  6.946453e+00  1.500000e+00
     vertex -9.590777e+00  7.212281e+00  1.500000e+00
     vertex -9.590777e+00  7.212281e+00  0.000000e+00
   endloop
 endfacet
 facet normal -8.074012e-01  5.900028e-01  0.000000e+00
   outer loop
     vertex -9.785029e+00  6.946453e+00  1.500000e+00
     vertex -9.590777e+00  7.212281e+00  0.000000e+00
     vertex -9.785029e+00  6.946453e+00  0.000000e+00
   endloop
 endfacet
 facet normal -8.232835e-01  5.676304e-01  0.000000e+00
   outer loop
     vertex -9.785029e+00  6.946453e+00  1.500000e+00
     vertex -9.785029e+00  6.946453e+00  0.000000e+00
     vertex -9.971915e+00  6.675395e+00  0.000000e+00
   endloop
 endfacet
 facet normal -8.385460e-01  5.448308e-01  0.000000e+00
   outer loop
     vertex -9.971915e+00  6.675395e+00  1.500000e+00
     vertex -9.971915e+00  6.675395e+00  0.000000e+00
     vertex -1.015130e+01  6.399313e+00  0.000000e+00
   endloop
 endfacet
 facet normal -8.232835e-01  5.676304e-01  0.000000e+00
   outer loop
     vertex -9.971915e+00  6.675395e+00  1.500000e+00
     vertex -9.785029e+00  6.946453e+00  1.500000e+00
     vertex -9.971915e+00  6.675395e+00  0.000000e+00
   endloop
 endfacet
 facet normal -8.385460e-01  5.448308e-01  0.000000e+00
   outer loop
     vertex -1.015130e+01  6.399313e+00  1.500000e+00
     vertex -9.971915e+00  6.675395e+00  1.500000e+00
     vertex -1.015130e+01  6.399313e+00  0.000000e+00
   endloop
 endfacet
 facet normal -8.531773e-01  5.216210e-01  0.000000e+00
   outer loop
     vertex -1.032303e+01  6.118413e+00  1.500000e+00
     vertex -1.015130e+01  6.399313e+00  0.000000e+00
     vertex -1.032303e+01  6.118413e+00  0.000000e+00
   endloop
 endfacet
 facet normal -8.671664e-01  4.980186e-01  0.000000e+00
   outer loop
     vertex -1.032303e+01  6.118413e+00  1.500000e+00
     vertex -1.032303e+01  6.118413e+00  0.000000e+00
     vertex -1.048700e+01  5.832908e+00  0.000000e+00
   endloop
 endfacet
 facet normal -8.531773e-01  5.216210e-01  0.000000e+00
   outer loop
     vertex -1.032303e+01  6.118413e+00  1.500000e+00
     vertex -1.015130e+01  6.399313e+00  1.500000e+00
     vertex -1.015130e+01  6.399313e+00  0.000000e+00
   endloop
 endfacet
 facet normal -8.671664e-01  4.980186e-01  0.000000e+00
   outer loop
     vertex -1.048700e+01  5.832908e+00  1.500000e+00
     vertex -1.032303e+01  6.118413e+00  1.500000e+00
     vertex -1.048700e+01  5.832908e+00  0.000000e+00
   endloop
 endfacet
 facet normal -8.805026e-01  4.740412e-01  0.000000e+00
   outer loop
     vertex -1.064307e+01  5.543011e+00  1.500000e+00
     vertex -1.048700e+01  5.832908e+00  0.000000e+00
     vertex -1.064307e+01  5.543011e+00  0.000000e+00
   endloop
 endfacet
 facet normal -8.805026e-01  4.740412e-01  0.000000e+00
   outer loop
     vertex -1.064307e+01  5.543011e+00  1.500000e+00
     vertex -1.048700e+01  5.832908e+00  1.500000e+00
     vertex -1.048700e+01  5.832908e+00  0.000000e+00
   endloop
 endfacet
 facet normal -8.931761e-01  4.497071e-01  0.000000e+00
   outer loop
     vertex -1.079114e+01  5.248942e+00  1.500000e+00
     vertex -1.064307e+01  5.543011e+00  0.000000e+00
     vertex -1.079114e+01  5.248942e+00  0.000000e+00
   endloop
 endfacet
 facet normal -9.051772e-01  4.250344e-01  0.000000e+00
   outer loop
     vertex -1.079114e+01  5.248942e+00  1.500000e+00
     vertex -1.079114e+01  5.248942e+00  0.000000e+00
     vertex -1.093107e+01  4.950922e+00  0.000000e+00
   endloop
 endfacet
 facet normal -8.931761e-01  4.497071e-01  0.000000e+00
   outer loop
     vertex -1.079114e+01  5.248942e+00  1.500000e+00
     vertex -1.064307e+01  5.543011e+00  1.500000e+00
     vertex -1.064307e+01  5.543011e+00  0.000000e+00
   endloop
 endfacet
 facet normal -9.051772e-01  4.250344e-01  0.000000e+00
   outer loop
     vertex -1.093107e+01  4.950922e+00  1.500000e+00
     vertex -1.079114e+01  5.248942e+00  1.500000e+00
     vertex -1.093107e+01  4.950922e+00  0.000000e+00
   endloop
 endfacet
 facet normal -9.164969e-01  4.000417e-01  0.000000e+00
   outer loop
     vertex -1.106278e+01  4.649175e+00  1.500000e+00
     vertex -1.093107e+01  4.950922e+00  0.000000e+00
     vertex -1.106278e+01  4.649175e+00  0.000000e+00
   endloop
 endfacet
 facet normal -9.164969e-01  4.000417e-01  0.000000e+00
   outer loop
     vertex -1.106278e+01  4.649175e+00  1.500000e+00
     vertex -1.093107e+01  4.950922e+00  1.500000e+00
     vertex -1.093107e+01  4.950922e+00  0.000000e+00
   endloop
 endfacet
 facet normal -9.271267e-01  3.747479e-01  0.000000e+00
   outer loop
     vertex -1.118616e+01  4.343928e+00  1.500000e+00
     vertex -1.106278e+01  4.649175e+00  0.000000e+00
     vertex -1.118616e+01  4.343928e+00  0.000000e+00
   endloop
 endfacet
 facet normal -9.370586e-01  3.491720e-01  0.000000e+00
   outer loop
     vertex -1.118616e+01  4.343928e+00  1.500000e+00
     vertex -1.118616e+01  4.343928e+00  0.000000e+00
     vertex -1.130113e+01  4.035412e+00  0.000000e+00
   endloop
 endfacet
 facet normal -9.271267e-01  3.747479e-01  0.000000e+00
   outer loop
     vertex -1.118616e+01  4.343928e+00  1.500000e+00
     vertex -1.106278e+01  4.649175e+00  1.500000e+00
     vertex -1.106278e+01  4.649175e+00  0.000000e+00
   endloop
 endfacet
 facet normal -9.370586e-01  3.491720e-01  0.000000e+00
   outer loop
     vertex -1.130113e+01  4.035412e+00  1.500000e+00
     vertex -1.118616e+01  4.343928e+00  1.500000e+00
     vertex -1.130113e+01  4.035412e+00  0.000000e+00
   endloop
 endfacet
 facet normal -9.462851e-01  3.233333e-01  0.000000e+00
   outer loop
     vertex -1.140758e+01  3.723857e+00  1.500000e+00
     vertex -1.130113e+01  4.035412e+00  0.000000e+00
     vertex -1.140758e+01  3.723857e+00  0.000000e+00
   endloop
 endfacet
 facet normal -9.462851e-01  3.233333e-01  0.000000e+00
   outer loop
     vertex -1.140758e+01  3.723857e+00  1.500000e+00
     vertex -1.130113e+01  4.035412e+00  1.500000e+00
     vertex -1.130113e+01  4.035412e+00  0.000000e+00
   endloop
 endfacet
 facet normal -9.547993e-01  2.972512e-01  0.000000e+00
   outer loop
     vertex -1.150545e+01  3.409499e+00  1.500000e+00
     vertex -1.140758e+01  3.723857e+00  0.000000e+00
     vertex -1.150545e+01  3.409499e+00  0.000000e+00
   endloop
 endfacet
 facet normal -9.625948e-01  2.709453e-01  0.000000e+00
   outer loop
     vertex -1.150545e+01  3.409499e+00  1.500000e+00
     vertex -1.150545e+01  3.409499e+00  0.000000e+00
     vertex -1.159465e+01  3.092575e+00  0.000000e+00
   endloop
 endfacet
 facet normal -9.547993e-01  2.972512e-01  0.000000e+00
   outer loop
     vertex -1.150545e+01  3.409499e+00  1.500000e+00
     vertex -1.140758e+01  3.723857e+00  1.500000e+00
     vertex -1.140758e+01  3.723857e+00  0.000000e+00
   endloop
 endfacet
 facet normal -9.625948e-01  2.709453e-01  0.000000e+00
   outer loop
     vertex -1.159465e+01  3.092575e+00  1.500000e+00
     vertex -1.150545e+01  3.409499e+00  1.500000e+00
     vertex -1.159465e+01  3.092575e+00  0.000000e+00
   endloop
 endfacet
 facet normal -9.696656e-01  2.444354e-01  0.000000e+00
   outer loop
     vertex -1.167513e+01  2.773323e+00  1.500000e+00
     vertex -1.159465e+01  3.092575e+00  0.000000e+00
     vertex -1.167513e+01  2.773323e+00  0.000000e+00
   endloop
 endfacet
 facet normal -9.696656e-01  2.444354e-01  0.000000e+00
   outer loop
     vertex -1.167513e+01  2.773323e+00  1.500000e+00
     vertex -1.159465e+01  3.092575e+00  1.500000e+00
     vertex -1.159465e+01  3.092575e+00  0.000000e+00
   endloop
 endfacet
 facet normal -9.760065e-01  2.177416e-01  0.000000e+00
   outer loop
     vertex -1.174682e+01  2.451983e+00  1.500000e+00
     vertex -1.167513e+01  2.773323e+00  0.000000e+00
     vertex -1.174682e+01  2.451983e+00  0.000000e+00
   endloop
 endfacet
 facet normal -9.816126e-01  1.908838e-01  0.000000e+00
   outer loop
     vertex -1.174682e+01  2.451983e+00  1.500000e+00
     vertex -1.174682e+01  2.451983e+00  0.000000e+00
     vertex -1.180967e+01  2.128797e+00  0.000000e+00
   endloop
 endfacet
 facet normal -9.760065e-01  2.177416e-01  0.000000e+00
   outer loop
     vertex -1.174682e+01  2.451983e+00  1.500000e+00
     vertex -1.167513e+01  2.773323e+00  1.500000e+00
     vertex -1.167513e+01  2.773323e+00  0.000000e+00
   endloop
 endfacet
 facet normal -9.816126e-01  1.908838e-01  0.000000e+00
   outer loop
     vertex -1.180967e+01  2.128797e+00  1.500000e+00
     vertex -1.174682e+01  2.451983e+00  1.500000e+00
     vertex -1.180967e+01  2.128797e+00  0.000000e+00
   endloop
 endfacet
 facet normal -9.864799e-01  1.638824e-01  0.000000e+00
   outer loop
     vertex -1.186362e+01  1.804009e+00  1.500000e+00
     vertex -1.180967e+01  2.128797e+00  0.000000e+00
     vertex -1.186362e+01  1.804009e+00  0.000000e+00
   endloop
 endfacet
 facet normal -9.864799e-01  1.638824e-01  0.000000e+00
   outer loop
     vertex -1.186362e+01  1.804009e+00  1.500000e+00
     vertex -1.180967e+01  2.128797e+00  1.500000e+00
     vertex -1.180967e+01  2.128797e+00  0.000000e+00
   endloop
 endfacet
 facet normal -9.906046e-01  1.367575e-01  0.000000e+00
   outer loop
     vertex -1.190865e+01  1.477863e+00  1.500000e+00
     vertex -1.186362e+01  1.804009e+00  0.000000e+00
     vertex -1.190865e+01  1.477863e+00  0.000000e+00
   endloop
 endfacet
 facet normal -9.939835e-01  1.095298e-01  0.000000e+00
   outer loop
     vertex -1.190865e+01  1.477863e+00  1.500000e+00
     vertex -1.190865e+01  1.477863e+00  0.000000e+00
     vertex -1.194471e+01  1.150604e+00  0.000000e+00
   endloop
 endfacet
 facet normal -9.906046e-01  1.367575e-01  0.000000e+00
   outer loop
     vertex -1.190865e+01  1.477863e+00  1.500000e+00
     vertex -1.186362e+01  1.804009e+00  1.500000e+00
     vertex -1.186362e+01  1.804009e+00  0.000000e+00
   endloop
 endfacet
 facet normal -9.939835e-01  1.095298e-01  0.000000e+00
   outer loop
     vertex -1.194471e+01  1.150604e+00  1.500000e+00
     vertex -1.190865e+01  1.477863e+00  1.500000e+00
     vertex -1.194471e+01  1.150604e+00  0.000000e+00
   endloop
 endfacet
 facet normal -9.966142e-01  8.221955e-02  0.000000e+00
   outer loop
     vertex -1.197178e+01  8.224794e-01  1.500000e+00
     vertex -1.194471e+01  1.150604e+00  1.500000e+00
     vertex -1.194471e+01  1.150604e+00  0.000000e+00
   endloop
 endfacet
 facet normal -9.966142e-01  8.221955e-02  0.000000e+00
   outer loop
     vertex -1.197178e+01  8.224794e-01  1.500000e+00
     vertex -1.194471e+01  1.150604e+00  0.000000e+00
     vertex -1.197178e+01  8.224794e-01  0.000000e+00
   endloop
 endfacet
 facet normal -9.984947e-01  5.484744e-02  0.000000e+00
   outer loop
     vertex -1.197178e+01  8.224794e-01  1.500000e+00
     vertex -1.197178e+01  8.224794e-01  0.000000e+00
     vertex -1.198984e+01  4.937354e-01  0.000000e+00
   endloop
 endfacet
 facet normal -9.984947e-01  5.484744e-02  0.000000e+00
   outer loop
     vertex -1.198984e+01  4.937354e-01  1.500000e+00
     vertex -1.197178e+01  8.224794e-01  1.500000e+00
     vertex -1.198984e+01  4.937354e-01  0.000000e+00
   endloop
 endfacet
 facet normal -9.996236e-01  2.743405e-02  0.000000e+00
   outer loop
     vertex -1.198984e+01  4.937354e-01  1.500000e+00
     vertex -1.198984e+01  4.937354e-01  0.000000e+00
     vertex -1.199887e+01  1.646198e-01  0.000000e+00
   endloop
 endfacet
 facet normal -9.996236e-01  2.743405e-02  0.000000e+00
   outer loop
     vertex -1.199887e+01  1.646198e-01  1.500000e+00
     vertex -1.198984e+01  4.937354e-01  1.500000e+00
     vertex -1.199887e+01  1.646198e-01  0.000000e+00
   endloop
 endfacet
 facet normal -1.000000e+00  0.000000e+00 -0.000000e+00
   outer loop
     vertex -1.199887e+01  1.646198e-01  1.500000e+00
     vertex -1.199887e+01  1.646198e-01  0.000000e+00
     vertex -1.199887e+01 -1.646198e-01  0.000000e+00
   endloop
 endfacet
 facet normal -1.000000e+00  0.000000e+00  0.000000e+00
   outer loop
     vertex -1.199887e+01 -1.646198e-01  1.500000e+00
     vertex -1.199887e+01  1.646198e-01  1.500000e+00
     vertex -1.199887e+01 -1.646198e-01  0.000000e+00
   endloop
 endfacet
 facet normal -9.996236e-01 -2.743405e-02  0.000000e+00
   outer loop
     vertex -1.198984e+01 -4.937354e-01  1.500000e+00
     vertex -1.199887e+01 -1.646198e-01  1.500000e+00
     vertex -1.199887e+01 -1.646198e-01  0.000000e+00
   endloop
 endfacet
 facet normal -9.996236e-01 -2.743405e-02 -0.000000e+00
   outer loop
     vertex -1.198984e+01 -4.937354e-01  1.500000e+00
     vertex -1.199887e+01 -1.646198e-01  0.000000e+00
     vertex -1.198984e+01 -4.937354e-01  0.000000e+00
   endloop
 endfacet
 facet normal -9.984947e-01 -5.484744e-02  0.000000e+00
   outer loop
     vertex -1.197178e+01 -8.224794e-01  1.500000e+00
     vertex -1.198984e+01 -4.937354e-01  1.500000e+00
     vertex -1.198984e+01 -4.937354e-01  0.000000e+00
   endloop
 endfacet
 facet normal -9.984947e-01 -5.484744e-02 -0.000000e+00
   outer loop
     vertex -1.197178e+01 -8.224794e-01  1.500000e+00
     vertex -1.198984e+01 -4.937354e-01  0.000000e+00
     vertex -1.197178e+01 -8.224794e-01  0.000000e+00
   endloop
 endfacet
 facet normal -9.966142e-01 -8.221955e-02  0.000000e+00
   outer loop
     vertex -1.194471e+01 -1.150604e+00  1.500000e+00
     vertex -1.197178e+01 -8.224794e-01  1.500000e+00
     vertex -1.197178e+01 -8.224794e-01  0.000000e+00
   endloop
 endfacet
 facet normal -9.966142e-01 -8.221955e-02 -0.000000e+00
   outer loop
     vertex -1.194471e+01 -1.150604e+00  1.500000e+00
     vertex -1.197178e+01 -8.224794e-01  0.000000e+00
     vertex -1.194471e+01 -1.150604e+00  0.000000e+00
   endloop
 endfacet
 facet normal -9.939835e-01 -1.095298e-01 -0.000000e+00
   outer loop
     vertex -1.194471e+01 -1.150604e+00  1.500000e+00
     vertex -1.194471e+01 -1.150604e+00  0.000000e+00
     vertex -1.190865e+01 -1.477863e+00  0.000000e+00
   endloop
 endfacet
 facet normal -9.939835e-01 -1.095298e-01 -0.000000e+00
   outer loop
     vertex -1.190865e+01 -1.477863e+00  1.500000e+00
     vertex -1.194471e+01 -1.150604e+00  1.500000e+00
     vertex -1.190865e+01 -1.477863e+00  0.000000e+00
   endloop
 endfacet
 facet normal -9.906046e-01 -1.367575e-01 -0.000000e+00
   outer loop
     vertex -1.190865e+01 -1.477863e+00  1.500000e+00
     vertex -1.190865e+01 -1.477863e+00  0.000000e+00
     vertex -1.186362e+01 -1.804009e+00  0.000000e+00
   endloop
 endfacet
 facet normal -9.906046e-01 -1.367575e-01 -0.000000e+00
   outer loop
     vertex -1.186362e+01 -1.804009e+00  1.500000e+00
     vertex -1.190865e+01 -1.477863e+00  1.500000e+00
     vertex -1.186362e+01 -1.804009e+00  0.000000e+00
   endloop
 endfacet
 facet normal -9.864799e-01 -1.638824e-01 -0.000000e+00
   outer loop
     vertex -1.186362e+01 -1.804009e+00  1.500000e+00
     vertex -1.186362e+01 -1.804009e+00  0.000000e+00
     vertex -1.180967e+01 -2.128797e+00  0.000000e+00
   endloop
 endfacet
 facet normal -9.864799e-01 -1.638824e-01 -0.000000e+00
   outer loop
     vertex -1.180967e+01 -2.128797e+00  1.500000e+00
     vertex -1.186362e+01 -1.804009e+00  1.500000e+00
     vertex -1.180967e+01 -2.128797e+00  0.000000e+00
   endloop
 endfacet
 facet normal -9.816126e-01 -1.908838e-01  0.000000e+00
   outer loop
     vertex -1.174682e+01 -2.451983e+00  1.500000e+00
     vertex -1.180967e+01 -2.128797e+00  1.500000e+00
     vertex -1.180967e+01 -2.128797e+00  0.000000e+00
   endloop
 endfacet
 facet normal -9.816126e-01 -1.908838e-01 -0.000000e+00
   outer loop
     vertex -1.174682e+01 -2.451983e+00  1.500000e+00
     vertex -1.180967e+01 -2.128797e+00  0.000000e+00
     vertex -1.174682e+01 -2.451983e+00  0.000000e+00
   endloop
 endfacet
 facet normal -9.760065e-01 -2.177416e-01 -0.000000e+00
   outer loop
     vertex -1.174682e+01 -2.451983e+00  1.500000e+00
     vertex -1.174682e+01 -2.451983e+00  0.000000e+00
     vertex -1.167513e+01 -2.773323e+00  0.000000e+00
   endloop
 endfacet
 facet normal -9.760065e-01 -2.177416e-01 -0.000000e+00
   outer loop
     vertex -1.167513e+01 -2.773323e+00  1.500000e+00
     vertex -1.174682e+01 -2.451983e+00  1.500000e+00
     vertex -1.167513e+01 -2.773323e+00  0.000000e+00
   endloop
 endfacet
 facet normal -9.696656e-01 -2.444354e-01 -0.000000e+00
   outer loop
     vertex -1.159465e+01 -3.092575e+00  1.500000e+00
     vertex -1.167513e+01 -2.773323e+00  0.000000e+00
     vertex -1.159465e+01 -3.092575e+00  0.000000e+00
   endloop
 endfacet
 facet normal -9.625948e-01 -2.709453e-01 -0.000000e+00
   outer loop
     vertex -1.159465e+01 -3.092575e+00  1.500000e+00
     vertex -1.159465e+01 -3.092575e+00  0.000000e+00
     vertex -1.150545e+01 -3.409499e+00  0.000000e+00
   endloop
 endfacet
 facet normal -9.696656e-01 -2.444354e-01  0.000000e+00
   outer loop
     vertex -1.159465e+01 -3.092575e+00  1.500000e+00
     vertex -1.167513e+01 -2.773323e+00  1.500000e+00
     vertex -1.167513e+01 -2.773323e+00  0.000000e+00
   endloop
 endfacet
 facet normal -9.625948e-01 -2.709453e-01 -0.000000e+00
   outer loop
     vertex -1.150545e+01 -3.409499e+00  1.500000e+00
     vertex -1.159465e+01 -3.092575e+00  1.500000e+00
     vertex -1.150545e+01 -3.409499e+00  0.000000e+00
   endloop
 endfacet
 facet normal -9.547993e-01 -2.972512e-01 -0.000000e+00
   outer loop
     vertex -1.140758e+01 -3.723857e+00  1.500000e+00
     vertex -1.150545e+01 -3.409499e+00  0.000000e+00
     vertex -1.140758e+01 -3.723857e+00  0.000000e+00
   endloop
 endfacet
 facet normal -9.547993e-01 -2.972512e-01  0.000000e+00
   outer loop
     vertex -1.140758e+01 -3.723857e+00  1.500000e+00
     vertex -1.150545e+01 -3.409499e+00  1.500000e+00
     vertex -1.150545e+01 -3.409499e+00  0.000000e+00
   endloop
 endfacet
 facet normal -9.462851e-01 -3.233333e-01 -0.000000e+00
   outer loop
     vertex -1.130113e+01 -4.035412e+00  1.500000e+00
     vertex -1.140758e+01 -3.723857e+00  0.000000e+00
     vertex -1.130113e+01 -4.035412e+00  0.000000e+00
   endloop
 endfacet
 facet normal -9.370586e-01 -3.491720e-01 -0.000000e+00
   outer loop
     vertex -1.130113e+01 -4.035412e+00  1.500000e+00
     vertex -1.130113e+01 -4.035412e+00  0.000000e+00
     vertex -1.118616e+01 -4.343928e+00  0.000000e+00
   endloop
 endfacet
 facet normal -9.462851e-01 -3.233333e-01  0.000000e+00
   outer loop
     vertex -1.130113e+01 -4.035412e+00  1.500000e+00
     vertex -1.140758e+01 -3.723857e+00  1.500000e+00
     vertex -1.140758e+01 -3.723857e+00  0.000000e+00
   endloop
 endfacet
 facet normal -9.370586e-01 -3.491720e-01 -0.000000e+00
   outer loop
     vertex -1.118616e+01 -4.343928e+00  1.500000e+00
     vertex -1.130113e+01 -4.035412e+00  1.500000e+00
     vertex -1.118616e+01 -4.343928e+00  0.000000e+00
   endloop
 endfacet
 facet normal -9.271267e-01 -3.747479e-01 -0.000000e+00
   outer loop
     vertex -1.106278e+01 -4.649175e+00  1.500000e+00
     vertex -1.118616e+01 -4.343928e+00  0.000000e+00
     vertex -1.106278e+01 -4.649175e+00  0.000000e+00
   endloop
 endfacet
 facet normal -9.271267e-01 -3.747479e-01  0.000000e+00
   outer loop
     vertex -1.106278e+01 -4.649175e+00  1.500000e+00
     vertex -1.118616e+01 -4.343928e+00  1.500000e+00
     vertex -1.118616e+01 -4.343928e+00  0.000000e+00
   endloop
 endfacet
 facet normal -9.164969e-01 -4.000417e-01 -0.000000e+00
   outer loop
     vertex -1.093107e+01 -4.950922e+00  1.500000e+00
     vertex -1.106278e+01 -4.649175e+00  0.000000e+00
     vertex -1.093107e+01 -4.950922e+00  0.000000e+00
   endloop
 endfacet
 facet normal -9.051772e-01 -4.250344e-01 -0.000000e+00
   outer loop
     vertex -1.093107e+01 -4.950922e+00  1.500000e+00
     vertex -1.093107e+01 -4.950922e+00  0.000000e+00
     vertex -1.079114e+01 -5.248942e+00  0.000000e+00
   endloop
 endfacet
 facet normal -9.164969e-01 -4.000417e-01  0.000000e+00
   outer loop
     vertex -1.093107e+01 -4.950922e+00  1.500000e+00
     vertex -1.106278e+01 -4.649175e+00  1.500000e+00
     vertex -1.106278e+01 -4.649175e+00  0.000000e+00
   endloop
 endfacet
 facet normal -8.931761e-01 -4.497071e-01 -0.000000e+00
   outer loop
     vertex -1.079114e+01 -5.248942e+00  1.500000e+00
     vertex -1.079114e+01 -5.248942e+00  0.000000e+00
     vertex -1.064307e+01 -5.543011e+00  0.000000e+00
   endloop
 endfacet
 facet normal -9.051772e-01 -4.250344e-01 -0.000000e+00
   outer loop
     vertex -1.079114e+01 -5.248942e+00  1.500000e+00
     vertex -1.093107e+01 -4.950922e+00  1.500000e+00
     vertex -1.079114e+01 -5.248942e+00  0.000000e+00
   endloop
 endfacet
 facet normal -8.931761e-01 -4.497071e-01 -0.000000e+00
   outer loop
     vertex -1.064307e+01 -5.543011e+00  1.500000e+00
     vertex -1.079114e+01 -5.248942e+00  1.500000e+00
     vertex -1.064307e+01 -5.543011e+00  0.000000e+00
   endloop
 endfacet
 facet normal -8.805026e-01 -4.740412e-01 -0.000000e+00
   outer loop
     vertex -1.048700e+01 -5.832908e+00  1.500000e+00
     vertex -1.064307e+01 -5.543011e+00  0.000000e+00
     vertex -1.048700e+01 -5.832908e+00  0.000000e+00
   endloop
 endfacet
 facet normal -8.805026e-01 -4.740412e-01  0.000000e+00
   outer loop
     vertex -1.048700e+01 -5.832908e+00  1.500000e+00
     vertex -1.064307e+01 -5.543011e+00  1.500000e+00
     vertex -1.064307e+01 -5.543011e+00  0.000000e+00
   endloop
 endfacet
 facet normal -8.671664e-01 -4.980186e-01 -0.000000e+00
   outer loop
     vertex -1.032303e+01 -6.118413e+00  1.500000e+00
     vertex -1.048700e+01 -5.832908e+00  0.000000e+00
     vertex -1.032303e+01 -6.118413e+00  0.000000e+00
   endloop
 endfacet
 facet normal -8.531773e-01 -5.216210e-01 -0.000000e+00
   outer loop
     vertex -1.032303e+01 -6.118413e+00  1.500000e+00
     vertex -1.032303e+01 -6.118413e+00  0.000000e+00
     vertex -1.015130e+01 -6.399313e+00  0.000000e+00
   endloop
 endfacet
 facet normal -8.671664e-01 -4.980186e-01  0.000000e+00
   outer loop
     vertex -1.032303e+01 -6.118413e+00  1.500000e+00
     vertex -1.048700e+01 -5.832908e+00  1.500000e+00
     vertex -1.048700e+01 -5.832908e+00  0.000000e+00
   endloop
 endfacet
 facet normal -8.531773e-01 -5.216210e-01 -0.000000e+00
   outer loop
     vertex -1.015130e+01 -6.399313e+00  1.500000e+00
     vertex -1.032303e+01 -6.118413e+00  1.500000e+00
     vertex -1.015130e+01 -6.399313e+00  0.000000e+00
   endloop
 endfacet
 facet normal -8.385460e-01 -5.448308e-01  0.000000e+00
   outer loop
     vertex -9.971915e+00 -6.675395e+00  1.500000e+00
     vertex -1.015130e+01 -6.399313e+00  1.500000e+00
     vertex -1.015130e+01 -6.399313e+00  0.000000e+00
   endloop
 endfacet
 facet normal -8.385460e-01 -5.448308e-01 -0.000000e+00
   outer loop
     vertex -9.971915e+00 -6.675395e+00  1.500000e+00
     vertex -1.015130e+01 -6.399313e+00  0.000000e+00
     vertex -9.971915e+00 -6.675395e+00  0.000000e+00
   endloop
 endfacet
 facet normal -8.232835e-01 -5.676304e-01 -0.000000e+00
   outer loop
     vertex -9.971915e+00 -6.675395e+00  1.500000e+00
     vertex -9.971915e+00 -6.675395e+00  0.000000e+00
     vertex -9.785029e+00 -6.946453e+00  0.000000e+00
   endloop
 endfacet
 facet normal -8.232835e-01 -5.676304e-01 -0.000000e+00
   outer loop
     vertex -9.785029e+00 -6.946453e+00  1.500000e+00
     vertex -9.971915e+00 -6.675395e+00  1.500000e+00
     vertex -9.785029e+00 -6.946453e+00  0.000000e+00
   endloop
 endfacet
 facet normal -8.074012e-01 -5.900028e-01 -0.000000e+00
   outer loop
     vertex -9.785029e+00 -6.946453e+00  1.500000e+00
     vertex -9.785029e+00 -6.946453e+00  0.000000e+00
     vertex -9.590777e+00 -7.212281e+00  0.000000e+00
   endloop
 endfacet
 facet normal -8.074012e-01 -5.900028e-01 -0.000000e+00
   outer loop
     vertex -9.590777e+00 -7.212281e+00  1.500000e+00
     vertex -9.785029e+00 -6.946453e+00  1.500000e+00
     vertex -9.590777e+00 -7.212281e+00  0.000000e+00
   endloop
 endfacet
 facet normal -7.909112e-01 -6.119310e-01  0.000000e+00
   outer loop
     vertex -9.389305e+00 -7.472681e+00  1.500000e+00
     vertex -9.590777e+00 -7.212281e+00  1.500000e+00
     vertex -9.590777e+00 -7.212281e+00  0.000000e+00
   endloop
 endfacet
 facet normal -7.909112e-01 -6.119310e-01 -0.000000e+00
   outer loop
     vertex -9.389305e+00 -7.472681e+00  1.500000e+00
     vertex -9.590777e+00 -7.212281e+00  0.000000e+00
     vertex -9.389305e+00 -7.472681e+00  0.000000e+00
   endloop
 endfacet
 facet normal -7.738257e-01 -6.333986e-01 -0.000000e+00
   outer loop
     vertex -9.389305e+00 -7.472681e+00  1.500000e+00
     vertex -9.389305e+00 -7.472681e+00  0.000000e+00
     vertex -9.180765e+00 -7.727455e+00  0.000000e+00
   endloop
 endfacet
 facet normal -7.738257e-01 -6.333986e-01 -0.000000e+00
   outer loop
     vertex -9.180765e+00 -7.727455e+00  1.500000e+00
     vertex -9.389305e+00 -7.472681e+00  1.500000e+00
     vertex -9.180765e+00 -7.727455e+00  0.000000e+00
   endloop
 endfacet
 facet normal -7.561578e-01 -6.543893e-01  0.000000e+00
   outer loop
     vertex -8.965314e+00 -7.976412e+00  1.500000e+00
     vertex -9.180765e+00 -7.727455e+00  1.500000e+00
     vertex -9.180765e+00 -7.727455e+00  0.000000e+00
   endloop
 endfacet
 facet normal -7.561578e-01 -6.543893e-01 -0.000000e+00
   outer loop
     vertex -8.965314e+00 -7.976412e+00  1.500000e+00
     vertex -9.180765e+00 -7.727455e+00  0.000000e+00
     vertex -8.965314e+00 -7.976412e+00  0.000000e+00
   endloop
 endfacet
 facet normal -7.379206e-01 -6.748875e-01 -0.000000e+00
   outer loop
     vertex -8.965314e+00 -7.976412e+00  1.500000e+00
     vertex -8.965314e+00 -7.976412e+00  0.000000e+00
     vertex -8.743114e+00 -8.219364e+00  0.000000e+00
   endloop
 endfacet
 facet normal -7.379206e-01 -6.748875e-01 -0.000000e+00
   outer loop
     vertex -8.743114e+00 -8.219364e+00  1.500000e+00
     vertex -8.965314e+00 -7.976412e+00  1.500000e+00
     vertex -8.743114e+00 -8.219364e+00  0.000000e+00
   endloop
 endfacet
 facet normal -7.191280e-01 -6.948776e-01 -0.000000e+00
   outer loop
     vertex -8.743114e+00 -8.219364e+00  1.500000e+00
     vertex -8.743114e+00 -8.219364e+00  0.000000e+00
     vertex -8.514333e+00 -8.456130e+00  0.000000e+00
   endloop
 endfacet
 facet normal -7.191280e-01 -6.948776e-01 -0.000000e+00
   outer loop
     vertex -8.514333e+00 -8.456130e+00  1.500000e+00
     vertex -8.743114e+00 -8.219364e+00  1.500000e+00
     vertex -8.514333e+00 -8.456130e+00  0.000000e+00
   endloop
 endfacet
 facet normal -6.997940e-01 -7.143447e-01 -0.000000e+00
   outer loop
     vertex -8.514333e+00 -8.456130e+00  1.500000e+00
     vertex -8.514333e+00 -8.456130e+00  0.000000e+00
     vertex -8.279143e+00 -8.686530e+00  0.000000e+00
   endloop
 endfacet
 facet normal -6.997940e-01 -7.143447e-01 -0.000000e+00
   outer loop
     vertex -8.279143e+00 -8.686530e+00  1.500000e+00
     vertex -8.514333e+00 -8.456130e+00  1.500000e+00
     vertex -8.279143e+00 -8.686530e+00  0.000000e+00
   endloop
 endfacet
 facet normal -6.799333e-01 -7.332740e-01  0.000000e+00
   outer loop
     vertex -8.037720e+00 -8.910390e+00  1.500000e+00
     vertex -8.279143e+00 -8.686530e+00  1.500000e+00
     vertex -8.279143e+00 -8.686530e+00  0.000000e+00
   endloop
 endfacet
 facet normal -6.799333e-01 -7.332740e-01 -0.000000e+00
   outer loop
     vertex -8.037720e+00 -8.910390e+00  1.500000e+00
     vertex -8.279143e+00 -8.686530e+00  0.000000e+00
     vertex -8.037720e+00 -8.910390e+00  0.000000e+00
   endloop
 endfacet
 facet normal -6.595607e-01 -7.516513e-01  0.000000e+00
   outer loop
     vertex -7.790247e+00 -9.127544e+00  1.500000e+00
     vertex -8.037720e+00 -8.910390e+00  1.500000e+00
     vertex -8.037720e+00 -8.910390e+00  0.000000e+00
   endloop
 endfacet
 facet normal -6.595607e-01 -7.516513e-01 -0.000000e+00
   outer loop
     vertex -7.790247e+00 -9.127544e+00  1.500000e+00
     vertex -8.037720e+00 -8.910390e+00  0.000000e+00
     vertex -7.790247e+00 -9.127544e+00  0.000000e+00
   endloop
 endfacet
 facet normal -6.386916e-01 -7.694628e-01 -0.000000e+00
   outer loop
     vertex -7.790247e+00 -9.127544e+00  1.500000e+00
     vertex -7.790247e+00 -9.127544e+00  0.000000e+00
     vertex -7.536909e+00 -9.337826e+00  0.000000e+00
   endloop
 endfacet
 facet normal -6.386916e-01 -7.694628e-01 -0.000000e+00
   outer loop
     vertex -7.536909e+00 -9.337826e+00  1.500000e+00
     vertex -7.790247e+00 -9.127544e+00  1.500000e+00
     vertex -7.536909e+00 -9.337826e+00  0.000000e+00
   endloop
 endfacet
 facet normal -6.173417e-01 -7.866951e-01  0.000000e+00
   outer loop
     vertex -7.277898e+00 -9.541080e+00  1.500000e+00
     vertex -7.536909e+00 -9.337826e+00  1.500000e+00
     vertex -7.536909e+00 -9.337826e+00  0.000000e+00
   endloop
 endfacet
 facet normal -6.173417e-01 -7.866951e-01 -0.000000e+00
   outer loop
     vertex -7.277898e+00 -9.541080e+00  1.500000e+00
     vertex -7.536909e+00 -9.337826e+00  0.000000e+00
     vertex -7.277898e+00 -9.541080e+00  0.000000e+00
   endloop
 endfacet
 facet normal -5.955271e-01 -8.033352e-01 -0.000000e+00
   outer loop
     vertex -7.277898e+00 -9.541080e+00  1.500000e+00
     vertex -7.277898e+00 -9.541080e+00  0.000000e+00
     vertex -7.013408e+00 -9.737151e+00  0.000000e+00
   endloop
 endfacet
 facet normal -5.955271e-01 -8.033352e-01 -0.000000e+00
   outer loop
     vertex -7.013408e+00 -9.737151e+00  1.500000e+00
     vertex -7.277898e+00 -9.541080e+00  1.500000e+00
     vertex -7.013408e+00 -9.737151e+00  0.000000e+00
   endloop
 endfacet
 facet normal -5.732642e-01 -8.193706e-01 -0.000000e+00
   outer loop
     vertex -7.013408e+00 -9.737151e+00  1.500000e+00
     vertex -7.013408e+00 -9.737151e+00  0.000000e+00
     vertex -6.743639e+00 -9.925892e+00  0.000000e+00
   endloop
 endfacet
 facet normal -5.732642e-01 -8.193706e-01 -0.000000e+00
   outer loop
     vertex -6.743639e+00 -9.925892e+00  1.500000e+00
     vertex -7.013408e+00 -9.737151e+00  1.500000e+00
     vertex -6.743639e+00 -9.925892e+00  0.000000e+00
   endloop
 endfacet
 facet normal -5.505698e-01 -8.347891e-01 -0.000000e+00
   outer loop
     vertex -6.743639e+00 -9.925892e+00  1.500000e+00
     vertex -6.743639e+00 -9.925892e+00  0.000000e+00
     vertex -6.468793e+00 -1.010716e+01  0.000000e+00
   endloop
 endfacet
 facet normal -5.505698e-01 -8.347891e-01 -0.000000e+00
   outer loop
     vertex -6.468793e+00 -1.010716e+01  1.500000e+00
     vertex -6.743639e+00 -9.925892e+00  1.500000e+00
     vertex -6.468793e+00 -1.010716e+01  0.000000e+00
   endloop
 endfacet
 facet normal -5.274609e-01 -8.495793e-01  0.000000e+00
   outer loop
     vertex -6.189078e+00 -1.028082e+01  1.500000e+00
     vertex -6.468793e+00 -1.010716e+01  1.500000e+00
     vertex -6.468793e+00 -1.010716e+01  0.000000e+00
   endloop
 endfacet
 facet normal -5.274609e-01 -8.495793e-01 -0.000000e+00
   outer loop
     vertex -6.189078e+00 -1.028082e+01  1.500000e+00
     vertex -6.468793e+00 -1.010716e+01  0.000000e+00
     vertex -6.189078e+00 -1.028082e+01  0.000000e+00
   endloop
 endfacet
 facet normal -5.039550e-01 -8.637299e-01 -0.000000e+00
   outer loop
     vertex -6.189078e+00 -1.028082e+01  1.500000e+00
     vertex -6.189078e+00 -1.028082e+01  0.000000e+00
     vertex -5.904704e+00 -1.044674e+01  0.000000e+00
   endloop
 endfacet
 facet normal -5.039550e-01 -8.637299e-01 -0.000000e+00
   outer loop
     vertex -5.904704e+00 -1.044674e+01  1.500000e+00
     vertex -6.189078e+00 -1.028082e+01  1.500000e+00
     vertex -5.904704e+00 -1.044674e+01  0.000000e+00
   endloop
 endfacet
 facet normal -4.800697e-01 -8.772303e-01  0.000000e+00
   outer loop
     vertex -5.615885e+00 -1.060480e+01  1.500000e+00
     vertex -5.904704e+00 -1.044674e+01  1.500000e+00
     vertex -5.904704e+00 -1.044674e+01  0.000000e+00
   endloop
 endfacet
 facet normal -4.800697e-01 -8.772303e-01 -0.000000e+00
   outer loop
     vertex -5.615885e+00 -1.060480e+01  1.500000e+00
     vertex -5.904704e+00 -1.044674e+01  0.000000e+00
     vertex -5.615885e+00 -1.060480e+01  0.000000e+00
   endloop
 endfacet
 facet normal -4.558231e-01 -8.900704e-01 -0.000000e+00
   outer loop
     vertex -5.615885e+00 -1.060480e+01  1.500000e+00
     vertex -5.615885e+00 -1.060480e+01  0.000000e+00
     vertex -5.322839e+00 -1.075488e+01  0.000000e+00
   endloop
 endfacet
 facet normal -4.558231e-01 -8.900704e-01 -0.000000e+00
   outer loop
     vertex -5.322839e+00 -1.075488e+01  1.500000e+00
     vertex -5.615885e+00 -1.060480e+01  1.500000e+00
     vertex -5.322839e+00 -1.075488e+01  0.000000e+00
   endloop
 endfacet
 facet normal -4.312333e-01 -9.022405e-01  0.000000e+00
   outer loop
     vertex -5.025786e+00 -1.089686e+01  1.500000e+00
     vertex -5.322839e+00 -1.075488e+01  1.500000e+00
     vertex -5.322839e+00 -1.075488e+01  0.000000e+00
   endloop
 endfacet
 facet normal -4.312333e-01 -9.022405e-01 -0.000000e+00
   outer loop
     vertex -5.025786e+00 -1.089686e+01  1.500000e+00
     vertex -5.322839e+00 -1.075488e+01  0.000000e+00
     vertex -5.025786e+00 -1.089686e+01  0.000000e+00
   endloop
 endfacet
 facet normal -4.063188e-01 -9.137314e-01  0.000000e+00
   outer loop
     vertex -4.724949e+00 -1.103063e+01  1.500000e+00
     vertex -5.025786e+00 -1.089686e+01  1.500000e+00
     vertex -5.025786e+00 -1.089686e+01  0.000000e+00
   endloop
 endfacet
 facet normal -4.063188e-01 -9.137314e-01 -0.000000e+00
   outer loop
     vertex -4.724949e+00 -1.103063e+01  1.500000e+00
     vertex -5.025786e+00 -1.089686e+01  0.000000e+00
     vertex -4.724949e+00 -1.103063e+01  0.000000e+00
   endloop
 endfacet
 facet normal -3.810986e-01 -9.245344e-01 -0.000000e+00
   outer loop
     vertex -4.724949e+00 -1.103063e+01  1.500000e+00
     vertex -4.724949e+00 -1.103063e+01  0.000000e+00
     vertex -4.420556e+00 -1.115611e+01  0.000000e+00
   endloop
 endfacet
 facet normal -3.810986e-01 -9.245344e-01 -0.000000e+00
   outer loop
     vertex -4.420556e+00 -1.115611e+01  1.500000e+00
     vertex -4.724949e+00 -1.103063e+01  1.500000e+00
     vertex -4.420556e+00 -1.115611e+01  0.000000e+00
   endloop
 endfacet
 facet normal -3.555914e-01 -9.346415e-01 -0.000000e+00
   outer loop
     vertex -4.112835e+00 -1.127318e+01  1.500000e+00
     vertex -4.420556e+00 -1.115611e+01  0.000000e+00
     vertex -4.112835e+00 -1.127318e+01  0.000000e+00
   endloop
 endfacet
 facet normal -3.555914e-01 -9.346415e-01  0.000000e+00
   outer loop
     vertex -4.112835e+00 -1.127318e+01  1.500000e+00
     vertex -4.420556e+00 -1.115611e+01  1.500000e+00
     vertex -4.420556e+00 -1.115611e+01  0.000000e+00
   endloop
 endfacet
 facet normal -3.298166e-01 -9.440450e-01 -0.000000e+00
   outer loop
     vertex -3.802018e+00 -1.138177e+01  1.500000e+00
     vertex -4.112835e+00 -1.127318e+01  0.000000e+00
     vertex -3.802018e+00 -1.138177e+01  0.000000e+00
   endloop
 endfacet
 facet normal -3.037934e-01 -9.527379e-01 -0.000000e+00
   outer loop
     vertex -3.802018e+00 -1.138177e+01  1.500000e+00
     vertex -3.802018e+00 -1.138177e+01  0.000000e+00
     vertex -3.488339e+00 -1.148179e+01  0.000000e+00
   endloop
 endfacet
 facet normal -3.298166e-01 -9.440450e-01  0.000000e+00
   outer loop
     vertex -3.802018e+00 -1.138177e+01  1.500000e+00
     vertex -4.112835e+00 -1.127318e+01  1.500000e+00
     vertex -4.112835e+00 -1.127318e+01  0.000000e+00
   endloop
 endfacet
 facet normal -2.775416e-01 -9.607136e-01 -0.000000e+00
   outer loop
     vertex -3.488339e+00 -1.148179e+01  1.500000e+00
     vertex -3.488339e+00 -1.148179e+01  0.000000e+00
     vertex -3.172034e+00 -1.157317e+01  0.000000e+00
   endloop
 endfacet
 facet normal -3.037934e-01 -9.527379e-01 -0.000000e+00
   outer loop
     vertex -3.488339e+00 -1.148179e+01  1.500000e+00
     vertex -3.802018e+00 -1.138177e+01  1.500000e+00
     vertex -3.488339e+00 -1.148179e+01  0.000000e+00
   endloop
 endfacet
 facet normal -2.775416e-01 -9.607136e-01 -0.000000e+00
   outer loop
     vertex -3.172034e+00 -1.157317e+01  1.500000e+00
     vertex -3.488339e+00 -1.148179e+01  1.500000e+00
     vertex -3.172034e+00 -1.157317e+01  0.000000e+00
   endloop
 endfacet
 facet normal -2.510809e-01 -9.679661e-01  0.000000e+00
   outer loop
     vertex -2.853341e+00 -1.165583e+01  1.500000e+00
     vertex -3.172034e+00 -1.157317e+01  1.500000e+00
     vertex -3.172034e+00 -1.157317e+01  0.000000e+00
   endloop
 endfacet
 facet normal -2.510809e-01 -9.679661e-01 -0.000000e+00
   outer loop
     vertex -2.853341e+00 -1.165583e+01  1.500000e+00
     vertex -3.172034e+00 -1.157317e+01  0.000000e+00
     vertex -2.853341e+00 -1.165583e+01  0.000000e+00
   endloop
 endfacet
 facet normal -2.244312e-01 -9.744899e-01 -0.000000e+00
   outer loop
     vertex -2.853341e+00 -1.165583e+01  1.500000e+00
     vertex -2.853341e+00 -1.165583e+01  0.000000e+00
     vertex -2.532501e+00 -1.172972e+01  0.000000e+00
   endloop
 endfacet
 facet normal -2.244312e-01 -9.744899e-01 -0.000000e+00
   outer loop
     vertex -2.532501e+00 -1.172972e+01  1.500000e+00
     vertex -2.853341e+00 -1.165583e+01  1.500000e+00
     vertex -2.532501e+00 -1.172972e+01  0.000000e+00
   endloop
 endfacet
 facet normal -1.976125e-01 -9.802802e-01  0.000000e+00
   outer loop
     vertex -2.209754e+00 -1.179479e+01  1.500000e+00
     vertex -2.532501e+00 -1.172972e+01  1.500000e+00
     vertex -2.532501e+00 -1.172972e+01  0.000000e+00
   endloop
 endfacet
 facet normal -1.976125e-01 -9.802802e-01 -0.000000e+00
   outer loop
     vertex -2.209754e+00 -1.179479e+01  1.500000e+00
     vertex -2.532501e+00 -1.172972e+01  0.000000e+00
     vertex -2.209754e+00 -1.179479e+01  0.000000e+00
   endloop
 endfacet
 facet normal -1.706451e-01 -9.853326e-01 -0.000000e+00
   outer loop
     vertex -2.209754e+00 -1.179479e+01  1.500000e+00
     vertex -2.209754e+00 -1.179479e+01  0.000000e+00
     vertex -1.885343e+00 -1.185097e+01  0.000000e+00
   endloop
 endfacet
 facet normal -1.706451e-01 -9.853326e-01 -0.000000e+00
   outer loop
     vertex -1.885343e+00 -1.185097e+01  1.500000e+00
     vertex -2.209754e+00 -1.179479e+01  1.500000e+00
     vertex -1.885343e+00 -1.185097e+01  0.000000e+00
   endloop
 endfacet
 facet normal -1.435492e-01 -9.896432e-01 -0.000000e+00
   outer loop
     vertex -1.885343e+00 -1.185097e+01  1.500000e+00
     vertex -1.885343e+00 -1.185097e+01  0.000000e+00
     vertex -1.559513e+00 -1.189823e+01  0.000000e+00
   endloop
 endfacet
 facet normal -1.435492e-01 -9.896432e-01 -0.000000e+00
   outer loop
     vertex -1.559513e+00 -1.189823e+01  1.500000e+00
     vertex -1.885343e+00 -1.185097e+01  1.500000e+00
     vertex -1.559513e+00 -1.189823e+01  0.000000e+00
   endloop
 endfacet
 facet normal -1.163452e-01 -9.932088e-01 -0.000000e+00
   outer loop
     vertex -1.559513e+00 -1.189823e+01  1.500000e+00
     vertex -1.559513e+00 -1.189823e+01  0.000000e+00
     vertex -1.232510e+00 -1.193654e+01  0.000000e+00
   endloop
 endfacet
 facet normal -1.163452e-01 -9.932088e-01 -0.000000e+00
   outer loop
     vertex -1.232510e+00 -1.193654e+01  1.500000e+00
     vertex -1.559513e+00 -1.189823e+01  1.500000e+00
     vertex -1.232510e+00 -1.193654e+01  0.000000e+00
   endloop
 endfacet
 facet normal -8.905371e-02 -9.960268e-01  0.000000e+00
   outer loop
     vertex -9.045783e-01 -1.196586e+01  1.500000e+00
     vertex -1.232510e+00 -1.193654e+01  1.500000e+00
     vertex -1.232510e+00 -1.193654e+01  0.000000e+00
   endloop
 endfacet
 facet normal -8.905371e-02 -9.960268e-01 -0.000000e+00
   outer loop
     vertex -9.045783e-01 -1.196586e+01  1.500000e+00
     vertex -1.232510e+00 -1.193654e+01  0.000000e+00
     vertex -9.045783e-01 -1.196586e+01  0.000000e+00
   endloop
 endfacet
 facet normal -6.169515e-02 -9.980950e-01 -0.000000e+00
   outer loop
     vertex -9.045783e-01 -1.196586e+01  1.500000e+00
     vertex -9.045783e-01 -1.196586e+01  0.000000e+00
     vertex -5.759659e-01 -1.198617e+01  0.000000e+00
   endloop
 endfacet
 facet normal -6.169515e-02 -9.980950e-01 -0.000000e+00
   outer loop
     vertex -5.759659e-01 -1.198617e+01  1.500000e+00
     vertex -9.045783e-01 -1.196586e+01  1.500000e+00
     vertex -5.759659e-01 -1.198617e+01  0.000000e+00
   endloop
 endfacet
 facet normal -3.429014e-02 -9.994119e-01  0.000000e+00
   outer loop
     vertex -2.469200e-01 -1.199746e+01  1.500000e+00
     vertex -5.759659e-01 -1.198617e+01  1.500000e+00
     vertex -5.759659e-01 -1.198617e+01  0.000000e+00
   endloop
 endfacet
 facet normal -3.429014e-02 -9.994119e-01 -0.000000e+00
   outer loop
     vertex -2.469200e-01 -1.199746e+01  1.500000e+00
     vertex -5.759659e-01 -1.198617e+01  0.000000e+00
     vertex -2.469200e-01 -1.199746e+01  0.000000e+00
   endloop
 endfacet
 facet normal -6.859319e-03 -9.999765e-01 -0.000000e+00
   outer loop
     vertex -2.469200e-01 -1.199746e+01  1.500000e+00
     vertex -2.469200e-01 -1.199746e+01  0.000000e+00
     vertex  8.231183e-02 -1.199972e+01  0.000000e+00
   endloop
 endfacet
 facet normal -6.859319e-03 -9.999765e-01 -0.000000e+00
   outer loop
     vertex  8.231183e-02 -1.199972e+01  1.500000e+00
     vertex -2.469200e-01 -1.199746e+01  1.500000e+00
     vertex  8.231183e-02 -1.199972e+01  0.000000e+00
   endloop
 endfacet
 facet normal  4.799716e-02 -9.988475e-01  0.000000e+00
   outer loop
     vertex  4.114817e-01 -1.199294e+01  1.500000e+00
     vertex  4.114817e-01 -1.199294e+01  0.000000e+00
     vertex  7.403418e-01 -1.197714e+01  0.000000e+00
   endloop
 endfacet
 facet normal  2.057667e-02 -9.997883e-01  0.000000e+00
   outer loop
     vertex  4.114817e-01 -1.199294e+01  1.500000e+00
     vertex  8.231183e-02 -1.199972e+01  1.500000e+00
     vertex  8.231183e-02 -1.199972e+01  0.000000e+00
   endloop
 endfacet
 facet normal  2.057667e-02 -9.997883e-01  0.000000e+00
   outer loop
     vertex  4.114817e-01 -1.199294e+01  1.500000e+00
     vertex  8.231183e-02 -1.199972e+01  0.000000e+00
     vertex  4.114817e-01 -1.199294e+01  0.000000e+00
   endloop
 endfacet
 facet normal  4.799716e-02 -9.988475e-01  0.000000e+00
   outer loop
     vertex  7.403418e-01 -1.197714e+01  1.500000e+00
     vertex  4.114817e-01 -1.199294e+01  1.500000e+00
     vertex  7.403418e-01 -1.197714e+01  0.000000e+00
   endloop
 endfacet
 facet normal  7.538152e-02 -9.971548e-01  0.000000e+00
   outer loop
     vertex  1.068645e+00 -1.195232e+01  1.500000e+00
     vertex  7.403418e-01 -1.197714e+01  0.000000e+00
     vertex  1.068645e+00 -1.195232e+01  0.000000e+00
   endloop
 endfacet
 facet normal  7.538152e-02 -9.971548e-01  0.000000e+00
   outer loop
     vertex  1.068645e+00 -1.195232e+01  1.500000e+00
     vertex  7.403418e-01 -1.197714e+01  1.500000e+00
     vertex  7.403418e-01 -1.197714e+01  0.000000e+00
   endloop
 endfacet
 facet normal  1.027091e-01 -9.947114e-01  0.000000e+00
   outer loop
     vertex  1.396143e+00 -1.191851e+01  1.500000e+00
     vertex  1.068645e+00 -1.195232e+01  0.000000e+00
     vertex  1.396143e+00 -1.191851e+01  0.000000e+00
   endloop
 endfacet
 facet normal  1.027091e-01 -9.947114e-01  0.000000e+00
   outer loop
     vertex  1.396143e+00 -1.191851e+01  1.500000e+00
     vertex  1.068645e+00 -1.195232e+01  1.500000e+00
     vertex  1.068645e+00 -1.195232e+01  0.000000e+00
   endloop
 endfacet
 facet normal  1.299594e-01 -9.915193e-01  0.000000e+00
   outer loop
     vertex  1.722590e+00 -1.187572e+01  1.500000e+00
     vertex  1.396143e+00 -1.191851e+01  0.000000e+00
     vertex  1.722590e+00 -1.187572e+01  0.000000e+00
   endloop
 endfacet
 facet normal  1.299594e-01 -9.915193e-01  0.000000e+00
   outer loop
     vertex  1.722590e+00 -1.187572e+01  1.500000e+00
     vertex  1.396143e+00 -1.191851e+01  1.500000e+00
     vertex  1.396143e+00 -1.191851e+01  0.000000e+00
   endloop
 endfacet
 facet normal  1.571119e-01 -9.875808e-01  0.000000e+00
   outer loop
     vertex  2.047741e+00 -1.182399e+01  1.500000e+00
     vertex  1.722590e+00 -1.187572e+01  0.000000e+00
     vertex  2.047741e+00 -1.182399e+01  0.000000e+00
   endloop
 endfacet
 facet normal  1.841461e-01 -9.828989e-01  0.000000e+00
   outer loop
     vertex  2.047741e+00 -1.182399e+01  1.500000e+00
     vertex  2.047741e+00 -1.182399e+01  0.000000e+00
     vertex  2.371350e+00 -1.176336e+01  0.000000e+00
   endloop
 endfacet
 facet normal  1.571119e-01 -9.875808e-01  0.000000e+00
   outer loop
     vertex  2.047741e+00 -1.182399e+01  1.500000e+00
     vertex  1.722590e+00 -1.187572e+01  1.500000e+00
     vertex  1.722590e+00 -1.187572e+01  0.000000e+00
   endloop
 endfacet
 facet normal  2.110417e-01 -9.774771e-01  0.000000e+00
   outer loop
     vertex  2.371350e+00 -1.176336e+01  1.500000e+00
     vertex  2.371350e+00 -1.176336e+01  0.000000e+00
     vertex  2.693174e+00 -1.169388e+01  0.000000e+00
   endloop
 endfacet
 facet normal  1.841461e-01 -9.828989e-01  0.000000e+00
   outer loop
     vertex  2.371350e+00 -1.176336e+01  1.500000e+00
     vertex  2.047741e+00 -1.182399e+01  1.500000e+00
     vertex  2.371350e+00 -1.176336e+01  0.000000e+00
   endloop
 endfacet
 facet normal  2.377784e-01 -9.713194e-01  0.000000e+00
   outer loop
     vertex  2.693174e+00 -1.169388e+01  1.500000e+00
     vertex  2.693174e+00 -1.169388e+01  0.000000e+00
     vertex  3.012971e+00 -1.161559e+01  0.000000e+00
   endloop
 endfacet
 facet normal  2.110417e-01 -9.774771e-01  0.000000e+00
   outer loop
     vertex  2.693174e+00 -1.169388e+01  1.500000e+00
     vertex  2.371350e+00 -1.176336e+01  1.500000e+00
     vertex  2.693174e+00 -1.169388e+01  0.000000e+00
   endloop
 endfacet
 facet normal  2.643362e-01 -9.644306e-01  0.000000e+00
   outer loop
     vertex  3.012971e+00 -1.161559e+01  1.500000e+00
     vertex  3.012971e+00 -1.161559e+01  0.000000e+00
     vertex  3.330500e+00 -1.152856e+01  0.000000e+00
   endloop
 endfacet
 facet normal  2.377784e-01 -9.713194e-01  0.000000e+00
   outer loop
     vertex  3.012971e+00 -1.161559e+01  1.500000e+00
     vertex  2.693174e+00 -1.169388e+01  1.500000e+00
     vertex  3.012971e+00 -1.161559e+01  0.000000e+00
   endloop
 endfacet
 facet normal  2.643362e-01 -9.644306e-01  0.000000e+00
   outer loop
     vertex  3.330500e+00 -1.152856e+01  1.500000e+00
     vertex  3.012971e+00 -1.161559e+01  1.500000e+00
     vertex  3.330500e+00 -1.152856e+01  0.000000e+00
   endloop
 endfacet
 facet normal  2.906949e-01 -9.568158e-01  0.000000e+00
   outer loop
     vertex  3.645521e+00 -1.143286e+01  1.500000e+00
     vertex  3.330500e+00 -1.152856e+01  0.000000e+00
     vertex  3.645521e+00 -1.143286e+01  0.000000e+00
   endloop
 endfacet
 facet normal  2.906949e-01 -9.568158e-01  0.000000e+00
   outer loop
     vertex  3.645521e+00 -1.143286e+01  1.500000e+00
     vertex  3.330500e+00 -1.152856e+01  1.500000e+00
     vertex  3.330500e+00 -1.152856e+01  0.000000e+00
   endloop
 endfacet
 facet normal  3.168348e-01 -9.484807e-01  0.000000e+00
   outer loop
     vertex  3.957799e+00 -1.132854e+01  1.500000e+00
     vertex  3.645521e+00 -1.143286e+01  0.000000e+00
     vertex  3.957799e+00 -1.132854e+01  0.000000e+00
   endloop
 endfacet
 facet normal  3.427362e-01 -9.394317e-01  0.000000e+00
   outer loop
     vertex  3.957799e+00 -1.132854e+01  1.500000e+00
     vertex  3.957799e+00 -1.132854e+01  0.000000e+00
     vertex  4.267097e+00 -1.121570e+01  0.000000e+00
   endloop
 endfacet
 facet normal  3.168348e-01 -9.484807e-01  0.000000e+00
   outer loop
     vertex  3.957799e+00 -1.132854e+01  1.500000e+00
     vertex  3.645521e+00 -1.143286e+01  1.500000e+00
     vertex  3.645521e+00 -1.143286e+01  0.000000e+00
   endloop
 endfacet
 facet normal  3.427362e-01 -9.394317e-01  0.000000e+00
   outer loop
     vertex  4.267097e+00 -1.121570e+01  1.500000e+00
     vertex  3.957799e+00 -1.132854e+01  1.500000e+00
     vertex  4.267097e+00 -1.121570e+01  0.000000e+00
   endloop
 endfacet
 facet normal  3.683796e-01 -9.296754e-01  0.000000e+00
   outer loop
     vertex  4.573183e+00 -1.109441e+01  1.500000e+00
     vertex  4.267097e+00 -1.121570e+01  0.000000e+00
     vertex  4.573183e+00 -1.109441e+01  0.000000e+00
   endloop
 endfacet
 facet normal  3.683796e-01 -9.296754e-01  0.000000e+00
   outer loop
     vertex  4.573183e+00 -1.109441e+01  1.500000e+00
     vertex  4.267097e+00 -1.121570e+01  1.500000e+00
     vertex  4.267097e+00 -1.121570e+01  0.000000e+00
   endloop
 endfacet
 facet normal  3.937458e-01 -9.192194e-01  0.000000e+00
   outer loop
     vertex  4.875826e+00 -1.096478e+01  1.500000e+00
     vertex  4.573183e+00 -1.109441e+01  1.500000e+00
     vertex  4.573183e+00 -1.109441e+01  0.000000e+00
   endloop
 endfacet
 facet normal  3.937458e-01 -9.192194e-01  0.000000e+00
   outer loop
     vertex  4.875826e+00 -1.096478e+01  1.500000e+00
     vertex  4.573183e+00 -1.109441e+01  0.000000e+00
     vertex  4.875826e+00 -1.096478e+01  0.000000e+00
   endloop
 endfacet
 facet normal  4.188155e-01 -9.080714e-01  0.000000e+00
   outer loop
     vertex  4.875826e+00 -1.096478e+01  1.500000e+00
     vertex  4.875826e+00 -1.096478e+01  0.000000e+00
     vertex  5.174799e+00 -1.082689e+01  0.000000e+00
   endloop
 endfacet
 facet normal  4.188155e-01 -9.080714e-01  0.000000e+00
   outer loop
     vertex  5.174799e+00 -1.082689e+01  1.500000e+00
     vertex  4.875826e+00 -1.096478e+01  1.500000e+00
     vertex  5.174799e+00 -1.082689e+01  0.000000e+00
   endloop
 endfacet
 facet normal  4.435699e-01 -8.962398e-01  0.000000e+00
   outer loop
     vertex  5.469877e+00 -1.068084e+01  1.500000e+00
     vertex  5.174799e+00 -1.082689e+01  0.000000e+00
     vertex  5.469877e+00 -1.068084e+01  0.000000e+00
   endloop
 endfacet
 facet normal  4.679904e-01 -8.837335e-01  0.000000e+00
   outer loop
     vertex  5.469877e+00 -1.068084e+01  1.500000e+00
     vertex  5.469877e+00 -1.068084e+01  0.000000e+00
     vertex  5.760837e+00 -1.052676e+01  0.000000e+00
   endloop
 endfacet
 facet normal  4.435699e-01 -8.962398e-01  0.000000e+00
   outer loop
     vertex  5.469877e+00 -1.068084e+01  1.500000e+00
     vertex  5.174799e+00 -1.082689e+01  1.500000e+00
     vertex  5.174799e+00 -1.082689e+01  0.000000e+00
   endloop
 endfacet
 facet normal  4.679904e-01 -8.837335e-01  0.000000e+00
   outer loop
     vertex  5.760837e+00 -1.052676e+01  1.500000e+00
     vertex  5.469877e+00 -1.068084e+01  1.500000e+00
     vertex  5.760837e+00 -1.052676e+01  0.000000e+00
   endloop
 endfacet
 facet normal  4.920587e-01 -8.705620e-01  0.000000e+00
   outer loop
     vertex  5.760837e+00 -1.052676e+01  1.500000e+00
     vertex  5.760837e+00 -1.052676e+01  0.000000e+00
     vertex  6.047460e+00 -1.036476e+01  0.000000e+00
   endloop
 endfacet
 facet normal  4.920587e-01 -8.705620e-01  0.000000e+00
   outer loop
     vertex  6.047460e+00 -1.036476e+01  1.500000e+00
     vertex  5.760837e+00 -1.052676e+01  1.500000e+00
     vertex  6.047460e+00 -1.036476e+01  0.000000e+00
   endloop
 endfacet
 facet normal  5.157565e-01 -8.567352e-01  0.000000e+00
   outer loop
     vertex  6.047460e+00 -1.036476e+01  1.500000e+00
     vertex  6.047460e+00 -1.036476e+01  0.000000e+00
     vertex  6.329531e+00 -1.019495e+01  0.000000e+00
   endloop
 endfacet
 facet normal  5.157565e-01 -8.567352e-01  0.000000e+00
   outer loop
     vertex  6.329531e+00 -1.019495e+01  1.500000e+00
     vertex  6.047460e+00 -1.036476e+01  1.500000e+00
     vertex  6.329531e+00 -1.019495e+01  0.000000e+00
   endloop
 endfacet
 facet normal  5.390661e-01 -8.422635e-01  0.000000e+00
   outer loop
     vertex  6.606838e+00 -1.001747e+01  1.500000e+00
     vertex  6.329531e+00 -1.019495e+01  0.000000e+00
     vertex  6.606838e+00 -1.001747e+01  0.000000e+00
   endloop
 endfacet
 facet normal  5.390661e-01 -8.422635e-01  0.000000e+00
   outer loop
     vertex  6.606838e+00 -1.001747e+01  1.500000e+00
     vertex  6.329531e+00 -1.019495e+01  1.500000e+00
     vertex  6.329531e+00 -1.019495e+01  0.000000e+00
   endloop
 endfacet
 facet normal  5.619699e-01 -8.271577e-01  0.000000e+00
   outer loop
     vertex  6.879171e+00 -9.832447e+00  1.500000e+00
     vertex  6.606838e+00 -1.001747e+01  0.000000e+00
     vertex  6.879171e+00 -9.832447e+00  0.000000e+00
   endloop
 endfacet
 facet normal  5.844507e-01 -8.114292e-01  0.000000e+00
   outer loop
     vertex  6.879171e+00 -9.832447e+00  1.500000e+00
     vertex  6.879171e+00 -9.832447e+00  0.000000e+00
     vertex  7.146325e+00 -9.640022e+00  0.000000e+00
   endloop
 endfacet
 facet normal  5.619699e-01 -8.271577e-01  0.000000e+00
   outer loop
     vertex  6.879171e+00 -9.832447e+00  1.500000e+00
     vertex  6.606838e+00 -1.001747e+01  1.500000e+00
     vertex  6.606838e+00 -1.001747e+01  0.000000e+00
   endloop
 endfacet
 facet normal  5.844507e-01 -8.114292e-01  0.000000e+00
   outer loop
     vertex  7.146325e+00 -9.640022e+00  1.500000e+00
     vertex  6.879171e+00 -9.832447e+00  1.500000e+00
     vertex  7.146325e+00 -9.640022e+00  0.000000e+00
   endloop
 endfacet
 facet normal  6.064915e-01 -7.950900e-01  0.000000e+00
   outer loop
     vertex  7.408101e+00 -9.440341e+00  1.500000e+00
     vertex  7.146325e+00 -9.640022e+00  0.000000e+00
     vertex  7.408101e+00 -9.440341e+00  0.000000e+00
   endloop
 endfacet
 facet normal  6.280757e-01 -7.781522e-01  0.000000e+00
   outer loop
     vertex  7.408101e+00 -9.440341e+00  1.500000e+00
     vertex  7.408101e+00 -9.440341e+00  0.000000e+00
     vertex  7.664299e+00 -9.233554e+00  0.000000e+00
   endloop
 endfacet
 facet normal  6.064915e-01 -7.950900e-01  0.000000e+00
   outer loop
     vertex  7.408101e+00 -9.440341e+00  1.500000e+00
     vertex  7.146325e+00 -9.640022e+00  1.500000e+00
     vertex  7.146325e+00 -9.640022e+00  0.000000e+00
   endloop
 endfacet
 facet normal  6.280757e-01 -7.781522e-01  0.000000e+00
   outer loop
     vertex  7.664299e+00 -9.233554e+00  1.500000e+00
     vertex  7.408101e+00 -9.440341e+00  1.500000e+00
     vertex  7.664299e+00 -9.233554e+00  0.000000e+00
   endloop
 endfacet
 facet normal  6.491872e-01 -7.606287e-01  0.000000e+00
   outer loop
     vertex  7.664299e+00 -9.233554e+00  1.500000e+00
     vertex  7.664299e+00 -9.233554e+00  0.000000e+00
     vertex  7.914728e+00 -9.019816e+00  0.000000e+00
   endloop
 endfacet
 facet normal  6.491872e-01 -7.606287e-01  0.000000e+00
   outer loop
     vertex  7.914728e+00 -9.019816e+00  1.500000e+00
     vertex  7.664299e+00 -9.233554e+00  1.500000e+00
     vertex  7.914728e+00 -9.019816e+00  0.000000e+00
   endloop
 endfacet
 facet normal  6.698100e-01 -7.425325e-01  0.000000e+00
   outer loop
     vertex  8.159199e+00 -8.799288e+00  1.500000e+00
     vertex  7.914728e+00 -9.019816e+00  0.000000e+00
     vertex  8.159199e+00 -8.799288e+00  0.000000e+00
   endloop
 endfacet
 facet normal  6.698100e-01 -7.425325e-01  0.000000e+00
   outer loop
     vertex  8.159199e+00 -8.799288e+00  1.500000e+00
     vertex  7.914728e+00 -9.019816e+00  1.500000e+00
     vertex  7.914728e+00 -9.019816e+00  0.000000e+00
   endloop
 endfacet
 facet normal  6.899286e-01 -7.238775e-01  0.000000e+00
   outer loop
     vertex  8.397528e+00 -8.572136e+00  1.500000e+00
     vertex  8.159199e+00 -8.799288e+00  0.000000e+00
     vertex  8.397528e+00 -8.572136e+00  0.000000e+00
   endloop
 endfacet
 facet normal  6.899286e-01 -7.238775e-01  0.000000e+00
   outer loop
     vertex  8.397528e+00 -8.572136e+00  1.500000e+00
     vertex  8.159199e+00 -8.799288e+00  1.500000e+00
     vertex  8.159199e+00 -8.799288e+00  0.000000e+00
   endloop
 endfacet
 facet normal  7.095278e-01 -7.046775e-01  0.000000e+00
   outer loop
     vertex  8.629536e+00 -8.338532e+00  1.500000e+00
     vertex  8.397528e+00 -8.572136e+00  0.000000e+00
     vertex  8.629536e+00 -8.338532e+00  0.000000e+00
   endloop
 endfacet
 facet normal  7.095278e-01 -7.046775e-01  0.000000e+00
   outer loop
     vertex  8.629536e+00 -8.338532e+00  1.500000e+00
     vertex  8.397528e+00 -8.572136e+00  1.500000e+00
     vertex  8.397528e+00 -8.572136e+00  0.000000e+00
   endloop
 endfacet
 facet normal  7.285929e-01 -6.849470e-01  0.000000e+00
   outer loop
     vertex  8.855048e+00 -8.098650e+00  1.500000e+00
     vertex  8.629536e+00 -8.338532e+00  0.000000e+00
     vertex  8.855048e+00 -8.098650e+00  0.000000e+00
   endloop
 endfacet
 facet normal  7.285929e-01 -6.849470e-01  0.000000e+00
   outer loop
     vertex  8.855048e+00 -8.098650e+00  1.500000e+00
     vertex  8.629536e+00 -8.338532e+00  1.500000e+00
     vertex  8.629536e+00 -8.338532e+00  0.000000e+00
   endloop
 endfacet
 facet normal  7.471095e-01 -6.647010e-01  0.000000e+00
   outer loop
     vertex  9.073893e+00 -7.852672e+00  1.500000e+00
     vertex  8.855048e+00 -8.098650e+00  0.000000e+00
     vertex  9.073893e+00 -7.852672e+00  0.000000e+00
   endloop
 endfacet
 facet normal  7.471095e-01 -6.647010e-01  0.000000e+00
   outer loop
     vertex  9.073893e+00 -7.852672e+00  1.500000e+00
     vertex  8.855048e+00 -8.098650e+00  1.500000e+00
     vertex  8.855048e+00 -8.098650e+00  0.000000e+00
   endloop
 endfacet
 facet normal  7.650637e-01 -6.439545e-01  0.000000e+00
   outer loop
     vertex  9.285909e+00 -7.600783e+00  1.500000e+00
     vertex  9.073893e+00 -7.852672e+00  0.000000e+00
     vertex  9.285909e+00 -7.600783e+00  0.000000e+00
   endloop
 endfacet
 facet normal  7.650637e-01 -6.439545e-01  0.000000e+00
   outer loop
     vertex  9.285909e+00 -7.600783e+00  1.500000e+00
     vertex  9.073893e+00 -7.852672e+00  1.500000e+00
     vertex  9.073893e+00 -7.852672e+00  0.000000e+00
   endloop
 endfacet
 facet normal  7.824421e-01 -6.227234e-01  0.000000e+00
   outer loop
     vertex  9.490934e+00 -7.343172e+00  1.500000e+00
     vertex  9.285909e+00 -7.600783e+00  0.000000e+00
     vertex  9.490934e+00 -7.343172e+00  0.000000e+00
   endloop
 endfacet
 facet normal  7.824421e-01 -6.227234e-01  0.000000e+00
   outer loop
     vertex  9.490934e+00 -7.343172e+00  1.500000e+00
     vertex  9.285909e+00 -7.600783e+00  1.500000e+00
     vertex  9.285909e+00 -7.600783e+00  0.000000e+00
   endloop
 endfacet
 facet normal  7.992314e-01 -6.010234e-01  0.000000e+00
   outer loop
     vertex  9.688815e+00 -7.080033e+00  1.500000e+00
     vertex  9.490934e+00 -7.343172e+00  0.000000e+00
     vertex  9.688815e+00 -7.080033e+00  0.000000e+00
   endloop
 endfacet
 facet normal  7.992314e-01 -6.010234e-01  0.000000e+00
   outer loop
     vertex  9.688815e+00 -7.080033e+00  1.500000e+00
     vertex  9.490934e+00 -7.343172e+00  1.500000e+00
     vertex  9.490934e+00 -7.343172e+00  0.000000e+00
   endloop
 endfacet
 facet normal  8.154191e-01 -5.788711e-01  0.000000e+00
   outer loop
     vertex  9.879402e+00 -6.811565e+00  1.500000e+00
     vertex  9.688815e+00 -7.080033e+00  0.000000e+00
     vertex  9.879402e+00 -6.811565e+00  0.000000e+00
   endloop
 endfacet
 facet normal  8.309929e-01 -5.562829e-01  0.000000e+00
   outer loop
     vertex  9.879402e+00 -6.811565e+00  1.500000e+00
     vertex  9.879402e+00 -6.811565e+00  0.000000e+00
     vertex  1.006255e+01 -6.537969e+00  0.000000e+00
   endloop
 endfacet
 facet normal  8.154191e-01 -5.788711e-01  0.000000e+00
   outer loop
     vertex  9.879402e+00 -6.811565e+00  1.500000e+00
     vertex  9.688815e+00 -7.080033e+00  1.500000e+00
     vertex  9.688815e+00 -7.080033e+00  0.000000e+00
   endloop
 endfacet
 facet normal  8.309929e-01 -5.562829e-01  0.000000e+00
   outer loop
     vertex  1.006255e+01 -6.537969e+00  1.500000e+00
     vertex  9.879402e+00 -6.811565e+00  1.500000e+00
     vertex  1.006255e+01 -6.537969e+00  0.000000e+00
   endloop
 endfacet
 facet normal  8.459413e-01 -5.332761e-01  0.000000e+00
   outer loop
     vertex  1.023813e+01 -6.259452e+00  1.500000e+00
     vertex  1.006255e+01 -6.537969e+00  0.000000e+00
     vertex  1.023813e+01 -6.259452e+00  0.000000e+00
   endloop
 endfacet
 facet normal  8.602528e-01 -5.098678e-01  0.000000e+00
   outer loop
     vertex  1.023813e+01 -6.259452e+00  1.500000e+00
     vertex  1.023813e+01 -6.259452e+00  0.000000e+00
     vertex  1.040600e+01 -5.976223e+00  0.000000e+00
   endloop
 endfacet
 facet normal  8.459413e-01 -5.332761e-01  0.000000e+00
   outer loop
     vertex  1.023813e+01 -6.259452e+00  1.500000e+00
     vertex  1.006255e+01 -6.537969e+00  1.500000e+00
     vertex  1.006255e+01 -6.537969e+00  0.000000e+00
   endloop
 endfacet
 facet normal  8.602528e-01 -5.098678e-01  0.000000e+00
   outer loop
     vertex  1.040600e+01 -5.976223e+00  1.500000e+00
     vertex  1.023813e+01 -6.259452e+00  1.500000e+00
     vertex  1.040600e+01 -5.976223e+00  0.000000e+00
   endloop
 endfacet
 facet normal  8.739167e-01 -4.860756e-01  0.000000e+00
   outer loop
     vertex  1.056603e+01 -5.688495e+00  1.500000e+00
     vertex  1.040600e+01 -5.976223e+00  0.000000e+00
     vertex  1.056603e+01 -5.688495e+00  0.000000e+00
   endloop
 endfacet
 facet normal  8.739167e-01 -4.860756e-01  0.000000e+00
   outer loop
     vertex  1.056603e+01 -5.688495e+00  1.500000e+00
     vertex  1.040600e+01 -5.976223e+00  1.500000e+00
     vertex  1.040600e+01 -5.976223e+00  0.000000e+00
   endloop
 endfacet
 facet normal  8.869228e-01 -4.619176e-01  0.000000e+00
   outer loop
     vertex  1.071811e+01 -5.396485e+00  1.500000e+00
     vertex  1.056603e+01 -5.688495e+00  1.500000e+00
     vertex  1.056603e+01 -5.688495e+00  0.000000e+00
   endloop
 endfacet
 facet normal  8.869228e-01 -4.619176e-01  0.000000e+00
   outer loop
     vertex  1.071811e+01 -5.396485e+00  1.500000e+00
     vertex  1.056603e+01 -5.688495e+00  0.000000e+00
     vertex  1.071811e+01 -5.396485e+00  0.000000e+00
   endloop
 endfacet
 facet normal  8.992613e-01 -4.374119e-01  0.000000e+00
   outer loop
     vertex  1.071811e+01 -5.396485e+00  1.500000e+00
     vertex  1.071811e+01 -5.396485e+00  0.000000e+00
     vertex  1.086213e+01 -5.100412e+00  0.000000e+00
   endloop
 endfacet
 facet normal  8.992613e-01 -4.374119e-01  0.000000e+00
   outer loop
     vertex  1.086213e+01 -5.100412e+00  1.500000e+00
     vertex  1.071811e+01 -5.396485e+00  1.500000e+00
     vertex  1.086213e+01 -5.100412e+00  0.000000e+00
   endloop
 endfacet
 facet normal  9.109228e-01 -4.125769e-01  0.000000e+00
   outer loop
     vertex  1.099796e+01 -4.800501e+00  1.500000e+00
     vertex  1.086213e+01 -5.100412e+00  1.500000e+00
     vertex  1.086213e+01 -5.100412e+00  0.000000e+00
   endloop
 endfacet
 facet normal  9.109228e-01 -4.125769e-01  0.000000e+00
   outer loop
     vertex  1.099796e+01 -4.800501e+00  1.500000e+00
     vertex  1.086213e+01 -5.100412e+00  0.000000e+00
     vertex  1.099796e+01 -4.800501e+00  0.000000e+00
   endloop
 endfacet
 facet normal  9.218986e-01 -3.874313e-01  0.000000e+00
   outer loop
     vertex  1.112552e+01 -4.496975e+00  1.500000e+00
     vertex  1.099796e+01 -4.800501e+00  1.500000e+00
     vertex  1.099796e+01 -4.800501e+00  0.000000e+00
   endloop
 endfacet
 facet normal  9.218986e-01 -3.874313e-01  0.000000e+00
   outer loop
     vertex  1.112552e+01 -4.496975e+00  1.500000e+00
     vertex  1.099796e+01 -4.800501e+00  0.000000e+00
     vertex  1.112552e+01 -4.496975e+00  0.000000e+00
   endloop
 endfacet
 facet normal  9.321804e-01 -3.619940e-01  0.000000e+00
   outer loop
     vertex  1.124470e+01 -4.190064e+00  1.500000e+00
     vertex  1.112552e+01 -4.496975e+00  1.500000e+00
     vertex  1.112552e+01 -4.496975e+00  0.000000e+00
   endloop
 endfacet
 facet normal  9.321804e-01 -3.619940e-01  0.000000e+00
   outer loop
     vertex  1.124470e+01 -4.190064e+00  1.500000e+00
     vertex  1.112552e+01 -4.496975e+00  0.000000e+00
     vertex  1.124470e+01 -4.190064e+00  0.000000e+00
   endloop
 endfacet
 facet normal  9.417605e-01 -3.362843e-01  0.000000e+00
   outer loop
     vertex  1.135542e+01 -3.880000e+00  1.500000e+00
     vertex  1.124470e+01 -4.190064e+00  1.500000e+00
     vertex  1.124470e+01 -4.190064e+00  0.000000e+00
   endloop
 endfacet
 facet normal  9.417605e-01 -3.362843e-01  0.000000e+00
   outer loop
     vertex  1.135542e+01 -3.880000e+00  1.500000e+00
     vertex  1.124470e+01 -4.190064e+00  0.000000e+00
     vertex  1.135542e+01 -3.880000e+00  0.000000e+00
   endloop
 endfacet
 facet normal  9.506317e-01 -3.103214e-01  0.000000e+00
   outer loop
     vertex  1.145759e+01 -3.567014e+00  1.500000e+00
     vertex  1.135542e+01 -3.880000e+00  1.500000e+00
     vertex  1.135542e+01 -3.880000e+00  0.000000e+00
   endloop
 endfacet
 facet normal  9.506317e-01 -3.103214e-01  0.000000e+00
   outer loop
     vertex  1.145759e+01 -3.567014e+00  1.500000e+00
     vertex  1.135542e+01 -3.880000e+00  0.000000e+00
     vertex  1.145759e+01 -3.567014e+00  0.000000e+00
   endloop
 endfacet
 facet normal  9.587873e-01 -2.841250e-01  0.000000e+00
   outer loop
     vertex  1.145759e+01 -3.567014e+00  1.500000e+00
     vertex  1.145759e+01 -3.567014e+00  0.000000e+00
     vertex  1.155114e+01 -3.251343e+00  0.000000e+00
   endloop
 endfacet
 facet normal  9.587873e-01 -2.841250e-01  0.000000e+00
   outer loop
     vertex  1.155114e+01 -3.251343e+00  1.500000e+00
     vertex  1.145759e+01 -3.567014e+00  1.500000e+00
     vertex  1.155114e+01 -3.251343e+00  0.000000e+00
   endloop
 endfacet
 facet normal  9.662211e-01 -2.577146e-01  0.000000e+00
   outer loop
     vertex  1.163599e+01 -2.933225e+00  1.500000e+00
     vertex  1.155114e+01 -3.251343e+00  1.500000e+00
     vertex  1.155114e+01 -3.251343e+00  0.000000e+00
   endloop
 endfacet
 facet normal  9.662211e-01 -2.577146e-01  0.000000e+00
   outer loop
     vertex  1.163599e+01 -2.933225e+00  1.500000e+00
     vertex  1.155114e+01 -3.251343e+00  0.000000e+00
     vertex  1.163599e+01 -2.933225e+00  0.000000e+00
   endloop
 endfacet
 facet normal  9.729276e-01 -2.311102e-01  0.000000e+00
   outer loop
     vertex  1.171208e+01 -2.612899e+00  1.500000e+00
     vertex  1.163599e+01 -2.933225e+00  1.500000e+00
     vertex  1.163599e+01 -2.933225e+00  0.000000e+00
   endloop
 endfacet
 facet normal  9.729276e-01 -2.311102e-01  0.000000e+00
   outer loop
     vertex  1.171208e+01 -2.612899e+00  1.500000e+00
     vertex  1.163599e+01 -2.933225e+00  0.000000e+00
     vertex  1.171208e+01 -2.612899e+00  0.000000e+00
   endloop
 endfacet
 facet normal  9.789017e-01 -2.043319e-01  0.000000e+00
   outer loop
     vertex  1.177935e+01 -2.290606e+00  1.500000e+00
     vertex  1.171208e+01 -2.612899e+00  1.500000e+00
     vertex  1.171208e+01 -2.612899e+00  0.000000e+00
   endloop
 endfacet
 facet normal  9.789017e-01 -2.043319e-01  0.000000e+00
   outer loop
     vertex  1.177935e+01 -2.290606e+00  1.500000e+00
     vertex  1.171208e+01 -2.612899e+00  0.000000e+00
     vertex  1.177935e+01 -2.290606e+00  0.000000e+00
   endloop
 endfacet
 facet normal  9.841389e-01 -1.773998e-01  0.000000e+00
   outer loop
     vertex  1.183776e+01 -1.966588e+00  1.500000e+00
     vertex  1.177935e+01 -2.290606e+00  1.500000e+00
     vertex  1.177935e+01 -2.290606e+00  0.000000e+00
   endloop
 endfacet
 facet normal  9.841389e-01 -1.773998e-01  0.000000e+00
   outer loop
     vertex  1.183776e+01 -1.966588e+00  1.500000e+00
     vertex  1.177935e+01 -2.290606e+00  0.000000e+00
     vertex  1.183776e+01 -1.966588e+00  0.000000e+00
   endloop
 endfacet
 facet normal  9.886353e-01 -1.503341e-01  0.000000e+00
   outer loop
     vertex  1.188725e+01 -1.641090e+00  1.500000e+00
     vertex  1.183776e+01 -1.966588e+00  1.500000e+00
     vertex  1.183776e+01 -1.966588e+00  0.000000e+00
   endloop
 endfacet
 facet normal  9.886353e-01 -1.503341e-01  0.000000e+00
   outer loop
     vertex  1.188725e+01 -1.641090e+00  1.500000e+00
     vertex  1.183776e+01 -1.966588e+00  0.000000e+00
     vertex  1.188725e+01 -1.641090e+00  0.000000e+00
   endloop
 endfacet
 facet normal  9.923874e-01 -1.231552e-01  0.000000e+00
   outer loop
     vertex  1.188725e+01 -1.641090e+00  1.500000e+00
     vertex  1.188725e+01 -1.641090e+00  0.000000e+00
     vertex  1.192780e+01 -1.314357e+00  0.000000e+00
   endloop
 endfacet
 facet normal  9.923874e-01 -1.231552e-01  0.000000e+00
   outer loop
     vertex  1.192780e+01 -1.314357e+00  1.500000e+00
     vertex  1.188725e+01 -1.641090e+00  1.500000e+00
     vertex  1.192780e+01 -1.314357e+00  0.000000e+00
   endloop
 endfacet
 facet normal  9.953925e-01 -9.588368e-02  0.000000e+00
   outer loop
     vertex  1.195937e+01 -9.866346e-01  1.500000e+00
     vertex  1.192780e+01 -1.314357e+00  0.000000e+00
     vertex  1.195937e+01 -9.866346e-01  0.000000e+00
   endloop
 endfacet
 facet normal  9.976484e-01 -6.853995e-02  0.000000e+00
   outer loop
     vertex  1.195937e+01 -9.866346e-01  1.500000e+00
     vertex  1.195937e+01 -9.866346e-01  0.000000e+00
     vertex  1.198194e+01 -6.581693e-01  0.000000e+00
   endloop
 endfacet
 facet normal  9.953925e-01 -9.588368e-02  0.000000e+00
   outer loop
     vertex  1.195937e+01 -9.866346e-01  1.500000e+00
     vertex  1.192780e+01 -1.314357e+00  1.500000e+00
     vertex  1.192780e+01 -1.314357e+00  0.000000e+00
   endloop
 endfacet
 facet normal  9.976484e-01 -6.853995e-02  0.000000e+00
   outer loop
     vertex  1.198194e+01 -6.581693e-01  1.500000e+00
     vertex  1.195937e+01 -9.866346e-01  1.500000e+00
     vertex  1.198194e+01 -6.581693e-01  0.000000e+00
   endloop
 endfacet
 facet normal  9.991532e-01 -4.114462e-02  0.000000e+00
   outer loop
     vertex  1.199548e+01 -3.292086e-01  1.500000e+00
     vertex  1.198194e+01 -6.581693e-01  0.000000e+00
     vertex  1.199548e+01 -3.292086e-01  0.000000e+00
   endloop
 endfacet
 facet normal  9.991532e-01 -4.114462e-02  0.000000e+00
   outer loop
     vertex  1.199548e+01 -3.292086e-01  1.500000e+00
     vertex  1.198194e+01 -6.581693e-01  1.500000e+00
     vertex  1.198194e+01 -6.581693e-01  0.000000e+00
   endloop
 endfacet
 facet normal  9.999059e-01 -1.371831e-02  0.000000e+00
   outer loop
     vertex  1.200000e+01  0.000000e+00  1.500000e+00
     vertex  1.199548e+01 -3.292086e-01  0.000000e+00
     vertex  1.200000e+01  0.000000e+00  0.000000e+00
   endloop
 endfacet
 facet normal  9.999059e-01 -1.371831e-02  0.000000e+00
   outer loop
     vertex  1.200000e+01  0.000000e+00  1.500000e+00
     vertex  1.199548e+01 -3.292086e-01  1.500000e+00
     vertex  1.199548e+01 -3.292086e-01  0.000000e+00
   endloop
 endfacet
 facet normal  9.999059e-01  1.371831e-02  0.000000e+00
   outer loop
     vertex  7.996989e+00  2.194724e-01  1.900000e+01
     vertex  8.000000e+00  0.000000e+00  1.900000e+01
     vertex  8.000000e+00  0.000000e+00  1.800000e+01
   endloop
 endfacet
 facet normal  9.999059e-01  1.371831e-02  0.000000e+00
   outer loop
     vertex  7.996989e+00  2.194724e-01  1.900000e+01
     vertex  8.000000e+00  0.000000e+00  1.800000e+01
     vertex  7.996989e+00  2.194724e-01  1.800000e+01
   endloop
 endfacet
 facet normal  9.991532e-01  4.114462e-02  0.000000e+00
   outer loop
     vertex  7.987958e+00  4.387796e-01  1.900000e+01
     vertex  7.996989e+00  2.194724e-01  1.800000e+01
     vertex  7.987958e+00  4.387796e-01  1.800000e+01
   endloop
 endfacet
 facet normal  9.991532e-01  4.114462e-02  0.000000e+00
   outer loop
     vertex  7.987958e+00  4.387796e-01  1.900000e+01
     vertex  7.996989e+00  2.194724e-01  1.900000e+01
     vertex  7.996989e+00  2.194724e-01  1.800000e+01
   endloop
 endfacet
 facet normal  9.976484e-01  6.853995e-02  0.000000e+00
   outer loop
     vertex  7.972914e+00  6.577564e-01  1.900000e+01
     vertex  7.987958e+00  4.387796e-01  1.800000e+01
     vertex  7.972914e+00  6.577564e-01  1.800000e+01
   endloop
 endfacet
 facet normal  9.976484e-01  6.853995e-02  0.000000e+00
   outer loop
     vertex  7.972914e+00  6.577564e-01  1.900000e+01
     vertex  7.987958e+00  4.387796e-01  1.900000e+01
     vertex  7.987958e+00  4.387796e-01  1.800000e+01
   endloop
 endfacet
 facet normal  9.953925e-01  9.588368e-02  0.000000e+00
   outer loop
     vertex  7.951868e+00  8.762382e-01  1.900000e+01
     vertex  7.972914e+00  6.577564e-01  1.800000e+01
     vertex  7.951868e+00  8.762382e-01  1.800000e+01
   endloop
 endfacet
 facet normal  9.953925e-01  9.588368e-02  0.000000e+00
   outer loop
     vertex  7.951868e+00  8.762382e-01  1.900000e+01
     vertex  7.972914e+00  6.577564e-01  1.900000e+01
     vertex  7.972914e+00  6.577564e-01  1.800000e+01
   endloop
 endfacet
 facet normal  9.923874e-01  1.231552e-01  0.000000e+00
   outer loop
     vertex  7.924836e+00  1.094060e+00  1.900000e+01
     vertex  7.951868e+00  8.762382e-01  1.800000e+01
     vertex  7.924836e+00  1.094060e+00  1.800000e+01
   endloop
 endfacet
 facet normal  9.923874e-01  1.231552e-01  0.000000e+00
   outer loop
     vertex  7.924836e+00  1.094060e+00  1.900000e+01
     vertex  7.951868e+00  8.762382e-01  1.900000e+01
     vertex  7.951868e+00  8.762382e-01  1.800000e+01
   endloop
 endfacet
 facet normal  9.886353e-01  1.503341e-01  0.000000e+00
   outer loop
     vertex  7.891839e+00  1.311059e+00  1.900000e+01
     vertex  7.924836e+00  1.094060e+00  1.800000e+01
     vertex  7.891839e+00  1.311059e+00  1.800000e+01
   endloop
 endfacet
 facet normal  9.886353e-01  1.503341e-01  0.000000e+00
   outer loop
     vertex  7.891839e+00  1.311059e+00  1.900000e+01
     vertex  7.924836e+00  1.094060e+00  1.900000e+01
     vertex  7.924836e+00  1.094060e+00  1.800000e+01
   endloop
 endfacet
 facet normal  9.841389e-01  1.773998e-01  0.000000e+00
   outer loop
     vertex  7.852901e+00  1.527070e+00  1.900000e+01
     vertex  7.891839e+00  1.311059e+00  1.800000e+01
     vertex  7.852901e+00  1.527070e+00  1.800000e+01
   endloop
 endfacet
 facet normal  9.841389e-01  1.773998e-01  0.000000e+00
   outer loop
     vertex  7.852901e+00  1.527070e+00  1.900000e+01
     vertex  7.891839e+00  1.311059e+00  1.900000e+01
     vertex  7.891839e+00  1.311059e+00  1.800000e+01
   endloop
 endfacet
 facet normal  9.789017e-01  2.043319e-01  0.000000e+00
   outer loop
     vertex  7.808052e+00  1.741933e+00  1.900000e+01
     vertex  7.852901e+00  1.527070e+00  1.800000e+01
     vertex  7.808052e+00  1.741933e+00  1.800000e+01
   endloop
 endfacet
 facet normal  9.789017e-01  2.043319e-01  0.000000e+00
   outer loop
     vertex  7.808052e+00  1.741933e+00  1.900000e+01
     vertex  7.852901e+00  1.527070e+00  1.900000e+01
     vertex  7.852901e+00  1.527070e+00  1.800000e+01
   endloop
 endfacet
 facet normal  9.729276e-01  2.311102e-01  0.000000e+00
   outer loop
     vertex  7.757325e+00  1.955483e+00  1.900000e+01
     vertex  7.808052e+00  1.741933e+00  1.800000e+01
     vertex  7.757325e+00  1.955483e+00  1.800000e+01
   endloop
 endfacet
 facet normal  9.729276e-01  2.311102e-01  0.000000e+00
   outer loop
     vertex  7.757325e+00  1.955483e+00  1.900000e+01
     vertex  7.808052e+00  1.741933e+00  1.900000e+01
     vertex  7.808052e+00  1.741933e+00  1.800000e+01
   endloop
 endfacet
 facet normal  9.662211e-01  2.577146e-01  0.000000e+00
   outer loop
     vertex  7.700758e+00  2.167562e+00  1.900000e+01
     vertex  7.757325e+00  1.955483e+00  1.900000e+01
     vertex  7.757325e+00  1.955483e+00  1.800000e+01
   endloop
 endfacet
 facet normal  9.662211e-01  2.577146e-01  0.000000e+00
   outer loop
     vertex  7.700758e+00  2.167562e+00  1.900000e+01
     vertex  7.757325e+00  1.955483e+00  1.800000e+01
     vertex  7.700758e+00  2.167562e+00  1.800000e+01
   endloop
 endfacet
 facet normal  9.587873e-01  2.841250e-01  0.000000e+00
   outer loop
     vertex  7.638395e+00  2.378009e+00  1.900000e+01
     vertex  7.700758e+00  2.167562e+00  1.900000e+01
     vertex  7.700758e+00  2.167562e+00  1.800000e+01
   endloop
 endfacet
 facet normal  9.587873e-01  2.841250e-01  0.000000e+00
   outer loop
     vertex  7.638395e+00  2.378009e+00  1.900000e+01
     vertex  7.700758e+00  2.167562e+00  1.800000e+01
     vertex  7.638395e+00  2.378009e+00  1.800000e+01
   endloop
 endfacet
 facet normal  9.506317e-01  3.103214e-01  0.000000e+00
   outer loop
     vertex  7.570281e+00  2.586666e+00  1.900000e+01
     vertex  7.638395e+00  2.378009e+00  1.900000e+01
     vertex  7.638395e+00  2.378009e+00  1.800000e+01
   endloop
 endfacet
 facet normal  9.506317e-01  3.103214e-01  0.000000e+00
   outer loop
     vertex  7.570281e+00  2.586666e+00  1.900000e+01
     vertex  7.638395e+00  2.378009e+00  1.800000e+01
     vertex  7.570281e+00  2.586666e+00  1.800000e+01
   endloop
 endfacet
 facet normal  9.417605e-01  3.362843e-01  0.000000e+00
   outer loop
     vertex  7.496469e+00  2.793376e+00  1.900000e+01
     vertex  7.570281e+00  2.586666e+00  1.900000e+01
     vertex  7.570281e+00  2.586666e+00  1.800000e+01
   endloop
 endfacet
 facet normal  9.417605e-01  3.362843e-01  0.000000e+00
   outer loop
     vertex  7.496469e+00  2.793376e+00  1.900000e+01
     vertex  7.570281e+00  2.586666e+00  1.800000e+01
     vertex  7.496469e+00  2.793376e+00  1.800000e+01
   endloop
 endfacet
 facet normal  9.321804e-01  3.619940e-01  0.000000e+00
   outer loop
     vertex  7.417014e+00  2.997983e+00  1.900000e+01
     vertex  7.496469e+00  2.793376e+00  1.900000e+01
     vertex  7.496469e+00  2.793376e+00  1.800000e+01
   endloop
 endfacet
 facet normal  9.321804e-01  3.619940e-01  0.000000e+00
   outer loop
     vertex  7.417014e+00  2.997983e+00  1.900000e+01
     vertex  7.496469e+00  2.793376e+00  1.800000e+01
     vertex  7.417014e+00  2.997983e+00  1.800000e+01
   endloop
 endfacet
 facet normal  9.218986e-01  3.874313e-01  0.000000e+00
   outer loop
     vertex  7.331975e+00  3.200334e+00  1.900000e+01
     vertex  7.417014e+00  2.997983e+00  1.900000e+01
     vertex  7.417014e+00  2.997983e+00  1.800000e+01
   endloop
 endfacet
 facet normal  9.218986e-01  3.874313e-01  0.000000e+00
   outer loop
     vertex  7.331975e+00  3.200334e+00  1.900000e+01
     vertex  7.417014e+00  2.997983e+00  1.800000e+01
     vertex  7.331975e+00  3.200334e+00  1.800000e+01
   endloop
 endfacet
 facet normal  9.109228e-01  4.125769e-01  0.000000e+00
   outer loop
     vertex  7.331975e+00  3.200334e+00  1.900000e+01
     vertex  7.331975e+00  3.200334e+00  1.800000e+01
     vertex  7.241418e+00  3.400275e+00  1.800000e+01
   endloop
 endfacet
 facet normal  9.109228e-01  4.125769e-01  0.000000e+00
   outer loop
     vertex  7.241418e+00  3.400275e+00  1.900000e+01
     vertex  7.331975e+00  3.200334e+00  1.900000e+01
     vertex  7.241418e+00  3.400275e+00  1.800000e+01
   endloop
 endfacet
 facet normal  8.992613e-01  4.374119e-01  0.000000e+00
   outer loop
     vertex  7.145409e+00  3.597656e+00  1.900000e+01
     vertex  7.241418e+00  3.400275e+00  1.900000e+01
     vertex  7.241418e+00  3.400275e+00  1.800000e+01
   endloop
 endfacet
 facet normal  8.992613e-01  4.374119e-01  0.000000e+00
   outer loop
     vertex  7.145409e+00  3.597656e+00  1.900000e+01
     vertex  7.241418e+00  3.400275e+00  1.800000e+01
     vertex  7.145409e+00  3.597656e+00  1.800000e+01
   endloop
 endfacet
 facet normal  8.869228e-01  4.619176e-01  0.000000e+00
   outer loop
     vertex  7.044021e+00  3.792330e+00  1.900000e+01
     vertex  7.145409e+00  3.597656e+00  1.900000e+01
     vertex  7.145409e+00  3.597656e+00  1.800000e+01
   endloop
 endfacet
 facet normal  8.869228e-01  4.619176e-01  0.000000e+00
   outer loop
     vertex  7.044021e+00  3.792330e+00  1.900000e+01
     vertex  7.145409e+00  3.597656e+00  1.800000e+01
     vertex  7.044021e+00  3.792330e+00  1.800000e+01
   endloop
 endfacet
 facet normal  8.739167e-01  4.860756e-01  0.000000e+00
   outer loop
     vertex  7.044021e+00  3.792330e+00  1.900000e+01
     vertex  7.044021e+00  3.792330e+00  1.800000e+01
     vertex  6.937331e+00  3.984149e+00  1.800000e+01
   endloop
 endfacet
 facet normal  8.739167e-01  4.860756e-01  0.000000e+00
   outer loop
     vertex  6.937331e+00  3.984149e+00  1.900000e+01
     vertex  7.044021e+00  3.792330e+00  1.900000e+01
     vertex  6.937331e+00  3.984149e+00  1.800000e+01
   endloop
 endfacet
 facet normal  8.602528e-01  5.098678e-01  0.000000e+00
   outer loop
     vertex  6.825419e+00  4.172968e+00  1.900000e+01
     vertex  6.937331e+00  3.984149e+00  1.900000e+01
     vertex  6.937331e+00  3.984149e+00  1.800000e+01
   endloop
 endfacet
 facet normal  8.602528e-01  5.098678e-01  0.000000e+00
   outer loop
     vertex  6.825419e+00  4.172968e+00  1.900000e+01
     vertex  6.937331e+00  3.984149e+00  1.800000e+01
     vertex  6.825419e+00  4.172968e+00  1.800000e+01
   endloop
 endfacet
 facet normal  8.459413e-01  5.332761e-01  0.000000e+00
   outer loop
     vertex  6.708368e+00  4.358646e+00  1.900000e+01
     vertex  6.825419e+00  4.172968e+00  1.900000e+01
     vertex  6.825419e+00  4.172968e+00  1.800000e+01
   endloop
 endfacet
 facet normal  8.459413e-01  5.332761e-01  0.000000e+00
   outer loop
     vertex  6.708368e+00  4.358646e+00  1.900000e+01
     vertex  6.825419e+00  4.172968e+00  1.800000e+01
     vertex  6.708368e+00  4.358646e+00  1.800000e+01
   endloop
 endfacet
 facet normal  8.309929e-01  5.562829e-01  0.000000e+00
   outer loop
     vertex  6.586268e+00  4.541043e+00  1.900000e+01
     vertex  6.708368e+00  4.358646e+00  1.800000e+01
     vertex  6.586268e+00  4.541043e+00  1.800000e+01
   endloop
 endfacet
 facet normal  8.309929e-01  5.562829e-01  0.000000e+00
   outer loop
     vertex  6.586268e+00  4.541043e+00  1.900000e+01
     vertex  6.708368e+00  4.358646e+00  1.900000e+01
     vertex  6.708368e+00  4.358646e+00  1.800000e+01
   endloop
 endfacet
 facet normal  8.154191e-01  5.788711e-01  0.000000e+00
   outer loop
     vertex  6.586268e+00  4.541043e+00  1.900000e+01
     vertex  6.586268e+00  4.541043e+00  1.800000e+01
     vertex  6.459210e+00  4.720022e+00  1.800000e+01
   endloop
 endfacet
 facet normal  8.154191e-01  5.788711e-01  0.000000e+00
   outer loop
     vertex  6.459210e+00  4.720022e+00  1.900000e+01
     vertex  6.586268e+00  4.541043e+00  1.900000e+01
     vertex  6.459210e+00  4.720022e+00  1.800000e+01
   endloop
 endfacet
 facet normal  7.992314e-01  6.010234e-01  0.000000e+00
   outer loop
     vertex  6.327289e+00  4.895448e+00  1.900000e+01
     vertex  6.459210e+00  4.720022e+00  1.900000e+01
     vertex  6.459210e+00  4.720022e+00  1.800000e+01
   endloop
 endfacet
 facet normal  7.992314e-01  6.010234e-01  0.000000e+00
   outer loop
     vertex  6.327289e+00  4.895448e+00  1.900000e+01
     vertex  6.459210e+00  4.720022e+00  1.800000e+01
     vertex  6.327289e+00  4.895448e+00  1.800000e+01
   endloop
 endfacet
 facet normal  7.824421e-01  6.227234e-01  0.000000e+00
   outer loop
     vertex  6.190606e+00  5.067189e+00  1.900000e+01
     vertex  6.327289e+00  4.895448e+00  1.800000e+01
     vertex  6.190606e+00  5.067189e+00  1.800000e+01
   endloop
 endfacet
 facet normal  7.824421e-01  6.227234e-01  0.000000e+00
   outer loop
     vertex  6.190606e+00  5.067189e+00  1.900000e+01
     vertex  6.327289e+00  4.895448e+00  1.900000e+01
     vertex  6.327289e+00  4.895448e+00  1.800000e+01
   endloop
 endfacet
 facet normal  7.650637e-01  6.439545e-01  0.000000e+00
   outer loop
     vertex  6.049262e+00  5.235115e+00  1.900000e+01
     vertex  6.190606e+00  5.067189e+00  1.800000e+01
     vertex  6.049262e+00  5.235115e+00  1.800000e+01
   endloop
 endfacet
 facet normal  7.650637e-01  6.439545e-01  0.000000e+00
   outer loop
     vertex  6.049262e+00  5.235115e+00  1.900000e+01
     vertex  6.190606e+00  5.067189e+00  1.900000e+01
     vertex  6.190606e+00  5.067189e+00  1.800000e+01
   endloop
 endfacet
 facet normal  7.471095e-01  6.647010e-01  0.000000e+00
   outer loop
     vertex  5.903365e+00  5.399100e+00  1.900000e+01
     vertex  6.049262e+00  5.235115e+00  1.800000e+01
     vertex  5.903365e+00  5.399100e+00  1.800000e+01
   endloop
 endfacet
 facet normal  7.471095e-01  6.647010e-01  0.000000e+00
   outer loop
     vertex  5.903365e+00  5.399100e+00  1.900000e+01
     vertex  6.049262e+00  5.235115e+00  1.900000e+01
     vertex  6.049262e+00  5.235115e+00  1.800000e+01
   endloop
 endfacet
 facet normal  7.285929e-01  6.849470e-01  0.000000e+00
   outer loop
     vertex  5.753024e+00  5.559021e+00  1.900000e+01
     vertex  5.903365e+00  5.399100e+00  1.800000e+01
     vertex  5.753024e+00  5.559021e+00  1.800000e+01
   endloop
 endfacet
 facet normal  7.285929e-01  6.849470e-01  0.000000e+00
   outer loop
     vertex  5.753024e+00  5.559021e+00  1.900000e+01
     vertex  5.903365e+00  5.399100e+00  1.900000e+01
     vertex  5.903365e+00  5.399100e+00  1.800000e+01
   endloop
 endfacet
 facet normal  7.095278e-01  7.046775e-01  0.000000e+00
   outer loop
     vertex  5.598352e+00  5.714758e+00  1.900000e+01
     vertex  5.753024e+00  5.559021e+00  1.800000e+01
     vertex  5.598352e+00  5.714758e+00  1.800000e+01
   endloop
 endfacet
 facet normal  7.095278e-01  7.046775e-01  0.000000e+00
   outer loop
     vertex  5.598352e+00  5.714758e+00  1.900000e+01
     vertex  5.753024e+00  5.559021e+00  1.900000e+01
     vertex  5.753024e+00  5.559021e+00  1.800000e+01
   endloop
 endfacet
 facet normal  6.899286e-01  7.238775e-01  0.000000e+00
   outer loop
     vertex  5.439466e+00  5.866192e+00  1.900000e+01
     vertex  5.598352e+00  5.714758e+00  1.800000e+01
     vertex  5.439466e+00  5.866192e+00  1.800000e+01
   endloop
 endfacet
 facet normal  6.899286e-01  7.238775e-01  0.000000e+00
   outer loop
     vertex  5.439466e+00  5.866192e+00  1.900000e+01
     vertex  5.598352e+00  5.714758e+00  1.900000e+01
     vertex  5.598352e+00  5.714758e+00  1.800000e+01
   endloop
 endfacet
 facet normal  6.698100e-01  7.425325e-01  0.000000e+00
   outer loop
     vertex  5.276485e+00  6.013211e+00  1.900000e+01
     vertex  5.439466e+00  5.866192e+00  1.800000e+01
     vertex  5.276485e+00  6.013211e+00  1.800000e+01
   endloop
 endfacet
 facet normal  6.698100e-01  7.425325e-01  0.000000e+00
   outer loop
     vertex  5.276485e+00  6.013211e+00  1.900000e+01
     vertex  5.439466e+00  5.866192e+00  1.900000e+01
     vertex  5.439466e+00  5.866192e+00  1.800000e+01
   endloop
 endfacet
 facet normal  6.491872e-01  7.606287e-01  0.000000e+00
   outer loop
     vertex  5.109533e+00  6.155703e+00  1.900000e+01
     vertex  5.276485e+00  6.013211e+00  1.800000e+01
     vertex  5.109533e+00  6.155703e+00  1.800000e+01
   endloop
 endfacet
 facet normal  6.491872e-01  7.606287e-01  0.000000e+00
   outer loop
     vertex  5.109533e+00  6.155703e+00  1.900000e+01
     vertex  5.276485e+00  6.013211e+00  1.900000e+01
     vertex  5.276485e+00  6.013211e+00  1.800000e+01
   endloop
 endfacet
 facet normal  6.280757e-01  7.781522e-01  0.000000e+00
   outer loop
     vertex  4.938734e+00  6.293561e+00  1.900000e+01
     vertex  5.109533e+00  6.155703e+00  1.800000e+01
     vertex  4.938734e+00  6.293561e+00  1.800000e+01
   endloop
 endfacet
 facet normal  6.280757e-01  7.781522e-01  0.000000e+00
   outer loop
     vertex  4.938734e+00  6.293561e+00  1.900000e+01
     vertex  5.109533e+00  6.155703e+00  1.900000e+01
     vertex  5.109533e+00  6.155703e+00  1.800000e+01
   endloop
 endfacet
 facet normal  6.064915e-01  7.950900e-01  0.000000e+00
   outer loop
     vertex  4.764217e+00  6.426682e+00  1.900000e+01
     vertex  4.938734e+00  6.293561e+00  1.800000e+01
     vertex  4.764217e+00  6.426682e+00  1.800000e+01
   endloop
 endfacet
 facet normal  5.844507e-01  8.114292e-01  0.000000e+00
   outer loop
     vertex  4.764217e+00  6.426682e+00  1.900000e+01
     vertex  4.764217e+00  6.426682e+00  1.800000e+01
     vertex  4.586114e+00  6.554964e+00  1.800000e+01
   endloop
 endfacet
 facet normal  6.064915e-01  7.950900e-01  0.000000e+00
   outer loop
     vertex  4.764217e+00  6.426682e+00  1.900000e+01
     vertex  4.938734e+00  6.293561e+00  1.900000e+01
     vertex  4.938734e+00  6.293561e+00  1.800000e+01
   endloop
 endfacet
 facet normal  5.844507e-01  8.114292e-01  0.000000e+00
   outer loop
     vertex  4.586114e+00  6.554964e+00  1.900000e+01
     vertex  4.764217e+00  6.426682e+00  1.900000e+01
     vertex  4.586114e+00  6.554964e+00  1.800000e+01
   endloop
 endfacet
 facet normal  5.619699e-01  8.271577e-01  0.000000e+00
   outer loop
     vertex  4.404559e+00  6.678313e+00  1.900000e+01
     vertex  4.586114e+00  6.554964e+00  1.900000e+01
     vertex  4.586114e+00  6.554964e+00  1.800000e+01
   endloop
 endfacet
 facet normal  5.619699e-01  8.271577e-01  0.000000e+00
   outer loop
     vertex  4.404559e+00  6.678313e+00  1.900000e+01
     vertex  4.586114e+00  6.554964e+00  1.800000e+01
     vertex  4.404559e+00  6.678313e+00  1.800000e+01
   endloop
 endfacet
 facet normal  5.390661e-01  8.422635e-01  0.000000e+00
   outer loop
     vertex  4.219688e+00  6.796634e+00  1.900000e+01
     vertex  4.404559e+00  6.678313e+00  1.900000e+01
     vertex  4.404559e+00  6.678313e+00  1.800000e+01
   endloop
 endfacet
 facet normal  5.390661e-01  8.422635e-01  0.000000e+00
   outer loop
     vertex  4.219688e+00  6.796634e+00  1.900000e+01
     vertex  4.404559e+00  6.678313e+00  1.800000e+01
     vertex  4.219688e+00  6.796634e+00  1.800000e+01
   endloop
 endfacet
 facet normal  5.157565e-01  8.567352e-01  0.000000e+00
   outer loop
     vertex  4.219688e+00  6.796634e+00  1.900000e+01
     vertex  4.219688e+00  6.796634e+00  1.800000e+01
     vertex  4.031640e+00  6.909839e+00  1.800000e+01
   endloop
 endfacet
 facet normal  5.157565e-01  8.567352e-01  0.000000e+00
   outer loop
     vertex  4.031640e+00  6.909839e+00  1.900000e+01
     vertex  4.219688e+00  6.796634e+00  1.900000e+01
     vertex  4.031640e+00  6.909839e+00  1.800000e+01
   endloop
 endfacet
 facet normal  4.920587e-01  8.705620e-01  0.000000e+00
   outer loop
     vertex  3.840558e+00  7.017843e+00  1.900000e+01
     vertex  4.031640e+00  6.909839e+00  1.900000e+01
     vertex  4.031640e+00  6.909839e+00  1.800000e+01
   endloop
 endfacet
 facet normal  4.920587e-01  8.705620e-01  0.000000e+00
   outer loop
     vertex  3.840558e+00  7.017843e+00  1.900000e+01
     vertex  4.031640e+00  6.909839e+00  1.800000e+01
     vertex  3.840558e+00  7.017843e+00  1.800000e+01
   endloop
 endfacet
 facet normal  4.679904e-01  8.837335e-01  0.000000e+00
   outer loop
     vertex  3.646584e+00  7.120563e+00  1.900000e+01
     vertex  3.840558e+00  7.017843e+00  1.900000e+01
     vertex  3.840558e+00  7.017843e+00  1.800000e+01
   endloop
 endfacet
 facet normal  4.679904e-01  8.837335e-01  0.000000e+00
   outer loop
     vertex  3.646584e+00  7.120563e+00  1.900000e+01
     vertex  3.840558e+00  7.017843e+00  1.800000e+01
     vertex  3.646584e+00  7.120563e+00  1.800000e+01
   endloop
 endfacet
 facet normal  4.435699e-01  8.962398e-01  0.000000e+00
   outer loop
     vertex  3.449866e+00  7.217924e+00  1.900000e+01
     vertex  3.646584e+00  7.120563e+00  1.900000e+01
     vertex  3.646584e+00  7.120563e+00  1.800000e+01
   endloop
 endfacet
 facet normal  4.435699e-01  8.962398e-01  0.000000e+00
   outer loop
     vertex  3.449866e+00  7.217924e+00  1.900000e+01
     vertex  3.646584e+00  7.120563e+00  1.800000e+01
     vertex  3.449866e+00  7.217924e+00  1.800000e+01
   endloop
 endfacet
 facet normal  4.188155e-01  9.080714e-01  0.000000e+00
   outer loop
     vertex  3.250551e+00  7.309851e+00  1.900000e+01
     vertex  3.449866e+00  7.217924e+00  1.900000e+01
     vertex  3.449866e+00  7.217924e+00  1.800000e+01
   endloop
 endfacet
 facet normal  4.188155e-01  9.080714e-01  0.000000e+00
   outer loop
     vertex  3.250551e+00  7.309851e+00  1.900000e+01
     vertex  3.449866e+00  7.217924e+00  1.800000e+01
     vertex  3.250551e+00  7.309851e+00  1.800000e+01
   endloop
 endfacet
 facet normal  3.937458e-01  9.192194e-01  0.000000e+00
   outer loop
     vertex  3.048788e+00  7.396275e+00  1.900000e+01
     vertex  3.250551e+00  7.309851e+00  1.900000e+01
     vertex  3.250551e+00  7.309851e+00  1.800000e+01
   endloop
 endfacet
 facet normal  3.937458e-01  9.192194e-01  0.000000e+00
   outer loop
     vertex  3.048788e+00  7.396275e+00  1.900000e+01
     vertex  3.250551e+00  7.309851e+00  1.800000e+01
     vertex  3.048788e+00  7.396275e+00  1.800000e+01
   endloop
 endfacet
 facet normal  3.683796e-01  9.296754e-01  0.000000e+00
   outer loop
     vertex  2.844731e+00  7.477132e+00  1.900000e+01
     vertex  3.048788e+00  7.396275e+00  1.900000e+01
     vertex  3.048788e+00  7.396275e+00  1.800000e+01
   endloop
 endfacet
 facet normal  3.683796e-01  9.296754e-01  0.000000e+00
   outer loop
     vertex  2.844731e+00  7.477132e+00  1.900000e+01
     vertex  3.048788e+00  7.396275e+00  1.800000e+01
     vertex  2.844731e+00  7.477132e+00  1.800000e+01
   endloop
 endfacet
 facet normal  3.427362e-01  9.394317e-01  0.000000e+00
   outer loop
     vertex  2.638532e+00  7.552360e+00  1.900000e+01
     vertex  2.844731e+00  7.477132e+00  1.900000e+01
     vertex  2.844731e+00  7.477132e+00  1.800000e+01
   endloop
 endfacet
 facet normal  3.427362e-01  9.394317e-01  0.000000e+00
   outer loop
     vertex  2.638532e+00  7.552360e+00  1.900000e+01
     vertex  2.844731e+00  7.477132e+00  1.800000e+01
     vertex  2.638532e+00  7.552360e+00  1.800000e+01
   endloop
 endfacet
 facet normal  3.168348e-01  9.484807e-01  0.000000e+00
   outer loop
     vertex  2.638532e+00  7.552360e+00  1.900000e+01
     vertex  2.638532e+00  7.552360e+00  1.800000e+01
     vertex  2.430348e+00  7.621903e+00  1.800000e+01
   endloop
 endfacet
 facet normal  3.168348e-01  9.484807e-01  0.000000e+00
   outer loop
     vertex  2.430348e+00  7.621903e+00  1.900000e+01
     vertex  2.638532e+00  7.552360e+00  1.900000e+01
     vertex  2.430348e+00  7.621903e+00  1.800000e+01
   endloop
 endfacet
 facet normal  2.906949e-01  9.568158e-01  0.000000e+00
   outer loop
     vertex  2.220333e+00  7.685709e+00  1.900000e+01
     vertex  2.430348e+00  7.621903e+00  1.900000e+01
     vertex  2.430348e+00  7.621903e+00  1.800000e+01
   endloop
 endfacet
 facet normal  2.906949e-01  9.568158e-01  0.000000e+00
   outer loop
     vertex  2.220333e+00  7.685709e+00  1.900000e+01
     vertex  2.430348e+00  7.621903e+00  1.800000e+01
     vertex  2.220333e+00  7.685709e+00  1.800000e+01
   endloop
 endfacet
 facet normal  2.643362e-01  9.644306e-01  0.000000e+00
   outer loop
     vertex  2.008647e+00  7.743729e+00  1.900000e+01
     vertex  2.220333e+00  7.685709e+00  1.900000e+01
     vertex  2.220333e+00  7.685709e+00  1.800000e+01
   endloop
 endfacet
 facet normal  2.643362e-01  9.644306e-01  0.000000e+00
   outer loop
     vertex  2.008647e+00  7.743729e+00  1.900000e+01
     vertex  2.220333e+00  7.685709e+00  1.800000e+01
     vertex  2.008647e+00  7.743729e+00  1.800000e+01
   endloop
 endfacet
 facet normal  2.377784e-01  9.713194e-01  0.000000e+00
   outer loop
     vertex  2.008647e+00  7.743729e+00  1.900000e+01
     vertex  2.008647e+00  7.743729e+00  1.800000e+01
     vertex  1.795450e+00  7.795920e+00  1.800000e+01
   endloop
 endfacet
 facet normal  2.377784e-01  9.713194e-01  0.000000e+00
   outer loop
     vertex  1.795450e+00  7.795920e+00  1.900000e+01
     vertex  2.008647e+00  7.743729e+00  1.900000e+01
     vertex  1.795450e+00  7.795920e+00  1.800000e+01
   endloop
 endfacet
 facet normal  2.110417e-01  9.774771e-01  0.000000e+00
   outer loop
     vertex  1.795450e+00  7.795920e+00  1.900000e+01
     vertex  1.795450e+00  7.795920e+00  1.800000e+01
     vertex  1.580900e+00  7.842242e+00  1.800000e+01
   endloop
 endfacet
 facet normal  2.110417e-01  9.774771e-01  0.000000e+00
   outer loop
     vertex  1.580900e+00  7.842242e+00  1.900000e+01
     vertex  1.795450e+00  7.795920e+00  1.900000e+01
     vertex  1.580900e+00  7.842242e+00  1.800000e+01
   endloop
 endfacet
 facet normal  1.841461e-01  9.828989e-01  0.000000e+00
   outer loop
     vertex  1.365161e+00  7.882660e+00  1.900000e+01
     vertex  1.580900e+00  7.842242e+00  1.900000e+01
     vertex  1.580900e+00  7.842242e+00  1.800000e+01
   endloop
 endfacet
 facet normal  1.841461e-01  9.828989e-01  0.000000e+00
   outer loop
     vertex  1.365161e+00  7.882660e+00  1.900000e+01
     vertex  1.580900e+00  7.842242e+00  1.800000e+01
     vertex  1.365161e+00  7.882660e+00  1.800000e+01
   endloop
 endfacet
 facet normal  1.571119e-01  9.875808e-01  0.000000e+00
   outer loop
     vertex  1.148394e+00  7.917145e+00  1.900000e+01
     vertex  1.365161e+00  7.882660e+00  1.900000e+01
     vertex  1.365161e+00  7.882660e+00  1.800000e+01
   endloop
 endfacet
 facet normal  1.571119e-01  9.875808e-01  0.000000e+00
   outer loop
     vertex  1.148394e+00  7.917145e+00  1.900000e+01
     vertex  1.365161e+00  7.882660e+00  1.800000e+01
     vertex  1.148394e+00  7.917145e+00  1.800000e+01
   endloop
 endfacet
 facet normal  1.299594e-01  9.915193e-01  0.000000e+00
   outer loop
     vertex  9.307619e-01  7.945671e+00  1.900000e+01
     vertex  1.148394e+00  7.917145e+00  1.900000e+01
     vertex  1.148394e+00  7.917145e+00  1.800000e+01
   endloop
 endfacet
 facet normal  1.299594e-01  9.915193e-01  0.000000e+00
   outer loop
     vertex  9.307619e-01  7.945671e+00  1.900000e+01
     vertex  1.148394e+00  7.917145e+00  1.800000e+01
     vertex  9.307619e-01  7.945671e+00  1.800000e+01
   endloop
 endfacet
 facet normal  1.027091e-01  9.947114e-01  0.000000e+00
   outer loop
     vertex  7.124297e-01  7.968215e+00  1.900000e+01
     vertex  9.307619e-01  7.945671e+00  1.900000e+01
     vertex  9.307619e-01  7.945671e+00  1.800000e+01
   endloop
 endfacet
 facet normal  1.027091e-01  9.947114e-01  0.000000e+00
   outer loop
     vertex  7.124297e-01  7.968215e+00  1.900000e+01
     vertex  9.307619e-01  7.945671e+00  1.800000e+01
     vertex  7.124297e-01  7.968215e+00  1.800000e+01
   endloop
 endfacet
 facet normal  7.538152e-02  9.971548e-01  0.000000e+00
   outer loop
     vertex  7.124297e-01  7.968215e+00  1.900000e+01
     vertex  7.124297e-01  7.968215e+00  1.800000e+01
     vertex  4.935612e-01  7.984760e+00  1.800000e+01
   endloop
 endfacet
 facet normal  7.538152e-02  9.971548e-01  0.000000e+00
   outer loop
     vertex  4.935612e-01  7.984760e+00  1.900000e+01
     vertex  7.124297e-01  7.968215e+00  1.900000e+01
     vertex  4.935612e-01  7.984760e+00  1.800000e+01
   endloop
 endfacet
 facet normal  4.799716e-02  9.988475e-01  0.000000e+00
   outer loop
     vertex  2.743211e-01  7.995295e+00  1.900000e+01
     vertex  4.935612e-01  7.984760e+00  1.900000e+01
     vertex  4.935612e-01  7.984760e+00  1.800000e+01
   endloop
 endfacet
 facet normal  4.799716e-02  9.988475e-01  0.000000e+00
   outer loop
     vertex  2.743211e-01  7.995295e+00  1.900000e+01
     vertex  4.935612e-01  7.984760e+00  1.800000e+01
     vertex  2.743211e-01  7.995295e+00  1.800000e+01
   endloop
 endfacet
 facet normal  2.057667e-02  9.997883e-01  0.000000e+00
   outer loop
     vertex  5.487455e-02  7.999812e+00  1.900000e+01
     vertex  2.743211e-01  7.995295e+00  1.800000e+01
     vertex  5.487455e-02  7.999812e+00  1.800000e+01
   endloop
 endfacet
 facet normal  2.057667e-02  9.997883e-01  0.000000e+00
   outer loop
     vertex  5.487455e-02  7.999812e+00  1.900000e+01
     vertex  2.743211e-01  7.995295e+00  1.900000e+01
     vertex  2.743211e-01  7.995295e+00  1.800000e+01
   endloop
 endfacet
 facet normal -6.859319e-03  9.999765e-01  0.000000e+00
   outer loop
     vertex  5.487455e-02  7.999812e+00  1.900000e+01
     vertex  5.487455e-02  7.999812e+00  1.800000e+01
     vertex -1.646133e-01  7.998306e+00  1.800000e+01
   endloop
 endfacet
 facet normal -6.859319e-03  9.999765e-01  0.000000e+00
   outer loop
     vertex -1.646133e-01  7.998306e+00  1.900000e+01
     vertex  5.487455e-02  7.999812e+00  1.900000e+01
     vertex -1.646133e-01  7.998306e+00  1.800000e+01
   endloop
 endfacet
 facet normal -3.429014e-02  9.994119e-01  0.000000e+00
   outer loop
     vertex -3.839773e-01  7.990780e+00  1.900000e+01
     vertex -1.646133e-01  7.998306e+00  1.800000e+01
     vertex -3.839773e-01  7.990780e+00  1.800000e+01
   endloop
 endfacet
 facet normal -6.169515e-02  9.980950e-01  0.000000e+00
   outer loop
     vertex -3.839773e-01  7.990780e+00  1.900000e+01
     vertex -3.839773e-01  7.990780e+00  1.800000e+01
     vertex -6.030522e-01  7.977238e+00  1.800000e+01
   endloop
 endfacet
 facet normal -3.429014e-02  9.994119e-01  0.000000e+00
   outer loop
     vertex -3.839773e-01  7.990780e+00  1.900000e+01
     vertex -1.646133e-01  7.998306e+00  1.900000e+01
     vertex -1.646133e-01  7.998306e+00  1.800000e+01
   endloop
 endfacet
 facet normal -8.905371e-02  9.960268e-01  0.000000e+00
   outer loop
     vertex -6.030522e-01  7.977238e+00  1.900000e+01
     vertex -6.030522e-01  7.977238e+00  1.800000e+01
     vertex -8.216731e-01  7.957691e+00  1.800000e+01
   endloop
 endfacet
 facet normal -6.169515e-02  9.980950e-01  0.000000e+00
   outer loop
     vertex -6.030522e-01  7.977238e+00  1.900000e+01
     vertex -3.839773e-01  7.990780e+00  1.900000e+01
     vertex -6.030522e-01  7.977238e+00  1.800000e+01
   endloop
 endfacet
 facet normal -8.905371e-02  9.960268e-01  0.000000e+00
   outer loop
     vertex -8.216731e-01  7.957691e+00  1.900000e+01
     vertex -6.030522e-01  7.977238e+00  1.900000e+01
     vertex -8.216731e-01  7.957691e+00  1.800000e+01
   endloop
 endfacet
 facet normal -1.163452e-01  9.932088e-01  0.000000e+00
   outer loop
     vertex -1.039676e+00  7.932154e+00  1.900000e+01
     vertex -8.216731e-01  7.957691e+00  1.900000e+01
     vertex -8.216731e-01  7.957691e+00  1.800000e+01
   endloop
 endfacet
 facet normal -1.163452e-01  9.932088e-01  0.000000e+00
   outer loop
     vertex -1.039676e+00  7.932154e+00  1.900000e+01
     vertex -8.216731e-01  7.957691e+00  1.800000e+01
     vertex -1.039676e+00  7.932154e+00  1.800000e+01
   endloop
 endfacet
 facet normal -1.435492e-01  9.896432e-01  0.000000e+00
   outer loop
     vertex -1.039676e+00  7.932154e+00  1.900000e+01
     vertex -1.039676e+00  7.932154e+00  1.800000e+01
     vertex -1.256895e+00  7.900646e+00  1.800000e+01
   endloop
 endfacet
 facet normal -1.435492e-01  9.896432e-01  0.000000e+00
   outer loop
     vertex -1.256895e+00  7.900646e+00  1.900000e+01
     vertex -1.039676e+00  7.932154e+00  1.900000e+01
     vertex -1.256895e+00  7.900646e+00  1.800000e+01
   endloop
 endfacet
 facet normal -1.706451e-01  9.853326e-01  0.000000e+00
   outer loop
     vertex -1.473169e+00  7.863191e+00  1.900000e+01
     vertex -1.256895e+00  7.900646e+00  1.900000e+01
     vertex -1.256895e+00  7.900646e+00  1.800000e+01
   endloop
 endfacet
 facet normal -1.706451e-01  9.853326e-01  0.000000e+00
   outer loop
     vertex -1.473169e+00  7.863191e+00  1.900000e+01
     vertex -1.256895e+00  7.900646e+00  1.800000e+01
     vertex -1.473169e+00  7.863191e+00  1.800000e+01
   endloop
 endfacet
 facet normal -1.976125e-01  9.802802e-01  0.000000e+00
   outer loop
     vertex -1.473169e+00  7.863191e+00  1.900000e+01
     vertex -1.473169e+00  7.863191e+00  1.800000e+01
     vertex -1.688334e+00  7.819816e+00  1.800000e+01
   endloop
 endfacet
 facet normal -1.976125e-01  9.802802e-01  0.000000e+00
   outer loop
     vertex -1.688334e+00  7.819816e+00  1.900000e+01
     vertex -1.473169e+00  7.863191e+00  1.900000e+01
     vertex -1.688334e+00  7.819816e+00  1.800000e+01
   endloop
 endfacet
 facet normal -2.244312e-01  9.744899e-01  0.000000e+00
   outer loop
     vertex -1.902227e+00  7.770555e+00  1.900000e+01
     vertex -1.688334e+00  7.819816e+00  1.900000e+01
     vertex -1.688334e+00  7.819816e+00  1.800000e+01
   endloop
 endfacet
 facet normal -2.244312e-01  9.744899e-01  0.000000e+00
   outer loop
     vertex -1.902227e+00  7.770555e+00  1.900000e+01
     vertex -1.688334e+00  7.819816e+00  1.800000e+01
     vertex -1.902227e+00  7.770555e+00  1.800000e+01
   endloop
 endfacet
 facet normal -2.510809e-01  9.679661e-01  0.000000e+00
   outer loop
     vertex -1.902227e+00  7.770555e+00  1.900000e+01
     vertex -1.902227e+00  7.770555e+00  1.800000e+01
     vertex -2.114689e+00  7.715445e+00  1.800000e+01
   endloop
 endfacet
 facet normal -2.510809e-01  9.679661e-01  0.000000e+00
   outer loop
     vertex -2.114689e+00  7.715445e+00  1.900000e+01
     vertex -1.902227e+00  7.770555e+00  1.900000e+01
     vertex -2.114689e+00  7.715445e+00  1.800000e+01
   endloop
 endfacet
 facet normal -2.775416e-01  9.607136e-01  0.000000e+00
   outer loop
     vertex -2.325559e+00  7.654526e+00  1.900000e+01
     vertex -2.114689e+00  7.715445e+00  1.900000e+01
     vertex -2.114689e+00  7.715445e+00  1.800000e+01
   endloop
 endfacet
 facet normal -2.775416e-01  9.607136e-01  0.000000e+00
   outer loop
     vertex -2.325559e+00  7.654526e+00  1.900000e+01
     vertex -2.114689e+00  7.715445e+00  1.800000e+01
     vertex -2.325559e+00  7.654526e+00  1.800000e+01
   endloop
 endfacet
 facet normal -3.037934e-01  9.527379e-01  0.000000e+00
   outer loop
     vertex -2.534679e+00  7.587846e+00  1.900000e+01
     vertex -2.325559e+00  7.654526e+00  1.900000e+01
     vertex -2.325559e+00  7.654526e+00  1.800000e+01
   endloop
 endfacet
 facet normal -3.037934e-01  9.527379e-01  0.000000e+00
   outer loop
     vertex -2.534679e+00  7.587846e+00  1.900000e+01
     vertex -2.325559e+00  7.654526e+00  1.800000e+01
     vertex -2.534679e+00  7.587846e+00  1.800000e+01
   endloop
 endfacet
 facet normal -3.298166e-01  9.440450e-01  0.000000e+00
   outer loop
     vertex -2.534679e+00  7.587846e+00  1.900000e+01
     vertex -2.534679e+00  7.587846e+00  1.800000e+01
     vertex -2.741890e+00  7.515453e+00  1.800000e+01
   endloop
 endfacet
 facet normal -3.298166e-01  9.440450e-01  0.000000e+00
   outer loop
     vertex -2.741890e+00  7.515453e+00  1.900000e+01
     vertex -2.534679e+00  7.587846e+00  1.900000e+01
     vertex -2.741890e+00  7.515453e+00  1.800000e+01
   endloop
 endfacet
 facet normal -3.555914e-01  9.346415e-01  0.000000e+00
   outer loop
     vertex -2.947037e+00  7.437404e+00  1.900000e+01
     vertex -2.741890e+00  7.515453e+00  1.900000e+01
     vertex -2.741890e+00  7.515453e+00  1.800000e+01
   endloop
 endfacet
 facet normal -3.555914e-01  9.346415e-01  0.000000e+00
   outer loop
     vertex -2.947037e+00  7.437404e+00  1.900000e+01
     vertex -2.741890e+00  7.515453e+00  1.800000e+01
     vertex -2.947037e+00  7.437404e+00  1.800000e+01
   endloop
 endfacet
 facet normal -3.810986e-01  9.245344e-01  0.000000e+00
   outer loop
     vertex -3.149966e+00  7.353755e+00  1.900000e+01
     vertex -2.947037e+00  7.437404e+00  1.900000e+01
     vertex -2.947037e+00  7.437404e+00  1.800000e+01
   endloop
 endfacet
 facet normal -3.810986e-01  9.245344e-01  0.000000e+00
   outer loop
     vertex -3.149966e+00  7.353755e+00  1.900000e+01
     vertex -2.947037e+00  7.437404e+00  1.800000e+01
     vertex -3.149966e+00  7.353755e+00  1.800000e+01
   endloop
 endfacet
 facet normal -4.063188e-01  9.137314e-01  0.000000e+00
   outer loop
     vertex -3.350524e+00  7.264571e+00  1.900000e+01
     vertex -3.149966e+00  7.353755e+00  1.800000e+01
     vertex -3.350524e+00  7.264571e+00  1.800000e+01
   endloop
 endfacet
 facet normal -4.063188e-01  9.137314e-01  0.000000e+00
   outer loop
     vertex -3.350524e+00  7.264571e+00  1.900000e+01
     vertex -3.149966e+00  7.353755e+00  1.900000e+01
     vertex -3.149966e+00  7.353755e+00  1.800000e+01
   endloop
 endfacet
 facet normal -4.312333e-01  9.022405e-01  0.000000e+00
   outer loop
     vertex -3.548559e+00  7.169918e+00  1.900000e+01
     vertex -3.350524e+00  7.264571e+00  1.800000e+01
     vertex -3.548559e+00  7.169918e+00  1.800000e+01
   endloop
 endfacet
 facet normal -4.312333e-01  9.022405e-01  0.000000e+00
   outer loop
     vertex -3.548559e+00  7.169918e+00  1.900000e+01
     vertex -3.350524e+00  7.264571e+00  1.900000e+01
     vertex -3.350524e+00  7.264571e+00  1.800000e+01
   endloop
 endfacet
 facet normal -4.558231e-01  8.900704e-01  0.000000e+00
   outer loop
     vertex -3.743923e+00  7.069868e+00  1.900000e+01
     vertex -3.548559e+00  7.169918e+00  1.800000e+01
     vertex -3.743923e+00  7.069868e+00  1.800000e+01
   endloop
 endfacet
 facet normal -4.800697e-01  8.772303e-01  0.000000e+00
   outer loop
     vertex -3.743923e+00  7.069868e+00  1.900000e+01
     vertex -3.743923e+00  7.069868e+00  1.800000e+01
     vertex -3.936469e+00  6.964496e+00  1.800000e+01
   endloop
 endfacet
 facet normal -4.558231e-01  8.900704e-01  0.000000e+00
   outer loop
     vertex -3.743923e+00  7.069868e+00  1.900000e+01
     vertex -3.548559e+00  7.169918e+00  1.900000e+01
     vertex -3.548559e+00  7.169918e+00  1.800000e+01
   endloop
 endfacet
 facet normal -5.039550e-01  8.637299e-01  0.000000e+00
   outer loop
     vertex -3.936469e+00  6.964496e+00  1.900000e+01
     vertex -3.936469e+00  6.964496e+00  1.800000e+01
     vertex -4.126052e+00  6.853882e+00  1.800000e+01
   endloop
 endfacet
 facet normal -4.800697e-01  8.772303e-01  0.000000e+00
   outer loop
     vertex -3.936469e+00  6.964496e+00  1.900000e+01
     vertex -3.743923e+00  7.069868e+00  1.900000e+01
     vertex -3.936469e+00  6.964496e+00  1.800000e+01
   endloop
 endfacet
 facet normal -5.274609e-01  8.495793e-01  0.000000e+00
   outer loop
     vertex -4.126052e+00  6.853882e+00  1.900000e+01
     vertex -4.126052e+00  6.853882e+00  1.800000e+01
     vertex -4.312529e+00  6.738108e+00  1.800000e+01
   endloop
 endfacet
 facet normal -5.039550e-01  8.637299e-01  0.000000e+00
   outer loop
     vertex -4.126052e+00  6.853882e+00  1.900000e+01
     vertex -3.936469e+00  6.964496e+00  1.900000e+01
     vertex -4.126052e+00  6.853882e+00  1.800000e+01
   endloop
 endfacet
 facet normal -5.274609e-01  8.495793e-01  0.000000e+00
   outer loop
     vertex -4.312529e+00  6.738108e+00  1.900000e+01
     vertex -4.126052e+00  6.853882e+00  1.900000e+01
     vertex -4.312529e+00  6.738108e+00  1.800000e+01
   endloop
 endfacet
 facet normal -5.505698e-01  8.347891e-01  0.000000e+00
   outer loop
     vertex -4.495759e+00  6.617261e+00  1.900000e+01
     vertex -4.312529e+00  6.738108e+00  1.800000e+01
     vertex -4.495759e+00  6.617261e+00  1.800000e+01
   endloop
 endfacet
 facet normal -5.505698e-01  8.347891e-01  0.000000e+00
   outer loop
     vertex -4.495759e+00  6.617261e+00  1.900000e+01
     vertex -4.312529e+00  6.738108e+00  1.900000e+01
     vertex -4.312529e+00  6.738108e+00  1.800000e+01
   endloop
 endfacet
 facet normal -5.732642e-01  8.193706e-01  0.000000e+00
   outer loop
     vertex -4.675605e+00  6.491434e+00  1.900000e+01
     vertex -4.495759e+00  6.617261e+00  1.800000e+01
     vertex -4.675605e+00  6.491434e+00  1.800000e+01
   endloop
 endfacet
 facet normal -5.955271e-01  8.033352e-01  0.000000e+00
   outer loop
     vertex -4.675605e+00  6.491434e+00  1.900000e+01
     vertex -4.675605e+00  6.491434e+00  1.800000e+01
     vertex -4.851932e+00  6.360720e+00  1.800000e+01
   endloop
 endfacet
 facet normal -5.732642e-01  8.193706e-01  0.000000e+00
   outer loop
     vertex -4.675605e+00  6.491434e+00  1.900000e+01
     vertex -4.495759e+00  6.617261e+00  1.900000e+01
     vertex -4.495759e+00  6.617261e+00  1.800000e+01
   endloop
 endfacet
 facet normal -5.955271e-01  8.033352e-01  0.000000e+00
   outer loop
     vertex -4.851932e+00  6.360720e+00  1.900000e+01
     vertex -4.675605e+00  6.491434e+00  1.900000e+01
     vertex -4.851932e+00  6.360720e+00  1.800000e+01
   endloop
 endfacet
 facet normal -6.173417e-01  7.866951e-01  0.000000e+00
   outer loop
     vertex -5.024606e+00  6.225218e+00  1.900000e+01
     vertex -4.851932e+00  6.360720e+00  1.800000e+01
     vertex -5.024606e+00  6.225218e+00  1.800000e+01
   endloop
 endfacet
 facet normal -6.386916e-01  7.694628e-01  0.000000e+00
   outer loop
     vertex -5.024606e+00  6.225218e+00  1.900000e+01
     vertex -5.024606e+00  6.225218e+00  1.800000e+01
     vertex -5.193498e+00  6.085029e+00  1.800000e+01
   endloop
 endfacet
 facet normal -6.173417e-01  7.866951e-01  0.000000e+00
   outer loop
     vertex -5.024606e+00  6.225218e+00  1.900000e+01
     vertex -4.851932e+00  6.360720e+00  1.900000e+01
     vertex -4.851932e+00  6.360720e+00  1.800000e+01
   endloop
 endfacet
 facet normal -6.386916e-01  7.694628e-01  0.000000e+00
   outer loop
     vertex -5.193498e+00  6.085029e+00  1.900000e+01
     vertex -5.024606e+00  6.225218e+00  1.900000e+01
     vertex -5.193498e+00  6.085029e+00  1.800000e+01
   endloop
 endfacet
 facet normal -6.595607e-01  7.516513e-01  0.000000e+00
   outer loop
     vertex -5.358480e+00  5.940260e+00  1.900000e+01
     vertex -5.193498e+00  6.085029e+00  1.800000e+01
     vertex -5.358480e+00  5.940260e+00  1.800000e+01
   endloop
 endfacet
 facet normal -6.595607e-01  7.516513e-01  0.000000e+00
   outer loop
     vertex -5.358480e+00  5.940260e+00  1.900000e+01
     vertex -5.193498e+00  6.085029e+00  1.900000e+01
     vertex -5.193498e+00  6.085029e+00  1.800000e+01
   endloop
 endfacet
 facet normal -6.799333e-01  7.332740e-01  0.000000e+00
   outer loop
     vertex -5.519428e+00  5.791020e+00  1.900000e+01
     vertex -5.358480e+00  5.940260e+00  1.800000e+01
     vertex -5.519428e+00  5.791020e+00  1.800000e+01
   endloop
 endfacet
 facet normal -6.997940e-01  7.143447e-01  0.000000e+00
   outer loop
     vertex -5.519428e+00  5.791020e+00  1.900000e+01
     vertex -5.519428e+00  5.791020e+00  1.800000e+01
     vertex -5.676222e+00  5.637420e+00  1.800000e+01
   endloop
 endfacet
 facet normal -6.799333e-01  7.332740e-01  0.000000e+00
   outer loop
     vertex -5.519428e+00  5.791020e+00  1.900000e+01
     vertex -5.358480e+00  5.940260e+00  1.900000e+01
     vertex -5.358480e+00  5.940260e+00  1.800000e+01
   endloop
 endfacet
 facet normal -6.997940e-01  7.143447e-01  0.000000e+00
   outer loop
     vertex -5.676222e+00  5.637420e+00  1.900000e+01
     vertex -5.519428e+00  5.791020e+00  1.900000e+01
     vertex -5.676222e+00  5.637420e+00  1.800000e+01
   endloop
 endfacet
 facet normal -7.191280e-01  6.948776e-01  0.000000e+00
   outer loop
     vertex -5.676222e+00  5.637420e+00  1.900000e+01
     vertex -5.676222e+00  5.637420e+00  1.800000e+01
     vertex -5.828743e+00  5.479576e+00  1.800000e+01
   endloop
 endfacet
 facet normal -7.191280e-01  6.948776e-01  0.000000e+00
   outer loop
     vertex -5.828743e+00  5.479576e+00  1.900000e+01
     vertex -5.676222e+00  5.637420e+00  1.900000e+01
     vertex -5.828743e+00  5.479576e+00  1.800000e+01
   endloop
 endfacet
 facet normal -7.379206e-01  6.748875e-01  0.000000e+00
   outer loop
     vertex -5.828743e+00  5.479576e+00  1.900000e+01
     vertex -5.828743e+00  5.479576e+00  1.800000e+01
     vertex -5.976876e+00  5.317608e+00  1.800000e+01
   endloop
 endfacet
 facet normal -7.379206e-01  6.748875e-01  0.000000e+00
   outer loop
     vertex -5.976876e+00  5.317608e+00  1.900000e+01
     vertex -5.828743e+00  5.479576e+00  1.900000e+01
     vertex -5.976876e+00  5.317608e+00  1.800000e+01
   endloop
 endfacet
 facet normal -7.561578e-01  6.543893e-01  0.000000e+00
   outer loop
     vertex -6.120510e+00  5.151636e+00  1.900000e+01
     vertex -5.976876e+00  5.317608e+00  1.900000e+01
     vertex -5.976876e+00  5.317608e+00  1.800000e+01
   endloop
 endfacet
 facet normal -7.561578e-01  6.543893e-01  0.000000e+00
   outer loop
     vertex -6.120510e+00  5.151636e+00  1.900000e+01
     vertex -5.976876e+00  5.317608e+00  1.800000e+01
     vertex -6.120510e+00  5.151636e+00  1.800000e+01
   endloop
 endfacet
 facet normal -7.738257e-01  6.333986e-01  0.000000e+00
   outer loop
     vertex -6.120510e+00  5.151636e+00  1.900000e+01
     vertex -6.120510e+00  5.151636e+00  1.800000e+01
     vertex -6.259537e+00  4.981787e+00  1.800000e+01
   endloop
 endfacet
 facet normal -7.738257e-01  6.333986e-01  0.000000e+00
   outer loop
     vertex -6.259537e+00  4.981787e+00  1.900000e+01
     vertex -6.120510e+00  5.151636e+00  1.900000e+01
     vertex -6.259537e+00  4.981787e+00  1.800000e+01
   endloop
 endfacet
 facet normal -7.909112e-01  6.119310e-01  0.000000e+00
   outer loop
     vertex -6.393851e+00  4.808188e+00  1.900000e+01
     vertex -6.259537e+00  4.981787e+00  1.800000e+01
     vertex -6.393851e+00  4.808188e+00  1.800000e+01
   endloop
 endfacet
 facet normal -8.074012e-01  5.900028e-01  0.000000e+00
   outer loop
     vertex -6.393851e+00  4.808188e+00  1.900000e+01
     vertex -6.393851e+00  4.808188e+00  1.800000e+01
     vertex -6.523353e+00  4.630969e+00  1.800000e+01
   endloop
 endfacet
 facet normal -7.909112e-01  6.119310e-01  0.000000e+00
   outer loop
     vertex -6.393851e+00  4.808188e+00  1.900000e+01
     vertex -6.259537e+00  4.981787e+00  1.900000e+01
     vertex -6.259537e+00  4.981787e+00  1.800000e+01
   endloop
 endfacet
 facet normal -8.074012e-01  5.900028e-01  0.000000e+00
   outer loop
     vertex -6.523353e+00  4.630969e+00  1.900000e+01
     vertex -6.393851e+00  4.808188e+00  1.900000e+01
     vertex -6.523353e+00  4.630969e+00  1.800000e+01
   endloop
 endfacet
 facet normal -8.232835e-01  5.676304e-01  0.000000e+00
   outer loop
     vertex -6.647944e+00  4.450264e+00  1.900000e+01
     vertex -6.523353e+00  4.630969e+00  1.800000e+01
     vertex -6.647944e+00  4.450264e+00  1.800000e+01
   endloop
 endfacet
 facet normal -8.232835e-01  5.676304e-01  0.000000e+00
   outer loop
     vertex -6.647944e+00  4.450264e+00  1.900000e+01
     vertex -6.523353e+00  4.630969e+00  1.900000e+01
     vertex -6.523353e+00  4.630969e+00  1.800000e+01
   endloop
 endfacet
 facet normal -8.385460e-01  5.448308e-01  0.000000e+00
   outer loop
     vertex -6.767530e+00  4.266209e+00  1.900000e+01
     vertex -6.647944e+00  4.450264e+00  1.800000e+01
     vertex -6.767530e+00  4.266209e+00  1.800000e+01
   endloop
 endfacet
 facet normal -8.385460e-01  5.448308e-01  0.000000e+00
   outer loop
     vertex -6.767530e+00  4.266209e+00  1.900000e+01
     vertex -6.647944e+00  4.450264e+00  1.900000e+01
     vertex -6.647944e+00  4.450264e+00  1.800000e+01
   endloop
 endfacet
 facet normal -8.531773e-01  5.216210e-01  0.000000e+00
   outer loop
     vertex -6.882022e+00  4.078942e+00  1.900000e+01
     vertex -6.767530e+00  4.266209e+00  1.800000e+01
     vertex -6.882022e+00  4.078942e+00  1.800000e+01
   endloop
 endfacet
 facet normal -8.531773e-01  5.216210e-01  0.000000e+00
   outer loop
     vertex -6.882022e+00  4.078942e+00  1.900000e+01
     vertex -6.767530e+00  4.266209e+00  1.900000e+01
     vertex -6.767530e+00  4.266209e+00  1.800000e+01
   endloop
 endfacet
 facet normal -8.671664e-01  4.980186e-01  0.000000e+00
   outer loop
     vertex -6.991334e+00  3.888605e+00  1.900000e+01
     vertex -6.882022e+00  4.078942e+00  1.800000e+01
     vertex -6.991334e+00  3.888605e+00  1.800000e+01
   endloop
 endfacet
 facet normal -8.671664e-01  4.980186e-01  0.000000e+00
   outer loop
     vertex -6.991334e+00  3.888605e+00  1.900000e+01
     vertex -6.882022e+00  4.078942e+00  1.900000e+01
     vertex -6.882022e+00  4.078942e+00  1.800000e+01
   endloop
 endfacet
 facet normal -8.805026e-01  4.740412e-01  0.000000e+00
   outer loop
     vertex -7.095383e+00  3.695341e+00  1.900000e+01
     vertex -6.991334e+00  3.888605e+00  1.800000e+01
     vertex -7.095383e+00  3.695341e+00  1.800000e+01
   endloop
 endfacet
 facet normal -8.805026e-01  4.740412e-01  0.000000e+00
   outer loop
     vertex -7.095383e+00  3.695341e+00  1.900000e+01
     vertex -6.991334e+00  3.888605e+00  1.900000e+01
     vertex -6.991334e+00  3.888605e+00  1.800000e+01
   endloop
 endfacet
 facet normal -8.931761e-01  4.497071e-01  0.000000e+00
   outer loop
     vertex -7.194090e+00  3.499295e+00  1.900000e+01
     vertex -7.095383e+00  3.695341e+00  1.800000e+01
     vertex -7.194090e+00  3.499295e+00  1.800000e+01
   endloop
 endfacet
 facet normal -9.051772e-01  4.250344e-01  0.000000e+00
   outer loop
     vertex -7.194090e+00  3.499295e+00  1.900000e+01
     vertex -7.194090e+00  3.499295e+00  1.800000e+01
     vertex -7.287382e+00  3.300615e+00  1.800000e+01
   endloop
 endfacet
 facet normal -8.931761e-01  4.497071e-01  0.000000e+00
   outer loop
     vertex -7.194090e+00  3.499295e+00  1.900000e+01
     vertex -7.095383e+00  3.695341e+00  1.900000e+01
     vertex -7.095383e+00  3.695341e+00  1.800000e+01
   endloop
 endfacet
 facet normal -9.051772e-01  4.250344e-01  0.000000e+00
   outer loop
     vertex -7.287382e+00  3.300615e+00  1.900000e+01
     vertex -7.194090e+00  3.499295e+00  1.900000e+01
     vertex -7.287382e+00  3.300615e+00  1.800000e+01
   endloop
 endfacet
 facet normal -9.164969e-01  4.000417e-01  0.000000e+00
   outer loop
     vertex -7.375189e+00  3.099450e+00  1.900000e+01
     vertex -7.287382e+00  3.300615e+00  1.800000e+01
     vertex -7.375189e+00  3.099450e+00  1.800000e+01
   endloop
 endfacet
 facet normal -9.271267e-01  3.747479e-01  0.000000e+00
   outer loop
     vertex -7.375189e+00  3.099450e+00  1.900000e+01
     vertex -7.375189e+00  3.099450e+00  1.800000e+01
     vertex -7.457443e+00  2.895952e+00  1.800000e+01
   endloop
 endfacet
 facet normal -9.164969e-01  4.000417e-01  0.000000e+00
   outer loop
     vertex -7.375189e+00  3.099450e+00  1.900000e+01
     vertex -7.287382e+00  3.300615e+00  1.900000e+01
     vertex -7.287382e+00  3.300615e+00  1.800000e+01
   endloop
 endfacet
 facet normal -9.271267e-01  3.747479e-01  0.000000e+00
   outer loop
     vertex -7.457443e+00  2.895952e+00  1.900000e+01
     vertex -7.375189e+00  3.099450e+00  1.900000e+01
     vertex -7.457443e+00  2.895952e+00  1.800000e+01
   endloop
 endfacet
 facet normal -9.370586e-01  3.491720e-01  0.000000e+00
   outer loop
     vertex -7.534084e+00  2.690274e+00  1.900000e+01
     vertex -7.457443e+00  2.895952e+00  1.800000e+01
     vertex -7.534084e+00  2.690274e+00  1.800000e+01
   endloop
 endfacet
 facet normal -9.370586e-01  3.491720e-01  0.000000e+00
   outer loop
     vertex -7.534084e+00  2.690274e+00  1.900000e+01
     vertex -7.457443e+00  2.895952e+00  1.900000e+01
     vertex -7.457443e+00  2.895952e+00  1.800000e+01
   endloop
 endfacet
 facet normal -9.462851e-01  3.233333e-01  0.000000e+00
   outer loop
     vertex -7.605054e+00  2.482571e+00  1.900000e+01
     vertex -7.534084e+00  2.690274e+00  1.800000e+01
     vertex -7.605054e+00  2.482571e+00  1.800000e+01
   endloop
 endfacet
 facet normal -9.462851e-01  3.233333e-01  0.000000e+00
   outer loop
     vertex -7.605054e+00  2.482571e+00  1.900000e+01
     vertex -7.534084e+00  2.690274e+00  1.900000e+01
     vertex -7.534084e+00  2.690274e+00  1.800000e+01
   endloop
 endfacet
 facet normal -9.547993e-01  2.972512e-01  0.000000e+00
   outer loop
     vertex -7.670298e+00  2.273000e+00  1.900000e+01
     vertex -7.605054e+00  2.482571e+00  1.800000e+01
     vertex -7.670298e+00  2.273000e+00  1.800000e+01
   endloop
 endfacet
 facet normal -9.625948e-01  2.709453e-01  0.000000e+00
   outer loop
     vertex -7.670298e+00  2.273000e+00  1.900000e+01
     vertex -7.670298e+00  2.273000e+00  1.800000e+01
     vertex -7.729769e+00  2.061717e+00  1.800000e+01
   endloop
 endfacet
 facet normal -9.547993e-01  2.972512e-01  0.000000e+00
   outer loop
     vertex -7.670298e+00  2.273000e+00  1.900000e+01
     vertex -7.605054e+00  2.482571e+00  1.900000e+01
     vertex -7.605054e+00  2.482571e+00  1.800000e+01
   endloop
 endfacet
 facet normal -9.625948e-01  2.709453e-01  0.000000e+00
   outer loop
     vertex -7.729769e+00  2.061717e+00  1.900000e+01
     vertex -7.670298e+00  2.273000e+00  1.900000e+01
     vertex -7.729769e+00  2.061717e+00  1.800000e+01
   endloop
 endfacet
 facet normal -9.696656e-01  2.444354e-01  0.000000e+00
   outer loop
     vertex -7.783421e+00  1.848882e+00  1.900000e+01
     vertex -7.729769e+00  2.061717e+00  1.800000e+01
     vertex -7.783421e+00  1.848882e+00  1.800000e+01
   endloop
 endfacet
 facet normal -9.696656e-01  2.444354e-01  0.000000e+00
   outer loop
     vertex -7.783421e+00  1.848882e+00  1.900000e+01
     vertex -7.729769e+00  2.061717e+00  1.900000e+01
     vertex -7.729769e+00  2.061717e+00  1.800000e+01
   endloop
 endfacet
 facet normal -9.760065e-01  2.177416e-01  0.000000e+00
   outer loop
     vertex -7.831213e+00  1.634655e+00  1.900000e+01
     vertex -7.783421e+00  1.848882e+00  1.800000e+01
     vertex -7.831213e+00  1.634655e+00  1.800000e+01
   endloop
 endfacet
 facet normal -9.760065e-01  2.177416e-01  0.000000e+00
   outer loop
     vertex -7.831213e+00  1.634655e+00  1.900000e+01
     vertex -7.783421e+00  1.848882e+00  1.900000e+01
     vertex -7.783421e+00  1.848882e+00  1.800000e+01
   endloop
 endfacet
 facet normal -9.816126e-01  1.908838e-01  0.000000e+00
   outer loop
     vertex -7.873111e+00  1.419198e+00  1.900000e+01
     vertex -7.831213e+00  1.634655e+00  1.800000e+01
     vertex -7.873111e+00  1.419198e+00  1.800000e+01
   endloop
 endfacet
 facet normal -9.864799e-01  1.638824e-01  0.000000e+00
   outer loop
     vertex -7.873111e+00  1.419198e+00  1.900000e+01
     vertex -7.873111e+00  1.419198e+00  1.800000e+01
     vertex -7.909082e+00  1.202673e+00  1.800000e+01
   endloop
 endfacet
 facet normal -9.816126e-01  1.908838e-01  0.000000e+00
   outer loop
     vertex -7.873111e+00  1.419198e+00  1.900000e+01
     vertex -7.831213e+00  1.634655e+00  1.900000e+01
     vertex -7.831213e+00  1.634655e+00  1.800000e+01
   endloop
 endfacet
 facet normal -9.906046e-01  1.367575e-01  0.000000e+00
   outer loop
     vertex -7.909082e+00  1.202673e+00  1.900000e+01
     vertex -7.909082e+00  1.202673e+00  1.800000e+01
     vertex -7.939099e+00  9.852419e-01  1.800000e+01
   endloop
 endfacet
 facet normal -9.864799e-01  1.638824e-01  0.000000e+00
   outer loop
     vertex -7.909082e+00  1.202673e+00  1.900000e+01
     vertex -7.873111e+00  1.419198e+00  1.900000e+01
     vertex -7.909082e+00  1.202673e+00  1.800000e+01
   endloop
 endfacet
 facet normal -9.906046e-01  1.367575e-01  0.000000e+00
   outer loop
     vertex -7.939099e+00  9.852419e-01  1.900000e+01
     vertex -7.909082e+00  1.202673e+00  1.900000e+01
     vertex -7.939099e+00  9.852419e-01  1.800000e+01
   endloop
 endfacet
 facet normal -9.939835e-01  1.095298e-01  0.000000e+00
   outer loop
     vertex -7.963140e+00  7.670695e-01  1.900000e+01
     vertex -7.939099e+00  9.852419e-01  1.900000e+01
     vertex -7.939099e+00  9.852419e-01  1.800000e+01
   endloop
 endfacet
 facet normal -9.939835e-01  1.095298e-01  0.000000e+00
   outer loop
     vertex -7.963140e+00  7.670695e-01  1.900000e+01
     vertex -7.939099e+00  9.852419e-01  1.800000e+01
     vertex -7.963140e+00  7.670695e-01  1.800000e+01
   endloop
 endfacet
 facet normal -9.966142e-01  8.221955e-02  0.000000e+00
   outer loop
     vertex -7.981187e+00  5.483196e-01  1.900000e+01
     vertex -7.963140e+00  7.670695e-01  1.900000e+01
     vertex -7.963140e+00  7.670695e-01  1.800000e+01
   endloop
 endfacet
 facet normal -9.966142e-01  8.221955e-02  0.000000e+00
   outer loop
     vertex -7.981187e+00  5.483196e-01  1.900000e+01
     vertex -7.963140e+00  7.670695e-01  1.800000e+01
     vertex -7.981187e+00  5.483196e-01  1.800000e+01
   endloop
 endfacet
 facet normal -9.984947e-01  5.484744e-02  0.000000e+00
   outer loop
     vertex -7.981187e+00  5.483196e-01  1.900000e+01
     vertex -7.981187e+00  5.483196e-01  1.800000e+01
     vertex -7.993226e+00  3.291569e-01  1.800000e+01
   endloop
 endfacet
 facet normal -9.984947e-01  5.484744e-02  0.000000e+00
   outer loop
     vertex -7.993226e+00  3.291569e-01  1.900000e+01
     vertex -7.981187e+00  5.483196e-01  1.900000e+01
     vertex -7.993226e+00  3.291569e-01  1.800000e+01
   endloop
 endfacet
 facet normal -9.996236e-01  2.743405e-02  0.000000e+00
   outer loop
     vertex -7.993226e+00  3.291569e-01  1.900000e+01
     vertex -7.993226e+00  3.291569e-01  1.800000e+01
     vertex -7.999247e+00  1.097465e-01  1.800000e+01
   endloop
 endfacet
 facet normal -9.996236e-01  2.743405e-02  0.000000e+00
   outer loop
     vertex -7.999247e+00  1.097465e-01  1.900000e+01
     vertex -7.993226e+00  3.291569e-01  1.900000e+01
     vertex -7.999247e+00  1.097465e-01  1.800000e+01
   endloop
 endfacet
 facet normal -1.000000e+00  0.000000e+00  0.000000e+00
   outer loop
     vertex -7.999247e+00 -1.097465e-01  1.900000e+01
     vertex -7.999247e+00  1.097465e-01  1.900000e+01
     vertex -7.999247e+00  1.097465e-01  1.800000e+01
   endloop
 endfacet
 facet normal -1.000000e+00  0.000000e+00  0.000000e+00
   outer loop
     vertex -7.999247e+00 -1.097465e-01  1.900000e+01
     vertex -7.999247e+00  1.097465e-01  1.800000e+01
     vertex -7.999247e+00 -1.097465e-01  1.800000e+01
   endloop
 endfacet
 facet normal -9.996236e-01 -2.743405e-02 -0.000000e+00
   outer loop
     vertex -7.999247e+00 -1.097465e-01  1.900000e+01
     vertex -7.999247e+00 -1.097465e-01  1.800000e+01
     vertex -7.993226e+00 -3.291569e-01  1.800000e+01
   endloop
 endfacet
 facet normal -9.996236e-01 -2.743405e-02 -0.000000e+00
   outer loop
     vertex -7.993226e+00 -3.291569e-01  1.900000e+01
     vertex -7.999247e+00 -1.097465e-01  1.900000e+01
     vertex -7.993226e+00 -3.291569e-01  1.800000e+01
   endloop
 endfacet
 facet normal -9.984947e-01 -5.484744e-02  0.000000e+00
   outer loop
     vertex -7.981187e+00 -5.483196e-01  1.900000e+01
     vertex -7.993226e+00 -3.291569e-01  1.900000e+01
     vertex -7.993226e+00 -3.291569e-01  1.800000e+01
   endloop
 endfacet
 facet normal -9.984947e-01 -5.484744e-02 -0.000000e+00
   outer loop
     vertex -7.981187e+00 -5.483196e-01  1.900000e+01
     vertex -7.993226e+00 -3.291569e-01  1.800000e+01
     vertex -7.981187e+00 -5.483196e-01  1.800000e+01
   endloop
 endfacet
 facet normal -9.966142e-01 -8.221955e-02 -0.000000e+00
   outer loop
     vertex -7.981187e+00 -5.483196e-01  1.900000e+01
     vertex -7.981187e+00 -5.483196e-01  1.800000e+01
     vertex -7.963140e+00 -7.670695e-01  1.800000e+01
   endloop
 endfacet
 facet normal -9.966142e-01 -8.221955e-02 -0.000000e+00
   outer loop
     vertex -7.963140e+00 -7.670695e-01  1.900000e+01
     vertex -7.981187e+00 -5.483196e-01  1.900000e+01
     vertex -7.963140e+00 -7.670695e-01  1.800000e+01
   endloop
 endfacet
 facet normal -9.939835e-01 -1.095298e-01 -0.000000e+00
   outer loop
     vertex -7.963140e+00 -7.670695e-01  1.900000e+01
     vertex -7.963140e+00 -7.670695e-01  1.800000e+01
     vertex -7.939099e+00 -9.852419e-01  1.800000e+01
   endloop
 endfacet
 facet normal -9.939835e-01 -1.095298e-01 -0.000000e+00
   outer loop
     vertex -7.939099e+00 -9.852419e-01  1.900000e+01
     vertex -7.963140e+00 -7.670695e-01  1.900000e+01
     vertex -7.939099e+00 -9.852419e-01  1.800000e+01
   endloop
 endfacet
 facet normal -9.906046e-01 -1.367575e-01  0.000000e+00
   outer loop
     vertex -7.909082e+00 -1.202673e+00  1.900000e+01
     vertex -7.939099e+00 -9.852419e-01  1.900000e+01
     vertex -7.939099e+00 -9.852419e-01  1.800000e+01
   endloop
 endfacet
 facet normal -9.906046e-01 -1.367575e-01 -0.000000e+00
   outer loop
     vertex -7.909082e+00 -1.202673e+00  1.900000e+01
     vertex -7.939099e+00 -9.852419e-01  1.800000e+01
     vertex -7.909082e+00 -1.202673e+00  1.800000e+01
   endloop
 endfacet
 facet normal -9.864799e-01 -1.638824e-01  0.000000e+00
   outer loop
     vertex -7.873111e+00 -1.419198e+00  1.900000e+01
     vertex -7.909082e+00 -1.202673e+00  1.900000e+01
     vertex -7.909082e+00 -1.202673e+00  1.800000e+01
   endloop
 endfacet
 facet normal -9.864799e-01 -1.638824e-01 -0.000000e+00
   outer loop
     vertex -7.873111e+00 -1.419198e+00  1.900000e+01
     vertex -7.909082e+00 -1.202673e+00  1.800000e+01
     vertex -7.873111e+00 -1.419198e+00  1.800000e+01
   endloop
 endfacet
 facet normal -9.816126e-01 -1.908838e-01 -0.000000e+00
   outer loop
     vertex -7.873111e+00 -1.419198e+00  1.900000e+01
     vertex -7.873111e+00 -1.419198e+00  1.800000e+01
     vertex -7.831213e+00 -1.634655e+00  1.800000e+01
   endloop
 endfacet
 facet normal -9.816126e-01 -1.908838e-01 -0.000000e+00
   outer loop
     vertex -7.831213e+00 -1.634655e+00  1.900000e+01
     vertex -7.873111e+00 -1.419198e+00  1.900000e+01
     vertex -7.831213e+00 -1.634655e+00  1.800000e+01
   endloop
 endfacet
 facet normal -9.760065e-01 -2.177416e-01 -0.000000e+00
   outer loop
     vertex -7.783421e+00 -1.848882e+00  1.900000e+01
     vertex -7.831213e+00 -1.634655e+00  1.800000e+01
     vertex -7.783421e+00 -1.848882e+00  1.800000e+01
   endloop
 endfacet
 facet normal -9.760065e-01 -2.177416e-01  0.000000e+00
   outer loop
     vertex -7.783421e+00 -1.848882e+00  1.900000e+01
     vertex -7.831213e+00 -1.634655e+00  1.900000e+01
     vertex -7.831213e+00 -1.634655e+00  1.800000e+01
   endloop
 endfacet
 facet normal -9.696656e-01 -2.444354e-01 -0.000000e+00
   outer loop
     vertex -7.729769e+00 -2.061717e+00  1.900000e+01
     vertex -7.783421e+00 -1.848882e+00  1.800000e+01
     vertex -7.729769e+00 -2.061717e+00  1.800000e+01
   endloop
 endfacet
 facet normal -9.625948e-01 -2.709453e-01 -0.000000e+00
   outer loop
     vertex -7.729769e+00 -2.061717e+00  1.900000e+01
     vertex -7.729769e+00 -2.061717e+00  1.800000e+01
     vertex -7.670298e+00 -2.273000e+00  1.800000e+01
   endloop
 endfacet
 facet normal -9.696656e-01 -2.444354e-01  0.000000e+00
   outer loop
     vertex -7.729769e+00 -2.061717e+00  1.900000e+01
     vertex -7.783421e+00 -1.848882e+00  1.900000e+01
     vertex -7.783421e+00 -1.848882e+00  1.800000e+01
   endloop
 endfacet
 facet normal -9.625948e-01 -2.709453e-01 -0.000000e+00
   outer loop
     vertex -7.670298e+00 -2.273000e+00  1.900000e+01
     vertex -7.729769e+00 -2.061717e+00  1.900000e+01
     vertex -7.670298e+00 -2.273000e+00  1.800000e+01
   endloop
 endfacet
 facet normal -9.547993e-01 -2.972512e-01 -0.000000e+00
   outer loop
     vertex -7.605054e+00 -2.482571e+00  1.900000e+01
     vertex -7.670298e+00 -2.273000e+00  1.800000e+01
     vertex -7.605054e+00 -2.482571e+00  1.800000e+01
   endloop
 endfacet
 facet normal -9.547993e-01 -2.972512e-01  0.000000e+00
   outer loop
     vertex -7.605054e+00 -2.482571e+00  1.900000e+01
     vertex -7.670298e+00 -2.273000e+00  1.900000e+01
     vertex -7.670298e+00 -2.273000e+00  1.800000e+01
   endloop
 endfacet
 facet normal -9.462851e-01 -3.233333e-01 -0.000000e+00
   outer loop
     vertex -7.534084e+00 -2.690274e+00  1.900000e+01
     vertex -7.605054e+00 -2.482571e+00  1.800000e+01
     vertex -7.534084e+00 -2.690274e+00  1.800000e+01
   endloop
 endfacet
 facet normal -9.462851e-01 -3.233333e-01  0.000000e+00
   outer loop
     vertex -7.534084e+00 -2.690274e+00  1.900000e+01
     vertex -7.605054e+00 -2.482571e+00  1.900000e+01
     vertex -7.605054e+00 -2.482571e+00  1.800000e+01
   endloop
 endfacet
 facet normal -9.370586e-01 -3.491720e-01 -0.000000e+00
   outer loop
     vertex -7.457443e+00 -2.895952e+00  1.900000e+01
     vertex -7.534084e+00 -2.690274e+00  1.800000e+01
     vertex -7.457443e+00 -2.895952e+00  1.800000e+01
   endloop
 endfacet
 facet normal -9.271267e-01 -3.747479e-01 -0.000000e+00
   outer loop
     vertex -7.457443e+00 -2.895952e+00  1.900000e+01
     vertex -7.457443e+00 -2.895952e+00  1.800000e+01
     vertex -7.375189e+00 -3.099450e+00  1.800000e+01
   endloop
 endfacet
 facet normal -9.370586e-01 -3.491720e-01  0.000000e+00
   outer loop
     vertex -7.457443e+00 -2.895952e+00  1.900000e+01
     vertex -7.534084e+00 -2.690274e+00  1.900000e+01
     vertex -7.534084e+00 -2.690274e+00  1.800000e+01
   endloop
 endfacet
 facet normal -9.271267e-01 -3.747479e-01 -0.000000e+00
   outer loop
     vertex -7.375189e+00 -3.099450e+00  1.900000e+01
     vertex -7.457443e+00 -2.895952e+00  1.900000e+01
     vertex -7.375189e+00 -3.099450e+00  1.800000e+01
   endloop
 endfacet
 facet normal -9.164969e-01 -4.000417e-01 -0.000000e+00
   outer loop
     vertex -7.287382e+00 -3.300615e+00  1.900000e+01
     vertex -7.375189e+00 -3.099450e+00  1.800000e+01
     vertex -7.287382e+00 -3.300615e+00  1.800000e+01
   endloop
 endfacet
 facet normal -9.164969e-01 -4.000417e-01  0.000000e+00
   outer loop
     vertex -7.287382e+00 -3.300615e+00  1.900000e+01
     vertex -7.375189e+00 -3.099450e+00  1.900000e+01
     vertex -7.375189e+00 -3.099450e+00  1.800000e+01
   endloop
 endfacet
 facet normal -9.051772e-01 -4.250344e-01 -0.000000e+00
   outer loop
     vertex -7.194090e+00 -3.499295e+00  1.900000e+01
     vertex -7.287382e+00 -3.300615e+00  1.800000e+01
     vertex -7.194090e+00 -3.499295e+00  1.800000e+01
   endloop
 endfacet
 facet normal -9.051772e-01 -4.250344e-01  0.000000e+00
   outer loop
     vertex -7.194090e+00 -3.499295e+00  1.900000e+01
     vertex -7.287382e+00 -3.300615e+00  1.900000e+01
     vertex -7.287382e+00 -3.300615e+00  1.800000e+01
   endloop
 endfacet
 facet normal -8.931761e-01 -4.497071e-01 -0.000000e+00
   outer loop
     vertex -7.095383e+00 -3.695341e+00  1.900000e+01
     vertex -7.194090e+00 -3.499295e+00  1.800000e+01
     vertex -7.095383e+00 -3.695341e+00  1.800000e+01
   endloop
 endfacet
 facet normal -8.805026e-01 -4.740412e-01 -0.000000e+00
   outer loop
     vertex -7.095383e+00 -3.695341e+00  1.900000e+01
     vertex -7.095383e+00 -3.695341e+00  1.800000e+01
     vertex -6.991334e+00 -3.888605e+00  1.800000e+01
   endloop
 endfacet
 facet normal -8.931761e-01 -4.497071e-01  0.000000e+00
   outer loop
     vertex -7.095383e+00 -3.695341e+00  1.900000e+01
     vertex -7.194090e+00 -3.499295e+00  1.900000e+01
     vertex -7.194090e+00 -3.499295e+00  1.800000e+01
   endloop
 endfacet
 facet normal -8.671664e-01 -4.980186e-01 -0.000000e+00
   outer loop
     vertex -6.991334e+00 -3.888605e+00  1.900000e+01
     vertex -6.991334e+00 -3.888605e+00  1.800000e+01
     vertex -6.882022e+00 -4.078942e+00  1.800000e+01
   endloop
 endfacet
 facet normal -8.805026e-01 -4.740412e-01 -0.000000e+00
   outer loop
     vertex -6.991334e+00 -3.888605e+00  1.900000e+01
     vertex -7.095383e+00 -3.695341e+00  1.900000e+01
     vertex -6.991334e+00 -3.888605e+00  1.800000e+01
   endloop
 endfacet
 facet normal -8.671664e-01 -4.980186e-01 -0.000000e+00
   outer loop
     vertex -6.882022e+00 -4.078942e+00  1.900000e+01
     vertex -6.991334e+00 -3.888605e+00  1.900000e+01
     vertex -6.882022e+00 -4.078942e+00  1.800000e+01
   endloop
 endfacet
 facet normal -8.531773e-01 -5.216210e-01 -0.000000e+00
   outer loop
     vertex -6.767530e+00 -4.266209e+00  1.900000e+01
     vertex -6.882022e+00 -4.078942e+00  1.800000e+01
     vertex -6.767530e+00 -4.266209e+00  1.800000e+01
   endloop
 endfacet
 facet normal -8.385460e-01 -5.448308e-01 -0.000000e+00
   outer loop
     vertex -6.767530e+00 -4.266209e+00  1.900000e+01
     vertex -6.767530e+00 -4.266209e+00  1.800000e+01
     vertex -6.647944e+00 -4.450264e+00  1.800000e+01
   endloop
 endfacet
 facet normal -8.531773e-01 -5.216210e-01  0.000000e+00
   outer loop
     vertex -6.767530e+00 -4.266209e+00  1.900000e+01
     vertex -6.882022e+00 -4.078942e+00  1.900000e+01
     vertex -6.882022e+00 -4.078942e+00  1.800000e+01
   endloop
 endfacet
 facet normal -8.385460e-01 -5.448308e-01 -0.000000e+00
   outer loop
     vertex -6.647944e+00 -4.450264e+00  1.900000e+01
     vertex -6.767530e+00 -4.266209e+00  1.900000e+01
     vertex -6.647944e+00 -4.450264e+00  1.800000e+01
   endloop
 endfacet
 facet normal -8.232835e-01 -5.676304e-01  0.000000e+00
   outer loop
     vertex -6.523353e+00 -4.630969e+00  1.900000e+01
     vertex -6.647944e+00 -4.450264e+00  1.900000e+01
     vertex -6.647944e+00 -4.450264e+00  1.800000e+01
   endloop
 endfacet
 facet normal -8.232835e-01 -5.676304e-01 -0.000000e+00
   outer loop
     vertex -6.523353e+00 -4.630969e+00  1.900000e+01
     vertex -6.647944e+00 -4.450264e+00  1.800000e+01
     vertex -6.523353e+00 -4.630969e+00  1.800000e+01
   endloop
 endfacet
 facet normal -8.074012e-01 -5.900028e-01 -0.000000e+00
   outer loop
     vertex -6.523353e+00 -4.630969e+00  1.900000e+01
     vertex -6.523353e+00 -4.630969e+00  1.800000e+01
     vertex -6.393851e+00 -4.808188e+00  1.800000e+01
   endloop
 endfacet
 facet normal -8.074012e-01 -5.900028e-01 -0.000000e+00
   outer loop
     vertex -6.393851e+00 -4.808188e+00  1.900000e+01
     vertex -6.523353e+00 -4.630969e+00  1.900000e+01
     vertex -6.393851e+00 -4.808188e+00  1.800000e+01
   endloop
 endfacet
 facet normal -7.909112e-01 -6.119310e-01  0.000000e+00
   outer loop
     vertex -6.259537e+00 -4.981787e+00  1.900000e+01
     vertex -6.393851e+00 -4.808188e+00  1.900000e+01
     vertex -6.393851e+00 -4.808188e+00  1.800000e+01
   endloop
 endfacet
 facet normal -7.909112e-01 -6.119310e-01 -0.000000e+00
   outer loop
     vertex -6.259537e+00 -4.981787e+00  1.900000e+01
     vertex -6.393851e+00 -4.808188e+00  1.800000e+01
     vertex -6.259537e+00 -4.981787e+00  1.800000e+01
   endloop
 endfacet
 facet normal -7.738257e-01 -6.333986e-01 -0.000000e+00
   outer loop
     vertex -6.259537e+00 -4.981787e+00  1.900000e+01
     vertex -6.259537e+00 -4.981787e+00  1.800000e+01
     vertex -6.120510e+00 -5.151636e+00  1.800000e+01
   endloop
 endfacet
 facet normal -7.738257e-01 -6.333986e-01 -0.000000e+00
   outer loop
     vertex -6.120510e+00 -5.151636e+00  1.900000e+01
     vertex -6.259537e+00 -4.981787e+00  1.900000e+01
     vertex -6.120510e+00 -5.151636e+00  1.800000e+01
   endloop
 endfacet
 facet normal -7.561578e-01 -6.543893e-01  0.000000e+00
   outer loop
     vertex -5.976876e+00 -5.317608e+00  1.900000e+01
     vertex -6.120510e+00 -5.151636e+00  1.900000e+01
     vertex -6.120510e+00 -5.151636e+00  1.800000e+01
   endloop
 endfacet
 facet normal -7.561578e-01 -6.543893e-01 -0.000000e+00
   outer loop
     vertex -5.976876e+00 -5.317608e+00  1.900000e+01
     vertex -6.120510e+00 -5.151636e+00  1.800000e+01
     vertex -5.976876e+00 -5.317608e+00  1.800000e+01
   endloop
 endfacet
 facet normal -7.379206e-01 -6.748875e-01  0.000000e+00
   outer loop
     vertex -5.828743e+00 -5.479576e+00  1.900000e+01
     vertex -5.976876e+00 -5.317608e+00  1.900000e+01
     vertex -5.976876e+00 -5.317608e+00  1.800000e+01
   endloop
 endfacet
 facet normal -7.379206e-01 -6.748875e-01 -0.000000e+00
   outer loop
     vertex -5.828743e+00 -5.479576e+00  1.900000e+01
     vertex -5.976876e+00 -5.317608e+00  1.800000e+01
     vertex -5.828743e+00 -5.479576e+00  1.800000e+01
   endloop
 endfacet
 facet normal -7.191280e-01 -6.948776e-01  0.000000e+00
   outer loop
     vertex -5.676222e+00 -5.637420e+00  1.900000e+01
     vertex -5.828743e+00 -5.479576e+00  1.900000e+01
     vertex -5.828743e+00 -5.479576e+00  1.800000e+01
   endloop
 endfacet
 facet normal -7.191280e-01 -6.948776e-01 -0.000000e+00
   outer loop
     vertex -5.676222e+00 -5.637420e+00  1.900000e+01
     vertex -5.828743e+00 -5.479576e+00  1.800000e+01
     vertex -5.676222e+00 -5.637420e+00  1.800000e+01
   endloop
 endfacet
 facet normal -6.997940e-01 -7.143447e-01  0.000000e+00
   outer loop
     vertex -5.519428e+00 -5.791020e+00  1.900000e+01
     vertex -5.676222e+00 -5.637420e+00  1.900000e+01
     vertex -5.676222e+00 -5.637420e+00  1.800000e+01
   endloop
 endfacet
 facet normal -6.997940e-01 -7.143447e-01 -0.000000e+00
   outer loop
     vertex -5.519428e+00 -5.791020e+00  1.900000e+01
     vertex -5.676222e+00 -5.637420e+00  1.800000e+01
     vertex -5.519428e+00 -5.791020e+00  1.800000e+01
   endloop
 endfacet
 facet normal -6.799333e-01 -7.332740e-01 -0.000000e+00
   outer loop
     vertex -5.519428e+00 -5.791020e+00  1.900000e+01
     vertex -5.519428e+00 -5.791020e+00  1.800000e+01
     vertex -5.358480e+00 -5.940260e+00  1.800000e+01
   endloop
 endfacet
 facet normal -6.799333e-01 -7.332740e-01 -0.000000e+00
   outer loop
     vertex -5.358480e+00 -5.940260e+00  1.900000e+01
     vertex -5.519428e+00 -5.791020e+00  1.900000e+01
     vertex -5.358480e+00 -5.940260e+00  1.800000e+01
   endloop
 endfacet
 facet normal -6.595607e-01 -7.516513e-01 -0.000000e+00
   outer loop
     vertex -5.358480e+00 -5.940260e+00  1.900000e+01
     vertex -5.358480e+00 -5.940260e+00  1.800000e+01
     vertex -5.193498e+00 -6.085029e+00  1.800000e+01
   endloop
 endfacet
 facet normal -6.595607e-01 -7.516513e-01 -0.000000e+00
   outer loop
     vertex -5.193498e+00 -6.085029e+00  1.900000e+01
     vertex -5.358480e+00 -5.940260e+00  1.900000e+01
     vertex -5.193498e+00 -6.085029e+00  1.800000e+01
   endloop
 endfacet
 facet normal -6.386916e-01 -7.694628e-01  0.000000e+00
   outer loop
     vertex -5.024606e+00 -6.225218e+00  1.900000e+01
     vertex -5.193498e+00 -6.085029e+00  1.900000e+01
     vertex -5.193498e+00 -6.085029e+00  1.800000e+01
   endloop
 endfacet
 facet normal -6.386916e-01 -7.694628e-01 -0.000000e+00
   outer loop
     vertex -5.024606e+00 -6.225218e+00  1.900000e+01
     vertex -5.193498e+00 -6.085029e+00  1.800000e+01
     vertex -5.024606e+00 -6.225218e+00  1.800000e+01
   endloop
 endfacet
 facet normal -6.173417e-01 -7.866951e-01  0.000000e+00
   outer loop
     vertex -4.851932e+00 -6.360720e+00  1.900000e+01
     vertex -5.024606e+00 -6.225218e+00  1.900000e+01
     vertex -5.024606e+00 -6.225218e+00  1.800000e+01
   endloop
 endfacet
 facet normal -6.173417e-01 -7.866951e-01 -0.000000e+00
   outer loop
     vertex -4.851932e+00 -6.360720e+00  1.900000e+01
     vertex -5.024606e+00 -6.225218e+00  1.800000e+01
     vertex -4.851932e+00 -6.360720e+00  1.800000e+01
   endloop
 endfacet
 facet normal -5.955271e-01 -8.033352e-01  0.000000e+00
   outer loop
     vertex -4.675605e+00 -6.491434e+00  1.900000e+01
     vertex -4.851932e+00 -6.360720e+00  1.900000e+01
     vertex -4.851932e+00 -6.360720e+00  1.800000e+01
   endloop
 endfacet
 facet normal -5.955271e-01 -8.033352e-01 -0.000000e+00
   outer loop
     vertex -4.675605e+00 -6.491434e+00  1.900000e+01
     vertex -4.851932e+00 -6.360720e+00  1.800000e+01
     vertex -4.675605e+00 -6.491434e+00  1.800000e+01
   endloop
 endfacet
 facet normal -5.732642e-01 -8.193706e-01  0.000000e+00
   outer loop
     vertex -4.495759e+00 -6.617261e+00  1.900000e+01
     vertex -4.675605e+00 -6.491434e+00  1.900000e+01
     vertex -4.675605e+00 -6.491434e+00  1.800000e+01
   endloop
 endfacet
 facet normal -5.732642e-01 -8.193706e-01 -0.000000e+00
   outer loop
     vertex -4.495759e+00 -6.617261e+00  1.900000e+01
     vertex -4.675605e+00 -6.491434e+00  1.800000e+01
     vertex -4.495759e+00 -6.617261e+00  1.800000e+01
   endloop
 endfacet
 facet normal -5.505698e-01 -8.347891e-01  0.000000e+00
   outer loop
     vertex -4.312529e+00 -6.738108e+00  1.900000e+01
     vertex -4.495759e+00 -6.617261e+00  1.900000e+01
     vertex -4.495759e+00 -6.617261e+00  1.800000e+01
   endloop
 endfacet
 facet normal -5.505698e-01 -8.347891e-01 -0.000000e+00
   outer loop
     vertex -4.312529e+00 -6.738108e+00  1.900000e+01
     vertex -4.495759e+00 -6.617261e+00  1.800000e+01
     vertex -4.312529e+00 -6.738108e+00  1.800000e+01
   endloop
 endfacet
 facet normal -5.274609e-01 -8.495793e-01 -0.000000e+00
   outer loop
     vertex -4.312529e+00 -6.738108e+00  1.900000e+01
     vertex -4.312529e+00 -6.738108e+00  1.800000e+01
     vertex -4.126052e+00 -6.853882e+00  1.800000e+01
   endloop
 endfacet
 facet normal -5.274609e-01 -8.495793e-01 -0.000000e+00
   outer loop
     vertex -4.126052e+00 -6.853882e+00  1.900000e+01
     vertex -4.312529e+00 -6.738108e+00  1.900000e+01
     vertex -4.126052e+00 -6.853882e+00  1.800000e+01
   endloop
 endfacet
 facet normal -5.039550e-01 -8.637299e-01  0.000000e+00
   outer loop
     vertex -3.936469e+00 -6.964496e+00  1.900000e+01
     vertex -4.126052e+00 -6.853882e+00  1.900000e+01
     vertex -4.126052e+00 -6.853882e+00  1.800000e+01
   endloop
 endfacet
 facet normal -5.039550e-01 -8.637299e-01 -0.000000e+00
   outer loop
     vertex -3.936469e+00 -6.964496e+00  1.900000e+01
     vertex -4.126052e+00 -6.853882e+00  1.800000e+01
     vertex -3.936469e+00 -6.964496e+00  1.800000e+01
   endloop
 endfacet
 facet normal -4.800697e-01 -8.772303e-01  0.000000e+00
   outer loop
     vertex -3.743923e+00 -7.069868e+00  1.900000e+01
     vertex -3.936469e+00 -6.964496e+00  1.900000e+01
     vertex -3.936469e+00 -6.964496e+00  1.800000e+01
   endloop
 endfacet
 facet normal -4.800697e-01 -8.772303e-01 -0.000000e+00
   outer loop
     vertex -3.743923e+00 -7.069868e+00  1.900000e+01
     vertex -3.936469e+00 -6.964496e+00  1.800000e+01
     vertex -3.743923e+00 -7.069868e+00  1.800000e+01
   endloop
 endfacet
 facet normal -4.558231e-01 -8.900704e-01  0.000000e+00
   outer loop
     vertex -3.548559e+00 -7.169918e+00  1.900000e+01
     vertex -3.743923e+00 -7.069868e+00  1.900000e+01
     vertex -3.743923e+00 -7.069868e+00  1.800000e+01
   endloop
 endfacet
 facet normal -4.558231e-01 -8.900704e-01 -0.000000e+00
   outer loop
     vertex -3.548559e+00 -7.169918e+00  1.900000e+01
     vertex -3.743923e+00 -7.069868e+00  1.800000e+01
     vertex -3.548559e+00 -7.169918e+00  1.800000e+01
   endloop
 endfacet
 facet normal -4.312333e-01 -9.022405e-01  0.000000e+00
   outer loop
     vertex -3.350524e+00 -7.264571e+00  1.900000e+01
     vertex -3.548559e+00 -7.169918e+00  1.900000e+01
     vertex -3.548559e+00 -7.169918e+00  1.800000e+01
   endloop
 endfacet
 facet normal -4.312333e-01 -9.022405e-01 -0.000000e+00
   outer loop
     vertex -3.350524e+00 -7.264571e+00  1.900000e+01
     vertex -3.548559e+00 -7.169918e+00  1.800000e+01
     vertex -3.350524e+00 -7.264571e+00  1.800000e+01
   endloop
 endfacet
 facet normal -4.063188e-01 -9.137314e-01  0.000000e+00
   outer loop
     vertex -3.149966e+00 -7.353755e+00  1.900000e+01
     vertex -3.350524e+00 -7.264571e+00  1.900000e+01
     vertex -3.350524e+00 -7.264571e+00  1.800000e+01
   endloop
 endfacet
 facet normal -4.063188e-01 -9.137314e-01 -0.000000e+00
   outer loop
     vertex -3.149966e+00 -7.353755e+00  1.900000e+01
     vertex -3.350524e+00 -7.264571e+00  1.800000e+01
     vertex -3.149966e+00 -7.353755e+00  1.800000e+01
   endloop
 endfacet
 facet normal -3.810986e-01 -9.245344e-01 -0.000000e+00
   outer loop
     vertex -3.149966e+00 -7.353755e+00  1.900000e+01
     vertex -3.149966e+00 -7.353755e+00  1.800000e+01
     vertex -2.947037e+00 -7.437404e+00  1.800000e+01
   endloop
 endfacet
 facet normal -3.810986e-01 -9.245344e-01 -0.000000e+00
   outer loop
     vertex -2.947037e+00 -7.437404e+00  1.900000e+01
     vertex -3.149966e+00 -7.353755e+00  1.900000e+01
     vertex -2.947037e+00 -7.437404e+00  1.800000e+01
   endloop
 endfacet
 facet normal -3.555914e-01 -9.346415e-01 -0.000000e+00
   outer loop
     vertex -2.741890e+00 -7.515453e+00  1.900000e+01
     vertex -2.947037e+00 -7.437404e+00  1.800000e+01
     vertex -2.741890e+00 -7.515453e+00  1.800000e+01
   endloop
 endfacet
 facet normal -3.555914e-01 -9.346415e-01  0.000000e+00
   outer loop
     vertex -2.741890e+00 -7.515453e+00  1.900000e+01
     vertex -2.947037e+00 -7.437404e+00  1.900000e+01
     vertex -2.947037e+00 -7.437404e+00  1.800000e+01
   endloop
 endfacet
 facet normal -3.298166e-01 -9.440450e-01 -0.000000e+00
   outer loop
     vertex -2.534679e+00 -7.587846e+00  1.900000e+01
     vertex -2.741890e+00 -7.515453e+00  1.800000e+01
     vertex -2.534679e+00 -7.587846e+00  1.800000e+01
   endloop
 endfacet
 facet normal -3.298166e-01 -9.440450e-01  0.000000e+00
   outer loop
     vertex -2.534679e+00 -7.587846e+00  1.900000e+01
     vertex -2.741890e+00 -7.515453e+00  1.900000e+01
     vertex -2.741890e+00 -7.515453e+00  1.800000e+01
   endloop
 endfacet
 facet normal -3.037934e-01 -9.527379e-01 -0.000000e+00
   outer loop
     vertex -2.325559e+00 -7.654526e+00  1.900000e+01
     vertex -2.534679e+00 -7.587846e+00  1.800000e+01
     vertex -2.325559e+00 -7.654526e+00  1.800000e+01
   endloop
 endfacet
 facet normal -3.037934e-01 -9.527379e-01  0.000000e+00
   outer loop
     vertex -2.325559e+00 -7.654526e+00  1.900000e+01
     vertex -2.534679e+00 -7.587846e+00  1.900000e+01
     vertex -2.534679e+00 -7.587846e+00  1.800000e+01
   endloop
 endfacet
 facet normal -2.775416e-01 -9.607136e-01  0.000000e+00
   outer loop
     vertex -2.114689e+00 -7.715445e+00  1.900000e+01
     vertex -2.325559e+00 -7.654526e+00  1.900000e+01
     vertex -2.325559e+00 -7.654526e+00  1.800000e+01
   endloop
 endfacet
 facet normal -2.775416e-01 -9.607136e-01 -0.000000e+00
   outer loop
     vertex -2.114689e+00 -7.715445e+00  1.900000e+01
     vertex -2.325559e+00 -7.654526e+00  1.800000e+01
     vertex -2.114689e+00 -7.715445e+00  1.800000e+01
   endloop
 endfacet
 facet normal -2.510809e-01 -9.679661e-01 -0.000000e+00
   outer loop
     vertex -2.114689e+00 -7.715445e+00  1.900000e+01
     vertex -2.114689e+00 -7.715445e+00  1.800000e+01
     vertex -1.902227e+00 -7.770555e+00  1.800000e+01
   endloop
 endfacet
 facet normal -2.510809e-01 -9.679661e-01 -0.000000e+00
   outer loop
     vertex -1.902227e+00 -7.770555e+00  1.900000e+01
     vertex -2.114689e+00 -7.715445e+00  1.900000e+01
     vertex -1.902227e+00 -7.770555e+00  1.800000e+01
   endloop
 endfacet
 facet normal -2.244312e-01 -9.744899e-01  0.000000e+00
   outer loop
     vertex -1.688334e+00 -7.819816e+00  1.900000e+01
     vertex -1.902227e+00 -7.770555e+00  1.900000e+01
     vertex -1.902227e+00 -7.770555e+00  1.800000e+01
   endloop
 endfacet
 facet normal -2.244312e-01 -9.744899e-01 -0.000000e+00
   outer loop
     vertex -1.688334e+00 -7.819816e+00  1.900000e+01
     vertex -1.902227e+00 -7.770555e+00  1.800000e+01
     vertex -1.688334e+00 -7.819816e+00  1.800000e+01
   endloop
 endfacet
 facet normal -1.976125e-01 -9.802802e-01 -0.000000e+00
   outer loop
     vertex -1.688334e+00 -7.819816e+00  1.900000e+01
     vertex -1.688334e+00 -7.819816e+00  1.800000e+01
     vertex -1.473169e+00 -7.863191e+00  1.800000e+01
   endloop
 endfacet
 facet normal -1.976125e-01 -9.802802e-01 -0.000000e+00
   outer loop
     vertex -1.473169e+00 -7.863191e+00  1.900000e+01
     vertex -1.688334e+00 -7.819816e+00  1.900000e+01
     vertex -1.473169e+00 -7.863191e+00  1.800000e+01
   endloop
 endfacet
 facet normal -1.706451e-01 -9.853326e-01  0.000000e+00
   outer loop
     vertex -1.256895e+00 -7.900646e+00  1.900000e+01
     vertex -1.473169e+00 -7.863191e+00  1.900000e+01
     vertex -1.473169e+00 -7.863191e+00  1.800000e+01
   endloop
 endfacet
 facet normal -1.706451e-01 -9.853326e-01 -0.000000e+00
   outer loop
     vertex -1.256895e+00 -7.900646e+00  1.900000e+01
     vertex -1.473169e+00 -7.863191e+00  1.800000e+01
     vertex -1.256895e+00 -7.900646e+00  1.800000e+01
   endloop
 endfacet
 facet normal -1.435492e-01 -9.896432e-01 -0.000000e+00
   outer loop
     vertex -1.256895e+00 -7.900646e+00  1.900000e+01
     vertex -1.256895e+00 -7.900646e+00  1.800000e+01
     vertex -1.039676e+00 -7.932154e+00  1.800000e+01
   endloop
 endfacet
 facet normal -1.435492e-01 -9.896432e-01 -0.000000e+00
   outer loop
     vertex -1.039676e+00 -7.932154e+00  1.900000e+01
     vertex -1.256895e+00 -7.900646e+00  1.900000e+01
     vertex -1.039676e+00 -7.932154e+00  1.800000e+01
   endloop
 endfacet
 facet normal -1.163452e-01 -9.932088e-01  0.000000e+00
   outer loop
     vertex -8.216731e-01 -7.957691e+00  1.900000e+01
     vertex -1.039676e+00 -7.932154e+00  1.900000e+01
     vertex -1.039676e+00 -7.932154e+00  1.800000e+01
   endloop
 endfacet
 facet normal -1.163452e-01 -9.932088e-01 -0.000000e+00
   outer loop
     vertex -8.216731e-01 -7.957691e+00  1.900000e+01
     vertex -1.039676e+00 -7.932154e+00  1.800000e+01
     vertex -8.216731e-01 -7.957691e+00  1.800000e+01
   endloop
 endfacet
 facet normal -8.905371e-02 -9.960268e-01  0.000000e+00
   outer loop
     vertex -6.030522e-01 -7.977238e+00  1.900000e+01
     vertex -8.216731e-01 -7.957691e+00  1.900000e+01
     vertex -8.216731e-01 -7.957691e+00  1.800000e+01
   endloop
 endfacet
 facet normal -8.905371e-02 -9.960268e-01 -0.000000e+00
   outer loop
     vertex -6.030522e-01 -7.977238e+00  1.900000e+01
     vertex -8.216731e-01 -7.957691e+00  1.800000e+01
     vertex -6.030522e-01 -7.977238e+00  1.800000e+01
   endloop
 endfacet
 facet normal -6.169515e-02 -9.980950e-01  0.000000e+00
   outer loop
     vertex -3.839773e-01 -7.990780e+00  1.900000e+01
     vertex -6.030522e-01 -7.977238e+00  1.900000e+01
     vertex -6.030522e-01 -7.977238e+00  1.800000e+01
   endloop
 endfacet
 facet normal -6.169515e-02 -9.980950e-01 -0.000000e+00
   outer loop
     vertex -3.839773e-01 -7.990780e+00  1.900000e+01
     vertex -6.030522e-01 -7.977238e+00  1.800000e+01
     vertex -3.839773e-01 -7.990780e+00  1.800000e+01
   endloop
 endfacet
 facet normal -3.429014e-02 -9.994119e-01  0.000000e+00
   outer loop
     vertex -1.646133e-01 -7.998306e+00  1.900000e+01
     vertex -3.839773e-01 -7.990780e+00  1.900000e+01
     vertex -3.839773e-01 -7.990780e+00  1.800000e+01
   endloop
 endfacet
 facet normal -3.429014e-02 -9.994119e-01 -0.000000e+00
   outer loop
     vertex -1.646133e-01 -7.998306e+00  1.900000e+01
     vertex -3.839773e-01 -7.990780e+00  1.800000e+01
     vertex -1.646133e-01 -7.998306e+00  1.800000e+01
   endloop
 endfacet
 facet normal -6.859319e-03 -9.999765e-01 -0.000000e+00
   outer loop
     vertex -1.646133e-01 -7.998306e+00  1.900000e+01
     vertex -1.646133e-01 -7.998306e+00  1.800000e+01
     vertex  5.487455e-02 -7.999812e+00  1.800000e+01
   endloop
 endfacet
 facet normal -6.859319e-03 -9.999765e-01 -0.000000e+00
   outer loop
     vertex  5.487455e-02 -7.999812e+00  1.900000e+01
     vertex -1.646133e-01 -7.998306e+00  1.900000e+01
     vertex  5.487455e-02 -7.999812e+00  1.800000e+01
   endloop
 endfacet
 facet normal  2.057667e-02 -9.997883e-01  0.000000e+00
   outer loop
     vertex  2.743211e-01 -7.995295e+00  1.900000e+01
     vertex  5.487455e-02 -7.999812e+00  1.900000e+01
     vertex  5.487455e-02 -7.999812e+00  1.800000e+01
   endloop
 endfacet
 facet normal  2.057667e-02 -9.997883e-01  0.000000e+00
   outer loop
     vertex  2.743211e-01 -7.995295e+00  1.900000e+01
     vertex  5.487455e-02 -7.999812e+00  1.800000e+01
     vertex  2.743211e-01 -7.995295e+00  1.800000e+01
   endloop
 endfacet
 facet normal  4.799716e-02 -9.988475e-01  0.000000e+00
   outer loop
     vertex  4.935612e-01 -7.984760e+00  1.900000e+01
     vertex  2.743211e-01 -7.995295e+00  1.800000e+01
     vertex  4.935612e-01 -7.984760e+00  1.800000e+01
   endloop
 endfacet
 facet normal  7.538152e-02 -9.971548e-01  0.000000e+00
   outer loop
     vertex  4.935612e-01 -7.984760e+00  1.900000e+01
     vertex  4.935612e-01 -7.984760e+00  1.800000e+01
     vertex  7.124297e-01 -7.968215e+00  1.800000e+01
   endloop
 endfacet
 facet normal  4.799716e-02 -9.988475e-01  0.000000e+00
   outer loop
     vertex  4.935612e-01 -7.984760e+00  1.900000e+01
     vertex  2.743211e-01 -7.995295e+00  1.900000e+01
     vertex  2.743211e-01 -7.995295e+00  1.800000e+01
   endloop
 endfacet
 facet normal  7.538152e-02 -9.971548e-01  0.000000e+00
   outer loop
     vertex  7.124297e-01 -7.968215e+00  1.900000e+01
     vertex  4.935612e-01 -7.984760e+00  1.900000e+01
     vertex  7.124297e-01 -7.968215e+00  1.800000e+01
   endloop
 endfacet
 facet normal  1.027091e-01 -9.947114e-01  0.000000e+00
   outer loop
     vertex  9.307619e-01 -7.945671e+00  1.900000e+01
     vertex  7.124297e-01 -7.968215e+00  1.800000e+01
     vertex  9.307619e-01 -7.945671e+00  1.800000e+01
   endloop
 endfacet
 facet normal  1.027091e-01 -9.947114e-01  0.000000e+00
   outer loop
     vertex  9.307619e-01 -7.945671e+00  1.900000e+01
     vertex  7.124297e-01 -7.968215e+00  1.900000e+01
     vertex  7.124297e-01 -7.968215e+00  1.800000e+01
   endloop
 endfacet
 facet normal  1.299594e-01 -9.915193e-01  0.000000e+00
   outer loop
     vertex  1.148394e+00 -7.917145e+00  1.900000e+01
     vertex  9.307619e-01 -7.945671e+00  1.800000e+01
     vertex  1.148394e+00 -7.917145e+00  1.800000e+01
   endloop
 endfacet
 facet normal  1.299594e-01 -9.915193e-01  0.000000e+00
   outer loop
     vertex  1.148394e+00 -7.917145e+00  1.900000e+01
     vertex  9.307619e-01 -7.945671e+00  1.900000e+01
     vertex  9.307619e-01 -7.945671e+00  1.800000e+01
   endloop
 endfacet
 facet normal  1.571119e-01 -9.875808e-01  0.000000e+00
   outer loop
     vertex  1.365161e+00 -7.882660e+00  1.900000e+01
     vertex  1.148394e+00 -7.917145e+00  1.800000e+01
     vertex  1.365161e+00 -7.882660e+00  1.800000e+01
   endloop
 endfacet
 facet normal  1.571119e-01 -9.875808e-01  0.000000e+00
   outer loop
     vertex  1.365161e+00 -7.882660e+00  1.900000e+01
     vertex  1.148394e+00 -7.917145e+00  1.900000e+01
     vertex  1.148394e+00 -7.917145e+00  1.800000e+01
   endloop
 endfacet
 facet normal  1.841461e-01 -9.828989e-01  0.000000e+00
   outer loop
     vertex  1.580900e+00 -7.842242e+00  1.900000e+01
     vertex  1.365161e+00 -7.882660e+00  1.800000e+01
     vertex  1.580900e+00 -7.842242e+00  1.800000e+01
   endloop
 endfacet
 facet normal  1.841461e-01 -9.828989e-01  0.000000e+00
   outer loop
     vertex  1.580900e+00 -7.842242e+00  1.900000e+01
     vertex  1.365161e+00 -7.882660e+00  1.900000e+01
     vertex  1.365161e+00 -7.882660e+00  1.800000e+01
   endloop
 endfacet
 facet normal  2.110417e-01 -9.774771e-01  0.000000e+00
   outer loop
     vertex  1.795450e+00 -7.795920e+00  1.900000e+01
     vertex  1.580900e+00 -7.842242e+00  1.800000e+01
     vertex  1.795450e+00 -7.795920e+00  1.800000e+01
   endloop
 endfacet
 facet normal  2.110417e-01 -9.774771e-01  0.000000e+00
   outer loop
     vertex  1.795450e+00 -7.795920e+00  1.900000e+01
     vertex  1.580900e+00 -7.842242e+00  1.900000e+01
     vertex  1.580900e+00 -7.842242e+00  1.800000e+01
   endloop
 endfacet
 facet normal  2.377784e-01 -9.713194e-01  0.000000e+00
   outer loop
     vertex  2.008647e+00 -7.743729e+00  1.900000e+01
     vertex  1.795450e+00 -7.795920e+00  1.800000e+01
     vertex  2.008647e+00 -7.743729e+00  1.800000e+01
   endloop
 endfacet
 facet normal  2.643362e-01 -9.644306e-01  0.000000e+00
   outer loop
     vertex  2.008647e+00 -7.743729e+00  1.900000e+01
     vertex  2.008647e+00 -7.743729e+00  1.800000e+01
     vertex  2.220333e+00 -7.685709e+00  1.800000e+01
   endloop
 endfacet
 facet normal  2.377784e-01 -9.713194e-01  0.000000e+00
   outer loop
     vertex  2.008647e+00 -7.743729e+00  1.900000e+01
     vertex  1.795450e+00 -7.795920e+00  1.900000e+01
     vertex  1.795450e+00 -7.795920e+00  1.800000e+01
   endloop
 endfacet
 facet normal  2.643362e-01 -9.644306e-01  0.000000e+00
   outer loop
     vertex  2.220333e+00 -7.685709e+00  1.900000e+01
     vertex  2.008647e+00 -7.743729e+00  1.900000e+01
     vertex  2.220333e+00 -7.685709e+00  1.800000e+01
   endloop
 endfacet
 facet normal  2.906949e-01 -9.568158e-01  0.000000e+00
   outer loop
     vertex  2.430348e+00 -7.621903e+00  1.900000e+01
     vertex  2.220333e+00 -7.685709e+00  1.800000e+01
     vertex  2.430348e+00 -7.621903e+00  1.800000e+01
   endloop
 endfacet
 facet normal  2.906949e-01 -9.568158e-01  0.000000e+00
   outer loop
     vertex  2.430348e+00 -7.621903e+00  1.900000e+01
     vertex  2.220333e+00 -7.685709e+00  1.900000e+01
     vertex  2.220333e+00 -7.685709e+00  1.800000e+01
   endloop
 endfacet
 facet normal  3.168348e-01 -9.484807e-01  0.000000e+00
   outer loop
     vertex  2.638532e+00 -7.552360e+00  1.900000e+01
     vertex  2.430348e+00 -7.621903e+00  1.800000e+01
     vertex  2.638532e+00 -7.552360e+00  1.800000e+01
   endloop
 endfacet
 facet normal  3.168348e-01 -9.484807e-01  0.000000e+00
   outer loop
     vertex  2.638532e+00 -7.552360e+00  1.900000e+01
     vertex  2.430348e+00 -7.621903e+00  1.900000e+01
     vertex  2.430348e+00 -7.621903e+00  1.800000e+01
   endloop
 endfacet
 facet normal  3.427362e-01 -9.394317e-01  0.000000e+00
   outer loop
     vertex  2.844731e+00 -7.477132e+00  1.900000e+01
     vertex  2.638532e+00 -7.552360e+00  1.800000e+01
     vertex  2.844731e+00 -7.477132e+00  1.800000e+01
   endloop
 endfacet
 facet normal  3.427362e-01 -9.394317e-01  0.000000e+00
   outer loop
     vertex  2.844731e+00 -7.477132e+00  1.900000e+01
     vertex  2.638532e+00 -7.552360e+00  1.900000e+01
     vertex  2.638532e+00 -7.552360e+00  1.800000e+01
   endloop
 endfacet
 facet normal  3.683796e-01 -9.296754e-01  0.000000e+00
   outer loop
     vertex  3.048788e+00 -7.396275e+00  1.900000e+01
     vertex  2.844731e+00 -7.477132e+00  1.800000e+01
     vertex  3.048788e+00 -7.396275e+00  1.800000e+01
   endloop
 endfacet
 facet normal  3.683796e-01 -9.296754e-01  0.000000e+00
   outer loop
     vertex  3.048788e+00 -7.396275e+00  1.900000e+01
     vertex  2.844731e+00 -7.477132e+00  1.900000e+01
     vertex  2.844731e+00 -7.477132e+00  1.800000e+01
   endloop
 endfacet
 facet normal  3.937458e-01 -9.192194e-01  0.000000e+00
   outer loop
     vertex  3.250551e+00 -7.309851e+00  1.900000e+01
     vertex  3.048788e+00 -7.396275e+00  1.900000e+01
     vertex  3.048788e+00 -7.396275e+00  1.800000e+01
   endloop
 endfacet
 facet normal  3.937458e-01 -9.192194e-01  0.000000e+00
   outer loop
     vertex  3.250551e+00 -7.309851e+00  1.900000e+01
     vertex  3.048788e+00 -7.396275e+00  1.800000e+01
     vertex  3.250551e+00 -7.309851e+00  1.800000e+01
   endloop
 endfacet
 facet normal  4.188155e-01 -9.080714e-01  0.000000e+00
   outer loop
     vertex  3.449866e+00 -7.217924e+00  1.900000e+01
     vertex  3.250551e+00 -7.309851e+00  1.900000e+01
     vertex  3.250551e+00 -7.309851e+00  1.800000e+01
   endloop
 endfacet
 facet normal  4.188155e-01 -9.080714e-01  0.000000e+00
   outer loop
     vertex  3.449866e+00 -7.217924e+00  1.900000e+01
     vertex  3.250551e+00 -7.309851e+00  1.800000e+01
     vertex  3.449866e+00 -7.217924e+00  1.800000e+01
   endloop
 endfacet
 facet normal  4.435699e-01 -8.962398e-01  0.000000e+00
   outer loop
     vertex  3.646584e+00 -7.120563e+00  1.900000e+01
     vertex  3.449866e+00 -7.217924e+00  1.900000e+01
     vertex  3.449866e+00 -7.217924e+00  1.800000e+01
   endloop
 endfacet
 facet normal  4.435699e-01 -8.962398e-01  0.000000e+00
   outer loop
     vertex  3.646584e+00 -7.120563e+00  1.900000e+01
     vertex  3.449866e+00 -7.217924e+00  1.800000e+01
     vertex  3.646584e+00 -7.120563e+00  1.800000e+01
   endloop
 endfacet
 facet normal  4.679904e-01 -8.837335e-01  0.000000e+00
   outer loop
     vertex  3.840558e+00 -7.017843e+00  1.900000e+01
     vertex  3.646584e+00 -7.120563e+00  1.900000e+01
     vertex  3.646584e+00 -7.120563e+00  1.800000e+01
   endloop
 endfacet
 facet normal  4.679904e-01 -8.837335e-01  0.000000e+00
   outer loop
     vertex  3.840558e+00 -7.017843e+00  1.900000e+01
     vertex  3.646584e+00 -7.120563e+00  1.800000e+01
     vertex  3.840558e+00 -7.017843e+00  1.800000e+01
   endloop
 endfacet
 facet normal  4.920587e-01 -8.705620e-01  0.000000e+00
   outer loop
     vertex  4.031640e+00 -6.909839e+00  1.900000e+01
     vertex  3.840558e+00 -7.017843e+00  1.800000e+01
     vertex  4.031640e+00 -6.909839e+00  1.800000e+01
   endloop
 endfacet
 facet normal  4.920587e-01 -8.705620e-01  0.000000e+00
   outer loop
     vertex  4.031640e+00 -6.909839e+00  1.900000e+01
     vertex  3.840558e+00 -7.017843e+00  1.900000e+01
     vertex  3.840558e+00 -7.017843e+00  1.800000e+01
   endloop
 endfacet
 facet normal  5.157565e-01 -8.567352e-01  0.000000e+00
   outer loop
     vertex  4.219688e+00 -6.796634e+00  1.900000e+01
     vertex  4.031640e+00 -6.909839e+00  1.800000e+01
     vertex  4.219688e+00 -6.796634e+00  1.800000e+01
   endloop
 endfacet
 facet normal  5.157565e-01 -8.567352e-01  0.000000e+00
   outer loop
     vertex  4.219688e+00 -6.796634e+00  1.900000e+01
     vertex  4.031640e+00 -6.909839e+00  1.900000e+01
     vertex  4.031640e+00 -6.909839e+00  1.800000e+01
   endloop
 endfacet
 facet normal  5.390661e-01 -8.422635e-01  0.000000e+00
   outer loop
     vertex  4.404559e+00 -6.678313e+00  1.900000e+01
     vertex  4.219688e+00 -6.796634e+00  1.800000e+01
     vertex  4.404559e+00 -6.678313e+00  1.800000e+01
   endloop
 endfacet
 facet normal  5.390661e-01 -8.422635e-01  0.000000e+00
   outer loop
     vertex  4.404559e+00 -6.678313e+00  1.900000e+01
     vertex  4.219688e+00 -6.796634e+00  1.900000e+01
     vertex  4.219688e+00 -6.796634e+00  1.800000e+01
   endloop
 endfacet
 facet normal  5.619699e-01 -8.271577e-01  0.000000e+00
   outer loop
     vertex  4.586114e+00 -6.554964e+00  1.900000e+01
     vertex  4.404559e+00 -6.678313e+00  1.800000e+01
     vertex  4.586114e+00 -6.554964e+00  1.800000e+01
   endloop
 endfacet
 facet normal  5.844507e-01 -8.114292e-01  0.000000e+00
   outer loop
     vertex  4.586114e+00 -6.554964e+00  1.900000e+01
     vertex  4.586114e+00 -6.554964e+00  1.800000e+01
     vertex  4.764217e+00 -6.426682e+00  1.800000e+01
   endloop
 endfacet
 facet normal  5.619699e-01 -8.271577e-01  0.000000e+00
   outer loop
     vertex  4.586114e+00 -6.554964e+00  1.900000e+01
     vertex  4.404559e+00 -6.678313e+00  1.900000e+01
     vertex  4.404559e+00 -6.678313e+00  1.800000e+01
   endloop
 endfacet
 facet normal  5.844507e-01 -8.114292e-01  0.000000e+00
   outer loop
     vertex  4.764217e+00 -6.426682e+00  1.900000e+01
     vertex  4.586114e+00 -6.554964e+00  1.900000e+01
     vertex  4.764217e+00 -6.426682e+00  1.800000e+01
   endloop
 endfacet
 facet normal  6.064915e-01 -7.950900e-01  0.000000e+00
   outer loop
     vertex  4.938734e+00 -6.293561e+00  1.900000e+01
     vertex  4.764217e+00 -6.426682e+00  1.800000e+01
     vertex  4.938734e+00 -6.293561e+00  1.800000e+01
   endloop
 endfacet
 facet normal  6.064915e-01 -7.950900e-01  0.000000e+00
   outer loop
     vertex  4.938734e+00 -6.293561e+00  1.900000e+01
     vertex  4.764217e+00 -6.426682e+00  1.900000e+01
     vertex  4.764217e+00 -6.426682e+00  1.800000e+01
   endloop
 endfacet
 facet normal  6.280757e-01 -7.781522e-01  0.000000e+00
   outer loop
     vertex  5.109533e+00 -6.155703e+00  1.900000e+01
     vertex  4.938734e+00 -6.293561e+00  1.800000e+01
     vertex  5.109533e+00 -6.155703e+00  1.800000e+01
   endloop
 endfacet
 facet normal  6.280757e-01 -7.781522e-01  0.000000e+00
   outer loop
     vertex  5.109533e+00 -6.155703e+00  1.900000e+01
     vertex  4.938734e+00 -6.293561e+00  1.900000e+01
     vertex  4.938734e+00 -6.293561e+00  1.800000e+01
   endloop
 endfacet
 facet normal  6.491872e-01 -7.606287e-01  0.000000e+00
   outer loop
     vertex  5.276485e+00 -6.013211e+00  1.900000e+01
     vertex  5.109533e+00 -6.155703e+00  1.800000e+01
     vertex  5.276485e+00 -6.013211e+00  1.800000e+01
   endloop
 endfacet
 facet normal  6.491872e-01 -7.606287e-01  0.000000e+00
   outer loop
     vertex  5.276485e+00 -6.013211e+00  1.900000e+01
     vertex  5.109533e+00 -6.155703e+00  1.900000e+01
     vertex  5.109533e+00 -6.155703e+00  1.800000e+01
   endloop
 endfacet
 facet normal  6.698100e-01 -7.425325e-01  0.000000e+00
   outer loop
     vertex  5.439466e+00 -5.866192e+00  1.900000e+01
     vertex  5.276485e+00 -6.013211e+00  1.800000e+01
     vertex  5.439466e+00 -5.866192e+00  1.800000e+01
   endloop
 endfacet
 facet normal  6.698100e-01 -7.425325e-01  0.000000e+00
   outer loop
     vertex  5.439466e+00 -5.866192e+00  1.900000e+01
     vertex  5.276485e+00 -6.013211e+00  1.900000e+01
     vertex  5.276485e+00 -6.013211e+00  1.800000e+01
   endloop
 endfacet
 facet normal  6.899286e-01 -7.238775e-01  0.000000e+00
   outer loop
     vertex  5.598352e+00 -5.714758e+00  1.900000e+01
     vertex  5.439466e+00 -5.866192e+00  1.800000e+01
     vertex  5.598352e+00 -5.714758e+00  1.800000e+01
   endloop
 endfacet
 facet normal  7.095278e-01 -7.046775e-01  0.000000e+00
   outer loop
     vertex  5.598352e+00 -5.714758e+00  1.900000e+01
     vertex  5.598352e+00 -5.714758e+00  1.800000e+01
     vertex  5.753024e+00 -5.559021e+00  1.800000e+01
   endloop
 endfacet
 facet normal  6.899286e-01 -7.238775e-01  0.000000e+00
   outer loop
     vertex  5.598352e+00 -5.714758e+00  1.900000e+01
     vertex  5.439466e+00 -5.866192e+00  1.900000e+01
     vertex  5.439466e+00 -5.866192e+00  1.800000e+01
   endloop
 endfacet
 facet normal  7.095278e-01 -7.046775e-01  0.000000e+00
   outer loop
     vertex  5.753024e+00 -5.559021e+00  1.900000e+01
     vertex  5.598352e+00 -5.714758e+00  1.900000e+01
     vertex  5.753024e+00 -5.559021e+00  1.800000e+01
   endloop
 endfacet
 facet normal  7.285929e-01 -6.849470e-01  0.000000e+00
   outer loop
     vertex  5.903365e+00 -5.399100e+00  1.900000e+01
     vertex  5.753024e+00 -5.559021e+00  1.800000e+01
     vertex  5.903365e+00 -5.399100e+00  1.800000e+01
   endloop
 endfacet
 facet normal  7.471095e-01 -6.647010e-01  0.000000e+00
   outer loop
     vertex  5.903365e+00 -5.399100e+00  1.900000e+01
     vertex  5.903365e+00 -5.399100e+00  1.800000e+01
     vertex  6.049262e+00 -5.235115e+00  1.800000e+01
   endloop
 endfacet
 facet normal  7.285929e-01 -6.849470e-01  0.000000e+00
   outer loop
     vertex  5.903365e+00 -5.399100e+00  1.900000e+01
     vertex  5.753024e+00 -5.559021e+00  1.900000e+01
     vertex  5.753024e+00 -5.559021e+00  1.800000e+01
   endloop
 endfacet
 facet normal  7.471095e-01 -6.647010e-01  0.000000e+00
   outer loop
     vertex  6.049262e+00 -5.235115e+00  1.900000e+01
     vertex  5.903365e+00 -5.399100e+00  1.900000e+01
     vertex  6.049262e+00 -5.235115e+00  1.800000e+01
   endloop
 endfacet
 facet normal  7.650637e-01 -6.439545e-01  0.000000e+00
   outer loop
     vertex  6.190606e+00 -5.067189e+00  1.900000e+01
     vertex  6.049262e+00 -5.235115e+00  1.800000e+01
     vertex  6.190606e+00 -5.067189e+00  1.800000e+01
   endloop
 endfacet
 facet normal  7.650637e-01 -6.439545e-01  0.000000e+00
   outer loop
     vertex  6.190606e+00 -5.067189e+00  1.900000e+01
     vertex  6.049262e+00 -5.235115e+00  1.900000e+01
     vertex  6.049262e+00 -5.235115e+00  1.800000e+01
   endloop
 endfacet
 facet normal  7.824421e-01 -6.227234e-01  0.000000e+00
   outer loop
     vertex  6.327289e+00 -4.895448e+00  1.900000e+01
     vertex  6.190606e+00 -5.067189e+00  1.800000e+01
     vertex  6.327289e+00 -4.895448e+00  1.800000e+01
   endloop
 endfacet
 facet normal  7.824421e-01 -6.227234e-01  0.000000e+00
   outer loop
     vertex  6.327289e+00 -4.895448e+00  1.900000e+01
     vertex  6.190606e+00 -5.067189e+00  1.900000e+01
     vertex  6.190606e+00 -5.067189e+00  1.800000e+01
   endloop
 endfacet
 facet normal  7.992314e-01 -6.010234e-01  0.000000e+00
   outer loop
     vertex  6.459210e+00 -4.720022e+00  1.900000e+01
     vertex  6.327289e+00 -4.895448e+00  1.800000e+01
     vertex  6.459210e+00 -4.720022e+00  1.800000e+01
   endloop
 endfacet
 facet normal  8.154191e-01 -5.788711e-01  0.000000e+00
   outer loop
     vertex  6.459210e+00 -4.720022e+00  1.900000e+01
     vertex  6.459210e+00 -4.720022e+00  1.800000e+01
     vertex  6.586268e+00 -4.541043e+00  1.800000e+01
   endloop
 endfacet
 facet normal  7.992314e-01 -6.010234e-01  0.000000e+00
   outer loop
     vertex  6.459210e+00 -4.720022e+00  1.900000e+01
     vertex  6.327289e+00 -4.895448e+00  1.900000e+01
     vertex  6.327289e+00 -4.895448e+00  1.800000e+01
   endloop
 endfacet
 facet normal  8.154191e-01 -5.788711e-01  0.000000e+00
   outer loop
     vertex  6.586268e+00 -4.541043e+00  1.900000e+01
     vertex  6.459210e+00 -4.720022e+00  1.900000e+01
     vertex  6.586268e+00 -4.541043e+00  1.800000e+01
   endloop
 endfacet
 facet normal  8.309929e-01 -5.562829e-01  0.000000e+00
   outer loop
     vertex  6.708368e+00 -4.358646e+00  1.900000e+01
     vertex  6.586268e+00 -4.541043e+00  1.800000e+01
     vertex  6.708368e+00 -4.358646e+00  1.800000e+01
   endloop
 endfacet
 facet normal  8.309929e-01 -5.562829e-01  0.000000e+00
   outer loop
     vertex  6.708368e+00 -4.358646e+00  1.900000e+01
     vertex  6.586268e+00 -4.541043e+00  1.900000e+01
     vertex  6.586268e+00 -4.541043e+00  1.800000e+01
   endloop
 endfacet
 facet normal  8.459413e-01 -5.332761e-01  0.000000e+00
   outer loop
     vertex  6.825419e+00 -4.172968e+00  1.900000e+01
     vertex  6.708368e+00 -4.358646e+00  1.800000e+01
     vertex  6.825419e+00 -4.172968e+00  1.800000e+01
   endloop
 endfacet
 facet normal  8.459413e-01 -5.332761e-01  0.000000e+00
   outer loop
     vertex  6.825419e+00 -4.172968e+00  1.900000e+01
     vertex  6.708368e+00 -4.358646e+00  1.900000e+01
     vertex  6.708368e+00 -4.358646e+00  1.800000e+01
   endloop
 endfacet
 facet normal  8.602528e-01 -5.098678e-01  0.000000e+00
   outer loop
     vertex  6.937331e+00 -3.984149e+00  1.900000e+01
     vertex  6.825419e+00 -4.172968e+00  1.800000e+01
     vertex  6.937331e+00 -3.984149e+00  1.800000e+01
   endloop
 endfacet
 facet normal  8.602528e-01 -5.098678e-01  0.000000e+00
   outer loop
     vertex  6.937331e+00 -3.984149e+00  1.900000e+01
     vertex  6.825419e+00 -4.172968e+00  1.900000e+01
     vertex  6.825419e+00 -4.172968e+00  1.800000e+01
   endloop
 endfacet
 facet normal  8.739167e-01 -4.860756e-01  0.000000e+00
   outer loop
     vertex  7.044021e+00 -3.792330e+00  1.900000e+01
     vertex  6.937331e+00 -3.984149e+00  1.800000e+01
     vertex  7.044021e+00 -3.792330e+00  1.800000e+01
   endloop
 endfacet
 facet normal  8.739167e-01 -4.860756e-01  0.000000e+00
   outer loop
     vertex  7.044021e+00 -3.792330e+00  1.900000e+01
     vertex  6.937331e+00 -3.984149e+00  1.900000e+01
     vertex  6.937331e+00 -3.984149e+00  1.800000e+01
   endloop
 endfacet
 facet normal  8.869228e-01 -4.619176e-01  0.000000e+00
   outer loop
     vertex  7.145409e+00 -3.597656e+00  1.900000e+01
     vertex  7.044021e+00 -3.792330e+00  1.900000e+01
     vertex  7.044021e+00 -3.792330e+00  1.800000e+01
   endloop
 endfacet
 facet normal  8.869228e-01 -4.619176e-01  0.000000e+00
   outer loop
     vertex  7.145409e+00 -3.597656e+00  1.900000e+01
     vertex  7.044021e+00 -3.792330e+00  1.800000e+01
     vertex  7.145409e+00 -3.597656e+00  1.800000e+01
   endloop
 endfacet
 facet normal  8.992613e-01 -4.374119e-01  0.000000e+00
   outer loop
     vertex  7.145409e+00 -3.597656e+00  1.900000e+01
     vertex  7.145409e+00 -3.597656e+00  1.800000e+01
     vertex  7.241418e+00 -3.400275e+00  1.800000e+01
   endloop
 endfacet
 facet normal  8.992613e-01 -4.374119e-01  0.000000e+00
   outer loop
     vertex  7.241418e+00 -3.400275e+00  1.900000e+01
     vertex  7.145409e+00 -3.597656e+00  1.900000e+01
     vertex  7.241418e+00 -3.400275e+00  1.800000e+01
   endloop
 endfacet
 facet normal  9.109228e-01 -4.125769e-01  0.000000e+00
   outer loop
     vertex  7.331975e+00 -3.200334e+00  1.900000e+01
     vertex  7.241418e+00 -3.400275e+00  1.900000e+01
     vertex  7.241418e+00 -3.400275e+00  1.800000e+01
   endloop
 endfacet
 facet normal  9.109228e-01 -4.125769e-01  0.000000e+00
   outer loop
     vertex  7.331975e+00 -3.200334e+00  1.900000e+01
     vertex  7.241418e+00 -3.400275e+00  1.800000e+01
     vertex  7.331975e+00 -3.200334e+00  1.800000e+01
   endloop
 endfacet
 facet normal  9.218986e-01 -3.874313e-01  0.000000e+00
   outer loop
     vertex  7.417014e+00 -2.997983e+00  1.900000e+01
     vertex  7.331975e+00 -3.200334e+00  1.900000e+01
     vertex  7.331975e+00 -3.200334e+00  1.800000e+01
   endloop
 endfacet
 facet normal  9.218986e-01 -3.874313e-01  0.000000e+00
   outer loop
     vertex  7.417014e+00 -2.997983e+00  1.900000e+01
     vertex  7.331975e+00 -3.200334e+00  1.800000e+01
     vertex  7.417014e+00 -2.997983e+00  1.800000e+01
   endloop
 endfacet
 facet normal  9.321804e-01 -3.619940e-01  0.000000e+00
   outer loop
     vertex  7.496469e+00 -2.793376e+00  1.900000e+01
     vertex  7.417014e+00 -2.997983e+00  1.900000e+01
     vertex  7.417014e+00 -2.997983e+00  1.800000e+01
   endloop
 endfacet
 facet normal  9.321804e-01 -3.619940e-01  0.000000e+00
   outer loop
     vertex  7.496469e+00 -2.793376e+00  1.900000e+01
     vertex  7.417014e+00 -2.997983e+00  1.800000e+01
     vertex  7.496469e+00 -2.793376e+00  1.800000e+01
   endloop
 endfacet
 facet normal  9.417605e-01 -3.362843e-01  0.000000e+00
   outer loop
     vertex  7.570281e+00 -2.586666e+00  1.900000e+01
     vertex  7.496469e+00 -2.793376e+00  1.900000e+01
     vertex  7.496469e+00 -2.793376e+00  1.800000e+01
   endloop
 endfacet
 facet normal  9.417605e-01 -3.362843e-01  0.000000e+00
   outer loop
     vertex  7.570281e+00 -2.586666e+00  1.900000e+01
     vertex  7.496469e+00 -2.793376e+00  1.800000e+01
     vertex  7.570281e+00 -2.586666e+00  1.800000e+01
   endloop
 endfacet
 facet normal  9.506317e-01 -3.103214e-01  0.000000e+00
   outer loop
     vertex  7.638395e+00 -2.378009e+00  1.900000e+01
     vertex  7.570281e+00 -2.586666e+00  1.900000e+01
     vertex  7.570281e+00 -2.586666e+00  1.800000e+01
   endloop
 endfacet
 facet normal  9.506317e-01 -3.103214e-01  0.000000e+00
   outer loop
     vertex  7.638395e+00 -2.378009e+00  1.900000e+01
     vertex  7.570281e+00 -2.586666e+00  1.800000e+01
     vertex  7.638395e+00 -2.378009e+00  1.800000e+01
   endloop
 endfacet
 facet normal  9.587873e-01 -2.841250e-01  0.000000e+00
   outer loop
     vertex  7.700758e+00 -2.167562e+00  1.900000e+01
     vertex  7.638395e+00 -2.378009e+00  1.900000e+01
     vertex  7.638395e+00 -2.378009e+00  1.800000e+01
   endloop
 endfacet
 facet normal  9.587873e-01 -2.841250e-01  0.000000e+00
   outer loop
     vertex  7.700758e+00 -2.167562e+00  1.900000e+01
     vertex  7.638395e+00 -2.378009e+00  1.800000e+01
     vertex  7.700758e+00 -2.167562e+00  1.800000e+01
   endloop
 endfacet
 facet normal  9.662211e-01 -2.577146e-01  0.000000e+00
   outer loop
     vertex  7.757325e+00 -1.955483e+00  1.900000e+01
     vertex  7.700758e+00 -2.167562e+00  1.900000e+01
     vertex  7.700758e+00 -2.167562e+00  1.800000e+01
   endloop
 endfacet
 facet normal  9.662211e-01 -2.577146e-01  0.000000e+00
   outer loop
     vertex  7.757325e+00 -1.955483e+00  1.900000e+01
     vertex  7.700758e+00 -2.167562e+00  1.800000e+01
     vertex  7.757325e+00 -1.955483e+00  1.800000e+01
   endloop
 endfacet
 facet normal  9.729276e-01 -2.311102e-01  0.000000e+00
   outer loop
     vertex  7.808052e+00 -1.741933e+00  1.900000e+01
     vertex  7.757325e+00 -1.955483e+00  1.900000e+01
     vertex  7.757325e+00 -1.955483e+00  1.800000e+01
   endloop
 endfacet
 facet normal  9.729276e-01 -2.311102e-01  0.000000e+00
   outer loop
     vertex  7.808052e+00 -1.741933e+00  1.900000e+01
     vertex  7.757325e+00 -1.955483e+00  1.800000e+01
     vertex  7.808052e+00 -1.741933e+00  1.800000e+01
   endloop
 endfacet
 facet normal  9.789017e-01 -2.043319e-01  0.000000e+00
   outer loop
     vertex  7.852901e+00 -1.527070e+00  1.900000e+01
     vertex  7.808052e+00 -1.741933e+00  1.900000e+01
     vertex  7.808052e+00 -1.741933e+00  1.800000e+01
   endloop
 endfacet
 facet normal  9.789017e-01 -2.043319e-01  0.000000e+00
   outer loop
     vertex  7.852901e+00 -1.527070e+00  1.900000e+01
     vertex  7.808052e+00 -1.741933e+00  1.800000e+01
     vertex  7.852901e+00 -1.527070e+00  1.800000e+01
   endloop
 endfacet
 facet normal  9.841389e-01 -1.773998e-01  0.000000e+00
   outer loop
     vertex  7.891839e+00 -1.311059e+00  1.900000e+01
     vertex  7.852901e+00 -1.527070e+00  1.900000e+01
     vertex  7.852901e+00 -1.527070e+00  1.800000e+01
   endloop
 endfacet
 facet normal  9.841389e-01 -1.773998e-01  0.000000e+00
   outer loop
     vertex  7.891839e+00 -1.311059e+00  1.900000e+01
     vertex  7.852901e+00 -1.527070e+00  1.800000e+01
     vertex  7.891839e+00 -1.311059e+00  1.800000e+01
   endloop
 endfacet
 facet normal  9.886353e-01 -1.503341e-01  0.000000e+00
   outer loop
     vertex  7.891839e+00 -1.311059e+00  1.900000e+01
     vertex  7.891839e+00 -1.311059e+00  1.800000e+01
     vertex  7.924836e+00 -1.094060e+00  1.800000e+01
   endloop
 endfacet
 facet normal  9.886353e-01 -1.503341e-01  0.000000e+00
   outer loop
     vertex  7.924836e+00 -1.094060e+00  1.900000e+01
     vertex  7.891839e+00 -1.311059e+00  1.900000e+01
     vertex  7.924836e+00 -1.094060e+00  1.800000e+01
   endloop
 endfacet
 facet normal  9.923874e-01 -1.231552e-01  0.000000e+00
   outer loop
     vertex  7.951868e+00 -8.762382e-01  1.900000e+01
     vertex  7.924836e+00 -1.094060e+00  1.800000e+01
     vertex  7.951868e+00 -8.762382e-01  1.800000e+01
   endloop
 endfacet
 facet normal  9.923874e-01 -1.231552e-01  0.000000e+00
   outer loop
     vertex  7.951868e+00 -8.762382e-01  1.900000e+01
     vertex  7.924836e+00 -1.094060e+00  1.900000e+01
     vertex  7.924836e+00 -1.094060e+00  1.800000e+01
   endloop
 endfacet
 facet normal  9.953925e-01 -9.588368e-02  0.000000e+00
   outer loop
     vertex  7.972914e+00 -6.577564e-01  1.900000e+01
     vertex  7.951868e+00 -8.762382e-01  1.800000e+01
     vertex  7.972914e+00 -6.577564e-01  1.800000e+01
   endloop
 endfacet
 facet normal  9.953925e-01 -9.588368e-02  0.000000e+00
   outer loop
     vertex  7.972914e+00 -6.577564e-01  1.900000e+01
     vertex  7.951868e+00 -8.762382e-01  1.900000e+01
     vertex  7.951868e+00 -8.762382e-01  1.800000e+01
   endloop
 endfacet
 facet normal  9.976484e-01 -6.853995e-02  0.000000e+00
   outer loop
     vertex  7.987958e+00 -4.387796e-01  1.900000e+01
     vertex  7.972914e+00 -6.577564e-01  1.800000e+01
     vertex  7.987958e+00 -4.387796e-01  1.800000e+01
   endloop
 endfacet
 facet normal  9.976484e-01 -6.853995e-02  0.000000e+00
   outer loop
     vertex  7.987958e+00 -4.387796e-01  1.900000e+01
     vertex  7.972914e+00 -6.577564e-01  1.900000e+01
     vertex  7.972914e+00 -6.577564e-01  1.800000e+01
   endloop
 endfacet
 facet normal  9.991532e-01 -4.114462e-02  0.000000e+00
   outer loop
     vertex  7.996989e+00 -2.194724e-01  1.900000e+01
     vertex  7.987958e+00 -4.387796e-01  1.800000e+01
     vertex  7.996989e+00 -2.194724e-01  1.800000e+01
   endloop
 endfacet
 facet normal  9.991532e-01 -4.114462e-02  0.000000e+00
   outer loop
     vertex  7.996989e+00 -2.194724e-01  1.900000e+01
     vertex  7.987958e+00 -4.387796e-01  1.900000e+01
     vertex  7.987958e+00 -4.387796e-01  1.800000e+01
   endloop
 endfacet
 facet normal  9.999059e-01 -1.371831e-02  0.000000e+00
   outer loop
     vertex  8.000000e+00  0.000000e+00  1.900000e+01
     vertex  7.996989e+00 -2.194724e-01  1.800000e+01
     vertex  8.000000e+00  0.000000e+00  1.800000e+01
   endloop
 endfacet
 facet normal  9.999059e-01 -1.371831e-02  0.000000e+00
   outer loop
     vertex  8.000000e+00  0.000000e+00  1.900000e+01
     vertex  7.996989e+00 -2.194724e-01  1.900000e+01
     vertex  7.996989e+00 -2.194724e-01  1.800000e+01
   endloop
 endfacet
 facet normal  0.000000e+00  0.000000e+00  1.000000e+00
   outer loop
     vertex -5.358480e+00 -5.940260e+00  1.900000e+01
     vertex -5.676222e+00 -5.637420e+00  1.900000e+01
     vertex -5.519428e+00 -5.791020e+00  1.900000e+01
   endloop
 endfacet
 facet normal  0.000000e+00  0.000000e+00  1.000000e+00
   outer loop
     vertex -6.120510e+00 -5.151636e+00  1.900000e+01
     vertex -5.976876e+00 -5.317608e+00  1.900000e+01
     vertex -5.828743e+00 -5.479576e+00  1.900000e+01
   endloop
 endfacet
 facet normal  0.000000e+00  0.000000e+00  1.000000e+00
   outer loop
     vertex -6.120510e+00 -5.151636e+00  1.900000e+01
     vertex -5.828743e+00 -5.479576e+00  1.900000e+01
     vertex -5.676222e+00 -5.637420e+00  1.900000e+01
   endloop
 endfacet
 facet normal  0.000000e+00  0.000000e+00  1.000000e+00
   outer loop
     vertex -5.024606e+00 -6.225218e+00  1.900000e+01
     vertex -5.358480e+00 -5.940260e+00  1.900000e+01
     vertex -5.193498e+00 -6.085029e+00  1.900000e+01
   endloop
 endfacet
 facet normal  0.000000e+00  0.000000e+00  1.000000e+00
   outer loop
     vertex -6.523353e+00 -4.630969e+00  1.900000e+01
     vertex -6.393851e+00 -4.808188e+00  1.900000e+01
     vertex -6.259537e+00 -4.981787e+00  1.900000e+01
   endloop
 endfacet
 facet normal  0.000000e+00  0.000000e+00  1.000000e+00
   outer loop
     vertex -6.523353e+00 -4.630969e+00  1.900000e+01
     vertex -6.259537e+00 -4.981787e+00  1.900000e+01
     vertex -6.120510e+00 -5.151636e+00  1.900000e+01
   endloop
 endfacet
 facet normal  0.000000e+00  0.000000e+00  1.000000e+00
   outer loop
     vertex -4.495759e+00 -6.617261e+00  1.900000e+01
     vertex -4.851932e+00 -6.360720e+00  1.900000e+01
     vertex -4.675605e+00 -6.491434e+00  1.900000e+01
   endloop
 endfacet
 facet normal  0.000000e+00  0.000000e+00  1.000000e+00
   outer loop
     vertex -6.647944e+00 -4.450264e+00  1.900000e+01
     vertex -6.120510e+00 -5.151636e+00  1.900000e+01
     vertex -5.676222e+00 -5.637420e+00  1.900000e+01
   endloop
 endfacet
 facet normal  0.000000e+00  0.000000e+00  1.000000e+00
   outer loop
     vertex -6.647944e+00 -4.450264e+00  1.900000e+01
     vertex -6.523353e+00 -4.630969e+00  1.900000e+01
     vertex -6.120510e+00 -5.151636e+00  1.900000e+01
   endloop
 endfacet
 facet normal  0.000000e+00  0.000000e+00  1.000000e+00
   outer loop
     vertex -4.312529e+00 -6.738108e+00  1.900000e+01
     vertex -5.024606e+00 -6.225218e+00  1.900000e+01
     vertex -4.851932e+00 -6.360720e+00  1.900000e+01
   endloop
 endfacet
 facet normal  0.000000e+00  0.000000e+00  1.000000e+00
   outer loop
     vertex -4.312529e+00 -6.738108e+00  1.900000e+01
     vertex -4.851932e+00 -6.360720e+00  1.900000e+01
     vertex -4.495759e+00 -6.617261e+00  1.900000e+01
   endloop
 endfacet
 facet normal  0.000000e+00  0.000000e+00  1.000000e+00
   outer loop
     vertex -4.126052e+00 -6.853882e+00  1.900000e+01
     vertex -5.676222e+00 -5.637420e+00  1.900000e+01
     vertex -5.358480e+00 -5.940260e+00  1.900000e+01
   endloop
 endfacet
 facet normal  0.000000e+00  0.000000e+00  1.000000e+00
   outer loop
     vertex -4.126052e+00 -6.853882e+00  1.900000e+01
     vertex -5.358480e+00 -5.940260e+00  1.900000e+01
     vertex -5.024606e+00 -6.225218e+00  1.900000e+01
   endloop
 endfacet
 facet normal  0.000000e+00  0.000000e+00  1.000000e+00
   outer loop
     vertex -4.126052e+00 -6.853882e+00  1.900000e+01
     vertex -5.024606e+00 -6.225218e+00  1.900000e+01
     vertex -4.312529e+00 -6.738108e+00  1.900000e+01
   endloop
 endfacet
 facet normal  0.000000e+00  0.000000e+00  1.000000e+00
   outer loop
     vertex -6.882022e+00 -4.078942e+00  1.900000e+01
     vertex -6.767530e+00 -4.266209e+00  1.900000e+01
     vertex -6.647944e+00 -4.450264e+00  1.900000e+01
   endloop
 endfacet
 facet normal  0.000000e+00  0.000000e+00  1.000000e+00
   outer loop
     vertex -6.882022e+00 -4.078942e+00  1.900000e+01
     vertex -5.676222e+00 -5.637420e+00  1.900000e+01
     vertex -4.126052e+00 -6.853882e+00  1.900000e+01
   endloop
 endfacet
 facet normal  0.000000e+00  0.000000e+00  1.000000e+00
   outer loop
     vertex -6.882022e+00 -4.078942e+00  1.900000e+01
     vertex -6.647944e+00 -4.450264e+00  1.900000e+01
     vertex -5.676222e+00 -5.637420e+00  1.900000e+01
   endloop
 endfacet
 facet normal  0.000000e+00  0.000000e+00  1.000000e+00
   outer loop
     vertex -6.991334e+00 -3.888605e+00  1.900000e+01
     vertex -4.126052e+00 -6.853882e+00  1.900000e+01
     vertex -3.936469e+00 -6.964496e+00  1.900000e+01
   endloop
 endfacet
 facet normal  0.000000e+00  0.000000e+00  1.000000e+00
   outer loop
     vertex -6.991334e+00 -3.888605e+00  1.900000e+01
     vertex -6.882022e+00 -4.078942e+00  1.900000e+01
     vertex -4.126052e+00 -6.853882e+00  1.900000e+01
   endloop
 endfacet
 facet normal  0.000000e+00  0.000000e+00  1.000000e+00
   outer loop
     vertex -3.743923e+00 -7.069868e+00  1.900000e+01
     vertex -6.991334e+00 -3.888605e+00  1.900000e+01
     vertex -3.936469e+00 -6.964496e+00  1.900000e+01
   endloop
 endfacet
 facet normal  0.000000e+00  0.000000e+00  1.000000e+00
   outer loop
     vertex -7.194090e+00 -3.499295e+00  1.900000e+01
     vertex -7.095383e+00 -3.695341e+00  1.900000e+01
     vertex -6.991334e+00 -3.888605e+00  1.900000e+01
   endloop
 endfacet
 facet normal  0.000000e+00  0.000000e+00  1.000000e+00
   outer loop
     vertex -2.741890e+00 -7.515453e+00  1.900000e+01
     vertex -3.548559e+00 -7.169918e+00  1.900000e+01
     vertex -3.350524e+00 -7.264571e+00  1.900000e+01
   endloop
 endfacet
 facet normal  0.000000e+00  0.000000e+00  1.000000e+00
   outer loop
     vertex -2.741890e+00 -7.515453e+00  1.900000e+01
     vertex -3.350524e+00 -7.264571e+00  1.900000e+01
     vertex -3.149966e+00 -7.353755e+00  1.900000e+01
   endloop
 endfacet
 facet normal  0.000000e+00  0.000000e+00  1.000000e+00
   outer loop
     vertex -2.741890e+00 -7.515453e+00  1.900000e+01
     vertex -3.149966e+00 -7.353755e+00  1.900000e+01
     vertex -2.947037e+00 -7.437404e+00  1.900000e+01
   endloop
 endfacet
 facet normal  0.000000e+00  0.000000e+00  1.000000e+00
   outer loop
     vertex -7.605054e+00 -2.482571e+00  1.900000e+01
     vertex -7.534084e+00 -2.690274e+00  1.900000e+01
     vertex -7.457443e+00 -2.895952e+00  1.900000e+01
   endloop
 endfacet
 facet normal  0.000000e+00  0.000000e+00  1.000000e+00
   outer loop
     vertex -7.605054e+00 -2.482571e+00  1.900000e+01
     vertex -7.457443e+00 -2.895952e+00  1.900000e+01
     vertex -7.375189e+00 -3.099450e+00  1.900000e+01
   endloop
 endfacet
 facet normal  0.000000e+00  0.000000e+00  1.000000e+00
   outer loop
     vertex -7.605054e+00 -2.482571e+00  1.900000e+01
     vertex -7.375189e+00 -3.099450e+00  1.900000e+01
     vertex -7.287382e+00 -3.300615e+00  1.900000e+01
   endloop
 endfacet
 facet normal  0.000000e+00  0.000000e+00  1.000000e+00
   outer loop
     vertex -7.605054e+00 -2.482571e+00  1.900000e+01
     vertex -7.287382e+00 -3.300615e+00  1.900000e+01
     vertex -7.194090e+00 -3.499295e+00  1.900000e+01
   endloop
 endfacet
 facet normal  0.000000e+00  0.000000e+00  1.000000e+00
   outer loop
     vertex -7.605054e+00 -2.482571e+00  1.900000e+01
     vertex -7.194090e+00 -3.499295e+00  1.900000e+01
     vertex -6.991334e+00 -3.888605e+00  1.900000e+01
   endloop
 endfacet
 facet normal  0.000000e+00  0.000000e+00  1.000000e+00
   outer loop
     vertex -2.114689e+00 -7.715445e+00  1.900000e+01
     vertex -2.741890e+00 -7.515453e+00  1.900000e+01
     vertex -2.534679e+00 -7.587846e+00  1.900000e+01
   endloop
 endfacet
 facet normal  0.000000e+00  0.000000e+00  1.000000e+00
   outer loop
     vertex -2.114689e+00 -7.715445e+00  1.900000e+01
     vertex -2.534679e+00 -7.587846e+00  1.900000e+01
     vertex -2.325559e+00 -7.654526e+00  1.900000e+01
   endloop
 endfacet
 facet normal  0.000000e+00  0.000000e+00  1.000000e+00
   outer loop
     vertex -2.114689e+00 -7.715445e+00  1.900000e+01
     vertex -3.548559e+00 -7.169918e+00  1.900000e+01
     vertex -2.741890e+00 -7.515453e+00  1.900000e+01
   endloop
 endfacet
 facet normal  0.000000e+00  0.000000e+00  1.000000e+00
   outer loop
     vertex -7.783421e+00 -1.848882e+00  1.900000e+01
     vertex -7.729769e+00 -2.061717e+00  1.900000e+01
     vertex -7.670298e+00 -2.273000e+00  1.900000e+01
   endloop
 endfacet
 facet normal  0.000000e+00  0.000000e+00  1.000000e+00
   outer loop
     vertex -1.688334e+00 -7.819816e+00  1.900000e+01
     vertex -2.114689e+00 -7.715445e+00  1.900000e+01
     vertex -1.902227e+00 -7.770555e+00  1.900000e+01
   endloop
 endfacet
 facet normal  0.000000e+00  0.000000e+00  1.000000e+00
   outer loop
     vertex -7.873111e+00 -1.419198e+00  1.900000e+01
     vertex -7.605054e+00 -2.482571e+00  1.900000e+01
     vertex -6.991334e+00 -3.888605e+00  1.900000e+01
   endloop
 endfacet
 facet normal  0.000000e+00  0.000000e+00  1.000000e+00
   outer loop
     vertex -7.873111e+00 -1.419198e+00  1.900000e+01
     vertex -2.114689e+00 -7.715445e+00  1.900000e+01
     vertex -1.688334e+00 -7.819816e+00  1.900000e+01
   endloop
 endfacet
 facet normal  0.000000e+00  0.000000e+00  1.000000e+00
   outer loop
     vertex -7.873111e+00 -1.419198e+00  1.900000e+01
     vertex -7.831213e+00 -1.634655e+00  1.900000e+01
     vertex -7.783421e+00 -1.848882e+00  1.900000e+01
   endloop
 endfacet
 facet normal  0.000000e+00  0.000000e+00  1.000000e+00
   outer loop
     vertex -7.873111e+00 -1.419198e+00  1.900000e+01
     vertex -7.670298e+00 -2.273000e+00  1.900000e+01
     vertex -7.605054e+00 -2.482571e+00  1.900000e+01
   endloop
 endfacet
 facet normal  0.000000e+00  0.000000e+00  1.000000e+00
   outer loop
     vertex -7.873111e+00 -1.419198e+00  1.900000e+01
     vertex -3.743923e+00 -7.069868e+00  1.900000e+01
     vertex -3.548559e+00 -7.169918e+00  1.900000e+01
   endloop
 endfacet
 facet normal  0.000000e+00  0.000000e+00  1.000000e+00
   outer loop
     vertex -7.873111e+00 -1.419198e+00  1.900000e+01
     vertex -1.688334e+00 -7.819816e+00  1.900000e+01
     vertex -1.473169e+00 -7.863191e+00  1.900000e+01
   endloop
 endfacet
 facet normal  0.000000e+00  0.000000e+00  1.000000e+00
   outer loop
     vertex -7.873111e+00 -1.419198e+00  1.900000e+01
     vertex -6.991334e+00 -3.888605e+00  1.900000e+01
     vertex -3.743923e+00 -7.069868e+00  1.900000e+01
   endloop
 endfacet
 facet normal  0.000000e+00  0.000000e+00  1.000000e+00
   outer loop
     vertex -7.873111e+00 -1.419198e+00  1.900000e+01
     vertex -7.783421e+00 -1.848882e+00  1.900000e+01
     vertex -7.670298e+00 -2.273000e+00  1.900000e+01
   endloop
 endfacet
 facet normal  0.000000e+00  0.000000e+00  1.000000e+00
   outer loop
     vertex -7.873111e+00 -1.419198e+00  1.900000e+01
     vertex -3.548559e+00 -7.169918e+00  1.900000e+01
     vertex -2.114689e+00 -7.715445e+00  1.900000e+01
   endloop
 endfacet
 facet normal  0.000000e+00  0.000000e+00  1.000000e+00
   outer loop
     vertex -1.039676e+00 -7.932154e+00  1.900000e+01
     vertex -7.873111e+00 -1.419198e+00  1.900000e+01
     vertex -1.473169e+00 -7.863191e+00  1.900000e+01
   endloop
 endfacet
 facet normal  0.000000e+00  0.000000e+00  1.000000e+00
   outer loop
     vertex -1.039676e+00 -7.932154e+00  1.900000e+01
     vertex -1.473169e+00 -7.863191e+00  1.900000e+01
     vertex -1.256895e+00 -7.900646e+00  1.900000e+01
   endloop
 endfacet
 facet normal  0.000000e+00  0.000000e+00  1.000000e+00
   outer loop
     vertex -6.030522e-01 -7.977238e+00  1.900000e+01
     vertex -1.039676e+00 -7.932154e+00  1.900000e+01
     vertex -8.216731e-01 -7.957691e+00  1.900000e+01
   endloop
 endfacet
 facet normal  0.000000e+00  0.000000e+00  1.000000e+00
   outer loop
     vertex -7.981187e+00 -5.483196e-01  1.900000e+01
     vertex -7.963140e+00 -7.670695e-01  1.900000e+01
     vertex -7.939099e+00 -9.852419e-01  1.900000e+01
   endloop
 endfacet
 facet normal  0.000000e+00  0.000000e+00  1.000000e+00
   outer loop
     vertex -1.646133e-01 -7.998306e+00  1.900000e+01
     vertex -6.030522e-01 -7.977238e+00  1.900000e+01
     vertex -3.839773e-01 -7.990780e+00  1.900000e+01
   endloop
 endfacet
 facet normal  0.000000e+00  0.000000e+00  1.000000e+00
   outer loop
     vertex -7.993226e+00  3.291569e-01  1.900000e+01
     vertex -7.999247e+00  1.097465e-01  1.900000e+01
     vertex -7.999247e+00 -1.097465e-01  1.900000e+01
   endloop
 endfacet
 facet normal  0.000000e+00  0.000000e+00  1.000000e+00
   outer loop
     vertex  4.935612e-01 -7.984760e+00  1.900000e+01
     vertex  5.487455e-02 -7.999812e+00  1.900000e+01
     vertex  2.743211e-01 -7.995295e+00  1.900000e+01
   endloop
 endfacet
 facet normal  0.000000e+00  0.000000e+00  1.000000e+00
   outer loop
     vertex  7.124297e-01 -7.968215e+00  1.900000e+01
     vertex  5.487455e-02 -7.999812e+00  1.900000e+01
     vertex  4.935612e-01 -7.984760e+00  1.900000e+01
   endloop
 endfacet
 facet normal  0.000000e+00  0.000000e+00  1.000000e+00
   outer loop
     vertex  9.307619e-01 -7.945671e+00  1.900000e+01
     vertex  5.487455e-02 -7.999812e+00  1.900000e+01
     vertex  7.124297e-01 -7.968215e+00  1.900000e+01
   endloop
 endfacet
 facet normal  0.000000e+00  0.000000e+00  1.000000e+00
   outer loop
     vertex  1.148394e+00 -7.917145e+00  1.900000e+01
     vertex  5.487455e-02 -7.999812e+00  1.900000e+01
     vertex  9.307619e-01 -7.945671e+00  1.900000e+01
   endloop
 endfacet
 facet normal  0.000000e+00  0.000000e+00  1.000000e+00
   outer loop
     vertex  1.148394e+00 -7.917145e+00  1.900000e+01
     vertex -1.646133e-01 -7.998306e+00  1.900000e+01
     vertex  5.487455e-02 -7.999812e+00  1.900000e+01
   endloop
 endfacet
 facet normal  0.000000e+00  0.000000e+00  1.000000e+00
   outer loop
     vertex -7.909082e+00  1.202673e+00  1.900000e+01
     vertex -7.939099e+00  9.852419e-01  1.900000e+01
     vertex -7.963140e+00  7.670695e-01  1.900000e+01
   endloop
 endfacet
 facet normal  0.000000e+00  0.000000e+00  1.000000e+00
   outer loop
     vertex -7.909082e+00  1.202673e+00  1.900000e+01
     vertex -7.963140e+00  7.670695e-01  1.900000e+01
     vertex -7.981187e+00  5.483196e-01  1.900000e+01
   endloop
 endfacet
 facet normal  0.000000e+00  0.000000e+00  1.000000e+00
   outer loop
     vertex -7.909082e+00  1.202673e+00  1.900000e+01
     vertex -7.981187e+00  5.483196e-01  1.900000e+01
     vertex -7.993226e+00  3.291569e-01  1.900000e+01
   endloop
 endfacet
 facet normal  0.000000e+00  0.000000e+00  1.000000e+00
   outer loop
     vertex  1.365161e+00 -7.882660e+00  1.900000e+01
     vertex -1.646133e-01 -7.998306e+00  1.900000e+01
     vertex  1.148394e+00 -7.917145e+00  1.900000e+01
   endloop
 endfacet
 facet normal  0.000000e+00  0.000000e+00  1.000000e+00
   outer loop
     vertex  1.580900e+00 -7.842242e+00  1.900000e+01
     vertex -1.646133e-01 -7.998306e+00  1.900000e+01
     vertex  1.365161e+00 -7.882660e+00  1.900000e+01
   endloop
 endfacet
 facet normal  0.000000e+00  0.000000e+00  1.000000e+00
   outer loop
     vertex -7.831213e+00  1.634655e+00  1.900000e+01
     vertex -7.873111e+00  1.419198e+00  1.900000e+01
     vertex -7.909082e+00  1.202673e+00  1.900000e+01
   endloop
 endfacet
 facet normal  0.000000e+00  0.000000e+00  1.000000e+00
   outer loop
     vertex  2.008647e+00 -7.743729e+00  1.900000e+01
     vertex -1.646133e-01 -7.998306e+00  1.900000e+01
     vertex  1.580900e+00 -7.842242e+00  1.900000e+01
   endloop
 endfacet
 facet normal  0.000000e+00  0.000000e+00  1.000000e+00
   outer loop
     vertex  2.008647e+00 -7.743729e+00  1.900000e+01
     vertex  1.580900e+00 -7.842242e+00  1.900000e+01
     vertex  1.795450e+00 -7.795920e+00  1.900000e+01
   endloop
 endfacet
 facet normal  0.000000e+00  0.000000e+00  1.000000e+00
   outer loop
     vertex  2.220333e+00 -7.685709e+00  1.900000e+01
     vertex -6.030522e-01 -7.977238e+00  1.900000e+01
     vertex -1.646133e-01 -7.998306e+00  1.900000e+01
   endloop
 endfacet
 facet normal  0.000000e+00  0.000000e+00  1.000000e+00
   outer loop
     vertex  2.220333e+00 -7.685709e+00  1.900000e+01
     vertex -1.646133e-01 -7.998306e+00  1.900000e+01
     vertex  2.008647e+00 -7.743729e+00  1.900000e+01
   endloop
 endfacet
 facet normal  0.000000e+00  0.000000e+00  1.000000e+00
   outer loop
     vertex -7.670298e+00  2.273000e+00  1.900000e+01
     vertex -7.729769e+00  2.061717e+00  1.900000e+01
     vertex -7.783421e+00  1.848882e+00  1.900000e+01
   endloop
 endfacet
 facet normal  0.000000e+00  0.000000e+00  1.000000e+00
   outer loop
     vertex -7.670298e+00  2.273000e+00  1.900000e+01
     vertex -7.783421e+00  1.848882e+00  1.900000e+01
     vertex -7.831213e+00  1.634655e+00  1.900000e+01
   endloop
 endfacet
 facet normal  0.000000e+00  0.000000e+00  1.000000e+00
   outer loop
     vertex -7.670298e+00  2.273000e+00  1.900000e+01
     vertex -7.993226e+00  3.291569e-01  1.900000e+01
     vertex -7.999247e+00 -1.097465e-01  1.900000e+01
   endloop
 endfacet
 facet normal  0.000000e+00  0.000000e+00  1.000000e+00
   outer loop
     vertex -7.670298e+00  2.273000e+00  1.900000e+01
     vertex -7.831213e+00  1.634655e+00  1.900000e+01
     vertex -7.909082e+00  1.202673e+00  1.900000e+01
   endloop
 endfacet
 facet normal  0.000000e+00  0.000000e+00  1.000000e+00
   outer loop
     vertex -7.670298e+00  2.273000e+00  1.900000e+01
     vertex -7.909082e+00  1.202673e+00  1.900000e+01
     vertex -7.993226e+00  3.291569e-01  1.900000e+01
   endloop
 endfacet
 facet normal  0.000000e+00  0.000000e+00  1.000000e+00
   outer loop
     vertex  2.844731e+00 -7.477132e+00  1.900000e+01
     vertex  2.220333e+00 -7.685709e+00  1.900000e+01
     vertex  2.430348e+00 -7.621903e+00  1.900000e+01
   endloop
 endfacet
 facet normal  0.000000e+00  0.000000e+00  1.000000e+00
   outer loop
     vertex  2.844731e+00 -7.477132e+00  1.900000e+01
     vertex  2.430348e+00 -7.621903e+00  1.900000e+01
     vertex  2.638532e+00 -7.552360e+00  1.900000e+01
   endloop
 endfacet
 facet normal  0.000000e+00  0.000000e+00  1.000000e+00
   outer loop
     vertex -7.457443e+00  2.895952e+00  1.900000e+01
     vertex -7.534084e+00  2.690274e+00  1.900000e+01
     vertex -7.605054e+00  2.482571e+00  1.900000e+01
   endloop
 endfacet
 facet normal  0.000000e+00  0.000000e+00  1.000000e+00
   outer loop
     vertex -7.457443e+00  2.895952e+00  1.900000e+01
     vertex -7.605054e+00  2.482571e+00  1.900000e+01
     vertex -7.670298e+00  2.273000e+00  1.900000e+01
   endloop
 endfacet
 facet normal  0.000000e+00  0.000000e+00  1.000000e+00
   outer loop
     vertex -7.375189e+00  3.099450e+00  1.900000e+01
     vertex -7.999247e+00 -1.097465e-01  1.900000e+01
     vertex -7.993226e+00 -3.291569e-01  1.900000e+01
   endloop
 endfacet
 facet normal  0.000000e+00  0.000000e+00  1.000000e+00
   outer loop
     vertex -7.375189e+00  3.099450e+00  1.900000e+01
     vertex -7.993226e+00 -3.291569e-01  1.900000e+01
     vertex -7.981187e+00 -5.483196e-01  1.900000e+01
   endloop
 endfacet
 facet normal  0.000000e+00  0.000000e+00  1.000000e+00
   outer loop
     vertex -7.375189e+00  3.099450e+00  1.900000e+01
     vertex -7.670298e+00  2.273000e+00  1.900000e+01
     vertex -7.999247e+00 -1.097465e-01  1.900000e+01
   endloop
 endfacet
 facet normal  0.000000e+00  0.000000e+00  1.000000e+00
   outer loop
     vertex -7.375189e+00  3.099450e+00  1.900000e+01
     vertex -7.457443e+00  2.895952e+00  1.900000e+01
     vertex -7.670298e+00  2.273000e+00  1.900000e+01
   endloop
 endfacet
 facet normal  0.000000e+00  0.000000e+00  1.000000e+00
   outer loop
     vertex  3.250551e+00 -7.309851e+00  1.900000e+01
     vertex -6.030522e-01 -7.977238e+00  1.900000e+01
     vertex  2.220333e+00 -7.685709e+00  1.900000e+01
   endloop
 endfacet
 facet normal  0.000000e+00  0.000000e+00  1.000000e+00
   outer loop
     vertex  3.250551e+00 -7.309851e+00  1.900000e+01
     vertex -1.039676e+00 -7.932154e+00  1.900000e+01
     vertex -6.030522e-01 -7.977238e+00  1.900000e+01
   endloop
 endfacet
 facet normal  0.000000e+00  0.000000e+00  1.000000e+00
   outer loop
     vertex  3.250551e+00 -7.309851e+00  1.900000e+01
     vertex  2.844731e+00 -7.477132e+00  1.900000e+01
     vertex  3.048788e+00 -7.396275e+00  1.900000e+01
   endloop
 endfacet
 facet normal  0.000000e+00  0.000000e+00  1.000000e+00
   outer loop
     vertex  3.250551e+00 -7.309851e+00  1.900000e+01
     vertex  2.220333e+00 -7.685709e+00  1.900000e+01
     vertex  2.844731e+00 -7.477132e+00  1.900000e+01
   endloop
 endfacet
 facet normal  0.000000e+00  0.000000e+00  1.000000e+00
   outer loop
     vertex -7.194090e+00  3.499295e+00  1.900000e+01
     vertex -7.287382e+00  3.300615e+00  1.900000e+01
     vertex -7.375189e+00  3.099450e+00  1.900000e+01
   endloop
 endfacet
 facet normal  0.000000e+00  0.000000e+00  1.000000e+00
   outer loop
     vertex  3.646584e+00 -7.120563e+00  1.900000e+01
     vertex -1.039676e+00 -7.932154e+00  1.900000e+01
     vertex  3.250551e+00 -7.309851e+00  1.900000e+01
   endloop
 endfacet
 facet normal  0.000000e+00  0.000000e+00  1.000000e+00
   outer loop
     vertex  3.646584e+00 -7.120563e+00  1.900000e+01
     vertex -7.873111e+00 -1.419198e+00  1.900000e+01
     vertex -1.039676e+00 -7.932154e+00  1.900000e+01
   endloop
 endfacet
 facet normal  0.000000e+00  0.000000e+00  1.000000e+00
   outer loop
     vertex  3.646584e+00 -7.120563e+00  1.900000e+01
     vertex -7.939099e+00 -9.852419e-01  1.900000e+01
     vertex -7.909082e+00 -1.202673e+00  1.900000e+01
   endloop
 endfacet
 facet normal  0.000000e+00  0.000000e+00  1.000000e+00
   outer loop
     vertex  3.646584e+00 -7.120563e+00  1.900000e+01
     vertex -7.909082e+00 -1.202673e+00  1.900000e+01
     vertex -7.873111e+00 -1.419198e+00  1.900000e+01
   endloop
 endfacet
 facet normal  0.000000e+00  0.000000e+00  1.000000e+00
   outer loop
     vertex  3.646584e+00 -7.120563e+00  1.900000e+01
     vertex  3.250551e+00 -7.309851e+00  1.900000e+01
     vertex  3.449866e+00 -7.217924e+00  1.900000e+01
   endloop
 endfacet
 facet normal  0.000000e+00  0.000000e+00  1.000000e+00
   outer loop
     vertex -6.882022e+00  4.078942e+00  1.900000e+01
     vertex -6.991334e+00  3.888605e+00  1.900000e+01
     vertex -7.095383e+00  3.695341e+00  1.900000e+01
   endloop
 endfacet
 facet normal  0.000000e+00  0.000000e+00  1.000000e+00
   outer loop
     vertex -6.882022e+00  4.078942e+00  1.900000e+01
     vertex -7.095383e+00  3.695341e+00  1.900000e+01
     vertex -7.194090e+00  3.499295e+00  1.900000e+01
   endloop
 endfacet
 facet normal  0.000000e+00  0.000000e+00  1.000000e+00
   outer loop
     vertex  4.404559e+00 -6.678313e+00  1.900000e+01
     vertex  3.646584e+00 -7.120563e+00  1.900000e+01
     vertex  3.840558e+00 -7.017843e+00  1.900000e+01
   endloop
 endfacet
 facet normal  0.000000e+00  0.000000e+00  1.000000e+00
   outer loop
     vertex  4.404559e+00 -6.678313e+00  1.900000e+01
     vertex  3.840558e+00 -7.017843e+00  1.900000e+01
     vertex  4.031640e+00 -6.909839e+00  1.900000e+01
   endloop
 endfacet
 facet normal  0.000000e+00  0.000000e+00  1.000000e+00
   outer loop
     vertex  4.404559e+00 -6.678313e+00  1.900000e+01
     vertex  4.031640e+00 -6.909839e+00  1.900000e+01
     vertex  4.219688e+00 -6.796634e+00  1.900000e+01
   endloop
 endfacet
 facet normal  0.000000e+00  0.000000e+00  1.000000e+00
   outer loop
     vertex  4.404559e+00 -6.678313e+00  1.900000e+01
     vertex -7.939099e+00 -9.852419e-01  1.900000e+01
     vertex  3.646584e+00 -7.120563e+00  1.900000e+01
   endloop
 endfacet
 facet normal  0.000000e+00  0.000000e+00  1.000000e+00
   outer loop
     vertex -6.647944e+00  4.450264e+00  1.900000e+01
     vertex -6.882022e+00  4.078942e+00  1.900000e+01
     vertex -7.194090e+00  3.499295e+00  1.900000e+01
   endloop
 endfacet
 facet normal  0.000000e+00  0.000000e+00  1.000000e+00
   outer loop
     vertex -6.647944e+00  4.450264e+00  1.900000e+01
     vertex -7.194090e+00  3.499295e+00  1.900000e+01
     vertex -7.375189e+00  3.099450e+00  1.900000e+01
   endloop
 endfacet
 facet normal  0.000000e+00  0.000000e+00  1.000000e+00
   outer loop
     vertex -6.647944e+00  4.450264e+00  1.900000e+01
     vertex -6.767530e+00  4.266209e+00  1.900000e+01
     vertex -6.882022e+00  4.078942e+00  1.900000e+01
   endloop
 endfacet
 facet normal  0.000000e+00  0.000000e+00  1.000000e+00
   outer loop
     vertex -6.523353e+00  4.630969e+00  1.900000e+01
     vertex -6.647944e+00  4.450264e+00  1.900000e+01
     vertex -7.375189e+00  3.099450e+00  1.900000e+01
   endloop
 endfacet
 facet normal  0.000000e+00  0.000000e+00  1.000000e+00
   outer loop
     vertex  4.764217e+00 -6.426682e+00  1.900000e+01
     vertex  4.404559e+00 -6.678313e+00  1.900000e+01
     vertex  4.586114e+00 -6.554964e+00  1.900000e+01
   endloop
 endfacet
 facet normal  0.000000e+00  0.000000e+00  1.000000e+00
   outer loop
     vertex -6.259537e+00  4.981787e+00  1.900000e+01
     vertex -6.523353e+00  4.630969e+00  1.900000e+01
     vertex -7.375189e+00  3.099450e+00  1.900000e+01
   endloop
 endfacet
 facet normal  0.000000e+00  0.000000e+00  1.000000e+00
   outer loop
     vertex -6.259537e+00  4.981787e+00  1.900000e+01
     vertex -7.375189e+00  3.099450e+00  1.900000e+01
     vertex -7.981187e+00 -5.483196e-01  1.900000e+01
   endloop
 endfacet
 facet normal  0.000000e+00  0.000000e+00  1.000000e+00
   outer loop
     vertex -6.259537e+00  4.981787e+00  1.900000e+01
     vertex -6.393851e+00  4.808188e+00  1.900000e+01
     vertex -6.523353e+00  4.630969e+00  1.900000e+01
   endloop
 endfacet
 facet normal  0.000000e+00  0.000000e+00  1.000000e+00
   outer loop
     vertex  5.109533e+00 -6.155703e+00  1.900000e+01
     vertex  4.764217e+00 -6.426682e+00  1.900000e+01
     vertex  4.938734e+00 -6.293561e+00  1.900000e+01
   endloop
 endfacet
 facet normal  0.000000e+00  0.000000e+00  1.000000e+00
   outer loop
     vertex  5.276485e+00 -6.013211e+00  1.900000e+01
     vertex  4.404559e+00 -6.678313e+00  1.900000e+01
     vertex  4.764217e+00 -6.426682e+00  1.900000e+01
   endloop
 endfacet
 facet normal  0.000000e+00  0.000000e+00  1.000000e+00
   outer loop
     vertex  5.276485e+00 -6.013211e+00  1.900000e+01
     vertex  4.764217e+00 -6.426682e+00  1.900000e+01
     vertex  5.109533e+00 -6.155703e+00  1.900000e+01
   endloop
 endfacet
 facet normal  0.000000e+00  0.000000e+00  1.000000e+00
   outer loop
     vertex -5.976876e+00  5.317608e+00  1.900000e+01
     vertex -6.120510e+00  5.151636e+00  1.900000e+01
     vertex -6.259537e+00  4.981787e+00  1.900000e+01
   endloop
 endfacet
 facet normal  0.000000e+00  0.000000e+00  1.000000e+00
   outer loop
     vertex  5.439466e+00 -5.866192e+00  1.900000e+01
     vertex  4.404559e+00 -6.678313e+00  1.900000e+01
     vertex  5.276485e+00 -6.013211e+00  1.900000e+01
   endloop
 endfacet
 facet normal  0.000000e+00  0.000000e+00  1.000000e+00
   outer loop
     vertex -5.519428e+00  5.791020e+00  1.900000e+01
     vertex -5.676222e+00  5.637420e+00  1.900000e+01
     vertex -5.828743e+00  5.479576e+00  1.900000e+01
   endloop
 endfacet
 facet normal  0.000000e+00  0.000000e+00  1.000000e+00
   outer loop
     vertex -5.519428e+00  5.791020e+00  1.900000e+01
     vertex -5.828743e+00  5.479576e+00  1.900000e+01
     vertex -5.976876e+00  5.317608e+00  1.900000e+01
   endloop
 endfacet
 facet normal  0.000000e+00  0.000000e+00  1.000000e+00
   outer loop
     vertex -5.358480e+00  5.940260e+00  1.900000e+01
     vertex -5.519428e+00  5.791020e+00  1.900000e+01
     vertex -5.976876e+00  5.317608e+00  1.900000e+01
   endloop
 endfacet
 facet normal  0.000000e+00  0.000000e+00  1.000000e+00
   outer loop
     vertex -5.358480e+00  5.940260e+00  1.900000e+01
     vertex -5.976876e+00  5.317608e+00  1.900000e+01
     vertex -6.259537e+00  4.981787e+00  1.900000e+01
   endloop
 endfacet
 facet normal  0.000000e+00  0.000000e+00  1.000000e+00
   outer loop
     vertex  6.049262e+00 -5.235115e+00  1.900000e+01
     vertex  5.753024e+00 -5.559021e+00  1.900000e+01
     vertex  5.903365e+00 -5.399100e+00  1.900000e+01
   endloop
 endfacet
 facet normal  0.000000e+00  0.000000e+00  1.000000e+00
   outer loop
     vertex  6.190606e+00 -5.067189e+00  1.900000e+01
     vertex -7.939099e+00 -9.852419e-01  1.900000e+01
     vertex  4.404559e+00 -6.678313e+00  1.900000e+01
   endloop
 endfacet
 facet normal  0.000000e+00  0.000000e+00  1.000000e+00
   outer loop
     vertex  6.190606e+00 -5.067189e+00  1.900000e+01
     vertex  4.404559e+00 -6.678313e+00  1.900000e+01
     vertex  5.439466e+00 -5.866192e+00  1.900000e+01
   endloop
 endfacet
 facet normal  0.000000e+00  0.000000e+00  1.000000e+00
   outer loop
     vertex  6.190606e+00 -5.067189e+00  1.900000e+01
     vertex  5.753024e+00 -5.559021e+00  1.900000e+01
     vertex  6.049262e+00 -5.235115e+00  1.900000e+01
   endloop
 endfacet
 facet normal  0.000000e+00  0.000000e+00  1.000000e+00
   outer loop
     vertex  6.190606e+00 -5.067189e+00  1.900000e+01
     vertex  5.439466e+00 -5.866192e+00  1.900000e+01
     vertex  5.598352e+00 -5.714758e+00  1.900000e+01
   endloop
 endfacet
 facet normal  0.000000e+00  0.000000e+00  1.000000e+00
   outer loop
     vertex  6.190606e+00 -5.067189e+00  1.900000e+01
     vertex  5.598352e+00 -5.714758e+00  1.900000e+01
     vertex  5.753024e+00 -5.559021e+00  1.900000e+01
   endloop
 endfacet
 facet normal  0.000000e+00  0.000000e+00  1.000000e+00
   outer loop
     vertex -4.851932e+00  6.360720e+00  1.900000e+01
     vertex -5.358480e+00  5.940260e+00  1.900000e+01
     vertex -6.259537e+00  4.981787e+00  1.900000e+01
   endloop
 endfacet
 facet normal  0.000000e+00  0.000000e+00  1.000000e+00
   outer loop
     vertex -4.851932e+00  6.360720e+00  1.900000e+01
     vertex -5.024606e+00  6.225218e+00  1.900000e+01
     vertex -5.193498e+00  6.085029e+00  1.900000e+01
   endloop
 endfacet
 facet normal  0.000000e+00  0.000000e+00  1.000000e+00
   outer loop
     vertex -4.851932e+00  6.360720e+00  1.900000e+01
     vertex -5.193498e+00  6.085029e+00  1.900000e+01
     vertex -5.358480e+00  5.940260e+00  1.900000e+01
   endloop
 endfacet
 facet normal  0.000000e+00  0.000000e+00  1.000000e+00
   outer loop
     vertex  6.459210e+00 -4.720022e+00  1.900000e+01
     vertex  6.190606e+00 -5.067189e+00  1.900000e+01
     vertex  6.327289e+00 -4.895448e+00  1.900000e+01
   endloop
 endfacet
 facet normal  0.000000e+00  0.000000e+00  1.000000e+00
   outer loop
     vertex  6.586268e+00 -4.541043e+00  1.900000e+01
     vertex  6.190606e+00 -5.067189e+00  1.900000e+01
     vertex  6.459210e+00 -4.720022e+00  1.900000e+01
   endloop
 endfacet
 facet normal  0.000000e+00  0.000000e+00  1.000000e+00
   outer loop
     vertex -4.312529e+00  6.738108e+00  1.900000e+01
     vertex -4.851932e+00  6.360720e+00  1.900000e+01
     vertex -6.259537e+00  4.981787e+00  1.900000e+01
   endloop
 endfacet
 facet normal  0.000000e+00  0.000000e+00  1.000000e+00
   outer loop
     vertex -4.312529e+00  6.738108e+00  1.900000e+01
     vertex -4.495759e+00  6.617261e+00  1.900000e+01
     vertex -4.675605e+00  6.491434e+00  1.900000e+01
   endloop
 endfacet
 facet normal  0.000000e+00  0.000000e+00  1.000000e+00
   outer loop
     vertex -4.312529e+00  6.738108e+00  1.900000e+01
     vertex -4.675605e+00  6.491434e+00  1.900000e+01
     vertex -4.851932e+00  6.360720e+00  1.900000e+01
   endloop
 endfacet
 facet normal  0.000000e+00  0.000000e+00  1.000000e+00
   outer loop
     vertex  6.825419e+00 -4.172968e+00  1.900000e+01
     vertex  6.586268e+00 -4.541043e+00  1.900000e+01
     vertex  6.708368e+00 -4.358646e+00  1.900000e+01
   endloop
 endfacet
 facet normal  0.000000e+00  0.000000e+00  1.000000e+00
   outer loop
     vertex  6.937331e+00 -3.984149e+00  1.900000e+01
     vertex  6.586268e+00 -4.541043e+00  1.900000e+01
     vertex  6.825419e+00 -4.172968e+00  1.900000e+01
   endloop
 endfacet
 facet normal  0.000000e+00  0.000000e+00  1.000000e+00
   outer loop
     vertex -3.936469e+00  6.964496e+00  1.900000e+01
     vertex -4.126052e+00  6.853882e+00  1.900000e+01
     vertex -4.312529e+00  6.738108e+00  1.900000e+01
   endloop
 endfacet
 facet normal  0.000000e+00  0.000000e+00  1.000000e+00
   outer loop
     vertex -3.936469e+00  6.964496e+00  1.900000e+01
     vertex -4.312529e+00  6.738108e+00  1.900000e+01
     vertex -6.259537e+00  4.981787e+00  1.900000e+01
   endloop
 endfacet
 facet normal  0.000000e+00  0.000000e+00  1.000000e+00
   outer loop
     vertex -3.548559e+00  7.169918e+00  1.900000e+01
     vertex -3.743923e+00  7.069868e+00  1.900000e+01
     vertex -3.936469e+00  6.964496e+00  1.900000e+01
   endloop
 endfacet
 facet normal  0.000000e+00  0.000000e+00  1.000000e+00
   outer loop
     vertex -3.548559e+00  7.169918e+00  1.900000e+01
     vertex -3.936469e+00  6.964496e+00  1.900000e+01
     vertex -6.259537e+00  4.981787e+00  1.900000e+01
   endloop
 endfacet
 facet normal  0.000000e+00  0.000000e+00  1.000000e+00
   outer loop
     vertex  7.241418e+00 -3.400275e+00  1.900000e+01
     vertex  6.937331e+00 -3.984149e+00  1.900000e+01
     vertex  7.044021e+00 -3.792330e+00  1.900000e+01
   endloop
 endfacet
 facet normal  0.000000e+00  0.000000e+00  1.000000e+00
   outer loop
     vertex  7.241418e+00 -3.400275e+00  1.900000e+01
     vertex  7.044021e+00 -3.792330e+00  1.900000e+01
     vertex  7.145409e+00 -3.597656e+00  1.900000e+01
   endloop
 endfacet
 facet normal  0.000000e+00  0.000000e+00  1.000000e+00
   outer loop
     vertex  7.331975e+00 -3.200334e+00  1.900000e+01
     vertex  6.937331e+00 -3.984149e+00  1.900000e+01
     vertex  7.241418e+00 -3.400275e+00  1.900000e+01
   endloop
 endfacet
 facet normal  0.000000e+00  0.000000e+00  1.000000e+00
   outer loop
     vertex  7.331975e+00 -3.200334e+00  1.900000e+01
     vertex  6.586268e+00 -4.541043e+00  1.900000e+01
     vertex  6.937331e+00 -3.984149e+00  1.900000e+01
   endloop
 endfacet
 facet normal  0.000000e+00  0.000000e+00  1.000000e+00
   outer loop
     vertex  7.496469e+00 -2.793376e+00  1.900000e+01
     vertex  6.586268e+00 -4.541043e+00  1.900000e+01
     vertex  7.331975e+00 -3.200334e+00  1.900000e+01
   endloop
 endfacet
 facet normal  0.000000e+00  0.000000e+00  1.000000e+00
   outer loop
     vertex  7.496469e+00 -2.793376e+00  1.900000e+01
     vertex  7.331975e+00 -3.200334e+00  1.900000e+01
     vertex  7.417014e+00 -2.997983e+00  1.900000e+01
   endloop
 endfacet
 facet normal  0.000000e+00  0.000000e+00  1.000000e+00
   outer loop
     vertex  7.496469e+00 -2.793376e+00  1.900000e+01
     vertex  6.190606e+00 -5.067189e+00  1.900000e+01
     vertex  6.586268e+00 -4.541043e+00  1.900000e+01
   endloop
 endfacet
 facet normal  0.000000e+00  0.000000e+00  1.000000e+00
   outer loop
     vertex -2.534679e+00  7.587846e+00  1.900000e+01
     vertex -2.741890e+00  7.515453e+00  1.900000e+01
     vertex -2.947037e+00  7.437404e+00  1.900000e+01
   endloop
 endfacet
 facet normal  0.000000e+00  0.000000e+00  1.000000e+00
   outer loop
     vertex  7.638395e+00 -2.378009e+00  1.900000e+01
     vertex  6.190606e+00 -5.067189e+00  1.900000e+01
     vertex  7.496469e+00 -2.793376e+00  1.900000e+01
   endloop
 endfacet
 facet normal  0.000000e+00  0.000000e+00  1.000000e+00
   outer loop
     vertex  7.638395e+00 -2.378009e+00  1.900000e+01
     vertex  7.496469e+00 -2.793376e+00  1.900000e+01
     vertex  7.570281e+00 -2.586666e+00  1.900000e+01
   endloop
 endfacet
 facet normal  0.000000e+00  0.000000e+00  1.000000e+00
   outer loop
     vertex -2.325559e+00  7.654526e+00  1.900000e+01
     vertex -2.534679e+00  7.587846e+00  1.900000e+01
     vertex -2.947037e+00  7.437404e+00  1.900000e+01
   endloop
 endfacet
 facet normal  0.000000e+00  0.000000e+00  1.000000e+00
   outer loop
     vertex -2.325559e+00  7.654526e+00  1.900000e+01
     vertex -2.947037e+00  7.437404e+00  1.900000e+01
     vertex -3.149966e+00  7.353755e+00  1.900000e+01
   endloop
 endfacet
 facet normal  0.000000e+00  0.000000e+00  1.000000e+00
   outer loop
     vertex -2.325559e+00  7.654526e+00  1.900000e+01
     vertex -3.149966e+00  7.353755e+00  1.900000e+01
     vertex -3.350524e+00  7.264571e+00  1.900000e+01
   endloop
 endfacet
 facet normal  0.000000e+00  0.000000e+00  1.000000e+00
   outer loop
     vertex -2.114689e+00  7.715445e+00  1.900000e+01
     vertex -2.325559e+00  7.654526e+00  1.900000e+01
     vertex -3.350524e+00  7.264571e+00  1.900000e+01
   endloop
 endfacet
 facet normal  0.000000e+00  0.000000e+00  1.000000e+00
   outer loop
     vertex  7.757325e+00 -1.955483e+00  1.900000e+01
     vertex  6.190606e+00 -5.067189e+00  1.900000e+01
     vertex  7.638395e+00 -2.378009e+00  1.900000e+01
   endloop
 endfacet
 facet normal  0.000000e+00  0.000000e+00  1.000000e+00
   outer loop
     vertex  7.757325e+00 -1.955483e+00  1.900000e+01
     vertex  7.638395e+00 -2.378009e+00  1.900000e+01
     vertex  7.700758e+00 -2.167562e+00  1.900000e+01
   endloop
 endfacet
 facet normal  0.000000e+00  0.000000e+00  1.000000e+00
   outer loop
     vertex  7.757325e+00 -1.955483e+00  1.900000e+01
     vertex -7.939099e+00 -9.852419e-01  1.900000e+01
     vertex  6.190606e+00 -5.067189e+00  1.900000e+01
   endloop
 endfacet
 facet normal  0.000000e+00  0.000000e+00  1.000000e+00
   outer loop
     vertex -1.688334e+00  7.819816e+00  1.900000e+01
     vertex -1.902227e+00  7.770555e+00  1.900000e+01
     vertex -2.114689e+00  7.715445e+00  1.900000e+01
   endloop
 endfacet
 facet normal  0.000000e+00  0.000000e+00  1.000000e+00
   outer loop
     vertex  7.852901e+00 -1.527070e+00  1.900000e+01
     vertex  7.757325e+00 -1.955483e+00  1.900000e+01
     vertex  7.808052e+00 -1.741933e+00  1.900000e+01
   endloop
 endfacet
 facet normal  0.000000e+00  0.000000e+00  1.000000e+00
   outer loop
     vertex -1.473169e+00  7.863191e+00  1.900000e+01
     vertex -2.114689e+00  7.715445e+00  1.900000e+01
     vertex -3.350524e+00  7.264571e+00  1.900000e+01
   endloop
 endfacet
 facet normal  0.000000e+00  0.000000e+00  1.000000e+00
   outer loop
     vertex -1.473169e+00  7.863191e+00  1.900000e+01
     vertex -1.688334e+00  7.819816e+00  1.900000e+01
     vertex -2.114689e+00  7.715445e+00  1.900000e+01
   endloop
 endfacet
 facet normal  0.000000e+00  0.000000e+00  1.000000e+00
   outer loop
     vertex -1.473169e+00  7.863191e+00  1.900000e+01
     vertex -3.350524e+00  7.264571e+00  1.900000e+01
     vertex -3.548559e+00  7.169918e+00  1.900000e+01
   endloop
 endfacet
 facet normal  0.000000e+00  0.000000e+00  1.000000e+00
   outer loop
     vertex  7.891839e+00 -1.311059e+00  1.900000e+01
     vertex  7.757325e+00 -1.955483e+00  1.900000e+01
     vertex  7.852901e+00 -1.527070e+00  1.900000e+01
   endloop
 endfacet
 facet normal  0.000000e+00  0.000000e+00  1.000000e+00
   outer loop
     vertex  7.924836e+00 -1.094060e+00  1.900000e+01
     vertex  7.757325e+00 -1.955483e+00  1.900000e+01
     vertex  7.891839e+00 -1.311059e+00  1.900000e+01
   endloop
 endfacet
 facet normal  0.000000e+00  0.000000e+00  1.000000e+00
   outer loop
     vertex -1.039676e+00  7.932154e+00  1.900000e+01
     vertex -3.548559e+00  7.169918e+00  1.900000e+01
     vertex -6.259537e+00  4.981787e+00  1.900000e+01
   endloop
 endfacet
 facet normal  0.000000e+00  0.000000e+00  1.000000e+00
   outer loop
     vertex -1.039676e+00  7.932154e+00  1.900000e+01
     vertex -1.473169e+00  7.863191e+00  1.900000e+01
     vertex -3.548559e+00  7.169918e+00  1.900000e+01
   endloop
 endfacet
 facet normal  0.000000e+00  0.000000e+00  1.000000e+00
   outer loop
     vertex -1.039676e+00  7.932154e+00  1.900000e+01
     vertex -1.256895e+00  7.900646e+00  1.900000e+01
     vertex -1.473169e+00  7.863191e+00  1.900000e+01
   endloop
 endfacet
 facet normal  0.000000e+00  0.000000e+00  1.000000e+00
   outer loop
     vertex  7.951868e+00 -8.762382e-01  1.900000e+01
     vertex  7.757325e+00 -1.955483e+00  1.900000e+01
     vertex  7.924836e+00 -1.094060e+00  1.900000e+01
   endloop
 endfacet
 facet normal  0.000000e+00  0.000000e+00  1.000000e+00
   outer loop
     vertex  7.951868e+00 -8.762382e-01  1.900000e+01
     vertex -7.981187e+00 -5.483196e-01  1.900000e+01
     vertex -7.939099e+00 -9.852419e-01  1.900000e+01
   endloop
 endfacet
 facet normal  0.000000e+00  0.000000e+00  1.000000e+00
   outer loop
     vertex  7.951868e+00 -8.762382e-01  1.900000e+01
     vertex -7.939099e+00 -9.852419e-01  1.900000e+01
     vertex  7.757325e+00 -1.955483e+00  1.900000e+01
   endloop
 endfacet
 facet normal  0.000000e+00  0.000000e+00  1.000000e+00
   outer loop
     vertex  7.972914e+00 -6.577564e-01  1.900000e+01
     vertex -7.981187e+00 -5.483196e-01  1.900000e+01
     vertex  7.951868e+00 -8.762382e-01  1.900000e+01
   endloop
 endfacet
 facet normal  0.000000e+00  0.000000e+00  1.000000e+00
   outer loop
     vertex -6.030522e-01  7.977238e+00  1.900000e+01
     vertex -8.216731e-01  7.957691e+00  1.900000e+01
     vertex -1.039676e+00  7.932154e+00  1.900000e+01
   endloop
 endfacet
 facet normal  0.000000e+00  0.000000e+00  1.000000e+00
   outer loop
     vertex  7.996989e+00 -2.194724e-01  1.900000e+01
     vertex  7.972914e+00 -6.577564e-01  1.900000e+01
     vertex  7.987958e+00 -4.387796e-01  1.900000e+01
   endloop
 endfacet
 facet normal  0.000000e+00  0.000000e+00  1.000000e+00
   outer loop
     vertex  8.000000e+00  0.000000e+00  1.900000e+01
     vertex  7.972914e+00 -6.577564e-01  1.900000e+01
     vertex  7.996989e+00 -2.194724e-01  1.900000e+01
   endloop
 endfacet
 facet normal  0.000000e+00  0.000000e+00  1.000000e+00
   outer loop
     vertex  2.743211e-01  7.995295e+00  1.900000e+01
     vertex  5.487455e-02  7.999812e+00  1.900000e+01
     vertex -1.646133e-01  7.998306e+00  1.900000e+01
   endloop
 endfacet
 facet normal  0.000000e+00  0.000000e+00  1.000000e+00
   outer loop
     vertex  2.743211e-01  7.995295e+00  1.900000e+01
     vertex -1.646133e-01  7.998306e+00  1.900000e+01
     vertex -3.839773e-01  7.990780e+00  1.900000e+01
   endloop
 endfacet
 facet normal  0.000000e+00  0.000000e+00  1.000000e+00
   outer loop
     vertex  7.972914e+00  6.577564e-01  1.900000e+01
     vertex  7.996989e+00  2.194724e-01  1.900000e+01
     vertex  7.987958e+00  4.387796e-01  1.900000e+01
   endloop
 endfacet
 facet normal  0.000000e+00  0.000000e+00  1.000000e+00
   outer loop
     vertex  7.124297e-01  7.968215e+00  1.900000e+01
     vertex  4.935612e-01  7.984760e+00  1.900000e+01
     vertex  2.743211e-01  7.995295e+00  1.900000e+01
   endloop
 endfacet
 facet normal  0.000000e+00  0.000000e+00  1.000000e+00
   outer loop
     vertex  9.307619e-01  7.945671e+00  1.900000e+01
     vertex  7.124297e-01  7.968215e+00  1.900000e+01
     vertex  2.743211e-01  7.995295e+00  1.900000e+01
   endloop
 endfacet
 facet normal  0.000000e+00  0.000000e+00  1.000000e+00
   outer loop
     vertex  9.307619e-01  7.945671e+00  1.900000e+01
     vertex  2.743211e-01  7.995295e+00  1.900000e+01
     vertex -3.839773e-01  7.990780e+00  1.900000e+01
   endloop
 endfacet
 facet normal  0.000000e+00  0.000000e+00  1.000000e+00
   outer loop
     vertex  7.924836e+00  1.094060e+00  1.900000e+01
     vertex  8.000000e+00  0.000000e+00  1.900000e+01
     vertex  7.996989e+00  2.194724e-01  1.900000e+01
   endloop
 endfacet
 facet normal  0.000000e+00  0.000000e+00  1.000000e+00
   outer loop
     vertex  7.924836e+00  1.094060e+00  1.900000e+01
     vertex  7.972914e+00  6.577564e-01  1.900000e+01
     vertex  7.951868e+00  8.762382e-01  1.900000e+01
   endloop
 endfacet
 facet normal  0.000000e+00  0.000000e+00  1.000000e+00
   outer loop
     vertex  7.924836e+00  1.094060e+00  1.900000e+01
     vertex  7.996989e+00  2.194724e-01  1.900000e+01
     vertex  7.972914e+00  6.577564e-01  1.900000e+01
   endloop
 endfacet
 facet normal  0.000000e+00  0.000000e+00  1.000000e+00
   outer loop
     vertex  1.148394e+00  7.917145e+00  1.900000e+01
     vertex  9.307619e-01  7.945671e+00  1.900000e+01
     vertex -3.839773e-01  7.990780e+00  1.900000e+01
   endloop
 endfacet
 facet normal  0.000000e+00  0.000000e+00  1.000000e+00
   outer loop
     vertex  1.365161e+00  7.882660e+00  1.900000e+01
     vertex  1.148394e+00  7.917145e+00  1.900000e+01
     vertex -3.839773e-01  7.990780e+00  1.900000e+01
   endloop
 endfacet
 facet normal  0.000000e+00  0.000000e+00  1.000000e+00
   outer loop
     vertex  7.852901e+00  1.527070e+00  1.900000e+01
     vertex  7.924836e+00  1.094060e+00  1.900000e+01
     vertex  7.891839e+00  1.311059e+00  1.900000e+01
   endloop
 endfacet
 facet normal  0.000000e+00  0.000000e+00  1.000000e+00
   outer loop
     vertex  7.852901e+00  1.527070e+00  1.900000e+01
     vertex  8.000000e+00  0.000000e+00  1.900000e+01
     vertex  7.924836e+00  1.094060e+00  1.900000e+01
   endloop
 endfacet
 facet normal  0.000000e+00  0.000000e+00  1.000000e+00
   outer loop
     vertex  1.580900e+00  7.842242e+00  1.900000e+01
     vertex -3.839773e-01  7.990780e+00  1.900000e+01
     vertex -6.030522e-01  7.977238e+00  1.900000e+01
   endloop
 endfacet
 facet normal  0.000000e+00  0.000000e+00  1.000000e+00
   outer loop
     vertex  1.580900e+00  7.842242e+00  1.900000e+01
     vertex  1.365161e+00  7.882660e+00  1.900000e+01
     vertex -3.839773e-01  7.990780e+00  1.900000e+01
   endloop
 endfacet
 facet normal  0.000000e+00  0.000000e+00  1.000000e+00
   outer loop
     vertex  7.808052e+00  1.741933e+00  1.900000e+01
     vertex -7.981187e+00 -5.483196e-01  1.900000e+01
     vertex  7.972914e+00 -6.577564e-01  1.900000e+01
   endloop
 endfacet
 facet normal  0.000000e+00  0.000000e+00  1.000000e+00
   outer loop
     vertex  7.808052e+00  1.741933e+00  1.900000e+01
     vertex  7.972914e+00 -6.577564e-01  1.900000e+01
     vertex  8.000000e+00  0.000000e+00  1.900000e+01
   endloop
 endfacet
 facet normal  0.000000e+00  0.000000e+00  1.000000e+00
   outer loop
     vertex  7.808052e+00  1.741933e+00  1.900000e+01
     vertex  8.000000e+00  0.000000e+00  1.900000e+01
     vertex  7.852901e+00  1.527070e+00  1.900000e+01
   endloop
 endfacet
 facet normal  0.000000e+00  0.000000e+00  1.000000e+00
   outer loop
     vertex  2.008647e+00  7.743729e+00  1.900000e+01
     vertex  1.795450e+00  7.795920e+00  1.900000e+01
     vertex  1.580900e+00  7.842242e+00  1.900000e+01
   endloop
 endfacet
 facet normal  0.000000e+00  0.000000e+00  1.000000e+00
   outer loop
     vertex  2.008647e+00  7.743729e+00  1.900000e+01
     vertex  1.580900e+00  7.842242e+00  1.900000e+01
     vertex -6.030522e-01  7.977238e+00  1.900000e+01
   endloop
 endfacet
 facet normal  0.000000e+00  0.000000e+00  1.000000e+00
   outer loop
     vertex  2.220333e+00  7.685709e+00  1.900000e+01
     vertex  2.008647e+00  7.743729e+00  1.900000e+01
     vertex -6.030522e-01  7.977238e+00  1.900000e+01
   endloop
 endfacet
 facet normal  0.000000e+00  0.000000e+00  1.000000e+00
   outer loop
     vertex  7.638395e+00  2.378009e+00  1.900000e+01
     vertex  7.757325e+00  1.955483e+00  1.900000e+01
     vertex  7.700758e+00  2.167562e+00  1.900000e+01
   endloop
 endfacet
 facet normal  0.000000e+00  0.000000e+00  1.000000e+00
   outer loop
     vertex  2.430348e+00  7.621903e+00  1.900000e+01
     vertex  2.220333e+00  7.685709e+00  1.900000e+01
     vertex -6.030522e-01  7.977238e+00  1.900000e+01
   endloop
 endfacet
 facet normal  0.000000e+00  0.000000e+00  1.000000e+00
   outer loop
     vertex  7.570281e+00  2.586666e+00  1.900000e+01
     vertex  7.757325e+00  1.955483e+00  1.900000e+01
     vertex  7.638395e+00  2.378009e+00  1.900000e+01
   endloop
 endfacet
 facet normal  0.000000e+00  0.000000e+00  1.000000e+00
   outer loop
     vertex  7.570281e+00  2.586666e+00  1.900000e+01
     vertex  7.808052e+00  1.741933e+00  1.900000e+01
     vertex  7.757325e+00  1.955483e+00  1.900000e+01
   endloop
 endfacet
 facet normal  0.000000e+00  0.000000e+00  1.000000e+00
   outer loop
     vertex  2.844731e+00  7.477132e+00  1.900000e+01
     vertex  2.430348e+00  7.621903e+00  1.900000e+01
     vertex -6.030522e-01  7.977238e+00  1.900000e+01
   endloop
 endfacet
 facet normal  0.000000e+00  0.000000e+00  1.000000e+00
   outer loop
     vertex  2.844731e+00  7.477132e+00  1.900000e+01
     vertex  2.638532e+00  7.552360e+00  1.900000e+01
     vertex  2.430348e+00  7.621903e+00  1.900000e+01
   endloop
 endfacet
 facet normal  0.000000e+00  0.000000e+00  1.000000e+00
   outer loop
     vertex  2.844731e+00  7.477132e+00  1.900000e+01
     vertex -6.030522e-01  7.977238e+00  1.900000e+01
     vertex -1.039676e+00  7.932154e+00  1.900000e+01
   endloop
 endfacet
 facet normal  0.000000e+00  0.000000e+00  1.000000e+00
   outer loop
     vertex  7.417014e+00  2.997983e+00  1.900000e+01
     vertex  7.570281e+00  2.586666e+00  1.900000e+01
     vertex  7.496469e+00  2.793376e+00  1.900000e+01
   endloop
 endfacet
 facet normal  0.000000e+00  0.000000e+00  1.000000e+00
   outer loop
     vertex  7.417014e+00  2.997983e+00  1.900000e+01
     vertex  7.808052e+00  1.741933e+00  1.900000e+01
     vertex  7.570281e+00  2.586666e+00  1.900000e+01
   endloop
 endfacet
 facet normal  0.000000e+00  0.000000e+00  1.000000e+00
   outer loop
     vertex  7.417014e+00  2.997983e+00  1.900000e+01
     vertex -7.981187e+00 -5.483196e-01  1.900000e+01
     vertex  7.808052e+00  1.741933e+00  1.900000e+01
   endloop
 endfacet
 facet normal  0.000000e+00  0.000000e+00  1.000000e+00
   outer loop
     vertex  3.250551e+00  7.309851e+00  1.900000e+01
     vertex  3.048788e+00  7.396275e+00  1.900000e+01
     vertex  2.844731e+00  7.477132e+00  1.900000e+01
   endloop
 endfacet
 facet normal  0.000000e+00  0.000000e+00  1.000000e+00
   outer loop
     vertex  3.449866e+00  7.217924e+00  1.900000e+01
     vertex  2.844731e+00  7.477132e+00  1.900000e+01
     vertex -1.039676e+00  7.932154e+00  1.900000e+01
   endloop
 endfacet
 facet normal  0.000000e+00  0.000000e+00  1.000000e+00
   outer loop
     vertex  3.449866e+00  7.217924e+00  1.900000e+01
     vertex  3.250551e+00  7.309851e+00  1.900000e+01
     vertex  2.844731e+00  7.477132e+00  1.900000e+01
   endloop
 endfacet
 facet normal  0.000000e+00  0.000000e+00  1.000000e+00
   outer loop
     vertex  7.044021e+00  3.792330e+00  1.900000e+01
     vertex  7.417014e+00  2.997983e+00  1.900000e+01
     vertex  7.331975e+00  3.200334e+00  1.900000e+01
   endloop
 endfacet
 facet normal  0.000000e+00  0.000000e+00  1.000000e+00
   outer loop
     vertex  7.044021e+00  3.792330e+00  1.900000e+01
     vertex  7.331975e+00  3.200334e+00  1.900000e+01
     vertex  7.241418e+00  3.400275e+00  1.900000e+01
   endloop
 endfacet
 facet normal  0.000000e+00  0.000000e+00  1.000000e+00
   outer loop
     vertex  7.044021e+00  3.792330e+00  1.900000e+01
     vertex  7.241418e+00  3.400275e+00  1.900000e+01
     vertex  7.145409e+00  3.597656e+00  1.900000e+01
   endloop
 endfacet
 facet normal  0.000000e+00  0.000000e+00  1.000000e+00
   outer loop
     vertex  6.937331e+00  3.984149e+00  1.900000e+01
     vertex  7.417014e+00  2.997983e+00  1.900000e+01
     vertex  7.044021e+00  3.792330e+00  1.900000e+01
   endloop
 endfacet
 facet normal  0.000000e+00  0.000000e+00  1.000000e+00
   outer loop
     vertex  4.031640e+00  6.909839e+00  1.900000e+01
     vertex  3.840558e+00  7.017843e+00  1.900000e+01
     vertex  3.646584e+00  7.120563e+00  1.900000e+01
   endloop
 endfacet
 facet normal  0.000000e+00  0.000000e+00  1.000000e+00
   outer loop
     vertex  4.031640e+00  6.909839e+00  1.900000e+01
     vertex  3.646584e+00  7.120563e+00  1.900000e+01
     vertex  3.449866e+00  7.217924e+00  1.900000e+01
   endloop
 endfacet
 facet normal  0.000000e+00  0.000000e+00  1.000000e+00
   outer loop
     vertex  6.708368e+00  4.358646e+00  1.900000e+01
     vertex  6.937331e+00  3.984149e+00  1.900000e+01
     vertex  6.825419e+00  4.172968e+00  1.900000e+01
   endloop
 endfacet
 facet normal  0.000000e+00  0.000000e+00  1.000000e+00
   outer loop
     vertex  6.708368e+00  4.358646e+00  1.900000e+01
     vertex  7.417014e+00  2.997983e+00  1.900000e+01
     vertex  6.937331e+00  3.984149e+00  1.900000e+01
   endloop
 endfacet
 facet normal  0.000000e+00  0.000000e+00  1.000000e+00
   outer loop
     vertex  4.404559e+00  6.678313e+00  1.900000e+01
     vertex  4.031640e+00  6.909839e+00  1.900000e+01
     vertex  3.449866e+00  7.217924e+00  1.900000e+01
   endloop
 endfacet
 facet normal  0.000000e+00  0.000000e+00  1.000000e+00
   outer loop
     vertex  4.404559e+00  6.678313e+00  1.900000e+01
     vertex  4.219688e+00  6.796634e+00  1.900000e+01
     vertex  4.031640e+00  6.909839e+00  1.900000e+01
   endloop
 endfacet
 facet normal  0.000000e+00  0.000000e+00  1.000000e+00
   outer loop
     vertex  4.586114e+00  6.554964e+00  1.900000e+01
     vertex  4.404559e+00  6.678313e+00  1.900000e+01
     vertex  3.449866e+00  7.217924e+00  1.900000e+01
   endloop
 endfacet
 facet normal  0.000000e+00  0.000000e+00  1.000000e+00
   outer loop
     vertex  4.764217e+00  6.426682e+00  1.900000e+01
     vertex  4.586114e+00  6.554964e+00  1.900000e+01
     vertex  3.449866e+00  7.217924e+00  1.900000e+01
   endloop
 endfacet
 facet normal  0.000000e+00  0.000000e+00  1.000000e+00
   outer loop
     vertex  6.327289e+00  4.895448e+00  1.900000e+01
     vertex  6.708368e+00  4.358646e+00  1.900000e+01
     vertex  6.586268e+00  4.541043e+00  1.900000e+01
   endloop
 endfacet
 facet normal  0.000000e+00  0.000000e+00  1.000000e+00
   outer loop
     vertex  6.327289e+00  4.895448e+00  1.900000e+01
     vertex  6.586268e+00  4.541043e+00  1.900000e+01
     vertex  6.459210e+00  4.720022e+00  1.900000e+01
   endloop
 endfacet
 facet normal  0.000000e+00  0.000000e+00  1.000000e+00
   outer loop
     vertex  6.327289e+00  4.895448e+00  1.900000e+01
     vertex  7.417014e+00  2.997983e+00  1.900000e+01
     vertex  6.708368e+00  4.358646e+00  1.900000e+01
   endloop
 endfacet
 facet normal  0.000000e+00  0.000000e+00  1.000000e+00
   outer loop
     vertex  4.938734e+00  6.293561e+00  1.900000e+01
     vertex  4.764217e+00  6.426682e+00  1.900000e+01
     vertex  3.449866e+00  7.217924e+00  1.900000e+01
   endloop
 endfacet
 facet normal  0.000000e+00  0.000000e+00  1.000000e+00
   outer loop
     vertex  6.190606e+00  5.067189e+00  1.900000e+01
     vertex  7.417014e+00  2.997983e+00  1.900000e+01
     vertex  6.327289e+00  4.895448e+00  1.900000e+01
   endloop
 endfacet
 facet normal  0.000000e+00  0.000000e+00  1.000000e+00
   outer loop
     vertex  5.109533e+00  6.155703e+00  1.900000e+01
     vertex  4.938734e+00  6.293561e+00  1.900000e+01
     vertex  3.449866e+00  7.217924e+00  1.900000e+01
   endloop
 endfacet
 facet normal  0.000000e+00  0.000000e+00  1.000000e+00
   outer loop
     vertex  6.049262e+00  5.235115e+00  1.900000e+01
     vertex -7.981187e+00 -5.483196e-01  1.900000e+01
     vertex  7.417014e+00  2.997983e+00  1.900000e+01
   endloop
 endfacet
 facet normal  0.000000e+00  0.000000e+00  1.000000e+00
   outer loop
     vertex  6.049262e+00  5.235115e+00  1.900000e+01
     vertex  7.417014e+00  2.997983e+00  1.900000e+01
     vertex  6.190606e+00  5.067189e+00  1.900000e+01
   endloop
 endfacet
 facet normal  0.000000e+00  0.000000e+00  1.000000e+00
   outer loop
     vertex  6.049262e+00  5.235115e+00  1.900000e+01
     vertex -6.259537e+00  4.981787e+00  1.900000e+01
     vertex -7.981187e+00 -5.483196e-01  1.900000e+01
   endloop
 endfacet
 facet normal  0.000000e+00  0.000000e+00  1.000000e+00
   outer loop
     vertex  6.049262e+00  5.235115e+00  1.900000e+01
     vertex -1.039676e+00  7.932154e+00  1.900000e+01
     vertex -6.259537e+00  4.981787e+00  1.900000e+01
   endloop
 endfacet
 facet normal  0.000000e+00  0.000000e+00  1.000000e+00
   outer loop
     vertex  5.276485e+00  6.013211e+00  1.900000e+01
     vertex  5.109533e+00  6.155703e+00  1.900000e+01
     vertex  3.449866e+00  7.217924e+00  1.900000e+01
   endloop
 endfacet
 facet normal  0.000000e+00  0.000000e+00  1.000000e+00
   outer loop
     vertex  5.598352e+00  5.714758e+00  1.900000e+01
     vertex  6.049262e+00  5.235115e+00  1.900000e+01
     vertex  5.903365e+00  5.399100e+00  1.900000e+01
   endloop
 endfacet
 facet normal  0.000000e+00  0.000000e+00  1.000000e+00
   outer loop
     vertex  5.598352e+00  5.714758e+00  1.900000e+01
     vertex  5.903365e+00  5.399100e+00  1.900000e+01
     vertex  5.753024e+00  5.559021e+00  1.900000e+01
   endloop
 endfacet
 facet normal  0.000000e+00  0.000000e+00  1.000000e+00
   outer loop
     vertex  5.598352e+00  5.714758e+00  1.900000e+01
     vertex  5.439466e+00  5.866192e+00  1.900000e+01
     vertex  5.276485e+00  6.013211e+00  1.900000e+01
   endloop
 endfacet
 facet normal  0.000000e+00  0.000000e+00  1.000000e+00
   outer loop
     vertex  5.598352e+00  5.714758e+00  1.900000e+01
     vertex -1.039676e+00  7.932154e+00  1.900000e+01
     vertex  6.049262e+00  5.235115e+00  1.900000e+01
   endloop
 endfacet
 facet normal  0.000000e+00  0.000000e+00  1.000000e+00
   outer loop
     vertex  5.598352e+00  5.714758e+00  1.900000e+01
     vertex  5.276485e+00  6.013211e+00  1.900000e+01
     vertex  3.449866e+00  7.217924e+00  1.900000e+01
   endloop
 endfacet
 facet normal  0.000000e+00  0.000000e+00  1.000000e+00
   outer loop
     vertex  5.598352e+00  5.714758e+00  1.900000e+01
     vertex  3.449866e+00  7.217924e+00  1.900000e+01
     vertex -1.039676e+00  7.932154e+00  1.900000e+01
   endloop
 endfacet
 facet normal  0.000000e+00  0.000000e+00 -1.000000e+00
   outer loop
     vertex -8.037720e+00 -8.910390e+00  0.000000e+00
     vertex -8.279143e+00 -8.686530e+00  0.000000e+00
     vertex -8.514333e+00 -8.456130e+00  0.000000e+00
   endloop
 endfacet
 facet normal  0.000000e+00  0.000000e+00 -1.000000e+00
   outer loop
     vertex -7.277898e+00 -9.541080e+00  0.000000e+00
     vertex -7.790247e+00 -9.127544e+00  0.000000e+00
     vertex -8.037720e+00 -8.910390e+00  0.000000e+00
   endloop
 endfacet
 facet normal  0.000000e+00  0.000000e+00 -1.000000e+00
   outer loop
     vertex -7.277898e+00 -9.541080e+00  0.000000e+00
     vertex -7.536909e+00 -9.337826e+00  0.000000e+00
     vertex -7.790247e+00 -9.127544e+00  0.000000e+00
   endloop
 endfacet
 facet normal  0.000000e+00  0.000000e+00 -1.000000e+00
   outer loop
     vertex -9.590777e+00 -7.212281e+00  0.000000e+00
     vertex -9.180765e+00 -7.727455e+00  0.000000e+00
     vertex -9.389305e+00 -7.472681e+00  0.000000e+00
   endloop
 endfacet
 facet normal  0.000000e+00  0.000000e+00 -1.000000e+00
   outer loop
     vertex -9.590777e+00 -7.212281e+00  0.000000e+00
     vertex -8.965314e+00 -7.976412e+00  0.000000e+00
     vertex -9.180765e+00 -7.727455e+00  0.000000e+00
   endloop
 endfacet
 facet normal  0.000000e+00  0.000000e+00 -1.000000e+00
   outer loop
     vertex -9.590777e+00 -7.212281e+00  0.000000e+00
     vertex -8.743114e+00 -8.219364e+00  0.000000e+00
     vertex -8.965314e+00 -7.976412e+00  0.000000e+00
   endloop
 endfacet
 facet normal  0.000000e+00  0.000000e+00 -1.000000e+00
   outer loop
     vertex -9.590777e+00 -7.212281e+00  0.000000e+00
     vertex -8.514333e+00 -8.456130e+00  0.000000e+00
     vertex -8.743114e+00 -8.219364e+00  0.000000e+00
   endloop
 endfacet
 facet normal  0.000000e+00  0.000000e+00 -1.000000e+00
   outer loop
     vertex -9.971915e+00 -6.675395e+00  0.000000e+00
     vertex -9.590777e+00 -7.212281e+00  0.000000e+00
     vertex -9.785029e+00 -6.946453e+00  0.000000e+00
   endloop
 endfacet
 facet normal  0.000000e+00  0.000000e+00 -1.000000e+00
   outer loop
     vertex -6.468793e+00 -1.010716e+01  0.000000e+00
     vertex -6.743639e+00 -9.925892e+00  0.000000e+00
     vertex -7.013408e+00 -9.737151e+00  0.000000e+00
   endloop
 endfacet
 facet normal  0.000000e+00  0.000000e+00 -1.000000e+00
   outer loop
     vertex -5.322839e+00 -1.075488e+01  0.000000e+00
     vertex -5.904704e+00 -1.044674e+01  0.000000e+00
     vertex -6.189078e+00 -1.028082e+01  0.000000e+00
   endloop
 endfacet
 facet normal  0.000000e+00  0.000000e+00 -1.000000e+00
   outer loop
     vertex -5.322839e+00 -1.075488e+01  0.000000e+00
     vertex -5.615885e+00 -1.060480e+01  0.000000e+00
     vertex -5.904704e+00 -1.044674e+01  0.000000e+00
   endloop
 endfacet
 facet normal  0.000000e+00  0.000000e+00 -1.000000e+00
   outer loop
     vertex -1.093107e+01 -4.950922e+00  0.000000e+00
     vertex -1.064307e+01 -5.543011e+00  0.000000e+00
     vertex -1.079114e+01 -5.248942e+00  0.000000e+00
   endloop
 endfacet
 facet normal  0.000000e+00  0.000000e+00 -1.000000e+00
   outer loop
     vertex -1.093107e+01 -4.950922e+00  0.000000e+00
     vertex -1.048700e+01 -5.832908e+00  0.000000e+00
     vertex -1.064307e+01 -5.543011e+00  0.000000e+00
   endloop
 endfacet
 facet normal  0.000000e+00  0.000000e+00 -1.000000e+00
   outer loop
     vertex -4.420556e+00 -1.115611e+01  0.000000e+00
     vertex -6.189078e+00 -1.028082e+01  0.000000e+00
     vertex -6.468793e+00 -1.010716e+01  0.000000e+00
   endloop
 endfacet
 facet normal  0.000000e+00  0.000000e+00 -1.000000e+00
   outer loop
     vertex -4.420556e+00 -1.115611e+01  0.000000e+00
     vertex -5.025786e+00 -1.089686e+01  0.000000e+00
     vertex -5.322839e+00 -1.075488e+01  0.000000e+00
   endloop
 endfacet
 facet normal  0.000000e+00  0.000000e+00 -1.000000e+00
   outer loop
     vertex -4.420556e+00 -1.115611e+01  0.000000e+00
     vertex -4.724949e+00 -1.103063e+01  0.000000e+00
     vertex -5.025786e+00 -1.089686e+01  0.000000e+00
   endloop
 endfacet
 facet normal  0.000000e+00  0.000000e+00 -1.000000e+00
   outer loop
     vertex -4.420556e+00 -1.115611e+01  0.000000e+00
     vertex -5.322839e+00 -1.075488e+01  0.000000e+00
     vertex -6.189078e+00 -1.028082e+01  0.000000e+00
   endloop
 endfacet
 facet normal  0.000000e+00  0.000000e+00 -1.000000e+00
   outer loop
     vertex -1.118616e+01 -4.343928e+00  0.000000e+00
     vertex -1.093107e+01 -4.950922e+00  0.000000e+00
     vertex -1.106278e+01 -4.649175e+00  0.000000e+00
   endloop
 endfacet
 facet normal  0.000000e+00  0.000000e+00 -1.000000e+00
   outer loop
     vertex -1.118616e+01 -4.343928e+00  0.000000e+00
     vertex -1.032303e+01 -6.118413e+00  0.000000e+00
     vertex -1.048700e+01 -5.832908e+00  0.000000e+00
   endloop
 endfacet
 facet normal  0.000000e+00  0.000000e+00 -1.000000e+00
   outer loop
     vertex -1.118616e+01 -4.343928e+00  0.000000e+00
     vertex -1.015130e+01 -6.399313e+00  0.000000e+00
     vertex -1.032303e+01 -6.118413e+00  0.000000e+00
   endloop
 endfacet
 facet normal  0.000000e+00  0.000000e+00 -1.000000e+00
   outer loop
     vertex -1.118616e+01 -4.343928e+00  0.000000e+00
     vertex -9.971915e+00 -6.675395e+00  0.000000e+00
     vertex -1.015130e+01 -6.399313e+00  0.000000e+00
   endloop
 endfacet
 facet normal  0.000000e+00  0.000000e+00 -1.000000e+00
   outer loop
     vertex -1.118616e+01 -4.343928e+00  0.000000e+00
     vertex -1.048700e+01 -5.832908e+00  0.000000e+00
     vertex -1.093107e+01 -4.950922e+00  0.000000e+00
   endloop
 endfacet
 facet normal  0.000000e+00  0.000000e+00 -1.000000e+00
   outer loop
     vertex -4.112835e+00 -1.127318e+01  0.000000e+00
     vertex -4.420556e+00 -1.115611e+01  0.000000e+00
     vertex -6.468793e+00 -1.010716e+01  0.000000e+00
   endloop
 endfacet
 facet normal  0.000000e+00  0.000000e+00 -1.000000e+00
   outer loop
     vertex -1.150545e+01 -3.409499e+00  0.000000e+00
     vertex -1.130113e+01 -4.035412e+00  0.000000e+00
     vertex -1.140758e+01 -3.723857e+00  0.000000e+00
   endloop
 endfacet
 facet normal  0.000000e+00  0.000000e+00 -1.000000e+00
   outer loop
     vertex -1.150545e+01 -3.409499e+00  0.000000e+00
     vertex -1.118616e+01 -4.343928e+00  0.000000e+00
     vertex -1.130113e+01 -4.035412e+00  0.000000e+00
   endloop
 endfacet
 facet normal  0.000000e+00  0.000000e+00 -1.000000e+00
   outer loop
     vertex -1.150545e+01 -3.409499e+00  0.000000e+00
     vertex -8.037720e+00 -8.910390e+00  0.000000e+00
     vertex -8.514333e+00 -8.456130e+00  0.000000e+00
   endloop
 endfacet
 facet normal  0.000000e+00  0.000000e+00 -1.000000e+00
   outer loop
     vertex -1.150545e+01 -3.409499e+00  0.000000e+00
     vertex -8.514333e+00 -8.456130e+00  0.000000e+00
     vertex -9.590777e+00 -7.212281e+00  0.000000e+00
   endloop
 endfacet
 facet normal  0.000000e+00  0.000000e+00 -1.000000e+00
   outer loop
     vertex -1.150545e+01 -3.409499e+00  0.000000e+00
     vertex -7.277898e+00 -9.541080e+00  0.000000e+00
     vertex -8.037720e+00 -8.910390e+00  0.000000e+00
   endloop
 endfacet
 facet normal  0.000000e+00  0.000000e+00 -1.000000e+00
   outer loop
     vertex -1.150545e+01 -3.409499e+00  0.000000e+00
     vertex -9.590777e+00 -7.212281e+00  0.000000e+00
     vertex -9.971915e+00 -6.675395e+00  0.000000e+00
   endloop
 endfacet
 facet normal  0.000000e+00  0.000000e+00 -1.000000e+00
   outer loop
     vertex -1.150545e+01 -3.409499e+00  0.000000e+00
     vertex -9.971915e+00 -6.675395e+00  0.000000e+00
     vertex -1.118616e+01 -4.343928e+00  0.000000e+00
   endloop
 endfacet
 facet normal  0.000000e+00  0.000000e+00 -1.000000e+00
   outer loop
     vertex -3.172034e+00 -1.157317e+01  0.000000e+00
     vertex -3.802018e+00 -1.138177e+01  0.000000e+00
     vertex -4.112835e+00 -1.127318e+01  0.000000e+00
   endloop
 endfacet
 facet normal  0.000000e+00  0.000000e+00 -1.000000e+00
   outer loop
     vertex -3.172034e+00 -1.157317e+01  0.000000e+00
     vertex -3.488339e+00 -1.148179e+01  0.000000e+00
     vertex -3.802018e+00 -1.138177e+01  0.000000e+00
   endloop
 endfacet
 facet normal  0.000000e+00  0.000000e+00 -1.000000e+00
   outer loop
     vertex -2.853341e+00 -1.165583e+01  0.000000e+00
     vertex -3.172034e+00 -1.157317e+01  0.000000e+00
     vertex -4.112835e+00 -1.127318e+01  0.000000e+00
   endloop
 endfacet
 facet normal  0.000000e+00  0.000000e+00 -1.000000e+00
   outer loop
     vertex -1.167513e+01 -2.773323e+00  0.000000e+00
     vertex -1.150545e+01 -3.409499e+00  0.000000e+00
     vertex -1.159465e+01 -3.092575e+00  0.000000e+00
   endloop
 endfacet
 facet normal  0.000000e+00  0.000000e+00 -1.000000e+00
   outer loop
     vertex -1.167513e+01 -2.773323e+00  0.000000e+00
     vertex -7.277898e+00 -9.541080e+00  0.000000e+00
     vertex -1.150545e+01 -3.409499e+00  0.000000e+00
   endloop
 endfacet
 facet normal  0.000000e+00  0.000000e+00 -1.000000e+00
   outer loop
     vertex -1.186362e+01 -1.804009e+00  0.000000e+00
     vertex -1.174682e+01 -2.451983e+00  0.000000e+00
     vertex -1.180967e+01 -2.128797e+00  0.000000e+00
   endloop
 endfacet
 facet normal  0.000000e+00  0.000000e+00 -1.000000e+00
   outer loop
     vertex -1.559513e+00 -1.189823e+01  0.000000e+00
     vertex -2.532501e+00 -1.172972e+01  0.000000e+00
     vertex -2.853341e+00 -1.165583e+01  0.000000e+00
   endloop
 endfacet
 facet normal  0.000000e+00  0.000000e+00 -1.000000e+00
   outer loop
     vertex -1.559513e+00 -1.189823e+01  0.000000e+00
     vertex -2.209754e+00 -1.179479e+01  0.000000e+00
     vertex -2.532501e+00 -1.172972e+01  0.000000e+00
   endloop
 endfacet
 facet normal  0.000000e+00  0.000000e+00 -1.000000e+00
   outer loop
     vertex -1.559513e+00 -1.189823e+01  0.000000e+00
     vertex -1.885343e+00 -1.185097e+01  0.000000e+00
     vertex -2.209754e+00 -1.179479e+01  0.000000e+00
   endloop
 endfacet
 facet normal  0.000000e+00  0.000000e+00 -1.000000e+00
   outer loop
     vertex -1.190865e+01 -1.477863e+00  0.000000e+00
     vertex -7.277898e+00 -9.541080e+00  0.000000e+00
     vertex -1.167513e+01 -2.773323e+00  0.000000e+00
   endloop
 endfacet
 facet normal  0.000000e+00  0.000000e+00 -1.000000e+00
   outer loop
     vertex -1.190865e+01 -1.477863e+00  0.000000e+00
     vertex -1.167513e+01 -2.773323e+00  0.000000e+00
     vertex -1.174682e+01 -2.451983e+00  0.000000e+00
   endloop
 endfacet
 facet normal  0.000000e+00  0.000000e+00 -1.000000e+00
   outer loop
     vertex -1.190865e+01 -1.477863e+00  0.000000e+00
     vertex -1.174682e+01 -2.451983e+00  0.000000e+00
     vertex -1.186362e+01 -1.804009e+00  0.000000e+00
   endloop
 endfacet
 facet normal  0.000000e+00  0.000000e+00 -1.000000e+00
   outer loop
     vertex -1.190865e+01 -1.477863e+00  0.000000e+00
     vertex -7.013408e+00 -9.737151e+00  0.000000e+00
     vertex -7.277898e+00 -9.541080e+00  0.000000e+00
   endloop
 endfacet
 facet normal  0.000000e+00  0.000000e+00 -1.000000e+00
   outer loop
     vertex -1.194471e+01 -1.150604e+00  0.000000e+00
     vertex -7.013408e+00 -9.737151e+00  0.000000e+00
     vertex -1.190865e+01 -1.477863e+00  0.000000e+00
   endloop
 endfacet
 facet normal  0.000000e+00  0.000000e+00 -1.000000e+00
   outer loop
     vertex -1.194471e+01 -1.150604e+00  0.000000e+00
     vertex -6.468793e+00 -1.010716e+01  0.000000e+00
     vertex -7.013408e+00 -9.737151e+00  0.000000e+00
   endloop
 endfacet
 facet normal  0.000000e+00  0.000000e+00 -1.000000e+00
   outer loop
     vertex -9.045783e-01 -1.196586e+01  0.000000e+00
     vertex -1.232510e+00 -1.193654e+01  0.000000e+00
     vertex -1.559513e+00 -1.189823e+01  0.000000e+00
   endloop
 endfacet
 facet normal  0.000000e+00  0.000000e+00 -1.000000e+00
   outer loop
     vertex -1.198984e+01 -4.937354e-01  0.000000e+00
     vertex -1.194471e+01 -1.150604e+00  0.000000e+00
     vertex -1.197178e+01 -8.224794e-01  0.000000e+00
   endloop
 endfacet
 facet normal  0.000000e+00  0.000000e+00 -1.000000e+00
   outer loop
     vertex -2.469200e-01 -1.199746e+01  0.000000e+00
     vertex -5.759659e-01 -1.198617e+01  0.000000e+00
     vertex -9.045783e-01 -1.196586e+01  0.000000e+00
   endloop
 endfacet
 facet normal  0.000000e+00  0.000000e+00 -1.000000e+00
   outer loop
     vertex -1.199887e+01  1.646198e-01  0.000000e+00
     vertex -1.198984e+01 -4.937354e-01  0.000000e+00
     vertex -1.199887e+01 -1.646198e-01  0.000000e+00
   endloop
 endfacet
 facet normal  0.000000e+00  0.000000e+00 -1.000000e+00
   outer loop
     vertex -1.199887e+01  1.646198e-01  0.000000e+00
     vertex -1.194471e+01 -1.150604e+00  0.000000e+00
     vertex -1.198984e+01 -4.937354e-01  0.000000e+00
   endloop
 endfacet
 facet normal -0.000000e+00  0.000000e+00 -1.000000e+00
   outer loop
     vertex  7.403418e-01 -1.197714e+01  0.000000e+00
     vertex -2.469200e-01 -1.199746e+01  0.000000e+00
     vertex -9.045783e-01 -1.196586e+01  0.000000e+00
   endloop
 endfacet
 facet normal  0.000000e+00  0.000000e+00 -1.000000e+00
   outer loop
     vertex  7.403418e-01 -1.197714e+01  0.000000e+00
     vertex -9.045783e-01 -1.196586e+01  0.000000e+00
     vertex -1.559513e+00 -1.189823e+01  0.000000e+00
   endloop
 endfacet
 facet normal  0.000000e+00  0.000000e+00 -1.000000e+00
   outer loop
     vertex  7.403418e-01 -1.197714e+01  0.000000e+00
     vertex  8.231183e-02 -1.199972e+01  0.000000e+00
     vertex -2.469200e-01 -1.199746e+01  0.000000e+00
   endloop
 endfacet
 facet normal  0.000000e+00  0.000000e+00 -1.000000e+00
   outer loop
     vertex  7.403418e-01 -1.197714e+01  0.000000e+00
     vertex  4.114817e-01 -1.199294e+01  0.000000e+00
     vertex  8.231183e-02 -1.199972e+01  0.000000e+00
   endloop
 endfacet
 facet normal  0.000000e+00  0.000000e+00 -1.000000e+00
   outer loop
     vertex -1.197178e+01  8.224794e-01  0.000000e+00
     vertex -1.199887e+01  1.646198e-01  0.000000e+00
     vertex -1.198984e+01  4.937354e-01  0.000000e+00
   endloop
 endfacet
 facet normal  0.000000e+00 -0.000000e+00 -1.000000e+00
   outer loop
     vertex -1.197178e+01  8.224794e-01  0.000000e+00
     vertex -1.194471e+01 -1.150604e+00  0.000000e+00
     vertex -1.199887e+01  1.646198e-01  0.000000e+00
   endloop
 endfacet
 facet normal  0.000000e+00  0.000000e+00 -1.000000e+00
   outer loop
     vertex  1.068645e+00 -1.195232e+01  0.000000e+00
     vertex -2.853341e+00 -1.165583e+01  0.000000e+00
     vertex -4.112835e+00 -1.127318e+01  0.000000e+00
   endloop
 endfacet
 facet normal  0.000000e+00  0.000000e+00 -1.000000e+00
   outer loop
     vertex  1.068645e+00 -1.195232e+01  0.000000e+00
     vertex -1.559513e+00 -1.189823e+01  0.000000e+00
     vertex -2.853341e+00 -1.165583e+01  0.000000e+00
   endloop
 endfacet
 facet normal -0.000000e+00  0.000000e+00 -1.000000e+00
   outer loop
     vertex  1.068645e+00 -1.195232e+01  0.000000e+00
     vertex  7.403418e-01 -1.197714e+01  0.000000e+00
     vertex -1.559513e+00 -1.189823e+01  0.000000e+00
   endloop
 endfacet
 facet normal  0.000000e+00  0.000000e+00 -1.000000e+00
   outer loop
     vertex  1.068645e+00 -1.195232e+01  0.000000e+00
     vertex -4.112835e+00 -1.127318e+01  0.000000e+00
     vertex -6.468793e+00 -1.010716e+01  0.000000e+00
   endloop
 endfacet
 facet normal  0.000000e+00  0.000000e+00 -1.000000e+00
   outer loop
     vertex -1.186362e+01  1.804009e+00  0.000000e+00
     vertex -1.194471e+01  1.150604e+00  0.000000e+00
     vertex -1.190865e+01  1.477863e+00  0.000000e+00
   endloop
 endfacet
 facet normal  0.000000e+00  0.000000e+00 -1.000000e+00
   outer loop
     vertex -1.186362e+01  1.804009e+00  0.000000e+00
     vertex -1.197178e+01  8.224794e-01  0.000000e+00
     vertex -1.194471e+01  1.150604e+00  0.000000e+00
   endloop
 endfacet
 facet normal  0.000000e+00  0.000000e+00 -1.000000e+00
   outer loop
     vertex  2.371350e+00 -1.176336e+01  0.000000e+00
     vertex  1.722590e+00 -1.187572e+01  0.000000e+00
     vertex  1.396143e+00 -1.191851e+01  0.000000e+00
   endloop
 endfacet
 facet normal  0.000000e+00  0.000000e+00 -1.000000e+00
   outer loop
     vertex  2.371350e+00 -1.176336e+01  0.000000e+00
     vertex  2.047741e+00 -1.182399e+01  0.000000e+00
     vertex  1.722590e+00 -1.187572e+01  0.000000e+00
   endloop
 endfacet
 facet normal  0.000000e+00  0.000000e+00 -1.000000e+00
   outer loop
     vertex -1.174682e+01  2.451983e+00  0.000000e+00
     vertex -1.186362e+01  1.804009e+00  0.000000e+00
     vertex -1.180967e+01  2.128797e+00  0.000000e+00
   endloop
 endfacet
 facet normal  0.000000e+00  0.000000e+00 -1.000000e+00
   outer loop
     vertex  3.012971e+00 -1.161559e+01  0.000000e+00
     vertex  2.371350e+00 -1.176336e+01  0.000000e+00
     vertex  1.396143e+00 -1.191851e+01  0.000000e+00
   endloop
 endfacet
 facet normal  0.000000e+00  0.000000e+00 -1.000000e+00
   outer loop
     vertex  3.012971e+00 -1.161559e+01  0.000000e+00
     vertex  2.693174e+00 -1.169388e+01  0.000000e+00
     vertex  2.371350e+00 -1.176336e+01  0.000000e+00
   endloop
 endfacet
 facet normal  0.000000e+00  0.000000e+00 -1.000000e+00
   outer loop
     vertex -1.159465e+01  3.092575e+00  0.000000e+00
     vertex -1.174682e+01  2.451983e+00  0.000000e+00
     vertex -1.167513e+01  2.773323e+00  0.000000e+00
   endloop
 endfacet
 facet normal  0.000000e+00  0.000000e+00 -1.000000e+00
   outer loop
     vertex -1.159465e+01  3.092575e+00  0.000000e+00
     vertex -1.186362e+01  1.804009e+00  0.000000e+00
     vertex -1.174682e+01  2.451983e+00  0.000000e+00
   endloop
 endfacet
 facet normal  0.000000e+00  0.000000e+00 -1.000000e+00
   outer loop
     vertex  3.645521e+00 -1.143286e+01  0.000000e+00
     vertex  3.330500e+00 -1.152856e+01  0.000000e+00
     vertex  3.012971e+00 -1.161559e+01  0.000000e+00
   endloop
 endfacet
 facet normal  0.000000e+00  0.000000e+00 -1.000000e+00
   outer loop
     vertex -1.140758e+01  3.723857e+00  0.000000e+00
     vertex -1.159465e+01  3.092575e+00  0.000000e+00
     vertex -1.150545e+01  3.409499e+00  0.000000e+00
   endloop
 endfacet
 facet normal  0.000000e+00  0.000000e+00 -1.000000e+00
   outer loop
     vertex  3.957799e+00 -1.132854e+01  0.000000e+00
     vertex  3.645521e+00 -1.143286e+01  0.000000e+00
     vertex  3.012971e+00 -1.161559e+01  0.000000e+00
   endloop
 endfacet
 facet normal  0.000000e+00  0.000000e+00 -1.000000e+00
   outer loop
     vertex -1.130113e+01  4.035412e+00  0.000000e+00
     vertex -1.159465e+01  3.092575e+00  0.000000e+00
     vertex -1.140758e+01  3.723857e+00  0.000000e+00
   endloop
 endfacet
 facet normal  0.000000e+00  0.000000e+00 -1.000000e+00
   outer loop
     vertex -1.130113e+01  4.035412e+00  0.000000e+00
     vertex -1.186362e+01  1.804009e+00  0.000000e+00
     vertex -1.159465e+01  3.092575e+00  0.000000e+00
   endloop
 endfacet
 facet normal  0.000000e+00  0.000000e+00 -1.000000e+00
   outer loop
     vertex  4.573183e+00 -1.109441e+01  0.000000e+00
     vertex  4.267097e+00 -1.121570e+01  0.000000e+00
     vertex  3.957799e+00 -1.132854e+01  0.000000e+00
   endloop
 endfacet
 facet normal  0.000000e+00  0.000000e+00 -1.000000e+00
   outer loop
     vertex  4.573183e+00 -1.109441e+01  0.000000e+00
     vertex  3.957799e+00 -1.132854e+01  0.000000e+00
     vertex  3.012971e+00 -1.161559e+01  0.000000e+00
   endloop
 endfacet
 facet normal  0.000000e+00  0.000000e+00 -1.000000e+00
   outer loop
     vertex -1.106278e+01  4.649175e+00  0.000000e+00
     vertex -1.130113e+01  4.035412e+00  0.000000e+00
     vertex -1.118616e+01  4.343928e+00  0.000000e+00
   endloop
 endfacet
 facet normal  0.000000e+00  0.000000e+00 -1.000000e+00
   outer loop
     vertex  4.875826e+00 -1.096478e+01  0.000000e+00
     vertex  4.573183e+00 -1.109441e+01  0.000000e+00
     vertex  3.012971e+00 -1.161559e+01  0.000000e+00
   endloop
 endfacet
 facet normal -0.000000e+00  0.000000e+00 -1.000000e+00
   outer loop
     vertex  4.875826e+00 -1.096478e+01  0.000000e+00
     vertex  1.068645e+00 -1.195232e+01  0.000000e+00
     vertex -6.468793e+00 -1.010716e+01  0.000000e+00
   endloop
 endfacet
 facet normal  0.000000e+00  0.000000e+00 -1.000000e+00
   outer loop
     vertex  4.875826e+00 -1.096478e+01  0.000000e+00
     vertex  1.396143e+00 -1.191851e+01  0.000000e+00
     vertex  1.068645e+00 -1.195232e+01  0.000000e+00
   endloop
 endfacet
 facet normal  0.000000e+00  0.000000e+00 -1.000000e+00
   outer loop
     vertex  4.875826e+00 -1.096478e+01  0.000000e+00
     vertex  3.012971e+00 -1.161559e+01  0.000000e+00
     vertex  1.396143e+00 -1.191851e+01  0.000000e+00
   endloop
 endfacet
 facet normal  0.000000e+00  0.000000e+00 -1.000000e+00
   outer loop
     vertex -1.093107e+01  4.950922e+00  0.000000e+00
     vertex -1.130113e+01  4.035412e+00  0.000000e+00
     vertex -1.106278e+01  4.649175e+00  0.000000e+00
   endloop
 endfacet
 facet normal -0.000000e+00  0.000000e+00 -1.000000e+00
   outer loop
     vertex  5.174799e+00 -1.082689e+01  0.000000e+00
     vertex  4.875826e+00 -1.096478e+01  0.000000e+00
     vertex -6.468793e+00 -1.010716e+01  0.000000e+00
   endloop
 endfacet
 facet normal  0.000000e+00  0.000000e+00 -1.000000e+00
   outer loop
     vertex -1.064307e+01  5.543011e+00  0.000000e+00
     vertex -1.130113e+01  4.035412e+00  0.000000e+00
     vertex -1.093107e+01  4.950922e+00  0.000000e+00
   endloop
 endfacet
 facet normal  0.000000e+00  0.000000e+00 -1.000000e+00
   outer loop
     vertex -1.064307e+01  5.543011e+00  0.000000e+00
     vertex -1.093107e+01  4.950922e+00  0.000000e+00
     vertex -1.079114e+01  5.248942e+00  0.000000e+00
   endloop
 endfacet
 facet normal  0.000000e+00  0.000000e+00 -1.000000e+00
   outer loop
     vertex  5.760837e+00 -1.052676e+01  0.000000e+00
     vertex  5.469877e+00 -1.068084e+01  0.000000e+00
     vertex  5.174799e+00 -1.082689e+01  0.000000e+00
   endloop
 endfacet
 facet normal  0.000000e+00  0.000000e+00 -1.000000e+00
   outer loop
     vertex -1.048700e+01  5.832908e+00  0.000000e+00
     vertex -1.130113e+01  4.035412e+00  0.000000e+00
     vertex -1.064307e+01  5.543011e+00  0.000000e+00
   endloop
 endfacet
 facet normal  0.000000e+00  0.000000e+00 -1.000000e+00
   outer loop
     vertex -1.015130e+01  6.399313e+00  0.000000e+00
     vertex -1.130113e+01  4.035412e+00  0.000000e+00
     vertex -1.048700e+01  5.832908e+00  0.000000e+00
   endloop
 endfacet
 facet normal  0.000000e+00  0.000000e+00 -1.000000e+00
   outer loop
     vertex -1.015130e+01  6.399313e+00  0.000000e+00
     vertex -1.048700e+01  5.832908e+00  0.000000e+00
     vertex -1.032303e+01  6.118413e+00  0.000000e+00
   endloop
 endfacet
 facet normal  0.000000e+00  0.000000e+00 -1.000000e+00
   outer loop
     vertex  6.879171e+00 -9.832447e+00  0.000000e+00
     vertex  6.329531e+00 -1.019495e+01  0.000000e+00
     vertex  6.047460e+00 -1.036476e+01  0.000000e+00
   endloop
 endfacet
 facet normal  0.000000e+00  0.000000e+00 -1.000000e+00
   outer loop
     vertex  6.879171e+00 -9.832447e+00  0.000000e+00
     vertex  6.606838e+00 -1.001747e+01  0.000000e+00
     vertex  6.329531e+00 -1.019495e+01  0.000000e+00
   endloop
 endfacet
 facet normal  0.000000e+00  0.000000e+00 -1.000000e+00
   outer loop
     vertex  7.146325e+00 -9.640022e+00  0.000000e+00
     vertex  6.879171e+00 -9.832447e+00  0.000000e+00
     vertex  6.047460e+00 -1.036476e+01  0.000000e+00
   endloop
 endfacet
 facet normal  0.000000e+00  0.000000e+00 -1.000000e+00
   outer loop
     vertex  7.146325e+00 -9.640022e+00  0.000000e+00
     vertex  6.047460e+00 -1.036476e+01  0.000000e+00
     vertex  5.760837e+00 -1.052676e+01  0.000000e+00
   endloop
 endfacet
 facet normal  0.000000e+00  0.000000e+00 -1.000000e+00
   outer loop
     vertex  7.408101e+00 -9.440341e+00  0.000000e+00
     vertex  5.760837e+00 -1.052676e+01  0.000000e+00
     vertex  5.174799e+00 -1.082689e+01  0.000000e+00
   endloop
 endfacet
 facet normal  0.000000e+00  0.000000e+00 -1.000000e+00
   outer loop
     vertex  7.408101e+00 -9.440341e+00  0.000000e+00
     vertex  7.146325e+00 -9.640022e+00  0.000000e+00
     vertex  5.760837e+00 -1.052676e+01  0.000000e+00
   endloop
 endfacet
 facet normal  0.000000e+00  0.000000e+00 -1.000000e+00
   outer loop
     vertex  7.408101e+00 -9.440341e+00  0.000000e+00
     vertex  5.174799e+00 -1.082689e+01  0.000000e+00
     vertex -6.468793e+00 -1.010716e+01  0.000000e+00
   endloop
 endfacet
 facet normal  0.000000e+00  0.000000e+00 -1.000000e+00
   outer loop
     vertex -9.389305e+00  7.472681e+00  0.000000e+00
     vertex -1.130113e+01  4.035412e+00  0.000000e+00
     vertex -1.015130e+01  6.399313e+00  0.000000e+00
   endloop
 endfacet
 facet normal  0.000000e+00  0.000000e+00 -1.000000e+00
   outer loop
     vertex -9.389305e+00  7.472681e+00  0.000000e+00
     vertex -9.785029e+00  6.946453e+00  0.000000e+00
     vertex -9.590777e+00  7.212281e+00  0.000000e+00
   endloop
 endfacet
 facet normal  0.000000e+00  0.000000e+00 -1.000000e+00
   outer loop
     vertex -9.389305e+00  7.472681e+00  0.000000e+00
     vertex -9.971915e+00  6.675395e+00  0.000000e+00
     vertex -9.785029e+00  6.946453e+00  0.000000e+00
   endloop
 endfacet
 facet normal  0.000000e+00  0.000000e+00 -1.000000e+00
   outer loop
     vertex -9.389305e+00  7.472681e+00  0.000000e+00
     vertex -1.015130e+01  6.399313e+00  0.000000e+00
     vertex -9.971915e+00  6.675395e+00  0.000000e+00
   endloop
 endfacet
 facet normal  0.000000e+00  0.000000e+00 -1.000000e+00
   outer loop
     vertex  8.159199e+00 -8.799288e+00  0.000000e+00
     vertex  7.408101e+00 -9.440341e+00  0.000000e+00
     vertex -6.468793e+00 -1.010716e+01  0.000000e+00
   endloop
 endfacet
 facet normal  0.000000e+00  0.000000e+00 -1.000000e+00
   outer loop
     vertex  8.159199e+00 -8.799288e+00  0.000000e+00
     vertex  7.664299e+00 -9.233554e+00  0.000000e+00
     vertex  7.408101e+00 -9.440341e+00  0.000000e+00
   endloop
 endfacet
 facet normal  0.000000e+00  0.000000e+00 -1.000000e+00
   outer loop
     vertex  8.159199e+00 -8.799288e+00  0.000000e+00
     vertex  7.914728e+00 -9.019816e+00  0.000000e+00
     vertex  7.664299e+00 -9.233554e+00  0.000000e+00
   endloop
 endfacet
 facet normal  0.000000e+00  0.000000e+00 -1.000000e+00
   outer loop
     vertex -8.743114e+00  8.219364e+00  0.000000e+00
     vertex -9.180765e+00  7.727455e+00  0.000000e+00
     vertex -8.965314e+00  7.976412e+00  0.000000e+00
   endloop
 endfacet
 facet normal  0.000000e+00  0.000000e+00 -1.000000e+00
   outer loop
     vertex  8.397528e+00 -8.572136e+00  0.000000e+00
     vertex  8.159199e+00 -8.799288e+00  0.000000e+00
     vertex -6.468793e+00 -1.010716e+01  0.000000e+00
   endloop
 endfacet
 facet normal  0.000000e+00  0.000000e+00 -1.000000e+00
   outer loop
     vertex -8.514333e+00  8.456130e+00  0.000000e+00
     vertex -9.180765e+00  7.727455e+00  0.000000e+00
     vertex -8.743114e+00  8.219364e+00  0.000000e+00
   endloop
 endfacet
 facet normal  0.000000e+00  0.000000e+00 -1.000000e+00
   outer loop
     vertex  8.855048e+00 -8.098650e+00  0.000000e+00
     vertex  8.629536e+00 -8.338532e+00  0.000000e+00
     vertex  8.397528e+00 -8.572136e+00  0.000000e+00
   endloop
 endfacet
 facet normal  0.000000e+00  0.000000e+00 -1.000000e+00
   outer loop
     vertex -8.037720e+00  8.910390e+00  0.000000e+00
     vertex -8.514333e+00  8.456130e+00  0.000000e+00
     vertex -8.279143e+00  8.686530e+00  0.000000e+00
   endloop
 endfacet
 facet normal  0.000000e+00  0.000000e+00 -1.000000e+00
   outer loop
     vertex  9.073893e+00 -7.852672e+00  0.000000e+00
     vertex  8.397528e+00 -8.572136e+00  0.000000e+00
     vertex -6.468793e+00 -1.010716e+01  0.000000e+00
   endloop
 endfacet
 facet normal  0.000000e+00  0.000000e+00 -1.000000e+00
   outer loop
     vertex  9.073893e+00 -7.852672e+00  0.000000e+00
     vertex  8.855048e+00 -8.098650e+00  0.000000e+00
     vertex  8.397528e+00 -8.572136e+00  0.000000e+00
   endloop
 endfacet
 facet normal  0.000000e+00  0.000000e+00 -1.000000e+00
   outer loop
     vertex -7.790247e+00  9.127544e+00  0.000000e+00
     vertex -8.514333e+00  8.456130e+00  0.000000e+00
     vertex -8.037720e+00  8.910390e+00  0.000000e+00
   endloop
 endfacet
 facet normal  0.000000e+00  0.000000e+00 -1.000000e+00
   outer loop
     vertex -7.277898e+00  9.541080e+00  0.000000e+00
     vertex -8.514333e+00  8.456130e+00  0.000000e+00
     vertex -7.790247e+00  9.127544e+00  0.000000e+00
   endloop
 endfacet
 facet normal  0.000000e+00  0.000000e+00 -1.000000e+00
   outer loop
     vertex -7.277898e+00  9.541080e+00  0.000000e+00
     vertex -9.180765e+00  7.727455e+00  0.000000e+00
     vertex -8.514333e+00  8.456130e+00  0.000000e+00
   endloop
 endfacet
 facet normal  0.000000e+00  0.000000e+00 -1.000000e+00
   outer loop
     vertex -7.277898e+00  9.541080e+00  0.000000e+00
     vertex -7.790247e+00  9.127544e+00  0.000000e+00
     vertex -7.536909e+00  9.337826e+00  0.000000e+00
   endloop
 endfacet
 facet normal  0.000000e+00  0.000000e+00 -1.000000e+00
   outer loop
     vertex -7.277898e+00  9.541080e+00  0.000000e+00
     vertex -9.389305e+00  7.472681e+00  0.000000e+00
     vertex -9.180765e+00  7.727455e+00  0.000000e+00
   endloop
 endfacet
 facet normal  0.000000e+00  0.000000e+00 -1.000000e+00
   outer loop
     vertex -7.013408e+00  9.737151e+00  0.000000e+00
     vertex -9.389305e+00  7.472681e+00  0.000000e+00
     vertex -7.277898e+00  9.541080e+00  0.000000e+00
   endloop
 endfacet
 facet normal  0.000000e+00  0.000000e+00 -1.000000e+00
   outer loop
     vertex  9.879402e+00 -6.811565e+00  0.000000e+00
     vertex  9.285909e+00 -7.600783e+00  0.000000e+00
     vertex  9.073893e+00 -7.852672e+00  0.000000e+00
   endloop
 endfacet
 facet normal  0.000000e+00  0.000000e+00 -1.000000e+00
   outer loop
     vertex  9.879402e+00 -6.811565e+00  0.000000e+00
     vertex  9.490934e+00 -7.343172e+00  0.000000e+00
     vertex  9.285909e+00 -7.600783e+00  0.000000e+00
   endloop
 endfacet
 facet normal  0.000000e+00  0.000000e+00 -1.000000e+00
   outer loop
     vertex  9.879402e+00 -6.811565e+00  0.000000e+00
     vertex  9.688815e+00 -7.080033e+00  0.000000e+00
     vertex  9.490934e+00 -7.343172e+00  0.000000e+00
   endloop
 endfacet
 facet normal  0.000000e+00  0.000000e+00 -1.000000e+00
   outer loop
     vertex  1.023813e+01 -6.259452e+00  0.000000e+00
     vertex  1.006255e+01 -6.537969e+00  0.000000e+00
     vertex  9.879402e+00 -6.811565e+00  0.000000e+00
   endloop
 endfacet
 facet normal  0.000000e+00  0.000000e+00 -1.000000e+00
   outer loop
     vertex  1.023813e+01 -6.259452e+00  0.000000e+00
     vertex  9.879402e+00 -6.811565e+00  0.000000e+00
     vertex  9.073893e+00 -7.852672e+00  0.000000e+00
   endloop
 endfacet
 facet normal  0.000000e+00  0.000000e+00 -1.000000e+00
   outer loop
     vertex -6.189078e+00  1.028082e+01  0.000000e+00
     vertex -9.389305e+00  7.472681e+00  0.000000e+00
     vertex -7.013408e+00  9.737151e+00  0.000000e+00
   endloop
 endfacet
 facet normal  0.000000e+00  0.000000e+00 -1.000000e+00
   outer loop
     vertex -6.189078e+00  1.028082e+01  0.000000e+00
     vertex -6.743639e+00  9.925892e+00  0.000000e+00
     vertex -6.468793e+00  1.010716e+01  0.000000e+00
   endloop
 endfacet
 facet normal  0.000000e+00  0.000000e+00 -1.000000e+00
   outer loop
     vertex -6.189078e+00  1.028082e+01  0.000000e+00
     vertex -7.013408e+00  9.737151e+00  0.000000e+00
     vertex -6.743639e+00  9.925892e+00  0.000000e+00
   endloop
 endfacet
 facet normal  0.000000e+00  0.000000e+00 -1.000000e+00
   outer loop
     vertex  1.056603e+01 -5.688495e+00  0.000000e+00
     vertex  1.040600e+01 -5.976223e+00  0.000000e+00
     vertex  1.023813e+01 -6.259452e+00  0.000000e+00
   endloop
 endfacet
 facet normal  0.000000e+00  0.000000e+00 -1.000000e+00
   outer loop
     vertex  1.056603e+01 -5.688495e+00  0.000000e+00
     vertex  1.023813e+01 -6.259452e+00  0.000000e+00
     vertex  9.073893e+00 -7.852672e+00  0.000000e+00
   endloop
 endfacet
 facet normal  0.000000e+00  0.000000e+00 -1.000000e+00
   outer loop
     vertex -5.615885e+00  1.060480e+01  0.000000e+00
     vertex -6.189078e+00  1.028082e+01  0.000000e+00
     vertex -5.904704e+00  1.044674e+01  0.000000e+00
   endloop
 endfacet
 facet normal  0.000000e+00  0.000000e+00 -1.000000e+00
   outer loop
     vertex -5.322839e+00  1.075488e+01  0.000000e+00
     vertex -6.189078e+00  1.028082e+01  0.000000e+00
     vertex -5.615885e+00  1.060480e+01  0.000000e+00
   endloop
 endfacet
 facet normal  0.000000e+00  0.000000e+00 -1.000000e+00
   outer loop
     vertex  1.086213e+01 -5.100412e+00  0.000000e+00
     vertex  1.071811e+01 -5.396485e+00  0.000000e+00
     vertex  1.056603e+01 -5.688495e+00  0.000000e+00
   endloop
 endfacet
 facet normal  0.000000e+00  0.000000e+00 -1.000000e+00
   outer loop
     vertex  1.099796e+01 -4.800501e+00  0.000000e+00
     vertex  1.086213e+01 -5.100412e+00  0.000000e+00
     vertex  1.056603e+01 -5.688495e+00  0.000000e+00
   endloop
 endfacet
 facet normal  0.000000e+00  0.000000e+00 -1.000000e+00
   outer loop
     vertex -4.724949e+00  1.103063e+01  0.000000e+00
     vertex -5.322839e+00  1.075488e+01  0.000000e+00
     vertex -5.025786e+00  1.089686e+01  0.000000e+00
   endloop
 endfacet
 facet normal  0.000000e+00  0.000000e+00 -1.000000e+00
   outer loop
     vertex -4.420556e+00  1.115611e+01  0.000000e+00
     vertex -5.322839e+00  1.075488e+01  0.000000e+00
     vertex -4.724949e+00  1.103063e+01  0.000000e+00
   endloop
 endfacet
 facet normal  0.000000e+00  0.000000e+00 -1.000000e+00
   outer loop
     vertex  1.135542e+01 -3.880000e+00  0.000000e+00
     vertex  1.099796e+01 -4.800501e+00  0.000000e+00
     vertex  1.056603e+01 -5.688495e+00  0.000000e+00
   endloop
 endfacet
 facet normal  0.000000e+00  0.000000e+00 -1.000000e+00
   outer loop
     vertex  1.135542e+01 -3.880000e+00  0.000000e+00
     vertex  1.112552e+01 -4.496975e+00  0.000000e+00
     vertex  1.099796e+01 -4.800501e+00  0.000000e+00
   endloop
 endfacet
 facet normal  0.000000e+00  0.000000e+00 -1.000000e+00
   outer loop
     vertex  1.135542e+01 -3.880000e+00  0.000000e+00
     vertex  1.124470e+01 -4.190064e+00  0.000000e+00
     vertex  1.112552e+01 -4.496975e+00  0.000000e+00
   endloop
 endfacet
 facet normal  0.000000e+00  0.000000e+00 -1.000000e+00
   outer loop
     vertex  1.135542e+01 -3.880000e+00  0.000000e+00
     vertex  1.056603e+01 -5.688495e+00  0.000000e+00
     vertex  9.073893e+00 -7.852672e+00  0.000000e+00
   endloop
 endfacet
 facet normal  0.000000e+00  0.000000e+00 -1.000000e+00
   outer loop
     vertex -3.488339e+00  1.148179e+01  0.000000e+00
     vertex -4.112835e+00  1.127318e+01  0.000000e+00
     vertex -3.802018e+00  1.138177e+01  0.000000e+00
   endloop
 endfacet
 facet normal  0.000000e+00  0.000000e+00 -1.000000e+00
   outer loop
     vertex -3.488339e+00  1.148179e+01  0.000000e+00
     vertex -4.420556e+00  1.115611e+01  0.000000e+00
     vertex -4.112835e+00  1.127318e+01  0.000000e+00
   endloop
 endfacet
 facet normal  0.000000e+00  0.000000e+00 -1.000000e+00
   outer loop
     vertex -3.172034e+00  1.157317e+01  0.000000e+00
     vertex -6.189078e+00  1.028082e+01  0.000000e+00
     vertex -5.322839e+00  1.075488e+01  0.000000e+00
   endloop
 endfacet
 facet normal  0.000000e+00  0.000000e+00 -1.000000e+00
   outer loop
     vertex -3.172034e+00  1.157317e+01  0.000000e+00
     vertex -5.322839e+00  1.075488e+01  0.000000e+00
     vertex -4.420556e+00  1.115611e+01  0.000000e+00
   endloop
 endfacet
 facet normal  0.000000e+00  0.000000e+00 -1.000000e+00
   outer loop
     vertex -3.172034e+00  1.157317e+01  0.000000e+00
     vertex -4.420556e+00  1.115611e+01  0.000000e+00
     vertex -3.488339e+00  1.148179e+01  0.000000e+00
   endloop
 endfacet
 facet normal  0.000000e+00  0.000000e+00 -1.000000e+00
   outer loop
     vertex -3.172034e+00  1.157317e+01  0.000000e+00
     vertex -9.389305e+00  7.472681e+00  0.000000e+00
     vertex -6.189078e+00  1.028082e+01  0.000000e+00
   endloop
 endfacet
 facet normal  0.000000e+00  0.000000e+00 -1.000000e+00
   outer loop
     vertex  1.163599e+01 -2.933225e+00  0.000000e+00
     vertex  1.145759e+01 -3.567014e+00  0.000000e+00
     vertex  1.135542e+01 -3.880000e+00  0.000000e+00
   endloop
 endfacet
 facet normal  0.000000e+00  0.000000e+00 -1.000000e+00
   outer loop
     vertex  1.163599e+01 -2.933225e+00  0.000000e+00
     vertex  1.155114e+01 -3.251343e+00  0.000000e+00
     vertex  1.145759e+01 -3.567014e+00  0.000000e+00
   endloop
 endfacet
 facet normal -0.000000e+00  0.000000e+00 -1.000000e+00
   outer loop
     vertex  1.163599e+01 -2.933225e+00  0.000000e+00
     vertex -6.468793e+00 -1.010716e+01  0.000000e+00
     vertex -1.194471e+01 -1.150604e+00  0.000000e+00
   endloop
 endfacet
 facet normal  0.000000e+00  0.000000e+00 -1.000000e+00
   outer loop
     vertex  1.163599e+01 -2.933225e+00  0.000000e+00
     vertex  1.135542e+01 -3.880000e+00  0.000000e+00
     vertex  9.073893e+00 -7.852672e+00  0.000000e+00
   endloop
 endfacet
 facet normal  0.000000e+00  0.000000e+00 -1.000000e+00
   outer loop
     vertex  1.163599e+01 -2.933225e+00  0.000000e+00
     vertex -1.130113e+01  4.035412e+00  0.000000e+00
     vertex -9.389305e+00  7.472681e+00  0.000000e+00
   endloop
 endfacet
 facet normal  0.000000e+00  0.000000e+00 -1.000000e+00
   outer loop
     vertex  1.163599e+01 -2.933225e+00  0.000000e+00
     vertex -1.194471e+01 -1.150604e+00  0.000000e+00
     vertex -1.197178e+01  8.224794e-01  0.000000e+00
   endloop
 endfacet
 facet normal  0.000000e+00  0.000000e+00 -1.000000e+00
   outer loop
     vertex  1.163599e+01 -2.933225e+00  0.000000e+00
     vertex -1.197178e+01  8.224794e-01  0.000000e+00
     vertex -1.186362e+01  1.804009e+00  0.000000e+00
   endloop
 endfacet
 facet normal  0.000000e+00  0.000000e+00 -1.000000e+00
   outer loop
     vertex  1.163599e+01 -2.933225e+00  0.000000e+00
     vertex  9.073893e+00 -7.852672e+00  0.000000e+00
     vertex -6.468793e+00 -1.010716e+01  0.000000e+00
   endloop
 endfacet
 facet normal  0.000000e+00  0.000000e+00 -1.000000e+00
   outer loop
     vertex  1.163599e+01 -2.933225e+00  0.000000e+00
     vertex -1.186362e+01  1.804009e+00  0.000000e+00
     vertex -1.130113e+01  4.035412e+00  0.000000e+00
   endloop
 endfacet
 facet normal  0.000000e+00  0.000000e+00 -1.000000e+00
   outer loop
     vertex -2.532501e+00  1.172972e+01  0.000000e+00
     vertex -3.172034e+00  1.157317e+01  0.000000e+00
     vertex -2.853341e+00  1.165583e+01  0.000000e+00
   endloop
 endfacet
 facet normal  0.000000e+00  0.000000e+00 -1.000000e+00
   outer loop
     vertex -1.885343e+00  1.185097e+01  0.000000e+00
     vertex -2.532501e+00  1.172972e+01  0.000000e+00
     vertex -2.209754e+00  1.179479e+01  0.000000e+00
   endloop
 endfacet
 facet normal  0.000000e+00  0.000000e+00 -1.000000e+00
   outer loop
     vertex  1.188725e+01 -1.641090e+00  0.000000e+00
     vertex  1.177935e+01 -2.290606e+00  0.000000e+00
     vertex  1.171208e+01 -2.612899e+00  0.000000e+00
   endloop
 endfacet
 facet normal  0.000000e+00  0.000000e+00 -1.000000e+00
   outer loop
     vertex  1.188725e+01 -1.641090e+00  0.000000e+00
     vertex  1.183776e+01 -1.966588e+00  0.000000e+00
     vertex  1.177935e+01 -2.290606e+00  0.000000e+00
   endloop
 endfacet
 facet normal  0.000000e+00  0.000000e+00 -1.000000e+00
   outer loop
     vertex  1.192780e+01 -1.314357e+00  0.000000e+00
     vertex  1.171208e+01 -2.612899e+00  0.000000e+00
     vertex  1.163599e+01 -2.933225e+00  0.000000e+00
   endloop
 endfacet
 facet normal  0.000000e+00  0.000000e+00 -1.000000e+00
   outer loop
     vertex  1.192780e+01 -1.314357e+00  0.000000e+00
     vertex  1.188725e+01 -1.641090e+00  0.000000e+00
     vertex  1.171208e+01 -2.612899e+00  0.000000e+00
   endloop
 endfacet
 facet normal  0.000000e+00  0.000000e+00 -1.000000e+00
   outer loop
     vertex -1.232510e+00  1.193654e+01  0.000000e+00
     vertex -2.532501e+00  1.172972e+01  0.000000e+00
     vertex -1.885343e+00  1.185097e+01  0.000000e+00
   endloop
 endfacet
 facet normal  0.000000e+00  0.000000e+00 -1.000000e+00
   outer loop
     vertex -1.232510e+00  1.193654e+01  0.000000e+00
     vertex -1.885343e+00  1.185097e+01  0.000000e+00
     vertex -1.559513e+00  1.189823e+01  0.000000e+00
   endloop
 endfacet
 facet normal  0.000000e+00  0.000000e+00 -1.000000e+00
   outer loop
     vertex -9.045783e-01  1.196586e+01  0.000000e+00
     vertex -2.532501e+00  1.172972e+01  0.000000e+00
     vertex -1.232510e+00  1.193654e+01  0.000000e+00
   endloop
 endfacet
 facet normal  0.000000e+00  0.000000e+00 -1.000000e+00
   outer loop
     vertex  1.198194e+01 -6.581693e-01  0.000000e+00
     vertex  1.195937e+01 -9.866346e-01  0.000000e+00
     vertex  1.192780e+01 -1.314357e+00  0.000000e+00
   endloop
 endfacet
 facet normal  0.000000e+00  0.000000e+00 -1.000000e+00
   outer loop
     vertex  1.199548e+01 -3.292086e-01  0.000000e+00
     vertex  1.198194e+01 -6.581693e-01  0.000000e+00
     vertex  1.192780e+01 -1.314357e+00  0.000000e+00
   endloop
 endfacet
 facet normal  0.000000e+00  0.000000e+00 -1.000000e+00
   outer loop
     vertex  1.200000e+01  0.000000e+00  0.000000e+00
     vertex  1.199548e+01 -3.292086e-01  0.000000e+00
     vertex  1.192780e+01 -1.314357e+00  0.000000e+00
   endloop
 endfacet
 facet normal  0.000000e+00  0.000000e+00 -1.000000e+00
   outer loop
     vertex  8.231183e-02  1.199972e+01  0.000000e+00
     vertex -5.759659e-01  1.198617e+01  0.000000e+00
     vertex -2.469200e-01  1.199746e+01  0.000000e+00
   endloop
 endfacet
 facet normal  0.000000e+00  0.000000e+00 -1.000000e+00
   outer loop
     vertex  1.198194e+01  6.581693e-01  0.000000e+00
     vertex  1.199548e+01  3.292086e-01  0.000000e+00
     vertex  1.200000e+01  0.000000e+00  0.000000e+00
   endloop
 endfacet
 facet normal  0.000000e+00  0.000000e+00 -1.000000e+00
   outer loop
     vertex  7.403418e-01  1.197714e+01  0.000000e+00
     vertex  8.231183e-02  1.199972e+01  0.000000e+00
     vertex  4.114817e-01  1.199294e+01  0.000000e+00
   endloop
 endfacet
 facet normal  0.000000e+00  0.000000e+00 -1.000000e+00
   outer loop
     vertex  1.195937e+01  9.866346e-01  0.000000e+00
     vertex  1.198194e+01  6.581693e-01  0.000000e+00
     vertex  1.200000e+01  0.000000e+00  0.000000e+00
   endloop
 endfacet
 facet normal  0.000000e+00 -0.000000e+00 -1.000000e+00
   outer loop
     vertex  1.192780e+01  1.314357e+00  0.000000e+00
     vertex  1.192780e+01 -1.314357e+00  0.000000e+00
     vertex  1.163599e+01 -2.933225e+00  0.000000e+00
   endloop
 endfacet
 facet normal  0.000000e+00  0.000000e+00 -1.000000e+00
   outer loop
     vertex  1.192780e+01  1.314357e+00  0.000000e+00
     vertex  1.200000e+01  0.000000e+00  0.000000e+00
     vertex  1.192780e+01 -1.314357e+00  0.000000e+00
   endloop
 endfacet
 facet normal  0.000000e+00  0.000000e+00 -1.000000e+00
   outer loop
     vertex  1.192780e+01  1.314357e+00  0.000000e+00
     vertex  1.195937e+01  9.866346e-01  0.000000e+00
     vertex  1.200000e+01  0.000000e+00  0.000000e+00
   endloop
 endfacet
 facet normal  0.000000e+00  0.000000e+00 -1.000000e+00
   outer loop
     vertex  1.396143e+00  1.191851e+01  0.000000e+00
     vertex  7.403418e-01  1.197714e+01  0.000000e+00
     vertex  1.068645e+00  1.195232e+01  0.000000e+00
   endloop
 endfacet
 facet normal  0.000000e+00  0.000000e+00 -1.000000e+00
   outer loop
     vertex  1.396143e+00  1.191851e+01  0.000000e+00
     vertex -5.759659e-01  1.198617e+01  0.000000e+00
     vertex  8.231183e-02  1.199972e+01  0.000000e+00
   endloop
 endfacet
 facet normal  0.000000e+00  0.000000e+00 -1.000000e+00
   outer loop
     vertex  1.396143e+00  1.191851e+01  0.000000e+00
     vertex  8.231183e-02  1.199972e+01  0.000000e+00
     vertex  7.403418e-01  1.197714e+01  0.000000e+00
   endloop
 endfacet
 facet normal  0.000000e+00  0.000000e+00 -1.000000e+00
   outer loop
     vertex  2.047741e+00  1.182399e+01  0.000000e+00
     vertex -3.172034e+00  1.157317e+01  0.000000e+00
     vertex -2.532501e+00  1.172972e+01  0.000000e+00
   endloop
 endfacet
 facet normal  0.000000e+00  0.000000e+00 -1.000000e+00
   outer loop
     vertex  2.047741e+00  1.182399e+01  0.000000e+00
     vertex  1.396143e+00  1.191851e+01  0.000000e+00
     vertex  1.722590e+00  1.187572e+01  0.000000e+00
   endloop
 endfacet
 facet normal  0.000000e+00  0.000000e+00 -1.000000e+00
   outer loop
     vertex  2.047741e+00  1.182399e+01  0.000000e+00
     vertex -9.045783e-01  1.196586e+01  0.000000e+00
     vertex -5.759659e-01  1.198617e+01  0.000000e+00
   endloop
 endfacet
 facet normal -0.000000e+00  0.000000e+00 -1.000000e+00
   outer loop
     vertex  2.047741e+00  1.182399e+01  0.000000e+00
     vertex -2.532501e+00  1.172972e+01  0.000000e+00
     vertex -9.045783e-01  1.196586e+01  0.000000e+00
   endloop
 endfacet
 facet normal  0.000000e+00  0.000000e+00 -1.000000e+00
   outer loop
     vertex  2.047741e+00  1.182399e+01  0.000000e+00
     vertex -5.759659e-01  1.198617e+01  0.000000e+00
     vertex  1.396143e+00  1.191851e+01  0.000000e+00
   endloop
 endfacet
 facet normal  0.000000e+00  0.000000e+00 -1.000000e+00
   outer loop
     vertex  1.171208e+01  2.612899e+00  0.000000e+00
     vertex  1.188725e+01  1.641090e+00  0.000000e+00
     vertex  1.192780e+01  1.314357e+00  0.000000e+00
   endloop
 endfacet
 facet normal  0.000000e+00  0.000000e+00 -1.000000e+00
   outer loop
     vertex  1.171208e+01  2.612899e+00  0.000000e+00
     vertex  1.183776e+01  1.966588e+00  0.000000e+00
     vertex  1.188725e+01  1.641090e+00  0.000000e+00
   endloop
 endfacet
 facet normal  0.000000e+00  0.000000e+00 -1.000000e+00
   outer loop
     vertex  1.171208e+01  2.612899e+00  0.000000e+00
     vertex  1.177935e+01  2.290606e+00  0.000000e+00
     vertex  1.183776e+01  1.966588e+00  0.000000e+00
   endloop
 endfacet
 facet normal  0.000000e+00  0.000000e+00 -1.000000e+00
   outer loop
     vertex  1.163599e+01  2.933225e+00  0.000000e+00
     vertex  1.171208e+01  2.612899e+00  0.000000e+00
     vertex  1.192780e+01  1.314357e+00  0.000000e+00
   endloop
 endfacet
 facet normal  0.000000e+00  0.000000e+00 -1.000000e+00
   outer loop
     vertex  3.012971e+00  1.161559e+01  0.000000e+00
     vertex  2.371350e+00  1.176336e+01  0.000000e+00
     vertex  2.693174e+00  1.169388e+01  0.000000e+00
   endloop
 endfacet
 facet normal  0.000000e+00  0.000000e+00 -1.000000e+00
   outer loop
     vertex  3.012971e+00  1.161559e+01  0.000000e+00
     vertex  2.047741e+00  1.182399e+01  0.000000e+00
     vertex  2.371350e+00  1.176336e+01  0.000000e+00
   endloop
 endfacet
 facet normal  0.000000e+00  0.000000e+00 -1.000000e+00
   outer loop
     vertex  1.155114e+01  3.251343e+00  0.000000e+00
     vertex  1.163599e+01  2.933225e+00  0.000000e+00
     vertex  1.192780e+01  1.314357e+00  0.000000e+00
   endloop
 endfacet
 facet normal  0.000000e+00  0.000000e+00 -1.000000e+00
   outer loop
     vertex  1.145759e+01  3.567014e+00  0.000000e+00
     vertex  1.155114e+01  3.251343e+00  0.000000e+00
     vertex  1.192780e+01  1.314357e+00  0.000000e+00
   endloop
 endfacet
 facet normal  0.000000e+00  0.000000e+00 -1.000000e+00
   outer loop
     vertex  3.645521e+00  1.143286e+01  0.000000e+00
     vertex  2.047741e+00  1.182399e+01  0.000000e+00
     vertex  3.012971e+00  1.161559e+01  0.000000e+00
   endloop
 endfacet
 facet normal  0.000000e+00  0.000000e+00 -1.000000e+00
   outer loop
     vertex  3.645521e+00  1.143286e+01  0.000000e+00
     vertex  3.012971e+00  1.161559e+01  0.000000e+00
     vertex  3.330500e+00  1.152856e+01  0.000000e+00
   endloop
 endfacet
 facet normal  0.000000e+00  0.000000e+00 -1.000000e+00
   outer loop
     vertex  3.957799e+00  1.132854e+01  0.000000e+00
     vertex  2.047741e+00  1.182399e+01  0.000000e+00
     vertex  3.645521e+00  1.143286e+01  0.000000e+00
   endloop
 endfacet
 facet normal  0.000000e+00  0.000000e+00 -1.000000e+00
   outer loop
     vertex  1.124470e+01  4.190064e+00  0.000000e+00
     vertex  1.135542e+01  3.880000e+00  0.000000e+00
     vertex  1.145759e+01  3.567014e+00  0.000000e+00
   endloop
 endfacet
 facet normal  0.000000e+00  0.000000e+00 -1.000000e+00
   outer loop
     vertex  1.124470e+01  4.190064e+00  0.000000e+00
     vertex  1.145759e+01  3.567014e+00  0.000000e+00
     vertex  1.192780e+01  1.314357e+00  0.000000e+00
   endloop
 endfacet
 facet normal  0.000000e+00  0.000000e+00 -1.000000e+00
   outer loop
     vertex  4.267097e+00  1.121570e+01  0.000000e+00
     vertex  2.047741e+00  1.182399e+01  0.000000e+00
     vertex  3.957799e+00  1.132854e+01  0.000000e+00
   endloop
 endfacet
 facet normal  0.000000e+00  0.000000e+00 -1.000000e+00
   outer loop
     vertex  1.086213e+01  5.100412e+00  0.000000e+00
     vertex  1.099796e+01  4.800501e+00  0.000000e+00
     vertex  1.112552e+01  4.496975e+00  0.000000e+00
   endloop
 endfacet
 facet normal  0.000000e+00  0.000000e+00 -1.000000e+00
   outer loop
     vertex  5.174799e+00  1.082689e+01  0.000000e+00
     vertex  4.573183e+00  1.109441e+01  0.000000e+00
     vertex  4.875826e+00  1.096478e+01  0.000000e+00
   endloop
 endfacet
 facet normal  0.000000e+00  0.000000e+00 -1.000000e+00
   outer loop
     vertex  5.174799e+00  1.082689e+01  0.000000e+00
     vertex  4.267097e+00  1.121570e+01  0.000000e+00
     vertex  4.573183e+00  1.109441e+01  0.000000e+00
   endloop
 endfacet
 facet normal  0.000000e+00  0.000000e+00 -1.000000e+00
   outer loop
     vertex  1.071811e+01  5.396485e+00  0.000000e+00
     vertex  1.086213e+01  5.100412e+00  0.000000e+00
     vertex  1.112552e+01  4.496975e+00  0.000000e+00
   endloop
 endfacet
 facet normal  0.000000e+00  0.000000e+00 -1.000000e+00
   outer loop
     vertex  1.056603e+01  5.688495e+00  0.000000e+00
     vertex  1.071811e+01  5.396485e+00  0.000000e+00
     vertex  1.112552e+01  4.496975e+00  0.000000e+00
   endloop
 endfacet
 facet normal  0.000000e+00  0.000000e+00 -1.000000e+00
   outer loop
     vertex  5.760837e+00  1.052676e+01  0.000000e+00
     vertex  2.047741e+00  1.182399e+01  0.000000e+00
     vertex  4.267097e+00  1.121570e+01  0.000000e+00
   endloop
 endfacet
 facet normal  0.000000e+00  0.000000e+00 -1.000000e+00
   outer loop
     vertex  5.760837e+00  1.052676e+01  0.000000e+00
     vertex  4.267097e+00  1.121570e+01  0.000000e+00
     vertex  5.174799e+00  1.082689e+01  0.000000e+00
   endloop
 endfacet
 facet normal  0.000000e+00  0.000000e+00 -1.000000e+00
   outer loop
     vertex  5.760837e+00  1.052676e+01  0.000000e+00
     vertex  5.174799e+00  1.082689e+01  0.000000e+00
     vertex  5.469877e+00  1.068084e+01  0.000000e+00
   endloop
 endfacet
 facet normal  0.000000e+00  0.000000e+00 -1.000000e+00
   outer loop
     vertex  1.040600e+01  5.976223e+00  0.000000e+00
     vertex  1.112552e+01  4.496975e+00  0.000000e+00
     vertex  1.124470e+01  4.190064e+00  0.000000e+00
   endloop
 endfacet
 facet normal  0.000000e+00  0.000000e+00 -1.000000e+00
   outer loop
     vertex  1.040600e+01  5.976223e+00  0.000000e+00
     vertex  1.056603e+01  5.688495e+00  0.000000e+00
     vertex  1.112552e+01  4.496975e+00  0.000000e+00
   endloop
 endfacet
 facet normal  0.000000e+00  0.000000e+00 -1.000000e+00
   outer loop
     vertex  6.329531e+00  1.019495e+01  0.000000e+00
     vertex  5.760837e+00  1.052676e+01  0.000000e+00
     vertex  6.047460e+00  1.036476e+01  0.000000e+00
   endloop
 endfacet
 facet normal  0.000000e+00  0.000000e+00 -1.000000e+00
   outer loop
     vertex  6.329531e+00  1.019495e+01  0.000000e+00
     vertex  2.047741e+00  1.182399e+01  0.000000e+00
     vertex  5.760837e+00  1.052676e+01  0.000000e+00
   endloop
 endfacet
 facet normal  0.000000e+00  0.000000e+00 -1.000000e+00
   outer loop
     vertex  6.606838e+00  1.001747e+01  0.000000e+00
     vertex  2.047741e+00  1.182399e+01  0.000000e+00
     vertex  6.329531e+00  1.019495e+01  0.000000e+00
   endloop
 endfacet
 facet normal  0.000000e+00  0.000000e+00 -1.000000e+00
   outer loop
     vertex  9.879402e+00  6.811565e+00  0.000000e+00
     vertex  1.023813e+01  6.259452e+00  0.000000e+00
     vertex  1.040600e+01  5.976223e+00  0.000000e+00
   endloop
 endfacet
 facet normal  0.000000e+00  0.000000e+00 -1.000000e+00
   outer loop
     vertex  9.879402e+00  6.811565e+00  0.000000e+00
     vertex  1.006255e+01  6.537969e+00  0.000000e+00
     vertex  1.023813e+01  6.259452e+00  0.000000e+00
   endloop
 endfacet
 facet normal  0.000000e+00  0.000000e+00 -1.000000e+00
   outer loop
     vertex  6.879171e+00  9.832447e+00  0.000000e+00
     vertex  2.047741e+00  1.182399e+01  0.000000e+00
     vertex  6.606838e+00  1.001747e+01  0.000000e+00
   endloop
 endfacet
 facet normal  0.000000e+00  0.000000e+00 -1.000000e+00
   outer loop
     vertex  9.688815e+00  7.080033e+00  0.000000e+00
     vertex  1.040600e+01  5.976223e+00  0.000000e+00
     vertex  1.124470e+01  4.190064e+00  0.000000e+00
   endloop
 endfacet
 facet normal  0.000000e+00  0.000000e+00 -1.000000e+00
   outer loop
     vertex  9.688815e+00  7.080033e+00  0.000000e+00
     vertex  9.879402e+00  6.811565e+00  0.000000e+00
     vertex  1.040600e+01  5.976223e+00  0.000000e+00
   endloop
 endfacet
 facet normal  0.000000e+00  0.000000e+00 -1.000000e+00
   outer loop
     vertex  7.146325e+00  9.640022e+00  0.000000e+00
     vertex  2.047741e+00  1.182399e+01  0.000000e+00
     vertex  6.879171e+00  9.832447e+00  0.000000e+00
   endloop
 endfacet
 facet normal  0.000000e+00  0.000000e+00 -1.000000e+00
   outer loop
     vertex  9.490934e+00  7.343172e+00  0.000000e+00
     vertex  9.688815e+00  7.080033e+00  0.000000e+00
     vertex  1.124470e+01  4.190064e+00  0.000000e+00
   endloop
 endfacet
 facet normal  0.000000e+00  0.000000e+00 -1.000000e+00
   outer loop
     vertex  7.408101e+00  9.440341e+00  0.000000e+00
     vertex  2.047741e+00  1.182399e+01  0.000000e+00
     vertex  7.146325e+00  9.640022e+00  0.000000e+00
   endloop
 endfacet
 facet normal  0.000000e+00  0.000000e+00 -1.000000e+00
   outer loop
     vertex  9.073893e+00  7.852672e+00  0.000000e+00
     vertex  9.285909e+00  7.600783e+00  0.000000e+00
     vertex  9.490934e+00  7.343172e+00  0.000000e+00
   endloop
 endfacet
 facet normal  0.000000e+00  0.000000e+00 -1.000000e+00
   outer loop
     vertex  9.073893e+00  7.852672e+00  0.000000e+00
     vertex  9.490934e+00  7.343172e+00  0.000000e+00
     vertex  1.124470e+01  4.190064e+00  0.000000e+00
   endloop
 endfacet
 facet normal  0.000000e+00  0.000000e+00 -1.000000e+00
   outer loop
     vertex  7.914728e+00  9.019816e+00  0.000000e+00
     vertex  7.408101e+00  9.440341e+00  0.000000e+00
     vertex  7.664299e+00  9.233554e+00  0.000000e+00
   endloop
 endfacet
 facet normal  0.000000e+00  0.000000e+00 -1.000000e+00
   outer loop
     vertex  7.914728e+00  9.019816e+00  0.000000e+00
     vertex  2.047741e+00  1.182399e+01  0.000000e+00
     vertex  7.408101e+00  9.440341e+00  0.000000e+00
   endloop
 endfacet
 facet normal  0.000000e+00  0.000000e+00 -1.000000e+00
   outer loop
     vertex  8.629536e+00  8.338532e+00  0.000000e+00
     vertex  8.855048e+00  8.098650e+00  0.000000e+00
     vertex  9.073893e+00  7.852672e+00  0.000000e+00
   endloop
 endfacet
 facet normal  0.000000e+00  0.000000e+00 -1.000000e+00
   outer loop
     vertex  8.629536e+00  8.338532e+00  0.000000e+00
     vertex  9.073893e+00  7.852672e+00  0.000000e+00
     vertex  1.124470e+01  4.190064e+00  0.000000e+00
   endloop
 endfacet
 facet normal  0.000000e+00 -0.000000e+00 -1.000000e+00
   outer loop
     vertex  8.397528e+00  8.572136e+00  0.000000e+00
     vertex  1.163599e+01 -2.933225e+00  0.000000e+00
     vertex -9.389305e+00  7.472681e+00  0.000000e+00
   endloop
 endfacet
 facet normal  0.000000e+00  0.000000e+00 -1.000000e+00
   outer loop
     vertex  8.397528e+00  8.572136e+00  0.000000e+00
     vertex  1.124470e+01  4.190064e+00  0.000000e+00
     vertex  1.192780e+01  1.314357e+00  0.000000e+00
   endloop
 endfacet
 facet normal -0.000000e+00  0.000000e+00 -1.000000e+00
   outer loop
     vertex  8.397528e+00  8.572136e+00  0.000000e+00
     vertex -9.389305e+00  7.472681e+00  0.000000e+00
     vertex -3.172034e+00  1.157317e+01  0.000000e+00
   endloop
 endfacet
 facet normal  0.000000e+00  0.000000e+00 -1.000000e+00
   outer loop
     vertex  8.397528e+00  8.572136e+00  0.000000e+00
     vertex  7.914728e+00  9.019816e+00  0.000000e+00
     vertex  8.159199e+00  8.799288e+00  0.000000e+00
   endloop
 endfacet
 facet normal  0.000000e+00  0.000000e+00 -1.000000e+00
   outer loop
     vertex  8.397528e+00  8.572136e+00  0.000000e+00
     vertex  2.047741e+00  1.182399e+01  0.000000e+00
     vertex  7.914728e+00  9.019816e+00  0.000000e+00
   endloop
 endfacet
 facet normal  0.000000e+00  0.000000e+00 -1.000000e+00
   outer loop
     vertex  8.397528e+00  8.572136e+00  0.000000e+00
     vertex  8.629536e+00  8.338532e+00  0.000000e+00
     vertex  1.124470e+01  4.190064e+00  0.000000e+00
   endloop
 endfacet
 facet normal  0.000000e+00  0.000000e+00 -1.000000e+00
   outer loop
     vertex  8.397528e+00  8.572136e+00  0.000000e+00
     vertex -3.172034e+00  1.157317e+01  0.000000e+00
     vertex  2.047741e+00  1.182399e+01  0.000000e+00
   endloop
 endfacet
 facet normal  0.000000e+00  0.000000e+00 -1.000000e+00
   outer loop
     vertex  8.397528e+00  8.572136e+00  0.000000e+00
     vertex  1.192780e+01  1.314357e+00  0.000000e+00
     vertex  1.163599e+01 -2.933225e+00  0.000000e+00
   endloop
 endfacet
endsolid
