solid 
 facet normal -1.000000e+00  0.000000e+00  0.000000e+00
   outer loop
     vertex -1.500000e+01 -3.500000e+01  3.000000e+00
     vertex -1.500000e+01  3.500000e+01  0.000000e+00
     vertex -1.500000e+01 -3.500000e+01  0.000000e+00
   endloop
 endfacet
 facet normal -1.000000e+00  0.000000e+00  0.000000e+00
   outer loop
     vertex -1.500000e+01 -3.500000e+01  3.000000e+00
     vertex -1.500000e+01  3.500000e+01  3.000000e+00
     vertex -1.500000e+01  3.500000e+01  0.000000e+00
   endloop
 endfacet
 facet normal  0.000000e+00 -1.000000e+00  0.000000e+00
   outer loop
     vertex  1.500000e+01 -3.500000e+01  0.000000e+00
     vertex -1.500000e+01 -3.500000e+01  3.000000e+00
     vertex -1.500000e+01 -3.500000e+01  0.000000e+00
   endloop
 endfacet
 facet normal -0.000000e+00 -1.000000e+00 -0.000000e+00
   outer loop
     vertex  1.500000e+01 -3.500000e+01  3.000000e+00
     vertex -1.500000e+01 -3.500000e+01  3.000000e+00
     vertex  1.500000e+01 -3.500000e+01  0.000000e+00
   endloop
 endfacet
 facet normal  0.000000e+00  0.000000e+00  1.000000e+00
   outer loop
     vertex -1.341475e+01 -9.533571e+00  3.000000e+00
     vertex -1.348335e+01 -9.466371e+00  3.000000e+00
     vertex -1.500000e+01 -3.500000e+01  3.000000e+00
   endloop
 endfacet
 facet normal  0.000000e+00  0.000000e+00  1.000000e+00
   outer loop
     vertex -1.355008e+01 -9.397315e+00  3.000000e+00
     vertex -1.500000e+01 -3.500000e+01  3.000000e+00
     vertex -1.348335e+01 -9.466371e+00  3.000000e+00
   endloop
 endfacet
 facet normal  0.000000e+00  0.000000e+00  1.000000e+00
   outer loop
     vertex -1.334433e+01 -9.598864e+00  3.000000e+00
     vertex -1.341475e+01 -9.533571e+00  3.000000e+00
     vertex -1.500000e+01 -3.500000e+01  3.000000e+00
   endloop
 endfacet
 facet normal  0.000000e+00  0.000000e+00  1.000000e+00
   outer loop
     vertex -1.361488e+01 -9.326453e+00  3.000000e+00
     vertex -1.500000e+01 -3.500000e+01  3.000000e+00
     vertex -1.355008e+01 -9.397315e+00  3.000000e+00
   endloop
 endfacet
 facet normal  0.000000e+00  0.000000e+00  1.000000e+00
   outer loop
     vertex -1.327216e+01 -9.662200e+00  3.000000e+00
     vertex -1.334433e+01 -9.598864e+00  3.000000e+00
     vertex -1.500000e+01 -3.500000e+01  3.000000e+00
   endloop
 endfacet
 facet normal  0.000000e+00  0.000000e+00  1.000000e+00
   outer loop
     vertex -1.367772e+01 -9.253841e+00  3.000000e+00
     vertex -1.500000e+01 -3.500000e+01  3.000000e+00
     vertex -1.361488e+01 -9.326453e+00  3.000000e+00
   endloop
 endfacet
 facet normal  0.000000e+00  0.000000e+00  1.000000e+00
   outer loop
     vertex -1.319827e+01 -9.723533e+00  3.000000e+00
     vertex -1.327216e+01 -9.662200e+00  3.000000e+00
     vertex -1.500000e+01 -3.500000e+01  3.000000e+00
   endloop
 endfacet
 facet normal  0.000000e+00  0.000000e+00  1.000000e+00
   outer loop
     vertex -1.373855e+01 -9.179532e+00  3.000000e+00
     vertex -1.500000e+01 -3.500000e+01  3.000000e+00
     vertex -1.367772e+01 -9.253841e+00  3.000000e+00
   endloop
 endfacet
 facet normal  0.000000e+00  0.000000e+00  1.000000e+00
   outer loop
     vertex -1.312272e+01 -9.782815e+00  3.000000e+00
     vertex -1.319827e+01 -9.723533e+00  3.000000e+00
     vertex -1.500000e+01 -3.500000e+01  3.000000e+00
   endloop
 endfacet
 facet normal  0.000000e+00  0.000000e+00  1.000000e+00
   outer loop
     vertex -1.379731e+01 -9.103582e+00  3.000000e+00
     vertex -1.500000e+01 -3.500000e+01  3.000000e+00
     vertex -1.373855e+01 -9.179532e+00  3.000000e+00
   endloop
 endfacet
 facet normal  0.000000e+00  0.000000e+00  1.000000e+00
   outer loop
     vertex -1.304558e+01 -9.840002e+00  3.000000e+00
     vertex -1.312272e+01 -9.782815e+00  3.000000e+00
     vertex -1.500000e+01 -3.500000e+01  3.000000e+00
   endloop
 endfacet
 facet normal  0.000000e+00  0.000000e+00  1.000000e+00
   outer loop
     vertex -1.385397e+01 -9.026049e+00  3.000000e+00
     vertex -1.500000e+01 -3.500000e+01  3.000000e+00
     vertex -1.379731e+01 -9.103582e+00  3.000000e+00
   endloop
 endfacet
 facet normal  0.000000e+00  0.000000e+00  1.000000e+00
   outer loop
     vertex -1.296689e+01 -9.895052e+00  3.000000e+00
     vertex -1.304558e+01 -9.840002e+00  3.000000e+00
     vertex -1.500000e+01 -3.500000e+01  3.000000e+00
   endloop
 endfacet
 facet normal  0.000000e+00  0.000000e+00  1.000000e+00
   outer loop
     vertex -1.390848e+01 -8.946990e+00  3.000000e+00
     vertex -1.500000e+01 -3.500000e+01  3.000000e+00
     vertex -1.385397e+01 -9.026049e+00  3.000000e+00
   endloop
 endfacet
 facet normal  0.000000e+00  0.000000e+00  1.000000e+00
   outer loop
     vertex -1.288673e+01 -9.947922e+00  3.000000e+00
     vertex -1.296689e+01 -9.895052e+00  3.000000e+00
     vertex -1.500000e+01 -3.500000e+01  3.000000e+00
   endloop
 endfacet
 facet normal  0.000000e+00  0.000000e+00  1.000000e+00
   outer loop
     vertex -1.396079e+01 -8.866466e+00  3.000000e+00
     vertex -1.500000e+01 -3.500000e+01  3.000000e+00
     vertex -1.390848e+01 -8.946990e+00  3.000000e+00
   endloop
 endfacet
 facet normal  0.000000e+00  0.000000e+00  1.000000e+00
   outer loop
     vertex -1.280515e+01 -9.998573e+00  3.000000e+00
     vertex -1.288673e+01 -9.947922e+00  3.000000e+00
     vertex -1.500000e+01 -3.500000e+01  3.000000e+00
   endloop
 endfacet
 facet normal  0.000000e+00  0.000000e+00  1.000000e+00
   outer loop
     vertex -1.401088e+01 -8.784537e+00  3.000000e+00
     vertex -1.500000e+01 -3.500000e+01  3.000000e+00
     vertex -1.396079e+01 -8.866466e+00  3.000000e+00
   endloop
 endfacet
 facet normal  0.000000e+00  0.000000e+00  1.000000e+00
   outer loop
     vertex -1.272221e+01 -1.004697e+01  3.000000e+00
     vertex -1.280515e+01 -9.998573e+00  3.000000e+00
     vertex -1.500000e+01 -3.500000e+01  3.000000e+00
   endloop
 endfacet
 facet normal  0.000000e+00  0.000000e+00  1.000000e+00
   outer loop
     vertex -1.405871e+01 -8.701265e+00  3.000000e+00
     vertex -1.500000e+01 -3.500000e+01  3.000000e+00
     vertex -1.401088e+01 -8.784537e+00  3.000000e+00
   endloop
 endfacet
 facet normal  0.000000e+00  0.000000e+00  1.000000e+00
   outer loop
     vertex -1.263797e+01 -1.009307e+01  3.000000e+00
     vertex -1.272221e+01 -1.004697e+01  3.000000e+00
     vertex -1.500000e+01 -3.500000e+01  3.000000e+00
   endloop
 endfacet
 facet normal  0.000000e+00  0.000000e+00  1.000000e+00
   outer loop
     vertex -1.410423e+01 -8.616712e+00  3.000000e+00
     vertex -1.500000e+01 -3.500000e+01  3.000000e+00
     vertex -1.405871e+01 -8.701265e+00  3.000000e+00
   endloop
 endfacet
 facet normal  0.000000e+00  0.000000e+00  1.000000e+00
   outer loop
     vertex -1.255249e+01 -1.013684e+01  3.000000e+00
     vertex -1.263797e+01 -1.009307e+01  3.000000e+00
     vertex -1.500000e+01 -3.500000e+01  3.000000e+00
   endloop
 endfacet
 facet normal  0.000000e+00  0.000000e+00  1.000000e+00
   outer loop
     vertex -1.414741e+01 -8.530942e+00  3.000000e+00
     vertex -1.500000e+01 -3.500000e+01  3.000000e+00
     vertex -1.410423e+01 -8.616712e+00  3.000000e+00
   endloop
 endfacet
 facet normal  0.000000e+00  0.000000e+00  1.000000e+00
   outer loop
     vertex -1.246585e+01 -1.017825e+01  3.000000e+00
     vertex -1.255249e+01 -1.013684e+01  3.000000e+00
     vertex -1.500000e+01 -3.500000e+01  3.000000e+00
   endloop
 endfacet
 facet normal  0.000000e+00  0.000000e+00  1.000000e+00
   outer loop
     vertex -1.418823e+01 -8.444019e+00  3.000000e+00
     vertex -1.500000e+01 -3.500000e+01  3.000000e+00
     vertex -1.414741e+01 -8.530942e+00  3.000000e+00
   endloop
 endfacet
 facet normal  0.000000e+00  0.000000e+00  1.000000e+00
   outer loop
     vertex -1.237811e+01 -1.021727e+01  3.000000e+00
     vertex -1.246585e+01 -1.017825e+01  3.000000e+00
     vertex -1.500000e+01 -3.500000e+01  3.000000e+00
   endloop
 endfacet
 facet normal  0.000000e+00  0.000000e+00  1.000000e+00
   outer loop
     vertex -1.422665e+01 -8.356009e+00  3.000000e+00
     vertex -1.500000e+01 -3.500000e+01  3.000000e+00
     vertex -1.418823e+01 -8.444019e+00  3.000000e+00
   endloop
 endfacet
 facet normal  0.000000e+00  0.000000e+00  1.000000e+00
   outer loop
     vertex -1.228933e+01 -1.025386e+01  3.000000e+00
     vertex -1.237811e+01 -1.021727e+01  3.000000e+00
     vertex -1.500000e+01 -3.500000e+01  3.000000e+00
   endloop
 endfacet
 facet normal  0.000000e+00  0.000000e+00  1.000000e+00
   outer loop
     vertex -1.426263e+01 -8.266979e+00  3.000000e+00
     vertex -1.500000e+01 -3.500000e+01  3.000000e+00
     vertex -1.422665e+01 -8.356009e+00  3.000000e+00
   endloop
 endfacet
 facet normal  0.000000e+00  0.000000e+00  1.000000e+00
   outer loop
     vertex -1.219958e+01 -1.028801e+01  3.000000e+00
     vertex -1.228933e+01 -1.025386e+01  3.000000e+00
     vertex -1.500000e+01 -3.500000e+01  3.000000e+00
   endloop
 endfacet
 facet normal  0.000000e+00  0.000000e+00  1.000000e+00
   outer loop
     vertex -1.429616e+01 -8.176995e+00  3.000000e+00
     vertex -1.500000e+01 -3.500000e+01  3.000000e+00
     vertex -1.426263e+01 -8.266979e+00  3.000000e+00
   endloop
 endfacet
 facet normal  0.000000e+00  0.000000e+00  1.000000e+00
   outer loop
     vertex -1.210892e+01 -1.031968e+01  3.000000e+00
     vertex -1.219958e+01 -1.028801e+01  3.000000e+00
     vertex -1.500000e+01 -3.500000e+01  3.000000e+00
   endloop
 endfacet
 facet normal  0.000000e+00  0.000000e+00  1.000000e+00
   outer loop
     vertex -1.432721e+01 -8.086125e+00  3.000000e+00
     vertex -1.500000e+01 -3.500000e+01  3.000000e+00
     vertex -1.429616e+01 -8.176995e+00  3.000000e+00
   endloop
 endfacet
 facet normal  0.000000e+00  0.000000e+00  1.000000e+00
   outer loop
     vertex -1.201743e+01 -1.034886e+01  3.000000e+00
     vertex -1.210892e+01 -1.031968e+01  3.000000e+00
     vertex -1.500000e+01 -3.500000e+01  3.000000e+00
   endloop
 endfacet
 facet normal  0.000000e+00  0.000000e+00  1.000000e+00
   outer loop
     vertex -1.435576e+01 -7.994437e+00  3.000000e+00
     vertex -1.500000e+01 -3.500000e+01  3.000000e+00
     vertex -1.432721e+01 -8.086125e+00  3.000000e+00
   endloop
 endfacet
 facet normal  0.000000e+00  0.000000e+00  1.000000e+00
   outer loop
     vertex -1.192518e+01 -1.037551e+01  3.000000e+00
     vertex -1.201743e+01 -1.034886e+01  3.000000e+00
     vertex -1.500000e+01 -3.500000e+01  3.000000e+00
   endloop
 endfacet
 facet normal  0.000000e+00  0.000000e+00  1.000000e+00
   outer loop
     vertex -1.438177e+01 -7.902001e+00  3.000000e+00
     vertex -1.500000e+01 -3.500000e+01  3.000000e+00
     vertex -1.435576e+01 -7.994437e+00  3.000000e+00
   endloop
 endfacet
 facet normal  0.000000e+00  0.000000e+00  1.000000e+00
   outer loop
     vertex -1.183222e+01 -1.039962e+01  3.000000e+00
     vertex -1.192518e+01 -1.037551e+01  3.000000e+00
     vertex -1.500000e+01 -3.500000e+01  3.000000e+00
   endloop
 endfacet
 facet normal  0.000000e+00  0.000000e+00  1.000000e+00
   outer loop
     vertex -1.440525e+01 -7.808886e+00  3.000000e+00
     vertex -1.500000e+01 -3.500000e+01  3.000000e+00
     vertex -1.438177e+01 -7.902001e+00  3.000000e+00
   endloop
 endfacet
 facet normal  0.000000e+00  0.000000e+00  1.000000e+00
   outer loop
     vertex -1.173865e+01 -1.042117e+01  3.000000e+00
     vertex -1.183222e+01 -1.039962e+01  3.000000e+00
     vertex -1.500000e+01 -3.500000e+01  3.000000e+00
   endloop
 endfacet
 facet normal  0.000000e+00  0.000000e+00  1.000000e+00
   outer loop
     vertex -1.442616e+01 -7.715162e+00  3.000000e+00
     vertex -1.500000e+01 -3.500000e+01  3.000000e+00
     vertex -1.440525e+01 -7.808886e+00  3.000000e+00
   endloop
 endfacet
 facet normal  0.000000e+00  0.000000e+00  1.000000e+00
   outer loop
     vertex -1.164451e+01 -1.044015e+01  3.000000e+00
     vertex -1.173865e+01 -1.042117e+01  3.000000e+00
     vertex -1.500000e+01 -3.500000e+01  3.000000e+00
   endloop
 endfacet
 facet normal  0.000000e+00  0.000000e+00  1.000000e+00
   outer loop
     vertex -1.154989e+01 -1.045653e+01  3.000000e+00
     vertex -1.164451e+01 -1.044015e+01  3.000000e+00
     vertex -1.500000e+01 -3.500000e+01  3.000000e+00
   endloop
 endfacet
 facet normal  0.000000e+00  0.000000e+00  1.000000e+00
   outer loop
     vertex -1.145486e+01 -1.047032e+01  3.000000e+00
     vertex -1.154989e+01 -1.045653e+01  3.000000e+00
     vertex -1.500000e+01 -3.500000e+01  3.000000e+00
   endloop
 endfacet
 facet normal  0.000000e+00  0.000000e+00  1.000000e+00
   outer loop
     vertex -1.135948e+01 -1.048149e+01  3.000000e+00
     vertex -1.145486e+01 -1.047032e+01  3.000000e+00
     vertex -1.500000e+01 -3.500000e+01  3.000000e+00
   endloop
 endfacet
 facet normal  0.000000e+00  0.000000e+00  1.000000e+00
   outer loop
     vertex -1.126384e+01 -1.049004e+01  3.000000e+00
     vertex -1.135948e+01 -1.048149e+01  3.000000e+00
     vertex -1.500000e+01 -3.500000e+01  3.000000e+00
   endloop
 endfacet
 facet normal  0.000000e+00  0.000000e+00  1.000000e+00
   outer loop
     vertex -1.116799e+01 -1.049597e+01  3.000000e+00
     vertex -1.126384e+01 -1.049004e+01  3.000000e+00
     vertex -1.500000e+01 -3.500000e+01  3.000000e+00
   endloop
 endfacet
 facet normal  0.000000e+00  0.000000e+00  1.000000e+00
   outer loop
     vertex -1.107202e+01 -1.049926e+01  3.000000e+00
     vertex -1.116799e+01 -1.049597e+01  3.000000e+00
     vertex -1.500000e+01 -3.500000e+01  3.000000e+00
   endloop
 endfacet
 facet normal  0.000000e+00  0.000000e+00  1.000000e+00
   outer loop
     vertex -1.097599e+01 -1.049992e+01  3.000000e+00
     vertex -1.107202e+01 -1.049926e+01  3.000000e+00
     vertex -1.500000e+01 -3.500000e+01  3.000000e+00
   endloop
 endfacet
 facet normal  0.000000e+00  0.000000e+00  1.000000e+00
   outer loop
     vertex -1.087998e+01 -1.049794e+01  3.000000e+00
     vertex -1.097599e+01 -1.049992e+01  3.000000e+00
     vertex -1.500000e+01 -3.500000e+01  3.000000e+00
   endloop
 endfacet
 facet normal  0.000000e+00  0.000000e+00  1.000000e+00
   outer loop
     vertex -1.078407e+01 -1.049333e+01  3.000000e+00
     vertex -1.087998e+01 -1.049794e+01  3.000000e+00
     vertex -1.500000e+01 -3.500000e+01  3.000000e+00
   endloop
 endfacet
 facet normal  0.000000e+00  0.000000e+00  1.000000e+00
   outer loop
     vertex -1.068831e+01 -1.048609e+01  3.000000e+00
     vertex -1.078407e+01 -1.049333e+01  3.000000e+00
     vertex -1.500000e+01 -3.500000e+01  3.000000e+00
   endloop
 endfacet
 facet normal  0.000000e+00  0.000000e+00  1.000000e+00
   outer loop
     vertex -1.059279e+01 -1.047623e+01  3.000000e+00
     vertex -1.068831e+01 -1.048609e+01  3.000000e+00
     vertex -1.500000e+01 -3.500000e+01  3.000000e+00
   endloop
 endfacet
 facet normal  0.000000e+00  0.000000e+00  1.000000e+00
   outer loop
     vertex -1.049758e+01 -1.046375e+01  3.000000e+00
     vertex -1.059279e+01 -1.047623e+01  3.000000e+00
     vertex -1.500000e+01 -3.500000e+01  3.000000e+00
   endloop
 endfacet
 facet normal  0.000000e+00  0.000000e+00  1.000000e+00
   outer loop
     vertex -1.040274e+01 -1.044866e+01  3.000000e+00
     vertex -1.049758e+01 -1.046375e+01  3.000000e+00
     vertex -1.500000e+01 -3.500000e+01  3.000000e+00
   endloop
 endfacet
 facet normal  0.000000e+00  0.000000e+00  1.000000e+00
   outer loop
     vertex -1.030836e+01 -1.043098e+01  3.000000e+00
     vertex -1.040274e+01 -1.044866e+01  3.000000e+00
     vertex -1.500000e+01 -3.500000e+01  3.000000e+00
   endloop
 endfacet
 facet normal  0.000000e+00  0.000000e+00  1.000000e+00
   outer loop
     vertex -1.021449e+01 -1.041071e+01  3.000000e+00
     vertex -1.030836e+01 -1.043098e+01  3.000000e+00
     vertex -1.500000e+01 -3.500000e+01  3.000000e+00
   endloop
 endfacet
 facet normal  0.000000e+00  0.000000e+00  1.000000e+00
   outer loop
     vertex -1.012122e+01 -1.038788e+01  3.000000e+00
     vertex -1.021449e+01 -1.041071e+01  3.000000e+00
     vertex -1.500000e+01 -3.500000e+01  3.000000e+00
   endloop
 endfacet
 facet normal  0.000000e+00  0.000000e+00  1.000000e+00
   outer loop
     vertex -1.002860e+01 -1.036250e+01  3.000000e+00
     vertex -1.012122e+01 -1.038788e+01  3.000000e+00
     vertex -1.500000e+01 -3.500000e+01  3.000000e+00
   endloop
 endfacet
 facet normal  0.000000e+00  0.000000e+00  1.000000e+00
   outer loop
     vertex -9.936723e+00 -1.033458e+01  3.000000e+00
     vertex -1.002860e+01 -1.036250e+01  3.000000e+00
     vertex -1.500000e+01 -3.500000e+01  3.000000e+00
   endloop
 endfacet
 facet normal  0.000000e+00  0.000000e+00  1.000000e+00
   outer loop
     vertex -9.845642e+00 -1.030416e+01  3.000000e+00
     vertex -9.936723e+00 -1.033458e+01  3.000000e+00
     vertex -1.500000e+01 -3.500000e+01  3.000000e+00
   endloop
 endfacet
 facet normal  0.000000e+00  0.000000e+00  1.000000e+00
   outer loop
     vertex -9.755430e+00 -1.027125e+01  3.000000e+00
     vertex -9.845642e+00 -1.030416e+01  3.000000e+00
     vertex -1.500000e+01 -3.500000e+01  3.000000e+00
   endloop
 endfacet
 facet normal  0.000000e+00  0.000000e+00  1.000000e+00
   outer loop
     vertex -9.666155e+00 -1.023587e+01  3.000000e+00
     vertex -9.755430e+00 -1.027125e+01  3.000000e+00
     vertex -1.500000e+01 -3.500000e+01  3.000000e+00
   endloop
 endfacet
 facet normal  0.000000e+00  0.000000e+00  1.000000e+00
   outer loop
     vertex -9.577884e+00 -1.019806e+01  3.000000e+00
     vertex -9.666155e+00 -1.023587e+01  3.000000e+00
     vertex -1.500000e+01 -3.500000e+01  3.000000e+00
   endloop
 endfacet
 facet normal  0.000000e+00  0.000000e+00  1.000000e+00
   outer loop
     vertex -9.490684e+00 -1.015784e+01  3.000000e+00
     vertex -9.577884e+00 -1.019806e+01  3.000000e+00
     vertex -1.500000e+01 -3.500000e+01  3.000000e+00
   endloop
 endfacet
 facet normal  0.000000e+00  0.000000e+00  1.000000e+00
   outer loop
     vertex -9.404619e+00 -1.011525e+01  3.000000e+00
     vertex -9.490684e+00 -1.015784e+01  3.000000e+00
     vertex -1.500000e+01 -3.500000e+01  3.000000e+00
   endloop
 endfacet
 facet normal  0.000000e+00  0.000000e+00  1.000000e+00
   outer loop
     vertex -9.319756e+00 -1.007031e+01  3.000000e+00
     vertex -9.404619e+00 -1.011525e+01  3.000000e+00
     vertex -1.500000e+01 -3.500000e+01  3.000000e+00
   endloop
 endfacet
 facet normal  0.000000e+00  0.000000e+00  1.000000e+00
   outer loop
     vertex -9.236157e+00 -1.002305e+01  3.000000e+00
     vertex -1.500000e+01 -3.500000e+01  3.000000e+00
     vertex  1.500000e+01 -3.500000e+01  3.000000e+00
   endloop
 endfacet
 facet normal  0.000000e+00  0.000000e+00  1.000000e+00
   outer loop
     vertex -9.236157e+00 -1.002305e+01  3.000000e+00
     vertex -9.319756e+00 -1.007031e+01  3.000000e+00
     vertex -1.500000e+01 -3.500000e+01  3.000000e+00
   endloop
 endfacet
 facet normal  0.000000e+00  0.000000e+00  1.000000e+00
   outer loop
     vertex -9.153887e+00 -9.973527e+00  3.000000e+00
     vertex -9.236157e+00 -1.002305e+01  3.000000e+00
     vertex  1.500000e+01 -3.500000e+01  3.000000e+00
   endloop
 endfacet
 facet normal  0.000000e+00  0.000000e+00  1.000000e+00
   outer loop
     vertex -9.073006e+00 -9.921762e+00  3.000000e+00
     vertex -9.153887e+00 -9.973527e+00  3.000000e+00
     vertex  1.500000e+01 -3.500000e+01  3.000000e+00
   endloop
 endfacet
 facet normal  0.000000e+00  0.000000e+00  1.000000e+00
   outer loop
     vertex -8.993575e+00 -9.867797e+00  3.000000e+00
     vertex -9.073006e+00 -9.921762e+00  3.000000e+00
     vertex  1.500000e+01 -3.500000e+01  3.000000e+00
   endloop
 endfacet
 facet normal  0.000000e+00  0.000000e+00  1.000000e+00
   outer loop
     vertex -8.915655e+00 -9.811673e+00  3.000000e+00
     vertex -8.993575e+00 -9.867797e+00  3.000000e+00
     vertex  1.500000e+01 -3.500000e+01  3.000000e+00
   endloop
 endfacet
 facet normal  0.000000e+00  0.000000e+00  1.000000e+00
   outer loop
     vertex -8.839304e+00 -9.753433e+00  3.000000e+00
     vertex -8.915655e+00 -9.811673e+00  3.000000e+00
     vertex  1.500000e+01 -3.500000e+01  3.000000e+00
   endloop
 endfacet
 facet normal  0.000000e+00  0.000000e+00  1.000000e+00
   outer loop
     vertex -8.764579e+00 -9.693120e+00  3.000000e+00
     vertex -8.839304e+00 -9.753433e+00  3.000000e+00
     vertex  1.500000e+01 -3.500000e+01  3.000000e+00
   endloop
 endfacet
 facet normal  0.000000e+00  0.000000e+00  1.000000e+00
   outer loop
     vertex -8.691538e+00 -9.630780e+00  3.000000e+00
     vertex -8.764579e+00 -9.693120e+00  3.000000e+00
     vertex  1.500000e+01 -3.500000e+01  3.000000e+00
   endloop
 endfacet
 facet normal  0.000000e+00  0.000000e+00  1.000000e+00
   outer loop
     vertex -8.620234e+00 -9.566459e+00  3.000000e+00
     vertex -8.691538e+00 -9.630780e+00  3.000000e+00
     vertex  1.500000e+01 -3.500000e+01  3.000000e+00
   endloop
 endfacet
 facet normal  0.000000e+00  0.000000e+00  1.000000e+00
   outer loop
     vertex -8.550721e+00 -9.500206e+00  3.000000e+00
     vertex -8.620234e+00 -9.566459e+00  3.000000e+00
     vertex  1.500000e+01 -3.500000e+01  3.000000e+00
   endloop
 endfacet
 facet normal  0.000000e+00  0.000000e+00  1.000000e+00
   outer loop
     vertex -8.483052e+00 -9.432072e+00  3.000000e+00
     vertex -8.550721e+00 -9.500206e+00  3.000000e+00
     vertex  1.500000e+01 -3.500000e+01  3.000000e+00
   endloop
 endfacet
 facet normal  0.000000e+00  0.000000e+00  1.000000e+00
   outer loop
     vertex -8.417278e+00 -9.362106e+00  3.000000e+00
     vertex -8.483052e+00 -9.432072e+00  3.000000e+00
     vertex  1.500000e+01 -3.500000e+01  3.000000e+00
   endloop
 endfacet
 facet normal  0.000000e+00  0.000000e+00  1.000000e+00
   outer loop
     vertex -8.353448e+00 -9.290363e+00  3.000000e+00
     vertex -8.417278e+00 -9.362106e+00  3.000000e+00
     vertex  1.500000e+01 -3.500000e+01  3.000000e+00
   endloop
 endfacet
 facet normal  0.000000e+00  0.000000e+00  1.000000e+00
   outer loop
     vertex -8.291610e+00 -9.216895e+00  3.000000e+00
     vertex -8.353448e+00 -9.290363e+00  3.000000e+00
     vertex  1.500000e+01 -3.500000e+01  3.000000e+00
   endloop
 endfacet
 facet normal  0.000000e+00  0.000000e+00  1.000000e+00
   outer loop
     vertex -8.231811e+00 -9.141758e+00  3.000000e+00
     vertex -8.291610e+00 -9.216895e+00  3.000000e+00
     vertex  1.500000e+01 -3.500000e+01  3.000000e+00
   endloop
 endfacet
 facet normal  0.000000e+00  0.000000e+00  1.000000e+00
   outer loop
     vertex -8.174096e+00 -9.065010e+00  3.000000e+00
     vertex -8.231811e+00 -9.141758e+00  3.000000e+00
     vertex  1.500000e+01 -3.500000e+01  3.000000e+00
   endloop
 endfacet
 facet normal  0.000000e+00  0.000000e+00  1.000000e+00
   outer loop
     vertex -8.118508e+00 -8.986706e+00  3.000000e+00
     vertex -8.174096e+00 -9.065010e+00  3.000000e+00
     vertex  1.500000e+01 -3.500000e+01  3.000000e+00
   endloop
 endfacet
 facet normal  0.000000e+00  0.000000e+00  1.000000e+00
   outer loop
     vertex -8.065089e+00 -8.906908e+00  3.000000e+00
     vertex -8.118508e+00 -8.986706e+00  3.000000e+00
     vertex  1.500000e+01 -3.500000e+01  3.000000e+00
   endloop
 endfacet
 facet normal  0.000000e+00  0.000000e+00  1.000000e+00
   outer loop
     vertex -8.013879e+00 -8.825674e+00  3.000000e+00
     vertex -8.065089e+00 -8.906908e+00  3.000000e+00
     vertex  1.500000e+01 -3.500000e+01  3.000000e+00
   endloop
 endfacet
 facet normal  0.000000e+00  0.000000e+00  1.000000e+00
   outer loop
     vertex -7.964918e+00 -8.743065e+00  3.000000e+00
     vertex -8.013879e+00 -8.825674e+00  3.000000e+00
     vertex  1.500000e+01 -3.500000e+01  3.000000e+00
   endloop
 endfacet
 facet normal  0.000000e+00  0.000000e+00  1.000000e+00
   outer loop
     vertex -7.918241e+00 -8.659144e+00  3.000000e+00
     vertex -7.964918e+00 -8.743065e+00  3.000000e+00
     vertex  1.500000e+01 -3.500000e+01  3.000000e+00
   endloop
 endfacet
 facet normal  0.000000e+00  0.000000e+00  1.000000e+00
   outer loop
     vertex -7.873884e+00 -8.573975e+00  3.000000e+00
     vertex -7.918241e+00 -8.659144e+00  3.000000e+00
     vertex  1.500000e+01 -3.500000e+01  3.000000e+00
   endloop
 endfacet
 facet normal  0.000000e+00  0.000000e+00  1.000000e+00
   outer loop
     vertex -7.831880e+00 -8.487620e+00  3.000000e+00
     vertex -7.873884e+00 -8.573975e+00  3.000000e+00
     vertex  1.500000e+01 -3.500000e+01  3.000000e+00
   endloop
 endfacet
 facet normal  0.000000e+00  0.000000e+00  1.000000e+00
   outer loop
     vertex -7.792261e+00 -8.400146e+00  3.000000e+00
     vertex -7.831880e+00 -8.487620e+00  3.000000e+00
     vertex  1.500000e+01 -3.500000e+01  3.000000e+00
   endloop
 endfacet
 facet normal  0.000000e+00  0.000000e+00  1.000000e+00
   outer loop
     vertex -7.755056e+00 -8.311618e+00  3.000000e+00
     vertex -7.792261e+00 -8.400146e+00  3.000000e+00
     vertex  1.500000e+01 -3.500000e+01  3.000000e+00
   endloop
 endfacet
 facet normal  0.000000e+00  0.000000e+00  1.000000e+00
   outer loop
     vertex -7.720295e+00 -8.222102e+00  3.000000e+00
     vertex -7.755056e+00 -8.311618e+00  3.000000e+00
     vertex  1.500000e+01 -3.500000e+01  3.000000e+00
   endloop
 endfacet
 facet normal  0.000000e+00  0.000000e+00  1.000000e+00
   outer loop
     vertex -7.688002e+00 -8.131667e+00  3.000000e+00
     vertex -7.720295e+00 -8.222102e+00  3.000000e+00
     vertex  1.500000e+01 -3.500000e+01  3.000000e+00
   endloop
 endfacet
 facet normal  0.000000e+00  0.000000e+00  1.000000e+00
   outer loop
     vertex -7.658202e+00 -8.040379e+00  3.000000e+00
     vertex -7.688002e+00 -8.131667e+00  3.000000e+00
     vertex  1.500000e+01 -3.500000e+01  3.000000e+00
   endloop
 endfacet
 facet normal  0.000000e+00  0.000000e+00  1.000000e+00
   outer loop
     vertex -7.630918e+00 -7.948308e+00  3.000000e+00
     vertex -7.658202e+00 -8.040379e+00  3.000000e+00
     vertex  1.500000e+01 -3.500000e+01  3.000000e+00
   endloop
 endfacet
 facet normal  0.000000e+00  0.000000e+00  1.000000e+00
   outer loop
     vertex -7.606170e+00 -7.855524e+00  3.000000e+00
     vertex -7.630918e+00 -7.948308e+00  3.000000e+00
     vertex  1.500000e+01 -3.500000e+01  3.000000e+00
   endloop
 endfacet
 facet normal  0.000000e+00  0.000000e+00  1.000000e+00
   outer loop
     vertex -7.583977e+00 -7.762096e+00  3.000000e+00
     vertex -7.606170e+00 -7.855524e+00  3.000000e+00
     vertex  1.500000e+01 -3.500000e+01  3.000000e+00
   endloop
 endfacet
 facet normal  0.000000e+00  0.000000e+00  1.000000e+00
   outer loop
     vertex -7.564356e+00 -7.668093e+00  3.000000e+00
     vertex -7.583977e+00 -7.762096e+00  3.000000e+00
     vertex  1.500000e+01 -3.500000e+01  3.000000e+00
   endloop
 endfacet
 facet normal  0.000000e+00  0.000000e+00  1.000000e+00
   outer loop
     vertex -7.547320e+00 -7.573588e+00  3.000000e+00
     vertex -7.564356e+00 -7.668093e+00  3.000000e+00
     vertex  1.500000e+01 -3.500000e+01  3.000000e+00
   endloop
 endfacet
 facet normal  0.000000e+00  0.000000e+00  1.000000e+00
   outer loop
     vertex -7.532884e+00 -7.478651e+00  3.000000e+00
     vertex -7.547320e+00 -7.573588e+00  3.000000e+00
     vertex  1.500000e+01 -3.500000e+01  3.000000e+00
   endloop
 endfacet
 facet normal  0.000000e+00  0.000000e+00  1.000000e+00
   outer loop
     vertex -1.500000e+01  3.500000e+01  3.000000e+00
     vertex -1.410423e+01 -5.383288e+00  3.000000e+00
     vertex -1.405871e+01 -5.298735e+00  3.000000e+00
   endloop
 endfacet
 facet normal  0.000000e+00  0.000000e+00  1.000000e+00
   outer loop
     vertex -1.500000e+01  3.500000e+01  3.000000e+00
     vertex -1.414741e+01 -5.469058e+00  3.000000e+00
     vertex -1.410423e+01 -5.383288e+00  3.000000e+00
   endloop
 endfacet
 facet normal  0.000000e+00  0.000000e+00  1.000000e+00
   outer loop
     vertex -1.500000e+01  3.500000e+01  3.000000e+00
     vertex -1.418823e+01 -5.555981e+00  3.000000e+00
     vertex -1.414741e+01 -5.469058e+00  3.000000e+00
   endloop
 endfacet
 facet normal  0.000000e+00  0.000000e+00  1.000000e+00
   outer loop
     vertex -1.500000e+01  3.500000e+01  3.000000e+00
     vertex -1.422665e+01 -5.643991e+00  3.000000e+00
     vertex -1.418823e+01 -5.555981e+00  3.000000e+00
   endloop
 endfacet
 facet normal  0.000000e+00  0.000000e+00  1.000000e+00
   outer loop
     vertex -1.500000e+01  3.500000e+01  3.000000e+00
     vertex -1.426263e+01 -5.733021e+00  3.000000e+00
     vertex -1.422665e+01 -5.643991e+00  3.000000e+00
   endloop
 endfacet
 facet normal  0.000000e+00  0.000000e+00  1.000000e+00
   outer loop
     vertex -1.500000e+01  3.500000e+01  3.000000e+00
     vertex -1.429616e+01 -5.823005e+00  3.000000e+00
     vertex -1.426263e+01 -5.733021e+00  3.000000e+00
   endloop
 endfacet
 facet normal  0.000000e+00  0.000000e+00  1.000000e+00
   outer loop
     vertex -1.500000e+01  3.500000e+01  3.000000e+00
     vertex -1.432721e+01 -5.913875e+00  3.000000e+00
     vertex -1.429616e+01 -5.823005e+00  3.000000e+00
   endloop
 endfacet
 facet normal  0.000000e+00  0.000000e+00  1.000000e+00
   outer loop
     vertex -1.500000e+01  3.500000e+01  3.000000e+00
     vertex -1.435576e+01 -6.005563e+00  3.000000e+00
     vertex -1.432721e+01 -5.913875e+00  3.000000e+00
   endloop
 endfacet
 facet normal  0.000000e+00  0.000000e+00  1.000000e+00
   outer loop
     vertex -1.500000e+01  3.500000e+01  3.000000e+00
     vertex -1.438177e+01 -6.097999e+00  3.000000e+00
     vertex -1.435576e+01 -6.005563e+00  3.000000e+00
   endloop
 endfacet
 facet normal  0.000000e+00  0.000000e+00  1.000000e+00
   outer loop
     vertex -1.500000e+01  3.500000e+01  3.000000e+00
     vertex -1.440525e+01 -6.191114e+00  3.000000e+00
     vertex -1.438177e+01 -6.097999e+00  3.000000e+00
   endloop
 endfacet
 facet normal  0.000000e+00  0.000000e+00  1.000000e+00
   outer loop
     vertex -1.500000e+01  3.500000e+01  3.000000e+00
     vertex -1.126384e+01 -3.509958e+00  3.000000e+00
     vertex -1.116799e+01 -3.504034e+00  3.000000e+00
   endloop
 endfacet
 facet normal  0.000000e+00  0.000000e+00  1.000000e+00
   outer loop
     vertex -1.500000e+01  3.500000e+01  3.000000e+00
     vertex -1.135948e+01 -3.518510e+00  3.000000e+00
     vertex -1.126384e+01 -3.509958e+00  3.000000e+00
   endloop
 endfacet
 facet normal  0.000000e+00  0.000000e+00  1.000000e+00
   outer loop
     vertex -1.500000e+01  3.500000e+01  3.000000e+00
     vertex -1.145486e+01 -3.529682e+00  3.000000e+00
     vertex -1.135948e+01 -3.518510e+00  3.000000e+00
   endloop
 endfacet
 facet normal  0.000000e+00  0.000000e+00  1.000000e+00
   outer loop
     vertex -1.500000e+01  3.500000e+01  3.000000e+00
     vertex -1.154989e+01 -3.543467e+00  3.000000e+00
     vertex -1.145486e+01 -3.529682e+00  3.000000e+00
   endloop
 endfacet
 facet normal  0.000000e+00  0.000000e+00  1.000000e+00
   outer loop
     vertex -1.500000e+01  3.500000e+01  3.000000e+00
     vertex -1.164451e+01 -3.559854e+00  3.000000e+00
     vertex -1.154989e+01 -3.543467e+00  3.000000e+00
   endloop
 endfacet
 facet normal  0.000000e+00  0.000000e+00  1.000000e+00
   outer loop
     vertex -1.500000e+01  3.500000e+01  3.000000e+00
     vertex -1.173865e+01 -3.578830e+00  3.000000e+00
     vertex -1.164451e+01 -3.559854e+00  3.000000e+00
   endloop
 endfacet
 facet normal  0.000000e+00  0.000000e+00  1.000000e+00
   outer loop
     vertex -1.500000e+01  3.500000e+01  3.000000e+00
     vertex -1.183222e+01 -3.600382e+00  3.000000e+00
     vertex -1.173865e+01 -3.578830e+00  3.000000e+00
   endloop
 endfacet
 facet normal  0.000000e+00  0.000000e+00  1.000000e+00
   outer loop
     vertex -1.500000e+01  3.500000e+01  3.000000e+00
     vertex -1.192518e+01 -3.624493e+00  3.000000e+00
     vertex -1.183222e+01 -3.600382e+00  3.000000e+00
   endloop
 endfacet
 facet normal  0.000000e+00  0.000000e+00  1.000000e+00
   outer loop
     vertex -1.500000e+01  3.500000e+01  3.000000e+00
     vertex -1.201743e+01 -3.651145e+00  3.000000e+00
     vertex -1.192518e+01 -3.624493e+00  3.000000e+00
   endloop
 endfacet
 facet normal  0.000000e+00  0.000000e+00  1.000000e+00
   outer loop
     vertex -1.500000e+01  3.500000e+01  3.000000e+00
     vertex -1.210892e+01 -3.680317e+00  3.000000e+00
     vertex -1.201743e+01 -3.651145e+00  3.000000e+00
   endloop
 endfacet
 facet normal  0.000000e+00  0.000000e+00  1.000000e+00
   outer loop
     vertex -1.500000e+01  3.500000e+01  3.000000e+00
     vertex -1.219958e+01 -3.711989e+00  3.000000e+00
     vertex -1.210892e+01 -3.680317e+00  3.000000e+00
   endloop
 endfacet
 facet normal  0.000000e+00  0.000000e+00  1.000000e+00
   outer loop
     vertex -1.500000e+01  3.500000e+01  3.000000e+00
     vertex -1.228933e+01 -3.746136e+00  3.000000e+00
     vertex -1.219958e+01 -3.711989e+00  3.000000e+00
   endloop
 endfacet
 facet normal  0.000000e+00  0.000000e+00  1.000000e+00
   outer loop
     vertex -1.500000e+01  3.500000e+01  3.000000e+00
     vertex -1.237811e+01 -3.782732e+00  3.000000e+00
     vertex -1.228933e+01 -3.746136e+00  3.000000e+00
   endloop
 endfacet
 facet normal  0.000000e+00  0.000000e+00  1.000000e+00
   outer loop
     vertex -1.500000e+01  3.500000e+01  3.000000e+00
     vertex -1.246585e+01 -3.821750e+00  3.000000e+00
     vertex -1.237811e+01 -3.782732e+00  3.000000e+00
   endloop
 endfacet
 facet normal  0.000000e+00  0.000000e+00  1.000000e+00
   outer loop
     vertex -1.500000e+01  3.500000e+01  3.000000e+00
     vertex -1.255249e+01 -3.863161e+00  3.000000e+00
     vertex -1.246585e+01 -3.821750e+00  3.000000e+00
   endloop
 endfacet
 facet normal  0.000000e+00  0.000000e+00  1.000000e+00
   outer loop
     vertex -1.500000e+01  3.500000e+01  3.000000e+00
     vertex -1.263797e+01 -3.906933e+00  3.000000e+00
     vertex -1.255249e+01 -3.863161e+00  3.000000e+00
   endloop
 endfacet
 facet normal  0.000000e+00  0.000000e+00  1.000000e+00
   outer loop
     vertex -1.500000e+01  3.500000e+01  3.000000e+00
     vertex -1.272221e+01 -3.953033e+00  3.000000e+00
     vertex -1.263797e+01 -3.906933e+00  3.000000e+00
   endloop
 endfacet
 facet normal  0.000000e+00  0.000000e+00  1.000000e+00
   outer loop
     vertex -1.500000e+01  3.500000e+01  3.000000e+00
     vertex -1.280515e+01 -4.001427e+00  3.000000e+00
     vertex -1.272221e+01 -3.953033e+00  3.000000e+00
   endloop
 endfacet
 facet normal  0.000000e+00  0.000000e+00  1.000000e+00
   outer loop
     vertex -1.500000e+01  3.500000e+01  3.000000e+00
     vertex -1.288673e+01 -4.052078e+00  3.000000e+00
     vertex -1.280515e+01 -4.001427e+00  3.000000e+00
   endloop
 endfacet
 facet normal  0.000000e+00  0.000000e+00  1.000000e+00
   outer loop
     vertex -1.500000e+01  3.500000e+01  3.000000e+00
     vertex -1.296689e+01 -4.104948e+00  3.000000e+00
     vertex -1.288673e+01 -4.052078e+00  3.000000e+00
   endloop
 endfacet
 facet normal  0.000000e+00  0.000000e+00  1.000000e+00
   outer loop
     vertex -1.500000e+01  3.500000e+01  3.000000e+00
     vertex -1.304558e+01 -4.159998e+00  3.000000e+00
     vertex -1.296689e+01 -4.104948e+00  3.000000e+00
   endloop
 endfacet
 facet normal  0.000000e+00  0.000000e+00  1.000000e+00
   outer loop
     vertex -1.500000e+01  3.500000e+01  3.000000e+00
     vertex -1.312272e+01 -4.217185e+00  3.000000e+00
     vertex -1.304558e+01 -4.159998e+00  3.000000e+00
   endloop
 endfacet
 facet normal  0.000000e+00  0.000000e+00  1.000000e+00
   outer loop
     vertex -1.500000e+01  3.500000e+01  3.000000e+00
     vertex -1.319827e+01 -4.276467e+00  3.000000e+00
     vertex -1.312272e+01 -4.217185e+00  3.000000e+00
   endloop
 endfacet
 facet normal  0.000000e+00  0.000000e+00  1.000000e+00
   outer loop
     vertex -1.500000e+01  3.500000e+01  3.000000e+00
     vertex -1.327216e+01 -4.337800e+00  3.000000e+00
     vertex -1.319827e+01 -4.276467e+00  3.000000e+00
   endloop
 endfacet
 facet normal  0.000000e+00  0.000000e+00  1.000000e+00
   outer loop
     vertex -1.500000e+01  3.500000e+01  3.000000e+00
     vertex -1.334433e+01 -4.401136e+00  3.000000e+00
     vertex -1.327216e+01 -4.337800e+00  3.000000e+00
   endloop
 endfacet
 facet normal  0.000000e+00  0.000000e+00  1.000000e+00
   outer loop
     vertex -1.500000e+01  3.500000e+01  3.000000e+00
     vertex -1.341475e+01 -4.466429e+00  3.000000e+00
     vertex -1.334433e+01 -4.401136e+00  3.000000e+00
   endloop
 endfacet
 facet normal  0.000000e+00  0.000000e+00  1.000000e+00
   outer loop
     vertex -1.500000e+01  3.500000e+01  3.000000e+00
     vertex -1.348335e+01 -4.533629e+00  3.000000e+00
     vertex -1.341475e+01 -4.466429e+00  3.000000e+00
   endloop
 endfacet
 facet normal  0.000000e+00  0.000000e+00  1.000000e+00
   outer loop
     vertex -1.500000e+01  3.500000e+01  3.000000e+00
     vertex -1.355008e+01 -4.602685e+00  3.000000e+00
     vertex -1.348335e+01 -4.533629e+00  3.000000e+00
   endloop
 endfacet
 facet normal  0.000000e+00  0.000000e+00  1.000000e+00
   outer loop
     vertex -1.500000e+01  3.500000e+01  3.000000e+00
     vertex -1.361488e+01 -4.673547e+00  3.000000e+00
     vertex -1.355008e+01 -4.602685e+00  3.000000e+00
   endloop
 endfacet
 facet normal  0.000000e+00  0.000000e+00  1.000000e+00
   outer loop
     vertex -1.500000e+01  3.500000e+01  3.000000e+00
     vertex -1.367772e+01 -4.746159e+00  3.000000e+00
     vertex -1.361488e+01 -4.673547e+00  3.000000e+00
   endloop
 endfacet
 facet normal  0.000000e+00  0.000000e+00  1.000000e+00
   outer loop
     vertex -1.500000e+01  3.500000e+01  3.000000e+00
     vertex -1.373855e+01 -4.820468e+00  3.000000e+00
     vertex -1.367772e+01 -4.746159e+00  3.000000e+00
   endloop
 endfacet
 facet normal  0.000000e+00  0.000000e+00  1.000000e+00
   outer loop
     vertex -1.500000e+01  3.500000e+01  3.000000e+00
     vertex -1.379731e+01 -4.896418e+00  3.000000e+00
     vertex -1.373855e+01 -4.820468e+00  3.000000e+00
   endloop
 endfacet
 facet normal  0.000000e+00  0.000000e+00  1.000000e+00
   outer loop
     vertex -1.500000e+01  3.500000e+01  3.000000e+00
     vertex -1.385397e+01 -4.973951e+00  3.000000e+00
     vertex -1.379731e+01 -4.896418e+00  3.000000e+00
   endloop
 endfacet
 facet normal  0.000000e+00  0.000000e+00  1.000000e+00
   outer loop
     vertex -1.500000e+01  3.500000e+01  3.000000e+00
     vertex -1.390848e+01 -5.053010e+00  3.000000e+00
     vertex -1.385397e+01 -4.973951e+00  3.000000e+00
   endloop
 endfacet
 facet normal  0.000000e+00  0.000000e+00  1.000000e+00
   outer loop
     vertex -1.500000e+01  3.500000e+01  3.000000e+00
     vertex -1.396079e+01 -5.133534e+00  3.000000e+00
     vertex -1.390848e+01 -5.053010e+00  3.000000e+00
   endloop
 endfacet
 facet normal  0.000000e+00  0.000000e+00  1.000000e+00
   outer loop
     vertex -1.500000e+01  3.500000e+01  3.000000e+00
     vertex -1.401088e+01 -5.215463e+00  3.000000e+00
     vertex -1.396079e+01 -5.133534e+00  3.000000e+00
   endloop
 endfacet
 facet normal  0.000000e+00  0.000000e+00  1.000000e+00
   outer loop
     vertex -1.500000e+01  3.500000e+01  3.000000e+00
     vertex -1.405871e+01 -5.298735e+00  3.000000e+00
     vertex -1.401088e+01 -5.215463e+00  3.000000e+00
   endloop
 endfacet
 facet normal  0.000000e+00  0.000000e+00  1.000000e+00
   outer loop
     vertex  8.516653e+00  1.453363e+01  3.000000e+00
     vertex -8.764579e+00 -4.306880e+00  3.000000e+00
     vertex -8.691538e+00 -4.369220e+00  3.000000e+00
   endloop
 endfacet
 facet normal  0.000000e+00  0.000000e+00  1.000000e+00
   outer loop
     vertex  8.585250e+00  1.446643e+01  3.000000e+00
     vertex -8.691538e+00 -4.369220e+00  3.000000e+00
     vertex -8.620234e+00 -4.433541e+00  3.000000e+00
   endloop
 endfacet
 facet normal  0.000000e+00  0.000000e+00  1.000000e+00
   outer loop
     vertex  8.585250e+00  1.446643e+01  3.000000e+00
     vertex  8.516653e+00  1.453363e+01  3.000000e+00
     vertex -8.691538e+00 -4.369220e+00  3.000000e+00
   endloop
 endfacet
 facet normal  0.000000e+00  0.000000e+00  1.000000e+00
   outer loop
     vertex  8.449925e+00  1.460269e+01  3.000000e+00
     vertex -8.839304e+00 -4.246567e+00  3.000000e+00
     vertex -8.764579e+00 -4.306880e+00  3.000000e+00
   endloop
 endfacet
 facet normal  0.000000e+00  0.000000e+00  1.000000e+00
   outer loop
     vertex  8.449925e+00  1.460269e+01  3.000000e+00
     vertex -8.764579e+00 -4.306880e+00  3.000000e+00
     vertex  8.516653e+00  1.453363e+01  3.000000e+00
   endloop
 endfacet
 facet normal  0.000000e+00  0.000000e+00  1.000000e+00
   outer loop
     vertex  8.655665e+00  1.440114e+01  3.000000e+00
     vertex  8.585250e+00  1.446643e+01  3.000000e+00
     vertex -8.620234e+00 -4.433541e+00  3.000000e+00
   endloop
 endfacet
 facet normal  0.000000e+00  0.000000e+00  1.000000e+00
   outer loop
     vertex  8.655665e+00  1.440114e+01  3.000000e+00
     vertex -8.620234e+00 -4.433541e+00  3.000000e+00
     vertex -8.550721e+00 -4.499794e+00  3.000000e+00
   endloop
 endfacet
 facet normal  0.000000e+00  0.000000e+00  1.000000e+00
   outer loop
     vertex  8.385117e+00  1.467355e+01  3.000000e+00
     vertex -8.839304e+00 -4.246567e+00  3.000000e+00
     vertex  8.449925e+00  1.460269e+01  3.000000e+00
   endloop
 endfacet
 facet normal  0.000000e+00  0.000000e+00  1.000000e+00
   outer loop
     vertex  8.385117e+00  1.467355e+01  3.000000e+00
     vertex -8.915655e+00 -4.188327e+00  3.000000e+00
     vertex -8.839304e+00 -4.246567e+00  3.000000e+00
   endloop
 endfacet
 facet normal  0.000000e+00  0.000000e+00  1.000000e+00
   outer loop
     vertex  8.727845e+00  1.433780e+01  3.000000e+00
     vertex  8.655665e+00  1.440114e+01  3.000000e+00
     vertex -8.550721e+00 -4.499794e+00  3.000000e+00
   endloop
 endfacet
 facet normal  0.000000e+00  0.000000e+00  1.000000e+00
   outer loop
     vertex  8.727845e+00  1.433780e+01  3.000000e+00
     vertex -8.550721e+00 -4.499794e+00  3.000000e+00
     vertex -8.483052e+00 -4.567928e+00  3.000000e+00
   endloop
 endfacet
 facet normal  0.000000e+00  0.000000e+00  1.000000e+00
   outer loop
     vertex  8.322277e+00  1.474616e+01  3.000000e+00
     vertex -8.993575e+00 -4.132203e+00  3.000000e+00
     vertex -8.915655e+00 -4.188327e+00  3.000000e+00
   endloop
 endfacet
 facet normal  0.000000e+00  0.000000e+00  1.000000e+00
   outer loop
     vertex  8.322277e+00  1.474616e+01  3.000000e+00
     vertex -8.915655e+00 -4.188327e+00  3.000000e+00
     vertex  8.385117e+00  1.467355e+01  3.000000e+00
   endloop
 endfacet
 facet normal  0.000000e+00  0.000000e+00  1.000000e+00
   outer loop
     vertex  8.801735e+00  1.427647e+01  3.000000e+00
     vertex  8.727845e+00  1.433780e+01  3.000000e+00
     vertex -8.483052e+00 -4.567928e+00  3.000000e+00
   endloop
 endfacet
 facet normal  0.000000e+00  0.000000e+00  1.000000e+00
   outer loop
     vertex  8.801735e+00  1.427647e+01  3.000000e+00
     vertex -8.483052e+00 -4.567928e+00  3.000000e+00
     vertex -8.417278e+00 -4.637894e+00  3.000000e+00
   endloop
 endfacet
 facet normal  0.000000e+00  0.000000e+00  1.000000e+00
   outer loop
     vertex  8.261453e+00  1.482047e+01  3.000000e+00
     vertex -9.073006e+00 -4.078238e+00  3.000000e+00
     vertex -8.993575e+00 -4.132203e+00  3.000000e+00
   endloop
 endfacet
 facet normal  0.000000e+00  0.000000e+00  1.000000e+00
   outer loop
     vertex  8.261453e+00  1.482047e+01  3.000000e+00
     vertex -8.993575e+00 -4.132203e+00  3.000000e+00
     vertex  8.322277e+00  1.474616e+01  3.000000e+00
   endloop
 endfacet
 facet normal  0.000000e+00  0.000000e+00  1.000000e+00
   outer loop
     vertex  8.877280e+00  1.421719e+01  3.000000e+00
     vertex -8.417278e+00 -4.637894e+00  3.000000e+00
     vertex -8.353448e+00 -4.709637e+00  3.000000e+00
   endloop
 endfacet
 facet normal  0.000000e+00  0.000000e+00  1.000000e+00
   outer loop
     vertex  8.877280e+00  1.421719e+01  3.000000e+00
     vertex  8.801735e+00  1.427647e+01  3.000000e+00
     vertex -8.417278e+00 -4.637894e+00  3.000000e+00
   endloop
 endfacet
 facet normal  0.000000e+00  0.000000e+00  1.000000e+00
   outer loop
     vertex  8.202690e+00  1.489642e+01  3.000000e+00
     vertex -9.073006e+00 -4.078238e+00  3.000000e+00
     vertex  8.261453e+00  1.482047e+01  3.000000e+00
   endloop
 endfacet
 facet normal  0.000000e+00  0.000000e+00  1.000000e+00
   outer loop
     vertex  8.202690e+00  1.489642e+01  3.000000e+00
     vertex -9.153887e+00 -4.026473e+00  3.000000e+00
     vertex -9.073006e+00 -4.078238e+00  3.000000e+00
   endloop
 endfacet
 facet normal  0.000000e+00  0.000000e+00  1.000000e+00
   outer loop
     vertex  8.954423e+00  1.416000e+01  3.000000e+00
     vertex  8.877280e+00  1.421719e+01  3.000000e+00
     vertex -8.353448e+00 -4.709637e+00  3.000000e+00
   endloop
 endfacet
 facet normal  0.000000e+00  0.000000e+00  1.000000e+00
   outer loop
     vertex  8.954423e+00  1.416000e+01  3.000000e+00
     vertex -8.353448e+00 -4.709637e+00  3.000000e+00
     vertex -8.291610e+00 -4.783105e+00  3.000000e+00
   endloop
 endfacet
 facet normal  0.000000e+00  0.000000e+00  1.000000e+00
   outer loop
     vertex  8.146033e+00  1.497395e+01  3.000000e+00
     vertex -9.153887e+00 -4.026473e+00  3.000000e+00
     vertex  8.202690e+00  1.489642e+01  3.000000e+00
   endloop
 endfacet
 facet normal  0.000000e+00  0.000000e+00  1.000000e+00
   outer loop
     vertex  8.146033e+00  1.497395e+01  3.000000e+00
     vertex -9.236157e+00 -3.976945e+00  3.000000e+00
     vertex -9.153887e+00 -4.026473e+00  3.000000e+00
   endloop
 endfacet
 facet normal  0.000000e+00  0.000000e+00  1.000000e+00
   outer loop
     vertex  9.033105e+00  1.410495e+01  3.000000e+00
     vertex -8.291610e+00 -4.783105e+00  3.000000e+00
     vertex -8.231811e+00 -4.858242e+00  3.000000e+00
   endloop
 endfacet
 facet normal  0.000000e+00  0.000000e+00  1.000000e+00
   outer loop
     vertex  9.033105e+00  1.410495e+01  3.000000e+00
     vertex  8.954423e+00  1.416000e+01  3.000000e+00
     vertex -8.291610e+00 -4.783105e+00  3.000000e+00
   endloop
 endfacet
 facet normal  0.000000e+00  0.000000e+00  1.000000e+00
   outer loop
     vertex  8.091525e+00  1.505301e+01  3.000000e+00
     vertex -9.236157e+00 -3.976945e+00  3.000000e+00
     vertex  8.146033e+00  1.497395e+01  3.000000e+00
   endloop
 endfacet
 facet normal  0.000000e+00  0.000000e+00  1.000000e+00
   outer loop
     vertex  8.091525e+00  1.505301e+01  3.000000e+00
     vertex -9.319756e+00 -3.929694e+00  3.000000e+00
     vertex -9.236157e+00 -3.976945e+00  3.000000e+00
   endloop
 endfacet
 facet normal  0.000000e+00  0.000000e+00  1.000000e+00
   outer loop
     vertex  9.113269e+00  1.405208e+01  3.000000e+00
     vertex -8.231811e+00 -4.858242e+00  3.000000e+00
     vertex -8.174096e+00 -4.934990e+00  3.000000e+00
   endloop
 endfacet
 facet normal  0.000000e+00  0.000000e+00  1.000000e+00
   outer loop
     vertex  9.113269e+00  1.405208e+01  3.000000e+00
     vertex  9.033105e+00  1.410495e+01  3.000000e+00
     vertex -8.231811e+00 -4.858242e+00  3.000000e+00
   endloop
 endfacet
 facet normal  0.000000e+00  0.000000e+00  1.000000e+00
   outer loop
     vertex  8.039206e+00  1.513353e+01  3.000000e+00
     vertex -9.404619e+00 -3.884754e+00  3.000000e+00
     vertex -9.319756e+00 -3.929694e+00  3.000000e+00
   endloop
 endfacet
 facet normal  0.000000e+00  0.000000e+00  1.000000e+00
   outer loop
     vertex  8.039206e+00  1.513353e+01  3.000000e+00
     vertex -9.319756e+00 -3.929694e+00  3.000000e+00
     vertex  8.091525e+00  1.505301e+01  3.000000e+00
   endloop
 endfacet
 facet normal  0.000000e+00  0.000000e+00  1.000000e+00
   outer loop
     vertex  9.194852e+00  1.400143e+01  3.000000e+00
     vertex -8.174096e+00 -4.934990e+00  3.000000e+00
     vertex -8.118508e+00 -5.013294e+00  3.000000e+00
   endloop
 endfacet
 facet normal  0.000000e+00  0.000000e+00  1.000000e+00
   outer loop
     vertex  9.194852e+00  1.400143e+01  3.000000e+00
     vertex  9.113269e+00  1.405208e+01  3.000000e+00
     vertex -8.174096e+00 -4.934990e+00  3.000000e+00
   endloop
 endfacet
 facet normal  0.000000e+00  0.000000e+00  1.000000e+00
   outer loop
     vertex  7.989115e+00  1.521546e+01  3.000000e+00
     vertex -9.490684e+00 -3.842158e+00  3.000000e+00
     vertex -9.404619e+00 -3.884754e+00  3.000000e+00
   endloop
 endfacet
 facet normal  0.000000e+00  0.000000e+00  1.000000e+00
   outer loop
     vertex  7.989115e+00  1.521546e+01  3.000000e+00
     vertex -9.404619e+00 -3.884754e+00  3.000000e+00
     vertex  8.039206e+00  1.513353e+01  3.000000e+00
   endloop
 endfacet
 facet normal  0.000000e+00  0.000000e+00  1.000000e+00
   outer loop
     vertex  9.277795e+00  1.395303e+01  3.000000e+00
     vertex -8.118508e+00 -5.013294e+00  3.000000e+00
     vertex -8.065089e+00 -5.093092e+00  3.000000e+00
   endloop
 endfacet
 facet normal  0.000000e+00  0.000000e+00  1.000000e+00
   outer loop
     vertex  9.277795e+00  1.395303e+01  3.000000e+00
     vertex  9.194852e+00  1.400143e+01  3.000000e+00
     vertex -8.118508e+00 -5.013294e+00  3.000000e+00
   endloop
 endfacet
 facet normal  0.000000e+00  0.000000e+00  1.000000e+00
   outer loop
     vertex  7.941291e+00  1.529874e+01  3.000000e+00
     vertex -9.577884e+00 -3.801940e+00  3.000000e+00
     vertex -9.490684e+00 -3.842158e+00  3.000000e+00
   endloop
 endfacet
 facet normal  0.000000e+00  0.000000e+00  1.000000e+00
   outer loop
     vertex  7.941291e+00  1.529874e+01  3.000000e+00
     vertex -9.490684e+00 -3.842158e+00  3.000000e+00
     vertex  7.989115e+00  1.521546e+01  3.000000e+00
   endloop
 endfacet
 facet normal  0.000000e+00  0.000000e+00  1.000000e+00
   outer loop
     vertex  9.362033e+00  1.390693e+01  3.000000e+00
     vertex  9.277795e+00  1.395303e+01  3.000000e+00
     vertex -8.065089e+00 -5.093092e+00  3.000000e+00
   endloop
 endfacet
 facet normal  0.000000e+00  0.000000e+00  1.000000e+00
   outer loop
     vertex  9.362033e+00  1.390693e+01  3.000000e+00
     vertex -8.065089e+00 -5.093092e+00  3.000000e+00
     vertex -8.013879e+00 -5.174326e+00  3.000000e+00
   endloop
 endfacet
 facet normal  0.000000e+00  0.000000e+00  1.000000e+00
   outer loop
     vertex  7.895770e+00  1.538329e+01  3.000000e+00
     vertex -9.666155e+00 -3.764130e+00  3.000000e+00
     vertex -9.577884e+00 -3.801940e+00  3.000000e+00
   endloop
 endfacet
 facet normal  0.000000e+00  0.000000e+00  1.000000e+00
   outer loop
     vertex  7.895770e+00  1.538329e+01  3.000000e+00
     vertex -9.577884e+00 -3.801940e+00  3.000000e+00
     vertex  7.941291e+00  1.529874e+01  3.000000e+00
   endloop
 endfacet
 facet normal  0.000000e+00  0.000000e+00  1.000000e+00
   outer loop
     vertex  9.447505e+00  1.386316e+01  3.000000e+00
     vertex -8.013879e+00 -5.174326e+00  3.000000e+00
     vertex -7.964918e+00 -5.256935e+00  3.000000e+00
   endloop
 endfacet
 facet normal  0.000000e+00  0.000000e+00  1.000000e+00
   outer loop
     vertex  9.447505e+00  1.386316e+01  3.000000e+00
     vertex  9.362033e+00  1.390693e+01  3.000000e+00
     vertex -8.013879e+00 -5.174326e+00  3.000000e+00
   endloop
 endfacet
 facet normal  0.000000e+00  0.000000e+00  1.000000e+00
   outer loop
     vertex  7.852586e+00  1.546906e+01  3.000000e+00
     vertex -9.755430e+00 -3.728755e+00  3.000000e+00
     vertex -9.666155e+00 -3.764130e+00  3.000000e+00
   endloop
 endfacet
 facet normal  0.000000e+00  0.000000e+00  1.000000e+00
   outer loop
     vertex  7.852586e+00  1.546906e+01  3.000000e+00
     vertex -9.666155e+00 -3.764130e+00  3.000000e+00
     vertex  7.895770e+00  1.538329e+01  3.000000e+00
   endloop
 endfacet
 facet normal  0.000000e+00  0.000000e+00  1.000000e+00
   outer loop
     vertex  9.534146e+00  1.382175e+01  3.000000e+00
     vertex  9.447505e+00  1.386316e+01  3.000000e+00
     vertex -7.964918e+00 -5.256935e+00  3.000000e+00
   endloop
 endfacet
 facet normal  0.000000e+00  0.000000e+00  1.000000e+00
   outer loop
     vertex  9.534146e+00  1.382175e+01  3.000000e+00
     vertex -7.964918e+00 -5.256935e+00  3.000000e+00
     vertex -7.918241e+00 -5.340856e+00  3.000000e+00
   endloop
 endfacet
 facet normal  0.000000e+00  0.000000e+00  1.000000e+00
   outer loop
     vertex  7.811770e+00  1.555598e+01  3.000000e+00
     vertex -9.845642e+00 -3.695842e+00  3.000000e+00
     vertex -9.755430e+00 -3.728755e+00  3.000000e+00
   endloop
 endfacet
 facet normal  0.000000e+00  0.000000e+00  1.000000e+00
   outer loop
     vertex  7.811770e+00  1.555598e+01  3.000000e+00
     vertex -9.755430e+00 -3.728755e+00  3.000000e+00
     vertex  7.852586e+00  1.546906e+01  3.000000e+00
   endloop
 endfacet
 facet normal  0.000000e+00  0.000000e+00  1.000000e+00
   outer loop
     vertex  9.621890e+00  1.378273e+01  3.000000e+00
     vertex -7.918241e+00 -5.340856e+00  3.000000e+00
     vertex -7.873884e+00 -5.426025e+00  3.000000e+00
   endloop
 endfacet
 facet normal  0.000000e+00  0.000000e+00  1.000000e+00
   outer loop
     vertex  9.621890e+00  1.378273e+01  3.000000e+00
     vertex  9.534146e+00  1.382175e+01  3.000000e+00
     vertex -7.918241e+00 -5.340856e+00  3.000000e+00
   endloop
 endfacet
 facet normal  0.000000e+00  0.000000e+00  1.000000e+00
   outer loop
     vertex  7.773355e+00  1.564399e+01  3.000000e+00
     vertex -9.936723e+00 -3.665417e+00  3.000000e+00
     vertex -9.845642e+00 -3.695842e+00  3.000000e+00
   endloop
 endfacet
 facet normal  0.000000e+00  0.000000e+00  1.000000e+00
   outer loop
     vertex  7.773355e+00  1.564399e+01  3.000000e+00
     vertex -9.845642e+00 -3.695842e+00  3.000000e+00
     vertex  7.811770e+00  1.555598e+01  3.000000e+00
   endloop
 endfacet
 facet normal  0.000000e+00  0.000000e+00  1.000000e+00
   outer loop
     vertex  9.710671e+00  1.374614e+01  3.000000e+00
     vertex -7.873884e+00 -5.426025e+00  3.000000e+00
     vertex -7.831880e+00 -5.512380e+00  3.000000e+00
   endloop
 endfacet
 facet normal  0.000000e+00  0.000000e+00  1.000000e+00
   outer loop
     vertex  9.710671e+00  1.374614e+01  3.000000e+00
     vertex  9.621890e+00  1.378273e+01  3.000000e+00
     vertex -7.873884e+00 -5.426025e+00  3.000000e+00
   endloop
 endfacet
 facet normal  0.000000e+00  0.000000e+00  1.000000e+00
   outer loop
     vertex  7.737369e+00  1.573302e+01  3.000000e+00
     vertex -1.002860e+01 -3.637502e+00  3.000000e+00
     vertex -9.936723e+00 -3.665417e+00  3.000000e+00
   endloop
 endfacet
 facet normal  0.000000e+00  0.000000e+00  1.000000e+00
   outer loop
     vertex  7.737369e+00  1.573302e+01  3.000000e+00
     vertex -9.936723e+00 -3.665417e+00  3.000000e+00
     vertex  7.773355e+00  1.564399e+01  3.000000e+00
   endloop
 endfacet
 facet normal  0.000000e+00  0.000000e+00  1.000000e+00
   outer loop
     vertex  9.800423e+00  1.371199e+01  3.000000e+00
     vertex  9.710671e+00  1.374614e+01  3.000000e+00
     vertex -7.831880e+00 -5.512380e+00  3.000000e+00
   endloop
 endfacet
 facet normal  0.000000e+00  0.000000e+00  1.000000e+00
   outer loop
     vertex  9.800423e+00  1.371199e+01  3.000000e+00
     vertex -7.831880e+00 -5.512380e+00  3.000000e+00
     vertex -7.792261e+00 -5.599854e+00  3.000000e+00
   endloop
 endfacet
 facet normal  0.000000e+00  0.000000e+00  1.000000e+00
   outer loop
     vertex  7.703838e+00  1.582300e+01  3.000000e+00
     vertex -1.012122e+01 -3.612119e+00  3.000000e+00
     vertex -1.002860e+01 -3.637502e+00  3.000000e+00
   endloop
 endfacet
 facet normal  0.000000e+00  0.000000e+00  1.000000e+00
   outer loop
     vertex  7.703838e+00  1.582300e+01  3.000000e+00
     vertex -1.002860e+01 -3.637502e+00  3.000000e+00
     vertex  7.737369e+00  1.573302e+01  3.000000e+00
   endloop
 endfacet
 facet normal  0.000000e+00  0.000000e+00  1.000000e+00
   outer loop
     vertex  9.891078e+00  1.368032e+01  3.000000e+00
     vertex -7.792261e+00 -5.599854e+00  3.000000e+00
     vertex -7.755056e+00 -5.688382e+00  3.000000e+00
   endloop
 endfacet
 facet normal  0.000000e+00  0.000000e+00  1.000000e+00
   outer loop
     vertex  9.891078e+00  1.368032e+01  3.000000e+00
     vertex  9.800423e+00  1.371199e+01  3.000000e+00
     vertex -7.792261e+00 -5.599854e+00  3.000000e+00
   endloop
 endfacet
 facet normal  0.000000e+00  0.000000e+00  1.000000e+00
   outer loop
     vertex  7.672789e+00  1.591387e+01  3.000000e+00
     vertex -1.021449e+01 -3.589285e+00  3.000000e+00
     vertex -1.012122e+01 -3.612119e+00  3.000000e+00
   endloop
 endfacet
 facet normal  0.000000e+00  0.000000e+00  1.000000e+00
   outer loop
     vertex  7.672789e+00  1.591387e+01  3.000000e+00
     vertex -1.012122e+01 -3.612119e+00  3.000000e+00
     vertex  7.703838e+00  1.582300e+01  3.000000e+00
   endloop
 endfacet
 facet normal  0.000000e+00  0.000000e+00  1.000000e+00
   outer loop
     vertex  9.982568e+00  1.365114e+01  3.000000e+00
     vertex -7.755056e+00 -5.688382e+00  3.000000e+00
     vertex -7.720295e+00 -5.777898e+00  3.000000e+00
   endloop
 endfacet
 facet normal  0.000000e+00  0.000000e+00  1.000000e+00
   outer loop
     vertex  9.982568e+00  1.365114e+01  3.000000e+00
     vertex  9.891078e+00  1.368032e+01  3.000000e+00
     vertex -7.755056e+00 -5.688382e+00  3.000000e+00
   endloop
 endfacet
 facet normal  0.000000e+00  0.000000e+00  1.000000e+00
   outer loop
     vertex  7.644245e+00  1.600556e+01  3.000000e+00
     vertex -1.021449e+01 -3.589285e+00  3.000000e+00
     vertex  7.672789e+00  1.591387e+01  3.000000e+00
   endloop
 endfacet
 facet normal  0.000000e+00  0.000000e+00  1.000000e+00
   outer loop
     vertex  7.644245e+00  1.600556e+01  3.000000e+00
     vertex -1.030836e+01 -3.569019e+00  3.000000e+00
     vertex -1.021449e+01 -3.589285e+00  3.000000e+00
   endloop
 endfacet
 facet normal  0.000000e+00  0.000000e+00  1.000000e+00
   outer loop
     vertex  1.007482e+01  1.362449e+01  3.000000e+00
     vertex -7.720295e+00 -5.777898e+00  3.000000e+00
     vertex -7.688002e+00 -5.868333e+00  3.000000e+00
   endloop
 endfacet
 facet normal  0.000000e+00  0.000000e+00  1.000000e+00
   outer loop
     vertex  1.007482e+01  1.362449e+01  3.000000e+00
     vertex  9.982568e+00  1.365114e+01  3.000000e+00
     vertex -7.720295e+00 -5.777898e+00  3.000000e+00
   endloop
 endfacet
 facet normal  0.000000e+00  0.000000e+00  1.000000e+00
   outer loop
     vertex  7.618226e+00  1.609800e+01  3.000000e+00
     vertex -1.040274e+01 -3.551336e+00  3.000000e+00
     vertex -1.030836e+01 -3.569019e+00  3.000000e+00
   endloop
 endfacet
 facet normal  0.000000e+00  0.000000e+00  1.000000e+00
   outer loop
     vertex  7.618226e+00  1.609800e+01  3.000000e+00
     vertex -1.030836e+01 -3.569019e+00  3.000000e+00
     vertex  7.644245e+00  1.600556e+01  3.000000e+00
   endloop
 endfacet
 facet normal  0.000000e+00  0.000000e+00  1.000000e+00
   outer loop
     vertex  1.016778e+01  1.360038e+01  3.000000e+00
     vertex -7.688002e+00 -5.868333e+00  3.000000e+00
     vertex -7.658202e+00 -5.959621e+00  3.000000e+00
   endloop
 endfacet
 facet normal  0.000000e+00  0.000000e+00  1.000000e+00
   outer loop
     vertex  1.016778e+01  1.360038e+01  3.000000e+00
     vertex  1.007482e+01  1.362449e+01  3.000000e+00
     vertex -7.688002e+00 -5.868333e+00  3.000000e+00
   endloop
 endfacet
 facet normal  0.000000e+00  0.000000e+00  1.000000e+00
   outer loop
     vertex  7.594754e+00  1.619111e+01  3.000000e+00
     vertex -1.049758e+01 -3.536249e+00  3.000000e+00
     vertex -1.040274e+01 -3.551336e+00  3.000000e+00
   endloop
 endfacet
 facet normal  0.000000e+00  0.000000e+00  1.000000e+00
   outer loop
     vertex  7.594754e+00  1.619111e+01  3.000000e+00
     vertex -1.040274e+01 -3.551336e+00  3.000000e+00
     vertex  7.618226e+00  1.609800e+01  3.000000e+00
   endloop
 endfacet
 facet normal  0.000000e+00  0.000000e+00  1.000000e+00
   outer loop
     vertex  1.026135e+01  1.357883e+01  3.000000e+00
     vertex -7.658202e+00 -5.959621e+00  3.000000e+00
     vertex -7.630918e+00 -6.051692e+00  3.000000e+00
   endloop
 endfacet
 facet normal  0.000000e+00  0.000000e+00  1.000000e+00
   outer loop
     vertex  1.026135e+01  1.357883e+01  3.000000e+00
     vertex  1.016778e+01  1.360038e+01  3.000000e+00
     vertex -7.658202e+00 -5.959621e+00  3.000000e+00
   endloop
 endfacet
 facet normal  0.000000e+00  0.000000e+00  1.000000e+00
   outer loop
     vertex  7.573844e+00  1.628484e+01  3.000000e+00
     vertex -1.059279e+01 -3.523769e+00  3.000000e+00
     vertex -1.049758e+01 -3.536249e+00  3.000000e+00
   endloop
 endfacet
 facet normal  0.000000e+00  0.000000e+00  1.000000e+00
   outer loop
     vertex  7.573844e+00  1.628484e+01  3.000000e+00
     vertex -1.049758e+01 -3.536249e+00  3.000000e+00
     vertex  7.594754e+00  1.619111e+01  3.000000e+00
   endloop
 endfacet
 facet normal  0.000000e+00  0.000000e+00  1.000000e+00
   outer loop
     vertex  1.035549e+01  1.355985e+01  3.000000e+00
     vertex -7.630918e+00 -6.051692e+00  3.000000e+00
     vertex -7.606170e+00 -6.144476e+00  3.000000e+00
   endloop
 endfacet
 facet normal  0.000000e+00  0.000000e+00  1.000000e+00
   outer loop
     vertex  1.035549e+01  1.355985e+01  3.000000e+00
     vertex  1.026135e+01  1.357883e+01  3.000000e+00
     vertex -7.630918e+00 -6.051692e+00  3.000000e+00
   endloop
 endfacet
 facet normal  0.000000e+00  0.000000e+00  1.000000e+00
   outer loop
     vertex  7.555514e+00  1.637910e+01  3.000000e+00
     vertex -1.059279e+01 -3.523769e+00  3.000000e+00
     vertex  7.573844e+00  1.628484e+01  3.000000e+00
   endloop
 endfacet
 facet normal  0.000000e+00  0.000000e+00  1.000000e+00
   outer loop
     vertex  7.555514e+00  1.637910e+01  3.000000e+00
     vertex -1.068831e+01 -3.513906e+00  3.000000e+00
     vertex -1.059279e+01 -3.523769e+00  3.000000e+00
   endloop
 endfacet
 facet normal  0.000000e+00  0.000000e+00  1.000000e+00
   outer loop
     vertex  1.045011e+01  1.354347e+01  3.000000e+00
     vertex -7.606170e+00 -6.144476e+00  3.000000e+00
     vertex -7.583977e+00 -6.237904e+00  3.000000e+00
   endloop
 endfacet
 facet normal  0.000000e+00  0.000000e+00  1.000000e+00
   outer loop
     vertex  1.045011e+01  1.354347e+01  3.000000e+00
     vertex  1.035549e+01  1.355985e+01  3.000000e+00
     vertex -7.606170e+00 -6.144476e+00  3.000000e+00
   endloop
 endfacet
 facet normal  0.000000e+00  0.000000e+00  1.000000e+00
   outer loop
     vertex  7.539777e+00  1.647383e+01  3.000000e+00
     vertex -1.068831e+01 -3.513906e+00  3.000000e+00
     vertex  7.555514e+00  1.637910e+01  3.000000e+00
   endloop
 endfacet
 facet normal  0.000000e+00  0.000000e+00  1.000000e+00
   outer loop
     vertex  7.539777e+00  1.647383e+01  3.000000e+00
     vertex -1.078407e+01 -3.506667e+00  3.000000e+00
     vertex -1.068831e+01 -3.513906e+00  3.000000e+00
   endloop
 endfacet
 facet normal  0.000000e+00  0.000000e+00  1.000000e+00
   outer loop
     vertex  1.054514e+01  1.352968e+01  3.000000e+00
     vertex -7.583977e+00 -6.237904e+00  3.000000e+00
     vertex -7.564356e+00 -6.331907e+00  3.000000e+00
   endloop
 endfacet
 facet normal  0.000000e+00  0.000000e+00  1.000000e+00
   outer loop
     vertex  1.054514e+01  1.352968e+01  3.000000e+00
     vertex  1.045011e+01  1.354347e+01  3.000000e+00
     vertex -7.583977e+00 -6.237904e+00  3.000000e+00
   endloop
 endfacet
 facet normal  0.000000e+00  0.000000e+00  1.000000e+00
   outer loop
     vertex  7.526644e+00  1.656896e+01  3.000000e+00
     vertex -1.087998e+01 -3.502058e+00  3.000000e+00
     vertex -1.078407e+01 -3.506667e+00  3.000000e+00
   endloop
 endfacet
 facet normal  0.000000e+00  0.000000e+00  1.000000e+00
   outer loop
     vertex  7.526644e+00  1.656896e+01  3.000000e+00
     vertex -1.078407e+01 -3.506667e+00  3.000000e+00
     vertex  7.539777e+00  1.647383e+01  3.000000e+00
   endloop
 endfacet
 facet normal  0.000000e+00  0.000000e+00  1.000000e+00
   outer loop
     vertex  1.064052e+01  1.351851e+01  3.000000e+00
     vertex -7.564356e+00 -6.331907e+00  3.000000e+00
     vertex -7.547320e+00 -6.426412e+00  3.000000e+00
   endloop
 endfacet
 facet normal  0.000000e+00  0.000000e+00  1.000000e+00
   outer loop
     vertex  1.064052e+01  1.351851e+01  3.000000e+00
     vertex  1.054514e+01  1.352968e+01  3.000000e+00
     vertex -7.564356e+00 -6.331907e+00  3.000000e+00
   endloop
 endfacet
 facet normal  0.000000e+00  0.000000e+00  1.000000e+00
   outer loop
     vertex  7.516126e+00  1.666441e+01  3.000000e+00
     vertex -1.087998e+01 -3.502058e+00  3.000000e+00
     vertex  7.526644e+00  1.656896e+01  3.000000e+00
   endloop
 endfacet
 facet normal  0.000000e+00  0.000000e+00  1.000000e+00
   outer loop
     vertex  7.516126e+00  1.666441e+01  3.000000e+00
     vertex -1.097599e+01 -3.500082e+00  3.000000e+00
     vertex -1.087998e+01 -3.502058e+00  3.000000e+00
   endloop
 endfacet
 facet normal  0.000000e+00  0.000000e+00  1.000000e+00
   outer loop
     vertex  1.073616e+01  1.350996e+01  3.000000e+00
     vertex -7.547320e+00 -6.426412e+00  3.000000e+00
     vertex -7.532884e+00 -6.521349e+00  3.000000e+00
   endloop
 endfacet
 facet normal  0.000000e+00  0.000000e+00  1.000000e+00
   outer loop
     vertex  1.073616e+01  1.350996e+01  3.000000e+00
     vertex  1.064052e+01  1.351851e+01  3.000000e+00
     vertex -7.547320e+00 -6.426412e+00  3.000000e+00
   endloop
 endfacet
 facet normal  0.000000e+00  0.000000e+00  1.000000e+00
   outer loop
     vertex  7.508231e+00  1.676011e+01  3.000000e+00
     vertex -1.097599e+01 -3.500082e+00  3.000000e+00
     vertex  7.516126e+00  1.666441e+01  3.000000e+00
   endloop
 endfacet
 facet normal  0.000000e+00  0.000000e+00  1.000000e+00
   outer loop
     vertex  7.508231e+00  1.676011e+01  3.000000e+00
     vertex -1.107202e+01 -3.500741e+00  3.000000e+00
     vertex -1.097599e+01 -3.500082e+00  3.000000e+00
   endloop
 endfacet
 facet normal  0.000000e+00  0.000000e+00  1.000000e+00
   outer loop
     vertex  1.083201e+01  1.350403e+01  3.000000e+00
     vertex -7.532884e+00 -6.521349e+00  3.000000e+00
     vertex -7.521058e+00 -6.616646e+00  3.000000e+00
   endloop
 endfacet
 facet normal  0.000000e+00  0.000000e+00  1.000000e+00
   outer loop
     vertex  1.083201e+01  1.350403e+01  3.000000e+00
     vertex  1.073616e+01  1.350996e+01  3.000000e+00
     vertex -7.532884e+00 -6.521349e+00  3.000000e+00
   endloop
 endfacet
 facet normal  0.000000e+00  0.000000e+00  1.000000e+00
   outer loop
     vertex  7.502964e+00  1.685599e+01  3.000000e+00
     vertex -1.107202e+01 -3.500741e+00  3.000000e+00
     vertex  7.508231e+00  1.676011e+01  3.000000e+00
   endloop
 endfacet
 facet normal  0.000000e+00  0.000000e+00  1.000000e+00
   outer loop
     vertex  7.502964e+00  1.685599e+01  3.000000e+00
     vertex -1.116799e+01 -3.504034e+00  3.000000e+00
     vertex -1.107202e+01 -3.500741e+00  3.000000e+00
   endloop
 endfacet
 facet normal  0.000000e+00  0.000000e+00  1.000000e+00
   outer loop
     vertex  7.502964e+00  1.685599e+01  3.000000e+00
     vertex -1.500000e+01  3.500000e+01  3.000000e+00
     vertex -1.116799e+01 -3.504034e+00  3.000000e+00
   endloop
 endfacet
 facet normal  0.000000e+00  0.000000e+00  1.000000e+00
   outer loop
     vertex  1.092798e+01  1.350074e+01  3.000000e+00
     vertex -7.521058e+00 -6.616646e+00  3.000000e+00
     vertex -7.511850e+00 -6.712232e+00  3.000000e+00
   endloop
 endfacet
 facet normal  0.000000e+00  0.000000e+00  1.000000e+00
   outer loop
     vertex  1.092798e+01  1.350074e+01  3.000000e+00
     vertex  1.083201e+01  1.350403e+01  3.000000e+00
     vertex -7.521058e+00 -6.616646e+00  3.000000e+00
   endloop
 endfacet
 facet normal  0.000000e+00  0.000000e+00  1.000000e+00
   outer loop
     vertex  7.500329e+00  1.695199e+01  3.000000e+00
     vertex -1.500000e+01  3.500000e+01  3.000000e+00
     vertex  7.502964e+00  1.685599e+01  3.000000e+00
   endloop
 endfacet
 facet normal  0.000000e+00  0.000000e+00  1.000000e+00
   outer loop
     vertex  1.102401e+01  1.350008e+01  3.000000e+00
     vertex -7.511850e+00 -6.712232e+00  3.000000e+00
     vertex -7.505268e+00 -6.808034e+00  3.000000e+00
   endloop
 endfacet
 facet normal  0.000000e+00  0.000000e+00  1.000000e+00
   outer loop
     vertex  1.102401e+01  1.350008e+01  3.000000e+00
     vertex  1.092798e+01  1.350074e+01  3.000000e+00
     vertex -7.511850e+00 -6.712232e+00  3.000000e+00
   endloop
 endfacet
 facet normal  0.000000e+00  0.000000e+00  1.000000e+00
   outer loop
     vertex  7.500329e+00  1.704801e+01  3.000000e+00
     vertex -1.500000e+01  3.500000e+01  3.000000e+00
     vertex  7.500329e+00  1.695199e+01  3.000000e+00
   endloop
 endfacet
 facet normal  0.000000e+00  0.000000e+00  1.000000e+00
   outer loop
     vertex  1.112002e+01  1.350206e+01  3.000000e+00
     vertex -7.505268e+00 -6.808034e+00  3.000000e+00
     vertex -7.501317e+00 -6.903981e+00  3.000000e+00
   endloop
 endfacet
 facet normal  0.000000e+00  0.000000e+00  1.000000e+00
   outer loop
     vertex  1.112002e+01  1.350206e+01  3.000000e+00
     vertex  1.102401e+01  1.350008e+01  3.000000e+00
     vertex -7.505268e+00 -6.808034e+00  3.000000e+00
   endloop
 endfacet
 facet normal  0.000000e+00  0.000000e+00  1.000000e+00
   outer loop
     vertex  7.502964e+00  1.714401e+01  3.000000e+00
     vertex -1.500000e+01  3.500000e+01  3.000000e+00
     vertex  7.500329e+00  1.704801e+01  3.000000e+00
   endloop
 endfacet
 facet normal  0.000000e+00  0.000000e+00  1.000000e+00
   outer loop
     vertex  1.121593e+01  1.350667e+01  3.000000e+00
     vertex -7.501317e+00 -6.903981e+00  3.000000e+00
     vertex -7.500000e+00 -7.000000e+00  3.000000e+00
   endloop
 endfacet
 facet normal  0.000000e+00  0.000000e+00  1.000000e+00
   outer loop
     vertex  1.121593e+01  1.350667e+01  3.000000e+00
     vertex  1.112002e+01  1.350206e+01  3.000000e+00
     vertex -7.501317e+00 -6.903981e+00  3.000000e+00
   endloop
 endfacet
 facet normal  0.000000e+00  0.000000e+00  1.000000e+00
   outer loop
     vertex  7.508231e+00  1.723989e+01  3.000000e+00
     vertex -1.500000e+01  3.500000e+01  3.000000e+00
     vertex  7.502964e+00  1.714401e+01  3.000000e+00
   endloop
 endfacet
 facet normal  0.000000e+00  0.000000e+00  1.000000e+00
   outer loop
     vertex  1.131169e+01  1.351391e+01  3.000000e+00
     vertex -7.500000e+00 -7.000000e+00  3.000000e+00
     vertex -7.501317e+00 -7.096019e+00  3.000000e+00
   endloop
 endfacet
 facet normal  0.000000e+00  0.000000e+00  1.000000e+00
   outer loop
     vertex  1.131169e+01  1.351391e+01  3.000000e+00
     vertex  1.121593e+01  1.350667e+01  3.000000e+00
     vertex -7.500000e+00 -7.000000e+00  3.000000e+00
   endloop
 endfacet
 facet normal  0.000000e+00  0.000000e+00  1.000000e+00
   outer loop
     vertex  7.516126e+00  1.733559e+01  3.000000e+00
     vertex -1.500000e+01  3.500000e+01  3.000000e+00
     vertex  7.508231e+00  1.723989e+01  3.000000e+00
   endloop
 endfacet
 facet normal  0.000000e+00  0.000000e+00  1.000000e+00
   outer loop
     vertex  1.140721e+01  1.352377e+01  3.000000e+00
     vertex -7.501317e+00 -7.096019e+00  3.000000e+00
     vertex -7.505268e+00 -7.191966e+00  3.000000e+00
   endloop
 endfacet
 facet normal  0.000000e+00  0.000000e+00  1.000000e+00
   outer loop
     vertex  1.140721e+01  1.352377e+01  3.000000e+00
     vertex  1.131169e+01  1.351391e+01  3.000000e+00
     vertex -7.501317e+00 -7.096019e+00  3.000000e+00
   endloop
 endfacet
 facet normal  0.000000e+00  0.000000e+00  1.000000e+00
   outer loop
     vertex  7.526644e+00  1.743104e+01  3.000000e+00
     vertex -1.500000e+01  3.500000e+01  3.000000e+00
     vertex  7.516126e+00  1.733559e+01  3.000000e+00
   endloop
 endfacet
 facet normal  0.000000e+00  0.000000e+00  1.000000e+00
   outer loop
     vertex  1.150242e+01  1.353625e+01  3.000000e+00
     vertex -7.505268e+00 -7.191966e+00  3.000000e+00
     vertex -7.511850e+00 -7.287768e+00  3.000000e+00
   endloop
 endfacet
 facet normal  0.000000e+00  0.000000e+00  1.000000e+00
   outer loop
     vertex  1.150242e+01  1.353625e+01  3.000000e+00
     vertex  1.140721e+01  1.352377e+01  3.000000e+00
     vertex -7.505268e+00 -7.191966e+00  3.000000e+00
   endloop
 endfacet
 facet normal  0.000000e+00  0.000000e+00  1.000000e+00
   outer loop
     vertex  7.539777e+00  1.752617e+01  3.000000e+00
     vertex -1.500000e+01  3.500000e+01  3.000000e+00
     vertex  7.526644e+00  1.743104e+01  3.000000e+00
   endloop
 endfacet
 facet normal  0.000000e+00  0.000000e+00  1.000000e+00
   outer loop
     vertex  1.159726e+01  1.355134e+01  3.000000e+00
     vertex -7.511850e+00 -7.287768e+00  3.000000e+00
     vertex -7.521058e+00 -7.383354e+00  3.000000e+00
   endloop
 endfacet
 facet normal  0.000000e+00  0.000000e+00  1.000000e+00
   outer loop
     vertex  1.159726e+01  1.355134e+01  3.000000e+00
     vertex  1.150242e+01  1.353625e+01  3.000000e+00
     vertex -7.511850e+00 -7.287768e+00  3.000000e+00
   endloop
 endfacet
 facet normal  0.000000e+00  0.000000e+00  1.000000e+00
   outer loop
     vertex  7.555514e+00  1.762090e+01  3.000000e+00
     vertex -1.500000e+01  3.500000e+01  3.000000e+00
     vertex  7.539777e+00  1.752617e+01  3.000000e+00
   endloop
 endfacet
 facet normal  0.000000e+00  0.000000e+00  1.000000e+00
   outer loop
     vertex  1.169164e+01  1.356902e+01  3.000000e+00
     vertex -7.521058e+00 -7.383354e+00  3.000000e+00
     vertex -7.532884e+00 -7.478651e+00  3.000000e+00
   endloop
 endfacet
 facet normal  0.000000e+00  0.000000e+00  1.000000e+00
   outer loop
     vertex  1.169164e+01  1.356902e+01  3.000000e+00
     vertex  1.159726e+01  1.355134e+01  3.000000e+00
     vertex -7.521058e+00 -7.383354e+00  3.000000e+00
   endloop
 endfacet
 facet normal  0.000000e+00  0.000000e+00  1.000000e+00
   outer loop
     vertex  1.169164e+01  1.356902e+01  3.000000e+00
     vertex -7.532884e+00 -7.478651e+00  3.000000e+00
     vertex  1.500000e+01 -3.500000e+01  3.000000e+00
   endloop
 endfacet
 facet normal  0.000000e+00  0.000000e+00  1.000000e+00
   outer loop
     vertex  7.573844e+00  1.771516e+01  3.000000e+00
     vertex -1.500000e+01  3.500000e+01  3.000000e+00
     vertex  7.555514e+00  1.762090e+01  3.000000e+00
   endloop
 endfacet
 facet normal  0.000000e+00  0.000000e+00  1.000000e+00
   outer loop
     vertex  1.178551e+01  1.358929e+01  3.000000e+00
     vertex  1.169164e+01  1.356902e+01  3.000000e+00
     vertex  1.500000e+01 -3.500000e+01  3.000000e+00
   endloop
 endfacet
 facet normal  0.000000e+00  0.000000e+00  1.000000e+00
   outer loop
     vertex  7.594754e+00  1.780889e+01  3.000000e+00
     vertex -1.500000e+01  3.500000e+01  3.000000e+00
     vertex  7.573844e+00  1.771516e+01  3.000000e+00
   endloop
 endfacet
 facet normal  0.000000e+00  0.000000e+00  1.000000e+00
   outer loop
     vertex  1.187878e+01  1.361212e+01  3.000000e+00
     vertex  1.178551e+01  1.358929e+01  3.000000e+00
     vertex  1.500000e+01 -3.500000e+01  3.000000e+00
   endloop
 endfacet
 facet normal  0.000000e+00  0.000000e+00  1.000000e+00
   outer loop
     vertex  7.618226e+00  1.790200e+01  3.000000e+00
     vertex -1.500000e+01  3.500000e+01  3.000000e+00
     vertex  7.594754e+00  1.780889e+01  3.000000e+00
   endloop
 endfacet
 facet normal  0.000000e+00  0.000000e+00  1.000000e+00
   outer loop
     vertex  1.197140e+01  1.363750e+01  3.000000e+00
     vertex  1.187878e+01  1.361212e+01  3.000000e+00
     vertex  1.500000e+01 -3.500000e+01  3.000000e+00
   endloop
 endfacet
 facet normal  0.000000e+00  0.000000e+00  1.000000e+00
   outer loop
     vertex  7.644245e+00  1.799444e+01  3.000000e+00
     vertex -1.500000e+01  3.500000e+01  3.000000e+00
     vertex  7.618226e+00  1.790200e+01  3.000000e+00
   endloop
 endfacet
 facet normal  0.000000e+00  0.000000e+00  1.000000e+00
   outer loop
     vertex  1.206328e+01  1.366542e+01  3.000000e+00
     vertex  1.197140e+01  1.363750e+01  3.000000e+00
     vertex  1.500000e+01 -3.500000e+01  3.000000e+00
   endloop
 endfacet
 facet normal  0.000000e+00  0.000000e+00  1.000000e+00
   outer loop
     vertex  7.672789e+00  1.808613e+01  3.000000e+00
     vertex -1.500000e+01  3.500000e+01  3.000000e+00
     vertex  7.644245e+00  1.799444e+01  3.000000e+00
   endloop
 endfacet
 facet normal  0.000000e+00  0.000000e+00  1.000000e+00
   outer loop
     vertex  1.215436e+01  1.369584e+01  3.000000e+00
     vertex  1.206328e+01  1.366542e+01  3.000000e+00
     vertex  1.500000e+01 -3.500000e+01  3.000000e+00
   endloop
 endfacet
 facet normal  0.000000e+00  0.000000e+00  1.000000e+00
   outer loop
     vertex  7.703838e+00  1.817700e+01  3.000000e+00
     vertex -1.500000e+01  3.500000e+01  3.000000e+00
     vertex  7.672789e+00  1.808613e+01  3.000000e+00
   endloop
 endfacet
 facet normal  0.000000e+00  0.000000e+00  1.000000e+00
   outer loop
     vertex  1.224457e+01  1.372875e+01  3.000000e+00
     vertex  1.215436e+01  1.369584e+01  3.000000e+00
     vertex  1.500000e+01 -3.500000e+01  3.000000e+00
   endloop
 endfacet
 facet normal  0.000000e+00  0.000000e+00  1.000000e+00
   outer loop
     vertex  7.737369e+00  1.826698e+01  3.000000e+00
     vertex -1.500000e+01  3.500000e+01  3.000000e+00
     vertex  7.703838e+00  1.817700e+01  3.000000e+00
   endloop
 endfacet
 facet normal  0.000000e+00  0.000000e+00  1.000000e+00
   outer loop
     vertex  1.233384e+01  1.376413e+01  3.000000e+00
     vertex  1.224457e+01  1.372875e+01  3.000000e+00
     vertex  1.500000e+01 -3.500000e+01  3.000000e+00
   endloop
 endfacet
 facet normal  0.000000e+00  0.000000e+00  1.000000e+00
   outer loop
     vertex  7.773355e+00  1.835601e+01  3.000000e+00
     vertex -1.500000e+01  3.500000e+01  3.000000e+00
     vertex  7.737369e+00  1.826698e+01  3.000000e+00
   endloop
 endfacet
 facet normal  0.000000e+00  0.000000e+00  1.000000e+00
   outer loop
     vertex  1.242212e+01  1.380194e+01  3.000000e+00
     vertex  1.233384e+01  1.376413e+01  3.000000e+00
     vertex  1.500000e+01 -3.500000e+01  3.000000e+00
   endloop
 endfacet
 facet normal  0.000000e+00  0.000000e+00  1.000000e+00
   outer loop
     vertex  7.811770e+00  1.844402e+01  3.000000e+00
     vertex -1.500000e+01  3.500000e+01  3.000000e+00
     vertex  7.773355e+00  1.835601e+01  3.000000e+00
   endloop
 endfacet
 facet normal  0.000000e+00  0.000000e+00  1.000000e+00
   outer loop
     vertex  1.250932e+01  1.384216e+01  3.000000e+00
     vertex  1.242212e+01  1.380194e+01  3.000000e+00
     vertex  1.500000e+01 -3.500000e+01  3.000000e+00
   endloop
 endfacet
 facet normal  0.000000e+00  0.000000e+00  1.000000e+00
   outer loop
     vertex  7.852586e+00  1.853094e+01  3.000000e+00
     vertex -1.500000e+01  3.500000e+01  3.000000e+00
     vertex  7.811770e+00  1.844402e+01  3.000000e+00
   endloop
 endfacet
 facet normal  0.000000e+00  0.000000e+00  1.000000e+00
   outer loop
     vertex  1.259538e+01  1.388475e+01  3.000000e+00
     vertex  1.250932e+01  1.384216e+01  3.000000e+00
     vertex  1.500000e+01 -3.500000e+01  3.000000e+00
   endloop
 endfacet
 facet normal  0.000000e+00  0.000000e+00  1.000000e+00
   outer loop
     vertex  7.895770e+00  1.861671e+01  3.000000e+00
     vertex -1.500000e+01  3.500000e+01  3.000000e+00
     vertex  7.852586e+00  1.853094e+01  3.000000e+00
   endloop
 endfacet
 facet normal  0.000000e+00  0.000000e+00  1.000000e+00
   outer loop
     vertex  1.268024e+01  1.392969e+01  3.000000e+00
     vertex  1.259538e+01  1.388475e+01  3.000000e+00
     vertex  1.500000e+01 -3.500000e+01  3.000000e+00
   endloop
 endfacet
 facet normal  0.000000e+00  0.000000e+00  1.000000e+00
   outer loop
     vertex  7.941291e+00  1.870126e+01  3.000000e+00
     vertex -1.500000e+01  3.500000e+01  3.000000e+00
     vertex  7.895770e+00  1.861671e+01  3.000000e+00
   endloop
 endfacet
 facet normal  0.000000e+00  0.000000e+00  1.000000e+00
   outer loop
     vertex  1.276384e+01  1.397695e+01  3.000000e+00
     vertex  1.268024e+01  1.392969e+01  3.000000e+00
     vertex  1.500000e+01 -3.500000e+01  3.000000e+00
   endloop
 endfacet
 facet normal  0.000000e+00  0.000000e+00  1.000000e+00
   outer loop
     vertex  7.989115e+00  1.878454e+01  3.000000e+00
     vertex -1.500000e+01  3.500000e+01  3.000000e+00
     vertex  7.941291e+00  1.870126e+01  3.000000e+00
   endloop
 endfacet
 facet normal  0.000000e+00  0.000000e+00  1.000000e+00
   outer loop
     vertex  1.284611e+01  1.402647e+01  3.000000e+00
     vertex  1.276384e+01  1.397695e+01  3.000000e+00
     vertex  1.500000e+01 -3.500000e+01  3.000000e+00
   endloop
 endfacet
 facet normal  0.000000e+00  0.000000e+00  1.000000e+00
   outer loop
     vertex  8.039206e+00  1.886647e+01  3.000000e+00
     vertex -1.500000e+01  3.500000e+01  3.000000e+00
     vertex  7.989115e+00  1.878454e+01  3.000000e+00
   endloop
 endfacet
 facet normal  0.000000e+00  0.000000e+00  1.000000e+00
   outer loop
     vertex  1.292699e+01  1.407824e+01  3.000000e+00
     vertex  1.284611e+01  1.402647e+01  3.000000e+00
     vertex  1.500000e+01 -3.500000e+01  3.000000e+00
   endloop
 endfacet
 facet normal  0.000000e+00  0.000000e+00  1.000000e+00
   outer loop
     vertex  8.091525e+00  1.894699e+01  3.000000e+00
     vertex -1.500000e+01  3.500000e+01  3.000000e+00
     vertex  8.039206e+00  1.886647e+01  3.000000e+00
   endloop
 endfacet
 facet normal  0.000000e+00  0.000000e+00  1.000000e+00
   outer loop
     vertex  1.300642e+01  1.413220e+01  3.000000e+00
     vertex  1.292699e+01  1.407824e+01  3.000000e+00
     vertex  1.500000e+01 -3.500000e+01  3.000000e+00
   endloop
 endfacet
 facet normal  0.000000e+00  0.000000e+00  1.000000e+00
   outer loop
     vertex  8.146033e+00  1.902605e+01  3.000000e+00
     vertex -1.500000e+01  3.500000e+01  3.000000e+00
     vertex  8.091525e+00  1.894699e+01  3.000000e+00
   endloop
 endfacet
 facet normal  0.000000e+00  0.000000e+00  1.000000e+00
   outer loop
     vertex  1.308434e+01  1.418833e+01  3.000000e+00
     vertex  1.300642e+01  1.413220e+01  3.000000e+00
     vertex  1.500000e+01 -3.500000e+01  3.000000e+00
   endloop
 endfacet
 facet normal  0.000000e+00  0.000000e+00  1.000000e+00
   outer loop
     vertex  8.202690e+00  1.910358e+01  3.000000e+00
     vertex -1.500000e+01  3.500000e+01  3.000000e+00
     vertex  8.146033e+00  1.902605e+01  3.000000e+00
   endloop
 endfacet
 facet normal  0.000000e+00  0.000000e+00  1.000000e+00
   outer loop
     vertex  1.316070e+01  1.424657e+01  3.000000e+00
     vertex  1.308434e+01  1.418833e+01  3.000000e+00
     vertex  1.500000e+01 -3.500000e+01  3.000000e+00
   endloop
 endfacet
 facet normal  0.000000e+00  0.000000e+00  1.000000e+00
   outer loop
     vertex  8.261453e+00  1.917953e+01  3.000000e+00
     vertex -1.500000e+01  3.500000e+01  3.000000e+00
     vertex  8.202690e+00  1.910358e+01  3.000000e+00
   endloop
 endfacet
 facet normal  0.000000e+00  0.000000e+00  1.000000e+00
   outer loop
     vertex  1.323542e+01  1.430688e+01  3.000000e+00
     vertex  1.316070e+01  1.424657e+01  3.000000e+00
     vertex  1.500000e+01 -3.500000e+01  3.000000e+00
   endloop
 endfacet
 facet normal  0.000000e+00  0.000000e+00  1.000000e+00
   outer loop
     vertex  8.322277e+00  1.925384e+01  3.000000e+00
     vertex -1.500000e+01  3.500000e+01  3.000000e+00
     vertex  8.261453e+00  1.917953e+01  3.000000e+00
   endloop
 endfacet
 facet normal  0.000000e+00  0.000000e+00  1.000000e+00
   outer loop
     vertex  1.330846e+01  1.436922e+01  3.000000e+00
     vertex  1.323542e+01  1.430688e+01  3.000000e+00
     vertex  1.500000e+01 -3.500000e+01  3.000000e+00
   endloop
 endfacet
 facet normal  0.000000e+00  0.000000e+00  1.000000e+00
   outer loop
     vertex  8.385117e+00  1.932645e+01  3.000000e+00
     vertex -1.500000e+01  3.500000e+01  3.000000e+00
     vertex  8.322277e+00  1.925384e+01  3.000000e+00
   endloop
 endfacet
 facet normal  0.000000e+00  0.000000e+00  1.000000e+00
   outer loop
     vertex  1.337977e+01  1.443354e+01  3.000000e+00
     vertex  1.330846e+01  1.436922e+01  3.000000e+00
     vertex  1.500000e+01 -3.500000e+01  3.000000e+00
   endloop
 endfacet
 facet normal  0.000000e+00  0.000000e+00  1.000000e+00
   outer loop
     vertex  8.449925e+00  1.939731e+01  3.000000e+00
     vertex -1.500000e+01  3.500000e+01  3.000000e+00
     vertex  8.385117e+00  1.932645e+01  3.000000e+00
   endloop
 endfacet
 facet normal  0.000000e+00  0.000000e+00  1.000000e+00
   outer loop
     vertex  1.344928e+01  1.449979e+01  3.000000e+00
     vertex  1.337977e+01  1.443354e+01  3.000000e+00
     vertex  1.500000e+01 -3.500000e+01  3.000000e+00
   endloop
 endfacet
 facet normal  0.000000e+00  0.000000e+00  1.000000e+00
   outer loop
     vertex  8.516653e+00  1.946637e+01  3.000000e+00
     vertex -1.500000e+01  3.500000e+01  3.000000e+00
     vertex  8.449925e+00  1.939731e+01  3.000000e+00
   endloop
 endfacet
 facet normal  0.000000e+00  0.000000e+00  1.000000e+00
   outer loop
     vertex  1.351695e+01  1.456793e+01  3.000000e+00
     vertex  1.344928e+01  1.449979e+01  3.000000e+00
     vertex  1.500000e+01 -3.500000e+01  3.000000e+00
   endloop
 endfacet
 facet normal  0.000000e+00  0.000000e+00  1.000000e+00
   outer loop
     vertex  8.585250e+00  1.953357e+01  3.000000e+00
     vertex -1.500000e+01  3.500000e+01  3.000000e+00
     vertex  8.516653e+00  1.946637e+01  3.000000e+00
   endloop
 endfacet
 facet normal  0.000000e+00  0.000000e+00  1.000000e+00
   outer loop
     vertex  1.358272e+01  1.463789e+01  3.000000e+00
     vertex  1.351695e+01  1.456793e+01  3.000000e+00
     vertex  1.500000e+01 -3.500000e+01  3.000000e+00
   endloop
 endfacet
 facet normal  0.000000e+00  0.000000e+00  1.000000e+00
   outer loop
     vertex  8.655665e+00  1.959886e+01  3.000000e+00
     vertex -1.500000e+01  3.500000e+01  3.000000e+00
     vertex  8.585250e+00  1.953357e+01  3.000000e+00
   endloop
 endfacet
 facet normal  0.000000e+00  0.000000e+00  1.000000e+00
   outer loop
     vertex  1.364655e+01  1.470964e+01  3.000000e+00
     vertex  1.358272e+01  1.463789e+01  3.000000e+00
     vertex  1.500000e+01 -3.500000e+01  3.000000e+00
   endloop
 endfacet
 facet normal  0.000000e+00  0.000000e+00  1.000000e+00
   outer loop
     vertex  8.727845e+00  1.966220e+01  3.000000e+00
     vertex -1.500000e+01  3.500000e+01  3.000000e+00
     vertex  8.655665e+00  1.959886e+01  3.000000e+00
   endloop
 endfacet
 facet normal  0.000000e+00  0.000000e+00  1.000000e+00
   outer loop
     vertex  1.370839e+01  1.478311e+01  3.000000e+00
     vertex  1.364655e+01  1.470964e+01  3.000000e+00
     vertex  1.500000e+01 -3.500000e+01  3.000000e+00
   endloop
 endfacet
 facet normal  0.000000e+00  0.000000e+00  1.000000e+00
   outer loop
     vertex  8.801735e+00  1.972353e+01  3.000000e+00
     vertex -1.500000e+01  3.500000e+01  3.000000e+00
     vertex  8.727845e+00  1.966220e+01  3.000000e+00
   endloop
 endfacet
 facet normal  0.000000e+00  0.000000e+00  1.000000e+00
   outer loop
     vertex  1.376819e+01  1.485824e+01  3.000000e+00
     vertex  1.370839e+01  1.478311e+01  3.000000e+00
     vertex  1.500000e+01 -3.500000e+01  3.000000e+00
   endloop
 endfacet
 facet normal  0.000000e+00  0.000000e+00  1.000000e+00
   outer loop
     vertex  8.877280e+00  1.978281e+01  3.000000e+00
     vertex -1.500000e+01  3.500000e+01  3.000000e+00
     vertex  8.801735e+00  1.972353e+01  3.000000e+00
   endloop
 endfacet
 facet normal  0.000000e+00  0.000000e+00  1.000000e+00
   outer loop
     vertex  1.382590e+01  1.493499e+01  3.000000e+00
     vertex  1.376819e+01  1.485824e+01  3.000000e+00
     vertex  1.500000e+01 -3.500000e+01  3.000000e+00
   endloop
 endfacet
 facet normal  0.000000e+00  0.000000e+00  1.000000e+00
   outer loop
     vertex  8.954423e+00  1.984000e+01  3.000000e+00
     vertex -1.500000e+01  3.500000e+01  3.000000e+00
     vertex  8.877280e+00  1.978281e+01  3.000000e+00
   endloop
 endfacet
 facet normal  0.000000e+00  0.000000e+00  1.000000e+00
   outer loop
     vertex  1.388149e+01  1.501329e+01  3.000000e+00
     vertex  1.382590e+01  1.493499e+01  3.000000e+00
     vertex  1.500000e+01 -3.500000e+01  3.000000e+00
   endloop
 endfacet
 facet normal  0.000000e+00  0.000000e+00  1.000000e+00
   outer loop
     vertex  1.393491e+01  1.509309e+01  3.000000e+00
     vertex  1.388149e+01  1.501329e+01  3.000000e+00
     vertex  1.500000e+01 -3.500000e+01  3.000000e+00
   endloop
 endfacet
 facet normal  0.000000e+00  0.000000e+00  1.000000e+00
   outer loop
     vertex  1.398612e+01  1.517433e+01  3.000000e+00
     vertex  1.393491e+01  1.509309e+01  3.000000e+00
     vertex  1.500000e+01 -3.500000e+01  3.000000e+00
   endloop
 endfacet
 facet normal  0.000000e+00  0.000000e+00  1.000000e+00
   outer loop
     vertex  1.403508e+01  1.525694e+01  3.000000e+00
     vertex  1.398612e+01  1.517433e+01  3.000000e+00
     vertex  1.500000e+01 -3.500000e+01  3.000000e+00
   endloop
 endfacet
 facet normal  0.000000e+00  0.000000e+00  1.000000e+00
   outer loop
     vertex  1.408176e+01  1.534086e+01  3.000000e+00
     vertex  1.403508e+01  1.525694e+01  3.000000e+00
     vertex  1.500000e+01 -3.500000e+01  3.000000e+00
   endloop
 endfacet
 facet normal  0.000000e+00  0.000000e+00  1.000000e+00
   outer loop
     vertex  1.412612e+01  1.542603e+01  3.000000e+00
     vertex  1.408176e+01  1.534086e+01  3.000000e+00
     vertex  1.500000e+01 -3.500000e+01  3.000000e+00
   endloop
 endfacet
 facet normal  0.000000e+00  0.000000e+00  1.000000e+00
   outer loop
     vertex  1.416812e+01  1.551238e+01  3.000000e+00
     vertex  1.412612e+01  1.542603e+01  3.000000e+00
     vertex  1.500000e+01 -3.500000e+01  3.000000e+00
   endloop
 endfacet
 facet normal  0.000000e+00  0.000000e+00  1.000000e+00
   outer loop
     vertex  1.420774e+01  1.559985e+01  3.000000e+00
     vertex  1.416812e+01  1.551238e+01  3.000000e+00
     vertex  1.500000e+01 -3.500000e+01  3.000000e+00
   endloop
 endfacet
 facet normal  0.000000e+00  0.000000e+00  1.000000e+00
   outer loop
     vertex  1.424494e+01  1.568838e+01  3.000000e+00
     vertex  1.420774e+01  1.559985e+01  3.000000e+00
     vertex  1.500000e+01 -3.500000e+01  3.000000e+00
   endloop
 endfacet
 facet normal  0.000000e+00  0.000000e+00  1.000000e+00
   outer loop
     vertex  1.427971e+01  1.577790e+01  3.000000e+00
     vertex  1.424494e+01  1.568838e+01  3.000000e+00
     vertex  1.500000e+01 -3.500000e+01  3.000000e+00
   endloop
 endfacet
 facet normal  0.000000e+00  0.000000e+00  1.000000e+00
   outer loop
     vertex  1.500000e+01  3.500000e+01  3.000000e+00
     vertex  9.800423e+00  2.028801e+01  3.000000e+00
     vertex  9.891078e+00  2.031968e+01  3.000000e+00
   endloop
 endfacet
 facet normal  0.000000e+00  0.000000e+00  1.000000e+00
   outer loop
     vertex  1.500000e+01  3.500000e+01  3.000000e+00
     vertex  9.710671e+00  2.025386e+01  3.000000e+00
     vertex  9.800423e+00  2.028801e+01  3.000000e+00
   endloop
 endfacet
 facet normal  0.000000e+00  0.000000e+00  1.000000e+00
   outer loop
     vertex  1.500000e+01  3.500000e+01  3.000000e+00
     vertex  9.621890e+00  2.021727e+01  3.000000e+00
     vertex  9.710671e+00  2.025386e+01  3.000000e+00
   endloop
 endfacet
 facet normal  0.000000e+00  0.000000e+00  1.000000e+00
   outer loop
     vertex  1.500000e+01  3.500000e+01  3.000000e+00
     vertex  9.534146e+00  2.017825e+01  3.000000e+00
     vertex  9.621890e+00  2.021727e+01  3.000000e+00
   endloop
 endfacet
 facet normal  0.000000e+00  0.000000e+00  1.000000e+00
   outer loop
     vertex  1.500000e+01  3.500000e+01  3.000000e+00
     vertex  9.447505e+00  2.013684e+01  3.000000e+00
     vertex  9.534146e+00  2.017825e+01  3.000000e+00
   endloop
 endfacet
 facet normal  0.000000e+00  0.000000e+00  1.000000e+00
   outer loop
     vertex  1.500000e+01  3.500000e+01  3.000000e+00
     vertex  9.362033e+00  2.009307e+01  3.000000e+00
     vertex  9.447505e+00  2.013684e+01  3.000000e+00
   endloop
 endfacet
 facet normal  0.000000e+00  0.000000e+00  1.000000e+00
   outer loop
     vertex  1.500000e+01  3.500000e+01  3.000000e+00
     vertex  9.277795e+00  2.004697e+01  3.000000e+00
     vertex  9.362033e+00  2.009307e+01  3.000000e+00
   endloop
 endfacet
 facet normal  0.000000e+00  0.000000e+00  1.000000e+00
   outer loop
     vertex  1.500000e+01  3.500000e+01  3.000000e+00
     vertex  9.194852e+00  1.999857e+01  3.000000e+00
     vertex  9.277795e+00  2.004697e+01  3.000000e+00
   endloop
 endfacet
 facet normal  0.000000e+00  0.000000e+00  1.000000e+00
   outer loop
     vertex  1.500000e+01  3.500000e+01  3.000000e+00
     vertex  9.113269e+00  1.994792e+01  3.000000e+00
     vertex  9.194852e+00  1.999857e+01  3.000000e+00
   endloop
 endfacet
 facet normal  0.000000e+00  0.000000e+00  1.000000e+00
   outer loop
     vertex  1.500000e+01  3.500000e+01  3.000000e+00
     vertex  9.033105e+00  1.989505e+01  3.000000e+00
     vertex  9.113269e+00  1.994792e+01  3.000000e+00
   endloop
 endfacet
 facet normal  0.000000e+00  0.000000e+00  1.000000e+00
   outer loop
     vertex  1.500000e+01  3.500000e+01  3.000000e+00
     vertex  8.954423e+00  1.984000e+01  3.000000e+00
     vertex  9.033105e+00  1.989505e+01  3.000000e+00
   endloop
 endfacet
 facet normal  0.000000e+00  0.000000e+00  1.000000e+00
   outer loop
     vertex  1.500000e+01  3.500000e+01  3.000000e+00
     vertex  1.447894e+01  1.738335e+01  3.000000e+00
     vertex  1.448815e+01  1.728777e+01  3.000000e+00
   endloop
 endfacet
 facet normal  0.000000e+00  0.000000e+00  1.000000e+00
   outer loop
     vertex  1.500000e+01  3.500000e+01  3.000000e+00
     vertex  1.446712e+01  1.747865e+01  3.000000e+00
     vertex  1.447894e+01  1.738335e+01  3.000000e+00
   endloop
 endfacet
 facet normal  0.000000e+00  0.000000e+00  1.000000e+00
   outer loop
     vertex  1.500000e+01  3.500000e+01  3.000000e+00
     vertex  1.445268e+01  1.757359e+01  3.000000e+00
     vertex  1.446712e+01  1.747865e+01  3.000000e+00
   endloop
 endfacet
 facet normal  0.000000e+00  0.000000e+00  1.000000e+00
   outer loop
     vertex  1.500000e+01  3.500000e+01  3.000000e+00
     vertex  1.443564e+01  1.766809e+01  3.000000e+00
     vertex  1.445268e+01  1.757359e+01  3.000000e+00
   endloop
 endfacet
 facet normal  0.000000e+00  0.000000e+00  1.000000e+00
   outer loop
     vertex  1.500000e+01  3.500000e+01  3.000000e+00
     vertex  1.441602e+01  1.776210e+01  3.000000e+00
     vertex  1.443564e+01  1.766809e+01  3.000000e+00
   endloop
 endfacet
 facet normal  0.000000e+00  0.000000e+00  1.000000e+00
   outer loop
     vertex  1.500000e+01  3.500000e+01  3.000000e+00
     vertex  1.439383e+01  1.785552e+01  3.000000e+00
     vertex  1.441602e+01  1.776210e+01  3.000000e+00
   endloop
 endfacet
 facet normal  0.000000e+00  0.000000e+00  1.000000e+00
   outer loop
     vertex  1.500000e+01  3.500000e+01  3.000000e+00
     vertex  1.436908e+01  1.794831e+01  3.000000e+00
     vertex  1.439383e+01  1.785552e+01  3.000000e+00
   endloop
 endfacet
 facet normal  0.000000e+00  0.000000e+00  1.000000e+00
   outer loop
     vertex  1.500000e+01  3.500000e+01  3.000000e+00
     vertex  1.434180e+01  1.804038e+01  3.000000e+00
     vertex  1.436908e+01  1.794831e+01  3.000000e+00
   endloop
 endfacet
 facet normal  0.000000e+00  0.000000e+00  1.000000e+00
   outer loop
     vertex  1.500000e+01  3.500000e+01  3.000000e+00
     vertex  1.431200e+01  1.813167e+01  3.000000e+00
     vertex  1.434180e+01  1.804038e+01  3.000000e+00
   endloop
 endfacet
 facet normal  0.000000e+00  0.000000e+00  1.000000e+00
   outer loop
     vertex  1.500000e+01  3.500000e+01  3.000000e+00
     vertex  1.427971e+01  1.822210e+01  3.000000e+00
     vertex  1.431200e+01  1.813167e+01  3.000000e+00
   endloop
 endfacet
 facet normal  0.000000e+00  0.000000e+00  1.000000e+00
   outer loop
     vertex  1.500000e+01  3.500000e+01  3.000000e+00
     vertex  1.424494e+01  1.831162e+01  3.000000e+00
     vertex  1.427971e+01  1.822210e+01  3.000000e+00
   endloop
 endfacet
 facet normal  0.000000e+00  0.000000e+00  1.000000e+00
   outer loop
     vertex  1.500000e+01  3.500000e+01  3.000000e+00
     vertex  1.420774e+01  1.840015e+01  3.000000e+00
     vertex  1.424494e+01  1.831162e+01  3.000000e+00
   endloop
 endfacet
 facet normal  0.000000e+00  0.000000e+00  1.000000e+00
   outer loop
     vertex  1.500000e+01  3.500000e+01  3.000000e+00
     vertex  1.416812e+01  1.848762e+01  3.000000e+00
     vertex  1.420774e+01  1.840015e+01  3.000000e+00
   endloop
 endfacet
 facet normal  0.000000e+00  0.000000e+00  1.000000e+00
   outer loop
     vertex  1.500000e+01  3.500000e+01  3.000000e+00
     vertex  1.412612e+01  1.857397e+01  3.000000e+00
     vertex  1.416812e+01  1.848762e+01  3.000000e+00
   endloop
 endfacet
 facet normal  0.000000e+00  0.000000e+00  1.000000e+00
   outer loop
     vertex  1.500000e+01  3.500000e+01  3.000000e+00
     vertex  1.408176e+01  1.865914e+01  3.000000e+00
     vertex  1.412612e+01  1.857397e+01  3.000000e+00
   endloop
 endfacet
 facet normal  0.000000e+00  0.000000e+00  1.000000e+00
   outer loop
     vertex  1.500000e+01  3.500000e+01  3.000000e+00
     vertex  1.403508e+01  1.874306e+01  3.000000e+00
     vertex  1.408176e+01  1.865914e+01  3.000000e+00
   endloop
 endfacet
 facet normal  0.000000e+00  0.000000e+00  1.000000e+00
   outer loop
     vertex  1.500000e+01  3.500000e+01  3.000000e+00
     vertex  1.398612e+01  1.882567e+01  3.000000e+00
     vertex  1.403508e+01  1.874306e+01  3.000000e+00
   endloop
 endfacet
 facet normal  0.000000e+00  0.000000e+00  1.000000e+00
   outer loop
     vertex  1.500000e+01  3.500000e+01  3.000000e+00
     vertex  1.393491e+01  1.890691e+01  3.000000e+00
     vertex  1.398612e+01  1.882567e+01  3.000000e+00
   endloop
 endfacet
 facet normal  0.000000e+00  0.000000e+00  1.000000e+00
   outer loop
     vertex  1.500000e+01  3.500000e+01  3.000000e+00
     vertex  1.388149e+01  1.898671e+01  3.000000e+00
     vertex  1.393491e+01  1.890691e+01  3.000000e+00
   endloop
 endfacet
 facet normal  0.000000e+00  0.000000e+00  1.000000e+00
   outer loop
     vertex  1.500000e+01  3.500000e+01  3.000000e+00
     vertex  1.382590e+01  1.906501e+01  3.000000e+00
     vertex  1.388149e+01  1.898671e+01  3.000000e+00
   endloop
 endfacet
 facet normal  0.000000e+00  0.000000e+00  1.000000e+00
   outer loop
     vertex  1.500000e+01  3.500000e+01  3.000000e+00
     vertex  1.376819e+01  1.914176e+01  3.000000e+00
     vertex  1.382590e+01  1.906501e+01  3.000000e+00
   endloop
 endfacet
 facet normal  0.000000e+00  0.000000e+00  1.000000e+00
   outer loop
     vertex  1.500000e+01  3.500000e+01  3.000000e+00
     vertex  1.370839e+01  1.921689e+01  3.000000e+00
     vertex  1.376819e+01  1.914176e+01  3.000000e+00
   endloop
 endfacet
 facet normal  0.000000e+00  0.000000e+00  1.000000e+00
   outer loop
     vertex  1.500000e+01  3.500000e+01  3.000000e+00
     vertex  1.364655e+01  1.929036e+01  3.000000e+00
     vertex  1.370839e+01  1.921689e+01  3.000000e+00
   endloop
 endfacet
 facet normal  0.000000e+00  0.000000e+00  1.000000e+00
   outer loop
     vertex  1.500000e+01  3.500000e+01  3.000000e+00
     vertex  1.358272e+01  1.936211e+01  3.000000e+00
     vertex  1.364655e+01  1.929036e+01  3.000000e+00
   endloop
 endfacet
 facet normal  0.000000e+00  0.000000e+00  1.000000e+00
   outer loop
     vertex  1.500000e+01  3.500000e+01  3.000000e+00
     vertex  1.351695e+01  1.943207e+01  3.000000e+00
     vertex  1.358272e+01  1.936211e+01  3.000000e+00
   endloop
 endfacet
 facet normal  0.000000e+00  0.000000e+00  1.000000e+00
   outer loop
     vertex  1.500000e+01  3.500000e+01  3.000000e+00
     vertex  1.344928e+01  1.950021e+01  3.000000e+00
     vertex  1.351695e+01  1.943207e+01  3.000000e+00
   endloop
 endfacet
 facet normal  0.000000e+00  0.000000e+00  1.000000e+00
   outer loop
     vertex  1.500000e+01  3.500000e+01  3.000000e+00
     vertex  1.337977e+01  1.956646e+01  3.000000e+00
     vertex  1.344928e+01  1.950021e+01  3.000000e+00
   endloop
 endfacet
 facet normal  0.000000e+00  0.000000e+00  1.000000e+00
   outer loop
     vertex  1.500000e+01  3.500000e+01  3.000000e+00
     vertex  1.330846e+01  1.963078e+01  3.000000e+00
     vertex  1.337977e+01  1.956646e+01  3.000000e+00
   endloop
 endfacet
 facet normal  0.000000e+00  0.000000e+00  1.000000e+00
   outer loop
     vertex  1.500000e+01  3.500000e+01  3.000000e+00
     vertex  1.323542e+01  1.969312e+01  3.000000e+00
     vertex  1.330846e+01  1.963078e+01  3.000000e+00
   endloop
 endfacet
 facet normal  0.000000e+00  0.000000e+00  1.000000e+00
   outer loop
     vertex  1.500000e+01  3.500000e+01  3.000000e+00
     vertex  1.316070e+01  1.975343e+01  3.000000e+00
     vertex  1.323542e+01  1.969312e+01  3.000000e+00
   endloop
 endfacet
 facet normal  0.000000e+00  0.000000e+00  1.000000e+00
   outer loop
     vertex  1.500000e+01  3.500000e+01  3.000000e+00
     vertex  1.308434e+01  1.981167e+01  3.000000e+00
     vertex  1.316070e+01  1.975343e+01  3.000000e+00
   endloop
 endfacet
 facet normal  0.000000e+00  0.000000e+00  1.000000e+00
   outer loop
     vertex  1.500000e+01  3.500000e+01  3.000000e+00
     vertex  1.300642e+01  1.986780e+01  3.000000e+00
     vertex  1.308434e+01  1.981167e+01  3.000000e+00
   endloop
 endfacet
 facet normal  0.000000e+00  0.000000e+00  1.000000e+00
   outer loop
     vertex  1.500000e+01  3.500000e+01  3.000000e+00
     vertex  1.292699e+01  1.992176e+01  3.000000e+00
     vertex  1.300642e+01  1.986780e+01  3.000000e+00
   endloop
 endfacet
 facet normal  0.000000e+00  0.000000e+00  1.000000e+00
   outer loop
     vertex  1.500000e+01  3.500000e+01  3.000000e+00
     vertex  1.284611e+01  1.997353e+01  3.000000e+00
     vertex  1.292699e+01  1.992176e+01  3.000000e+00
   endloop
 endfacet
 facet normal  0.000000e+00  0.000000e+00  1.000000e+00
   outer loop
     vertex  1.500000e+01  3.500000e+01  3.000000e+00
     vertex  1.276384e+01  2.002305e+01  3.000000e+00
     vertex  1.284611e+01  1.997353e+01  3.000000e+00
   endloop
 endfacet
 facet normal  0.000000e+00  0.000000e+00  1.000000e+00
   outer loop
     vertex  1.500000e+01  3.500000e+01  3.000000e+00
     vertex  1.268024e+01  2.007031e+01  3.000000e+00
     vertex  1.276384e+01  2.002305e+01  3.000000e+00
   endloop
 endfacet
 facet normal  0.000000e+00  0.000000e+00  1.000000e+00
   outer loop
     vertex  1.500000e+01  3.500000e+01  3.000000e+00
     vertex -1.500000e+01  3.500000e+01  3.000000e+00
     vertex  8.954423e+00  1.984000e+01  3.000000e+00
   endloop
 endfacet
 facet normal  0.000000e+00  0.000000e+00  1.000000e+00
   outer loop
     vertex  1.500000e+01  3.500000e+01  3.000000e+00
     vertex  1.259538e+01  2.011525e+01  3.000000e+00
     vertex  1.268024e+01  2.007031e+01  3.000000e+00
   endloop
 endfacet
 facet normal  0.000000e+00  0.000000e+00  1.000000e+00
   outer loop
     vertex  1.500000e+01  3.500000e+01  3.000000e+00
     vertex  1.250932e+01  2.015784e+01  3.000000e+00
     vertex  1.259538e+01  2.011525e+01  3.000000e+00
   endloop
 endfacet
 facet normal  0.000000e+00  0.000000e+00  1.000000e+00
   outer loop
     vertex  1.500000e+01  3.500000e+01  3.000000e+00
     vertex  1.242212e+01  2.019806e+01  3.000000e+00
     vertex  1.250932e+01  2.015784e+01  3.000000e+00
   endloop
 endfacet
 facet normal  0.000000e+00  0.000000e+00  1.000000e+00
   outer loop
     vertex  1.500000e+01  3.500000e+01  3.000000e+00
     vertex  1.233384e+01  2.023587e+01  3.000000e+00
     vertex  1.242212e+01  2.019806e+01  3.000000e+00
   endloop
 endfacet
 facet normal  0.000000e+00  0.000000e+00  1.000000e+00
   outer loop
     vertex  1.500000e+01  3.500000e+01  3.000000e+00
     vertex  1.224457e+01  2.027125e+01  3.000000e+00
     vertex  1.233384e+01  2.023587e+01  3.000000e+00
   endloop
 endfacet
 facet normal  0.000000e+00  0.000000e+00  1.000000e+00
   outer loop
     vertex  1.500000e+01  3.500000e+01  3.000000e+00
     vertex  1.215436e+01  2.030416e+01  3.000000e+00
     vertex  1.224457e+01  2.027125e+01  3.000000e+00
   endloop
 endfacet
 facet normal  0.000000e+00  0.000000e+00  1.000000e+00
   outer loop
     vertex  1.500000e+01  3.500000e+01  3.000000e+00
     vertex  1.206328e+01  2.033458e+01  3.000000e+00
     vertex  1.215436e+01  2.030416e+01  3.000000e+00
   endloop
 endfacet
 facet normal  0.000000e+00  0.000000e+00  1.000000e+00
   outer loop
     vertex  1.500000e+01  3.500000e+01  3.000000e+00
     vertex  1.197140e+01  2.036250e+01  3.000000e+00
     vertex  1.206328e+01  2.033458e+01  3.000000e+00
   endloop
 endfacet
 facet normal  0.000000e+00  0.000000e+00  1.000000e+00
   outer loop
     vertex  1.500000e+01  3.500000e+01  3.000000e+00
     vertex  1.187878e+01  2.038788e+01  3.000000e+00
     vertex  1.197140e+01  2.036250e+01  3.000000e+00
   endloop
 endfacet
 facet normal  0.000000e+00  0.000000e+00  1.000000e+00
   outer loop
     vertex  1.500000e+01  3.500000e+01  3.000000e+00
     vertex  1.178551e+01  2.041071e+01  3.000000e+00
     vertex  1.187878e+01  2.038788e+01  3.000000e+00
   endloop
 endfacet
 facet normal  0.000000e+00  0.000000e+00  1.000000e+00
   outer loop
     vertex  1.500000e+01  3.500000e+01  3.000000e+00
     vertex  1.169164e+01  2.043098e+01  3.000000e+00
     vertex  1.178551e+01  2.041071e+01  3.000000e+00
   endloop
 endfacet
 facet normal  0.000000e+00  0.000000e+00  1.000000e+00
   outer loop
     vertex  1.500000e+01  3.500000e+01  3.000000e+00
     vertex  1.159726e+01  2.044866e+01  3.000000e+00
     vertex  1.169164e+01  2.043098e+01  3.000000e+00
   endloop
 endfacet
 facet normal  0.000000e+00  0.000000e+00  1.000000e+00
   outer loop
     vertex  1.500000e+01  3.500000e+01  3.000000e+00
     vertex  1.150242e+01  2.046375e+01  3.000000e+00
     vertex  1.159726e+01  2.044866e+01  3.000000e+00
   endloop
 endfacet
 facet normal  0.000000e+00  0.000000e+00  1.000000e+00
   outer loop
     vertex  1.500000e+01  3.500000e+01  3.000000e+00
     vertex  1.140721e+01  2.047623e+01  3.000000e+00
     vertex  1.150242e+01  2.046375e+01  3.000000e+00
   endloop
 endfacet
 facet normal  0.000000e+00  0.000000e+00  1.000000e+00
   outer loop
     vertex  1.500000e+01  3.500000e+01  3.000000e+00
     vertex  1.131169e+01  2.048609e+01  3.000000e+00
     vertex  1.140721e+01  2.047623e+01  3.000000e+00
   endloop
 endfacet
 facet normal  0.000000e+00  0.000000e+00  1.000000e+00
   outer loop
     vertex  1.500000e+01  3.500000e+01  3.000000e+00
     vertex  1.121593e+01  2.049333e+01  3.000000e+00
     vertex  1.131169e+01  2.048609e+01  3.000000e+00
   endloop
 endfacet
 facet normal  0.000000e+00  0.000000e+00  1.000000e+00
   outer loop
     vertex  1.500000e+01  3.500000e+01  3.000000e+00
     vertex  1.112002e+01  2.049794e+01  3.000000e+00
     vertex  1.121593e+01  2.049333e+01  3.000000e+00
   endloop
 endfacet
 facet normal  0.000000e+00  0.000000e+00  1.000000e+00
   outer loop
     vertex  1.500000e+01  3.500000e+01  3.000000e+00
     vertex  1.102401e+01  2.049992e+01  3.000000e+00
     vertex  1.112002e+01  2.049794e+01  3.000000e+00
   endloop
 endfacet
 facet normal  0.000000e+00  0.000000e+00  1.000000e+00
   outer loop
     vertex  1.500000e+01  3.500000e+01  3.000000e+00
     vertex  1.092798e+01  2.049926e+01  3.000000e+00
     vertex  1.102401e+01  2.049992e+01  3.000000e+00
   endloop
 endfacet
 facet normal  0.000000e+00  0.000000e+00  1.000000e+00
   outer loop
     vertex  1.500000e+01  3.500000e+01  3.000000e+00
     vertex  1.083201e+01  2.049597e+01  3.000000e+00
     vertex  1.092798e+01  2.049926e+01  3.000000e+00
   endloop
 endfacet
 facet normal  0.000000e+00  0.000000e+00  1.000000e+00
   outer loop
     vertex  1.500000e+01  3.500000e+01  3.000000e+00
     vertex  1.073616e+01  2.049004e+01  3.000000e+00
     vertex  1.083201e+01  2.049597e+01  3.000000e+00
   endloop
 endfacet
 facet normal  0.000000e+00  0.000000e+00  1.000000e+00
   outer loop
     vertex  1.500000e+01  3.500000e+01  3.000000e+00
     vertex  1.064052e+01  2.048149e+01  3.000000e+00
     vertex  1.073616e+01  2.049004e+01  3.000000e+00
   endloop
 endfacet
 facet normal  0.000000e+00  0.000000e+00  1.000000e+00
   outer loop
     vertex  1.500000e+01  3.500000e+01  3.000000e+00
     vertex  1.054514e+01  2.047032e+01  3.000000e+00
     vertex  1.064052e+01  2.048149e+01  3.000000e+00
   endloop
 endfacet
 facet normal  0.000000e+00  0.000000e+00  1.000000e+00
   outer loop
     vertex  1.500000e+01  3.500000e+01  3.000000e+00
     vertex  1.045011e+01  2.045653e+01  3.000000e+00
     vertex  1.054514e+01  2.047032e+01  3.000000e+00
   endloop
 endfacet
 facet normal  0.000000e+00  0.000000e+00  1.000000e+00
   outer loop
     vertex  1.500000e+01  3.500000e+01  3.000000e+00
     vertex  1.035549e+01  2.044015e+01  3.000000e+00
     vertex  1.045011e+01  2.045653e+01  3.000000e+00
   endloop
 endfacet
 facet normal  0.000000e+00  0.000000e+00  1.000000e+00
   outer loop
     vertex  1.500000e+01  3.500000e+01  3.000000e+00
     vertex  1.026135e+01  2.042117e+01  3.000000e+00
     vertex  1.035549e+01  2.044015e+01  3.000000e+00
   endloop
 endfacet
 facet normal  0.000000e+00  0.000000e+00  1.000000e+00
   outer loop
     vertex  1.500000e+01  3.500000e+01  3.000000e+00
     vertex  1.016778e+01  2.039962e+01  3.000000e+00
     vertex  1.026135e+01  2.042117e+01  3.000000e+00
   endloop
 endfacet
 facet normal  0.000000e+00  0.000000e+00  1.000000e+00
   outer loop
     vertex  1.500000e+01  3.500000e+01  3.000000e+00
     vertex  1.007482e+01  2.037551e+01  3.000000e+00
     vertex  1.016778e+01  2.039962e+01  3.000000e+00
   endloop
 endfacet
 facet normal  0.000000e+00  0.000000e+00  1.000000e+00
   outer loop
     vertex  1.500000e+01  3.500000e+01  3.000000e+00
     vertex  9.982568e+00  2.034886e+01  3.000000e+00
     vertex  1.007482e+01  2.037551e+01  3.000000e+00
   endloop
 endfacet
 facet normal  0.000000e+00  0.000000e+00  1.000000e+00
   outer loop
     vertex  1.500000e+01  3.500000e+01  3.000000e+00
     vertex  9.891078e+00  2.031968e+01  3.000000e+00
     vertex  9.982568e+00  2.034886e+01  3.000000e+00
   endloop
 endfacet
 facet normal  0.000000e+00  0.000000e+00  1.000000e+00
   outer loop
     vertex -1.500000e+01  3.500000e+01  3.000000e+00
     vertex -1.500000e+01 -3.500000e+01  3.000000e+00
     vertex -1.449967e+01 -6.951986e+00  3.000000e+00
   endloop
 endfacet
 facet normal  0.000000e+00  0.000000e+00  1.000000e+00
   outer loop
     vertex -1.449967e+01 -6.951986e+00  3.000000e+00
     vertex -1.500000e+01 -3.500000e+01  3.000000e+00
     vertex -1.449967e+01 -7.048014e+00  3.000000e+00
   endloop
 endfacet
 facet normal  0.000000e+00  0.000000e+00  1.000000e+00
   outer loop
     vertex -1.449967e+01 -7.048014e+00  3.000000e+00
     vertex -1.500000e+01 -3.500000e+01  3.000000e+00
     vertex -1.449704e+01 -7.144006e+00  3.000000e+00
   endloop
 endfacet
 facet normal  0.000000e+00  0.000000e+00  1.000000e+00
   outer loop
     vertex -1.449704e+01 -7.144006e+00  3.000000e+00
     vertex -1.500000e+01 -3.500000e+01  3.000000e+00
     vertex -1.449177e+01 -7.239890e+00  3.000000e+00
   endloop
 endfacet
 facet normal  0.000000e+00  0.000000e+00  1.000000e+00
   outer loop
     vertex -1.449177e+01 -7.239890e+00  3.000000e+00
     vertex -1.500000e+01 -3.500000e+01  3.000000e+00
     vertex -1.448387e+01 -7.335593e+00  3.000000e+00
   endloop
 endfacet
 facet normal  0.000000e+00  0.000000e+00  1.000000e+00
   outer loop
     vertex -1.448387e+01 -7.335593e+00  3.000000e+00
     vertex -1.500000e+01 -3.500000e+01  3.000000e+00
     vertex -1.447336e+01 -7.431043e+00  3.000000e+00
   endloop
 endfacet
 facet normal  0.000000e+00  0.000000e+00  1.000000e+00
   outer loop
     vertex -1.447336e+01 -7.431043e+00  3.000000e+00
     vertex -1.500000e+01 -3.500000e+01  3.000000e+00
     vertex -1.446022e+01 -7.526169e+00  3.000000e+00
   endloop
 endfacet
 facet normal  0.000000e+00  0.000000e+00  1.000000e+00
   outer loop
     vertex -1.446022e+01 -7.526169e+00  3.000000e+00
     vertex -1.500000e+01 -3.500000e+01  3.000000e+00
     vertex -1.444449e+01 -7.620899e+00  3.000000e+00
   endloop
 endfacet
 facet normal  0.000000e+00  0.000000e+00  1.000000e+00
   outer loop
     vertex -1.444449e+01 -7.620899e+00  3.000000e+00
     vertex -1.500000e+01 -3.500000e+01  3.000000e+00
     vertex -1.442616e+01 -7.715162e+00  3.000000e+00
   endloop
 endfacet
 facet normal  0.000000e+00  0.000000e+00  1.000000e+00
   outer loop
     vertex -1.500000e+01  3.500000e+01  3.000000e+00
     vertex -1.449967e+01 -6.951986e+00  3.000000e+00
     vertex -1.449704e+01 -6.855994e+00  3.000000e+00
   endloop
 endfacet
 facet normal  0.000000e+00  0.000000e+00  1.000000e+00
   outer loop
     vertex -1.500000e+01  3.500000e+01  3.000000e+00
     vertex -1.449704e+01 -6.855994e+00  3.000000e+00
     vertex -1.449177e+01 -6.760110e+00  3.000000e+00
   endloop
 endfacet
 facet normal  0.000000e+00  0.000000e+00  1.000000e+00
   outer loop
     vertex -1.500000e+01  3.500000e+01  3.000000e+00
     vertex -1.449177e+01 -6.760110e+00  3.000000e+00
     vertex -1.448387e+01 -6.664407e+00  3.000000e+00
   endloop
 endfacet
 facet normal  0.000000e+00  0.000000e+00  1.000000e+00
   outer loop
     vertex -1.500000e+01  3.500000e+01  3.000000e+00
     vertex -1.448387e+01 -6.664407e+00  3.000000e+00
     vertex -1.447336e+01 -6.568957e+00  3.000000e+00
   endloop
 endfacet
 facet normal  0.000000e+00  0.000000e+00  1.000000e+00
   outer loop
     vertex -1.500000e+01  3.500000e+01  3.000000e+00
     vertex -1.447336e+01 -6.568957e+00  3.000000e+00
     vertex -1.446022e+01 -6.473831e+00  3.000000e+00
   endloop
 endfacet
 facet normal  0.000000e+00  0.000000e+00  1.000000e+00
   outer loop
     vertex -1.500000e+01  3.500000e+01  3.000000e+00
     vertex -1.446022e+01 -6.473831e+00  3.000000e+00
     vertex -1.444449e+01 -6.379101e+00  3.000000e+00
   endloop
 endfacet
 facet normal  0.000000e+00  0.000000e+00  1.000000e+00
   outer loop
     vertex -1.500000e+01  3.500000e+01  3.000000e+00
     vertex -1.444449e+01 -6.379101e+00  3.000000e+00
     vertex -1.442616e+01 -6.284838e+00  3.000000e+00
   endloop
 endfacet
 facet normal  0.000000e+00  0.000000e+00  1.000000e+00
   outer loop
     vertex -1.500000e+01  3.500000e+01  3.000000e+00
     vertex -1.442616e+01 -6.284838e+00  3.000000e+00
     vertex -1.440525e+01 -6.191114e+00  3.000000e+00
   endloop
 endfacet
 facet normal  0.000000e+00 -0.000000e+00  1.000000e+00
   outer loop
     vertex  1.500000e+01 -3.500000e+01  3.000000e+00
     vertex  1.500000e+01  3.500000e+01  3.000000e+00
     vertex  1.450000e+01  1.700000e+01  3.000000e+00
   endloop
 endfacet
 facet normal  0.000000e+00 -0.000000e+00  1.000000e+00
   outer loop
     vertex  1.450000e+01  1.700000e+01  3.000000e+00
     vertex  1.500000e+01  3.500000e+01  3.000000e+00
     vertex  1.449868e+01  1.709602e+01  3.000000e+00
   endloop
 endfacet
 facet normal  0.000000e+00 -0.000000e+00  1.000000e+00
   outer loop
     vertex  1.449868e+01  1.709602e+01  3.000000e+00
     vertex  1.500000e+01  3.500000e+01  3.000000e+00
     vertex  1.449473e+01  1.719197e+01  3.000000e+00
   endloop
 endfacet
 facet normal  0.000000e+00 -0.000000e+00  1.000000e+00
   outer loop
     vertex  1.449473e+01  1.719197e+01  3.000000e+00
     vertex  1.500000e+01  3.500000e+01  3.000000e+00
     vertex  1.448815e+01  1.728777e+01  3.000000e+00
   endloop
 endfacet
 facet normal  0.000000e+00  0.000000e+00  1.000000e+00
   outer loop
     vertex  1.500000e+01 -3.500000e+01  3.000000e+00
     vertex  1.450000e+01  1.700000e+01  3.000000e+00
     vertex  1.449868e+01  1.690398e+01  3.000000e+00
   endloop
 endfacet
 facet normal  0.000000e+00  0.000000e+00  1.000000e+00
   outer loop
     vertex  1.500000e+01 -3.500000e+01  3.000000e+00
     vertex  1.449868e+01  1.690398e+01  3.000000e+00
     vertex  1.449473e+01  1.680803e+01  3.000000e+00
   endloop
 endfacet
 facet normal  0.000000e+00  0.000000e+00  1.000000e+00
   outer loop
     vertex  1.500000e+01 -3.500000e+01  3.000000e+00
     vertex  1.449473e+01  1.680803e+01  3.000000e+00
     vertex  1.448815e+01  1.671223e+01  3.000000e+00
   endloop
 endfacet
 facet normal  0.000000e+00  0.000000e+00  1.000000e+00
   outer loop
     vertex  1.500000e+01 -3.500000e+01  3.000000e+00
     vertex  1.448815e+01  1.671223e+01  3.000000e+00
     vertex  1.447894e+01  1.661665e+01  3.000000e+00
   endloop
 endfacet
 facet normal  0.000000e+00  0.000000e+00  1.000000e+00
   outer loop
     vertex  1.500000e+01 -3.500000e+01  3.000000e+00
     vertex  1.447894e+01  1.661665e+01  3.000000e+00
     vertex  1.446712e+01  1.652135e+01  3.000000e+00
   endloop
 endfacet
 facet normal  0.000000e+00  0.000000e+00  1.000000e+00
   outer loop
     vertex  1.500000e+01 -3.500000e+01  3.000000e+00
     vertex  1.446712e+01  1.652135e+01  3.000000e+00
     vertex  1.445268e+01  1.642641e+01  3.000000e+00
   endloop
 endfacet
 facet normal  0.000000e+00  0.000000e+00  1.000000e+00
   outer loop
     vertex  1.500000e+01 -3.500000e+01  3.000000e+00
     vertex  1.445268e+01  1.642641e+01  3.000000e+00
     vertex  1.443564e+01  1.633191e+01  3.000000e+00
   endloop
 endfacet
 facet normal  0.000000e+00  0.000000e+00  1.000000e+00
   outer loop
     vertex  1.500000e+01 -3.500000e+01  3.000000e+00
     vertex  1.443564e+01  1.633191e+01  3.000000e+00
     vertex  1.441602e+01  1.623790e+01  3.000000e+00
   endloop
 endfacet
 facet normal  0.000000e+00  0.000000e+00  1.000000e+00
   outer loop
     vertex  1.500000e+01 -3.500000e+01  3.000000e+00
     vertex  1.441602e+01  1.623790e+01  3.000000e+00
     vertex  1.439383e+01  1.614448e+01  3.000000e+00
   endloop
 endfacet
 facet normal  0.000000e+00  0.000000e+00  1.000000e+00
   outer loop
     vertex  1.500000e+01 -3.500000e+01  3.000000e+00
     vertex  1.439383e+01  1.614448e+01  3.000000e+00
     vertex  1.436908e+01  1.605169e+01  3.000000e+00
   endloop
 endfacet
 facet normal  0.000000e+00  0.000000e+00  1.000000e+00
   outer loop
     vertex  1.500000e+01 -3.500000e+01  3.000000e+00
     vertex  1.436908e+01  1.605169e+01  3.000000e+00
     vertex  1.434180e+01  1.595962e+01  3.000000e+00
   endloop
 endfacet
 facet normal  0.000000e+00  0.000000e+00  1.000000e+00
   outer loop
     vertex  1.500000e+01 -3.500000e+01  3.000000e+00
     vertex  1.434180e+01  1.595962e+01  3.000000e+00
     vertex  1.431200e+01  1.586833e+01  3.000000e+00
   endloop
 endfacet
 facet normal  0.000000e+00  0.000000e+00  1.000000e+00
   outer loop
     vertex  1.500000e+01 -3.500000e+01  3.000000e+00
     vertex  1.431200e+01  1.586833e+01  3.000000e+00
     vertex  1.427971e+01  1.577790e+01  3.000000e+00
   endloop
 endfacet
 facet normal  0.000000e+00  1.000000e+00  0.000000e+00
   outer loop
     vertex  1.500000e+01  3.500000e+01  0.000000e+00
     vertex -1.500000e+01  3.500000e+01  0.000000e+00
     vertex -1.500000e+01  3.500000e+01  3.000000e+00
   endloop
 endfacet
 facet normal  0.000000e+00  1.000000e+00  0.000000e+00
   outer loop
     vertex  1.500000e+01  3.500000e+01  3.000000e+00
     vertex  1.500000e+01  3.500000e+01  0.000000e+00
     vertex -1.500000e+01  3.500000e+01  3.000000e+00
   endloop
 endfacet
 facet normal -0.000000e+00  0.000000e+00 -1.000000e+00
   outer loop
     vertex -1.217288e+01 -8.230592e+00  0.000000e+00
     vertex -1.500000e+01 -3.500000e+01  0.000000e+00
     vertex -1.220620e+01 -8.197952e+00  0.000000e+00
   endloop
 endfacet
 facet normal  0.000000e+00 -0.000000e+00 -1.000000e+00
   outer loop
     vertex -1.223861e+01 -8.164410e+00  0.000000e+00
     vertex -1.220620e+01 -8.197952e+00  0.000000e+00
     vertex -1.500000e+01 -3.500000e+01  0.000000e+00
   endloop
 endfacet
 facet normal -0.000000e+00  0.000000e+00 -1.000000e+00
   outer loop
     vertex -1.213868e+01 -8.262305e+00  0.000000e+00
     vertex -1.500000e+01 -3.500000e+01  0.000000e+00
     vertex -1.217288e+01 -8.230592e+00  0.000000e+00
   endloop
 endfacet
 facet normal  0.000000e+00 -0.000000e+00 -1.000000e+00
   outer loop
     vertex -1.227009e+01 -8.129992e+00  0.000000e+00
     vertex -1.223861e+01 -8.164410e+00  0.000000e+00
     vertex -1.500000e+01 -3.500000e+01  0.000000e+00
   endloop
 endfacet
 facet normal -0.000000e+00  0.000000e+00 -1.000000e+00
   outer loop
     vertex -1.210362e+01 -8.293069e+00  0.000000e+00
     vertex -1.500000e+01 -3.500000e+01  0.000000e+00
     vertex -1.213868e+01 -8.262305e+00  0.000000e+00
   endloop
 endfacet
 facet normal  0.000000e+00 -0.000000e+00 -1.000000e+00
   outer loop
     vertex -1.230061e+01 -8.094723e+00  0.000000e+00
     vertex -1.227009e+01 -8.129992e+00  0.000000e+00
     vertex -1.500000e+01 -3.500000e+01  0.000000e+00
   endloop
 endfacet
 facet normal -0.000000e+00  0.000000e+00 -1.000000e+00
   outer loop
     vertex -1.206773e+01 -8.322859e+00  0.000000e+00
     vertex -1.500000e+01 -3.500000e+01  0.000000e+00
     vertex -1.210362e+01 -8.293069e+00  0.000000e+00
   endloop
 endfacet
 facet normal  0.000000e+00 -0.000000e+00 -1.000000e+00
   outer loop
     vertex -1.233015e+01 -8.058630e+00  0.000000e+00
     vertex -1.230061e+01 -8.094723e+00  0.000000e+00
     vertex -1.500000e+01 -3.500000e+01  0.000000e+00
   endloop
 endfacet
 facet normal -0.000000e+00  0.000000e+00 -1.000000e+00
   outer loop
     vertex -1.203104e+01 -8.351653e+00  0.000000e+00
     vertex -1.500000e+01 -3.500000e+01  0.000000e+00
     vertex -1.206773e+01 -8.322859e+00  0.000000e+00
   endloop
 endfacet
 facet normal  0.000000e+00 -0.000000e+00 -1.000000e+00
   outer loop
     vertex -1.235869e+01 -8.021740e+00  0.000000e+00
     vertex -1.233015e+01 -8.058630e+00  0.000000e+00
     vertex -1.500000e+01 -3.500000e+01  0.000000e+00
   endloop
 endfacet
 facet normal -0.000000e+00  0.000000e+00 -1.000000e+00
   outer loop
     vertex -1.199357e+01 -8.379430e+00  0.000000e+00
     vertex -1.500000e+01 -3.500000e+01  0.000000e+00
     vertex -1.203104e+01 -8.351653e+00  0.000000e+00
   endloop
 endfacet
 facet normal  0.000000e+00 -0.000000e+00 -1.000000e+00
   outer loop
     vertex -1.238621e+01 -7.984081e+00  0.000000e+00
     vertex -1.235869e+01 -8.021740e+00  0.000000e+00
     vertex -1.500000e+01 -3.500000e+01  0.000000e+00
   endloop
 endfacet
 facet normal -0.000000e+00  0.000000e+00 -1.000000e+00
   outer loop
     vertex -1.195535e+01 -8.406168e+00  0.000000e+00
     vertex -1.500000e+01 -3.500000e+01  0.000000e+00
     vertex -1.199357e+01 -8.379430e+00  0.000000e+00
   endloop
 endfacet
 facet normal  0.000000e+00 -0.000000e+00 -1.000000e+00
   outer loop
     vertex -1.241269e+01 -7.945681e+00  0.000000e+00
     vertex -1.238621e+01 -7.984081e+00  0.000000e+00
     vertex -1.500000e+01 -3.500000e+01  0.000000e+00
   endloop
 endfacet
 facet normal -0.000000e+00  0.000000e+00 -1.000000e+00
   outer loop
     vertex -1.191641e+01 -8.431848e+00  0.000000e+00
     vertex -1.500000e+01 -3.500000e+01  0.000000e+00
     vertex -1.195535e+01 -8.406168e+00  0.000000e+00
   endloop
 endfacet
 facet normal  0.000000e+00 -0.000000e+00 -1.000000e+00
   outer loop
     vertex -1.243810e+01 -7.906569e+00  0.000000e+00
     vertex -1.241269e+01 -7.945681e+00  0.000000e+00
     vertex -1.500000e+01 -3.500000e+01  0.000000e+00
   endloop
 endfacet
 facet normal -0.000000e+00  0.000000e+00 -1.000000e+00
   outer loop
     vertex -1.187679e+01 -8.456450e+00  0.000000e+00
     vertex -1.500000e+01 -3.500000e+01  0.000000e+00
     vertex -1.191641e+01 -8.431848e+00  0.000000e+00
   endloop
 endfacet
 facet normal  0.000000e+00 -0.000000e+00 -1.000000e+00
   outer loop
     vertex -1.246243e+01 -7.866775e+00  0.000000e+00
     vertex -1.243810e+01 -7.906569e+00  0.000000e+00
     vertex -1.500000e+01 -3.500000e+01  0.000000e+00
   endloop
 endfacet
 facet normal -0.000000e+00  0.000000e+00 -1.000000e+00
   outer loop
     vertex -1.183650e+01 -8.479955e+00  0.000000e+00
     vertex -1.500000e+01 -3.500000e+01  0.000000e+00
     vertex -1.187679e+01 -8.456450e+00  0.000000e+00
   endloop
 endfacet
 facet normal  0.000000e+00 -0.000000e+00 -1.000000e+00
   outer loop
     vertex -1.248566e+01 -7.826329e+00  0.000000e+00
     vertex -1.246243e+01 -7.866775e+00  0.000000e+00
     vertex -1.500000e+01 -3.500000e+01  0.000000e+00
   endloop
 endfacet
 facet normal -0.000000e+00  0.000000e+00 -1.000000e+00
   outer loop
     vertex -1.179558e+01 -8.502347e+00  0.000000e+00
     vertex -1.500000e+01 -3.500000e+01  0.000000e+00
     vertex -1.183650e+01 -8.479955e+00  0.000000e+00
   endloop
 endfacet
 facet normal  0.000000e+00 -0.000000e+00 -1.000000e+00
   outer loop
     vertex -1.250777e+01 -7.785260e+00  0.000000e+00
     vertex -1.248566e+01 -7.826329e+00  0.000000e+00
     vertex -1.500000e+01 -3.500000e+01  0.000000e+00
   endloop
 endfacet
 facet normal -0.000000e+00  0.000000e+00 -1.000000e+00
   outer loop
     vertex -1.175407e+01 -8.523608e+00  0.000000e+00
     vertex -1.500000e+01 -3.500000e+01  0.000000e+00
     vertex -1.179558e+01 -8.502347e+00  0.000000e+00
   endloop
 endfacet
 facet normal  0.000000e+00 -0.000000e+00 -1.000000e+00
   outer loop
     vertex -1.252874e+01 -7.743600e+00  0.000000e+00
     vertex -1.250777e+01 -7.785260e+00  0.000000e+00
     vertex -1.500000e+01 -3.500000e+01  0.000000e+00
   endloop
 endfacet
 facet normal -0.000000e+00  0.000000e+00 -1.000000e+00
   outer loop
     vertex -1.171199e+01 -8.543721e+00  0.000000e+00
     vertex -1.500000e+01 -3.500000e+01  0.000000e+00
     vertex -1.175407e+01 -8.523608e+00  0.000000e+00
   endloop
 endfacet
 facet normal  0.000000e+00 -0.000000e+00 -1.000000e+00
   outer loop
     vertex -1.254857e+01 -7.701381e+00  0.000000e+00
     vertex -1.252874e+01 -7.743600e+00  0.000000e+00
     vertex -1.500000e+01 -3.500000e+01  0.000000e+00
   endloop
 endfacet
 facet normal -0.000000e+00  0.000000e+00 -1.000000e+00
   outer loop
     vertex -1.166937e+01 -8.562673e+00  0.000000e+00
     vertex -1.500000e+01 -3.500000e+01  0.000000e+00
     vertex -1.171199e+01 -8.543721e+00  0.000000e+00
   endloop
 endfacet
 facet normal  0.000000e+00 -0.000000e+00 -1.000000e+00
   outer loop
     vertex -1.256723e+01 -7.658633e+00  0.000000e+00
     vertex -1.254857e+01 -7.701381e+00  0.000000e+00
     vertex -1.500000e+01 -3.500000e+01  0.000000e+00
   endloop
 endfacet
 facet normal -0.000000e+00  0.000000e+00 -1.000000e+00
   outer loop
     vertex -1.162625e+01 -8.580448e+00  0.000000e+00
     vertex -1.500000e+01 -3.500000e+01  0.000000e+00
     vertex -1.166937e+01 -8.562673e+00  0.000000e+00
   endloop
 endfacet
 facet normal  0.000000e+00 -0.000000e+00 -1.000000e+00
   outer loop
     vertex -1.258471e+01 -7.615390e+00  0.000000e+00
     vertex -1.256723e+01 -7.658633e+00  0.000000e+00
     vertex -1.500000e+01 -3.500000e+01  0.000000e+00
   endloop
 endfacet
 facet normal -0.000000e+00  0.000000e+00 -1.000000e+00
   outer loop
     vertex -1.158265e+01 -8.597034e+00  0.000000e+00
     vertex -1.500000e+01 -3.500000e+01  0.000000e+00
     vertex -1.162625e+01 -8.580448e+00  0.000000e+00
   endloop
 endfacet
 facet normal  0.000000e+00 -0.000000e+00 -1.000000e+00
   outer loop
     vertex -1.260099e+01 -7.571683e+00  0.000000e+00
     vertex -1.258471e+01 -7.615390e+00  0.000000e+00
     vertex -1.500000e+01 -3.500000e+01  0.000000e+00
   endloop
 endfacet
 facet normal -0.000000e+00  0.000000e+00 -1.000000e+00
   outer loop
     vertex -1.153862e+01 -8.612417e+00  0.000000e+00
     vertex -1.500000e+01 -3.500000e+01  0.000000e+00
     vertex -1.158265e+01 -8.597034e+00  0.000000e+00
   endloop
 endfacet
 facet normal  0.000000e+00 -0.000000e+00 -1.000000e+00
   outer loop
     vertex -1.261607e+01 -7.527546e+00  0.000000e+00
     vertex -1.260099e+01 -7.571683e+00  0.000000e+00
     vertex -1.500000e+01 -3.500000e+01  0.000000e+00
   endloop
 endfacet
 facet normal -0.000000e+00  0.000000e+00 -1.000000e+00
   outer loop
     vertex -1.149418e+01 -8.626587e+00  0.000000e+00
     vertex -1.500000e+01 -3.500000e+01  0.000000e+00
     vertex -1.153862e+01 -8.612417e+00  0.000000e+00
   endloop
 endfacet
 facet normal  0.000000e+00 -0.000000e+00 -1.000000e+00
   outer loop
     vertex -1.262994e+01 -7.483012e+00  0.000000e+00
     vertex -1.261607e+01 -7.527546e+00  0.000000e+00
     vertex -1.500000e+01 -3.500000e+01  0.000000e+00
   endloop
 endfacet
 facet normal -0.000000e+00  0.000000e+00 -1.000000e+00
   outer loop
     vertex -1.144937e+01 -8.639532e+00  0.000000e+00
     vertex -1.500000e+01 -3.500000e+01  0.000000e+00
     vertex -1.149418e+01 -8.626587e+00  0.000000e+00
   endloop
 endfacet
 facet normal  0.000000e+00 -0.000000e+00 -1.000000e+00
   outer loop
     vertex -1.264258e+01 -7.438115e+00  0.000000e+00
     vertex -1.262994e+01 -7.483012e+00  0.000000e+00
     vertex -1.500000e+01 -3.500000e+01  0.000000e+00
   endloop
 endfacet
 facet normal -0.000000e+00  0.000000e+00 -1.000000e+00
   outer loop
     vertex -1.140422e+01 -8.651243e+00  0.000000e+00
     vertex -1.500000e+01 -3.500000e+01  0.000000e+00
     vertex -1.144937e+01 -8.639532e+00  0.000000e+00
   endloop
 endfacet
 facet normal  0.000000e+00 -0.000000e+00 -1.000000e+00
   outer loop
     vertex -1.265398e+01 -7.392887e+00  0.000000e+00
     vertex -1.264258e+01 -7.438115e+00  0.000000e+00
     vertex -1.500000e+01 -3.500000e+01  0.000000e+00
   endloop
 endfacet
 facet normal -0.000000e+00  0.000000e+00 -1.000000e+00
   outer loop
     vertex -1.135877e+01 -8.661711e+00  0.000000e+00
     vertex -1.500000e+01 -3.500000e+01  0.000000e+00
     vertex -1.140422e+01 -8.651243e+00  0.000000e+00
   endloop
 endfacet
 facet normal  0.000000e+00 -0.000000e+00 -1.000000e+00
   outer loop
     vertex -1.266413e+01 -7.347364e+00  0.000000e+00
     vertex -1.265398e+01 -7.392887e+00  0.000000e+00
     vertex -1.500000e+01 -3.500000e+01  0.000000e+00
   endloop
 endfacet
 facet normal -0.000000e+00  0.000000e+00 -1.000000e+00
   outer loop
     vertex -1.131305e+01 -8.670928e+00  0.000000e+00
     vertex -1.500000e+01 -3.500000e+01  0.000000e+00
     vertex -1.135877e+01 -8.661711e+00  0.000000e+00
   endloop
 endfacet
 facet normal  0.000000e+00 -0.000000e+00 -1.000000e+00
   outer loop
     vertex -1.267304e+01 -7.301580e+00  0.000000e+00
     vertex -1.266413e+01 -7.347364e+00  0.000000e+00
     vertex -1.500000e+01 -3.500000e+01  0.000000e+00
   endloop
 endfacet
 facet normal -0.000000e+00  0.000000e+00 -1.000000e+00
   outer loop
     vertex -1.126709e+01 -8.678887e+00  0.000000e+00
     vertex -1.500000e+01 -3.500000e+01  0.000000e+00
     vertex -1.131305e+01 -8.670928e+00  0.000000e+00
   endloop
 endfacet
 facet normal  0.000000e+00 -0.000000e+00 -1.000000e+00
   outer loop
     vertex -1.268068e+01 -7.255568e+00  0.000000e+00
     vertex -1.267304e+01 -7.301580e+00  0.000000e+00
     vertex -1.500000e+01 -3.500000e+01  0.000000e+00
   endloop
 endfacet
 facet normal -0.000000e+00  0.000000e+00 -1.000000e+00
   outer loop
     vertex -1.122093e+01 -8.685583e+00  0.000000e+00
     vertex -1.500000e+01 -3.500000e+01  0.000000e+00
     vertex -1.126709e+01 -8.678887e+00  0.000000e+00
   endloop
 endfacet
 facet normal -0.000000e+00  0.000000e+00 -1.000000e+00
   outer loop
     vertex -1.117461e+01 -8.691009e+00  0.000000e+00
     vertex -1.500000e+01 -3.500000e+01  0.000000e+00
     vertex -1.122093e+01 -8.685583e+00  0.000000e+00
   endloop
 endfacet
 facet normal -0.000000e+00  0.000000e+00 -1.000000e+00
   outer loop
     vertex -1.112815e+01 -8.695163e+00  0.000000e+00
     vertex -1.500000e+01 -3.500000e+01  0.000000e+00
     vertex -1.117461e+01 -8.691009e+00  0.000000e+00
   endloop
 endfacet
 facet normal -0.000000e+00  0.000000e+00 -1.000000e+00
   outer loop
     vertex -1.108160e+01 -8.698041e+00  0.000000e+00
     vertex -1.500000e+01 -3.500000e+01  0.000000e+00
     vertex -1.112815e+01 -8.695163e+00  0.000000e+00
   endloop
 endfacet
 facet normal -0.000000e+00  0.000000e+00 -1.000000e+00
   outer loop
     vertex -1.103498e+01 -8.699640e+00  0.000000e+00
     vertex -1.500000e+01 -3.500000e+01  0.000000e+00
     vertex -1.108160e+01 -8.698041e+00  0.000000e+00
   endloop
 endfacet
 facet normal -0.000000e+00  0.000000e+00 -1.000000e+00
   outer loop
     vertex -1.098834e+01 -8.699960e+00  0.000000e+00
     vertex -1.500000e+01 -3.500000e+01  0.000000e+00
     vertex -1.103498e+01 -8.699640e+00  0.000000e+00
   endloop
 endfacet
 facet normal  0.000000e+00  0.000000e+00 -1.000000e+00
   outer loop
     vertex -1.094171e+01 -8.699000e+00  0.000000e+00
     vertex -1.500000e+01 -3.500000e+01  0.000000e+00
     vertex -1.098834e+01 -8.699960e+00  0.000000e+00
   endloop
 endfacet
 facet normal  0.000000e+00  0.000000e+00 -1.000000e+00
   outer loop
     vertex -1.089512e+01 -8.696762e+00  0.000000e+00
     vertex -1.500000e+01 -3.500000e+01  0.000000e+00
     vertex -1.094171e+01 -8.699000e+00  0.000000e+00
   endloop
 endfacet
 facet normal  0.000000e+00  0.000000e+00 -1.000000e+00
   outer loop
     vertex -1.084861e+01 -8.693246e+00  0.000000e+00
     vertex -1.500000e+01 -3.500000e+01  0.000000e+00
     vertex -1.089512e+01 -8.696762e+00  0.000000e+00
   endloop
 endfacet
 facet normal  0.000000e+00  0.000000e+00 -1.000000e+00
   outer loop
     vertex -1.080221e+01 -8.688455e+00  0.000000e+00
     vertex -1.500000e+01 -3.500000e+01  0.000000e+00
     vertex -1.084861e+01 -8.693246e+00  0.000000e+00
   endloop
 endfacet
 facet normal  0.000000e+00  0.000000e+00 -1.000000e+00
   outer loop
     vertex -1.075597e+01 -8.682393e+00  0.000000e+00
     vertex -1.500000e+01 -3.500000e+01  0.000000e+00
     vertex -1.080221e+01 -8.688455e+00  0.000000e+00
   endloop
 endfacet
 facet normal  0.000000e+00  0.000000e+00 -1.000000e+00
   outer loop
     vertex -1.070990e+01 -8.675065e+00  0.000000e+00
     vertex -1.500000e+01 -3.500000e+01  0.000000e+00
     vertex -1.075597e+01 -8.682393e+00  0.000000e+00
   endloop
 endfacet
 facet normal  0.000000e+00  0.000000e+00 -1.000000e+00
   outer loop
     vertex -1.066406e+01 -8.666476e+00  0.000000e+00
     vertex -1.500000e+01 -3.500000e+01  0.000000e+00
     vertex -1.070990e+01 -8.675065e+00  0.000000e+00
   endloop
 endfacet
 facet normal  0.000000e+00  0.000000e+00 -1.000000e+00
   outer loop
     vertex -1.061847e+01 -8.656633e+00  0.000000e+00
     vertex -1.500000e+01 -3.500000e+01  0.000000e+00
     vertex -1.066406e+01 -8.666476e+00  0.000000e+00
   endloop
 endfacet
 facet normal  0.000000e+00  0.000000e+00 -1.000000e+00
   outer loop
     vertex -1.057316e+01 -8.645542e+00  0.000000e+00
     vertex -1.500000e+01 -3.500000e+01  0.000000e+00
     vertex -1.061847e+01 -8.656633e+00  0.000000e+00
   endloop
 endfacet
 facet normal  0.000000e+00  0.000000e+00 -1.000000e+00
   outer loop
     vertex -1.052818e+01 -8.633213e+00  0.000000e+00
     vertex -1.500000e+01 -3.500000e+01  0.000000e+00
     vertex -1.057316e+01 -8.645542e+00  0.000000e+00
   endloop
 endfacet
 facet normal  0.000000e+00  0.000000e+00 -1.000000e+00
   outer loop
     vertex -1.048355e+01 -8.619654e+00  0.000000e+00
     vertex -1.500000e+01 -3.500000e+01  0.000000e+00
     vertex -1.052818e+01 -8.633213e+00  0.000000e+00
   endloop
 endfacet
 facet normal  0.000000e+00  0.000000e+00 -1.000000e+00
   outer loop
     vertex -1.043931e+01 -8.604877e+00  0.000000e+00
     vertex -1.500000e+01 -3.500000e+01  0.000000e+00
     vertex -1.048355e+01 -8.619654e+00  0.000000e+00
   endloop
 endfacet
 facet normal  0.000000e+00  0.000000e+00 -1.000000e+00
   outer loop
     vertex -1.039549e+01 -8.588891e+00  0.000000e+00
     vertex -1.500000e+01 -3.500000e+01  0.000000e+00
     vertex -1.043931e+01 -8.604877e+00  0.000000e+00
   endloop
 endfacet
 facet normal  0.000000e+00  0.000000e+00 -1.000000e+00
   outer loop
     vertex -1.035213e+01 -8.571709e+00  0.000000e+00
     vertex -1.500000e+01 -3.500000e+01  0.000000e+00
     vertex -1.039549e+01 -8.588891e+00  0.000000e+00
   endloop
 endfacet
 facet normal  0.000000e+00  0.000000e+00 -1.000000e+00
   outer loop
     vertex -1.030926e+01 -8.553343e+00  0.000000e+00
     vertex -1.500000e+01 -3.500000e+01  0.000000e+00
     vertex -1.035213e+01 -8.571709e+00  0.000000e+00
   endloop
 endfacet
 facet normal  0.000000e+00  0.000000e+00 -1.000000e+00
   outer loop
     vertex -1.026690e+01 -8.533809e+00  0.000000e+00
     vertex -1.500000e+01 -3.500000e+01  0.000000e+00
     vertex -1.030926e+01 -8.553343e+00  0.000000e+00
   endloop
 endfacet
 facet normal  0.000000e+00  0.000000e+00 -1.000000e+00
   outer loop
     vertex -1.022510e+01 -8.513120e+00  0.000000e+00
     vertex -1.500000e+01 -3.500000e+01  0.000000e+00
     vertex -1.026690e+01 -8.533809e+00  0.000000e+00
   endloop
 endfacet
 facet normal  0.000000e+00  0.000000e+00 -1.000000e+00
   outer loop
     vertex -1.018388e+01 -8.491292e+00  0.000000e+00
     vertex -1.500000e+01 -3.500000e+01  0.000000e+00
     vertex -1.022510e+01 -8.513120e+00  0.000000e+00
   endloop
 endfacet
 facet normal  0.000000e+00  0.000000e+00 -1.000000e+00
   outer loop
     vertex -1.014328e+01 -8.468341e+00  0.000000e+00
     vertex -1.500000e+01 -3.500000e+01  0.000000e+00
     vertex -1.018388e+01 -8.491292e+00  0.000000e+00
   endloop
 endfacet
 facet normal  0.000000e+00  0.000000e+00 -1.000000e+00
   outer loop
     vertex -1.010332e+01 -8.444285e+00  0.000000e+00
     vertex -1.500000e+01 -3.500000e+01  0.000000e+00
     vertex -1.014328e+01 -8.468341e+00  0.000000e+00
   endloop
 endfacet
 facet normal  0.000000e+00 -0.000000e+00 -1.000000e+00
   outer loop
     vertex -1.006403e+01 -8.419142e+00  0.000000e+00
     vertex  1.500000e+01 -3.500000e+01  0.000000e+00
     vertex -1.500000e+01 -3.500000e+01  0.000000e+00
   endloop
 endfacet
 facet normal  0.000000e+00  0.000000e+00 -1.000000e+00
   outer loop
     vertex -1.006403e+01 -8.419142e+00  0.000000e+00
     vertex -1.500000e+01 -3.500000e+01  0.000000e+00
     vertex -1.010332e+01 -8.444285e+00  0.000000e+00
   endloop
 endfacet
 facet normal  0.000000e+00 -0.000000e+00 -1.000000e+00
   outer loop
     vertex -1.002545e+01 -8.392930e+00  0.000000e+00
     vertex  1.500000e+01 -3.500000e+01  0.000000e+00
     vertex -1.006403e+01 -8.419142e+00  0.000000e+00
   endloop
 endfacet
 facet normal  0.000000e+00 -0.000000e+00 -1.000000e+00
   outer loop
     vertex -9.987604e+00 -8.365670e+00  0.000000e+00
     vertex  1.500000e+01 -3.500000e+01  0.000000e+00
     vertex -1.002545e+01 -8.392930e+00  0.000000e+00
   endloop
 endfacet
 facet normal  0.000000e+00 -0.000000e+00 -1.000000e+00
   outer loop
     vertex -9.950519e+00 -8.337382e+00  0.000000e+00
     vertex  1.500000e+01 -3.500000e+01  0.000000e+00
     vertex -9.987604e+00 -8.365670e+00  0.000000e+00
   endloop
 endfacet
 facet normal  0.000000e+00 -0.000000e+00 -1.000000e+00
   outer loop
     vertex -9.914224e+00 -8.308087e+00  0.000000e+00
     vertex  1.500000e+01 -3.500000e+01  0.000000e+00
     vertex -9.950519e+00 -8.337382e+00  0.000000e+00
   endloop
 endfacet
 facet normal  0.000000e+00 -0.000000e+00 -1.000000e+00
   outer loop
     vertex -9.878747e+00 -8.277807e+00  0.000000e+00
     vertex  1.500000e+01 -3.500000e+01  0.000000e+00
     vertex -9.914224e+00 -8.308087e+00  0.000000e+00
   endloop
 endfacet
 facet normal  0.000000e+00 -0.000000e+00 -1.000000e+00
   outer loop
     vertex -9.844113e+00 -8.246566e+00  0.000000e+00
     vertex  1.500000e+01 -3.500000e+01  0.000000e+00
     vertex -9.878747e+00 -8.277807e+00  0.000000e+00
   endloop
 endfacet
 facet normal  0.000000e+00 -0.000000e+00 -1.000000e+00
   outer loop
     vertex -9.810350e+00 -8.214386e+00  0.000000e+00
     vertex  1.500000e+01 -3.500000e+01  0.000000e+00
     vertex -9.844113e+00 -8.246566e+00  0.000000e+00
   endloop
 endfacet
 facet normal  0.000000e+00 -0.000000e+00 -1.000000e+00
   outer loop
     vertex -9.777482e+00 -8.181292e+00  0.000000e+00
     vertex  1.500000e+01 -3.500000e+01  0.000000e+00
     vertex -9.810350e+00 -8.214386e+00  0.000000e+00
   endloop
 endfacet
 facet normal  0.000000e+00 -0.000000e+00 -1.000000e+00
   outer loop
     vertex -9.745535e+00 -8.147309e+00  0.000000e+00
     vertex  1.500000e+01 -3.500000e+01  0.000000e+00
     vertex -9.777482e+00 -8.181292e+00  0.000000e+00
   endloop
 endfacet
 facet normal  0.000000e+00 -0.000000e+00 -1.000000e+00
   outer loop
     vertex -9.714532e+00 -8.112462e+00  0.000000e+00
     vertex  1.500000e+01 -3.500000e+01  0.000000e+00
     vertex -9.745535e+00 -8.147309e+00  0.000000e+00
   endloop
 endfacet
 facet normal  0.000000e+00 -0.000000e+00 -1.000000e+00
   outer loop
     vertex -9.684496e+00 -8.076778e+00  0.000000e+00
     vertex  1.500000e+01 -3.500000e+01  0.000000e+00
     vertex -9.714532e+00 -8.112462e+00  0.000000e+00
   endloop
 endfacet
 facet normal  0.000000e+00 -0.000000e+00 -1.000000e+00
   outer loop
     vertex -9.655451e+00 -8.040283e+00  0.000000e+00
     vertex  1.500000e+01 -3.500000e+01  0.000000e+00
     vertex -9.684496e+00 -8.076778e+00  0.000000e+00
   endloop
 endfacet
 facet normal  0.000000e+00 -0.000000e+00 -1.000000e+00
   outer loop
     vertex -9.627418e+00 -8.003005e+00  0.000000e+00
     vertex  1.500000e+01 -3.500000e+01  0.000000e+00
     vertex -9.655451e+00 -8.040283e+00  0.000000e+00
   endloop
 endfacet
 facet normal  0.000000e+00 -0.000000e+00 -1.000000e+00
   outer loop
     vertex -9.600418e+00 -7.964972e+00  0.000000e+00
     vertex  1.500000e+01 -3.500000e+01  0.000000e+00
     vertex -9.627418e+00 -8.003005e+00  0.000000e+00
   endloop
 endfacet
 facet normal  0.000000e+00 -0.000000e+00 -1.000000e+00
   outer loop
     vertex -9.574472e+00 -7.926212e+00  0.000000e+00
     vertex  1.500000e+01 -3.500000e+01  0.000000e+00
     vertex -9.600418e+00 -7.964972e+00  0.000000e+00
   endloop
 endfacet
 facet normal  0.000000e+00 -0.000000e+00 -1.000000e+00
   outer loop
     vertex -9.549599e+00 -7.886756e+00  0.000000e+00
     vertex  1.500000e+01 -3.500000e+01  0.000000e+00
     vertex -9.574472e+00 -7.926212e+00  0.000000e+00
   endloop
 endfacet
 facet normal  0.000000e+00 -0.000000e+00 -1.000000e+00
   outer loop
     vertex -9.525817e+00 -7.846632e+00  0.000000e+00
     vertex  1.500000e+01 -3.500000e+01  0.000000e+00
     vertex -9.549599e+00 -7.886756e+00  0.000000e+00
   endloop
 endfacet
 facet normal  0.000000e+00 -0.000000e+00 -1.000000e+00
   outer loop
     vertex -9.503146e+00 -7.805870e+00  0.000000e+00
     vertex  1.500000e+01 -3.500000e+01  0.000000e+00
     vertex -9.525817e+00 -7.846632e+00  0.000000e+00
   endloop
 endfacet
 facet normal  0.000000e+00 -0.000000e+00 -1.000000e+00
   outer loop
     vertex -9.481601e+00 -7.764502e+00  0.000000e+00
     vertex  1.500000e+01 -3.500000e+01  0.000000e+00
     vertex -9.503146e+00 -7.805870e+00  0.000000e+00
   endloop
 endfacet
 facet normal  0.000000e+00 -0.000000e+00 -1.000000e+00
   outer loop
     vertex -9.461199e+00 -7.722558e+00  0.000000e+00
     vertex  1.500000e+01 -3.500000e+01  0.000000e+00
     vertex -9.481601e+00 -7.764502e+00  0.000000e+00
   endloop
 endfacet
 facet normal  0.000000e+00 -0.000000e+00 -1.000000e+00
   outer loop
     vertex -9.441955e+00 -7.680071e+00  0.000000e+00
     vertex  1.500000e+01 -3.500000e+01  0.000000e+00
     vertex -9.461199e+00 -7.722558e+00  0.000000e+00
   endloop
 endfacet
 facet normal  0.000000e+00 -0.000000e+00 -1.000000e+00
   outer loop
     vertex -9.423885e+00 -7.637071e+00  0.000000e+00
     vertex  1.500000e+01 -3.500000e+01  0.000000e+00
     vertex -9.441955e+00 -7.680071e+00  0.000000e+00
   endloop
 endfacet
 facet normal  0.000000e+00 -0.000000e+00 -1.000000e+00
   outer loop
     vertex -9.407000e+00 -7.593592e+00  0.000000e+00
     vertex  1.500000e+01 -3.500000e+01  0.000000e+00
     vertex -9.423885e+00 -7.637071e+00  0.000000e+00
   endloop
 endfacet
 facet normal  0.000000e+00 -0.000000e+00 -1.000000e+00
   outer loop
     vertex -9.391315e+00 -7.549667e+00  0.000000e+00
     vertex  1.500000e+01 -3.500000e+01  0.000000e+00
     vertex -9.407000e+00 -7.593592e+00  0.000000e+00
   endloop
 endfacet
 facet normal  0.000000e+00 -0.000000e+00 -1.000000e+00
   outer loop
     vertex -9.376841e+00 -7.505327e+00  0.000000e+00
     vertex  1.500000e+01 -3.500000e+01  0.000000e+00
     vertex -9.391315e+00 -7.549667e+00  0.000000e+00
   endloop
 endfacet
 facet normal  0.000000e+00 -0.000000e+00 -1.000000e+00
   outer loop
     vertex -9.363589e+00 -7.460607e+00  0.000000e+00
     vertex  1.500000e+01 -3.500000e+01  0.000000e+00
     vertex -9.376841e+00 -7.505327e+00  0.000000e+00
   endloop
 endfacet
 facet normal  0.000000e+00 -0.000000e+00 -1.000000e+00
   outer loop
     vertex -9.351569e+00 -7.415540e+00  0.000000e+00
     vertex  1.500000e+01 -3.500000e+01  0.000000e+00
     vertex -9.363589e+00 -7.460607e+00  0.000000e+00
   endloop
 endfacet
 facet normal  0.000000e+00 -0.000000e+00 -1.000000e+00
   outer loop
     vertex -9.340789e+00 -7.370161e+00  0.000000e+00
     vertex  1.500000e+01 -3.500000e+01  0.000000e+00
     vertex -9.351569e+00 -7.415540e+00  0.000000e+00
   endloop
 endfacet
 facet normal  0.000000e+00 -0.000000e+00 -1.000000e+00
   outer loop
     vertex -9.331259e+00 -7.324502e+00  0.000000e+00
     vertex  1.500000e+01 -3.500000e+01  0.000000e+00
     vertex -9.340789e+00 -7.370161e+00  0.000000e+00
   endloop
 endfacet
 facet normal  0.000000e+00 -0.000000e+00 -1.000000e+00
   outer loop
     vertex -9.322984e+00 -7.278600e+00  0.000000e+00
     vertex  1.500000e+01 -3.500000e+01  0.000000e+00
     vertex -9.331259e+00 -7.324502e+00  0.000000e+00
   endloop
 endfacet
 facet normal  0.000000e+00 -0.000000e+00 -1.000000e+00
   outer loop
     vertex -9.315972e+00 -7.232488e+00  0.000000e+00
     vertex  1.500000e+01 -3.500000e+01  0.000000e+00
     vertex -9.322984e+00 -7.278600e+00  0.000000e+00
   endloop
 endfacet
 facet normal  0.000000e+00 -0.000000e+00 -1.000000e+00
   outer loop
     vertex -9.310228e+00 -7.186201e+00  0.000000e+00
     vertex  1.500000e+01 -3.500000e+01  0.000000e+00
     vertex -9.315972e+00 -7.232488e+00  0.000000e+00
   endloop
 endfacet
 facet normal  0.000000e+00  0.000000e+00 -1.000000e+00
   outer loop
     vertex -1.500000e+01  3.500000e+01  0.000000e+00
     vertex -1.248566e+01 -6.173671e+00  0.000000e+00
     vertex -1.250777e+01 -6.214740e+00  0.000000e+00
   endloop
 endfacet
 facet normal  0.000000e+00  0.000000e+00 -1.000000e+00
   outer loop
     vertex -1.500000e+01  3.500000e+01  0.000000e+00
     vertex -1.250777e+01 -6.214740e+00  0.000000e+00
     vertex -1.252874e+01 -6.256400e+00  0.000000e+00
   endloop
 endfacet
 facet normal  0.000000e+00  0.000000e+00 -1.000000e+00
   outer loop
     vertex -1.500000e+01  3.500000e+01  0.000000e+00
     vertex -1.252874e+01 -6.256400e+00  0.000000e+00
     vertex -1.254857e+01 -6.298619e+00  0.000000e+00
   endloop
 endfacet
 facet normal  0.000000e+00  0.000000e+00 -1.000000e+00
   outer loop
     vertex -1.500000e+01  3.500000e+01  0.000000e+00
     vertex -1.254857e+01 -6.298619e+00  0.000000e+00
     vertex -1.256723e+01 -6.341367e+00  0.000000e+00
   endloop
 endfacet
 facet normal  0.000000e+00  0.000000e+00 -1.000000e+00
   outer loop
     vertex -1.500000e+01  3.500000e+01  0.000000e+00
     vertex -1.256723e+01 -6.341367e+00  0.000000e+00
     vertex -1.258471e+01 -6.384610e+00  0.000000e+00
   endloop
 endfacet
 facet normal  0.000000e+00  0.000000e+00 -1.000000e+00
   outer loop
     vertex -1.500000e+01  3.500000e+01  0.000000e+00
     vertex -1.258471e+01 -6.384610e+00  0.000000e+00
     vertex -1.260099e+01 -6.428317e+00  0.000000e+00
   endloop
 endfacet
 facet normal  0.000000e+00  0.000000e+00 -1.000000e+00
   outer loop
     vertex -1.500000e+01  3.500000e+01  0.000000e+00
     vertex -1.260099e+01 -6.428317e+00  0.000000e+00
     vertex -1.261607e+01 -6.472454e+00  0.000000e+00
   endloop
 endfacet
 facet normal  0.000000e+00  0.000000e+00 -1.000000e+00
   outer loop
     vertex -1.500000e+01  3.500000e+01  0.000000e+00
     vertex -1.261607e+01 -6.472454e+00  0.000000e+00
     vertex -1.262994e+01 -6.516988e+00  0.000000e+00
   endloop
 endfacet
 facet normal  0.000000e+00  0.000000e+00 -1.000000e+00
   outer loop
     vertex -1.500000e+01  3.500000e+01  0.000000e+00
     vertex -1.262994e+01 -6.516988e+00  0.000000e+00
     vertex -1.264258e+01 -6.561885e+00  0.000000e+00
   endloop
 endfacet
 facet normal  0.000000e+00  0.000000e+00 -1.000000e+00
   outer loop
     vertex -1.500000e+01  3.500000e+01  0.000000e+00
     vertex -1.264258e+01 -6.561885e+00  0.000000e+00
     vertex -1.265398e+01 -6.607113e+00  0.000000e+00
   endloop
 endfacet
 facet normal  0.000000e+00  0.000000e+00 -1.000000e+00
   outer loop
     vertex -1.500000e+01  3.500000e+01  0.000000e+00
     vertex -1.265398e+01 -6.607113e+00  0.000000e+00
     vertex -1.266413e+01 -6.652636e+00  0.000000e+00
   endloop
 endfacet
 facet normal  0.000000e+00  0.000000e+00 -1.000000e+00
   outer loop
     vertex -1.500000e+01  3.500000e+01  0.000000e+00
     vertex -1.098834e+01 -5.300040e+00  0.000000e+00
     vertex -1.103498e+01 -5.300360e+00  0.000000e+00
   endloop
 endfacet
 facet normal  0.000000e+00  0.000000e+00 -1.000000e+00
   outer loop
     vertex -1.500000e+01  3.500000e+01  0.000000e+00
     vertex -1.103498e+01 -5.300360e+00  0.000000e+00
     vertex -1.108160e+01 -5.301959e+00  0.000000e+00
   endloop
 endfacet
 facet normal  0.000000e+00  0.000000e+00 -1.000000e+00
   outer loop
     vertex -1.500000e+01  3.500000e+01  0.000000e+00
     vertex -1.108160e+01 -5.301959e+00  0.000000e+00
     vertex -1.112815e+01 -5.304837e+00  0.000000e+00
   endloop
 endfacet
 facet normal  0.000000e+00  0.000000e+00 -1.000000e+00
   outer loop
     vertex -1.500000e+01  3.500000e+01  0.000000e+00
     vertex -1.112815e+01 -5.304837e+00  0.000000e+00
     vertex -1.117461e+01 -5.308991e+00  0.000000e+00
   endloop
 endfacet
 facet normal  0.000000e+00  0.000000e+00 -1.000000e+00
   outer loop
     vertex -1.500000e+01  3.500000e+01  0.000000e+00
     vertex -1.117461e+01 -5.308991e+00  0.000000e+00
     vertex -1.122093e+01 -5.314417e+00  0.000000e+00
   endloop
 endfacet
 facet normal  0.000000e+00  0.000000e+00 -1.000000e+00
   outer loop
     vertex -1.500000e+01  3.500000e+01  0.000000e+00
     vertex -1.122093e+01 -5.314417e+00  0.000000e+00
     vertex -1.126709e+01 -5.321113e+00  0.000000e+00
   endloop
 endfacet
 facet normal  0.000000e+00  0.000000e+00 -1.000000e+00
   outer loop
     vertex -1.500000e+01  3.500000e+01  0.000000e+00
     vertex -1.126709e+01 -5.321113e+00  0.000000e+00
     vertex -1.131305e+01 -5.329072e+00  0.000000e+00
   endloop
 endfacet
 facet normal  0.000000e+00  0.000000e+00 -1.000000e+00
   outer loop
     vertex -1.500000e+01  3.500000e+01  0.000000e+00
     vertex -1.131305e+01 -5.329072e+00  0.000000e+00
     vertex -1.135877e+01 -5.338289e+00  0.000000e+00
   endloop
 endfacet
 facet normal  0.000000e+00  0.000000e+00 -1.000000e+00
   outer loop
     vertex -1.500000e+01  3.500000e+01  0.000000e+00
     vertex -1.135877e+01 -5.338289e+00  0.000000e+00
     vertex -1.140422e+01 -5.348757e+00  0.000000e+00
   endloop
 endfacet
 facet normal  0.000000e+00  0.000000e+00 -1.000000e+00
   outer loop
     vertex -1.500000e+01  3.500000e+01  0.000000e+00
     vertex -1.140422e+01 -5.348757e+00  0.000000e+00
     vertex -1.144937e+01 -5.360468e+00  0.000000e+00
   endloop
 endfacet
 facet normal  0.000000e+00  0.000000e+00 -1.000000e+00
   outer loop
     vertex -1.500000e+01  3.500000e+01  0.000000e+00
     vertex -1.144937e+01 -5.360468e+00  0.000000e+00
     vertex -1.149418e+01 -5.373413e+00  0.000000e+00
   endloop
 endfacet
 facet normal  0.000000e+00  0.000000e+00 -1.000000e+00
   outer loop
     vertex -1.500000e+01  3.500000e+01  0.000000e+00
     vertex -1.149418e+01 -5.373413e+00  0.000000e+00
     vertex -1.153862e+01 -5.387583e+00  0.000000e+00
   endloop
 endfacet
 facet normal  0.000000e+00  0.000000e+00 -1.000000e+00
   outer loop
     vertex -1.500000e+01  3.500000e+01  0.000000e+00
     vertex -1.153862e+01 -5.387583e+00  0.000000e+00
     vertex -1.158265e+01 -5.402966e+00  0.000000e+00
   endloop
 endfacet
 facet normal  0.000000e+00  0.000000e+00 -1.000000e+00
   outer loop
     vertex -1.500000e+01  3.500000e+01  0.000000e+00
     vertex -1.158265e+01 -5.402966e+00  0.000000e+00
     vertex -1.162625e+01 -5.419552e+00  0.000000e+00
   endloop
 endfacet
 facet normal  0.000000e+00  0.000000e+00 -1.000000e+00
   outer loop
     vertex -1.500000e+01  3.500000e+01  0.000000e+00
     vertex -1.162625e+01 -5.419552e+00  0.000000e+00
     vertex -1.166937e+01 -5.437327e+00  0.000000e+00
   endloop
 endfacet
 facet normal  0.000000e+00  0.000000e+00 -1.000000e+00
   outer loop
     vertex -1.500000e+01  3.500000e+01  0.000000e+00
     vertex -1.166937e+01 -5.437327e+00  0.000000e+00
     vertex -1.171199e+01 -5.456279e+00  0.000000e+00
   endloop
 endfacet
 facet normal  0.000000e+00  0.000000e+00 -1.000000e+00
   outer loop
     vertex -1.500000e+01  3.500000e+01  0.000000e+00
     vertex -1.171199e+01 -5.456279e+00  0.000000e+00
     vertex -1.175407e+01 -5.476392e+00  0.000000e+00
   endloop
 endfacet
 facet normal  0.000000e+00  0.000000e+00 -1.000000e+00
   outer loop
     vertex -1.500000e+01  3.500000e+01  0.000000e+00
     vertex -1.175407e+01 -5.476392e+00  0.000000e+00
     vertex -1.179558e+01 -5.497653e+00  0.000000e+00
   endloop
 endfacet
 facet normal  0.000000e+00  0.000000e+00 -1.000000e+00
   outer loop
     vertex -1.500000e+01  3.500000e+01  0.000000e+00
     vertex -1.179558e+01 -5.497653e+00  0.000000e+00
     vertex -1.183650e+01 -5.520045e+00  0.000000e+00
   endloop
 endfacet
 facet normal  0.000000e+00  0.000000e+00 -1.000000e+00
   outer loop
     vertex -1.500000e+01  3.500000e+01  0.000000e+00
     vertex -1.183650e+01 -5.520045e+00  0.000000e+00
     vertex -1.187679e+01 -5.543550e+00  0.000000e+00
   endloop
 endfacet
 facet normal  0.000000e+00  0.000000e+00 -1.000000e+00
   outer loop
     vertex -1.500000e+01  3.500000e+01  0.000000e+00
     vertex -1.187679e+01 -5.543550e+00  0.000000e+00
     vertex -1.191641e+01 -5.568152e+00  0.000000e+00
   endloop
 endfacet
 facet normal  0.000000e+00  0.000000e+00 -1.000000e+00
   outer loop
     vertex -1.500000e+01  3.500000e+01  0.000000e+00
     vertex -1.191641e+01 -5.568152e+00  0.000000e+00
     vertex -1.195535e+01 -5.593832e+00  0.000000e+00
   endloop
 endfacet
 facet normal  0.000000e+00  0.000000e+00 -1.000000e+00
   outer loop
     vertex -1.500000e+01  3.500000e+01  0.000000e+00
     vertex -1.195535e+01 -5.593832e+00  0.000000e+00
     vertex -1.199357e+01 -5.620570e+00  0.000000e+00
   endloop
 endfacet
 facet normal  0.000000e+00  0.000000e+00 -1.000000e+00
   outer loop
     vertex -1.500000e+01  3.500000e+01  0.000000e+00
     vertex -1.199357e+01 -5.620570e+00  0.000000e+00
     vertex -1.203104e+01 -5.648347e+00  0.000000e+00
   endloop
 endfacet
 facet normal  0.000000e+00  0.000000e+00 -1.000000e+00
   outer loop
     vertex -1.500000e+01  3.500000e+01  0.000000e+00
     vertex -1.203104e+01 -5.648347e+00  0.000000e+00
     vertex -1.206773e+01 -5.677141e+00  0.000000e+00
   endloop
 endfacet
 facet normal  0.000000e+00  0.000000e+00 -1.000000e+00
   outer loop
     vertex -1.500000e+01  3.500000e+01  0.000000e+00
     vertex -1.206773e+01 -5.677141e+00  0.000000e+00
     vertex -1.210362e+01 -5.706931e+00  0.000000e+00
   endloop
 endfacet
 facet normal  0.000000e+00  0.000000e+00 -1.000000e+00
   outer loop
     vertex -1.500000e+01  3.500000e+01  0.000000e+00
     vertex -1.210362e+01 -5.706931e+00  0.000000e+00
     vertex -1.213868e+01 -5.737695e+00  0.000000e+00
   endloop
 endfacet
 facet normal  0.000000e+00  0.000000e+00 -1.000000e+00
   outer loop
     vertex -1.500000e+01  3.500000e+01  0.000000e+00
     vertex -1.213868e+01 -5.737695e+00  0.000000e+00
     vertex -1.217288e+01 -5.769408e+00  0.000000e+00
   endloop
 endfacet
 facet normal  0.000000e+00  0.000000e+00 -1.000000e+00
   outer loop
     vertex -1.500000e+01  3.500000e+01  0.000000e+00
     vertex -1.217288e+01 -5.769408e+00  0.000000e+00
     vertex -1.220620e+01 -5.802048e+00  0.000000e+00
   endloop
 endfacet
 facet normal  0.000000e+00  0.000000e+00 -1.000000e+00
   outer loop
     vertex -1.500000e+01  3.500000e+01  0.000000e+00
     vertex -1.220620e+01 -5.802048e+00  0.000000e+00
     vertex -1.223861e+01 -5.835590e+00  0.000000e+00
   endloop
 endfacet
 facet normal  0.000000e+00  0.000000e+00 -1.000000e+00
   outer loop
     vertex -1.500000e+01  3.500000e+01  0.000000e+00
     vertex -1.223861e+01 -5.835590e+00  0.000000e+00
     vertex -1.227009e+01 -5.870008e+00  0.000000e+00
   endloop
 endfacet
 facet normal  0.000000e+00  0.000000e+00 -1.000000e+00
   outer loop
     vertex -1.500000e+01  3.500000e+01  0.000000e+00
     vertex -1.227009e+01 -5.870008e+00  0.000000e+00
     vertex -1.230061e+01 -5.905277e+00  0.000000e+00
   endloop
 endfacet
 facet normal  0.000000e+00  0.000000e+00 -1.000000e+00
   outer loop
     vertex -1.500000e+01  3.500000e+01  0.000000e+00
     vertex -1.230061e+01 -5.905277e+00  0.000000e+00
     vertex -1.233015e+01 -5.941370e+00  0.000000e+00
   endloop
 endfacet
 facet normal  0.000000e+00  0.000000e+00 -1.000000e+00
   outer loop
     vertex -1.500000e+01  3.500000e+01  0.000000e+00
     vertex -1.233015e+01 -5.941370e+00  0.000000e+00
     vertex -1.235869e+01 -5.978260e+00  0.000000e+00
   endloop
 endfacet
 facet normal  0.000000e+00  0.000000e+00 -1.000000e+00
   outer loop
     vertex -1.500000e+01  3.500000e+01  0.000000e+00
     vertex -1.235869e+01 -5.978260e+00  0.000000e+00
     vertex -1.238621e+01 -6.015919e+00  0.000000e+00
   endloop
 endfacet
 facet normal  0.000000e+00  0.000000e+00 -1.000000e+00
   outer loop
     vertex -1.500000e+01  3.500000e+01  0.000000e+00
     vertex -1.238621e+01 -6.015919e+00  0.000000e+00
     vertex -1.241269e+01 -6.054319e+00  0.000000e+00
   endloop
 endfacet
 facet normal  0.000000e+00  0.000000e+00 -1.000000e+00
   outer loop
     vertex -1.500000e+01  3.500000e+01  0.000000e+00
     vertex -1.241269e+01 -6.054319e+00  0.000000e+00
     vertex -1.243810e+01 -6.093431e+00  0.000000e+00
   endloop
 endfacet
 facet normal  0.000000e+00  0.000000e+00 -1.000000e+00
   outer loop
     vertex -1.500000e+01  3.500000e+01  0.000000e+00
     vertex -1.243810e+01 -6.093431e+00  0.000000e+00
     vertex -1.246243e+01 -6.133225e+00  0.000000e+00
   endloop
 endfacet
 facet normal  0.000000e+00  0.000000e+00 -1.000000e+00
   outer loop
     vertex -1.500000e+01  3.500000e+01  0.000000e+00
     vertex -1.246243e+01 -6.133225e+00  0.000000e+00
     vertex -1.248566e+01 -6.173671e+00  0.000000e+00
   endloop
 endfacet
 facet normal  0.000000e+00  0.000000e+00 -1.000000e+00
   outer loop
     vertex  9.793803e+00  1.580205e+01  0.000000e+00
     vertex -9.878747e+00 -5.722193e+00  0.000000e+00
     vertex -9.914224e+00 -5.691913e+00  0.000000e+00
   endloop
 endfacet
 facet normal  0.000000e+00  0.000000e+00 -1.000000e+00
   outer loop
     vertex  9.827121e+00  1.576941e+01  0.000000e+00
     vertex -9.844113e+00 -5.753434e+00  0.000000e+00
     vertex -9.878747e+00 -5.722193e+00  0.000000e+00
   endloop
 endfacet
 facet normal -0.000000e+00  0.000000e+00 -1.000000e+00
   outer loop
     vertex  9.827121e+00  1.576941e+01  0.000000e+00
     vertex -9.878747e+00 -5.722193e+00  0.000000e+00
     vertex  9.793803e+00  1.580205e+01  0.000000e+00
   endloop
 endfacet
 facet normal  0.000000e+00  0.000000e+00 -1.000000e+00
   outer loop
     vertex  9.761392e+00  1.583559e+01  0.000000e+00
     vertex -9.914224e+00 -5.691913e+00  0.000000e+00
     vertex -9.950519e+00 -5.662618e+00  0.000000e+00
   endloop
 endfacet
 facet normal  0.000000e+00 -0.000000e+00 -1.000000e+00
   outer loop
     vertex  9.761392e+00  1.583559e+01  0.000000e+00
     vertex  9.793803e+00  1.580205e+01  0.000000e+00
     vertex -9.914224e+00 -5.691913e+00  0.000000e+00
   endloop
 endfacet
 facet normal -0.000000e+00  0.000000e+00 -1.000000e+00
   outer loop
     vertex  9.861323e+00  1.573769e+01  0.000000e+00
     vertex -9.844113e+00 -5.753434e+00  0.000000e+00
     vertex  9.827121e+00  1.576941e+01  0.000000e+00
   endloop
 endfacet
 facet normal  0.000000e+00  0.000000e+00 -1.000000e+00
   outer loop
     vertex  9.861323e+00  1.573769e+01  0.000000e+00
     vertex -9.810350e+00 -5.785614e+00  0.000000e+00
     vertex -9.844113e+00 -5.753434e+00  0.000000e+00
   endloop
 endfacet
 facet normal  0.000000e+00 -0.000000e+00 -1.000000e+00
   outer loop
     vertex  9.729914e+00  1.587001e+01  0.000000e+00
     vertex  9.761392e+00  1.583559e+01  0.000000e+00
     vertex -9.950519e+00 -5.662618e+00  0.000000e+00
   endloop
 endfacet
 facet normal  0.000000e+00  0.000000e+00 -1.000000e+00
   outer loop
     vertex  9.729914e+00  1.587001e+01  0.000000e+00
     vertex -9.950519e+00 -5.662618e+00  0.000000e+00
     vertex -9.987604e+00 -5.634330e+00  0.000000e+00
   endloop
 endfacet
 facet normal -0.000000e+00  0.000000e+00 -1.000000e+00
   outer loop
     vertex  9.896382e+00  1.570693e+01  0.000000e+00
     vertex -9.810350e+00 -5.785614e+00  0.000000e+00
     vertex  9.861323e+00  1.573769e+01  0.000000e+00
   endloop
 endfacet
 facet normal  0.000000e+00  0.000000e+00 -1.000000e+00
   outer loop
     vertex  9.896382e+00  1.570693e+01  0.000000e+00
     vertex -9.777482e+00 -5.818708e+00  0.000000e+00
     vertex -9.810350e+00 -5.785614e+00  0.000000e+00
   endloop
 endfacet
 facet normal  0.000000e+00  0.000000e+00 -1.000000e+00
   outer loop
     vertex  9.699392e+00  1.590528e+01  0.000000e+00
     vertex -9.987604e+00 -5.634330e+00  0.000000e+00
     vertex -1.002545e+01 -5.607070e+00  0.000000e+00
   endloop
 endfacet
 facet normal  0.000000e+00 -0.000000e+00 -1.000000e+00
   outer loop
     vertex  9.699392e+00  1.590528e+01  0.000000e+00
     vertex  9.729914e+00  1.587001e+01  0.000000e+00
     vertex -9.987604e+00 -5.634330e+00  0.000000e+00
   endloop
 endfacet
 facet normal  0.000000e+00  0.000000e+00 -1.000000e+00
   outer loop
     vertex  9.932271e+00  1.567714e+01  0.000000e+00
     vertex -9.745535e+00 -5.852691e+00  0.000000e+00
     vertex -9.777482e+00 -5.818708e+00  0.000000e+00
   endloop
 endfacet
 facet normal -0.000000e+00  0.000000e+00 -1.000000e+00
   outer loop
     vertex  9.932271e+00  1.567714e+01  0.000000e+00
     vertex -9.777482e+00 -5.818708e+00  0.000000e+00
     vertex  9.896382e+00  1.570693e+01  0.000000e+00
   endloop
 endfacet
 facet normal  0.000000e+00  0.000000e+00 -1.000000e+00
   outer loop
     vertex  9.669848e+00  1.594137e+01  0.000000e+00
     vertex -1.002545e+01 -5.607070e+00  0.000000e+00
     vertex -1.006403e+01 -5.580858e+00  0.000000e+00
   endloop
 endfacet
 facet normal  0.000000e+00 -0.000000e+00 -1.000000e+00
   outer loop
     vertex  9.669848e+00  1.594137e+01  0.000000e+00
     vertex  9.699392e+00  1.590528e+01  0.000000e+00
     vertex -1.002545e+01 -5.607070e+00  0.000000e+00
   endloop
 endfacet
 facet normal -0.000000e+00  0.000000e+00 -1.000000e+00
   outer loop
     vertex  9.968964e+00  1.564835e+01  0.000000e+00
     vertex -9.745535e+00 -5.852691e+00  0.000000e+00
     vertex  9.932271e+00  1.567714e+01  0.000000e+00
   endloop
 endfacet
 facet normal  0.000000e+00  0.000000e+00 -1.000000e+00
   outer loop
     vertex  9.968964e+00  1.564835e+01  0.000000e+00
     vertex -9.714532e+00 -5.887538e+00  0.000000e+00
     vertex -9.745535e+00 -5.852691e+00  0.000000e+00
   endloop
 endfacet
 facet normal  0.000000e+00 -0.000000e+00 -1.000000e+00
   outer loop
     vertex  9.641307e+00  1.597826e+01  0.000000e+00
     vertex  9.669848e+00  1.594137e+01  0.000000e+00
     vertex -1.006403e+01 -5.580858e+00  0.000000e+00
   endloop
 endfacet
 facet normal  0.000000e+00  0.000000e+00 -1.000000e+00
   outer loop
     vertex  9.641307e+00  1.597826e+01  0.000000e+00
     vertex -1.006403e+01 -5.580858e+00  0.000000e+00
     vertex -1.010332e+01 -5.555715e+00  0.000000e+00
   endloop
 endfacet
 facet normal -0.000000e+00  0.000000e+00 -1.000000e+00
   outer loop
     vertex  1.000643e+01  1.562057e+01  0.000000e+00
     vertex -9.714532e+00 -5.887538e+00  0.000000e+00
     vertex  9.968964e+00  1.564835e+01  0.000000e+00
   endloop
 endfacet
 facet normal  0.000000e+00  0.000000e+00 -1.000000e+00
   outer loop
     vertex  1.000643e+01  1.562057e+01  0.000000e+00
     vertex -9.684496e+00 -5.923222e+00  0.000000e+00
     vertex -9.714532e+00 -5.887538e+00  0.000000e+00
   endloop
 endfacet
 facet normal  0.000000e+00 -0.000000e+00 -1.000000e+00
   outer loop
     vertex  9.613788e+00  1.601592e+01  0.000000e+00
     vertex  9.641307e+00  1.597826e+01  0.000000e+00
     vertex -1.010332e+01 -5.555715e+00  0.000000e+00
   endloop
 endfacet
 facet normal  0.000000e+00  0.000000e+00 -1.000000e+00
   outer loop
     vertex  9.613788e+00  1.601592e+01  0.000000e+00
     vertex -1.010332e+01 -5.555715e+00  0.000000e+00
     vertex -1.014328e+01 -5.531659e+00  0.000000e+00
   endloop
 endfacet
 facet normal  0.000000e+00  0.000000e+00 -1.000000e+00
   outer loop
     vertex  1.004465e+01  1.559383e+01  0.000000e+00
     vertex -9.655451e+00 -5.959717e+00  0.000000e+00
     vertex -9.684496e+00 -5.923222e+00  0.000000e+00
   endloop
 endfacet
 facet normal -0.000000e+00  0.000000e+00 -1.000000e+00
   outer loop
     vertex  1.004465e+01  1.559383e+01  0.000000e+00
     vertex -9.684496e+00 -5.923222e+00  0.000000e+00
     vertex  1.000643e+01  1.562057e+01  0.000000e+00
   endloop
 endfacet
 facet normal  0.000000e+00  0.000000e+00 -1.000000e+00
   outer loop
     vertex  9.587312e+00  1.605432e+01  0.000000e+00
     vertex -1.014328e+01 -5.531659e+00  0.000000e+00
     vertex -1.018388e+01 -5.508708e+00  0.000000e+00
   endloop
 endfacet
 facet normal  0.000000e+00 -0.000000e+00 -1.000000e+00
   outer loop
     vertex  9.587312e+00  1.605432e+01  0.000000e+00
     vertex  9.613788e+00  1.601592e+01  0.000000e+00
     vertex -1.014328e+01 -5.531659e+00  0.000000e+00
   endloop
 endfacet
 facet normal  0.000000e+00  0.000000e+00 -1.000000e+00
   outer loop
     vertex  1.008359e+01  1.556815e+01  0.000000e+00
     vertex -9.627418e+00 -5.996995e+00  0.000000e+00
     vertex -9.655451e+00 -5.959717e+00  0.000000e+00
   endloop
 endfacet
 facet normal -0.000000e+00  0.000000e+00 -1.000000e+00
   outer loop
     vertex  1.008359e+01  1.556815e+01  0.000000e+00
     vertex -9.655451e+00 -5.959717e+00  0.000000e+00
     vertex  1.004465e+01  1.559383e+01  0.000000e+00
   endloop
 endfacet
 facet normal  0.000000e+00  0.000000e+00 -1.000000e+00
   outer loop
     vertex  9.561900e+00  1.609343e+01  0.000000e+00
     vertex -1.018388e+01 -5.508708e+00  0.000000e+00
     vertex -1.022510e+01 -5.486880e+00  0.000000e+00
   endloop
 endfacet
 facet normal  0.000000e+00 -0.000000e+00 -1.000000e+00
   outer loop
     vertex  9.561900e+00  1.609343e+01  0.000000e+00
     vertex  9.587312e+00  1.605432e+01  0.000000e+00
     vertex -1.018388e+01 -5.508708e+00  0.000000e+00
   endloop
 endfacet
 facet normal -0.000000e+00  0.000000e+00 -1.000000e+00
   outer loop
     vertex  1.012321e+01  1.554355e+01  0.000000e+00
     vertex -9.627418e+00 -5.996995e+00  0.000000e+00
     vertex  1.008359e+01  1.556815e+01  0.000000e+00
   endloop
 endfacet
 facet normal  0.000000e+00  0.000000e+00 -1.000000e+00
   outer loop
     vertex  1.012321e+01  1.554355e+01  0.000000e+00
     vertex -9.600418e+00 -6.035028e+00  0.000000e+00
     vertex -9.627418e+00 -5.996995e+00  0.000000e+00
   endloop
 endfacet
 facet normal  0.000000e+00  0.000000e+00 -1.000000e+00
   outer loop
     vertex  9.537570e+00  1.613322e+01  0.000000e+00
     vertex -1.022510e+01 -5.486880e+00  0.000000e+00
     vertex -1.026690e+01 -5.466191e+00  0.000000e+00
   endloop
 endfacet
 facet normal  0.000000e+00 -0.000000e+00 -1.000000e+00
   outer loop
     vertex  9.537570e+00  1.613322e+01  0.000000e+00
     vertex  9.561900e+00  1.609343e+01  0.000000e+00
     vertex -1.022510e+01 -5.486880e+00  0.000000e+00
   endloop
 endfacet
 facet normal  0.000000e+00  0.000000e+00 -1.000000e+00
   outer loop
     vertex  1.016350e+01  1.552004e+01  0.000000e+00
     vertex -9.574472e+00 -6.073788e+00  0.000000e+00
     vertex -9.600418e+00 -6.035028e+00  0.000000e+00
   endloop
 endfacet
 facet normal -0.000000e+00  0.000000e+00 -1.000000e+00
   outer loop
     vertex  1.016350e+01  1.552004e+01  0.000000e+00
     vertex -9.600418e+00 -6.035028e+00  0.000000e+00
     vertex  1.012321e+01  1.554355e+01  0.000000e+00
   endloop
 endfacet
 facet normal  0.000000e+00  0.000000e+00 -1.000000e+00
   outer loop
     vertex  9.514342e+00  1.617367e+01  0.000000e+00
     vertex -1.026690e+01 -5.466191e+00  0.000000e+00
     vertex -1.030926e+01 -5.446657e+00  0.000000e+00
   endloop
 endfacet
 facet normal  0.000000e+00 -0.000000e+00 -1.000000e+00
   outer loop
     vertex  9.514342e+00  1.617367e+01  0.000000e+00
     vertex  9.537570e+00  1.613322e+01  0.000000e+00
     vertex -1.026690e+01 -5.466191e+00  0.000000e+00
   endloop
 endfacet
 facet normal  0.000000e+00  0.000000e+00 -1.000000e+00
   outer loop
     vertex  1.020442e+01  1.549765e+01  0.000000e+00
     vertex -9.549599e+00 -6.113244e+00  0.000000e+00
     vertex -9.574472e+00 -6.073788e+00  0.000000e+00
   endloop
 endfacet
 facet normal -0.000000e+00  0.000000e+00 -1.000000e+00
   outer loop
     vertex  1.020442e+01  1.549765e+01  0.000000e+00
     vertex -9.574472e+00 -6.073788e+00  0.000000e+00
     vertex  1.016350e+01  1.552004e+01  0.000000e+00
   endloop
 endfacet
 facet normal  0.000000e+00  0.000000e+00 -1.000000e+00
   outer loop
     vertex  9.492231e+00  1.621474e+01  0.000000e+00
     vertex -1.030926e+01 -5.446657e+00  0.000000e+00
     vertex -1.035213e+01 -5.428291e+00  0.000000e+00
   endloop
 endfacet
 facet normal  0.000000e+00 -0.000000e+00 -1.000000e+00
   outer loop
     vertex  9.492231e+00  1.621474e+01  0.000000e+00
     vertex  9.514342e+00  1.617367e+01  0.000000e+00
     vertex -1.030926e+01 -5.446657e+00  0.000000e+00
   endloop
 endfacet
 facet normal  0.000000e+00  0.000000e+00 -1.000000e+00
   outer loop
     vertex  1.024593e+01  1.547639e+01  0.000000e+00
     vertex -9.525817e+00 -6.153368e+00  0.000000e+00
     vertex -9.549599e+00 -6.113244e+00  0.000000e+00
   endloop
 endfacet
 facet normal -0.000000e+00  0.000000e+00 -1.000000e+00
   outer loop
     vertex  1.024593e+01  1.547639e+01  0.000000e+00
     vertex -9.549599e+00 -6.113244e+00  0.000000e+00
     vertex  1.020442e+01  1.549765e+01  0.000000e+00
   endloop
 endfacet
 facet normal  0.000000e+00  0.000000e+00 -1.000000e+00
   outer loop
     vertex  9.471256e+00  1.625640e+01  0.000000e+00
     vertex -1.035213e+01 -5.428291e+00  0.000000e+00
     vertex -1.039549e+01 -5.411109e+00  0.000000e+00
   endloop
 endfacet
 facet normal  0.000000e+00 -0.000000e+00 -1.000000e+00
   outer loop
     vertex  9.471256e+00  1.625640e+01  0.000000e+00
     vertex  9.492231e+00  1.621474e+01  0.000000e+00
     vertex -1.035213e+01 -5.428291e+00  0.000000e+00
   endloop
 endfacet
 facet normal  0.000000e+00  0.000000e+00 -1.000000e+00
   outer loop
     vertex  1.028801e+01  1.545628e+01  0.000000e+00
     vertex -9.503146e+00 -6.194130e+00  0.000000e+00
     vertex -9.525817e+00 -6.153368e+00  0.000000e+00
   endloop
 endfacet
 facet normal -0.000000e+00  0.000000e+00 -1.000000e+00
   outer loop
     vertex  1.028801e+01  1.545628e+01  0.000000e+00
     vertex -9.525817e+00 -6.153368e+00  0.000000e+00
     vertex  1.024593e+01  1.547639e+01  0.000000e+00
   endloop
 endfacet
 facet normal  0.000000e+00  0.000000e+00 -1.000000e+00
   outer loop
     vertex  9.451431e+00  1.629862e+01  0.000000e+00
     vertex -1.039549e+01 -5.411109e+00  0.000000e+00
     vertex -1.043931e+01 -5.395123e+00  0.000000e+00
   endloop
 endfacet
 facet normal  0.000000e+00 -0.000000e+00 -1.000000e+00
   outer loop
     vertex  9.451431e+00  1.629862e+01  0.000000e+00
     vertex  9.471256e+00  1.625640e+01  0.000000e+00
     vertex -1.039549e+01 -5.411109e+00  0.000000e+00
   endloop
 endfacet
 facet normal  0.000000e+00  0.000000e+00 -1.000000e+00
   outer loop
     vertex  1.033063e+01  1.543733e+01  0.000000e+00
     vertex -9.481601e+00 -6.235498e+00  0.000000e+00
     vertex -9.503146e+00 -6.194130e+00  0.000000e+00
   endloop
 endfacet
 facet normal -0.000000e+00  0.000000e+00 -1.000000e+00
   outer loop
     vertex  1.033063e+01  1.543733e+01  0.000000e+00
     vertex -9.503146e+00 -6.194130e+00  0.000000e+00
     vertex  1.028801e+01  1.545628e+01  0.000000e+00
   endloop
 endfacet
 facet normal  0.000000e+00  0.000000e+00 -1.000000e+00
   outer loop
     vertex  9.432772e+00  1.634137e+01  0.000000e+00
     vertex -1.043931e+01 -5.395123e+00  0.000000e+00
     vertex -1.048355e+01 -5.380346e+00  0.000000e+00
   endloop
 endfacet
 facet normal  0.000000e+00 -0.000000e+00 -1.000000e+00
   outer loop
     vertex  9.432772e+00  1.634137e+01  0.000000e+00
     vertex  9.451431e+00  1.629862e+01  0.000000e+00
     vertex -1.043931e+01 -5.395123e+00  0.000000e+00
   endloop
 endfacet
 facet normal  0.000000e+00  0.000000e+00 -1.000000e+00
   outer loop
     vertex  1.037375e+01  1.541955e+01  0.000000e+00
     vertex -9.461199e+00 -6.277442e+00  0.000000e+00
     vertex -9.481601e+00 -6.235498e+00  0.000000e+00
   endloop
 endfacet
 facet normal -0.000000e+00  0.000000e+00 -1.000000e+00
   outer loop
     vertex  1.037375e+01  1.541955e+01  0.000000e+00
     vertex -9.481601e+00 -6.235498e+00  0.000000e+00
     vertex  1.033063e+01  1.543733e+01  0.000000e+00
   endloop
 endfacet
 facet normal  0.000000e+00  0.000000e+00 -1.000000e+00
   outer loop
     vertex  9.415293e+00  1.638461e+01  0.000000e+00
     vertex -1.048355e+01 -5.380346e+00  0.000000e+00
     vertex -1.052818e+01 -5.366787e+00  0.000000e+00
   endloop
 endfacet
 facet normal  0.000000e+00 -0.000000e+00 -1.000000e+00
   outer loop
     vertex  9.415293e+00  1.638461e+01  0.000000e+00
     vertex  9.432772e+00  1.634137e+01  0.000000e+00
     vertex -1.048355e+01 -5.380346e+00  0.000000e+00
   endloop
 endfacet
 facet normal  0.000000e+00  0.000000e+00 -1.000000e+00
   outer loop
     vertex  1.041735e+01  1.540297e+01  0.000000e+00
     vertex -9.441955e+00 -6.319929e+00  0.000000e+00
     vertex -9.461199e+00 -6.277442e+00  0.000000e+00
   endloop
 endfacet
 facet normal -0.000000e+00  0.000000e+00 -1.000000e+00
   outer loop
     vertex  1.041735e+01  1.540297e+01  0.000000e+00
     vertex -9.461199e+00 -6.277442e+00  0.000000e+00
     vertex  1.037375e+01  1.541955e+01  0.000000e+00
   endloop
 endfacet
 facet normal  0.000000e+00  0.000000e+00 -1.000000e+00
   outer loop
     vertex  9.399007e+00  1.642832e+01  0.000000e+00
     vertex -1.052818e+01 -5.366787e+00  0.000000e+00
     vertex -1.057316e+01 -5.354458e+00  0.000000e+00
   endloop
 endfacet
 facet normal  0.000000e+00 -0.000000e+00 -1.000000e+00
   outer loop
     vertex  9.399007e+00  1.642832e+01  0.000000e+00
     vertex  9.415293e+00  1.638461e+01  0.000000e+00
     vertex -1.052818e+01 -5.366787e+00  0.000000e+00
   endloop
 endfacet
 facet normal  0.000000e+00  0.000000e+00 -1.000000e+00
   outer loop
     vertex  1.046138e+01  1.538758e+01  0.000000e+00
     vertex -9.423885e+00 -6.362929e+00  0.000000e+00
     vertex -9.441955e+00 -6.319929e+00  0.000000e+00
   endloop
 endfacet
 facet normal -0.000000e+00  0.000000e+00 -1.000000e+00
   outer loop
     vertex  1.046138e+01  1.538758e+01  0.000000e+00
     vertex -9.441955e+00 -6.319929e+00  0.000000e+00
     vertex  1.041735e+01  1.540297e+01  0.000000e+00
   endloop
 endfacet
 facet normal  0.000000e+00 -0.000000e+00 -1.000000e+00
   outer loop
     vertex  9.383926e+00  1.647245e+01  0.000000e+00
     vertex  9.399007e+00  1.642832e+01  0.000000e+00
     vertex -1.057316e+01 -5.354458e+00  0.000000e+00
   endloop
 endfacet
 facet normal  0.000000e+00  0.000000e+00 -1.000000e+00
   outer loop
     vertex  9.383926e+00  1.647245e+01  0.000000e+00
     vertex -1.057316e+01 -5.354458e+00  0.000000e+00
     vertex -1.061847e+01 -5.343367e+00  0.000000e+00
   endloop
 endfacet
 facet normal  0.000000e+00  0.000000e+00 -1.000000e+00
   outer loop
     vertex  1.050582e+01  1.537341e+01  0.000000e+00
     vertex -9.407000e+00 -6.406408e+00  0.000000e+00
     vertex -9.423885e+00 -6.362929e+00  0.000000e+00
   endloop
 endfacet
 facet normal -0.000000e+00  0.000000e+00 -1.000000e+00
   outer loop
     vertex  1.050582e+01  1.537341e+01  0.000000e+00
     vertex -9.423885e+00 -6.362929e+00  0.000000e+00
     vertex  1.046138e+01  1.538758e+01  0.000000e+00
   endloop
 endfacet
 facet normal  0.000000e+00  0.000000e+00 -1.000000e+00
   outer loop
     vertex  9.370062e+00  1.651699e+01  0.000000e+00
     vertex -1.061847e+01 -5.343367e+00  0.000000e+00
     vertex -1.066406e+01 -5.333524e+00  0.000000e+00
   endloop
 endfacet
 facet normal  0.000000e+00 -0.000000e+00 -1.000000e+00
   outer loop
     vertex  9.370062e+00  1.651699e+01  0.000000e+00
     vertex  9.383926e+00  1.647245e+01  0.000000e+00
     vertex -1.061847e+01 -5.343367e+00  0.000000e+00
   endloop
 endfacet
 facet normal  0.000000e+00  0.000000e+00 -1.000000e+00
   outer loop
     vertex  1.055063e+01  1.536047e+01  0.000000e+00
     vertex -9.391315e+00 -6.450333e+00  0.000000e+00
     vertex -9.407000e+00 -6.406408e+00  0.000000e+00
   endloop
 endfacet
 facet normal -0.000000e+00  0.000000e+00 -1.000000e+00
   outer loop
     vertex  1.055063e+01  1.536047e+01  0.000000e+00
     vertex -9.407000e+00 -6.406408e+00  0.000000e+00
     vertex  1.050582e+01  1.537341e+01  0.000000e+00
   endloop
 endfacet
 facet normal  0.000000e+00 -0.000000e+00 -1.000000e+00
   outer loop
     vertex  9.357424e+00  1.656189e+01  0.000000e+00
     vertex  9.370062e+00  1.651699e+01  0.000000e+00
     vertex -1.066406e+01 -5.333524e+00  0.000000e+00
   endloop
 endfacet
 facet normal  0.000000e+00  0.000000e+00 -1.000000e+00
   outer loop
     vertex  9.357424e+00  1.656189e+01  0.000000e+00
     vertex -1.066406e+01 -5.333524e+00  0.000000e+00
     vertex -1.070990e+01 -5.324935e+00  0.000000e+00
   endloop
 endfacet
 facet normal  0.000000e+00  0.000000e+00 -1.000000e+00
   outer loop
     vertex  1.059578e+01  1.534876e+01  0.000000e+00
     vertex -9.376841e+00 -6.494673e+00  0.000000e+00
     vertex -9.391315e+00 -6.450333e+00  0.000000e+00
   endloop
 endfacet
 facet normal -0.000000e+00  0.000000e+00 -1.000000e+00
   outer loop
     vertex  1.059578e+01  1.534876e+01  0.000000e+00
     vertex -9.391315e+00 -6.450333e+00  0.000000e+00
     vertex  1.055063e+01  1.536047e+01  0.000000e+00
   endloop
 endfacet
 facet normal  0.000000e+00  0.000000e+00 -1.000000e+00
   outer loop
     vertex  9.346023e+00  1.660711e+01  0.000000e+00
     vertex -1.070990e+01 -5.324935e+00  0.000000e+00
     vertex -1.075597e+01 -5.317607e+00  0.000000e+00
   endloop
 endfacet
 facet normal  0.000000e+00 -0.000000e+00 -1.000000e+00
   outer loop
     vertex  9.346023e+00  1.660711e+01  0.000000e+00
     vertex  9.357424e+00  1.656189e+01  0.000000e+00
     vertex -1.070990e+01 -5.324935e+00  0.000000e+00
   endloop
 endfacet
 facet normal  0.000000e+00  0.000000e+00 -1.000000e+00
   outer loop
     vertex  1.064123e+01  1.533829e+01  0.000000e+00
     vertex -9.363589e+00 -6.539393e+00  0.000000e+00
     vertex -9.376841e+00 -6.494673e+00  0.000000e+00
   endloop
 endfacet
 facet normal -0.000000e+00  0.000000e+00 -1.000000e+00
   outer loop
     vertex  1.064123e+01  1.533829e+01  0.000000e+00
     vertex -9.376841e+00 -6.494673e+00  0.000000e+00
     vertex  1.059578e+01  1.534876e+01  0.000000e+00
   endloop
 endfacet
 facet normal  0.000000e+00  0.000000e+00 -1.000000e+00
   outer loop
     vertex  9.335867e+00  1.665264e+01  0.000000e+00
     vertex -1.075597e+01 -5.317607e+00  0.000000e+00
     vertex -1.080221e+01 -5.311545e+00  0.000000e+00
   endloop
 endfacet
 facet normal  0.000000e+00 -0.000000e+00 -1.000000e+00
   outer loop
     vertex  9.335867e+00  1.665264e+01  0.000000e+00
     vertex  9.346023e+00  1.660711e+01  0.000000e+00
     vertex -1.075597e+01 -5.317607e+00  0.000000e+00
   endloop
 endfacet
 facet normal  0.000000e+00  0.000000e+00 -1.000000e+00
   outer loop
     vertex  1.068695e+01  1.532907e+01  0.000000e+00
     vertex -9.351569e+00 -6.584460e+00  0.000000e+00
     vertex -9.363589e+00 -6.539393e+00  0.000000e+00
   endloop
 endfacet
 facet normal -0.000000e+00  0.000000e+00 -1.000000e+00
   outer loop
     vertex  1.068695e+01  1.532907e+01  0.000000e+00
     vertex -9.363589e+00 -6.539393e+00  0.000000e+00
     vertex  1.064123e+01  1.533829e+01  0.000000e+00
   endloop
 endfacet
 facet normal  0.000000e+00 -0.000000e+00 -1.000000e+00
   outer loop
     vertex  9.326964e+00  1.669842e+01  0.000000e+00
     vertex  9.335867e+00  1.665264e+01  0.000000e+00
     vertex -1.080221e+01 -5.311545e+00  0.000000e+00
   endloop
 endfacet
 facet normal  0.000000e+00  0.000000e+00 -1.000000e+00
   outer loop
     vertex  9.326964e+00  1.669842e+01  0.000000e+00
     vertex -1.080221e+01 -5.311545e+00  0.000000e+00
     vertex -1.084861e+01 -5.306754e+00  0.000000e+00
   endloop
 endfacet
 facet normal  0.000000e+00  0.000000e+00 -1.000000e+00
   outer loop
     vertex  1.073291e+01  1.532111e+01  0.000000e+00
     vertex -9.340789e+00 -6.629839e+00  0.000000e+00
     vertex -9.351569e+00 -6.584460e+00  0.000000e+00
   endloop
 endfacet
 facet normal -0.000000e+00  0.000000e+00 -1.000000e+00
   outer loop
     vertex  1.073291e+01  1.532111e+01  0.000000e+00
     vertex -9.351569e+00 -6.584460e+00  0.000000e+00
     vertex  1.068695e+01  1.532907e+01  0.000000e+00
   endloop
 endfacet
 facet normal  0.000000e+00 -0.000000e+00 -1.000000e+00
   outer loop
     vertex  9.319320e+00  1.674443e+01  0.000000e+00
     vertex  9.326964e+00  1.669842e+01  0.000000e+00
     vertex -1.084861e+01 -5.306754e+00  0.000000e+00
   endloop
 endfacet
 facet normal  0.000000e+00  0.000000e+00 -1.000000e+00
   outer loop
     vertex  9.319320e+00  1.674443e+01  0.000000e+00
     vertex -1.084861e+01 -5.306754e+00  0.000000e+00
     vertex -1.089512e+01 -5.303238e+00  0.000000e+00
   endloop
 endfacet
 facet normal  0.000000e+00  0.000000e+00 -1.000000e+00
   outer loop
     vertex  1.077907e+01  1.531442e+01  0.000000e+00
     vertex -9.331259e+00 -6.675498e+00  0.000000e+00
     vertex -9.340789e+00 -6.629839e+00  0.000000e+00
   endloop
 endfacet
 facet normal -0.000000e+00  0.000000e+00 -1.000000e+00
   outer loop
     vertex  1.077907e+01  1.531442e+01  0.000000e+00
     vertex -9.340789e+00 -6.629839e+00  0.000000e+00
     vertex  1.073291e+01  1.532111e+01  0.000000e+00
   endloop
 endfacet
 facet normal  0.000000e+00 -0.000000e+00 -1.000000e+00
   outer loop
     vertex  9.312941e+00  1.679064e+01  0.000000e+00
     vertex  9.319320e+00  1.674443e+01  0.000000e+00
     vertex -1.089512e+01 -5.303238e+00  0.000000e+00
   endloop
 endfacet
 facet normal  0.000000e+00  0.000000e+00 -1.000000e+00
   outer loop
     vertex  9.312941e+00  1.679064e+01  0.000000e+00
     vertex -1.089512e+01 -5.303238e+00  0.000000e+00
     vertex -1.094171e+01 -5.301000e+00  0.000000e+00
   endloop
 endfacet
 facet normal -0.000000e+00  0.000000e+00 -1.000000e+00
   outer loop
     vertex  1.082539e+01  1.530899e+01  0.000000e+00
     vertex -9.331259e+00 -6.675498e+00  0.000000e+00
     vertex  1.077907e+01  1.531442e+01  0.000000e+00
   endloop
 endfacet
 facet normal  0.000000e+00  0.000000e+00 -1.000000e+00
   outer loop
     vertex  1.082539e+01  1.530899e+01  0.000000e+00
     vertex -9.322984e+00 -6.721400e+00  0.000000e+00
     vertex -9.331259e+00 -6.675498e+00  0.000000e+00
   endloop
 endfacet
 facet normal  0.000000e+00  0.000000e+00 -1.000000e+00
   outer loop
     vertex  9.307833e+00  1.683700e+01  0.000000e+00
     vertex -1.094171e+01 -5.301000e+00  0.000000e+00
     vertex -1.098834e+01 -5.300040e+00  0.000000e+00
   endloop
 endfacet
 facet normal  0.000000e+00 -0.000000e+00 -1.000000e+00
   outer loop
     vertex  9.307833e+00  1.683700e+01  0.000000e+00
     vertex  9.312941e+00  1.679064e+01  0.000000e+00
     vertex -1.094171e+01 -5.301000e+00  0.000000e+00
   endloop
 endfacet
 facet normal -0.000000e+00  0.000000e+00 -1.000000e+00
   outer loop
     vertex  9.307833e+00  1.683700e+01  0.000000e+00
     vertex -1.098834e+01 -5.300040e+00  0.000000e+00
     vertex -1.500000e+01  3.500000e+01  0.000000e+00
   endloop
 endfacet
 facet normal  0.000000e+00  0.000000e+00 -1.000000e+00
   outer loop
     vertex  1.087185e+01  1.530484e+01  0.000000e+00
     vertex -9.315972e+00 -6.767512e+00  0.000000e+00
     vertex -9.322984e+00 -6.721400e+00  0.000000e+00
   endloop
 endfacet
 facet normal -0.000000e+00  0.000000e+00 -1.000000e+00
   outer loop
     vertex  1.087185e+01  1.530484e+01  0.000000e+00
     vertex -9.322984e+00 -6.721400e+00  0.000000e+00
     vertex  1.082539e+01  1.530899e+01  0.000000e+00
   endloop
 endfacet
 facet normal -0.000000e+00 -0.000000e+00 -1.000000e+00
   outer loop
     vertex  9.303998e+00  1.688348e+01  0.000000e+00
     vertex  9.307833e+00  1.683700e+01  0.000000e+00
     vertex -1.500000e+01  3.500000e+01  0.000000e+00
   endloop
 endfacet
 facet normal  0.000000e+00  0.000000e+00 -1.000000e+00
   outer loop
     vertex  1.091840e+01  1.530196e+01  0.000000e+00
     vertex -9.310228e+00 -6.813799e+00  0.000000e+00
     vertex -9.315972e+00 -6.767512e+00  0.000000e+00
   endloop
 endfacet
 facet normal -0.000000e+00  0.000000e+00 -1.000000e+00
   outer loop
     vertex  1.091840e+01  1.530196e+01  0.000000e+00
     vertex -9.315972e+00 -6.767512e+00  0.000000e+00
     vertex  1.087185e+01  1.530484e+01  0.000000e+00
   endloop
 endfacet
 facet normal -0.000000e+00 -0.000000e+00 -1.000000e+00
   outer loop
     vertex  9.301440e+00  1.693005e+01  0.000000e+00
     vertex  9.303998e+00  1.688348e+01  0.000000e+00
     vertex -1.500000e+01  3.500000e+01  0.000000e+00
   endloop
 endfacet
 facet normal -0.000000e+00  0.000000e+00 -1.000000e+00
   outer loop
     vertex  1.096502e+01  1.530036e+01  0.000000e+00
     vertex -9.310228e+00 -6.813799e+00  0.000000e+00
     vertex  1.091840e+01  1.530196e+01  0.000000e+00
   endloop
 endfacet
 facet normal  0.000000e+00  0.000000e+00 -1.000000e+00
   outer loop
     vertex  1.096502e+01  1.530036e+01  0.000000e+00
     vertex -9.305756e+00 -6.860227e+00  0.000000e+00
     vertex -9.310228e+00 -6.813799e+00  0.000000e+00
   endloop
 endfacet
 facet normal -0.000000e+00 -0.000000e+00 -1.000000e+00
   outer loop
     vertex  9.300160e+00  1.697668e+01  0.000000e+00
     vertex  9.301440e+00  1.693005e+01  0.000000e+00
     vertex -1.500000e+01  3.500000e+01  0.000000e+00
   endloop
 endfacet
 facet normal  0.000000e+00  0.000000e+00 -1.000000e+00
   outer loop
     vertex  1.101166e+01  1.530004e+01  0.000000e+00
     vertex -9.302559e+00 -6.906759e+00  0.000000e+00
     vertex -9.305756e+00 -6.860227e+00  0.000000e+00
   endloop
 endfacet
 facet normal -0.000000e+00  0.000000e+00 -1.000000e+00
   outer loop
     vertex  1.101166e+01  1.530004e+01  0.000000e+00
     vertex -9.305756e+00 -6.860227e+00  0.000000e+00
     vertex  1.096502e+01  1.530036e+01  0.000000e+00
   endloop
 endfacet
 facet normal -0.000000e+00 -0.000000e+00 -1.000000e+00
   outer loop
     vertex  9.300160e+00  1.702332e+01  0.000000e+00
     vertex  9.300160e+00  1.697668e+01  0.000000e+00
     vertex -1.500000e+01  3.500000e+01  0.000000e+00
   endloop
 endfacet
 facet normal  0.000000e+00  0.000000e+00 -1.000000e+00
   outer loop
     vertex  1.105829e+01  1.530100e+01  0.000000e+00
     vertex -9.300640e+00 -6.953362e+00  0.000000e+00
     vertex -9.302559e+00 -6.906759e+00  0.000000e+00
   endloop
 endfacet
 facet normal  0.000000e+00  0.000000e+00 -1.000000e+00
   outer loop
     vertex  1.105829e+01  1.530100e+01  0.000000e+00
     vertex -9.302559e+00 -6.906759e+00  0.000000e+00
     vertex  1.101166e+01  1.530004e+01  0.000000e+00
   endloop
 endfacet
 facet normal -0.000000e+00  0.000000e+00 -1.000000e+00
   outer loop
     vertex  9.301440e+00  1.706995e+01  0.000000e+00
     vertex  9.300160e+00  1.702332e+01  0.000000e+00
     vertex -1.500000e+01  3.500000e+01  0.000000e+00
   endloop
 endfacet
 facet normal  0.000000e+00  0.000000e+00 -1.000000e+00
   outer loop
     vertex  1.110488e+01  1.530324e+01  0.000000e+00
     vertex -9.300000e+00 -7.000000e+00  0.000000e+00
     vertex -9.300640e+00 -6.953362e+00  0.000000e+00
   endloop
 endfacet
 facet normal  0.000000e+00  0.000000e+00 -1.000000e+00
   outer loop
     vertex  1.110488e+01  1.530324e+01  0.000000e+00
     vertex -9.300640e+00 -6.953362e+00  0.000000e+00
     vertex  1.105829e+01  1.530100e+01  0.000000e+00
   endloop
 endfacet
 facet normal -0.000000e+00  0.000000e+00 -1.000000e+00
   outer loop
     vertex  9.303998e+00  1.711652e+01  0.000000e+00
     vertex  9.301440e+00  1.706995e+01  0.000000e+00
     vertex -1.500000e+01  3.500000e+01  0.000000e+00
   endloop
 endfacet
 facet normal  0.000000e+00  0.000000e+00 -1.000000e+00
   outer loop
     vertex  1.115139e+01  1.530675e+01  0.000000e+00
     vertex -9.300640e+00 -7.046638e+00  0.000000e+00
     vertex -9.300000e+00 -7.000000e+00  0.000000e+00
   endloop
 endfacet
 facet normal  0.000000e+00  0.000000e+00 -1.000000e+00
   outer loop
     vertex  1.115139e+01  1.530675e+01  0.000000e+00
     vertex -9.300000e+00 -7.000000e+00  0.000000e+00
     vertex  1.110488e+01  1.530324e+01  0.000000e+00
   endloop
 endfacet
 facet normal -0.000000e+00  0.000000e+00 -1.000000e+00
   outer loop
     vertex  9.307833e+00  1.716300e+01  0.000000e+00
     vertex  9.303998e+00  1.711652e+01  0.000000e+00
     vertex -1.500000e+01  3.500000e+01  0.000000e+00
   endloop
 endfacet
 facet normal  0.000000e+00  0.000000e+00 -1.000000e+00
   outer loop
     vertex  1.119779e+01  1.531154e+01  0.000000e+00
     vertex -9.302559e+00 -7.093241e+00  0.000000e+00
     vertex -9.300640e+00 -7.046638e+00  0.000000e+00
   endloop
 endfacet
 facet normal  0.000000e+00  0.000000e+00 -1.000000e+00
   outer loop
     vertex  1.119779e+01  1.531154e+01  0.000000e+00
     vertex -9.300640e+00 -7.046638e+00  0.000000e+00
     vertex  1.115139e+01  1.530675e+01  0.000000e+00
   endloop
 endfacet
 facet normal -0.000000e+00  0.000000e+00 -1.000000e+00
   outer loop
     vertex  9.312941e+00  1.720936e+01  0.000000e+00
     vertex  9.307833e+00  1.716300e+01  0.000000e+00
     vertex -1.500000e+01  3.500000e+01  0.000000e+00
   endloop
 endfacet
 facet normal  0.000000e+00  0.000000e+00 -1.000000e+00
   outer loop
     vertex  1.124403e+01  1.531761e+01  0.000000e+00
     vertex -9.305756e+00 -7.139773e+00  0.000000e+00
     vertex -9.302559e+00 -7.093241e+00  0.000000e+00
   endloop
 endfacet
 facet normal  0.000000e+00  0.000000e+00 -1.000000e+00
   outer loop
     vertex  1.124403e+01  1.531761e+01  0.000000e+00
     vertex -9.302559e+00 -7.093241e+00  0.000000e+00
     vertex  1.119779e+01  1.531154e+01  0.000000e+00
   endloop
 endfacet
 facet normal -0.000000e+00  0.000000e+00 -1.000000e+00
   outer loop
     vertex  9.319320e+00  1.725557e+01  0.000000e+00
     vertex  9.312941e+00  1.720936e+01  0.000000e+00
     vertex -1.500000e+01  3.500000e+01  0.000000e+00
   endloop
 endfacet
 facet normal  0.000000e+00  0.000000e+00 -1.000000e+00
   outer loop
     vertex  1.129010e+01  1.532493e+01  0.000000e+00
     vertex -9.310228e+00 -7.186201e+00  0.000000e+00
     vertex -9.305756e+00 -7.139773e+00  0.000000e+00
   endloop
 endfacet
 facet normal  0.000000e+00  0.000000e+00 -1.000000e+00
   outer loop
     vertex  1.129010e+01  1.532493e+01  0.000000e+00
     vertex -9.305756e+00 -7.139773e+00  0.000000e+00
     vertex  1.124403e+01  1.531761e+01  0.000000e+00
   endloop
 endfacet
 facet normal  0.000000e+00 -0.000000e+00 -1.000000e+00
   outer loop
     vertex  1.129010e+01  1.532493e+01  0.000000e+00
     vertex  1.500000e+01 -3.500000e+01  0.000000e+00
     vertex -9.310228e+00 -7.186201e+00  0.000000e+00
   endloop
 endfacet
 facet normal -0.000000e+00  0.000000e+00 -1.000000e+00
   outer loop
     vertex  9.326964e+00  1.730158e+01  0.000000e+00
     vertex  9.319320e+00  1.725557e+01  0.000000e+00
     vertex -1.500000e+01  3.500000e+01  0.000000e+00
   endloop
 endfacet
 facet normal  0.000000e+00 -0.000000e+00 -1.000000e+00
   outer loop
     vertex  1.133594e+01  1.533352e+01  0.000000e+00
     vertex  1.500000e+01 -3.500000e+01  0.000000e+00
     vertex  1.129010e+01  1.532493e+01  0.000000e+00
   endloop
 endfacet
 facet normal -0.000000e+00  0.000000e+00 -1.000000e+00
   outer loop
     vertex  9.335867e+00  1.734736e+01  0.000000e+00
     vertex  9.326964e+00  1.730158e+01  0.000000e+00
     vertex -1.500000e+01  3.500000e+01  0.000000e+00
   endloop
 endfacet
 facet normal  0.000000e+00 -0.000000e+00 -1.000000e+00
   outer loop
     vertex  1.138153e+01  1.534337e+01  0.000000e+00
     vertex  1.500000e+01 -3.500000e+01  0.000000e+00
     vertex  1.133594e+01  1.533352e+01  0.000000e+00
   endloop
 endfacet
 facet normal -0.000000e+00  0.000000e+00 -1.000000e+00
   outer loop
     vertex  9.346023e+00  1.739289e+01  0.000000e+00
     vertex  9.335867e+00  1.734736e+01  0.000000e+00
     vertex -1.500000e+01  3.500000e+01  0.000000e+00
   endloop
 endfacet
 facet normal  0.000000e+00 -0.000000e+00 -1.000000e+00
   outer loop
     vertex  1.142684e+01  1.535446e+01  0.000000e+00
     vertex  1.500000e+01 -3.500000e+01  0.000000e+00
     vertex  1.138153e+01  1.534337e+01  0.000000e+00
   endloop
 endfacet
 facet normal -0.000000e+00  0.000000e+00 -1.000000e+00
   outer loop
     vertex  9.357424e+00  1.743811e+01  0.000000e+00
     vertex  9.346023e+00  1.739289e+01  0.000000e+00
     vertex -1.500000e+01  3.500000e+01  0.000000e+00
   endloop
 endfacet
 facet normal  0.000000e+00 -0.000000e+00 -1.000000e+00
   outer loop
     vertex  1.147182e+01  1.536679e+01  0.000000e+00
     vertex  1.500000e+01 -3.500000e+01  0.000000e+00
     vertex  1.142684e+01  1.535446e+01  0.000000e+00
   endloop
 endfacet
 facet normal -0.000000e+00  0.000000e+00 -1.000000e+00
   outer loop
     vertex  9.370062e+00  1.748301e+01  0.000000e+00
     vertex  9.357424e+00  1.743811e+01  0.000000e+00
     vertex -1.500000e+01  3.500000e+01  0.000000e+00
   endloop
 endfacet
 facet normal  0.000000e+00 -0.000000e+00 -1.000000e+00
   outer loop
     vertex  1.151645e+01  1.538035e+01  0.000000e+00
     vertex  1.500000e+01 -3.500000e+01  0.000000e+00
     vertex  1.147182e+01  1.536679e+01  0.000000e+00
   endloop
 endfacet
 facet normal -0.000000e+00  0.000000e+00 -1.000000e+00
   outer loop
     vertex  9.383926e+00  1.752755e+01  0.000000e+00
     vertex  9.370062e+00  1.748301e+01  0.000000e+00
     vertex -1.500000e+01  3.500000e+01  0.000000e+00
   endloop
 endfacet
 facet normal  0.000000e+00 -0.000000e+00 -1.000000e+00
   outer loop
     vertex  1.156069e+01  1.539512e+01  0.000000e+00
     vertex  1.500000e+01 -3.500000e+01  0.000000e+00
     vertex  1.151645e+01  1.538035e+01  0.000000e+00
   endloop
 endfacet
 facet normal -0.000000e+00  0.000000e+00 -1.000000e+00
   outer loop
     vertex  9.399007e+00  1.757168e+01  0.000000e+00
     vertex  9.383926e+00  1.752755e+01  0.000000e+00
     vertex -1.500000e+01  3.500000e+01  0.000000e+00
   endloop
 endfacet
 facet normal  0.000000e+00 -0.000000e+00 -1.000000e+00
   outer loop
     vertex  1.160451e+01  1.541111e+01  0.000000e+00
     vertex  1.500000e+01 -3.500000e+01  0.000000e+00
     vertex  1.156069e+01  1.539512e+01  0.000000e+00
   endloop
 endfacet
 facet normal -0.000000e+00  0.000000e+00 -1.000000e+00
   outer loop
     vertex  9.415293e+00  1.761539e+01  0.000000e+00
     vertex  9.399007e+00  1.757168e+01  0.000000e+00
     vertex -1.500000e+01  3.500000e+01  0.000000e+00
   endloop
 endfacet
 facet normal  0.000000e+00 -0.000000e+00 -1.000000e+00
   outer loop
     vertex  1.164787e+01  1.542829e+01  0.000000e+00
     vertex  1.500000e+01 -3.500000e+01  0.000000e+00
     vertex  1.160451e+01  1.541111e+01  0.000000e+00
   endloop
 endfacet
 facet normal -0.000000e+00  0.000000e+00 -1.000000e+00
   outer loop
     vertex  9.432772e+00  1.765863e+01  0.000000e+00
     vertex  9.415293e+00  1.761539e+01  0.000000e+00
     vertex -1.500000e+01  3.500000e+01  0.000000e+00
   endloop
 endfacet
 facet normal  0.000000e+00 -0.000000e+00 -1.000000e+00
   outer loop
     vertex  1.169074e+01  1.544666e+01  0.000000e+00
     vertex  1.500000e+01 -3.500000e+01  0.000000e+00
     vertex  1.164787e+01  1.542829e+01  0.000000e+00
   endloop
 endfacet
 facet normal -0.000000e+00  0.000000e+00 -1.000000e+00
   outer loop
     vertex  9.451431e+00  1.770138e+01  0.000000e+00
     vertex  9.432772e+00  1.765863e+01  0.000000e+00
     vertex -1.500000e+01  3.500000e+01  0.000000e+00
   endloop
 endfacet
 facet normal  0.000000e+00 -0.000000e+00 -1.000000e+00
   outer loop
     vertex  1.173310e+01  1.546619e+01  0.000000e+00
     vertex  1.500000e+01 -3.500000e+01  0.000000e+00
     vertex  1.169074e+01  1.544666e+01  0.000000e+00
   endloop
 endfacet
 facet normal -0.000000e+00  0.000000e+00 -1.000000e+00
   outer loop
     vertex  9.471256e+00  1.774360e+01  0.000000e+00
     vertex  9.451431e+00  1.770138e+01  0.000000e+00
     vertex -1.500000e+01  3.500000e+01  0.000000e+00
   endloop
 endfacet
 facet normal  0.000000e+00 -0.000000e+00 -1.000000e+00
   outer loop
     vertex  1.177490e+01  1.548688e+01  0.000000e+00
     vertex  1.500000e+01 -3.500000e+01  0.000000e+00
     vertex  1.173310e+01  1.546619e+01  0.000000e+00
   endloop
 endfacet
 facet normal -0.000000e+00  0.000000e+00 -1.000000e+00
   outer loop
     vertex  9.492231e+00  1.778526e+01  0.000000e+00
     vertex  9.471256e+00  1.774360e+01  0.000000e+00
     vertex -1.500000e+01  3.500000e+01  0.000000e+00
   endloop
 endfacet
 facet normal  0.000000e+00 -0.000000e+00 -1.000000e+00
   outer loop
     vertex  1.181612e+01  1.550871e+01  0.000000e+00
     vertex  1.500000e+01 -3.500000e+01  0.000000e+00
     vertex  1.177490e+01  1.548688e+01  0.000000e+00
   endloop
 endfacet
 facet normal -0.000000e+00  0.000000e+00 -1.000000e+00
   outer loop
     vertex  9.514342e+00  1.782633e+01  0.000000e+00
     vertex  9.492231e+00  1.778526e+01  0.000000e+00
     vertex -1.500000e+01  3.500000e+01  0.000000e+00
   endloop
 endfacet
 facet normal  0.000000e+00 -0.000000e+00 -1.000000e+00
   outer loop
     vertex  1.185672e+01  1.553166e+01  0.000000e+00
     vertex  1.500000e+01 -3.500000e+01  0.000000e+00
     vertex  1.181612e+01  1.550871e+01  0.000000e+00
   endloop
 endfacet
 facet normal -0.000000e+00  0.000000e+00 -1.000000e+00
   outer loop
     vertex  9.537570e+00  1.786678e+01  0.000000e+00
     vertex  9.514342e+00  1.782633e+01  0.000000e+00
     vertex -1.500000e+01  3.500000e+01  0.000000e+00
   endloop
 endfacet
 facet normal  0.000000e+00 -0.000000e+00 -1.000000e+00
   outer loop
     vertex  1.189668e+01  1.555572e+01  0.000000e+00
     vertex  1.500000e+01 -3.500000e+01  0.000000e+00
     vertex  1.185672e+01  1.553166e+01  0.000000e+00
   endloop
 endfacet
 facet normal -0.000000e+00  0.000000e+00 -1.000000e+00
   outer loop
     vertex  9.561900e+00  1.790657e+01  0.000000e+00
     vertex  9.537570e+00  1.786678e+01  0.000000e+00
     vertex -1.500000e+01  3.500000e+01  0.000000e+00
   endloop
 endfacet
 facet normal  0.000000e+00 -0.000000e+00 -1.000000e+00
   outer loop
     vertex  1.193597e+01  1.558086e+01  0.000000e+00
     vertex  1.500000e+01 -3.500000e+01  0.000000e+00
     vertex  1.189668e+01  1.555572e+01  0.000000e+00
   endloop
 endfacet
 facet normal -0.000000e+00  0.000000e+00 -1.000000e+00
   outer loop
     vertex  9.587312e+00  1.794568e+01  0.000000e+00
     vertex  9.561900e+00  1.790657e+01  0.000000e+00
     vertex -1.500000e+01  3.500000e+01  0.000000e+00
   endloop
 endfacet
 facet normal  0.000000e+00 -0.000000e+00 -1.000000e+00
   outer loop
     vertex  1.197455e+01  1.560707e+01  0.000000e+00
     vertex  1.500000e+01 -3.500000e+01  0.000000e+00
     vertex  1.193597e+01  1.558086e+01  0.000000e+00
   endloop
 endfacet
 facet normal -0.000000e+00  0.000000e+00 -1.000000e+00
   outer loop
     vertex  9.613788e+00  1.798408e+01  0.000000e+00
     vertex  9.587312e+00  1.794568e+01  0.000000e+00
     vertex -1.500000e+01  3.500000e+01  0.000000e+00
   endloop
 endfacet
 facet normal  0.000000e+00 -0.000000e+00 -1.000000e+00
   outer loop
     vertex  1.201240e+01  1.563433e+01  0.000000e+00
     vertex  1.500000e+01 -3.500000e+01  0.000000e+00
     vertex  1.197455e+01  1.560707e+01  0.000000e+00
   endloop
 endfacet
 facet normal -0.000000e+00  0.000000e+00 -1.000000e+00
   outer loop
     vertex  9.641307e+00  1.802174e+01  0.000000e+00
     vertex  9.613788e+00  1.798408e+01  0.000000e+00
     vertex -1.500000e+01  3.500000e+01  0.000000e+00
   endloop
 endfacet
 facet normal  0.000000e+00 -0.000000e+00 -1.000000e+00
   outer loop
     vertex  1.204948e+01  1.566262e+01  0.000000e+00
     vertex  1.500000e+01 -3.500000e+01  0.000000e+00
     vertex  1.201240e+01  1.563433e+01  0.000000e+00
   endloop
 endfacet
 facet normal -0.000000e+00  0.000000e+00 -1.000000e+00
   outer loop
     vertex  9.669848e+00  1.805863e+01  0.000000e+00
     vertex  9.641307e+00  1.802174e+01  0.000000e+00
     vertex -1.500000e+01  3.500000e+01  0.000000e+00
   endloop
 endfacet
 facet normal  0.000000e+00 -0.000000e+00 -1.000000e+00
   outer loop
     vertex  1.208578e+01  1.569191e+01  0.000000e+00
     vertex  1.500000e+01 -3.500000e+01  0.000000e+00
     vertex  1.204948e+01  1.566262e+01  0.000000e+00
   endloop
 endfacet
 facet normal -0.000000e+00  0.000000e+00 -1.000000e+00
   outer loop
     vertex  9.699392e+00  1.809472e+01  0.000000e+00
     vertex  9.669848e+00  1.805863e+01  0.000000e+00
     vertex -1.500000e+01  3.500000e+01  0.000000e+00
   endloop
 endfacet
 facet normal  0.000000e+00 -0.000000e+00 -1.000000e+00
   outer loop
     vertex  1.212125e+01  1.572219e+01  0.000000e+00
     vertex  1.500000e+01 -3.500000e+01  0.000000e+00
     vertex  1.208578e+01  1.569191e+01  0.000000e+00
   endloop
 endfacet
 facet normal -0.000000e+00  0.000000e+00 -1.000000e+00
   outer loop
     vertex  9.729914e+00  1.812999e+01  0.000000e+00
     vertex  9.699392e+00  1.809472e+01  0.000000e+00
     vertex -1.500000e+01  3.500000e+01  0.000000e+00
   endloop
 endfacet
 facet normal  0.000000e+00 -0.000000e+00 -1.000000e+00
   outer loop
     vertex  1.215589e+01  1.575343e+01  0.000000e+00
     vertex  1.500000e+01 -3.500000e+01  0.000000e+00
     vertex  1.212125e+01  1.572219e+01  0.000000e+00
   endloop
 endfacet
 facet normal -0.000000e+00  0.000000e+00 -1.000000e+00
   outer loop
     vertex  9.761392e+00  1.816441e+01  0.000000e+00
     vertex  9.729914e+00  1.812999e+01  0.000000e+00
     vertex -1.500000e+01  3.500000e+01  0.000000e+00
   endloop
 endfacet
 facet normal  0.000000e+00 -0.000000e+00 -1.000000e+00
   outer loop
     vertex  1.218965e+01  1.578561e+01  0.000000e+00
     vertex  1.500000e+01 -3.500000e+01  0.000000e+00
     vertex  1.215589e+01  1.575343e+01  0.000000e+00
   endloop
 endfacet
 facet normal -0.000000e+00  0.000000e+00 -1.000000e+00
   outer loop
     vertex  9.793803e+00  1.819795e+01  0.000000e+00
     vertex  9.761392e+00  1.816441e+01  0.000000e+00
     vertex -1.500000e+01  3.500000e+01  0.000000e+00
   endloop
 endfacet
 facet normal  0.000000e+00 -0.000000e+00 -1.000000e+00
   outer loop
     vertex  1.222252e+01  1.581871e+01  0.000000e+00
     vertex  1.500000e+01 -3.500000e+01  0.000000e+00
     vertex  1.218965e+01  1.578561e+01  0.000000e+00
   endloop
 endfacet
 facet normal -0.000000e+00  0.000000e+00 -1.000000e+00
   outer loop
     vertex  9.827121e+00  1.823059e+01  0.000000e+00
     vertex  9.793803e+00  1.819795e+01  0.000000e+00
     vertex -1.500000e+01  3.500000e+01  0.000000e+00
   endloop
 endfacet
 facet normal  0.000000e+00 -0.000000e+00 -1.000000e+00
   outer loop
     vertex  1.225447e+01  1.585269e+01  0.000000e+00
     vertex  1.500000e+01 -3.500000e+01  0.000000e+00
     vertex  1.222252e+01  1.581871e+01  0.000000e+00
   endloop
 endfacet
 facet normal -0.000000e+00  0.000000e+00 -1.000000e+00
   outer loop
     vertex  9.861323e+00  1.826231e+01  0.000000e+00
     vertex  9.827121e+00  1.823059e+01  0.000000e+00
     vertex -1.500000e+01  3.500000e+01  0.000000e+00
   endloop
 endfacet
 facet normal  0.000000e+00 -0.000000e+00 -1.000000e+00
   outer loop
     vertex  1.228547e+01  1.588754e+01  0.000000e+00
     vertex  1.500000e+01 -3.500000e+01  0.000000e+00
     vertex  1.225447e+01  1.585269e+01  0.000000e+00
   endloop
 endfacet
 facet normal -0.000000e+00  0.000000e+00 -1.000000e+00
   outer loop
     vertex  9.896382e+00  1.829307e+01  0.000000e+00
     vertex  9.861323e+00  1.826231e+01  0.000000e+00
     vertex -1.500000e+01  3.500000e+01  0.000000e+00
   endloop
 endfacet
 facet normal  0.000000e+00 -0.000000e+00 -1.000000e+00
   outer loop
     vertex  1.231550e+01  1.592322e+01  0.000000e+00
     vertex  1.500000e+01 -3.500000e+01  0.000000e+00
     vertex  1.228547e+01  1.588754e+01  0.000000e+00
   endloop
 endfacet
 facet normal -0.000000e+00  0.000000e+00 -1.000000e+00
   outer loop
     vertex  9.932271e+00  1.832286e+01  0.000000e+00
     vertex  9.896382e+00  1.829307e+01  0.000000e+00
     vertex -1.500000e+01  3.500000e+01  0.000000e+00
   endloop
 endfacet
 facet normal  0.000000e+00 -0.000000e+00 -1.000000e+00
   outer loop
     vertex  1.234455e+01  1.595972e+01  0.000000e+00
     vertex  1.500000e+01 -3.500000e+01  0.000000e+00
     vertex  1.231550e+01  1.592322e+01  0.000000e+00
   endloop
 endfacet
 facet normal  0.000000e+00 -0.000000e+00 -1.000000e+00
   outer loop
     vertex  1.237258e+01  1.599700e+01  0.000000e+00
     vertex  1.500000e+01 -3.500000e+01  0.000000e+00
     vertex  1.234455e+01  1.595972e+01  0.000000e+00
   endloop
 endfacet
 facet normal  0.000000e+00 -0.000000e+00 -1.000000e+00
   outer loop
     vertex  1.239958e+01  1.603503e+01  0.000000e+00
     vertex  1.500000e+01 -3.500000e+01  0.000000e+00
     vertex  1.237258e+01  1.599700e+01  0.000000e+00
   endloop
 endfacet
 facet normal  0.000000e+00 -0.000000e+00 -1.000000e+00
   outer loop
     vertex  1.242553e+01  1.607379e+01  0.000000e+00
     vertex  1.500000e+01 -3.500000e+01  0.000000e+00
     vertex  1.239958e+01  1.603503e+01  0.000000e+00
   endloop
 endfacet
 facet normal  0.000000e+00 -0.000000e+00 -1.000000e+00
   outer loop
     vertex  1.245040e+01  1.611324e+01  0.000000e+00
     vertex  1.500000e+01 -3.500000e+01  0.000000e+00
     vertex  1.242553e+01  1.607379e+01  0.000000e+00
   endloop
 endfacet
 facet normal  0.000000e+00 -0.000000e+00 -1.000000e+00
   outer loop
     vertex  1.247418e+01  1.615337e+01  0.000000e+00
     vertex  1.500000e+01 -3.500000e+01  0.000000e+00
     vertex  1.245040e+01  1.611324e+01  0.000000e+00
   endloop
 endfacet
 facet normal  0.000000e+00 -0.000000e+00 -1.000000e+00
   outer loop
     vertex  1.249685e+01  1.619413e+01  0.000000e+00
     vertex  1.500000e+01 -3.500000e+01  0.000000e+00
     vertex  1.247418e+01  1.615337e+01  0.000000e+00
   endloop
 endfacet
 facet normal  0.000000e+00 -0.000000e+00 -1.000000e+00
   outer loop
     vertex  1.251840e+01  1.623550e+01  0.000000e+00
     vertex  1.500000e+01 -3.500000e+01  0.000000e+00
     vertex  1.249685e+01  1.619413e+01  0.000000e+00
   endloop
 endfacet
 facet normal  0.000000e+00 -0.000000e+00 -1.000000e+00
   outer loop
     vertex  1.253880e+01  1.627744e+01  0.000000e+00
     vertex  1.500000e+01 -3.500000e+01  0.000000e+00
     vertex  1.251840e+01  1.623550e+01  0.000000e+00
   endloop
 endfacet
 facet normal  0.000000e+00 -0.000000e+00 -1.000000e+00
   outer loop
     vertex  1.255804e+01  1.631993e+01  0.000000e+00
     vertex  1.500000e+01 -3.500000e+01  0.000000e+00
     vertex  1.253880e+01  1.627744e+01  0.000000e+00
   endloop
 endfacet
 facet normal  0.000000e+00 -0.000000e+00 -1.000000e+00
   outer loop
     vertex  1.257612e+01  1.636293e+01  0.000000e+00
     vertex  1.500000e+01 -3.500000e+01  0.000000e+00
     vertex  1.255804e+01  1.631993e+01  0.000000e+00
   endloop
 endfacet
 facet normal  0.000000e+00 -0.000000e+00 -1.000000e+00
   outer loop
     vertex  1.259300e+01  1.640641e+01  0.000000e+00
     vertex  1.500000e+01 -3.500000e+01  0.000000e+00
     vertex  1.257612e+01  1.636293e+01  0.000000e+00
   endloop
 endfacet
 facet normal  0.000000e+00 -0.000000e+00 -1.000000e+00
   outer loop
     vertex  1.260868e+01  1.645033e+01  0.000000e+00
     vertex  1.500000e+01 -3.500000e+01  0.000000e+00
     vertex  1.259300e+01  1.640641e+01  0.000000e+00
   endloop
 endfacet
 facet normal  0.000000e+00  0.000000e+00 -1.000000e+00
   outer loop
     vertex  1.500000e+01  3.500000e+01  0.000000e+00
     vertex  1.046138e+01  1.861242e+01  0.000000e+00
     vertex  1.041735e+01  1.859703e+01  0.000000e+00
   endloop
 endfacet
 facet normal  0.000000e+00  0.000000e+00 -1.000000e+00
   outer loop
     vertex  1.500000e+01  3.500000e+01  0.000000e+00
     vertex  1.041735e+01  1.859703e+01  0.000000e+00
     vertex  1.037375e+01  1.858045e+01  0.000000e+00
   endloop
 endfacet
 facet normal  0.000000e+00  0.000000e+00 -1.000000e+00
   outer loop
     vertex  1.500000e+01  3.500000e+01  0.000000e+00
     vertex  1.037375e+01  1.858045e+01  0.000000e+00
     vertex  1.033063e+01  1.856267e+01  0.000000e+00
   endloop
 endfacet
 facet normal  0.000000e+00  0.000000e+00 -1.000000e+00
   outer loop
     vertex  1.500000e+01  3.500000e+01  0.000000e+00
     vertex  1.033063e+01  1.856267e+01  0.000000e+00
     vertex  1.028801e+01  1.854372e+01  0.000000e+00
   endloop
 endfacet
 facet normal  0.000000e+00  0.000000e+00 -1.000000e+00
   outer loop
     vertex  1.500000e+01  3.500000e+01  0.000000e+00
     vertex  1.028801e+01  1.854372e+01  0.000000e+00
     vertex  1.024593e+01  1.852361e+01  0.000000e+00
   endloop
 endfacet
 facet normal  0.000000e+00  0.000000e+00 -1.000000e+00
   outer loop
     vertex  1.500000e+01  3.500000e+01  0.000000e+00
     vertex  1.024593e+01  1.852361e+01  0.000000e+00
     vertex  1.020442e+01  1.850235e+01  0.000000e+00
   endloop
 endfacet
 facet normal  0.000000e+00  0.000000e+00 -1.000000e+00
   outer loop
     vertex  1.500000e+01  3.500000e+01  0.000000e+00
     vertex  1.020442e+01  1.850235e+01  0.000000e+00
     vertex  1.016350e+01  1.847996e+01  0.000000e+00
   endloop
 endfacet
 facet normal  0.000000e+00  0.000000e+00 -1.000000e+00
   outer loop
     vertex  1.500000e+01  3.500000e+01  0.000000e+00
     vertex  1.016350e+01  1.847996e+01  0.000000e+00
     vertex  1.012321e+01  1.845645e+01  0.000000e+00
   endloop
 endfacet
 facet normal  0.000000e+00  0.000000e+00 -1.000000e+00
   outer loop
     vertex  1.500000e+01  3.500000e+01  0.000000e+00
     vertex  1.012321e+01  1.845645e+01  0.000000e+00
     vertex  1.008359e+01  1.843185e+01  0.000000e+00
   endloop
 endfacet
 facet normal  0.000000e+00  0.000000e+00 -1.000000e+00
   outer loop
     vertex  1.500000e+01  3.500000e+01  0.000000e+00
     vertex  1.008359e+01  1.843185e+01  0.000000e+00
     vertex  1.004465e+01  1.840617e+01  0.000000e+00
   endloop
 endfacet
 facet normal  0.000000e+00  0.000000e+00 -1.000000e+00
   outer loop
     vertex  1.500000e+01  3.500000e+01  0.000000e+00
     vertex  1.004465e+01  1.840617e+01  0.000000e+00
     vertex  1.000643e+01  1.837943e+01  0.000000e+00
   endloop
 endfacet
 facet normal  0.000000e+00  0.000000e+00 -1.000000e+00
   outer loop
     vertex  1.500000e+01  3.500000e+01  0.000000e+00
     vertex  1.000643e+01  1.837943e+01  0.000000e+00
     vertex  9.968964e+00  1.835165e+01  0.000000e+00
   endloop
 endfacet
 facet normal  0.000000e+00  0.000000e+00 -1.000000e+00
   outer loop
     vertex  1.500000e+01  3.500000e+01  0.000000e+00
     vertex  9.968964e+00  1.835165e+01  0.000000e+00
     vertex  9.932271e+00  1.832286e+01  0.000000e+00
   endloop
 endfacet
 facet normal  0.000000e+00  0.000000e+00 -1.000000e+00
   outer loop
     vertex  1.500000e+01  3.500000e+01  0.000000e+00
     vertex  1.270000e+01  1.700000e+01  0.000000e+00
     vertex  1.269936e+01  1.704664e+01  0.000000e+00
   endloop
 endfacet
 facet normal  0.000000e+00  0.000000e+00 -1.000000e+00
   outer loop
     vertex  1.500000e+01  3.500000e+01  0.000000e+00
     vertex  1.269936e+01  1.704664e+01  0.000000e+00
     vertex  1.269744e+01  1.709324e+01  0.000000e+00
   endloop
 endfacet
 facet normal  0.000000e+00  0.000000e+00 -1.000000e+00
   outer loop
     vertex  1.500000e+01  3.500000e+01  0.000000e+00
     vertex  1.269744e+01  1.709324e+01  0.000000e+00
     vertex  1.269424e+01  1.713977e+01  0.000000e+00
   endloop
 endfacet
 facet normal  0.000000e+00  0.000000e+00 -1.000000e+00
   outer loop
     vertex  1.500000e+01  3.500000e+01  0.000000e+00
     vertex  1.269424e+01  1.713977e+01  0.000000e+00
     vertex  1.268977e+01  1.718620e+01  0.000000e+00
   endloop
 endfacet
 facet normal  0.000000e+00  0.000000e+00 -1.000000e+00
   outer loop
     vertex  1.500000e+01  3.500000e+01  0.000000e+00
     vertex  1.268977e+01  1.718620e+01  0.000000e+00
     vertex  1.268403e+01  1.723249e+01  0.000000e+00
   endloop
 endfacet
 facet normal  0.000000e+00  0.000000e+00 -1.000000e+00
   outer loop
     vertex  1.500000e+01  3.500000e+01  0.000000e+00
     vertex  1.268403e+01  1.723249e+01  0.000000e+00
     vertex  1.267702e+01  1.727860e+01  0.000000e+00
   endloop
 endfacet
 facet normal  0.000000e+00  0.000000e+00 -1.000000e+00
   outer loop
     vertex  1.500000e+01  3.500000e+01  0.000000e+00
     vertex  1.267702e+01  1.727860e+01  0.000000e+00
     vertex  1.266874e+01  1.732450e+01  0.000000e+00
   endloop
 endfacet
 facet normal  0.000000e+00  0.000000e+00 -1.000000e+00
   outer loop
     vertex  1.500000e+01  3.500000e+01  0.000000e+00
     vertex  1.266874e+01  1.732450e+01  0.000000e+00
     vertex  1.265921e+01  1.737016e+01  0.000000e+00
   endloop
 endfacet
 facet normal  0.000000e+00  0.000000e+00 -1.000000e+00
   outer loop
     vertex  1.500000e+01  3.500000e+01  0.000000e+00
     vertex  1.265921e+01  1.737016e+01  0.000000e+00
     vertex  1.264843e+01  1.741554e+01  0.000000e+00
   endloop
 endfacet
 facet normal  0.000000e+00  0.000000e+00 -1.000000e+00
   outer loop
     vertex  1.500000e+01  3.500000e+01  0.000000e+00
     vertex  1.264843e+01  1.741554e+01  0.000000e+00
     vertex  1.263641e+01  1.746061e+01  0.000000e+00
   endloop
 endfacet
 facet normal  0.000000e+00  0.000000e+00 -1.000000e+00
   outer loop
     vertex  1.500000e+01  3.500000e+01  0.000000e+00
     vertex  1.263641e+01  1.746061e+01  0.000000e+00
     vertex  1.262316e+01  1.750533e+01  0.000000e+00
   endloop
 endfacet
 facet normal  0.000000e+00  0.000000e+00 -1.000000e+00
   outer loop
     vertex  1.500000e+01  3.500000e+01  0.000000e+00
     vertex  1.262316e+01  1.750533e+01  0.000000e+00
     vertex  1.260868e+01  1.754967e+01  0.000000e+00
   endloop
 endfacet
 facet normal  0.000000e+00  0.000000e+00 -1.000000e+00
   outer loop
     vertex  1.500000e+01  3.500000e+01  0.000000e+00
     vertex  1.260868e+01  1.754967e+01  0.000000e+00
     vertex  1.259300e+01  1.759359e+01  0.000000e+00
   endloop
 endfacet
 facet normal  0.000000e+00  0.000000e+00 -1.000000e+00
   outer loop
     vertex  1.500000e+01  3.500000e+01  0.000000e+00
     vertex  1.259300e+01  1.759359e+01  0.000000e+00
     vertex  1.257612e+01  1.763707e+01  0.000000e+00
   endloop
 endfacet
 facet normal  0.000000e+00  0.000000e+00 -1.000000e+00
   outer loop
     vertex  1.500000e+01  3.500000e+01  0.000000e+00
     vertex  1.257612e+01  1.763707e+01  0.000000e+00
     vertex  1.255804e+01  1.768007e+01  0.000000e+00
   endloop
 endfacet
 facet normal  0.000000e+00  0.000000e+00 -1.000000e+00
   outer loop
     vertex  1.500000e+01  3.500000e+01  0.000000e+00
     vertex  1.255804e+01  1.768007e+01  0.000000e+00
     vertex  1.253880e+01  1.772256e+01  0.000000e+00
   endloop
 endfacet
 facet normal  0.000000e+00  0.000000e+00 -1.000000e+00
   outer loop
     vertex  1.500000e+01  3.500000e+01  0.000000e+00
     vertex  1.253880e+01  1.772256e+01  0.000000e+00
     vertex  1.251840e+01  1.776450e+01  0.000000e+00
   endloop
 endfacet
 facet normal  0.000000e+00  0.000000e+00 -1.000000e+00
   outer loop
     vertex  1.500000e+01  3.500000e+01  0.000000e+00
     vertex  1.251840e+01  1.776450e+01  0.000000e+00
     vertex  1.249685e+01  1.780587e+01  0.000000e+00
   endloop
 endfacet
 facet normal  0.000000e+00  0.000000e+00 -1.000000e+00
   outer loop
     vertex  1.500000e+01  3.500000e+01  0.000000e+00
     vertex  1.249685e+01  1.780587e+01  0.000000e+00
     vertex  1.247418e+01  1.784663e+01  0.000000e+00
   endloop
 endfacet
 facet normal  0.000000e+00  0.000000e+00 -1.000000e+00
   outer loop
     vertex  1.500000e+01  3.500000e+01  0.000000e+00
     vertex  1.247418e+01  1.784663e+01  0.000000e+00
     vertex  1.245040e+01  1.788676e+01  0.000000e+00
   endloop
 endfacet
 facet normal  0.000000e+00  0.000000e+00 -1.000000e+00
   outer loop
     vertex  1.500000e+01  3.500000e+01  0.000000e+00
     vertex  1.245040e+01  1.788676e+01  0.000000e+00
     vertex  1.242553e+01  1.792621e+01  0.000000e+00
   endloop
 endfacet
 facet normal  0.000000e+00  0.000000e+00 -1.000000e+00
   outer loop
     vertex  1.500000e+01  3.500000e+01  0.000000e+00
     vertex  1.242553e+01  1.792621e+01  0.000000e+00
     vertex  1.239958e+01  1.796497e+01  0.000000e+00
   endloop
 endfacet
 facet normal  0.000000e+00  0.000000e+00 -1.000000e+00
   outer loop
     vertex  1.500000e+01  3.500000e+01  0.000000e+00
     vertex  1.239958e+01  1.796497e+01  0.000000e+00
     vertex  1.237258e+01  1.800300e+01  0.000000e+00
   endloop
 endfacet
 facet normal  0.000000e+00  0.000000e+00 -1.000000e+00
   outer loop
     vertex  1.500000e+01  3.500000e+01  0.000000e+00
     vertex  1.237258e+01  1.800300e+01  0.000000e+00
     vertex  1.234455e+01  1.804028e+01  0.000000e+00
   endloop
 endfacet
 facet normal  0.000000e+00  0.000000e+00 -1.000000e+00
   outer loop
     vertex  1.500000e+01  3.500000e+01  0.000000e+00
     vertex  1.234455e+01  1.804028e+01  0.000000e+00
     vertex  1.231550e+01  1.807678e+01  0.000000e+00
   endloop
 endfacet
 facet normal  0.000000e+00  0.000000e+00 -1.000000e+00
   outer loop
     vertex  1.500000e+01  3.500000e+01  0.000000e+00
     vertex  1.231550e+01  1.807678e+01  0.000000e+00
     vertex  1.228547e+01  1.811246e+01  0.000000e+00
   endloop
 endfacet
 facet normal  0.000000e+00  0.000000e+00 -1.000000e+00
   outer loop
     vertex  1.500000e+01  3.500000e+01  0.000000e+00
     vertex  1.269936e+01  1.695336e+01  0.000000e+00
     vertex  1.270000e+01  1.700000e+01  0.000000e+00
   endloop
 endfacet
 facet normal  0.000000e+00  0.000000e+00 -1.000000e+00
   outer loop
     vertex  1.500000e+01  3.500000e+01  0.000000e+00
     vertex  1.228547e+01  1.811246e+01  0.000000e+00
     vertex  1.225447e+01  1.814731e+01  0.000000e+00
   endloop
 endfacet
 facet normal  0.000000e+00  0.000000e+00 -1.000000e+00
   outer loop
     vertex  1.500000e+01  3.500000e+01  0.000000e+00
     vertex  1.225447e+01  1.814731e+01  0.000000e+00
     vertex  1.222252e+01  1.818129e+01  0.000000e+00
   endloop
 endfacet
 facet normal  0.000000e+00  0.000000e+00 -1.000000e+00
   outer loop
     vertex  1.500000e+01  3.500000e+01  0.000000e+00
     vertex  1.222252e+01  1.818129e+01  0.000000e+00
     vertex  1.218965e+01  1.821439e+01  0.000000e+00
   endloop
 endfacet
 facet normal  0.000000e+00  0.000000e+00 -1.000000e+00
   outer loop
     vertex  1.500000e+01  3.500000e+01  0.000000e+00
     vertex  1.218965e+01  1.821439e+01  0.000000e+00
     vertex  1.215589e+01  1.824657e+01  0.000000e+00
   endloop
 endfacet
 facet normal  0.000000e+00  0.000000e+00 -1.000000e+00
   outer loop
     vertex  1.500000e+01  3.500000e+01  0.000000e+00
     vertex  1.215589e+01  1.824657e+01  0.000000e+00
     vertex  1.212125e+01  1.827781e+01  0.000000e+00
   endloop
 endfacet
 facet normal  0.000000e+00  0.000000e+00 -1.000000e+00
   outer loop
     vertex  1.500000e+01  3.500000e+01  0.000000e+00
     vertex  1.212125e+01  1.827781e+01  0.000000e+00
     vertex  1.208578e+01  1.830809e+01  0.000000e+00
   endloop
 endfacet
 facet normal  0.000000e+00  0.000000e+00 -1.000000e+00
   outer loop
     vertex  1.500000e+01  3.500000e+01  0.000000e+00
     vertex  1.208578e+01  1.830809e+01  0.000000e+00
     vertex  1.204948e+01  1.833738e+01  0.000000e+00
   endloop
 endfacet
 facet normal  0.000000e+00  0.000000e+00 -1.000000e+00
   outer loop
     vertex  1.500000e+01  3.500000e+01  0.000000e+00
     vertex  1.204948e+01  1.833738e+01  0.000000e+00
     vertex  1.201240e+01  1.836567e+01  0.000000e+00
   endloop
 endfacet
 facet normal -0.000000e+00  0.000000e+00 -1.000000e+00
   outer loop
     vertex  1.500000e+01  3.500000e+01  0.000000e+00
     vertex  9.932271e+00  1.832286e+01  0.000000e+00
     vertex -1.500000e+01  3.500000e+01  0.000000e+00
   endloop
 endfacet
 facet normal  0.000000e+00  0.000000e+00 -1.000000e+00
   outer loop
     vertex  1.500000e+01  3.500000e+01  0.000000e+00
     vertex  1.201240e+01  1.836567e+01  0.000000e+00
     vertex  1.197455e+01  1.839293e+01  0.000000e+00
   endloop
 endfacet
 facet normal  0.000000e+00  0.000000e+00 -1.000000e+00
   outer loop
     vertex  1.500000e+01  3.500000e+01  0.000000e+00
     vertex  1.197455e+01  1.839293e+01  0.000000e+00
     vertex  1.193597e+01  1.841914e+01  0.000000e+00
   endloop
 endfacet
 facet normal  0.000000e+00  0.000000e+00 -1.000000e+00
   outer loop
     vertex  1.500000e+01  3.500000e+01  0.000000e+00
     vertex  1.193597e+01  1.841914e+01  0.000000e+00
     vertex  1.189668e+01  1.844428e+01  0.000000e+00
   endloop
 endfacet
 facet normal  0.000000e+00  0.000000e+00 -1.000000e+00
   outer loop
     vertex  1.500000e+01  3.500000e+01  0.000000e+00
     vertex  1.189668e+01  1.844428e+01  0.000000e+00
     vertex  1.185672e+01  1.846834e+01  0.000000e+00
   endloop
 endfacet
 facet normal  0.000000e+00  0.000000e+00 -1.000000e+00
   outer loop
     vertex  1.500000e+01  3.500000e+01  0.000000e+00
     vertex  1.185672e+01  1.846834e+01  0.000000e+00
     vertex  1.181612e+01  1.849129e+01  0.000000e+00
   endloop
 endfacet
 facet normal  0.000000e+00  0.000000e+00 -1.000000e+00
   outer loop
     vertex  1.500000e+01  3.500000e+01  0.000000e+00
     vertex  1.181612e+01  1.849129e+01  0.000000e+00
     vertex  1.177490e+01  1.851312e+01  0.000000e+00
   endloop
 endfacet
 facet normal  0.000000e+00  0.000000e+00 -1.000000e+00
   outer loop
     vertex  1.500000e+01  3.500000e+01  0.000000e+00
     vertex  1.177490e+01  1.851312e+01  0.000000e+00
     vertex  1.173310e+01  1.853381e+01  0.000000e+00
   endloop
 endfacet
 facet normal  0.000000e+00  0.000000e+00 -1.000000e+00
   outer loop
     vertex  1.500000e+01  3.500000e+01  0.000000e+00
     vertex  1.173310e+01  1.853381e+01  0.000000e+00
     vertex  1.169074e+01  1.855334e+01  0.000000e+00
   endloop
 endfacet
 facet normal  0.000000e+00  0.000000e+00 -1.000000e+00
   outer loop
     vertex  1.500000e+01  3.500000e+01  0.000000e+00
     vertex  1.169074e+01  1.855334e+01  0.000000e+00
     vertex  1.164787e+01  1.857171e+01  0.000000e+00
   endloop
 endfacet
 facet normal  0.000000e+00  0.000000e+00 -1.000000e+00
   outer loop
     vertex  1.500000e+01  3.500000e+01  0.000000e+00
     vertex  1.164787e+01  1.857171e+01  0.000000e+00
     vertex  1.160451e+01  1.858889e+01  0.000000e+00
   endloop
 endfacet
 facet normal  0.000000e+00  0.000000e+00 -1.000000e+00
   outer loop
     vertex  1.500000e+01  3.500000e+01  0.000000e+00
     vertex  1.160451e+01  1.858889e+01  0.000000e+00
     vertex  1.156069e+01  1.860488e+01  0.000000e+00
   endloop
 endfacet
 facet normal  0.000000e+00  0.000000e+00 -1.000000e+00
   outer loop
     vertex  1.500000e+01  3.500000e+01  0.000000e+00
     vertex  1.156069e+01  1.860488e+01  0.000000e+00
     vertex  1.151645e+01  1.861965e+01  0.000000e+00
   endloop
 endfacet
 facet normal  0.000000e+00  0.000000e+00 -1.000000e+00
   outer loop
     vertex  1.500000e+01  3.500000e+01  0.000000e+00
     vertex  1.151645e+01  1.861965e+01  0.000000e+00
     vertex  1.147182e+01  1.863321e+01  0.000000e+00
   endloop
 endfacet
 facet normal  0.000000e+00  0.000000e+00 -1.000000e+00
   outer loop
     vertex  1.500000e+01  3.500000e+01  0.000000e+00
     vertex  1.147182e+01  1.863321e+01  0.000000e+00
     vertex  1.142684e+01  1.864554e+01  0.000000e+00
   endloop
 endfacet
 facet normal  0.000000e+00  0.000000e+00 -1.000000e+00
   outer loop
     vertex  1.500000e+01  3.500000e+01  0.000000e+00
     vertex  1.142684e+01  1.864554e+01  0.000000e+00
     vertex  1.138153e+01  1.865663e+01  0.000000e+00
   endloop
 endfacet
 facet normal  0.000000e+00  0.000000e+00 -1.000000e+00
   outer loop
     vertex  1.500000e+01  3.500000e+01  0.000000e+00
     vertex  1.138153e+01  1.865663e+01  0.000000e+00
     vertex  1.133594e+01  1.866648e+01  0.000000e+00
   endloop
 endfacet
 facet normal  0.000000e+00  0.000000e+00 -1.000000e+00
   outer loop
     vertex  1.500000e+01  3.500000e+01  0.000000e+00
     vertex  1.133594e+01  1.866648e+01  0.000000e+00
     vertex  1.129010e+01  1.867507e+01  0.000000e+00
   endloop
 endfacet
 facet normal  0.000000e+00  0.000000e+00 -1.000000e+00
   outer loop
     vertex  1.500000e+01  3.500000e+01  0.000000e+00
     vertex  1.129010e+01  1.867507e+01  0.000000e+00
     vertex  1.124403e+01  1.868239e+01  0.000000e+00
   endloop
 endfacet
 facet normal  0.000000e+00  0.000000e+00 -1.000000e+00
   outer loop
     vertex  1.500000e+01  3.500000e+01  0.000000e+00
     vertex  1.124403e+01  1.868239e+01  0.000000e+00
     vertex  1.119779e+01  1.868846e+01  0.000000e+00
   endloop
 endfacet
 facet normal  0.000000e+00  0.000000e+00 -1.000000e+00
   outer loop
     vertex  1.500000e+01  3.500000e+01  0.000000e+00
     vertex  1.119779e+01  1.868846e+01  0.000000e+00
     vertex  1.115139e+01  1.869325e+01  0.000000e+00
   endloop
 endfacet
 facet normal  0.000000e+00  0.000000e+00 -1.000000e+00
   outer loop
     vertex  1.500000e+01  3.500000e+01  0.000000e+00
     vertex  1.115139e+01  1.869325e+01  0.000000e+00
     vertex  1.110488e+01  1.869676e+01  0.000000e+00
   endloop
 endfacet
 facet normal  0.000000e+00  0.000000e+00 -1.000000e+00
   outer loop
     vertex  1.500000e+01  3.500000e+01  0.000000e+00
     vertex  1.110488e+01  1.869676e+01  0.000000e+00
     vertex  1.105829e+01  1.869900e+01  0.000000e+00
   endloop
 endfacet
 facet normal  0.000000e+00  0.000000e+00 -1.000000e+00
   outer loop
     vertex  1.500000e+01  3.500000e+01  0.000000e+00
     vertex  1.105829e+01  1.869900e+01  0.000000e+00
     vertex  1.101166e+01  1.869996e+01  0.000000e+00
   endloop
 endfacet
 facet normal  0.000000e+00  0.000000e+00 -1.000000e+00
   outer loop
     vertex  1.500000e+01  3.500000e+01  0.000000e+00
     vertex  1.101166e+01  1.869996e+01  0.000000e+00
     vertex  1.096502e+01  1.869964e+01  0.000000e+00
   endloop
 endfacet
 facet normal  0.000000e+00  0.000000e+00 -1.000000e+00
   outer loop
     vertex  1.500000e+01  3.500000e+01  0.000000e+00
     vertex  1.096502e+01  1.869964e+01  0.000000e+00
     vertex  1.091840e+01  1.869804e+01  0.000000e+00
   endloop
 endfacet
 facet normal  0.000000e+00  0.000000e+00 -1.000000e+00
   outer loop
     vertex  1.500000e+01  3.500000e+01  0.000000e+00
     vertex  1.091840e+01  1.869804e+01  0.000000e+00
     vertex  1.087185e+01  1.869516e+01  0.000000e+00
   endloop
 endfacet
 facet normal  0.000000e+00  0.000000e+00 -1.000000e+00
   outer loop
     vertex  1.500000e+01  3.500000e+01  0.000000e+00
     vertex  1.087185e+01  1.869516e+01  0.000000e+00
     vertex  1.082539e+01  1.869101e+01  0.000000e+00
   endloop
 endfacet
 facet normal  0.000000e+00  0.000000e+00 -1.000000e+00
   outer loop
     vertex  1.500000e+01  3.500000e+01  0.000000e+00
     vertex  1.082539e+01  1.869101e+01  0.000000e+00
     vertex  1.077907e+01  1.868558e+01  0.000000e+00
   endloop
 endfacet
 facet normal  0.000000e+00  0.000000e+00 -1.000000e+00
   outer loop
     vertex  1.500000e+01  3.500000e+01  0.000000e+00
     vertex  1.077907e+01  1.868558e+01  0.000000e+00
     vertex  1.073291e+01  1.867889e+01  0.000000e+00
   endloop
 endfacet
 facet normal  0.000000e+00  0.000000e+00 -1.000000e+00
   outer loop
     vertex  1.500000e+01  3.500000e+01  0.000000e+00
     vertex  1.073291e+01  1.867889e+01  0.000000e+00
     vertex  1.068695e+01  1.867093e+01  0.000000e+00
   endloop
 endfacet
 facet normal  0.000000e+00  0.000000e+00 -1.000000e+00
   outer loop
     vertex  1.500000e+01  3.500000e+01  0.000000e+00
     vertex  1.068695e+01  1.867093e+01  0.000000e+00
     vertex  1.064123e+01  1.866171e+01  0.000000e+00
   endloop
 endfacet
 facet normal  0.000000e+00  0.000000e+00 -1.000000e+00
   outer loop
     vertex  1.500000e+01  3.500000e+01  0.000000e+00
     vertex  1.064123e+01  1.866171e+01  0.000000e+00
     vertex  1.059578e+01  1.865124e+01  0.000000e+00
   endloop
 endfacet
 facet normal  0.000000e+00  0.000000e+00 -1.000000e+00
   outer loop
     vertex  1.500000e+01  3.500000e+01  0.000000e+00
     vertex  1.059578e+01  1.865124e+01  0.000000e+00
     vertex  1.055063e+01  1.863953e+01  0.000000e+00
   endloop
 endfacet
 facet normal  0.000000e+00  0.000000e+00 -1.000000e+00
   outer loop
     vertex  1.500000e+01  3.500000e+01  0.000000e+00
     vertex  1.055063e+01  1.863953e+01  0.000000e+00
     vertex  1.050582e+01  1.862659e+01  0.000000e+00
   endloop
 endfacet
 facet normal  0.000000e+00  0.000000e+00 -1.000000e+00
   outer loop
     vertex  1.500000e+01  3.500000e+01  0.000000e+00
     vertex  1.050582e+01  1.862659e+01  0.000000e+00
     vertex  1.046138e+01  1.861242e+01  0.000000e+00
   endloop
 endfacet
 facet normal  0.000000e+00  0.000000e+00 -1.000000e+00
   outer loop
     vertex -1.500000e+01  3.500000e+01  0.000000e+00
     vertex -1.269984e+01 -6.976679e+00  0.000000e+00
     vertex -1.500000e+01 -3.500000e+01  0.000000e+00
   endloop
 endfacet
 facet normal  0.000000e+00 -0.000000e+00 -1.000000e+00
   outer loop
     vertex -1.269984e+01 -6.976679e+00  0.000000e+00
     vertex -1.269984e+01 -7.023321e+00  0.000000e+00
     vertex -1.500000e+01 -3.500000e+01  0.000000e+00
   endloop
 endfacet
 facet normal  0.000000e+00 -0.000000e+00 -1.000000e+00
   outer loop
     vertex -1.269984e+01 -7.023321e+00  0.000000e+00
     vertex -1.269856e+01 -7.069946e+00  0.000000e+00
     vertex -1.500000e+01 -3.500000e+01  0.000000e+00
   endloop
 endfacet
 facet normal  0.000000e+00 -0.000000e+00 -1.000000e+00
   outer loop
     vertex -1.269856e+01 -7.069946e+00  0.000000e+00
     vertex -1.269600e+01 -7.116518e+00  0.000000e+00
     vertex -1.500000e+01 -3.500000e+01  0.000000e+00
   endloop
 endfacet
 facet normal  0.000000e+00 -0.000000e+00 -1.000000e+00
   outer loop
     vertex -1.269600e+01 -7.116518e+00  0.000000e+00
     vertex -1.269217e+01 -7.163002e+00  0.000000e+00
     vertex -1.500000e+01 -3.500000e+01  0.000000e+00
   endloop
 endfacet
 facet normal  0.000000e+00 -0.000000e+00 -1.000000e+00
   outer loop
     vertex -1.269217e+01 -7.163002e+00  0.000000e+00
     vertex -1.268706e+01 -7.209364e+00  0.000000e+00
     vertex -1.500000e+01 -3.500000e+01  0.000000e+00
   endloop
 endfacet
 facet normal  0.000000e+00 -0.000000e+00 -1.000000e+00
   outer loop
     vertex -1.268706e+01 -7.209364e+00  0.000000e+00
     vertex -1.268068e+01 -7.255568e+00  0.000000e+00
     vertex -1.500000e+01 -3.500000e+01  0.000000e+00
   endloop
 endfacet
 facet normal  0.000000e+00  0.000000e+00 -1.000000e+00
   outer loop
     vertex -1.500000e+01  3.500000e+01  0.000000e+00
     vertex -1.269856e+01 -6.930054e+00  0.000000e+00
     vertex -1.269984e+01 -6.976679e+00  0.000000e+00
   endloop
 endfacet
 facet normal  0.000000e+00  0.000000e+00 -1.000000e+00
   outer loop
     vertex -1.500000e+01  3.500000e+01  0.000000e+00
     vertex -1.269600e+01 -6.883482e+00  0.000000e+00
     vertex -1.269856e+01 -6.930054e+00  0.000000e+00
   endloop
 endfacet
 facet normal  0.000000e+00  0.000000e+00 -1.000000e+00
   outer loop
     vertex -1.500000e+01  3.500000e+01  0.000000e+00
     vertex -1.269217e+01 -6.836998e+00  0.000000e+00
     vertex -1.269600e+01 -6.883482e+00  0.000000e+00
   endloop
 endfacet
 facet normal  0.000000e+00  0.000000e+00 -1.000000e+00
   outer loop
     vertex -1.500000e+01  3.500000e+01  0.000000e+00
     vertex -1.268706e+01 -6.790636e+00  0.000000e+00
     vertex -1.269217e+01 -6.836998e+00  0.000000e+00
   endloop
 endfacet
 facet normal  0.000000e+00  0.000000e+00 -1.000000e+00
   outer loop
     vertex -1.500000e+01  3.500000e+01  0.000000e+00
     vertex -1.268068e+01 -6.744432e+00  0.000000e+00
     vertex -1.268706e+01 -6.790636e+00  0.000000e+00
   endloop
 endfacet
 facet normal  0.000000e+00  0.000000e+00 -1.000000e+00
   outer loop
     vertex -1.500000e+01  3.500000e+01  0.000000e+00
     vertex -1.267304e+01 -6.698420e+00  0.000000e+00
     vertex -1.268068e+01 -6.744432e+00  0.000000e+00
   endloop
 endfacet
 facet normal  0.000000e+00  0.000000e+00 -1.000000e+00
   outer loop
     vertex -1.500000e+01  3.500000e+01  0.000000e+00
     vertex -1.266413e+01 -6.652636e+00  0.000000e+00
     vertex -1.267304e+01 -6.698420e+00  0.000000e+00
   endloop
 endfacet
 facet normal  0.000000e+00  0.000000e+00 -1.000000e+00
   outer loop
     vertex  1.500000e+01 -3.500000e+01  0.000000e+00
     vertex  1.269936e+01  1.695336e+01  0.000000e+00
     vertex  1.500000e+01  3.500000e+01  0.000000e+00
   endloop
 endfacet
 facet normal  0.000000e+00  0.000000e+00 -1.000000e+00
   outer loop
     vertex  1.500000e+01 -3.500000e+01  0.000000e+00
     vertex  1.269744e+01  1.690676e+01  0.000000e+00
     vertex  1.269936e+01  1.695336e+01  0.000000e+00
   endloop
 endfacet
 facet normal  0.000000e+00  0.000000e+00 -1.000000e+00
   outer loop
     vertex  1.500000e+01 -3.500000e+01  0.000000e+00
     vertex  1.269424e+01  1.686023e+01  0.000000e+00
     vertex  1.269744e+01  1.690676e+01  0.000000e+00
   endloop
 endfacet
 facet normal  0.000000e+00  0.000000e+00 -1.000000e+00
   outer loop
     vertex  1.500000e+01 -3.500000e+01  0.000000e+00
     vertex  1.268977e+01  1.681380e+01  0.000000e+00
     vertex  1.269424e+01  1.686023e+01  0.000000e+00
   endloop
 endfacet
 facet normal  0.000000e+00  0.000000e+00 -1.000000e+00
   outer loop
     vertex  1.500000e+01 -3.500000e+01  0.000000e+00
     vertex  1.268403e+01  1.676751e+01  0.000000e+00
     vertex  1.268977e+01  1.681380e+01  0.000000e+00
   endloop
 endfacet
 facet normal  0.000000e+00  0.000000e+00 -1.000000e+00
   outer loop
     vertex  1.500000e+01 -3.500000e+01  0.000000e+00
     vertex  1.267702e+01  1.672140e+01  0.000000e+00
     vertex  1.268403e+01  1.676751e+01  0.000000e+00
   endloop
 endfacet
 facet normal  0.000000e+00  0.000000e+00 -1.000000e+00
   outer loop
     vertex  1.500000e+01 -3.500000e+01  0.000000e+00
     vertex  1.266874e+01  1.667550e+01  0.000000e+00
     vertex  1.267702e+01  1.672140e+01  0.000000e+00
   endloop
 endfacet
 facet normal  0.000000e+00  0.000000e+00 -1.000000e+00
   outer loop
     vertex  1.500000e+01 -3.500000e+01  0.000000e+00
     vertex  1.265921e+01  1.662984e+01  0.000000e+00
     vertex  1.266874e+01  1.667550e+01  0.000000e+00
   endloop
 endfacet
 facet normal  0.000000e+00  0.000000e+00 -1.000000e+00
   outer loop
     vertex  1.500000e+01 -3.500000e+01  0.000000e+00
     vertex  1.264843e+01  1.658446e+01  0.000000e+00
     vertex  1.265921e+01  1.662984e+01  0.000000e+00
   endloop
 endfacet
 facet normal  0.000000e+00  0.000000e+00 -1.000000e+00
   outer loop
     vertex  1.500000e+01 -3.500000e+01  0.000000e+00
     vertex  1.263641e+01  1.653939e+01  0.000000e+00
     vertex  1.264843e+01  1.658446e+01  0.000000e+00
   endloop
 endfacet
 facet normal  0.000000e+00  0.000000e+00 -1.000000e+00
   outer loop
     vertex  1.500000e+01 -3.500000e+01  0.000000e+00
     vertex  1.262316e+01  1.649467e+01  0.000000e+00
     vertex  1.263641e+01  1.653939e+01  0.000000e+00
   endloop
 endfacet
 facet normal  0.000000e+00  0.000000e+00 -1.000000e+00
   outer loop
     vertex  1.500000e+01 -3.500000e+01  0.000000e+00
     vertex  1.260868e+01  1.645033e+01  0.000000e+00
     vertex  1.262316e+01  1.649467e+01  0.000000e+00
   endloop
 endfacet
 facet normal  1.000000e+00  0.000000e+00  0.000000e+00
   outer loop
     vertex  1.500000e+01 -3.500000e+01  3.000000e+00
     vertex  1.500000e+01 -3.500000e+01  0.000000e+00
     vertex  1.500000e+01  3.500000e+01  0.000000e+00
   endloop
 endfacet
 facet normal  1.000000e+00 -0.000000e+00  0.000000e+00
   outer loop
     vertex  1.500000e+01 -3.500000e+01  3.000000e+00
     vertex  1.500000e+01  3.500000e+01  0.000000e+00
     vertex  1.500000e+01  3.500000e+01  3.000000e+00
   endloop
 endfacet
 facet normal  9.999059e-01  1.371831e-02  0.000000e+00
   outer loop
     vertex -7.501317e+00 -6.903981e+00  1.200000e+01
     vertex -7.500000e+00 -7.000000e+00  1.200000e+01
     vertex -7.500000e+00 -7.000000e+00  3.000000e+00
   endloop
 endfacet
 facet normal  9.999059e-01  1.371831e-02  0.000000e+00
   outer loop
     vertex -7.501317e+00 -6.903981e+00  1.200000e+01
     vertex -7.500000e+00 -7.000000e+00  3.000000e+00
     vertex -7.501317e+00 -6.903981e+00  3.000000e+00
   endloop
 endfacet
 facet normal  9.991532e-01  4.114462e-02  0.000000e+00
   outer loop
     vertex -7.505268e+00 -6.808034e+00  1.200000e+01
     vertex -7.501317e+00 -6.903981e+00  3.000000e+00
     vertex -7.505268e+00 -6.808034e+00  3.000000e+00
   endloop
 endfacet
 facet normal  9.976484e-01  6.853995e-02  0.000000e+00
   outer loop
     vertex -7.505268e+00 -6.808034e+00  1.200000e+01
     vertex -7.505268e+00 -6.808034e+00  3.000000e+00
     vertex -7.511850e+00 -6.712232e+00  3.000000e+00
   endloop
 endfacet
 facet normal  9.991532e-01  4.114462e-02  0.000000e+00
   outer loop
     vertex -7.505268e+00 -6.808034e+00  1.200000e+01
     vertex -7.501317e+00 -6.903981e+00  1.200000e+01
     vertex -7.501317e+00 -6.903981e+00  3.000000e+00
   endloop
 endfacet
 facet normal  9.976484e-01  6.853995e-02  0.000000e+00
   outer loop
     vertex -7.511850e+00 -6.712232e+00  1.200000e+01
     vertex -7.505268e+00 -6.808034e+00  1.200000e+01
     vertex -7.511850e+00 -6.712232e+00  3.000000e+00
   endloop
 endfacet
 facet normal  9.953925e-01  9.588368e-02  0.000000e+00
   outer loop
     vertex -7.521058e+00 -6.616646e+00  1.200000e+01
     vertex -7.511850e+00 -6.712232e+00  3.000000e+00
     vertex -7.521058e+00 -6.616646e+00  3.000000e+00
   endloop
 endfacet
 facet normal  9.953925e-01  9.588368e-02  0.000000e+00
   outer loop
     vertex -7.521058e+00 -6.616646e+00  1.200000e+01
     vertex -7.511850e+00 -6.712232e+00  1.200000e+01
     vertex -7.511850e+00 -6.712232e+00  3.000000e+00
   endloop
 endfacet
 facet normal  9.923874e-01  1.231552e-01  0.000000e+00
   outer loop
     vertex -7.532884e+00 -6.521349e+00  1.200000e+01
     vertex -7.521058e+00 -6.616646e+00  3.000000e+00
     vertex -7.532884e+00 -6.521349e+00  3.000000e+00
   endloop
 endfacet
 facet normal  9.923874e-01  1.231552e-01  0.000000e+00
   outer loop
     vertex -7.532884e+00 -6.521349e+00  1.200000e+01
     vertex -7.521058e+00 -6.616646e+00  1.200000e+01
     vertex -7.521058e+00 -6.616646e+00  3.000000e+00
   endloop
 endfacet
 facet normal  9.886353e-01  1.503341e-01  0.000000e+00
   outer loop
     vertex -7.547320e+00 -6.426412e+00  1.200000e+01
     vertex -7.532884e+00 -6.521349e+00  3.000000e+00
     vertex -7.547320e+00 -6.426412e+00  3.000000e+00
   endloop
 endfacet
 facet normal  9.886353e-01  1.503341e-01  0.000000e+00
   outer loop
     vertex -7.547320e+00 -6.426412e+00  1.200000e+01
     vertex -7.532884e+00 -6.521349e+00  1.200000e+01
     vertex -7.532884e+00 -6.521349e+00  3.000000e+00
   endloop
 endfacet
 facet normal  9.841389e-01  1.773998e-01  0.000000e+00
   outer loop
     vertex -7.564356e+00 -6.331907e+00  1.200000e+01
     vertex -7.547320e+00 -6.426412e+00  3.000000e+00
     vertex -7.564356e+00 -6.331907e+00  3.000000e+00
   endloop
 endfacet
 facet normal  9.841389e-01  1.773998e-01  0.000000e+00
   outer loop
     vertex -7.564356e+00 -6.331907e+00  1.200000e+01
     vertex -7.547320e+00 -6.426412e+00  1.200000e+01
     vertex -7.547320e+00 -6.426412e+00  3.000000e+00
   endloop
 endfacet
 facet normal  9.789017e-01  2.043319e-01  0.000000e+00
   outer loop
     vertex -7.583977e+00 -6.237904e+00  1.200000e+01
     vertex -7.564356e+00 -6.331907e+00  3.000000e+00
     vertex -7.583977e+00 -6.237904e+00  3.000000e+00
   endloop
 endfacet
 facet normal  9.789017e-01  2.043319e-01  0.000000e+00
   outer loop
     vertex -7.583977e+00 -6.237904e+00  1.200000e+01
     vertex -7.564356e+00 -6.331907e+00  1.200000e+01
     vertex -7.564356e+00 -6.331907e+00  3.000000e+00
   endloop
 endfacet
 facet normal  9.729276e-01  2.311102e-01  0.000000e+00
   outer loop
     vertex -7.606170e+00 -6.144476e+00  1.200000e+01
     vertex -7.583977e+00 -6.237904e+00  3.000000e+00
     vertex -7.606170e+00 -6.144476e+00  3.000000e+00
   endloop
 endfacet
 facet normal  9.662211e-01  2.577146e-01  0.000000e+00
   outer loop
     vertex -7.606170e+00 -6.144476e+00  1.200000e+01
     vertex -7.606170e+00 -6.144476e+00  3.000000e+00
     vertex -7.630918e+00 -6.051692e+00  3.000000e+00
   endloop
 endfacet
 facet normal  9.729276e-01  2.311102e-01  0.000000e+00
   outer loop
     vertex -7.606170e+00 -6.144476e+00  1.200000e+01
     vertex -7.583977e+00 -6.237904e+00  1.200000e+01
     vertex -7.583977e+00 -6.237904e+00  3.000000e+00
   endloop
 endfacet
 facet normal  9.662211e-01  2.577146e-01  0.000000e+00
   outer loop
     vertex -7.630918e+00 -6.051692e+00  1.200000e+01
     vertex -7.606170e+00 -6.144476e+00  1.200000e+01
     vertex -7.630918e+00 -6.051692e+00  3.000000e+00
   endloop
 endfacet
 facet normal  9.587873e-01  2.841250e-01  0.000000e+00
   outer loop
     vertex -7.630918e+00 -6.051692e+00  1.200000e+01
     vertex -7.630918e+00 -6.051692e+00  3.000000e+00
     vertex -7.658202e+00 -5.959621e+00  3.000000e+00
   endloop
 endfacet
 facet normal  9.587873e-01  2.841250e-01  0.000000e+00
   outer loop
     vertex -7.658202e+00 -5.959621e+00  1.200000e+01
     vertex -7.630918e+00 -6.051692e+00  1.200000e+01
     vertex -7.658202e+00 -5.959621e+00  3.000000e+00
   endloop
 endfacet
 facet normal  9.506317e-01  3.103214e-01  0.000000e+00
   outer loop
     vertex -7.658202e+00 -5.959621e+00  1.200000e+01
     vertex -7.658202e+00 -5.959621e+00  3.000000e+00
     vertex -7.688002e+00 -5.868333e+00  3.000000e+00
   endloop
 endfacet
 facet normal  9.506317e-01  3.103214e-01  0.000000e+00
   outer loop
     vertex -7.688002e+00 -5.868333e+00  1.200000e+01
     vertex -7.658202e+00 -5.959621e+00  1.200000e+01
     vertex -7.688002e+00 -5.868333e+00  3.000000e+00
   endloop
 endfacet
 facet normal  9.417605e-01  3.362843e-01  0.000000e+00
   outer loop
     vertex -7.720295e+00 -5.777898e+00  1.200000e+01
     vertex -7.688002e+00 -5.868333e+00  1.200000e+01
     vertex -7.688002e+00 -5.868333e+00  3.000000e+00
   endloop
 endfacet
 facet normal  9.417605e-01  3.362843e-01  0.000000e+00
   outer loop
     vertex -7.720295e+00 -5.777898e+00  1.200000e+01
     vertex -7.688002e+00 -5.868333e+00  3.000000e+00
     vertex -7.720295e+00 -5.777898e+00  3.000000e+00
   endloop
 endfacet
 facet normal  9.321804e-01  3.619940e-01  0.000000e+00
   outer loop
     vertex -7.755056e+00 -5.688382e+00  1.200000e+01
     vertex -7.720295e+00 -5.777898e+00  1.200000e+01
     vertex -7.720295e+00 -5.777898e+00  3.000000e+00
   endloop
 endfacet
 facet normal  9.321804e-01  3.619940e-01  0.000000e+00
   outer loop
     vertex -7.755056e+00 -5.688382e+00  1.200000e+01
     vertex -7.720295e+00 -5.777898e+00  3.000000e+00
     vertex -7.755056e+00 -5.688382e+00  3.000000e+00
   endloop
 endfacet
 facet normal  9.218986e-01  3.874313e-01  0.000000e+00
   outer loop
     vertex -7.755056e+00 -5.688382e+00  1.200000e+01
     vertex -7.755056e+00 -5.688382e+00  3.000000e+00
     vertex -7.792261e+00 -5.599854e+00  3.000000e+00
   endloop
 endfacet
 facet normal  9.218986e-01  3.874313e-01  0.000000e+00
   outer loop
     vertex -7.792261e+00 -5.599854e+00  1.200000e+01
     vertex -7.755056e+00 -5.688382e+00  1.200000e+01
     vertex -7.792261e+00 -5.599854e+00  3.000000e+00
   endloop
 endfacet
 facet normal  9.109228e-01  4.125769e-01  0.000000e+00
   outer loop
     vertex -7.831880e+00 -5.512380e+00  1.200000e+01
     vertex -7.792261e+00 -5.599854e+00  1.200000e+01
     vertex -7.792261e+00 -5.599854e+00  3.000000e+00
   endloop
 endfacet
 facet normal  9.109228e-01  4.125769e-01  0.000000e+00
   outer loop
     vertex -7.831880e+00 -5.512380e+00  1.200000e+01
     vertex -7.792261e+00 -5.599854e+00  3.000000e+00
     vertex -7.831880e+00 -5.512380e+00  3.000000e+00
   endloop
 endfacet
 facet normal  8.992613e-01  4.374119e-01  0.000000e+00
   outer loop
     vertex -7.831880e+00 -5.512380e+00  1.200000e+01
     vertex -7.831880e+00 -5.512380e+00  3.000000e+00
     vertex -7.873884e+00 -5.426025e+00  3.000000e+00
   endloop
 endfacet
 facet normal  8.992613e-01  4.374119e-01  0.000000e+00
   outer loop
     vertex -7.873884e+00 -5.426025e+00  1.200000e+01
     vertex -7.831880e+00 -5.512380e+00  1.200000e+01
     vertex -7.873884e+00 -5.426025e+00  3.000000e+00
   endloop
 endfacet
 facet normal  8.869228e-01  4.619176e-01  0.000000e+00
   outer loop
     vertex -7.918241e+00 -5.340856e+00  1.200000e+01
     vertex -7.873884e+00 -5.426025e+00  1.200000e+01
     vertex -7.873884e+00 -5.426025e+00  3.000000e+00
   endloop
 endfacet
 facet normal  8.869228e-01  4.619176e-01  0.000000e+00
   outer loop
     vertex -7.918241e+00 -5.340856e+00  1.200000e+01
     vertex -7.873884e+00 -5.426025e+00  3.000000e+00
     vertex -7.918241e+00 -5.340856e+00  3.000000e+00
   endloop
 endfacet
 facet normal  8.739167e-01  4.860756e-01  0.000000e+00
   outer loop
     vertex -7.964918e+00 -5.256935e+00  1.200000e+01
     vertex -7.918241e+00 -5.340856e+00  1.200000e+01
     vertex -7.918241e+00 -5.340856e+00  3.000000e+00
   endloop
 endfacet
 facet normal  8.739167e-01  4.860756e-01  0.000000e+00
   outer loop
     vertex -7.964918e+00 -5.256935e+00  1.200000e+01
     vertex -7.918241e+00 -5.340856e+00  3.000000e+00
     vertex -7.964918e+00 -5.256935e+00  3.000000e+00
   endloop
 endfacet
 facet normal  8.602528e-01  5.098678e-01  0.000000e+00
   outer loop
     vertex -7.964918e+00 -5.256935e+00  1.200000e+01
     vertex -7.964918e+00 -5.256935e+00  3.000000e+00
     vertex -8.013879e+00 -5.174326e+00  3.000000e+00
   endloop
 endfacet
 facet normal  8.602528e-01  5.098678e-01  0.000000e+00
   outer loop
     vertex -8.013879e+00 -5.174326e+00  1.200000e+01
     vertex -7.964918e+00 -5.256935e+00  1.200000e+01
     vertex -8.013879e+00 -5.174326e+00  3.000000e+00
   endloop
 endfacet
 facet normal  8.459413e-01  5.332761e-01  0.000000e+00
   outer loop
     vertex -8.065089e+00 -5.093092e+00  1.200000e+01
     vertex -8.013879e+00 -5.174326e+00  1.200000e+01
     vertex -8.013879e+00 -5.174326e+00  3.000000e+00
   endloop
 endfacet
 facet normal  8.459413e-01  5.332761e-01  0.000000e+00
   outer loop
     vertex -8.065089e+00 -5.093092e+00  1.200000e+01
     vertex -8.013879e+00 -5.174326e+00  3.000000e+00
     vertex -8.065089e+00 -5.093092e+00  3.000000e+00
   endloop
 endfacet
 facet normal  8.309929e-01  5.562829e-01  0.000000e+00
   outer loop
     vertex -8.118508e+00 -5.013294e+00  1.200000e+01
     vertex -8.065089e+00 -5.093092e+00  3.000000e+00
     vertex -8.118508e+00 -5.013294e+00  3.000000e+00
   endloop
 endfacet
 facet normal  8.309929e-01  5.562829e-01  0.000000e+00
   outer loop
     vertex -8.118508e+00 -5.013294e+00  1.200000e+01
     vertex -8.065089e+00 -5.093092e+00  1.200000e+01
     vertex -8.065089e+00 -5.093092e+00  3.000000e+00
   endloop
 endfacet
 facet normal  8.154191e-01  5.788711e-01  0.000000e+00
   outer loop
     vertex -8.174096e+00 -4.934990e+00  1.200000e+01
     vertex -8.118508e+00 -5.013294e+00  3.000000e+00
     vertex -8.174096e+00 -4.934990e+00  3.000000e+00
   endloop
 endfacet
 facet normal  7.992314e-01  6.010234e-01  0.000000e+00
   outer loop
     vertex -8.174096e+00 -4.934990e+00  1.200000e+01
     vertex -8.174096e+00 -4.934990e+00  3.000000e+00
     vertex -8.231811e+00 -4.858242e+00  3.000000e+00
   endloop
 endfacet
 facet normal  8.154191e-01  5.788711e-01  0.000000e+00
   outer loop
     vertex -8.174096e+00 -4.934990e+00  1.200000e+01
     vertex -8.118508e+00 -5.013294e+00  1.200000e+01
     vertex -8.118508e+00 -5.013294e+00  3.000000e+00
   endloop
 endfacet
 facet normal  7.992314e-01  6.010234e-01  0.000000e+00
   outer loop
     vertex -8.231811e+00 -4.858242e+00  1.200000e+01
     vertex -8.174096e+00 -4.934990e+00  1.200000e+01
     vertex -8.231811e+00 -4.858242e+00  3.000000e+00
   endloop
 endfacet
 facet normal  7.824421e-01  6.227234e-01  0.000000e+00
   outer loop
     vertex -8.291610e+00 -4.783105e+00  1.200000e+01
     vertex -8.231811e+00 -4.858242e+00  3.000000e+00
     vertex -8.291610e+00 -4.783105e+00  3.000000e+00
   endloop
 endfacet
 facet normal  7.824421e-01  6.227234e-01  0.000000e+00
   outer loop
     vertex -8.291610e+00 -4.783105e+00  1.200000e+01
     vertex -8.231811e+00 -4.858242e+00  1.200000e+01
     vertex -8.231811e+00 -4.858242e+00  3.000000e+00
   endloop
 endfacet
 facet normal  7.650637e-01  6.439545e-01  0.000000e+00
   outer loop
     vertex -8.353448e+00 -4.709637e+00  1.200000e+01
     vertex -8.291610e+00 -4.783105e+00  3.000000e+00
     vertex -8.353448e+00 -4.709637e+00  3.000000e+00
   endloop
 endfacet
 facet normal  7.471095e-01  6.647010e-01  0.000000e+00
   outer loop
     vertex -8.353448e+00 -4.709637e+00  1.200000e+01
     vertex -8.353448e+00 -4.709637e+00  3.000000e+00
     vertex -8.417278e+00 -4.637894e+00  3.000000e+00
   endloop
 endfacet
 facet normal  7.650637e-01  6.439545e-01  0.000000e+00
   outer loop
     vertex -8.353448e+00 -4.709637e+00  1.200000e+01
     vertex -8.291610e+00 -4.783105e+00  1.200000e+01
     vertex -8.291610e+00 -4.783105e+00  3.000000e+00
   endloop
 endfacet
 facet normal  7.471095e-01  6.647010e-01  0.000000e+00
   outer loop
     vertex -8.417278e+00 -4.637894e+00  1.200000e+01
     vertex -8.353448e+00 -4.709637e+00  1.200000e+01
     vertex -8.417278e+00 -4.637894e+00  3.000000e+00
   endloop
 endfacet
 facet normal  7.285929e-01  6.849470e-01  0.000000e+00
   outer loop
     vertex -8.483052e+00 -4.567928e+00  1.200000e+01
     vertex -8.417278e+00 -4.637894e+00  3.000000e+00
     vertex -8.483052e+00 -4.567928e+00  3.000000e+00
   endloop
 endfacet
 facet normal  7.095278e-01  7.046775e-01  0.000000e+00
   outer loop
     vertex -8.483052e+00 -4.567928e+00  1.200000e+01
     vertex -8.483052e+00 -4.567928e+00  3.000000e+00
     vertex -8.550721e+00 -4.499794e+00  3.000000e+00
   endloop
 endfacet
 facet normal  7.285929e-01  6.849470e-01  0.000000e+00
   outer loop
     vertex -8.483052e+00 -4.567928e+00  1.200000e+01
     vertex -8.417278e+00 -4.637894e+00  1.200000e+01
     vertex -8.417278e+00 -4.637894e+00  3.000000e+00
   endloop
 endfacet
 facet normal  7.095278e-01  7.046775e-01  0.000000e+00
   outer loop
     vertex -8.550721e+00 -4.499794e+00  1.200000e+01
     vertex -8.483052e+00 -4.567928e+00  1.200000e+01
     vertex -8.550721e+00 -4.499794e+00  3.000000e+00
   endloop
 endfacet
 facet normal  6.899286e-01  7.238775e-01  0.000000e+00
   outer loop
     vertex -8.620234e+00 -4.433541e+00  1.200000e+01
     vertex -8.550721e+00 -4.499794e+00  3.000000e+00
     vertex -8.620234e+00 -4.433541e+00  3.000000e+00
   endloop
 endfacet
 facet normal  6.899286e-01  7.238775e-01  0.000000e+00
   outer loop
     vertex -8.620234e+00 -4.433541e+00  1.200000e+01
     vertex -8.550721e+00 -4.499794e+00  1.200000e+01
     vertex -8.550721e+00 -4.499794e+00  3.000000e+00
   endloop
 endfacet
 facet normal  6.698100e-01  7.425325e-01  0.000000e+00
   outer loop
     vertex -8.691538e+00 -4.369220e+00  1.200000e+01
     vertex -8.620234e+00 -4.433541e+00  3.000000e+00
     vertex -8.691538e+00 -4.369220e+00  3.000000e+00
   endloop
 endfacet
 facet normal  6.491872e-01  7.606287e-01  0.000000e+00
   outer loop
     vertex -8.691538e+00 -4.369220e+00  1.200000e+01
     vertex -8.691538e+00 -4.369220e+00  3.000000e+00
     vertex -8.764579e+00 -4.306880e+00  3.000000e+00
   endloop
 endfacet
 facet normal  6.698100e-01  7.425325e-01  0.000000e+00
   outer loop
     vertex -8.691538e+00 -4.369220e+00  1.200000e+01
     vertex -8.620234e+00 -4.433541e+00  1.200000e+01
     vertex -8.620234e+00 -4.433541e+00  3.000000e+00
   endloop
 endfacet
 facet normal  6.491872e-01  7.606287e-01  0.000000e+00
   outer loop
     vertex -8.764579e+00 -4.306880e+00  1.200000e+01
     vertex -8.691538e+00 -4.369220e+00  1.200000e+01
     vertex -8.764579e+00 -4.306880e+00  3.000000e+00
   endloop
 endfacet
 facet normal  6.280757e-01  7.781522e-01  0.000000e+00
   outer loop
     vertex -8.839304e+00 -4.246567e+00  1.200000e+01
     vertex -8.764579e+00 -4.306880e+00  3.000000e+00
     vertex -8.839304e+00 -4.246567e+00  3.000000e+00
   endloop
 endfacet
 facet normal  6.064915e-01  7.950900e-01  0.000000e+00
   outer loop
     vertex -8.839304e+00 -4.246567e+00  1.200000e+01
     vertex -8.839304e+00 -4.246567e+00  3.000000e+00
     vertex -8.915655e+00 -4.188327e+00  3.000000e+00
   endloop
 endfacet
 facet normal  6.280757e-01  7.781522e-01  0.000000e+00
   outer loop
     vertex -8.839304e+00 -4.246567e+00  1.200000e+01
     vertex -8.764579e+00 -4.306880e+00  1.200000e+01
     vertex -8.764579e+00 -4.306880e+00  3.000000e+00
   endloop
 endfacet
 facet normal  6.064915e-01  7.950900e-01  0.000000e+00
   outer loop
     vertex -8.915655e+00 -4.188327e+00  1.200000e+01
     vertex -8.839304e+00 -4.246567e+00  1.200000e+01
     vertex -8.915655e+00 -4.188327e+00  3.000000e+00
   endloop
 endfacet
 facet normal  5.844507e-01  8.114292e-01  0.000000e+00
   outer loop
     vertex -8.993575e+00 -4.132203e+00  1.200000e+01
     vertex -8.915655e+00 -4.188327e+00  1.200000e+01
     vertex -8.915655e+00 -4.188327e+00  3.000000e+00
   endloop
 endfacet
 facet normal  5.844507e-01  8.114292e-01  0.000000e+00
   outer loop
     vertex -8.993575e+00 -4.132203e+00  1.200000e+01
     vertex -8.915655e+00 -4.188327e+00  3.000000e+00
     vertex -8.993575e+00 -4.132203e+00  3.000000e+00
   endloop
 endfacet
 facet normal  5.619699e-01  8.271577e-01  0.000000e+00
   outer loop
     vertex -9.073006e+00 -4.078238e+00  1.200000e+01
     vertex -8.993575e+00 -4.132203e+00  3.000000e+00
     vertex -9.073006e+00 -4.078238e+00  3.000000e+00
   endloop
 endfacet
 facet normal  5.619699e-01  8.271577e-01  0.000000e+00
   outer loop
     vertex -9.073006e+00 -4.078238e+00  1.200000e+01
     vertex -8.993575e+00 -4.132203e+00  1.200000e+01
     vertex -8.993575e+00 -4.132203e+00  3.000000e+00
   endloop
 endfacet
 facet normal  5.390661e-01  8.422635e-01  0.000000e+00
   outer loop
     vertex -9.153887e+00 -4.026473e+00  1.200000e+01
     vertex -9.073006e+00 -4.078238e+00  1.200000e+01
     vertex -9.073006e+00 -4.078238e+00  3.000000e+00
   endloop
 endfacet
 facet normal  5.390661e-01  8.422635e-01  0.000000e+00
   outer loop
     vertex -9.153887e+00 -4.026473e+00  1.200000e+01
     vertex -9.073006e+00 -4.078238e+00  3.000000e+00
     vertex -9.153887e+00 -4.026473e+00  3.000000e+00
   endloop
 endfacet
 facet normal  5.157565e-01  8.567352e-01  0.000000e+00
   outer loop
     vertex -9.153887e+00 -4.026473e+00  1.200000e+01
     vertex -9.153887e+00 -4.026473e+00  3.000000e+00
     vertex -9.236157e+00 -3.976945e+00  3.000000e+00
   endloop
 endfacet
 facet normal  5.157565e-01  8.567352e-01  0.000000e+00
   outer loop
     vertex -9.236157e+00 -3.976945e+00  1.200000e+01
     vertex -9.153887e+00 -4.026473e+00  1.200000e+01
     vertex -9.236157e+00 -3.976945e+00  3.000000e+00
   endloop
 endfacet
 facet normal  4.920587e-01  8.705620e-01  0.000000e+00
   outer loop
     vertex -9.319756e+00 -3.929694e+00  1.200000e+01
     vertex -9.236157e+00 -3.976945e+00  1.200000e+01
     vertex -9.236157e+00 -3.976945e+00  3.000000e+00
   endloop
 endfacet
 facet normal  4.920587e-01  8.705620e-01  0.000000e+00
   outer loop
     vertex -9.319756e+00 -3.929694e+00  1.200000e+01
     vertex -9.236157e+00 -3.976945e+00  3.000000e+00
     vertex -9.319756e+00 -3.929694e+00  3.000000e+00
   endloop
 endfacet
 facet normal  4.679904e-01  8.837335e-01  0.000000e+00
   outer loop
     vertex -9.319756e+00 -3.929694e+00  1.200000e+01
     vertex -9.319756e+00 -3.929694e+00  3.000000e+00
     vertex -9.404619e+00 -3.884754e+00  3.000000e+00
   endloop
 endfacet
 facet normal  4.679904e-01  8.837335e-01  0.000000e+00
   outer loop
     vertex -9.404619e+00 -3.884754e+00  1.200000e+01
     vertex -9.319756e+00 -3.929694e+00  1.200000e+01
     vertex -9.404619e+00 -3.884754e+00  3.000000e+00
   endloop
 endfacet
 facet normal  4.435699e-01  8.962398e-01  0.000000e+00
   outer loop
     vertex -9.490684e+00 -3.842158e+00  1.200000e+01
     vertex -9.404619e+00 -3.884754e+00  1.200000e+01
     vertex -9.404619e+00 -3.884754e+00  3.000000e+00
   endloop
 endfacet
 facet normal  4.435699e-01  8.962398e-01  0.000000e+00
   outer loop
     vertex -9.490684e+00 -3.842158e+00  1.200000e+01
     vertex -9.404619e+00 -3.884754e+00  3.000000e+00
     vertex -9.490684e+00 -3.842158e+00  3.000000e+00
   endloop
 endfacet
 facet normal  4.188155e-01  9.080714e-01  0.000000e+00
   outer loop
     vertex -9.490684e+00 -3.842158e+00  1.200000e+01
     vertex -9.490684e+00 -3.842158e+00  3.000000e+00
     vertex -9.577884e+00 -3.801940e+00  3.000000e+00
   endloop
 endfacet
 facet normal  4.188155e-01  9.080714e-01  0.000000e+00
   outer loop
     vertex -9.577884e+00 -3.801940e+00  1.200000e+01
     vertex -9.490684e+00 -3.842158e+00  1.200000e+01
     vertex -9.577884e+00 -3.801940e+00  3.000000e+00
   endloop
 endfacet
 facet normal  3.937458e-01  9.192194e-01  0.000000e+00
   outer loop
     vertex -9.666155e+00 -3.764130e+00  1.200000e+01
     vertex -9.577884e+00 -3.801940e+00  1.200000e+01
     vertex -9.577884e+00 -3.801940e+00  3.000000e+00
   endloop
 endfacet
 facet normal  3.937458e-01  9.192194e-01  0.000000e+00
   outer loop
     vertex -9.666155e+00 -3.764130e+00  1.200000e+01
     vertex -9.577884e+00 -3.801940e+00  3.000000e+00
     vertex -9.666155e+00 -3.764130e+00  3.000000e+00
   endloop
 endfacet
 facet normal  3.683796e-01  9.296754e-01  0.000000e+00
   outer loop
     vertex -9.666155e+00 -3.764130e+00  1.200000e+01
     vertex -9.666155e+00 -3.764130e+00  3.000000e+00
     vertex -9.755430e+00 -3.728755e+00  3.000000e+00
   endloop
 endfacet
 facet normal  3.683796e-01  9.296754e-01  0.000000e+00
   outer loop
     vertex -9.755430e+00 -3.728755e+00  1.200000e+01
     vertex -9.666155e+00 -3.764130e+00  1.200000e+01
     vertex -9.755430e+00 -3.728755e+00  3.000000e+00
   endloop
 endfacet
 facet normal  3.427362e-01  9.394317e-01  0.000000e+00
   outer loop
     vertex -9.845642e+00 -3.695842e+00  1.200000e+01
     vertex -9.755430e+00 -3.728755e+00  1.200000e+01
     vertex -9.755430e+00 -3.728755e+00  3.000000e+00
   endloop
 endfacet
 facet normal  3.427362e-01  9.394317e-01  0.000000e+00
   outer loop
     vertex -9.845642e+00 -3.695842e+00  1.200000e+01
     vertex -9.755430e+00 -3.728755e+00  3.000000e+00
     vertex -9.845642e+00 -3.695842e+00  3.000000e+00
   endloop
 endfacet
 facet normal  3.168348e-01  9.484807e-01  0.000000e+00
   outer loop
     vertex -9.845642e+00 -3.695842e+00  1.200000e+01
     vertex -9.845642e+00 -3.695842e+00  3.000000e+00
     vertex -9.936723e+00 -3.665417e+00  3.000000e+00
   endloop
 endfacet
 facet normal  3.168348e-01  9.484807e-01  0.000000e+00
   outer loop
     vertex -9.936723e+00 -3.665417e+00  1.200000e+01
     vertex -9.845642e+00 -3.695842e+00  1.200000e+01
     vertex -9.936723e+00 -3.665417e+00  3.000000e+00
   endloop
 endfacet
 facet normal  2.906949e-01  9.568158e-01  0.000000e+00
   outer loop
     vertex -1.002860e+01 -3.637502e+00  1.200000e+01
     vertex -9.936723e+00 -3.665417e+00  1.200000e+01
     vertex -9.936723e+00 -3.665417e+00  3.000000e+00
   endloop
 endfacet
 facet normal  2.906949e-01  9.568158e-01  0.000000e+00
   outer loop
     vertex -1.002860e+01 -3.637502e+00  1.200000e+01
     vertex -9.936723e+00 -3.665417e+00  3.000000e+00
     vertex -1.002860e+01 -3.637502e+00  3.000000e+00
   endloop
 endfacet
 facet normal  2.643362e-01  9.644306e-01  0.000000e+00
   outer loop
     vertex -1.002860e+01 -3.637502e+00  1.200000e+01
     vertex -1.002860e+01 -3.637502e+00  3.000000e+00
     vertex -1.012122e+01 -3.612119e+00  3.000000e+00
   endloop
 endfacet
 facet normal  2.643362e-01  9.644306e-01  0.000000e+00
   outer loop
     vertex -1.012122e+01 -3.612119e+00  1.200000e+01
     vertex -1.002860e+01 -3.637502e+00  1.200000e+01
     vertex -1.012122e+01 -3.612119e+00  3.000000e+00
   endloop
 endfacet
 facet normal  2.377784e-01  9.713194e-01  0.000000e+00
   outer loop
     vertex -1.021449e+01 -3.589285e+00  1.200000e+01
     vertex -1.012122e+01 -3.612119e+00  1.200000e+01
     vertex -1.012122e+01 -3.612119e+00  3.000000e+00
   endloop
 endfacet
 facet normal  2.377784e-01  9.713194e-01  0.000000e+00
   outer loop
     vertex -1.021449e+01 -3.589285e+00  1.200000e+01
     vertex -1.012122e+01 -3.612119e+00  3.000000e+00
     vertex -1.021449e+01 -3.589285e+00  3.000000e+00
   endloop
 endfacet
 facet normal  2.110417e-01  9.774771e-01  0.000000e+00
   outer loop
     vertex -1.021449e+01 -3.589285e+00  1.200000e+01
     vertex -1.021449e+01 -3.589285e+00  3.000000e+00
     vertex -1.030836e+01 -3.569019e+00  3.000000e+00
   endloop
 endfacet
 facet normal  2.110417e-01  9.774771e-01  0.000000e+00
   outer loop
     vertex -1.030836e+01 -3.569019e+00  1.200000e+01
     vertex -1.021449e+01 -3.589285e+00  1.200000e+01
     vertex -1.030836e+01 -3.569019e+00  3.000000e+00
   endloop
 endfacet
 facet normal  1.841461e-01  9.828989e-01  0.000000e+00
   outer loop
     vertex -1.040274e+01 -3.551336e+00  1.200000e+01
     vertex -1.030836e+01 -3.569019e+00  1.200000e+01
     vertex -1.030836e+01 -3.569019e+00  3.000000e+00
   endloop
 endfacet
 facet normal  1.841461e-01  9.828989e-01  0.000000e+00
   outer loop
     vertex -1.040274e+01 -3.551336e+00  1.200000e+01
     vertex -1.030836e+01 -3.569019e+00  3.000000e+00
     vertex -1.040274e+01 -3.551336e+00  3.000000e+00
   endloop
 endfacet
 facet normal  1.571119e-01  9.875808e-01  0.000000e+00
   outer loop
     vertex -1.040274e+01 -3.551336e+00  1.200000e+01
     vertex -1.040274e+01 -3.551336e+00  3.000000e+00
     vertex -1.049758e+01 -3.536249e+00  3.000000e+00
   endloop
 endfacet
 facet normal  1.571119e-01  9.875808e-01  0.000000e+00
   outer loop
     vertex -1.049758e+01 -3.536249e+00  1.200000e+01
     vertex -1.040274e+01 -3.551336e+00  1.200000e+01
     vertex -1.049758e+01 -3.536249e+00  3.000000e+00
   endloop
 endfacet
 facet normal  1.299594e-01  9.915193e-01  0.000000e+00
   outer loop
     vertex -1.049758e+01 -3.536249e+00  1.200000e+01
     vertex -1.049758e+01 -3.536249e+00  3.000000e+00
     vertex -1.059279e+01 -3.523769e+00  3.000000e+00
   endloop
 endfacet
 facet normal  1.299594e-01  9.915193e-01  0.000000e+00
   outer loop
     vertex -1.059279e+01 -3.523769e+00  1.200000e+01
     vertex -1.049758e+01 -3.536249e+00  1.200000e+01
     vertex -1.059279e+01 -3.523769e+00  3.000000e+00
   endloop
 endfacet
 facet normal  1.027091e-01  9.947114e-01  0.000000e+00
   outer loop
     vertex -1.068831e+01 -3.513906e+00  1.200000e+01
     vertex -1.059279e+01 -3.523769e+00  1.200000e+01
     vertex -1.059279e+01 -3.523769e+00  3.000000e+00
   endloop
 endfacet
 facet normal  1.027091e-01  9.947114e-01  0.000000e+00
   outer loop
     vertex -1.068831e+01 -3.513906e+00  1.200000e+01
     vertex -1.059279e+01 -3.523769e+00  3.000000e+00
     vertex -1.068831e+01 -3.513906e+00  3.000000e+00
   endloop
 endfacet
 facet normal  7.538152e-02  9.971548e-01  0.000000e+00
   outer loop
     vertex -1.078407e+01 -3.506667e+00  1.200000e+01
     vertex -1.068831e+01 -3.513906e+00  1.200000e+01
     vertex -1.068831e+01 -3.513906e+00  3.000000e+00
   endloop
 endfacet
 facet normal  7.538152e-02  9.971548e-01  0.000000e+00
   outer loop
     vertex -1.078407e+01 -3.506667e+00  1.200000e+01
     vertex -1.068831e+01 -3.513906e+00  3.000000e+00
     vertex -1.078407e+01 -3.506667e+00  3.000000e+00
   endloop
 endfacet
 facet normal  4.799716e-02  9.988475e-01  0.000000e+00
   outer loop
     vertex -1.078407e+01 -3.506667e+00  1.200000e+01
     vertex -1.078407e+01 -3.506667e+00  3.000000e+00
     vertex -1.087998e+01 -3.502058e+00  3.000000e+00
   endloop
 endfacet
 facet normal  2.057667e-02  9.997883e-01  0.000000e+00
   outer loop
     vertex -1.087998e+01 -3.502058e+00  1.200000e+01
     vertex -1.087998e+01 -3.502058e+00  3.000000e+00
     vertex -1.097599e+01 -3.500082e+00  3.000000e+00
   endloop
 endfacet
 facet normal  4.799716e-02  9.988475e-01  0.000000e+00
   outer loop
     vertex -1.087998e+01 -3.502058e+00  1.200000e+01
     vertex -1.078407e+01 -3.506667e+00  1.200000e+01
     vertex -1.087998e+01 -3.502058e+00  3.000000e+00
   endloop
 endfacet
 facet normal  2.057667e-02  9.997883e-01  0.000000e+00
   outer loop
     vertex -1.097599e+01 -3.500082e+00  1.200000e+01
     vertex -1.087998e+01 -3.502058e+00  1.200000e+01
     vertex -1.097599e+01 -3.500082e+00  3.000000e+00
   endloop
 endfacet
 facet normal -6.859319e-03  9.999765e-01  0.000000e+00
   outer loop
     vertex -1.107202e+01 -3.500741e+00  1.200000e+01
     vertex -1.097599e+01 -3.500082e+00  3.000000e+00
     vertex -1.107202e+01 -3.500741e+00  3.000000e+00
   endloop
 endfacet
 facet normal -3.429014e-02  9.994119e-01  0.000000e+00
   outer loop
     vertex -1.107202e+01 -3.500741e+00  1.200000e+01
     vertex -1.107202e+01 -3.500741e+00  3.000000e+00
     vertex -1.116799e+01 -3.504034e+00  3.000000e+00
   endloop
 endfacet
 facet normal -6.859319e-03  9.999765e-01  0.000000e+00
   outer loop
     vertex -1.107202e+01 -3.500741e+00  1.200000e+01
     vertex -1.097599e+01 -3.500082e+00  1.200000e+01
     vertex -1.097599e+01 -3.500082e+00  3.000000e+00
   endloop
 endfacet
 facet normal -6.169515e-02  9.980950e-01  0.000000e+00
   outer loop
     vertex -1.116799e+01 -3.504034e+00  1.200000e+01
     vertex -1.116799e+01 -3.504034e+00  3.000000e+00
     vertex -1.126384e+01 -3.509958e+00  3.000000e+00
   endloop
 endfacet
 facet normal -3.429014e-02  9.994119e-01  0.000000e+00
   outer loop
     vertex -1.116799e+01 -3.504034e+00  1.200000e+01
     vertex -1.107202e+01 -3.500741e+00  1.200000e+01
     vertex -1.116799e+01 -3.504034e+00  3.000000e+00
   endloop
 endfacet
 facet normal -6.169515e-02  9.980950e-01  0.000000e+00
   outer loop
     vertex -1.126384e+01 -3.509958e+00  1.200000e+01
     vertex -1.116799e+01 -3.504034e+00  1.200000e+01
     vertex -1.126384e+01 -3.509958e+00  3.000000e+00
   endloop
 endfacet
 facet normal -8.905371e-02  9.960268e-01  0.000000e+00
   outer loop
     vertex -1.135948e+01 -3.518510e+00  1.200000e+01
     vertex -1.126384e+01 -3.509958e+00  1.200000e+01
     vertex -1.126384e+01 -3.509958e+00  3.000000e+00
   endloop
 endfacet
 facet normal -8.905371e-02  9.960268e-01  0.000000e+00
   outer loop
     vertex -1.135948e+01 -3.518510e+00  1.200000e+01
     vertex -1.126384e+01 -3.509958e+00  3.000000e+00
     vertex -1.135948e+01 -3.518510e+00  3.000000e+00
   endloop
 endfacet
 facet normal -1.163452e-01  9.932088e-01  0.000000e+00
   outer loop
     vertex -1.145486e+01 -3.529682e+00  1.200000e+01
     vertex -1.135948e+01 -3.518510e+00  1.200000e+01
     vertex -1.135948e+01 -3.518510e+00  3.000000e+00
   endloop
 endfacet
 facet normal -1.163452e-01  9.932088e-01  0.000000e+00
   outer loop
     vertex -1.145486e+01 -3.529682e+00  1.200000e+01
     vertex -1.135948e+01 -3.518510e+00  3.000000e+00
     vertex -1.145486e+01 -3.529682e+00  3.000000e+00
   endloop
 endfacet
 facet normal -1.435492e-01  9.896432e-01  0.000000e+00
   outer loop
     vertex -1.154989e+01 -3.543467e+00  1.200000e+01
     vertex -1.145486e+01 -3.529682e+00  1.200000e+01
     vertex -1.145486e+01 -3.529682e+00  3.000000e+00
   endloop
 endfacet
 facet normal -1.435492e-01  9.896432e-01  0.000000e+00
   outer loop
     vertex -1.154989e+01 -3.543467e+00  1.200000e+01
     vertex -1.145486e+01 -3.529682e+00  3.000000e+00
     vertex -1.154989e+01 -3.543467e+00  3.000000e+00
   endloop
 endfacet
 facet normal -1.706451e-01  9.853326e-01  0.000000e+00
   outer loop
     vertex -1.164451e+01 -3.559854e+00  1.200000e+01
     vertex -1.154989e+01 -3.543467e+00  1.200000e+01
     vertex -1.154989e+01 -3.543467e+00  3.000000e+00
   endloop
 endfacet
 facet normal -1.706451e-01  9.853326e-01  0.000000e+00
   outer loop
     vertex -1.164451e+01 -3.559854e+00  1.200000e+01
     vertex -1.154989e+01 -3.543467e+00  3.000000e+00
     vertex -1.164451e+01 -3.559854e+00  3.000000e+00
   endloop
 endfacet
 facet normal -1.976125e-01  9.802802e-01  0.000000e+00
   outer loop
     vertex -1.164451e+01 -3.559854e+00  1.200000e+01
     vertex -1.164451e+01 -3.559854e+00  3.000000e+00
     vertex -1.173865e+01 -3.578830e+00  3.000000e+00
   endloop
 endfacet
 facet normal -1.976125e-01  9.802802e-01  0.000000e+00
   outer loop
     vertex -1.173865e+01 -3.578830e+00  1.200000e+01
     vertex -1.164451e+01 -3.559854e+00  1.200000e+01
     vertex -1.173865e+01 -3.578830e+00  3.000000e+00
   endloop
 endfacet
 facet normal -2.244312e-01  9.744899e-01  0.000000e+00
   outer loop
     vertex -1.173865e+01 -3.578830e+00  1.200000e+01
     vertex -1.173865e+01 -3.578830e+00  3.000000e+00
     vertex -1.183222e+01 -3.600382e+00  3.000000e+00
   endloop
 endfacet
 facet normal -2.244312e-01  9.744899e-01  0.000000e+00
   outer loop
     vertex -1.183222e+01 -3.600382e+00  1.200000e+01
     vertex -1.173865e+01 -3.578830e+00  1.200000e+01
     vertex -1.183222e+01 -3.600382e+00  3.000000e+00
   endloop
 endfacet
 facet normal -2.510809e-01  9.679661e-01  0.000000e+00
   outer loop
     vertex -1.192518e+01 -3.624493e+00  1.200000e+01
     vertex -1.183222e+01 -3.600382e+00  1.200000e+01
     vertex -1.183222e+01 -3.600382e+00  3.000000e+00
   endloop
 endfacet
 facet normal -2.510809e-01  9.679661e-01  0.000000e+00
   outer loop
     vertex -1.192518e+01 -3.624493e+00  1.200000e+01
     vertex -1.183222e+01 -3.600382e+00  3.000000e+00
     vertex -1.192518e+01 -3.624493e+00  3.000000e+00
   endloop
 endfacet
 facet normal -2.775416e-01  9.607136e-01  0.000000e+00
   outer loop
     vertex -1.192518e+01 -3.624493e+00  1.200000e+01
     vertex -1.192518e+01 -3.624493e+00  3.000000e+00
     vertex -1.201743e+01 -3.651145e+00  3.000000e+00
   endloop
 endfacet
 facet normal -2.775416e-01  9.607136e-01  0.000000e+00
   outer loop
     vertex -1.201743e+01 -3.651145e+00  1.200000e+01
     vertex -1.192518e+01 -3.624493e+00  1.200000e+01
     vertex -1.201743e+01 -3.651145e+00  3.000000e+00
   endloop
 endfacet
 facet normal -3.037934e-01  9.527379e-01  0.000000e+00
   outer loop
     vertex -1.201743e+01 -3.651145e+00  1.200000e+01
     vertex -1.201743e+01 -3.651145e+00  3.000000e+00
     vertex -1.210892e+01 -3.680317e+00  3.000000e+00
   endloop
 endfacet
 facet normal -3.037934e-01  9.527379e-01  0.000000e+00
   outer loop
     vertex -1.210892e+01 -3.680317e+00  1.200000e+01
     vertex -1.201743e+01 -3.651145e+00  1.200000e+01
     vertex -1.210892e+01 -3.680317e+00  3.000000e+00
   endloop
 endfacet
 facet normal -3.298166e-01  9.440450e-01  0.000000e+00
   outer loop
     vertex -1.219958e+01 -3.711989e+00  1.200000e+01
     vertex -1.210892e+01 -3.680317e+00  1.200000e+01
     vertex -1.210892e+01 -3.680317e+00  3.000000e+00
   endloop
 endfacet
 facet normal -3.298166e-01  9.440450e-01  0.000000e+00
   outer loop
     vertex -1.219958e+01 -3.711989e+00  1.200000e+01
     vertex -1.210892e+01 -3.680317e+00  3.000000e+00
     vertex -1.219958e+01 -3.711989e+00  3.000000e+00
   endloop
 endfacet
 facet normal -3.555914e-01  9.346415e-01  0.000000e+00
   outer loop
     vertex -1.228933e+01 -3.746136e+00  1.200000e+01
     vertex -1.219958e+01 -3.711989e+00  1.200000e+01
     vertex -1.219958e+01 -3.711989e+00  3.000000e+00
   endloop
 endfacet
 facet normal -3.555914e-01  9.346415e-01  0.000000e+00
   outer loop
     vertex -1.228933e+01 -3.746136e+00  1.200000e+01
     vertex -1.219958e+01 -3.711989e+00  3.000000e+00
     vertex -1.228933e+01 -3.746136e+00  3.000000e+00
   endloop
 endfacet
 facet normal -3.810986e-01  9.245344e-01  0.000000e+00
   outer loop
     vertex -1.228933e+01 -3.746136e+00  1.200000e+01
     vertex -1.228933e+01 -3.746136e+00  3.000000e+00
     vertex -1.237811e+01 -3.782732e+00  3.000000e+00
   endloop
 endfacet
 facet normal -4.063188e-01  9.137314e-01  0.000000e+00
   outer loop
     vertex -1.237811e+01 -3.782732e+00  1.200000e+01
     vertex -1.237811e+01 -3.782732e+00  3.000000e+00
     vertex -1.246585e+01 -3.821750e+00  3.000000e+00
   endloop
 endfacet
 facet normal -3.810986e-01  9.245344e-01  0.000000e+00
   outer loop
     vertex -1.237811e+01 -3.782732e+00  1.200000e+01
     vertex -1.228933e+01 -3.746136e+00  1.200000e+01
     vertex -1.237811e+01 -3.782732e+00  3.000000e+00
   endloop
 endfacet
 facet normal -4.063188e-01  9.137314e-01  0.000000e+00
   outer loop
     vertex -1.246585e+01 -3.821750e+00  1.200000e+01
     vertex -1.237811e+01 -3.782732e+00  1.200000e+01
     vertex -1.246585e+01 -3.821750e+00  3.000000e+00
   endloop
 endfacet
 facet normal -4.312333e-01  9.022405e-01  0.000000e+00
   outer loop
     vertex -1.255249e+01 -3.863161e+00  1.200000e+01
     vertex -1.246585e+01 -3.821750e+00  3.000000e+00
     vertex -1.255249e+01 -3.863161e+00  3.000000e+00
   endloop
 endfacet
 facet normal -4.558231e-01  8.900704e-01  0.000000e+00
   outer loop
     vertex -1.255249e+01 -3.863161e+00  1.200000e+01
     vertex -1.255249e+01 -3.863161e+00  3.000000e+00
     vertex -1.263797e+01 -3.906933e+00  3.000000e+00
   endloop
 endfacet
 facet normal -4.312333e-01  9.022405e-01  0.000000e+00
   outer loop
     vertex -1.255249e+01 -3.863161e+00  1.200000e+01
     vertex -1.246585e+01 -3.821750e+00  1.200000e+01
     vertex -1.246585e+01 -3.821750e+00  3.000000e+00
   endloop
 endfacet
 facet normal -4.558231e-01  8.900704e-01  0.000000e+00
   outer loop
     vertex -1.263797e+01 -3.906933e+00  1.200000e+01
     vertex -1.255249e+01 -3.863161e+00  1.200000e+01
     vertex -1.263797e+01 -3.906933e+00  3.000000e+00
   endloop
 endfacet
 facet normal -4.800697e-01  8.772303e-01  0.000000e+00
   outer loop
     vertex -1.272221e+01 -3.953033e+00  1.200000e+01
     vertex -1.263797e+01 -3.906933e+00  3.000000e+00
     vertex -1.272221e+01 -3.953033e+00  3.000000e+00
   endloop
 endfacet
 facet normal -4.800697e-01  8.772303e-01  0.000000e+00
   outer loop
     vertex -1.272221e+01 -3.953033e+00  1.200000e+01
     vertex -1.263797e+01 -3.906933e+00  1.200000e+01
     vertex -1.263797e+01 -3.906933e+00  3.000000e+00
   endloop
 endfacet
 facet normal -5.039550e-01  8.637299e-01  0.000000e+00
   outer loop
     vertex -1.280515e+01 -4.001427e+00  1.200000e+01
     vertex -1.272221e+01 -3.953033e+00  3.000000e+00
     vertex -1.280515e+01 -4.001427e+00  3.000000e+00
   endloop
 endfacet
 facet normal -5.039550e-01  8.637299e-01  0.000000e+00
   outer loop
     vertex -1.280515e+01 -4.001427e+00  1.200000e+01
     vertex -1.272221e+01 -3.953033e+00  1.200000e+01
     vertex -1.272221e+01 -3.953033e+00  3.000000e+00
   endloop
 endfacet
 facet normal -5.274609e-01  8.495793e-01  0.000000e+00
   outer loop
     vertex -1.288673e+01 -4.052078e+00  1.200000e+01
     vertex -1.280515e+01 -4.001427e+00  3.000000e+00
     vertex -1.288673e+01 -4.052078e+00  3.000000e+00
   endloop
 endfacet
 facet normal -5.274609e-01  8.495793e-01  0.000000e+00
   outer loop
     vertex -1.288673e+01 -4.052078e+00  1.200000e+01
     vertex -1.280515e+01 -4.001427e+00  1.200000e+01
     vertex -1.280515e+01 -4.001427e+00  3.000000e+00
   endloop
 endfacet
 facet normal -5.505698e-01  8.347891e-01  0.000000e+00
   outer loop
     vertex -1.296689e+01 -4.104948e+00  1.200000e+01
     vertex -1.288673e+01 -4.052078e+00  3.000000e+00
     vertex -1.296689e+01 -4.104948e+00  3.000000e+00
   endloop
 endfacet
 facet normal -5.505698e-01  8.347891e-01  0.000000e+00
   outer loop
     vertex -1.296689e+01 -4.104948e+00  1.200000e+01
     vertex -1.288673e+01 -4.052078e+00  1.200000e+01
     vertex -1.288673e+01 -4.052078e+00  3.000000e+00
   endloop
 endfacet
 facet normal -5.732642e-01  8.193706e-01  0.000000e+00
   outer loop
     vertex -1.304558e+01 -4.159998e+00  1.200000e+01
     vertex -1.296689e+01 -4.104948e+00  3.000000e+00
     vertex -1.304558e+01 -4.159998e+00  3.000000e+00
   endloop
 endfacet
 facet normal -5.732642e-01  8.193706e-01  0.000000e+00
   outer loop
     vertex -1.304558e+01 -4.159998e+00  1.200000e+01
     vertex -1.296689e+01 -4.104948e+00  1.200000e+01
     vertex -1.296689e+01 -4.104948e+00  3.000000e+00
   endloop
 endfacet
 facet normal -5.955271e-01  8.033352e-01  0.000000e+00
   outer loop
     vertex -1.312272e+01 -4.217185e+00  1.200000e+01
     vertex -1.304558e+01 -4.159998e+00  3.000000e+00
     vertex -1.312272e+01 -4.217185e+00  3.000000e+00
   endloop
 endfacet
 facet normal -5.955271e-01  8.033352e-01  0.000000e+00
   outer loop
     vertex -1.312272e+01 -4.217185e+00  1.200000e+01
     vertex -1.304558e+01 -4.159998e+00  1.200000e+01
     vertex -1.304558e+01 -4.159998e+00  3.000000e+00
   endloop
 endfacet
 facet normal -6.173417e-01  7.866951e-01  0.000000e+00
   outer loop
     vertex -1.319827e+01 -4.276467e+00  1.200000e+01
     vertex -1.312272e+01 -4.217185e+00  3.000000e+00
     vertex -1.319827e+01 -4.276467e+00  3.000000e+00
   endloop
 endfacet
 facet normal -6.173417e-01  7.866951e-01  0.000000e+00
   outer loop
     vertex -1.319827e+01 -4.276467e+00  1.200000e+01
     vertex -1.312272e+01 -4.217185e+00  1.200000e+01
     vertex -1.312272e+01 -4.217185e+00  3.000000e+00
   endloop
 endfacet
 facet normal -6.386916e-01  7.694628e-01  0.000000e+00
   outer loop
     vertex -1.327216e+01 -4.337800e+00  1.200000e+01
     vertex -1.319827e+01 -4.276467e+00  3.000000e+00
     vertex -1.327216e+01 -4.337800e+00  3.000000e+00
   endloop
 endfacet
 facet normal -6.595607e-01  7.516513e-01  0.000000e+00
   outer loop
     vertex -1.327216e+01 -4.337800e+00  1.200000e+01
     vertex -1.327216e+01 -4.337800e+00  3.000000e+00
     vertex -1.334433e+01 -4.401136e+00  3.000000e+00
   endloop
 endfacet
 facet normal -6.386916e-01  7.694628e-01  0.000000e+00
   outer loop
     vertex -1.327216e+01 -4.337800e+00  1.200000e+01
     vertex -1.319827e+01 -4.276467e+00  1.200000e+01
     vertex -1.319827e+01 -4.276467e+00  3.000000e+00
   endloop
 endfacet
 facet normal -6.799333e-01  7.332740e-01  0.000000e+00
   outer loop
     vertex -1.334433e+01 -4.401136e+00  1.200000e+01
     vertex -1.334433e+01 -4.401136e+00  3.000000e+00
     vertex -1.341475e+01 -4.466429e+00  3.000000e+00
   endloop
 endfacet
 facet normal -6.595607e-01  7.516513e-01  0.000000e+00
   outer loop
     vertex -1.334433e+01 -4.401136e+00  1.200000e+01
     vertex -1.327216e+01 -4.337800e+00  1.200000e+01
     vertex -1.334433e+01 -4.401136e+00  3.000000e+00
   endloop
 endfacet
 facet normal -6.799333e-01  7.332740e-01  0.000000e+00
   outer loop
     vertex -1.341475e+01 -4.466429e+00  1.200000e+01
     vertex -1.334433e+01 -4.401136e+00  1.200000e+01
     vertex -1.341475e+01 -4.466429e+00  3.000000e+00
   endloop
 endfacet
 facet normal -6.997940e-01  7.143447e-01  0.000000e+00
   outer loop
     vertex -1.348335e+01 -4.533629e+00  1.200000e+01
     vertex -1.341475e+01 -4.466429e+00  3.000000e+00
     vertex -1.348335e+01 -4.533629e+00  3.000000e+00
   endloop
 endfacet
 facet normal -7.191280e-01  6.948776e-01  0.000000e+00
   outer loop
     vertex -1.348335e+01 -4.533629e+00  1.200000e+01
     vertex -1.348335e+01 -4.533629e+00  3.000000e+00
     vertex -1.355008e+01 -4.602685e+00  3.000000e+00
   endloop
 endfacet
 facet normal -6.997940e-01  7.143447e-01  0.000000e+00
   outer loop
     vertex -1.348335e+01 -4.533629e+00  1.200000e+01
     vertex -1.341475e+01 -4.466429e+00  1.200000e+01
     vertex -1.341475e+01 -4.466429e+00  3.000000e+00
   endloop
 endfacet
 facet normal -7.191280e-01  6.948776e-01  0.000000e+00
   outer loop
     vertex -1.355008e+01 -4.602685e+00  1.200000e+01
     vertex -1.348335e+01 -4.533629e+00  1.200000e+01
     vertex -1.355008e+01 -4.602685e+00  3.000000e+00
   endloop
 endfacet
 facet normal -7.379206e-01  6.748875e-01  0.000000e+00
   outer loop
     vertex -1.355008e+01 -4.602685e+00  1.200000e+01
     vertex -1.355008e+01 -4.602685e+00  3.000000e+00
     vertex -1.361488e+01 -4.673547e+00  3.000000e+00
   endloop
 endfacet
 facet normal -7.379206e-01  6.748875e-01  0.000000e+00
   outer loop
     vertex -1.361488e+01 -4.673547e+00  1.200000e+01
     vertex -1.355008e+01 -4.602685e+00  1.200000e+01
     vertex -1.361488e+01 -4.673547e+00  3.000000e+00
   endloop
 endfacet
 facet normal -7.561578e-01  6.543893e-01  0.000000e+00
   outer loop
     vertex -1.361488e+01 -4.673547e+00  1.200000e+01
     vertex -1.361488e+01 -4.673547e+00  3.000000e+00
     vertex -1.367772e+01 -4.746159e+00  3.000000e+00
   endloop
 endfacet
 facet normal -7.561578e-01  6.543893e-01  0.000000e+00
   outer loop
     vertex -1.367772e+01 -4.746159e+00  1.200000e+01
     vertex -1.361488e+01 -4.673547e+00  1.200000e+01
     vertex -1.367772e+01 -4.746159e+00  3.000000e+00
   endloop
 endfacet
 facet normal -7.738257e-01  6.333986e-01  0.000000e+00
   outer loop
     vertex -1.373855e+01 -4.820468e+00  1.200000e+01
     vertex -1.367772e+01 -4.746159e+00  3.000000e+00
     vertex -1.373855e+01 -4.820468e+00  3.000000e+00
   endloop
 endfacet
 facet normal -7.738257e-01  6.333986e-01  0.000000e+00
   outer loop
     vertex -1.373855e+01 -4.820468e+00  1.200000e+01
     vertex -1.367772e+01 -4.746159e+00  1.200000e+01
     vertex -1.367772e+01 -4.746159e+00  3.000000e+00
   endloop
 endfacet
 facet normal -7.909112e-01  6.119310e-01  0.000000e+00
   outer loop
     vertex -1.379731e+01 -4.896418e+00  1.200000e+01
     vertex -1.373855e+01 -4.820468e+00  3.000000e+00
     vertex -1.379731e+01 -4.896418e+00  3.000000e+00
   endloop
 endfacet
 facet normal -7.909112e-01  6.119310e-01  0.000000e+00
   outer loop
     vertex -1.379731e+01 -4.896418e+00  1.200000e+01
     vertex -1.373855e+01 -4.820468e+00  1.200000e+01
     vertex -1.373855e+01 -4.820468e+00  3.000000e+00
   endloop
 endfacet
 facet normal -8.074012e-01  5.900028e-01  0.000000e+00
   outer loop
     vertex -1.385397e+01 -4.973951e+00  1.200000e+01
     vertex -1.379731e+01 -4.896418e+00  3.000000e+00
     vertex -1.385397e+01 -4.973951e+00  3.000000e+00
   endloop
 endfacet
 facet normal -8.232835e-01  5.676304e-01  0.000000e+00
   outer loop
     vertex -1.385397e+01 -4.973951e+00  1.200000e+01
     vertex -1.385397e+01 -4.973951e+00  3.000000e+00
     vertex -1.390848e+01 -5.053010e+00  3.000000e+00
   endloop
 endfacet
 facet normal -8.074012e-01  5.900028e-01  0.000000e+00
   outer loop
     vertex -1.385397e+01 -4.973951e+00  1.200000e+01
     vertex -1.379731e+01 -4.896418e+00  1.200000e+01
     vertex -1.379731e+01 -4.896418e+00  3.000000e+00
   endloop
 endfacet
 facet normal -8.232835e-01  5.676304e-01  0.000000e+00
   outer loop
     vertex -1.390848e+01 -5.053010e+00  1.200000e+01
     vertex -1.385397e+01 -4.973951e+00  1.200000e+01
     vertex -1.390848e+01 -5.053010e+00  3.000000e+00
   endloop
 endfacet
 facet normal -8.385460e-01  5.448308e-01  0.000000e+00
   outer loop
     vertex -1.396079e+01 -5.133534e+00  1.200000e+01
     vertex -1.390848e+01 -5.053010e+00  1.200000e+01
     vertex -1.390848e+01 -5.053010e+00  3.000000e+00
   endloop
 endfacet
 facet normal -8.385460e-01  5.448308e-01  0.000000e+00
   outer loop
     vertex -1.396079e+01 -5.133534e+00  1.200000e+01
     vertex -1.390848e+01 -5.053010e+00  3.000000e+00
     vertex -1.396079e+01 -5.133534e+00  3.000000e+00
   endloop
 endfacet
 facet normal -8.531773e-01  5.216210e-01  0.000000e+00
   outer loop
     vertex -1.401088e+01 -5.215463e+00  1.200000e+01
     vertex -1.396079e+01 -5.133534e+00  3.000000e+00
     vertex -1.401088e+01 -5.215463e+00  3.000000e+00
   endloop
 endfacet
 facet normal -8.531773e-01  5.216210e-01  0.000000e+00
   outer loop
     vertex -1.401088e+01 -5.215463e+00  1.200000e+01
     vertex -1.396079e+01 -5.133534e+00  1.200000e+01
     vertex -1.396079e+01 -5.133534e+00  3.000000e+00
   endloop
 endfacet
 facet normal -8.671664e-01  4.980186e-01  0.000000e+00
   outer loop
     vertex -1.405871e+01 -5.298735e+00  1.200000e+01
     vertex -1.401088e+01 -5.215463e+00  3.000000e+00
     vertex -1.405871e+01 -5.298735e+00  3.000000e+00
   endloop
 endfacet
 facet normal -8.805026e-01  4.740412e-01  0.000000e+00
   outer loop
     vertex -1.405871e+01 -5.298735e+00  1.200000e+01
     vertex -1.405871e+01 -5.298735e+00  3.000000e+00
     vertex -1.410423e+01 -5.383288e+00  3.000000e+00
   endloop
 endfacet
 facet normal -8.671664e-01  4.980186e-01  0.000000e+00
   outer loop
     vertex -1.405871e+01 -5.298735e+00  1.200000e+01
     vertex -1.401088e+01 -5.215463e+00  1.200000e+01
     vertex -1.401088e+01 -5.215463e+00  3.000000e+00
   endloop
 endfacet
 facet normal -8.931761e-01  4.497071e-01  0.000000e+00
   outer loop
     vertex -1.410423e+01 -5.383288e+00  1.200000e+01
     vertex -1.410423e+01 -5.383288e+00  3.000000e+00
     vertex -1.414741e+01 -5.469058e+00  3.000000e+00
   endloop
 endfacet
 facet normal -8.805026e-01  4.740412e-01  0.000000e+00
   outer loop
     vertex -1.410423e+01 -5.383288e+00  1.200000e+01
     vertex -1.405871e+01 -5.298735e+00  1.200000e+01
     vertex -1.410423e+01 -5.383288e+00  3.000000e+00
   endloop
 endfacet
 facet normal -8.931761e-01  4.497071e-01  0.000000e+00
   outer loop
     vertex -1.414741e+01 -5.469058e+00  1.200000e+01
     vertex -1.410423e+01 -5.383288e+00  1.200000e+01
     vertex -1.414741e+01 -5.469058e+00  3.000000e+00
   endloop
 endfacet
 facet normal -9.051772e-01  4.250344e-01  0.000000e+00
   outer loop
     vertex -1.418823e+01 -5.555981e+00  1.200000e+01
     vertex -1.414741e+01 -5.469058e+00  3.000000e+00
     vertex -1.418823e+01 -5.555981e+00  3.000000e+00
   endloop
 endfacet
 facet normal -9.164969e-01  4.000417e-01  0.000000e+00
   outer loop
     vertex -1.418823e+01 -5.555981e+00  1.200000e+01
     vertex -1.418823e+01 -5.555981e+00  3.000000e+00
     vertex -1.422665e+01 -5.643991e+00  3.000000e+00
   endloop
 endfacet
 facet normal -9.051772e-01  4.250344e-01  0.000000e+00
   outer loop
     vertex -1.418823e+01 -5.555981e+00  1.200000e+01
     vertex -1.414741e+01 -5.469058e+00  1.200000e+01
     vertex -1.414741e+01 -5.469058e+00  3.000000e+00
   endloop
 endfacet
 facet normal -9.164969e-01  4.000417e-01  0.000000e+00
   outer loop
     vertex -1.422665e+01 -5.643991e+00  1.200000e+01
     vertex -1.418823e+01 -5.555981e+00  1.200000e+01
     vertex -1.422665e+01 -5.643991e+00  3.000000e+00
   endloop
 endfacet
 facet normal -9.271267e-01  3.747479e-01  0.000000e+00
   outer loop
     vertex -1.426263e+01 -5.733021e+00  1.200000e+01
     vertex -1.422665e+01 -5.643991e+00  3.000000e+00
     vertex -1.426263e+01 -5.733021e+00  3.000000e+00
   endloop
 endfacet
 facet normal -9.271267e-01  3.747479e-01  0.000000e+00
   outer loop
     vertex -1.426263e+01 -5.733021e+00  1.200000e+01
     vertex -1.422665e+01 -5.643991e+00  1.200000e+01
     vertex -1.422665e+01 -5.643991e+00  3.000000e+00
   endloop
 endfacet
 facet normal -9.370586e-01  3.491720e-01  0.000000e+00
   outer loop
     vertex -1.429616e+01 -5.823005e+00  1.200000e+01
     vertex -1.426263e+01 -5.733021e+00  3.000000e+00
     vertex -1.429616e+01 -5.823005e+00  3.000000e+00
   endloop
 endfacet
 facet normal -9.462851e-01  3.233333e-01  0.000000e+00
   outer loop
     vertex -1.429616e+01 -5.823005e+00  1.200000e+01
     vertex -1.429616e+01 -5.823005e+00  3.000000e+00
     vertex -1.432721e+01 -5.913875e+00  3.000000e+00
   endloop
 endfacet
 facet normal -9.370586e-01  3.491720e-01  0.000000e+00
   outer loop
     vertex -1.429616e+01 -5.823005e+00  1.200000e+01
     vertex -1.426263e+01 -5.733021e+00  1.200000e+01
     vertex -1.426263e+01 -5.733021e+00  3.000000e+00
   endloop
 endfacet
 facet normal -9.462851e-01  3.233333e-01  0.000000e+00
   outer loop
     vertex -1.432721e+01 -5.913875e+00  1.200000e+01
     vertex -1.429616e+01 -5.823005e+00  1.200000e+01
     vertex -1.432721e+01 -5.913875e+00  3.000000e+00
   endloop
 endfacet
 facet normal -9.547993e-01  2.972512e-01  0.000000e+00
   outer loop
     vertex -1.435576e+01 -6.005563e+00  1.200000e+01
     vertex -1.432721e+01 -5.913875e+00  3.000000e+00
     vertex -1.435576e+01 -6.005563e+00  3.000000e+00
   endloop
 endfacet
 facet normal -9.547993e-01  2.972512e-01  0.000000e+00
   outer loop
     vertex -1.435576e+01 -6.005563e+00  1.200000e+01
     vertex -1.432721e+01 -5.913875e+00  1.200000e+01
     vertex -1.432721e+01 -5.913875e+00  3.000000e+00
   endloop
 endfacet
 facet normal -9.625948e-01  2.709453e-01  0.000000e+00
   outer loop
     vertex -1.438177e+01 -6.097999e+00  1.200000e+01
     vertex -1.435576e+01 -6.005563e+00  3.000000e+00
     vertex -1.438177e+01 -6.097999e+00  3.000000e+00
   endloop
 endfacet
 facet normal -9.696656e-01  2.444354e-01  0.000000e+00
   outer loop
     vertex -1.438177e+01 -6.097999e+00  1.200000e+01
     vertex -1.438177e+01 -6.097999e+00  3.000000e+00
     vertex -1.440525e+01 -6.191114e+00  3.000000e+00
   endloop
 endfacet
 facet normal -9.625948e-01  2.709453e-01  0.000000e+00
   outer loop
     vertex -1.438177e+01 -6.097999e+00  1.200000e+01
     vertex -1.435576e+01 -6.005563e+00  1.200000e+01
     vertex -1.435576e+01 -6.005563e+00  3.000000e+00
   endloop
 endfacet
 facet normal -9.696656e-01  2.444354e-01  0.000000e+00
   outer loop
     vertex -1.440525e+01 -6.191114e+00  1.200000e+01
     vertex -1.438177e+01 -6.097999e+00  1.200000e+01
     vertex -1.440525e+01 -6.191114e+00  3.000000e+00
   endloop
 endfacet
 facet normal -9.760065e-01  2.177416e-01  0.000000e+00
   outer loop
     vertex -1.442616e+01 -6.284838e+00  1.200000e+01
     vertex -1.440525e+01 -6.191114e+00  3.000000e+00
     vertex -1.442616e+01 -6.284838e+00  3.000000e+00
   endloop
 endfacet
 facet normal -9.760065e-01  2.177416e-01  0.000000e+00
   outer loop
     vertex -1.442616e+01 -6.284838e+00  1.200000e+01
     vertex -1.440525e+01 -6.191114e+00  1.200000e+01
     vertex -1.440525e+01 -6.191114e+00  3.000000e+00
   endloop
 endfacet
 facet normal -9.816126e-01  1.908838e-01  0.000000e+00
   outer loop
     vertex -1.444449e+01 -6.379101e+00  1.200000e+01
     vertex -1.442616e+01 -6.284838e+00  3.000000e+00
     vertex -1.444449e+01 -6.379101e+00  3.000000e+00
   endloop
 endfacet
 facet normal -9.816126e-01  1.908838e-01  0.000000e+00
   outer loop
     vertex -1.444449e+01 -6.379101e+00  1.200000e+01
     vertex -1.442616e+01 -6.284838e+00  1.200000e+01
     vertex -1.442616e+01 -6.284838e+00  3.000000e+00
   endloop
 endfacet
 facet normal -9.864799e-01  1.638824e-01  0.000000e+00
   outer loop
     vertex -1.446022e+01 -6.473831e+00  1.200000e+01
     vertex -1.444449e+01 -6.379101e+00  3.000000e+00
     vertex -1.446022e+01 -6.473831e+00  3.000000e+00
   endloop
 endfacet
 facet normal -9.864799e-01  1.638824e-01  0.000000e+00
   outer loop
     vertex -1.446022e+01 -6.473831e+00  1.200000e+01
     vertex -1.444449e+01 -6.379101e+00  1.200000e+01
     vertex -1.444449e+01 -6.379101e+00  3.000000e+00
   endloop
 endfacet
 facet normal -9.906046e-01  1.367575e-01  0.000000e+00
   outer loop
     vertex -1.447336e+01 -6.568957e+00  1.200000e+01
     vertex -1.446022e+01 -6.473831e+00  3.000000e+00
     vertex -1.447336e+01 -6.568957e+00  3.000000e+00
   endloop
 endfacet
 facet normal -9.906046e-01  1.367575e-01  0.000000e+00
   outer loop
     vertex -1.447336e+01 -6.568957e+00  1.200000e+01
     vertex -1.446022e+01 -6.473831e+00  1.200000e+01
     vertex -1.446022e+01 -6.473831e+00  3.000000e+00
   endloop
 endfacet
 facet normal -9.939835e-01  1.095298e-01  0.000000e+00
   outer loop
     vertex -1.448387e+01 -6.664407e+00  1.200000e+01
     vertex -1.447336e+01 -6.568957e+00  1.200000e+01
     vertex -1.447336e+01 -6.568957e+00  3.000000e+00
   endloop
 endfacet
 facet normal -9.939835e-01  1.095298e-01  0.000000e+00
   outer loop
     vertex -1.448387e+01 -6.664407e+00  1.200000e+01
     vertex -1.447336e+01 -6.568957e+00  3.000000e+00
     vertex -1.448387e+01 -6.664407e+00  3.000000e+00
   endloop
 endfacet
 facet normal -9.966142e-01  8.221955e-02  0.000000e+00
   outer loop
     vertex -1.448387e+01 -6.664407e+00  1.200000e+01
     vertex -1.448387e+01 -6.664407e+00  3.000000e+00
     vertex -1.449177e+01 -6.760110e+00  3.000000e+00
   endloop
 endfacet
 facet normal -9.966142e-01  8.221955e-02  0.000000e+00
   outer loop
     vertex -1.449177e+01 -6.760110e+00  1.200000e+01
     vertex -1.448387e+01 -6.664407e+00  1.200000e+01
     vertex -1.449177e+01 -6.760110e+00  3.000000e+00
   endloop
 endfacet
 facet normal -9.984947e-01  5.484744e-02  0.000000e+00
   outer loop
     vertex -1.449704e+01 -6.855994e+00  1.200000e+01
     vertex -1.449177e+01 -6.760110e+00  1.200000e+01
     vertex -1.449177e+01 -6.760110e+00  3.000000e+00
   endloop
 endfacet
 facet normal -9.984947e-01  5.484744e-02  0.000000e+00
   outer loop
     vertex -1.449704e+01 -6.855994e+00  1.200000e+01
     vertex -1.449177e+01 -6.760110e+00  3.000000e+00
     vertex -1.449704e+01 -6.855994e+00  3.000000e+00
   endloop
 endfacet
 facet normal -9.996236e-01  2.743405e-02  0.000000e+00
   outer loop
     vertex -1.449704e+01 -6.855994e+00  1.200000e+01
     vertex -1.449704e+01 -6.855994e+00  3.000000e+00
     vertex -1.449967e+01 -6.951986e+00  3.000000e+00
   endloop
 endfacet
 facet normal -9.996236e-01  2.743405e-02  0.000000e+00
   outer loop
     vertex -1.449967e+01 -6.951986e+00  1.200000e+01
     vertex -1.449704e+01 -6.855994e+00  1.200000e+01
     vertex -1.449967e+01 -6.951986e+00  3.000000e+00
   endloop
 endfacet
 facet normal -1.000000e+00  0.000000e+00  0.000000e+00
   outer loop
     vertex -1.449967e+01 -7.048014e+00  1.200000e+01
     vertex -1.449967e+01 -6.951986e+00  1.200000e+01
     vertex -1.449967e+01 -6.951986e+00  3.000000e+00
   endloop
 endfacet
 facet normal -1.000000e+00  0.000000e+00  0.000000e+00
   outer loop
     vertex -1.449967e+01 -7.048014e+00  1.200000e+01
     vertex -1.449967e+01 -6.951986e+00  3.000000e+00
     vertex -1.449967e+01 -7.048014e+00  3.000000e+00
   endloop
 endfacet
 facet normal -9.996236e-01 -2.743405e-02  0.000000e+00
   outer loop
     vertex -1.449704e+01 -7.144006e+00  1.200000e+01
     vertex -1.449967e+01 -7.048014e+00  1.200000e+01
     vertex -1.449967e+01 -7.048014e+00  3.000000e+00
   endloop
 endfacet
 facet normal -9.996236e-01 -2.743405e-02 -0.000000e+00
   outer loop
     vertex -1.449704e+01 -7.144006e+00  1.200000e+01
     vertex -1.449967e+01 -7.048014e+00  3.000000e+00
     vertex -1.449704e+01 -7.144006e+00  3.000000e+00
   endloop
 endfacet
 facet normal -9.984947e-01 -5.484744e-02  0.000000e+00
   outer loop
     vertex -1.449177e+01 -7.239890e+00  1.200000e+01
     vertex -1.449704e+01 -7.144006e+00  1.200000e+01
     vertex -1.449704e+01 -7.144006e+00  3.000000e+00
   endloop
 endfacet
 facet normal -9.984947e-01 -5.484744e-02 -0.000000e+00
   outer loop
     vertex -1.449177e+01 -7.239890e+00  1.200000e+01
     vertex -1.449704e+01 -7.144006e+00  3.000000e+00
     vertex -1.449177e+01 -7.239890e+00  3.000000e+00
   endloop
 endfacet
 facet normal -9.966142e-01 -8.221955e-02  0.000000e+00
   outer loop
     vertex -1.448387e+01 -7.335593e+00  1.200000e+01
     vertex -1.449177e+01 -7.239890e+00  1.200000e+01
     vertex -1.449177e+01 -7.239890e+00  3.000000e+00
   endloop
 endfacet
 facet normal -9.966142e-01 -8.221955e-02 -0.000000e+00
   outer loop
     vertex -1.448387e+01 -7.335593e+00  1.200000e+01
     vertex -1.449177e+01 -7.239890e+00  3.000000e+00
     vertex -1.448387e+01 -7.335593e+00  3.000000e+00
   endloop
 endfacet
 facet normal -9.939835e-01 -1.095298e-01  0.000000e+00
   outer loop
     vertex -1.447336e+01 -7.431043e+00  1.200000e+01
     vertex -1.448387e+01 -7.335593e+00  1.200000e+01
     vertex -1.448387e+01 -7.335593e+00  3.000000e+00
   endloop
 endfacet
 facet normal -9.939835e-01 -1.095298e-01 -0.000000e+00
   outer loop
     vertex -1.447336e+01 -7.431043e+00  1.200000e+01
     vertex -1.448387e+01 -7.335593e+00  3.000000e+00
     vertex -1.447336e+01 -7.431043e+00  3.000000e+00
   endloop
 endfacet
 facet normal -9.906046e-01 -1.367575e-01  0.000000e+00
   outer loop
     vertex -1.446022e+01 -7.526169e+00  1.200000e+01
     vertex -1.447336e+01 -7.431043e+00  1.200000e+01
     vertex -1.447336e+01 -7.431043e+00  3.000000e+00
   endloop
 endfacet
 facet normal -9.906046e-01 -1.367575e-01 -0.000000e+00
   outer loop
     vertex -1.446022e+01 -7.526169e+00  1.200000e+01
     vertex -1.447336e+01 -7.431043e+00  3.000000e+00
     vertex -1.446022e+01 -7.526169e+00  3.000000e+00
   endloop
 endfacet
 facet normal -9.864799e-01 -1.638824e-01  0.000000e+00
   outer loop
     vertex -1.444449e+01 -7.620899e+00  1.200000e+01
     vertex -1.446022e+01 -7.526169e+00  1.200000e+01
     vertex -1.446022e+01 -7.526169e+00  3.000000e+00
   endloop
 endfacet
 facet normal -9.864799e-01 -1.638824e-01 -0.000000e+00
   outer loop
     vertex -1.444449e+01 -7.620899e+00  1.200000e+01
     vertex -1.446022e+01 -7.526169e+00  3.000000e+00
     vertex -1.444449e+01 -7.620899e+00  3.000000e+00
   endloop
 endfacet
 facet normal -9.816126e-01 -1.908838e-01  0.000000e+00
   outer loop
     vertex -1.442616e+01 -7.715162e+00  1.200000e+01
     vertex -1.444449e+01 -7.620899e+00  1.200000e+01
     vertex -1.444449e+01 -7.620899e+00  3.000000e+00
   endloop
 endfacet
 facet normal -9.816126e-01 -1.908838e-01 -0.000000e+00
   outer loop
     vertex -1.442616e+01 -7.715162e+00  1.200000e+01
     vertex -1.444449e+01 -7.620899e+00  3.000000e+00
     vertex -1.442616e+01 -7.715162e+00  3.000000e+00
   endloop
 endfacet
 facet normal -9.760065e-01 -2.177416e-01 -0.000000e+00
   outer loop
     vertex -1.440525e+01 -7.808886e+00  1.200000e+01
     vertex -1.442616e+01 -7.715162e+00  3.000000e+00
     vertex -1.440525e+01 -7.808886e+00  3.000000e+00
   endloop
 endfacet
 facet normal -9.760065e-01 -2.177416e-01  0.000000e+00
   outer loop
     vertex -1.440525e+01 -7.808886e+00  1.200000e+01
     vertex -1.442616e+01 -7.715162e+00  1.200000e+01
     vertex -1.442616e+01 -7.715162e+00  3.000000e+00
   endloop
 endfacet
 facet normal -9.696656e-01 -2.444354e-01 -0.000000e+00
   outer loop
     vertex -1.438177e+01 -7.902001e+00  1.200000e+01
     vertex -1.440525e+01 -7.808886e+00  3.000000e+00
     vertex -1.438177e+01 -7.902001e+00  3.000000e+00
   endloop
 endfacet
 facet normal -9.696656e-01 -2.444354e-01  0.000000e+00
   outer loop
     vertex -1.438177e+01 -7.902001e+00  1.200000e+01
     vertex -1.440525e+01 -7.808886e+00  1.200000e+01
     vertex -1.440525e+01 -7.808886e+00  3.000000e+00
   endloop
 endfacet
 facet normal -9.625948e-01 -2.709453e-01 -0.000000e+00
   outer loop
     vertex -1.435576e+01 -7.994437e+00  1.200000e+01
     vertex -1.438177e+01 -7.902001e+00  3.000000e+00
     vertex -1.435576e+01 -7.994437e+00  3.000000e+00
   endloop
 endfacet
 facet normal -9.625948e-01 -2.709453e-01  0.000000e+00
   outer loop
     vertex -1.435576e+01 -7.994437e+00  1.200000e+01
     vertex -1.438177e+01 -7.902001e+00  1.200000e+01
     vertex -1.438177e+01 -7.902001e+00  3.000000e+00
   endloop
 endfacet
 facet normal -9.547993e-01 -2.972512e-01 -0.000000e+00
   outer loop
     vertex -1.432721e+01 -8.086125e+00  1.200000e+01
     vertex -1.435576e+01 -7.994437e+00  3.000000e+00
     vertex -1.432721e+01 -8.086125e+00  3.000000e+00
   endloop
 endfacet
 facet normal -9.462851e-01 -3.233333e-01 -0.000000e+00
   outer loop
     vertex -1.432721e+01 -8.086125e+00  1.200000e+01
     vertex -1.432721e+01 -8.086125e+00  3.000000e+00
     vertex -1.429616e+01 -8.176995e+00  3.000000e+00
   endloop
 endfacet
 facet normal -9.547993e-01 -2.972512e-01  0.000000e+00
   outer loop
     vertex -1.432721e+01 -8.086125e+00  1.200000e+01
     vertex -1.435576e+01 -7.994437e+00  1.200000e+01
     vertex -1.435576e+01 -7.994437e+00  3.000000e+00
   endloop
 endfacet
 facet normal -9.462851e-01 -3.233333e-01 -0.000000e+00
   outer loop
     vertex -1.429616e+01 -8.176995e+00  1.200000e+01
     vertex -1.432721e+01 -8.086125e+00  1.200000e+01
     vertex -1.429616e+01 -8.176995e+00  3.000000e+00
   endloop
 endfacet
 facet normal -9.370586e-01 -3.491720e-01 -0.000000e+00
   outer loop
     vertex -1.426263e+01 -8.266979e+00  1.200000e+01
     vertex -1.429616e+01 -8.176995e+00  3.000000e+00
     vertex -1.426263e+01 -8.266979e+00  3.000000e+00
   endloop
 endfacet
 facet normal -9.370586e-01 -3.491720e-01  0.000000e+00
   outer loop
     vertex -1.426263e+01 -8.266979e+00  1.200000e+01
     vertex -1.429616e+01 -8.176995e+00  1.200000e+01
     vertex -1.429616e+01 -8.176995e+00  3.000000e+00
   endloop
 endfacet
 facet normal -9.271267e-01 -3.747479e-01 -0.000000e+00
   outer loop
     vertex -1.422665e+01 -8.356009e+00  1.200000e+01
     vertex -1.426263e+01 -8.266979e+00  3.000000e+00
     vertex -1.422665e+01 -8.356009e+00  3.000000e+00
   endloop
 endfacet
 facet normal -9.271267e-01 -3.747479e-01  0.000000e+00
   outer loop
     vertex -1.422665e+01 -8.356009e+00  1.200000e+01
     vertex -1.426263e+01 -8.266979e+00  1.200000e+01
     vertex -1.426263e+01 -8.266979e+00  3.000000e+00
   endloop
 endfacet
 facet normal -9.164969e-01 -4.000417e-01 -0.000000e+00
   outer loop
     vertex -1.418823e+01 -8.444019e+00  1.200000e+01
     vertex -1.422665e+01 -8.356009e+00  3.000000e+00
     vertex -1.418823e+01 -8.444019e+00  3.000000e+00
   endloop
 endfacet
 facet normal -9.164969e-01 -4.000417e-01  0.000000e+00
   outer loop
     vertex -1.418823e+01 -8.444019e+00  1.200000e+01
     vertex -1.422665e+01 -8.356009e+00  1.200000e+01
     vertex -1.422665e+01 -8.356009e+00  3.000000e+00
   endloop
 endfacet
 facet normal -9.051772e-01 -4.250344e-01 -0.000000e+00
   outer loop
     vertex -1.414741e+01 -8.530942e+00  1.200000e+01
     vertex -1.418823e+01 -8.444019e+00  3.000000e+00
     vertex -1.414741e+01 -8.530942e+00  3.000000e+00
   endloop
 endfacet
 facet normal -9.051772e-01 -4.250344e-01  0.000000e+00
   outer loop
     vertex -1.414741e+01 -8.530942e+00  1.200000e+01
     vertex -1.418823e+01 -8.444019e+00  1.200000e+01
     vertex -1.418823e+01 -8.444019e+00  3.000000e+00
   endloop
 endfacet
 facet normal -8.931761e-01 -4.497071e-01 -0.000000e+00
   outer loop
     vertex -1.410423e+01 -8.616712e+00  1.200000e+01
     vertex -1.414741e+01 -8.530942e+00  3.000000e+00
     vertex -1.410423e+01 -8.616712e+00  3.000000e+00
   endloop
 endfacet
 facet normal -8.931761e-01 -4.497071e-01  0.000000e+00
   outer loop
     vertex -1.410423e+01 -8.616712e+00  1.200000e+01
     vertex -1.414741e+01 -8.530942e+00  1.200000e+01
     vertex -1.414741e+01 -8.530942e+00  3.000000e+00
   endloop
 endfacet
 facet normal -8.805026e-01 -4.740412e-01 -0.000000e+00
   outer loop
     vertex -1.405871e+01 -8.701265e+00  1.200000e+01
     vertex -1.410423e+01 -8.616712e+00  3.000000e+00
     vertex -1.405871e+01 -8.701265e+00  3.000000e+00
   endloop
 endfacet
 facet normal -8.671664e-01 -4.980186e-01 -0.000000e+00
   outer loop
     vertex -1.405871e+01 -8.701265e+00  1.200000e+01
     vertex -1.405871e+01 -8.701265e+00  3.000000e+00
     vertex -1.401088e+01 -8.784537e+00  3.000000e+00
   endloop
 endfacet
 facet normal -8.805026e-01 -4.740412e-01  0.000000e+00
   outer loop
     vertex -1.405871e+01 -8.701265e+00  1.200000e+01
     vertex -1.410423e+01 -8.616712e+00  1.200000e+01
     vertex -1.410423e+01 -8.616712e+00  3.000000e+00
   endloop
 endfacet
 facet normal -8.671664e-01 -4.980186e-01 -0.000000e+00
   outer loop
     vertex -1.401088e+01 -8.784537e+00  1.200000e+01
     vertex -1.405871e+01 -8.701265e+00  1.200000e+01
     vertex -1.401088e+01 -8.784537e+00  3.000000e+00
   endloop
 endfacet
 facet normal -8.531773e-01 -5.216210e-01 -0.000000e+00
   outer loop
     vertex -1.396079e+01 -8.866466e+00  1.200000e+01
     vertex -1.401088e+01 -8.784537e+00  3.000000e+00
     vertex -1.396079e+01 -8.866466e+00  3.000000e+00
   endloop
 endfacet
 facet normal -8.531773e-01 -5.216210e-01  0.000000e+00
   outer loop
     vertex -1.396079e+01 -8.866466e+00  1.200000e+01
     vertex -1.401088e+01 -8.784537e+00  1.200000e+01
     vertex -1.401088e+01 -8.784537e+00  3.000000e+00
   endloop
 endfacet
 facet normal -8.385460e-01 -5.448308e-01 -0.000000e+00
   outer loop
     vertex -1.390848e+01 -8.946990e+00  1.200000e+01
     vertex -1.396079e+01 -8.866466e+00  3.000000e+00
     vertex -1.390848e+01 -8.946990e+00  3.000000e+00
   endloop
 endfacet
 facet normal -8.385460e-01 -5.448308e-01  0.000000e+00
   outer loop
     vertex -1.390848e+01 -8.946990e+00  1.200000e+01
     vertex -1.396079e+01 -8.866466e+00  1.200000e+01
     vertex -1.396079e+01 -8.866466e+00  3.000000e+00
   endloop
 endfacet
 facet normal -8.232835e-01 -5.676304e-01  0.000000e+00
   outer loop
     vertex -1.385397e+01 -9.026049e+00  1.200000e+01
     vertex -1.390848e+01 -8.946990e+00  1.200000e+01
     vertex -1.390848e+01 -8.946990e+00  3.000000e+00
   endloop
 endfacet
 facet normal -8.232835e-01 -5.676304e-01 -0.000000e+00
   outer loop
     vertex -1.385397e+01 -9.026049e+00  1.200000e+01
     vertex -1.390848e+01 -8.946990e+00  3.000000e+00
     vertex -1.385397e+01 -9.026049e+00  3.000000e+00
   endloop
 endfacet
 facet normal -8.074012e-01 -5.900028e-01  0.000000e+00
   outer loop
     vertex -1.379731e+01 -9.103582e+00  1.200000e+01
     vertex -1.385397e+01 -9.026049e+00  1.200000e+01
     vertex -1.385397e+01 -9.026049e+00  3.000000e+00
   endloop
 endfacet
 facet normal -8.074012e-01 -5.900028e-01 -0.000000e+00
   outer loop
     vertex -1.379731e+01 -9.103582e+00  1.200000e+01
     vertex -1.385397e+01 -9.026049e+00  3.000000e+00
     vertex -1.379731e+01 -9.103582e+00  3.000000e+00
   endloop
 endfacet
 facet normal -7.909112e-01 -6.119310e-01  0.000000e+00
   outer loop
     vertex -1.373855e+01 -9.179532e+00  1.200000e+01
     vertex -1.379731e+01 -9.103582e+00  1.200000e+01
     vertex -1.379731e+01 -9.103582e+00  3.000000e+00
   endloop
 endfacet
 facet normal -7.909112e-01 -6.119310e-01 -0.000000e+00
   outer loop
     vertex -1.373855e+01 -9.179532e+00  1.200000e+01
     vertex -1.379731e+01 -9.103582e+00  3.000000e+00
     vertex -1.373855e+01 -9.179532e+00  3.000000e+00
   endloop
 endfacet
 facet normal -7.738257e-01 -6.333986e-01 -0.000000e+00
   outer loop
     vertex -1.373855e+01 -9.179532e+00  1.200000e+01
     vertex -1.373855e+01 -9.179532e+00  3.000000e+00
     vertex -1.367772e+01 -9.253841e+00  3.000000e+00
   endloop
 endfacet
 facet normal -7.738257e-01 -6.333986e-01 -0.000000e+00
   outer loop
     vertex -1.367772e+01 -9.253841e+00  1.200000e+01
     vertex -1.373855e+01 -9.179532e+00  1.200000e+01
     vertex -1.367772e+01 -9.253841e+00  3.000000e+00
   endloop
 endfacet
 facet normal -7.561578e-01 -6.543893e-01 -0.000000e+00
   outer loop
     vertex -1.367772e+01 -9.253841e+00  1.200000e+01
     vertex -1.367772e+01 -9.253841e+00  3.000000e+00
     vertex -1.361488e+01 -9.326453e+00  3.000000e+00
   endloop
 endfacet
 facet normal -7.561578e-01 -6.543893e-01 -0.000000e+00
   outer loop
     vertex -1.361488e+01 -9.326453e+00  1.200000e+01
     vertex -1.367772e+01 -9.253841e+00  1.200000e+01
     vertex -1.361488e+01 -9.326453e+00  3.000000e+00
   endloop
 endfacet
 facet normal -7.379206e-01 -6.748875e-01  0.000000e+00
   outer loop
     vertex -1.355008e+01 -9.397315e+00  1.200000e+01
     vertex -1.361488e+01 -9.326453e+00  1.200000e+01
     vertex -1.361488e+01 -9.326453e+00  3.000000e+00
   endloop
 endfacet
 facet normal -7.379206e-01 -6.748875e-01 -0.000000e+00
   outer loop
     vertex -1.355008e+01 -9.397315e+00  1.200000e+01
     vertex -1.361488e+01 -9.326453e+00  3.000000e+00
     vertex -1.355008e+01 -9.397315e+00  3.000000e+00
   endloop
 endfacet
 facet normal -7.191280e-01 -6.948776e-01  0.000000e+00
   outer loop
     vertex -1.348335e+01 -9.466371e+00  1.200000e+01
     vertex -1.355008e+01 -9.397315e+00  1.200000e+01
     vertex -1.355008e+01 -9.397315e+00  3.000000e+00
   endloop
 endfacet
 facet normal -7.191280e-01 -6.948776e-01 -0.000000e+00
   outer loop
     vertex -1.348335e+01 -9.466371e+00  1.200000e+01
     vertex -1.355008e+01 -9.397315e+00  3.000000e+00
     vertex -1.348335e+01 -9.466371e+00  3.000000e+00
   endloop
 endfacet
 facet normal -6.997940e-01 -7.143447e-01  0.000000e+00
   outer loop
     vertex -1.341475e+01 -9.533571e+00  1.200000e+01
     vertex -1.348335e+01 -9.466371e+00  1.200000e+01
     vertex -1.348335e+01 -9.466371e+00  3.000000e+00
   endloop
 endfacet
 facet normal -6.997940e-01 -7.143447e-01 -0.000000e+00
   outer loop
     vertex -1.341475e+01 -9.533571e+00  1.200000e+01
     vertex -1.348335e+01 -9.466371e+00  3.000000e+00
     vertex -1.341475e+01 -9.533571e+00  3.000000e+00
   endloop
 endfacet
 facet normal -6.799333e-01 -7.332740e-01  0.000000e+00
   outer loop
     vertex -1.334433e+01 -9.598864e+00  1.200000e+01
     vertex -1.341475e+01 -9.533571e+00  1.200000e+01
     vertex -1.341475e+01 -9.533571e+00  3.000000e+00
   endloop
 endfacet
 facet normal -6.799333e-01 -7.332740e-01 -0.000000e+00
   outer loop
     vertex -1.334433e+01 -9.598864e+00  1.200000e+01
     vertex -1.341475e+01 -9.533571e+00  3.000000e+00
     vertex -1.334433e+01 -9.598864e+00  3.000000e+00
   endloop
 endfacet
 facet normal -6.595607e-01 -7.516513e-01  0.000000e+00
   outer loop
     vertex -1.327216e+01 -9.662200e+00  1.200000e+01
     vertex -1.334433e+01 -9.598864e+00  1.200000e+01
     vertex -1.334433e+01 -9.598864e+00  3.000000e+00
   endloop
 endfacet
 facet normal -6.595607e-01 -7.516513e-01 -0.000000e+00
   outer loop
     vertex -1.327216e+01 -9.662200e+00  1.200000e+01
     vertex -1.334433e+01 -9.598864e+00  3.000000e+00
     vertex -1.327216e+01 -9.662200e+00  3.000000e+00
   endloop
 endfacet
 facet normal -6.386916e-01 -7.694628e-01  0.000000e+00
   outer loop
     vertex -1.319827e+01 -9.723533e+00  1.200000e+01
     vertex -1.327216e+01 -9.662200e+00  1.200000e+01
     vertex -1.327216e+01 -9.662200e+00  3.000000e+00
   endloop
 endfacet
 facet normal -6.386916e-01 -7.694628e-01 -0.000000e+00
   outer loop
     vertex -1.319827e+01 -9.723533e+00  1.200000e+01
     vertex -1.327216e+01 -9.662200e+00  3.000000e+00
     vertex -1.319827e+01 -9.723533e+00  3.000000e+00
   endloop
 endfacet
 facet normal -6.173417e-01 -7.866951e-01  0.000000e+00
   outer loop
     vertex -1.312272e+01 -9.782815e+00  1.200000e+01
     vertex -1.319827e+01 -9.723533e+00  1.200000e+01
     vertex -1.319827e+01 -9.723533e+00  3.000000e+00
   endloop
 endfacet
 facet normal -6.173417e-01 -7.866951e-01 -0.000000e+00
   outer loop
     vertex -1.312272e+01 -9.782815e+00  1.200000e+01
     vertex -1.319827e+01 -9.723533e+00  3.000000e+00
     vertex -1.312272e+01 -9.782815e+00  3.000000e+00
   endloop
 endfacet
 facet normal -5.955271e-01 -8.033352e-01  0.000000e+00
   outer loop
     vertex -1.304558e+01 -9.840002e+00  1.200000e+01
     vertex -1.312272e+01 -9.782815e+00  1.200000e+01
     vertex -1.312272e+01 -9.782815e+00  3.000000e+00
   endloop
 endfacet
 facet normal -5.955271e-01 -8.033352e-01 -0.000000e+00
   outer loop
     vertex -1.304558e+01 -9.840002e+00  1.200000e+01
     vertex -1.312272e+01 -9.782815e+00  3.000000e+00
     vertex -1.304558e+01 -9.840002e+00  3.000000e+00
   endloop
 endfacet
 facet normal -5.732642e-01 -8.193706e-01  0.000000e+00
   outer loop
     vertex -1.296689e+01 -9.895052e+00  1.200000e+01
     vertex -1.304558e+01 -9.840002e+00  1.200000e+01
     vertex -1.304558e+01 -9.840002e+00  3.000000e+00
   endloop
 endfacet
 facet normal -5.732642e-01 -8.193706e-01 -0.000000e+00
   outer loop
     vertex -1.296689e+01 -9.895052e+00  1.200000e+01
     vertex -1.304558e+01 -9.840002e+00  3.000000e+00
     vertex -1.296689e+01 -9.895052e+00  3.000000e+00
   endloop
 endfacet
 facet normal -5.505698e-01 -8.347891e-01  0.000000e+00
   outer loop
     vertex -1.288673e+01 -9.947922e+00  1.200000e+01
     vertex -1.296689e+01 -9.895052e+00  1.200000e+01
     vertex -1.296689e+01 -9.895052e+00  3.000000e+00
   endloop
 endfacet
 facet normal -5.505698e-01 -8.347891e-01 -0.000000e+00
   outer loop
     vertex -1.288673e+01 -9.947922e+00  1.200000e+01
     vertex -1.296689e+01 -9.895052e+00  3.000000e+00
     vertex -1.288673e+01 -9.947922e+00  3.000000e+00
   endloop
 endfacet
 facet normal -5.274609e-01 -8.495793e-01 -0.000000e+00
   outer loop
     vertex -1.288673e+01 -9.947922e+00  1.200000e+01
     vertex -1.288673e+01 -9.947922e+00  3.000000e+00
     vertex -1.280515e+01 -9.998573e+00  3.000000e+00
   endloop
 endfacet
 facet normal -5.274609e-01 -8.495793e-01 -0.000000e+00
   outer loop
     vertex -1.280515e+01 -9.998573e+00  1.200000e+01
     vertex -1.288673e+01 -9.947922e+00  1.200000e+01
     vertex -1.280515e+01 -9.998573e+00  3.000000e+00
   endloop
 endfacet
 facet normal -5.039550e-01 -8.637299e-01 -0.000000e+00
   outer loop
     vertex -1.280515e+01 -9.998573e+00  1.200000e+01
     vertex -1.280515e+01 -9.998573e+00  3.000000e+00
     vertex -1.272221e+01 -1.004697e+01  3.000000e+00
   endloop
 endfacet
 facet normal -5.039550e-01 -8.637299e-01 -0.000000e+00
   outer loop
     vertex -1.272221e+01 -1.004697e+01  1.200000e+01
     vertex -1.280515e+01 -9.998573e+00  1.200000e+01
     vertex -1.272221e+01 -1.004697e+01  3.000000e+00
   endloop
 endfacet
 facet normal -4.800697e-01 -8.772303e-01 -0.000000e+00
   outer loop
     vertex -1.272221e+01 -1.004697e+01  1.200000e+01
     vertex -1.272221e+01 -1.004697e+01  3.000000e+00
     vertex -1.263797e+01 -1.009307e+01  3.000000e+00
   endloop
 endfacet
 facet normal -4.800697e-01 -8.772303e-01 -0.000000e+00
   outer loop
     vertex -1.263797e+01 -1.009307e+01  1.200000e+01
     vertex -1.272221e+01 -1.004697e+01  1.200000e+01
     vertex -1.263797e+01 -1.009307e+01  3.000000e+00
   endloop
 endfacet
 facet normal -4.558231e-01 -8.900704e-01  0.000000e+00
   outer loop
     vertex -1.255249e+01 -1.013684e+01  1.200000e+01
     vertex -1.263797e+01 -1.009307e+01  1.200000e+01
     vertex -1.263797e+01 -1.009307e+01  3.000000e+00
   endloop
 endfacet
 facet normal -4.558231e-01 -8.900704e-01 -0.000000e+00
   outer loop
     vertex -1.255249e+01 -1.013684e+01  1.200000e+01
     vertex -1.263797e+01 -1.009307e+01  3.000000e+00
     vertex -1.255249e+01 -1.013684e+01  3.000000e+00
   endloop
 endfacet
 facet normal -4.312333e-01 -9.022405e-01  0.000000e+00
   outer loop
     vertex -1.246585e+01 -1.017825e+01  1.200000e+01
     vertex -1.255249e+01 -1.013684e+01  1.200000e+01
     vertex -1.255249e+01 -1.013684e+01  3.000000e+00
   endloop
 endfacet
 facet normal -4.312333e-01 -9.022405e-01 -0.000000e+00
   outer loop
     vertex -1.246585e+01 -1.017825e+01  1.200000e+01
     vertex -1.255249e+01 -1.013684e+01  3.000000e+00
     vertex -1.246585e+01 -1.017825e+01  3.000000e+00
   endloop
 endfacet
 facet normal -4.063188e-01 -9.137314e-01  0.000000e+00
   outer loop
     vertex -1.237811e+01 -1.021727e+01  1.200000e+01
     vertex -1.246585e+01 -1.017825e+01  1.200000e+01
     vertex -1.246585e+01 -1.017825e+01  3.000000e+00
   endloop
 endfacet
 facet normal -4.063188e-01 -9.137314e-01 -0.000000e+00
   outer loop
     vertex -1.237811e+01 -1.021727e+01  1.200000e+01
     vertex -1.246585e+01 -1.017825e+01  3.000000e+00
     vertex -1.237811e+01 -1.021727e+01  3.000000e+00
   endloop
 endfacet
 facet normal -3.810986e-01 -9.245344e-01 -0.000000e+00
   outer loop
     vertex -1.228933e+01 -1.025386e+01  1.200000e+01
     vertex -1.237811e+01 -1.021727e+01  3.000000e+00
     vertex -1.228933e+01 -1.025386e+01  3.000000e+00
   endloop
 endfacet
 facet normal -3.810986e-01 -9.245344e-01  0.000000e+00
   outer loop
     vertex -1.228933e+01 -1.025386e+01  1.200000e+01
     vertex -1.237811e+01 -1.021727e+01  1.200000e+01
     vertex -1.237811e+01 -1.021727e+01  3.000000e+00
   endloop
 endfacet
 facet normal -3.555914e-01 -9.346415e-01 -0.000000e+00
   outer loop
     vertex -1.219958e+01 -1.028801e+01  1.200000e+01
     vertex -1.228933e+01 -1.025386e+01  3.000000e+00
     vertex -1.219958e+01 -1.028801e+01  3.000000e+00
   endloop
 endfacet
 facet normal -3.298166e-01 -9.440450e-01 -0.000000e+00
   outer loop
     vertex -1.219958e+01 -1.028801e+01  1.200000e+01
     vertex -1.219958e+01 -1.028801e+01  3.000000e+00
     vertex -1.210892e+01 -1.031968e+01  3.000000e+00
   endloop
 endfacet
 facet normal -3.555914e-01 -9.346415e-01  0.000000e+00
   outer loop
     vertex -1.219958e+01 -1.028801e+01  1.200000e+01
     vertex -1.228933e+01 -1.025386e+01  1.200000e+01
     vertex -1.228933e+01 -1.025386e+01  3.000000e+00
   endloop
 endfacet
 facet normal -3.298166e-01 -9.440450e-01 -0.000000e+00
   outer loop
     vertex -1.210892e+01 -1.031968e+01  1.200000e+01
     vertex -1.219958e+01 -1.028801e+01  1.200000e+01
     vertex -1.210892e+01 -1.031968e+01  3.000000e+00
   endloop
 endfacet
 facet normal -3.037934e-01 -9.527379e-01 -0.000000e+00
   outer loop
     vertex -1.201743e+01 -1.034886e+01  1.200000e+01
     vertex -1.210892e+01 -1.031968e+01  3.000000e+00
     vertex -1.201743e+01 -1.034886e+01  3.000000e+00
   endloop
 endfacet
 facet normal -2.775416e-01 -9.607136e-01 -0.000000e+00
   outer loop
     vertex -1.201743e+01 -1.034886e+01  1.200000e+01
     vertex -1.201743e+01 -1.034886e+01  3.000000e+00
     vertex -1.192518e+01 -1.037551e+01  3.000000e+00
   endloop
 endfacet
 facet normal -3.037934e-01 -9.527379e-01  0.000000e+00
   outer loop
     vertex -1.201743e+01 -1.034886e+01  1.200000e+01
     vertex -1.210892e+01 -1.031968e+01  1.200000e+01
     vertex -1.210892e+01 -1.031968e+01  3.000000e+00
   endloop
 endfacet
 facet normal -2.775416e-01 -9.607136e-01 -0.000000e+00
   outer loop
     vertex -1.192518e+01 -1.037551e+01  1.200000e+01
     vertex -1.201743e+01 -1.034886e+01  1.200000e+01
     vertex -1.192518e+01 -1.037551e+01  3.000000e+00
   endloop
 endfacet
 facet normal -2.510809e-01 -9.679661e-01  0.000000e+00
   outer loop
     vertex -1.183222e+01 -1.039962e+01  1.200000e+01
     vertex -1.192518e+01 -1.037551e+01  1.200000e+01
     vertex -1.192518e+01 -1.037551e+01  3.000000e+00
   endloop
 endfacet
 facet normal -2.510809e-01 -9.679661e-01 -0.000000e+00
   outer loop
     vertex -1.183222e+01 -1.039962e+01  1.200000e+01
     vertex -1.192518e+01 -1.037551e+01  3.000000e+00
     vertex -1.183222e+01 -1.039962e+01  3.000000e+00
   endloop
 endfacet
 facet normal -2.244312e-01 -9.744899e-01  0.000000e+00
   outer loop
     vertex -1.173865e+01 -1.042117e+01  1.200000e+01
     vertex -1.183222e+01 -1.039962e+01  1.200000e+01
     vertex -1.183222e+01 -1.039962e+01  3.000000e+00
   endloop
 endfacet
 facet normal -2.244312e-01 -9.744899e-01 -0.000000e+00
   outer loop
     vertex -1.173865e+01 -1.042117e+01  1.200000e+01
     vertex -1.183222e+01 -1.039962e+01  3.000000e+00
     vertex -1.173865e+01 -1.042117e+01  3.000000e+00
   endloop
 endfacet
 facet normal -1.976125e-01 -9.802802e-01  0.000000e+00
   outer loop
     vertex -1.164451e+01 -1.044015e+01  1.200000e+01
     vertex -1.173865e+01 -1.042117e+01  1.200000e+01
     vertex -1.173865e+01 -1.042117e+01  3.000000e+00
   endloop
 endfacet
 facet normal -1.976125e-01 -9.802802e-01 -0.000000e+00
   outer loop
     vertex -1.164451e+01 -1.044015e+01  1.200000e+01
     vertex -1.173865e+01 -1.042117e+01  3.000000e+00
     vertex -1.164451e+01 -1.044015e+01  3.000000e+00
   endloop
 endfacet
 facet normal -1.706451e-01 -9.853326e-01 -0.000000e+00
   outer loop
     vertex -1.164451e+01 -1.044015e+01  1.200000e+01
     vertex -1.164451e+01 -1.044015e+01  3.000000e+00
     vertex -1.154989e+01 -1.045653e+01  3.000000e+00
   endloop
 endfacet
 facet normal -1.706451e-01 -9.853326e-01 -0.000000e+00
   outer loop
     vertex -1.154989e+01 -1.045653e+01  1.200000e+01
     vertex -1.164451e+01 -1.044015e+01  1.200000e+01
     vertex -1.154989e+01 -1.045653e+01  3.000000e+00
   endloop
 endfacet
 facet normal -1.435492e-01 -9.896432e-01 -0.000000e+00
   outer loop
     vertex -1.154989e+01 -1.045653e+01  1.200000e+01
     vertex -1.154989e+01 -1.045653e+01  3.000000e+00
     vertex -1.145486e+01 -1.047032e+01  3.000000e+00
   endloop
 endfacet
 facet normal -1.435492e-01 -9.896432e-01 -0.000000e+00
   outer loop
     vertex -1.145486e+01 -1.047032e+01  1.200000e+01
     vertex -1.154989e+01 -1.045653e+01  1.200000e+01
     vertex -1.145486e+01 -1.047032e+01  3.000000e+00
   endloop
 endfacet
 facet normal -1.163452e-01 -9.932088e-01 -0.000000e+00
   outer loop
     vertex -1.145486e+01 -1.047032e+01  1.200000e+01
     vertex -1.145486e+01 -1.047032e+01  3.000000e+00
     vertex -1.135948e+01 -1.048149e+01  3.000000e+00
   endloop
 endfacet
 facet normal -1.163452e-01 -9.932088e-01 -0.000000e+00
   outer loop
     vertex -1.135948e+01 -1.048149e+01  1.200000e+01
     vertex -1.145486e+01 -1.047032e+01  1.200000e+01
     vertex -1.135948e+01 -1.048149e+01  3.000000e+00
   endloop
 endfacet
 facet normal -8.905371e-02 -9.960268e-01 -0.000000e+00
   outer loop
     vertex -1.135948e+01 -1.048149e+01  1.200000e+01
     vertex -1.135948e+01 -1.048149e+01  3.000000e+00
     vertex -1.126384e+01 -1.049004e+01  3.000000e+00
   endloop
 endfacet
 facet normal -8.905371e-02 -9.960268e-01 -0.000000e+00
   outer loop
     vertex -1.126384e+01 -1.049004e+01  1.200000e+01
     vertex -1.135948e+01 -1.048149e+01  1.200000e+01
     vertex -1.126384e+01 -1.049004e+01  3.000000e+00
   endloop
 endfacet
 facet normal -6.169515e-02 -9.980950e-01 -0.000000e+00
   outer loop
     vertex -1.126384e+01 -1.049004e+01  1.200000e+01
     vertex -1.126384e+01 -1.049004e+01  3.000000e+00
     vertex -1.116799e+01 -1.049597e+01  3.000000e+00
   endloop
 endfacet
 facet normal -6.169515e-02 -9.980950e-01 -0.000000e+00
   outer loop
     vertex -1.116799e+01 -1.049597e+01  1.200000e+01
     vertex -1.126384e+01 -1.049004e+01  1.200000e+01
     vertex -1.116799e+01 -1.049597e+01  3.000000e+00
   endloop
 endfacet
 facet normal -3.429014e-02 -9.994119e-01 -0.000000e+00
   outer loop
     vertex -1.116799e+01 -1.049597e+01  1.200000e+01
     vertex -1.116799e+01 -1.049597e+01  3.000000e+00
     vertex -1.107202e+01 -1.049926e+01  3.000000e+00
   endloop
 endfacet
 facet normal -3.429014e-02 -9.994119e-01 -0.000000e+00
   outer loop
     vertex -1.107202e+01 -1.049926e+01  1.200000e+01
     vertex -1.116799e+01 -1.049597e+01  1.200000e+01
     vertex -1.107202e+01 -1.049926e+01  3.000000e+00
   endloop
 endfacet
 facet normal -6.859319e-03 -9.999765e-01 -0.000000e+00
   outer loop
     vertex -1.107202e+01 -1.049926e+01  1.200000e+01
     vertex -1.107202e+01 -1.049926e+01  3.000000e+00
     vertex -1.097599e+01 -1.049992e+01  3.000000e+00
   endloop
 endfacet
 facet normal -6.859319e-03 -9.999765e-01 -0.000000e+00
   outer loop
     vertex -1.097599e+01 -1.049992e+01  1.200000e+01
     vertex -1.107202e+01 -1.049926e+01  1.200000e+01
     vertex -1.097599e+01 -1.049992e+01  3.000000e+00
   endloop
 endfacet
 facet normal  2.057667e-02 -9.997883e-01  0.000000e+00
   outer loop
     vertex -1.087998e+01 -1.049794e+01  1.200000e+01
     vertex -1.097599e+01 -1.049992e+01  1.200000e+01
     vertex -1.097599e+01 -1.049992e+01  3.000000e+00
   endloop
 endfacet
 facet normal  2.057667e-02 -9.997883e-01  0.000000e+00
   outer loop
     vertex -1.087998e+01 -1.049794e+01  1.200000e+01
     vertex -1.097599e+01 -1.049992e+01  3.000000e+00
     vertex -1.087998e+01 -1.049794e+01  3.000000e+00
   endloop
 endfacet
 facet normal  4.799716e-02 -9.988475e-01  0.000000e+00
   outer loop
     vertex -1.078407e+01 -1.049333e+01  1.200000e+01
     vertex -1.087998e+01 -1.049794e+01  3.000000e+00
     vertex -1.078407e+01 -1.049333e+01  3.000000e+00
   endloop
 endfacet
 facet normal  4.799716e-02 -9.988475e-01  0.000000e+00
   outer loop
     vertex -1.078407e+01 -1.049333e+01  1.200000e+01
     vertex -1.087998e+01 -1.049794e+01  1.200000e+01
     vertex -1.087998e+01 -1.049794e+01  3.000000e+00
   endloop
 endfacet
 facet normal  7.538152e-02 -9.971548e-01  0.000000e+00
   outer loop
     vertex -1.068831e+01 -1.048609e+01  1.200000e+01
     vertex -1.078407e+01 -1.049333e+01  3.000000e+00
     vertex -1.068831e+01 -1.048609e+01  3.000000e+00
   endloop
 endfacet
 facet normal  1.027091e-01 -9.947114e-01  0.000000e+00
   outer loop
     vertex -1.068831e+01 -1.048609e+01  1.200000e+01
     vertex -1.068831e+01 -1.048609e+01  3.000000e+00
     vertex -1.059279e+01 -1.047623e+01  3.000000e+00
   endloop
 endfacet
 facet normal  7.538152e-02 -9.971548e-01  0.000000e+00
   outer loop
     vertex -1.068831e+01 -1.048609e+01  1.200000e+01
     vertex -1.078407e+01 -1.049333e+01  1.200000e+01
     vertex -1.078407e+01 -1.049333e+01  3.000000e+00
   endloop
 endfacet
 facet normal  1.027091e-01 -9.947114e-01  0.000000e+00
   outer loop
     vertex -1.059279e+01 -1.047623e+01  1.200000e+01
     vertex -1.068831e+01 -1.048609e+01  1.200000e+01
     vertex -1.059279e+01 -1.047623e+01  3.000000e+00
   endloop
 endfacet
 facet normal  1.299594e-01 -9.915193e-01  0.000000e+00
   outer loop
     vertex -1.049758e+01 -1.046375e+01  1.200000e+01
     vertex -1.059279e+01 -1.047623e+01  3.000000e+00
     vertex -1.049758e+01 -1.046375e+01  3.000000e+00
   endloop
 endfacet
 facet normal  1.299594e-01 -9.915193e-01  0.000000e+00
   outer loop
     vertex -1.049758e+01 -1.046375e+01  1.200000e+01
     vertex -1.059279e+01 -1.047623e+01  1.200000e+01
     vertex -1.059279e+01 -1.047623e+01  3.000000e+00
   endloop
 endfacet
 facet normal  1.571119e-01 -9.875808e-01  0.000000e+00
   outer loop
     vertex -1.040274e+01 -1.044866e+01  1.200000e+01
     vertex -1.049758e+01 -1.046375e+01  3.000000e+00
     vertex -1.040274e+01 -1.044866e+01  3.000000e+00
   endloop
 endfacet
 facet normal  1.841461e-01 -9.828989e-01  0.000000e+00
   outer loop
     vertex -1.040274e+01 -1.044866e+01  1.200000e+01
     vertex -1.040274e+01 -1.044866e+01  3.000000e+00
     vertex -1.030836e+01 -1.043098e+01  3.000000e+00
   endloop
 endfacet
 facet normal  1.571119e-01 -9.875808e-01  0.000000e+00
   outer loop
     vertex -1.040274e+01 -1.044866e+01  1.200000e+01
     vertex -1.049758e+01 -1.046375e+01  1.200000e+01
     vertex -1.049758e+01 -1.046375e+01  3.000000e+00
   endloop
 endfacet
 facet normal  1.841461e-01 -9.828989e-01  0.000000e+00
   outer loop
     vertex -1.030836e+01 -1.043098e+01  1.200000e+01
     vertex -1.040274e+01 -1.044866e+01  1.200000e+01
     vertex -1.030836e+01 -1.043098e+01  3.000000e+00
   endloop
 endfacet
 facet normal  2.110417e-01 -9.774771e-01  0.000000e+00
   outer loop
     vertex -1.021449e+01 -1.041071e+01  1.200000e+01
     vertex -1.030836e+01 -1.043098e+01  3.000000e+00
     vertex -1.021449e+01 -1.041071e+01  3.000000e+00
   endloop
 endfacet
 facet normal  2.110417e-01 -9.774771e-01  0.000000e+00
   outer loop
     vertex -1.021449e+01 -1.041071e+01  1.200000e+01
     vertex -1.030836e+01 -1.043098e+01  1.200000e+01
     vertex -1.030836e+01 -1.043098e+01  3.000000e+00
   endloop
 endfacet
 facet normal  2.377784e-01 -9.713194e-01  0.000000e+00
   outer loop
     vertex -1.012122e+01 -1.038788e+01  1.200000e+01
     vertex -1.021449e+01 -1.041071e+01  3.000000e+00
     vertex -1.012122e+01 -1.038788e+01  3.000000e+00
   endloop
 endfacet
 facet normal  2.377784e-01 -9.713194e-01  0.000000e+00
   outer loop
     vertex -1.012122e+01 -1.038788e+01  1.200000e+01
     vertex -1.021449e+01 -1.041071e+01  1.200000e+01
     vertex -1.021449e+01 -1.041071e+01  3.000000e+00
   endloop
 endfacet
 facet normal  2.643362e-01 -9.644306e-01  0.000000e+00
   outer loop
     vertex -1.002860e+01 -1.036250e+01  1.200000e+01
     vertex -1.012122e+01 -1.038788e+01  3.000000e+00
     vertex -1.002860e+01 -1.036250e+01  3.000000e+00
   endloop
 endfacet
 facet normal  2.906949e-01 -9.568158e-01  0.000000e+00
   outer loop
     vertex -1.002860e+01 -1.036250e+01  1.200000e+01
     vertex -1.002860e+01 -1.036250e+01  3.000000e+00
     vertex -9.936723e+00 -1.033458e+01  3.000000e+00
   endloop
 endfacet
 facet normal  2.643362e-01 -9.644306e-01  0.000000e+00
   outer loop
     vertex -1.002860e+01 -1.036250e+01  1.200000e+01
     vertex -1.012122e+01 -1.038788e+01  1.200000e+01
     vertex -1.012122e+01 -1.038788e+01  3.000000e+00
   endloop
 endfacet
 facet normal  2.906949e-01 -9.568158e-01  0.000000e+00
   outer loop
     vertex -9.936723e+00 -1.033458e+01  1.200000e+01
     vertex -1.002860e+01 -1.036250e+01  1.200000e+01
     vertex -9.936723e+00 -1.033458e+01  3.000000e+00
   endloop
 endfacet
 facet normal  3.168348e-01 -9.484807e-01  0.000000e+00
   outer loop
     vertex -9.845642e+00 -1.030416e+01  1.200000e+01
     vertex -9.936723e+00 -1.033458e+01  3.000000e+00
     vertex -9.845642e+00 -1.030416e+01  3.000000e+00
   endloop
 endfacet
 facet normal  3.427362e-01 -9.394317e-01  0.000000e+00
   outer loop
     vertex -9.845642e+00 -1.030416e+01  1.200000e+01
     vertex -9.845642e+00 -1.030416e+01  3.000000e+00
     vertex -9.755430e+00 -1.027125e+01  3.000000e+00
   endloop
 endfacet
 facet normal  3.168348e-01 -9.484807e-01  0.000000e+00
   outer loop
     vertex -9.845642e+00 -1.030416e+01  1.200000e+01
     vertex -9.936723e+00 -1.033458e+01  1.200000e+01
     vertex -9.936723e+00 -1.033458e+01  3.000000e+00
   endloop
 endfacet
 facet normal  3.427362e-01 -9.394317e-01  0.000000e+00
   outer loop
     vertex -9.755430e+00 -1.027125e+01  1.200000e+01
     vertex -9.845642e+00 -1.030416e+01  1.200000e+01
     vertex -9.755430e+00 -1.027125e+01  3.000000e+00
   endloop
 endfacet
 facet normal  3.683796e-01 -9.296754e-01  0.000000e+00
   outer loop
     vertex -9.666155e+00 -1.023587e+01  1.200000e+01
     vertex -9.755430e+00 -1.027125e+01  3.000000e+00
     vertex -9.666155e+00 -1.023587e+01  3.000000e+00
   endloop
 endfacet
 facet normal  3.937458e-01 -9.192194e-01  0.000000e+00
   outer loop
     vertex -9.666155e+00 -1.023587e+01  1.200000e+01
     vertex -9.666155e+00 -1.023587e+01  3.000000e+00
     vertex -9.577884e+00 -1.019806e+01  3.000000e+00
   endloop
 endfacet
 facet normal  3.683796e-01 -9.296754e-01  0.000000e+00
   outer loop
     vertex -9.666155e+00 -1.023587e+01  1.200000e+01
     vertex -9.755430e+00 -1.027125e+01  1.200000e+01
     vertex -9.755430e+00 -1.027125e+01  3.000000e+00
   endloop
 endfacet
 facet normal  3.937458e-01 -9.192194e-01  0.000000e+00
   outer loop
     vertex -9.577884e+00 -1.019806e+01  1.200000e+01
     vertex -9.666155e+00 -1.023587e+01  1.200000e+01
     vertex -9.577884e+00 -1.019806e+01  3.000000e+00
   endloop
 endfacet
 facet normal  4.188155e-01 -9.080714e-01  0.000000e+00
   outer loop
     vertex -9.577884e+00 -1.019806e+01  1.200000e+01
     vertex -9.577884e+00 -1.019806e+01  3.000000e+00
     vertex -9.490684e+00 -1.015784e+01  3.000000e+00
   endloop
 endfacet
 facet normal  4.188155e-01 -9.080714e-01  0.000000e+00
   outer loop
     vertex -9.490684e+00 -1.015784e+01  1.200000e+01
     vertex -9.577884e+00 -1.019806e+01  1.200000e+01
     vertex -9.490684e+00 -1.015784e+01  3.000000e+00
   endloop
 endfacet
 facet normal  4.435699e-01 -8.962398e-01  0.000000e+00
   outer loop
     vertex -9.490684e+00 -1.015784e+01  1.200000e+01
     vertex -9.490684e+00 -1.015784e+01  3.000000e+00
     vertex -9.404619e+00 -1.011525e+01  3.000000e+00
   endloop
 endfacet
 facet normal  4.435699e-01 -8.962398e-01  0.000000e+00
   outer loop
     vertex -9.404619e+00 -1.011525e+01  1.200000e+01
     vertex -9.490684e+00 -1.015784e+01  1.200000e+01
     vertex -9.404619e+00 -1.011525e+01  3.000000e+00
   endloop
 endfacet
 facet normal  4.679904e-01 -8.837335e-01  0.000000e+00
   outer loop
     vertex -9.319756e+00 -1.007031e+01  1.200000e+01
     vertex -9.404619e+00 -1.011525e+01  1.200000e+01
     vertex -9.404619e+00 -1.011525e+01  3.000000e+00
   endloop
 endfacet
 facet normal  4.679904e-01 -8.837335e-01  0.000000e+00
   outer loop
     vertex -9.319756e+00 -1.007031e+01  1.200000e+01
     vertex -9.404619e+00 -1.011525e+01  3.000000e+00
     vertex -9.319756e+00 -1.007031e+01  3.000000e+00
   endloop
 endfacet
 facet normal  4.920587e-01 -8.705620e-01  0.000000e+00
   outer loop
     vertex -9.236157e+00 -1.002305e+01  1.200000e+01
     vertex -9.319756e+00 -1.007031e+01  3.000000e+00
     vertex -9.236157e+00 -1.002305e+01  3.000000e+00
   endloop
 endfacet
 facet normal  5.157565e-01 -8.567352e-01  0.000000e+00
   outer loop
     vertex -9.236157e+00 -1.002305e+01  1.200000e+01
     vertex -9.236157e+00 -1.002305e+01  3.000000e+00
     vertex -9.153887e+00 -9.973527e+00  3.000000e+00
   endloop
 endfacet
 facet normal  4.920587e-01 -8.705620e-01  0.000000e+00
   outer loop
     vertex -9.236157e+00 -1.002305e+01  1.200000e+01
     vertex -9.319756e+00 -1.007031e+01  1.200000e+01
     vertex -9.319756e+00 -1.007031e+01  3.000000e+00
   endloop
 endfacet
 facet normal  5.157565e-01 -8.567352e-01  0.000000e+00
   outer loop
     vertex -9.153887e+00 -9.973527e+00  1.200000e+01
     vertex -9.236157e+00 -1.002305e+01  1.200000e+01
     vertex -9.153887e+00 -9.973527e+00  3.000000e+00
   endloop
 endfacet
 facet normal  5.390661e-01 -8.422635e-01  0.000000e+00
   outer loop
     vertex -9.073006e+00 -9.921762e+00  1.200000e+01
     vertex -9.153887e+00 -9.973527e+00  3.000000e+00
     vertex -9.073006e+00 -9.921762e+00  3.000000e+00
   endloop
 endfacet
 facet normal  5.390661e-01 -8.422635e-01  0.000000e+00
   outer loop
     vertex -9.073006e+00 -9.921762e+00  1.200000e+01
     vertex -9.153887e+00 -9.973527e+00  1.200000e+01
     vertex -9.153887e+00 -9.973527e+00  3.000000e+00
   endloop
 endfacet
 facet normal  5.619699e-01 -8.271577e-01  0.000000e+00
   outer loop
     vertex -8.993575e+00 -9.867797e+00  1.200000e+01
     vertex -9.073006e+00 -9.921762e+00  3.000000e+00
     vertex -8.993575e+00 -9.867797e+00  3.000000e+00
   endloop
 endfacet
 facet normal  5.844507e-01 -8.114292e-01  0.000000e+00
   outer loop
     vertex -8.993575e+00 -9.867797e+00  1.200000e+01
     vertex -8.993575e+00 -9.867797e+00  3.000000e+00
     vertex -8.915655e+00 -9.811673e+00  3.000000e+00
   endloop
 endfacet
 facet normal  5.619699e-01 -8.271577e-01  0.000000e+00
   outer loop
     vertex -8.993575e+00 -9.867797e+00  1.200000e+01
     vertex -9.073006e+00 -9.921762e+00  1.200000e+01
     vertex -9.073006e+00 -9.921762e+00  3.000000e+00
   endloop
 endfacet
 facet normal  5.844507e-01 -8.114292e-01  0.000000e+00
   outer loop
     vertex -8.915655e+00 -9.811673e+00  1.200000e+01
     vertex -8.993575e+00 -9.867797e+00  1.200000e+01
     vertex -8.915655e+00 -9.811673e+00  3.000000e+00
   endloop
 endfacet
 facet normal  6.064915e-01 -7.950900e-01  0.000000e+00
   outer loop
     vertex -8.839304e+00 -9.753433e+00  1.200000e+01
     vertex -8.915655e+00 -9.811673e+00  3.000000e+00
     vertex -8.839304e+00 -9.753433e+00  3.000000e+00
   endloop
 endfacet
 facet normal  6.280757e-01 -7.781522e-01  0.000000e+00
   outer loop
     vertex -8.839304e+00 -9.753433e+00  1.200000e+01
     vertex -8.839304e+00 -9.753433e+00  3.000000e+00
     vertex -8.764579e+00 -9.693120e+00  3.000000e+00
   endloop
 endfacet
 facet normal  6.064915e-01 -7.950900e-01  0.000000e+00
   outer loop
     vertex -8.839304e+00 -9.753433e+00  1.200000e+01
     vertex -8.915655e+00 -9.811673e+00  1.200000e+01
     vertex -8.915655e+00 -9.811673e+00  3.000000e+00
   endloop
 endfacet
 facet normal  6.280757e-01 -7.781522e-01  0.000000e+00
   outer loop
     vertex -8.764579e+00 -9.693120e+00  1.200000e+01
     vertex -8.839304e+00 -9.753433e+00  1.200000e+01
     vertex -8.764579e+00 -9.693120e+00  3.000000e+00
   endloop
 endfacet
 facet normal  6.491872e-01 -7.606287e-01  0.000000e+00
   outer loop
     vertex -8.691538e+00 -9.630780e+00  1.200000e+01
     vertex -8.764579e+00 -9.693120e+00  3.000000e+00
     vertex -8.691538e+00 -9.630780e+00  3.000000e+00
   endloop
 endfacet
 facet normal  6.491872e-01 -7.606287e-01  0.000000e+00
   outer loop
     vertex -8.691538e+00 -9.630780e+00  1.200000e+01
     vertex -8.764579e+00 -9.693120e+00  1.200000e+01
     vertex -8.764579e+00 -9.693120e+00  3.000000e+00
   endloop
 endfacet
 facet normal  6.698100e-01 -7.425325e-01  0.000000e+00
   outer loop
     vertex -8.620234e+00 -9.566459e+00  1.200000e+01
     vertex -8.691538e+00 -9.630780e+00  3.000000e+00
     vertex -8.620234e+00 -9.566459e+00  3.000000e+00
   endloop
 endfacet
 facet normal  6.698100e-01 -7.425325e-01  0.000000e+00
   outer loop
     vertex -8.620234e+00 -9.566459e+00  1.200000e+01
     vertex -8.691538e+00 -9.630780e+00  1.200000e+01
     vertex -8.691538e+00 -9.630780e+00  3.000000e+00
   endloop
 endfacet
 facet normal  6.899286e-01 -7.238775e-01  0.000000e+00
   outer loop
     vertex -8.550721e+00 -9.500206e+00  1.200000e+01
     vertex -8.620234e+00 -9.566459e+00  3.000000e+00
     vertex -8.550721e+00 -9.500206e+00  3.000000e+00
   endloop
 endfacet
 facet normal  6.899286e-01 -7.238775e-01  0.000000e+00
   outer loop
     vertex -8.550721e+00 -9.500206e+00  1.200000e+01
     vertex -8.620234e+00 -9.566459e+00  1.200000e+01
     vertex -8.620234e+00 -9.566459e+00  3.000000e+00
   endloop
 endfacet
 facet normal  7.095278e-01 -7.046775e-01  0.000000e+00
   outer loop
     vertex -8.483052e+00 -9.432072e+00  1.200000e+01
     vertex -8.550721e+00 -9.500206e+00  3.000000e+00
     vertex -8.483052e+00 -9.432072e+00  3.000000e+00
   endloop
 endfacet
 facet normal  7.095278e-01 -7.046775e-01  0.000000e+00
   outer loop
     vertex -8.483052e+00 -9.432072e+00  1.200000e+01
     vertex -8.550721e+00 -9.500206e+00  1.200000e+01
     vertex -8.550721e+00 -9.500206e+00  3.000000e+00
   endloop
 endfacet
 facet normal  7.285929e-01 -6.849470e-01  0.000000e+00
   outer loop
     vertex -8.417278e+00 -9.362106e+00  1.200000e+01
     vertex -8.483052e+00 -9.432072e+00  3.000000e+00
     vertex -8.417278e+00 -9.362106e+00  3.000000e+00
   endloop
 endfacet
 facet normal  7.285929e-01 -6.849470e-01  0.000000e+00
   outer loop
     vertex -8.417278e+00 -9.362106e+00  1.200000e+01
     vertex -8.483052e+00 -9.432072e+00  1.200000e+01
     vertex -8.483052e+00 -9.432072e+00  3.000000e+00
   endloop
 endfacet
 facet normal  7.471095e-01 -6.647010e-01  0.000000e+00
   outer loop
     vertex -8.353448e+00 -9.290363e+00  1.200000e+01
     vertex -8.417278e+00 -9.362106e+00  3.000000e+00
     vertex -8.353448e+00 -9.290363e+00  3.000000e+00
   endloop
 endfacet
 facet normal  7.471095e-01 -6.647010e-01  0.000000e+00
   outer loop
     vertex -8.353448e+00 -9.290363e+00  1.200000e+01
     vertex -8.417278e+00 -9.362106e+00  1.200000e+01
     vertex -8.417278e+00 -9.362106e+00  3.000000e+00
   endloop
 endfacet
 facet normal  7.650637e-01 -6.439545e-01  0.000000e+00
   outer loop
     vertex -8.291610e+00 -9.216895e+00  1.200000e+01
     vertex -8.353448e+00 -9.290363e+00  3.000000e+00
     vertex -8.291610e+00 -9.216895e+00  3.000000e+00
   endloop
 endfacet
 facet normal  7.650637e-01 -6.439545e-01  0.000000e+00
   outer loop
     vertex -8.291610e+00 -9.216895e+00  1.200000e+01
     vertex -8.353448e+00 -9.290363e+00  1.200000e+01
     vertex -8.353448e+00 -9.290363e+00  3.000000e+00
   endloop
 endfacet
 facet normal  7.824421e-01 -6.227234e-01  0.000000e+00
   outer loop
     vertex -8.231811e+00 -9.141758e+00  1.200000e+01
     vertex -8.291610e+00 -9.216895e+00  3.000000e+00
     vertex -8.231811e+00 -9.141758e+00  3.000000e+00
   endloop
 endfacet
 facet normal  7.824421e-01 -6.227234e-01  0.000000e+00
   outer loop
     vertex -8.231811e+00 -9.141758e+00  1.200000e+01
     vertex -8.291610e+00 -9.216895e+00  1.200000e+01
     vertex -8.291610e+00 -9.216895e+00  3.000000e+00
   endloop
 endfacet
 facet normal  7.992314e-01 -6.010234e-01  0.000000e+00
   outer loop
     vertex -8.174096e+00 -9.065010e+00  1.200000e+01
     vertex -8.231811e+00 -9.141758e+00  3.000000e+00
     vertex -8.174096e+00 -9.065010e+00  3.000000e+00
   endloop
 endfacet
 facet normal  7.992314e-01 -6.010234e-01  0.000000e+00
   outer loop
     vertex -8.174096e+00 -9.065010e+00  1.200000e+01
     vertex -8.231811e+00 -9.141758e+00  1.200000e+01
     vertex -8.231811e+00 -9.141758e+00  3.000000e+00
   endloop
 endfacet
 facet normal  8.154191e-01 -5.788711e-01  0.000000e+00
   outer loop
     vertex -8.118508e+00 -8.986706e+00  1.200000e+01
     vertex -8.174096e+00 -9.065010e+00  3.000000e+00
     vertex -8.118508e+00 -8.986706e+00  3.000000e+00
   endloop
 endfacet
 facet normal  8.154191e-01 -5.788711e-01  0.000000e+00
   outer loop
     vertex -8.118508e+00 -8.986706e+00  1.200000e+01
     vertex -8.174096e+00 -9.065010e+00  1.200000e+01
     vertex -8.174096e+00 -9.065010e+00  3.000000e+00
   endloop
 endfacet
 facet normal  8.309929e-01 -5.562829e-01  0.000000e+00
   outer loop
     vertex -8.065089e+00 -8.906908e+00  1.200000e+01
     vertex -8.118508e+00 -8.986706e+00  3.000000e+00
     vertex -8.065089e+00 -8.906908e+00  3.000000e+00
   endloop
 endfacet
 facet normal  8.309929e-01 -5.562829e-01  0.000000e+00
   outer loop
     vertex -8.065089e+00 -8.906908e+00  1.200000e+01
     vertex -8.118508e+00 -8.986706e+00  1.200000e+01
     vertex -8.118508e+00 -8.986706e+00  3.000000e+00
   endloop
 endfacet
 facet normal  8.459413e-01 -5.332761e-01  0.000000e+00
   outer loop
     vertex -8.013879e+00 -8.825674e+00  1.200000e+01
     vertex -8.065089e+00 -8.906908e+00  3.000000e+00
     vertex -8.013879e+00 -8.825674e+00  3.000000e+00
   endloop
 endfacet
 facet normal  8.459413e-01 -5.332761e-01  0.000000e+00
   outer loop
     vertex -8.013879e+00 -8.825674e+00  1.200000e+01
     vertex -8.065089e+00 -8.906908e+00  1.200000e+01
     vertex -8.065089e+00 -8.906908e+00  3.000000e+00
   endloop
 endfacet
 facet normal  8.602528e-01 -5.098678e-01  0.000000e+00
   outer loop
     vertex -7.964918e+00 -8.743065e+00  1.200000e+01
     vertex -8.013879e+00 -8.825674e+00  3.000000e+00
     vertex -7.964918e+00 -8.743065e+00  3.000000e+00
   endloop
 endfacet
 facet normal  8.602528e-01 -5.098678e-01  0.000000e+00
   outer loop
     vertex -7.964918e+00 -8.743065e+00  1.200000e+01
     vertex -8.013879e+00 -8.825674e+00  1.200000e+01
     vertex -8.013879e+00 -8.825674e+00  3.000000e+00
   endloop
 endfacet
 facet normal  8.739167e-01 -4.860756e-01  0.000000e+00
   outer loop
     vertex -7.918241e+00 -8.659144e+00  1.200000e+01
     vertex -7.964918e+00 -8.743065e+00  3.000000e+00
     vertex -7.918241e+00 -8.659144e+00  3.000000e+00
   endloop
 endfacet
 facet normal  8.739167e-01 -4.860756e-01  0.000000e+00
   outer loop
     vertex -7.918241e+00 -8.659144e+00  1.200000e+01
     vertex -7.964918e+00 -8.743065e+00  1.200000e+01
     vertex -7.964918e+00 -8.743065e+00  3.000000e+00
   endloop
 endfacet
 facet normal  8.869228e-01 -4.619176e-01  0.000000e+00
   outer loop
     vertex -7.873884e+00 -8.573975e+00  1.200000e+01
     vertex -7.918241e+00 -8.659144e+00  1.200000e+01
     vertex -7.918241e+00 -8.659144e+00  3.000000e+00
   endloop
 endfacet
 facet normal  8.869228e-01 -4.619176e-01  0.000000e+00
   outer loop
     vertex -7.873884e+00 -8.573975e+00  1.200000e+01
     vertex -7.918241e+00 -8.659144e+00  3.000000e+00
     vertex -7.873884e+00 -8.573975e+00  3.000000e+00
   endloop
 endfacet
 facet normal  8.992613e-01 -4.374119e-01  0.000000e+00
   outer loop
     vertex -7.831880e+00 -8.487620e+00  1.200000e+01
     vertex -7.873884e+00 -8.573975e+00  1.200000e+01
     vertex -7.873884e+00 -8.573975e+00  3.000000e+00
   endloop
 endfacet
 facet normal  8.992613e-01 -4.374119e-01  0.000000e+00
   outer loop
     vertex -7.831880e+00 -8.487620e+00  1.200000e+01
     vertex -7.873884e+00 -8.573975e+00  3.000000e+00
     vertex -7.831880e+00 -8.487620e+00  3.000000e+00
   endloop
 endfacet
 facet normal  9.109228e-01 -4.125769e-01  0.000000e+00
   outer loop
     vertex -7.831880e+00 -8.487620e+00  1.200000e+01
     vertex -7.831880e+00 -8.487620e+00  3.000000e+00
     vertex -7.792261e+00 -8.400146e+00  3.000000e+00
   endloop
 endfacet
 facet normal  9.109228e-01 -4.125769e-01  0.000000e+00
   outer loop
     vertex -7.792261e+00 -8.400146e+00  1.200000e+01
     vertex -7.831880e+00 -8.487620e+00  1.200000e+01
     vertex -7.792261e+00 -8.400146e+00  3.000000e+00
   endloop
 endfacet
 facet normal  9.218986e-01 -3.874313e-01  0.000000e+00
   outer loop
     vertex -7.755056e+00 -8.311618e+00  1.200000e+01
     vertex -7.792261e+00 -8.400146e+00  1.200000e+01
     vertex -7.792261e+00 -8.400146e+00  3.000000e+00
   endloop
 endfacet
 facet normal  9.218986e-01 -3.874313e-01  0.000000e+00
   outer loop
     vertex -7.755056e+00 -8.311618e+00  1.200000e+01
     vertex -7.792261e+00 -8.400146e+00  3.000000e+00
     vertex -7.755056e+00 -8.311618e+00  3.000000e+00
   endloop
 endfacet
 facet normal  9.321804e-01 -3.619940e-01  0.000000e+00
   outer loop
     vertex -7.720295e+00 -8.222102e+00  1.200000e+01
     vertex -7.755056e+00 -8.311618e+00  1.200000e+01
     vertex -7.755056e+00 -8.311618e+00  3.000000e+00
   endloop
 endfacet
 facet normal  9.321804e-01 -3.619940e-01  0.000000e+00
   outer loop
     vertex -7.720295e+00 -8.222102e+00  1.200000e+01
     vertex -7.755056e+00 -8.311618e+00  3.000000e+00
     vertex -7.720295e+00 -8.222102e+00  3.000000e+00
   endloop
 endfacet
 facet normal  9.417605e-01 -3.362843e-01  0.000000e+00
   outer loop
     vertex -7.688002e+00 -8.131667e+00  1.200000e+01
     vertex -7.720295e+00 -8.222102e+00  1.200000e+01
     vertex -7.720295e+00 -8.222102e+00  3.000000e+00
   endloop
 endfacet
 facet normal  9.417605e-01 -3.362843e-01  0.000000e+00
   outer loop
     vertex -7.688002e+00 -8.131667e+00  1.200000e+01
     vertex -7.720295e+00 -8.222102e+00  3.000000e+00
     vertex -7.688002e+00 -8.131667e+00  3.000000e+00
   endloop
 endfacet
 facet normal  9.506317e-01 -3.103214e-01  0.000000e+00
   outer loop
     vertex -7.658202e+00 -8.040379e+00  1.200000e+01
     vertex -7.688002e+00 -8.131667e+00  1.200000e+01
     vertex -7.688002e+00 -8.131667e+00  3.000000e+00
   endloop
 endfacet
 facet normal  9.506317e-01 -3.103214e-01  0.000000e+00
   outer loop
     vertex -7.658202e+00 -8.040379e+00  1.200000e+01
     vertex -7.688002e+00 -8.131667e+00  3.000000e+00
     vertex -7.658202e+00 -8.040379e+00  3.000000e+00
   endloop
 endfacet
 facet normal  9.587873e-01 -2.841250e-01  0.000000e+00
   outer loop
     vertex -7.630918e+00 -7.948308e+00  1.200000e+01
     vertex -7.658202e+00 -8.040379e+00  1.200000e+01
     vertex -7.658202e+00 -8.040379e+00  3.000000e+00
   endloop
 endfacet
 facet normal  9.587873e-01 -2.841250e-01  0.000000e+00
   outer loop
     vertex -7.630918e+00 -7.948308e+00  1.200000e+01
     vertex -7.658202e+00 -8.040379e+00  3.000000e+00
     vertex -7.630918e+00 -7.948308e+00  3.000000e+00
   endloop
 endfacet
 facet normal  9.662211e-01 -2.577146e-01  0.000000e+00
   outer loop
     vertex -7.606170e+00 -7.855524e+00  1.200000e+01
     vertex -7.630918e+00 -7.948308e+00  1.200000e+01
     vertex -7.630918e+00 -7.948308e+00  3.000000e+00
   endloop
 endfacet
 facet normal  9.662211e-01 -2.577146e-01  0.000000e+00
   outer loop
     vertex -7.606170e+00 -7.855524e+00  1.200000e+01
     vertex -7.630918e+00 -7.948308e+00  3.000000e+00
     vertex -7.606170e+00 -7.855524e+00  3.000000e+00
   endloop
 endfacet
 facet normal  9.729276e-01 -2.311102e-01  0.000000e+00
   outer loop
     vertex -7.606170e+00 -7.855524e+00  1.200000e+01
     vertex -7.606170e+00 -7.855524e+00  3.000000e+00
     vertex -7.583977e+00 -7.762096e+00  3.000000e+00
   endloop
 endfacet
 facet normal  9.729276e-01 -2.311102e-01  0.000000e+00
   outer loop
     vertex -7.583977e+00 -7.762096e+00  1.200000e+01
     vertex -7.606170e+00 -7.855524e+00  1.200000e+01
     vertex -7.583977e+00 -7.762096e+00  3.000000e+00
   endloop
 endfacet
 facet normal  9.789017e-01 -2.043319e-01  0.000000e+00
   outer loop
     vertex -7.564356e+00 -7.668093e+00  1.200000e+01
     vertex -7.583977e+00 -7.762096e+00  1.200000e+01
     vertex -7.583977e+00 -7.762096e+00  3.000000e+00
   endloop
 endfacet
 facet normal  9.789017e-01 -2.043319e-01  0.000000e+00
   outer loop
     vertex -7.564356e+00 -7.668093e+00  1.200000e+01
     vertex -7.583977e+00 -7.762096e+00  3.000000e+00
     vertex -7.564356e+00 -7.668093e+00  3.000000e+00
   endloop
 endfacet
 facet normal  9.841389e-01 -1.773998e-01  0.000000e+00
   outer loop
     vertex -7.564356e+00 -7.668093e+00  1.200000e+01
     vertex -7.564356e+00 -7.668093e+00  3.000000e+00
     vertex -7.547320e+00 -7.573588e+00  3.000000e+00
   endloop
 endfacet
 facet normal  9.841389e-01 -1.773998e-01  0.000000e+00
   outer loop
     vertex -7.547320e+00 -7.573588e+00  1.200000e+01
     vertex -7.564356e+00 -7.668093e+00  1.200000e+01
     vertex -7.547320e+00 -7.573588e+00  3.000000e+00
   endloop
 endfacet
 facet normal  9.886353e-01 -1.503341e-01  0.000000e+00
   outer loop
     vertex -7.532884e+00 -7.478651e+00  1.200000e+01
     vertex -7.547320e+00 -7.573588e+00  1.200000e+01
     vertex -7.547320e+00 -7.573588e+00  3.000000e+00
   endloop
 endfacet
 facet normal  9.886353e-01 -1.503341e-01  0.000000e+00
   outer loop
     vertex -7.532884e+00 -7.478651e+00  1.200000e+01
     vertex -7.547320e+00 -7.573588e+00  3.000000e+00
     vertex -7.532884e+00 -7.478651e+00  3.000000e+00
   endloop
 endfacet
 facet normal  9.923874e-01 -1.231552e-01  0.000000e+00
   outer loop
     vertex -7.521058e+00 -7.383354e+00  1.200000e+01
     vertex -7.532884e+00 -7.478651e+00  1.200000e+01
     vertex -7.532884e+00 -7.478651e+00  3.000000e+00
   endloop
 endfacet
 facet normal  9.923874e-01 -1.231552e-01  0.000000e+00
   outer loop
     vertex -7.521058e+00 -7.383354e+00  1.200000e+01
     vertex -7.532884e+00 -7.478651e+00  3.000000e+00
     vertex -7.521058e+00 -7.383354e+00  3.000000e+00
   endloop
 endfacet
 facet normal  9.953925e-01 -9.588368e-02  0.000000e+00
   outer loop
     vertex -7.521058e+00 -7.383354e+00  1.200000e+01
     vertex -7.521058e+00 -7.383354e+00  3.000000e+00
     vertex -7.511850e+00 -7.287768e+00  3.000000e+00
   endloop
 endfacet
 facet normal  9.953925e-01 -9.588368e-02  0.000000e+00
   outer loop
     vertex -7.511850e+00 -7.287768e+00  1.200000e+01
     vertex -7.521058e+00 -7.383354e+00  1.200000e+01
     vertex -7.511850e+00 -7.287768e+00  3.000000e+00
   endloop
 endfacet
 facet normal  9.976484e-01 -6.853995e-02  0.000000e+00
   outer loop
     vertex -7.505268e+00 -7.191966e+00  1.200000e+01
     vertex -7.511850e+00 -7.287768e+00  3.000000e+00
     vertex -7.505268e+00 -7.191966e+00  3.000000e+00
   endloop
 endfacet
 facet normal  9.991532e-01 -4.114462e-02  0.000000e+00
   outer loop
     vertex -7.505268e+00 -7.191966e+00  1.200000e+01
     vertex -7.505268e+00 -7.191966e+00  3.000000e+00
     vertex -7.501317e+00 -7.096019e+00  3.000000e+00
   endloop
 endfacet
 facet normal  9.976484e-01 -6.853995e-02  0.000000e+00
   outer loop
     vertex -7.505268e+00 -7.191966e+00  1.200000e+01
     vertex -7.511850e+00 -7.287768e+00  1.200000e+01
     vertex -7.511850e+00 -7.287768e+00  3.000000e+00
   endloop
 endfacet
 facet normal  9.991532e-01 -4.114462e-02  0.000000e+00
   outer loop
     vertex -7.501317e+00 -7.096019e+00  1.200000e+01
     vertex -7.505268e+00 -7.191966e+00  1.200000e+01
     vertex -7.501317e+00 -7.096019e+00  3.000000e+00
   endloop
 endfacet
 facet normal  9.999059e-01 -1.371831e-02  0.000000e+00
   outer loop
     vertex -7.500000e+00 -7.000000e+00  1.200000e+01
     vertex -7.501317e+00 -7.096019e+00  3.000000e+00
     vertex -7.500000e+00 -7.000000e+00  3.000000e+00
   endloop
 endfacet
 facet normal  9.999059e-01 -1.371831e-02  0.000000e+00
   outer loop
     vertex -7.500000e+00 -7.000000e+00  1.200000e+01
     vertex -7.501317e+00 -7.096019e+00  1.200000e+01
     vertex -7.501317e+00 -7.096019e+00  3.000000e+00
   endloop
 endfacet
 facet normal  9.999059e-01  1.371831e-02  0.000000e+00
   outer loop
     vertex  1.449868e+01  1.709602e+01  1.200000e+01
     vertex  1.450000e+01  1.700000e+01  1.200000e+01
     vertex  1.450000e+01  1.700000e+01  3.000000e+00
   endloop
 endfacet
 facet normal  9.999059e-01  1.371831e-02  0.000000e+00
   outer loop
     vertex  1.449868e+01  1.709602e+01  1.200000e+01
     vertex  1.450000e+01  1.700000e+01  3.000000e+00
     vertex  1.449868e+01  1.709602e+01  3.000000e+00
   endloop
 endfacet
 facet normal  9.991532e-01  4.114462e-02  0.000000e+00
   outer loop
     vertex  1.449473e+01  1.719197e+01  1.200000e+01
     vertex  1.449868e+01  1.709602e+01  3.000000e+00
     vertex  1.449473e+01  1.719197e+01  3.000000e+00
   endloop
 endfacet
 facet normal  9.976484e-01  6.853995e-02  0.000000e+00
   outer loop
     vertex  1.449473e+01  1.719197e+01  1.200000e+01
     vertex  1.449473e+01  1.719197e+01  3.000000e+00
     vertex  1.448815e+01  1.728777e+01  3.000000e+00
   endloop
 endfacet
 facet normal  9.991532e-01  4.114462e-02  0.000000e+00
   outer loop
     vertex  1.449473e+01  1.719197e+01  1.200000e+01
     vertex  1.449868e+01  1.709602e+01  1.200000e+01
     vertex  1.449868e+01  1.709602e+01  3.000000e+00
   endloop
 endfacet
 facet normal  9.976484e-01  6.853995e-02  0.000000e+00
   outer loop
     vertex  1.448815e+01  1.728777e+01  1.200000e+01
     vertex  1.449473e+01  1.719197e+01  1.200000e+01
     vertex  1.448815e+01  1.728777e+01  3.000000e+00
   endloop
 endfacet
 facet normal  9.953925e-01  9.588368e-02  0.000000e+00
   outer loop
     vertex  1.447894e+01  1.738335e+01  1.200000e+01
     vertex  1.448815e+01  1.728777e+01  3.000000e+00
     vertex  1.447894e+01  1.738335e+01  3.000000e+00
   endloop
 endfacet
 facet normal  9.953925e-01  9.588368e-02  0.000000e+00
   outer loop
     vertex  1.447894e+01  1.738335e+01  1.200000e+01
     vertex  1.448815e+01  1.728777e+01  1.200000e+01
     vertex  1.448815e+01  1.728777e+01  3.000000e+00
   endloop
 endfacet
 facet normal  9.923874e-01  1.231552e-01  0.000000e+00
   outer loop
     vertex  1.446712e+01  1.747865e+01  1.200000e+01
     vertex  1.447894e+01  1.738335e+01  3.000000e+00
     vertex  1.446712e+01  1.747865e+01  3.000000e+00
   endloop
 endfacet
 facet normal  9.923874e-01  1.231552e-01  0.000000e+00
   outer loop
     vertex  1.446712e+01  1.747865e+01  1.200000e+01
     vertex  1.447894e+01  1.738335e+01  1.200000e+01
     vertex  1.447894e+01  1.738335e+01  3.000000e+00
   endloop
 endfacet
 facet normal  9.886353e-01  1.503341e-01  0.000000e+00
   outer loop
     vertex  1.445268e+01  1.757359e+01  1.200000e+01
     vertex  1.446712e+01  1.747865e+01  3.000000e+00
     vertex  1.445268e+01  1.757359e+01  3.000000e+00
   endloop
 endfacet
 facet normal  9.886353e-01  1.503341e-01  0.000000e+00
   outer loop
     vertex  1.445268e+01  1.757359e+01  1.200000e+01
     vertex  1.446712e+01  1.747865e+01  1.200000e+01
     vertex  1.446712e+01  1.747865e+01  3.000000e+00
   endloop
 endfacet
 facet normal  9.841389e-01  1.773998e-01  0.000000e+00
   outer loop
     vertex  1.443564e+01  1.766809e+01  1.200000e+01
     vertex  1.445268e+01  1.757359e+01  3.000000e+00
     vertex  1.443564e+01  1.766809e+01  3.000000e+00
   endloop
 endfacet
 facet normal  9.841389e-01  1.773998e-01  0.000000e+00
   outer loop
     vertex  1.443564e+01  1.766809e+01  1.200000e+01
     vertex  1.445268e+01  1.757359e+01  1.200000e+01
     vertex  1.445268e+01  1.757359e+01  3.000000e+00
   endloop
 endfacet
 facet normal  9.789017e-01  2.043319e-01  0.000000e+00
   outer loop
     vertex  1.441602e+01  1.776210e+01  1.200000e+01
     vertex  1.443564e+01  1.766809e+01  3.000000e+00
     vertex  1.441602e+01  1.776210e+01  3.000000e+00
   endloop
 endfacet
 facet normal  9.789017e-01  2.043319e-01  0.000000e+00
   outer loop
     vertex  1.441602e+01  1.776210e+01  1.200000e+01
     vertex  1.443564e+01  1.766809e+01  1.200000e+01
     vertex  1.443564e+01  1.766809e+01  3.000000e+00
   endloop
 endfacet
 facet normal  9.729276e-01  2.311102e-01  0.000000e+00
   outer loop
     vertex  1.439383e+01  1.785552e+01  1.200000e+01
     vertex  1.441602e+01  1.776210e+01  3.000000e+00
     vertex  1.439383e+01  1.785552e+01  3.000000e+00
   endloop
 endfacet
 facet normal  9.662211e-01  2.577146e-01  0.000000e+00
   outer loop
     vertex  1.439383e+01  1.785552e+01  1.200000e+01
     vertex  1.439383e+01  1.785552e+01  3.000000e+00
     vertex  1.436908e+01  1.794831e+01  3.000000e+00
   endloop
 endfacet
 facet normal  9.729276e-01  2.311102e-01  0.000000e+00
   outer loop
     vertex  1.439383e+01  1.785552e+01  1.200000e+01
     vertex  1.441602e+01  1.776210e+01  1.200000e+01
     vertex  1.441602e+01  1.776210e+01  3.000000e+00
   endloop
 endfacet
 facet normal  9.662211e-01  2.577146e-01  0.000000e+00
   outer loop
     vertex  1.436908e+01  1.794831e+01  1.200000e+01
     vertex  1.439383e+01  1.785552e+01  1.200000e+01
     vertex  1.436908e+01  1.794831e+01  3.000000e+00
   endloop
 endfacet
 facet normal  9.587873e-01  2.841250e-01  0.000000e+00
   outer loop
     vertex  1.436908e+01  1.794831e+01  1.200000e+01
     vertex  1.436908e+01  1.794831e+01  3.000000e+00
     vertex  1.434180e+01  1.804038e+01  3.000000e+00
   endloop
 endfacet
 facet normal  9.587873e-01  2.841250e-01  0.000000e+00
   outer loop
     vertex  1.434180e+01  1.804038e+01  1.200000e+01
     vertex  1.436908e+01  1.794831e+01  1.200000e+01
     vertex  1.434180e+01  1.804038e+01  3.000000e+00
   endloop
 endfacet
 facet normal  9.506317e-01  3.103214e-01  0.000000e+00
   outer loop
     vertex  1.434180e+01  1.804038e+01  1.200000e+01
     vertex  1.434180e+01  1.804038e+01  3.000000e+00
     vertex  1.431200e+01  1.813167e+01  3.000000e+00
   endloop
 endfacet
 facet normal  9.506317e-01  3.103214e-01  0.000000e+00
   outer loop
     vertex  1.431200e+01  1.813167e+01  1.200000e+01
     vertex  1.434180e+01  1.804038e+01  1.200000e+01
     vertex  1.431200e+01  1.813167e+01  3.000000e+00
   endloop
 endfacet
 facet normal  9.417605e-01  3.362843e-01  0.000000e+00
   outer loop
     vertex  1.427971e+01  1.822210e+01  1.200000e+01
     vertex  1.431200e+01  1.813167e+01  1.200000e+01
     vertex  1.431200e+01  1.813167e+01  3.000000e+00
   endloop
 endfacet
 facet normal  9.417605e-01  3.362843e-01  0.000000e+00
   outer loop
     vertex  1.427971e+01  1.822210e+01  1.200000e+01
     vertex  1.431200e+01  1.813167e+01  3.000000e+00
     vertex  1.427971e+01  1.822210e+01  3.000000e+00
   endloop
 endfacet
 facet normal  9.321804e-01  3.619940e-01  0.000000e+00
   outer loop
     vertex  1.424494e+01  1.831162e+01  1.200000e+01
     vertex  1.427971e+01  1.822210e+01  1.200000e+01
     vertex  1.427971e+01  1.822210e+01  3.000000e+00
   endloop
 endfacet
 facet normal  9.321804e-01  3.619940e-01  0.000000e+00
   outer loop
     vertex  1.424494e+01  1.831162e+01  1.200000e+01
     vertex  1.427971e+01  1.822210e+01  3.000000e+00
     vertex  1.424494e+01  1.831162e+01  3.000000e+00
   endloop
 endfacet
 facet normal  9.218986e-01  3.874313e-01  0.000000e+00
   outer loop
     vertex  1.424494e+01  1.831162e+01  1.200000e+01
     vertex  1.424494e+01  1.831162e+01  3.000000e+00
     vertex  1.420774e+01  1.840015e+01  3.000000e+00
   endloop
 endfacet
 facet normal  9.218986e-01  3.874313e-01  0.000000e+00
   outer loop
     vertex  1.420774e+01  1.840015e+01  1.200000e+01
     vertex  1.424494e+01  1.831162e+01  1.200000e+01
     vertex  1.420774e+01  1.840015e+01  3.000000e+00
   endloop
 endfacet
 facet normal  9.109228e-01  4.125769e-01  0.000000e+00
   outer loop
     vertex  1.416812e+01  1.848762e+01  1.200000e+01
     vertex  1.420774e+01  1.840015e+01  1.200000e+01
     vertex  1.420774e+01  1.840015e+01  3.000000e+00
   endloop
 endfacet
 facet normal  9.109228e-01  4.125769e-01  0.000000e+00
   outer loop
     vertex  1.416812e+01  1.848762e+01  1.200000e+01
     vertex  1.420774e+01  1.840015e+01  3.000000e+00
     vertex  1.416812e+01  1.848762e+01  3.000000e+00
   endloop
 endfacet
 facet normal  8.992613e-01  4.374119e-01  0.000000e+00
   outer loop
     vertex  1.416812e+01  1.848762e+01  1.200000e+01
     vertex  1.416812e+01  1.848762e+01  3.000000e+00
     vertex  1.412612e+01  1.857397e+01  3.000000e+00
   endloop
 endfacet
 facet normal  8.992613e-01  4.374119e-01  0.000000e+00
   outer loop
     vertex  1.412612e+01  1.857397e+01  1.200000e+01
     vertex  1.416812e+01  1.848762e+01  1.200000e+01
     vertex  1.412612e+01  1.857397e+01  3.000000e+00
   endloop
 endfacet
 facet normal  8.869228e-01  4.619176e-01  0.000000e+00
   outer loop
     vertex  1.408176e+01  1.865914e+01  1.200000e+01
     vertex  1.412612e+01  1.857397e+01  1.200000e+01
     vertex  1.412612e+01  1.857397e+01  3.000000e+00
   endloop
 endfacet
 facet normal  8.869228e-01  4.619176e-01  0.000000e+00
   outer loop
     vertex  1.408176e+01  1.865914e+01  1.200000e+01
     vertex  1.412612e+01  1.857397e+01  3.000000e+00
     vertex  1.408176e+01  1.865914e+01  3.000000e+00
   endloop
 endfacet
 facet normal  8.739167e-01  4.860756e-01  0.000000e+00
   outer loop
     vertex  1.403508e+01  1.874306e+01  1.200000e+01
     vertex  1.408176e+01  1.865914e+01  1.200000e+01
     vertex  1.408176e+01  1.865914e+01  3.000000e+00
   endloop
 endfacet
 facet normal  8.739167e-01  4.860756e-01  0.000000e+00
   outer loop
     vertex  1.403508e+01  1.874306e+01  1.200000e+01
     vertex  1.408176e+01  1.865914e+01  3.000000e+00
     vertex  1.403508e+01  1.874306e+01  3.000000e+00
   endloop
 endfacet
 facet normal  8.602528e-01  5.098678e-01  0.000000e+00
   outer loop
     vertex  1.403508e+01  1.874306e+01  1.200000e+01
     vertex  1.403508e+01  1.874306e+01  3.000000e+00
     vertex  1.398612e+01  1.882567e+01  3.000000e+00
   endloop
 endfacet
 facet normal  8.602528e-01  5.098678e-01  0.000000e+00
   outer loop
     vertex  1.398612e+01  1.882567e+01  1.200000e+01
     vertex  1.403508e+01  1.874306e+01  1.200000e+01
     vertex  1.398612e+01  1.882567e+01  3.000000e+00
   endloop
 endfacet
 facet normal  8.459413e-01  5.332761e-01  0.000000e+00
   outer loop
     vertex  1.393491e+01  1.890691e+01  1.200000e+01
     vertex  1.398612e+01  1.882567e+01  1.200000e+01
     vertex  1.398612e+01  1.882567e+01  3.000000e+00
   endloop
 endfacet
 facet normal  8.459413e-01  5.332761e-01  0.000000e+00
   outer loop
     vertex  1.393491e+01  1.890691e+01  1.200000e+01
     vertex  1.398612e+01  1.882567e+01  3.000000e+00
     vertex  1.393491e+01  1.890691e+01  3.000000e+00
   endloop
 endfacet
 facet normal  8.309929e-01  5.562829e-01  0.000000e+00
   outer loop
     vertex  1.388149e+01  1.898671e+01  1.200000e+01
     vertex  1.393491e+01  1.890691e+01  3.000000e+00
     vertex  1.388149e+01  1.898671e+01  3.000000e+00
   endloop
 endfacet
 facet normal  8.309929e-01  5.562829e-01  0.000000e+00
   outer loop
     vertex  1.388149e+01  1.898671e+01  1.200000e+01
     vertex  1.393491e+01  1.890691e+01  1.200000e+01
     vertex  1.393491e+01  1.890691e+01  3.000000e+00
   endloop
 endfacet
 facet normal  8.154191e-01  5.788711e-01  0.000000e+00
   outer loop
     vertex  1.382590e+01  1.906501e+01  1.200000e+01
     vertex  1.388149e+01  1.898671e+01  3.000000e+00
     vertex  1.382590e+01  1.906501e+01  3.000000e+00
   endloop
 endfacet
 facet normal  7.992314e-01  6.010234e-01  0.000000e+00
   outer loop
     vertex  1.382590e+01  1.906501e+01  1.200000e+01
     vertex  1.382590e+01  1.906501e+01  3.000000e+00
     vertex  1.376819e+01  1.914176e+01  3.000000e+00
   endloop
 endfacet
 facet normal  8.154191e-01  5.788711e-01  0.000000e+00
   outer loop
     vertex  1.382590e+01  1.906501e+01  1.200000e+01
     vertex  1.388149e+01  1.898671e+01  1.200000e+01
     vertex  1.388149e+01  1.898671e+01  3.000000e+00
   endloop
 endfacet
 facet normal  7.992314e-01  6.010234e-01  0.000000e+00
   outer loop
     vertex  1.376819e+01  1.914176e+01  1.200000e+01
     vertex  1.382590e+01  1.906501e+01  1.200000e+01
     vertex  1.376819e+01  1.914176e+01  3.000000e+00
   endloop
 endfacet
 facet normal  7.824421e-01  6.227234e-01  0.000000e+00
   outer loop
     vertex  1.370839e+01  1.921689e+01  1.200000e+01
     vertex  1.376819e+01  1.914176e+01  3.000000e+00
     vertex  1.370839e+01  1.921689e+01  3.000000e+00
   endloop
 endfacet
 facet normal  7.824421e-01  6.227234e-01  0.000000e+00
   outer loop
     vertex  1.370839e+01  1.921689e+01  1.200000e+01
     vertex  1.376819e+01  1.914176e+01  1.200000e+01
     vertex  1.376819e+01  1.914176e+01  3.000000e+00
   endloop
 endfacet
 facet normal  7.650637e-01  6.439545e-01  0.000000e+00
   outer loop
     vertex  1.364655e+01  1.929036e+01  1.200000e+01
     vertex  1.370839e+01  1.921689e+01  3.000000e+00
     vertex  1.364655e+01  1.929036e+01  3.000000e+00
   endloop
 endfacet
 facet normal  7.471095e-01  6.647010e-01  0.000000e+00
   outer loop
     vertex  1.364655e+01  1.929036e+01  1.200000e+01
     vertex  1.364655e+01  1.929036e+01  3.000000e+00
     vertex  1.358272e+01  1.936211e+01  3.000000e+00
   endloop
 endfacet
 facet normal  7.650637e-01  6.439545e-01  0.000000e+00
   outer loop
     vertex  1.364655e+01  1.929036e+01  1.200000e+01
     vertex  1.370839e+01  1.921689e+01  1.200000e+01
     vertex  1.370839e+01  1.921689e+01  3.000000e+00
   endloop
 endfacet
 facet normal  7.471095e-01  6.647010e-01  0.000000e+00
   outer loop
     vertex  1.358272e+01  1.936211e+01  1.200000e+01
     vertex  1.364655e+01  1.929036e+01  1.200000e+01
     vertex  1.358272e+01  1.936211e+01  3.000000e+00
   endloop
 endfacet
 facet normal  7.285929e-01  6.849470e-01  0.000000e+00
   outer loop
     vertex  1.351695e+01  1.943207e+01  1.200000e+01
     vertex  1.358272e+01  1.936211e+01  3.000000e+00
     vertex  1.351695e+01  1.943207e+01  3.000000e+00
   endloop
 endfacet
 facet normal  7.095278e-01  7.046775e-01  0.000000e+00
   outer loop
     vertex  1.351695e+01  1.943207e+01  1.200000e+01
     vertex  1.351695e+01  1.943207e+01  3.000000e+00
     vertex  1.344928e+01  1.950021e+01  3.000000e+00
   endloop
 endfacet
 facet normal  7.285929e-01  6.849470e-01  0.000000e+00
   outer loop
     vertex  1.351695e+01  1.943207e+01  1.200000e+01
     vertex  1.358272e+01  1.936211e+01  1.200000e+01
     vertex  1.358272e+01  1.936211e+01  3.000000e+00
   endloop
 endfacet
 facet normal  7.095278e-01  7.046775e-01  0.000000e+00
   outer loop
     vertex  1.344928e+01  1.950021e+01  1.200000e+01
     vertex  1.351695e+01  1.943207e+01  1.200000e+01
     vertex  1.344928e+01  1.950021e+01  3.000000e+00
   endloop
 endfacet
 facet normal  6.899286e-01  7.238775e-01  0.000000e+00
   outer loop
     vertex  1.337977e+01  1.956646e+01  1.200000e+01
     vertex  1.344928e+01  1.950021e+01  3.000000e+00
     vertex  1.337977e+01  1.956646e+01  3.000000e+00
   endloop
 endfacet
 facet normal  6.899286e-01  7.238775e-01  0.000000e+00
   outer loop
     vertex  1.337977e+01  1.956646e+01  1.200000e+01
     vertex  1.344928e+01  1.950021e+01  1.200000e+01
     vertex  1.344928e+01  1.950021e+01  3.000000e+00
   endloop
 endfacet
 facet normal  6.698100e-01  7.425325e-01  0.000000e+00
   outer loop
     vertex  1.330846e+01  1.963078e+01  1.200000e+01
     vertex  1.337977e+01  1.956646e+01  3.000000e+00
     vertex  1.330846e+01  1.963078e+01  3.000000e+00
   endloop
 endfacet
 facet normal  6.491872e-01  7.606287e-01  0.000000e+00
   outer loop
     vertex  1.330846e+01  1.963078e+01  1.200000e+01
     vertex  1.330846e+01  1.963078e+01  3.000000e+00
     vertex  1.323542e+01  1.969312e+01  3.000000e+00
   endloop
 endfacet
 facet normal  6.698100e-01  7.425325e-01  0.000000e+00
   outer loop
     vertex  1.330846e+01  1.963078e+01  1.200000e+01
     vertex  1.337977e+01  1.956646e+01  1.200000e+01
     vertex  1.337977e+01  1.956646e+01  3.000000e+00
   endloop
 endfacet
 facet normal  6.491872e-01  7.606287e-01  0.000000e+00
   outer loop
     vertex  1.323542e+01  1.969312e+01  1.200000e+01
     vertex  1.330846e+01  1.963078e+01  1.200000e+01
     vertex  1.323542e+01  1.969312e+01  3.000000e+00
   endloop
 endfacet
 facet normal  6.280757e-01  7.781522e-01  0.000000e+00
   outer loop
     vertex  1.316070e+01  1.975343e+01  1.200000e+01
     vertex  1.323542e+01  1.969312e+01  3.000000e+00
     vertex  1.316070e+01  1.975343e+01  3.000000e+00
   endloop
 endfacet
 facet normal  6.064915e-01  7.950900e-01  0.000000e+00
   outer loop
     vertex  1.316070e+01  1.975343e+01  1.200000e+01
     vertex  1.316070e+01  1.975343e+01  3.000000e+00
     vertex  1.308434e+01  1.981167e+01  3.000000e+00
   endloop
 endfacet
 facet normal  6.280757e-01  7.781522e-01  0.000000e+00
   outer loop
     vertex  1.316070e+01  1.975343e+01  1.200000e+01
     vertex  1.323542e+01  1.969312e+01  1.200000e+01
     vertex  1.323542e+01  1.969312e+01  3.000000e+00
   endloop
 endfacet
 facet normal  6.064915e-01  7.950900e-01  0.000000e+00
   outer loop
     vertex  1.308434e+01  1.981167e+01  1.200000e+01
     vertex  1.316070e+01  1.975343e+01  1.200000e+01
     vertex  1.308434e+01  1.981167e+01  3.000000e+00
   endloop
 endfacet
 facet normal  5.844507e-01  8.114292e-01  0.000000e+00
   outer loop
     vertex  1.300642e+01  1.986780e+01  1.200000e+01
     vertex  1.308434e+01  1.981167e+01  1.200000e+01
     vertex  1.308434e+01  1.981167e+01  3.000000e+00
   endloop
 endfacet
 facet normal  5.844507e-01  8.114292e-01  0.000000e+00
   outer loop
     vertex  1.300642e+01  1.986780e+01  1.200000e+01
     vertex  1.308434e+01  1.981167e+01  3.000000e+00
     vertex  1.300642e+01  1.986780e+01  3.000000e+00
   endloop
 endfacet
 facet normal  5.619699e-01  8.271577e-01  0.000000e+00
   outer loop
     vertex  1.292699e+01  1.992176e+01  1.200000e+01
     vertex  1.300642e+01  1.986780e+01  3.000000e+00
     vertex  1.292699e+01  1.992176e+01  3.000000e+00
   endloop
 endfacet
 facet normal  5.619699e-01  8.271577e-01  0.000000e+00
   outer loop
     vertex  1.292699e+01  1.992176e+01  1.200000e+01
     vertex  1.300642e+01  1.986780e+01  1.200000e+01
     vertex  1.300642e+01  1.986780e+01  3.000000e+00
   endloop
 endfacet
 facet normal  5.390661e-01  8.422635e-01  0.000000e+00
   outer loop
     vertex  1.284611e+01  1.997353e+01  1.200000e+01
     vertex  1.292699e+01  1.992176e+01  1.200000e+01
     vertex  1.292699e+01  1.992176e+01  3.000000e+00
   endloop
 endfacet
 facet normal  5.390661e-01  8.422635e-01  0.000000e+00
   outer loop
     vertex  1.284611e+01  1.997353e+01  1.200000e+01
     vertex  1.292699e+01  1.992176e+01  3.000000e+00
     vertex  1.284611e+01  1.997353e+01  3.000000e+00
   endloop
 endfacet
 facet normal  5.157565e-01  8.567352e-01  0.000000e+00
   outer loop
     vertex  1.284611e+01  1.997353e+01  1.200000e+01
     vertex  1.284611e+01  1.997353e+01  3.000000e+00
     vertex  1.276384e+01  2.002305e+01  3.000000e+00
   endloop
 endfacet
 facet normal  5.157565e-01  8.567352e-01  0.000000e+00
   outer loop
     vertex  1.276384e+01  2.002305e+01  1.200000e+01
     vertex  1.284611e+01  1.997353e+01  1.200000e+01
     vertex  1.276384e+01  2.002305e+01  3.000000e+00
   endloop
 endfacet
 facet normal  4.920587e-01  8.705620e-01  0.000000e+00
   outer loop
     vertex  1.268024e+01  2.007031e+01  1.200000e+01
     vertex  1.276384e+01  2.002305e+01  1.200000e+01
     vertex  1.276384e+01  2.002305e+01  3.000000e+00
   endloop
 endfacet
 facet normal  4.920587e-01  8.705620e-01  0.000000e+00
   outer loop
     vertex  1.268024e+01  2.007031e+01  1.200000e+01
     vertex  1.276384e+01  2.002305e+01  3.000000e+00
     vertex  1.268024e+01  2.007031e+01  3.000000e+00
   endloop
 endfacet
 facet normal  4.679904e-01  8.837335e-01  0.000000e+00
   outer loop
     vertex  1.268024e+01  2.007031e+01  1.200000e+01
     vertex  1.268024e+01  2.007031e+01  3.000000e+00
     vertex  1.259538e+01  2.011525e+01  3.000000e+00
   endloop
 endfacet
 facet normal  4.679904e-01  8.837335e-01  0.000000e+00
   outer loop
     vertex  1.259538e+01  2.011525e+01  1.200000e+01
     vertex  1.268024e+01  2.007031e+01  1.200000e+01
     vertex  1.259538e+01  2.011525e+01  3.000000e+00
   endloop
 endfacet
 facet normal  4.435699e-01  8.962398e-01  0.000000e+00
   outer loop
     vertex  1.250932e+01  2.015784e+01  1.200000e+01
     vertex  1.259538e+01  2.011525e+01  1.200000e+01
     vertex  1.259538e+01  2.011525e+01  3.000000e+00
   endloop
 endfacet
 facet normal  4.435699e-01  8.962398e-01  0.000000e+00
   outer loop
     vertex  1.250932e+01  2.015784e+01  1.200000e+01
     vertex  1.259538e+01  2.011525e+01  3.000000e+00
     vertex  1.250932e+01  2.015784e+01  3.000000e+00
   endloop
 endfacet
 facet normal  4.188155e-01  9.080714e-01  0.000000e+00
   outer loop
     vertex  1.250932e+01  2.015784e+01  1.200000e+01
     vertex  1.250932e+01  2.015784e+01  3.000000e+00
     vertex  1.242212e+01  2.019806e+01  3.000000e+00
   endloop
 endfacet
 facet normal  4.188155e-01  9.080714e-01  0.000000e+00
   outer loop
     vertex  1.242212e+01  2.019806e+01  1.200000e+01
     vertex  1.250932e+01  2.015784e+01  1.200000e+01
     vertex  1.242212e+01  2.019806e+01  3.000000e+00
   endloop
 endfacet
 facet normal  3.937458e-01  9.192194e-01  0.000000e+00
   outer loop
     vertex  1.233384e+01  2.023587e+01  1.200000e+01
     vertex  1.242212e+01  2.019806e+01  1.200000e+01
     vertex  1.242212e+01  2.019806e+01  3.000000e+00
   endloop
 endfacet
 facet normal  3.937458e-01  9.192194e-01  0.000000e+00
   outer loop
     vertex  1.233384e+01  2.023587e+01  1.200000e+01
     vertex  1.242212e+01  2.019806e+01  3.000000e+00
     vertex  1.233384e+01  2.023587e+01  3.000000e+00
   endloop
 endfacet
 facet normal  3.683796e-01  9.296754e-01  0.000000e+00
   outer loop
     vertex  1.233384e+01  2.023587e+01  1.200000e+01
     vertex  1.233384e+01  2.023587e+01  3.000000e+00
     vertex  1.224457e+01  2.027125e+01  3.000000e+00
   endloop
 endfacet
 facet normal  3.683796e-01  9.296754e-01  0.000000e+00
   outer loop
     vertex  1.224457e+01  2.027125e+01  1.200000e+01
     vertex  1.233384e+01  2.023587e+01  1.200000e+01
     vertex  1.224457e+01  2.027125e+01  3.000000e+00
   endloop
 endfacet
 facet normal  3.427362e-01  9.394317e-01  0.000000e+00
   outer loop
     vertex  1.215436e+01  2.030416e+01  1.200000e+01
     vertex  1.224457e+01  2.027125e+01  1.200000e+01
     vertex  1.224457e+01  2.027125e+01  3.000000e+00
   endloop
 endfacet
 facet normal  3.427362e-01  9.394317e-01  0.000000e+00
   outer loop
     vertex  1.215436e+01  2.030416e+01  1.200000e+01
     vertex  1.224457e+01  2.027125e+01  3.000000e+00
     vertex  1.215436e+01  2.030416e+01  3.000000e+00
   endloop
 endfacet
 facet normal  3.168348e-01  9.484807e-01  0.000000e+00
   outer loop
     vertex  1.215436e+01  2.030416e+01  1.200000e+01
     vertex  1.215436e+01  2.030416e+01  3.000000e+00
     vertex  1.206328e+01  2.033458e+01  3.000000e+00
   endloop
 endfacet
 facet normal  3.168348e-01  9.484807e-01  0.000000e+00
   outer loop
     vertex  1.206328e+01  2.033458e+01  1.200000e+01
     vertex  1.215436e+01  2.030416e+01  1.200000e+01
     vertex  1.206328e+01  2.033458e+01  3.000000e+00
   endloop
 endfacet
 facet normal  2.906949e-01  9.568158e-01  0.000000e+00
   outer loop
     vertex  1.197140e+01  2.036250e+01  1.200000e+01
     vertex  1.206328e+01  2.033458e+01  1.200000e+01
     vertex  1.206328e+01  2.033458e+01  3.000000e+00
   endloop
 endfacet
 facet normal  2.906949e-01  9.568158e-01  0.000000e+00
   outer loop
     vertex  1.197140e+01  2.036250e+01  1.200000e+01
     vertex  1.206328e+01  2.033458e+01  3.000000e+00
     vertex  1.197140e+01  2.036250e+01  3.000000e+00
   endloop
 endfacet
 facet normal  2.643362e-01  9.644306e-01  0.000000e+00
   outer loop
     vertex  1.197140e+01  2.036250e+01  1.200000e+01
     vertex  1.197140e+01  2.036250e+01  3.000000e+00
     vertex  1.187878e+01  2.038788e+01  3.000000e+00
   endloop
 endfacet
 facet normal  2.643362e-01  9.644306e-01  0.000000e+00
   outer loop
     vertex  1.187878e+01  2.038788e+01  1.200000e+01
     vertex  1.197140e+01  2.036250e+01  1.200000e+01
     vertex  1.187878e+01  2.038788e+01  3.000000e+00
   endloop
 endfacet
 facet normal  2.377784e-01  9.713194e-01  0.000000e+00
   outer loop
     vertex  1.178551e+01  2.041071e+01  1.200000e+01
     vertex  1.187878e+01  2.038788e+01  1.200000e+01
     vertex  1.187878e+01  2.038788e+01  3.000000e+00
   endloop
 endfacet
 facet normal  2.377784e-01  9.713194e-01  0.000000e+00
   outer loop
     vertex  1.178551e+01  2.041071e+01  1.200000e+01
     vertex  1.187878e+01  2.038788e+01  3.000000e+00
     vertex  1.178551e+01  2.041071e+01  3.000000e+00
   endloop
 endfacet
 facet normal  2.110417e-01  9.774771e-01  0.000000e+00
   outer loop
     vertex  1.178551e+01  2.041071e+01  1.200000e+01
     vertex  1.178551e+01  2.041071e+01  3.000000e+00
     vertex  1.169164e+01  2.043098e+01  3.000000e+00
   endloop
 endfacet
 facet normal  2.110417e-01  9.774771e-01  0.000000e+00
   outer loop
     vertex  1.169164e+01  2.043098e+01  1.200000e+01
     vertex  1.178551e+01  2.041071e+01  1.200000e+01
     vertex  1.169164e+01  2.043098e+01  3.000000e+00
   endloop
 endfacet
 facet normal  1.841461e-01  9.828989e-01  0.000000e+00
   outer loop
     vertex  1.159726e+01  2.044866e+01  1.200000e+01
     vertex  1.169164e+01  2.043098e+01  1.200000e+01
     vertex  1.169164e+01  2.043098e+01  3.000000e+00
   endloop
 endfacet
 facet normal  1.841461e-01  9.828989e-01  0.000000e+00
   outer loop
     vertex  1.159726e+01  2.044866e+01  1.200000e+01
     vertex  1.169164e+01  2.043098e+01  3.000000e+00
     vertex  1.159726e+01  2.044866e+01  3.000000e+00
   endloop
 endfacet
 facet normal  1.571119e-01  9.875808e-01  0.000000e+00
   outer loop
     vertex  1.159726e+01  2.044866e+01  1.200000e+01
     vertex  1.159726e+01  2.044866e+01  3.000000e+00
     vertex  1.150242e+01  2.046375e+01  3.000000e+00
   endloop
 endfacet
 facet normal  1.571119e-01  9.875808e-01  0.000000e+00
   outer loop
     vertex  1.150242e+01  2.046375e+01  1.200000e+01
     vertex  1.159726e+01  2.044866e+01  1.200000e+01
     vertex  1.150242e+01  2.046375e+01  3.000000e+00
   endloop
 endfacet
 facet normal  1.299594e-01  9.915193e-01  0.000000e+00
   outer loop
     vertex  1.150242e+01  2.046375e+01  1.200000e+01
     vertex  1.150242e+01  2.046375e+01  3.000000e+00
     vertex  1.140721e+01  2.047623e+01  3.000000e+00
   endloop
 endfacet
 facet normal  1.299594e-01  9.915193e-01  0.000000e+00
   outer loop
     vertex  1.140721e+01  2.047623e+01  1.200000e+01
     vertex  1.150242e+01  2.046375e+01  1.200000e+01
     vertex  1.140721e+01  2.047623e+01  3.000000e+00
   endloop
 endfacet
 facet normal  1.027091e-01  9.947114e-01  0.000000e+00
   outer loop
     vertex  1.131169e+01  2.048609e+01  1.200000e+01
     vertex  1.140721e+01  2.047623e+01  1.200000e+01
     vertex  1.140721e+01  2.047623e+01  3.000000e+00
   endloop
 endfacet
 facet normal  1.027091e-01  9.947114e-01  0.000000e+00
   outer loop
     vertex  1.131169e+01  2.048609e+01  1.200000e+01
     vertex  1.140721e+01  2.047623e+01  3.000000e+00
     vertex  1.131169e+01  2.048609e+01  3.000000e+00
   endloop
 endfacet
 facet normal  7.538152e-02  9.971548e-01  0.000000e+00
   outer loop
     vertex  1.121593e+01  2.049333e+01  1.200000e+01
     vertex  1.131169e+01  2.048609e+01  1.200000e+01
     vertex  1.131169e+01  2.048609e+01  3.000000e+00
   endloop
 endfacet
 facet normal  7.538152e-02  9.971548e-01  0.000000e+00
   outer loop
     vertex  1.121593e+01  2.049333e+01  1.200000e+01
     vertex  1.131169e+01  2.048609e+01  3.000000e+00
     vertex  1.121593e+01  2.049333e+01  3.000000e+00
   endloop
 endfacet
 facet normal  4.799716e-02  9.988475e-01  0.000000e+00
   outer loop
     vertex  1.121593e+01  2.049333e+01  1.200000e+01
     vertex  1.121593e+01  2.049333e+01  3.000000e+00
     vertex  1.112002e+01  2.049794e+01  3.000000e+00
   endloop
 endfacet
 facet normal  2.057667e-02  9.997883e-01  0.000000e+00
   outer loop
     vertex  1.112002e+01  2.049794e+01  1.200000e+01
     vertex  1.112002e+01  2.049794e+01  3.000000e+00
     vertex  1.102401e+01  2.049992e+01  3.000000e+00
   endloop
 endfacet
 facet normal  4.799716e-02  9.988475e-01  0.000000e+00
   outer loop
     vertex  1.112002e+01  2.049794e+01  1.200000e+01
     vertex  1.121593e+01  2.049333e+01  1.200000e+01
     vertex  1.112002e+01  2.049794e+01  3.000000e+00
   endloop
 endfacet
 facet normal  2.057667e-02  9.997883e-01  0.000000e+00
   outer loop
     vertex  1.102401e+01  2.049992e+01  1.200000e+01
     vertex  1.112002e+01  2.049794e+01  1.200000e+01
     vertex  1.102401e+01  2.049992e+01  3.000000e+00
   endloop
 endfacet
 facet normal -6.859319e-03  9.999765e-01  0.000000e+00
   outer loop
     vertex  1.092798e+01  2.049926e+01  1.200000e+01
     vertex  1.102401e+01  2.049992e+01  3.000000e+00
     vertex  1.092798e+01  2.049926e+01  3.000000e+00
   endloop
 endfacet
 facet normal -3.429014e-02  9.994119e-01  0.000000e+00
   outer loop
     vertex  1.092798e+01  2.049926e+01  1.200000e+01
     vertex  1.092798e+01  2.049926e+01  3.000000e+00
     vertex  1.083201e+01  2.049597e+01  3.000000e+00
   endloop
 endfacet
 facet normal -6.859319e-03  9.999765e-01  0.000000e+00
   outer loop
     vertex  1.092798e+01  2.049926e+01  1.200000e+01
     vertex  1.102401e+01  2.049992e+01  1.200000e+01
     vertex  1.102401e+01  2.049992e+01  3.000000e+00
   endloop
 endfacet
 facet normal -6.169515e-02  9.980950e-01  0.000000e+00
   outer loop
     vertex  1.083201e+01  2.049597e+01  1.200000e+01
     vertex  1.083201e+01  2.049597e+01  3.000000e+00
     vertex  1.073616e+01  2.049004e+01  3.000000e+00
   endloop
 endfacet
 facet normal -3.429014e-02  9.994119e-01  0.000000e+00
   outer loop
     vertex  1.083201e+01  2.049597e+01  1.200000e+01
     vertex  1.092798e+01  2.049926e+01  1.200000e+01
     vertex  1.083201e+01  2.049597e+01  3.000000e+00
   endloop
 endfacet
 facet normal -6.169515e-02  9.980950e-01  0.000000e+00
   outer loop
     vertex  1.073616e+01  2.049004e+01  1.200000e+01
     vertex  1.083201e+01  2.049597e+01  1.200000e+01
     vertex  1.073616e+01  2.049004e+01  3.000000e+00
   endloop
 endfacet
 facet normal -8.905371e-02  9.960268e-01  0.000000e+00
   outer loop
     vertex  1.064052e+01  2.048149e+01  1.200000e+01
     vertex  1.073616e+01  2.049004e+01  1.200000e+01
     vertex  1.073616e+01  2.049004e+01  3.000000e+00
   endloop
 endfacet
 facet normal -8.905371e-02  9.960268e-01  0.000000e+00
   outer loop
     vertex  1.064052e+01  2.048149e+01  1.200000e+01
     vertex  1.073616e+01  2.049004e+01  3.000000e+00
     vertex  1.064052e+01  2.048149e+01  3.000000e+00
   endloop
 endfacet
 facet normal -1.163452e-01  9.932088e-01  0.000000e+00
   outer loop
     vertex  1.054514e+01  2.047032e+01  1.200000e+01
     vertex  1.064052e+01  2.048149e+01  1.200000e+01
     vertex  1.064052e+01  2.048149e+01  3.000000e+00
   endloop
 endfacet
 facet normal -1.163452e-01  9.932088e-01  0.000000e+00
   outer loop
     vertex  1.054514e+01  2.047032e+01  1.200000e+01
     vertex  1.064052e+01  2.048149e+01  3.000000e+00
     vertex  1.054514e+01  2.047032e+01  3.000000e+00
   endloop
 endfacet
 facet normal -1.435492e-01  9.896432e-01  0.000000e+00
   outer loop
     vertex  1.045011e+01  2.045653e+01  1.200000e+01
     vertex  1.054514e+01  2.047032e+01  1.200000e+01
     vertex  1.054514e+01  2.047032e+01  3.000000e+00
   endloop
 endfacet
 facet normal -1.435492e-01  9.896432e-01  0.000000e+00
   outer loop
     vertex  1.045011e+01  2.045653e+01  1.200000e+01
     vertex  1.054514e+01  2.047032e+01  3.000000e+00
     vertex  1.045011e+01  2.045653e+01  3.000000e+00
   endloop
 endfacet
 facet normal -1.706451e-01  9.853326e-01  0.000000e+00
   outer loop
     vertex  1.035549e+01  2.044015e+01  1.200000e+01
     vertex  1.045011e+01  2.045653e+01  1.200000e+01
     vertex  1.045011e+01  2.045653e+01  3.000000e+00
   endloop
 endfacet
 facet normal -1.706451e-01  9.853326e-01  0.000000e+00
   outer loop
     vertex  1.035549e+01  2.044015e+01  1.200000e+01
     vertex  1.045011e+01  2.045653e+01  3.000000e+00
     vertex  1.035549e+01  2.044015e+01  3.000000e+00
   endloop
 endfacet
 facet normal -1.976125e-01  9.802802e-01  0.000000e+00
   outer loop
     vertex  1.035549e+01  2.044015e+01  1.200000e+01
     vertex  1.035549e+01  2.044015e+01  3.000000e+00
     vertex  1.026135e+01  2.042117e+01  3.000000e+00
   endloop
 endfacet
 facet normal -1.976125e-01  9.802802e-01  0.000000e+00
   outer loop
     vertex  1.026135e+01  2.042117e+01  1.200000e+01
     vertex  1.035549e+01  2.044015e+01  1.200000e+01
     vertex  1.026135e+01  2.042117e+01  3.000000e+00
   endloop
 endfacet
 facet normal -2.244312e-01  9.744899e-01  0.000000e+00
   outer loop
     vertex  1.026135e+01  2.042117e+01  1.200000e+01
     vertex  1.026135e+01  2.042117e+01  3.000000e+00
     vertex  1.016778e+01  2.039962e+01  3.000000e+00
   endloop
 endfacet
 facet normal -2.244312e-01  9.744899e-01  0.000000e+00
   outer loop
     vertex  1.016778e+01  2.039962e+01  1.200000e+01
     vertex  1.026135e+01  2.042117e+01  1.200000e+01
     vertex  1.016778e+01  2.039962e+01  3.000000e+00
   endloop
 endfacet
 facet normal -2.510809e-01  9.679661e-01  0.000000e+00
   outer loop
     vertex  1.007482e+01  2.037551e+01  1.200000e+01
     vertex  1.016778e+01  2.039962e+01  1.200000e+01
     vertex  1.016778e+01  2.039962e+01  3.000000e+00
   endloop
 endfacet
 facet normal -2.510809e-01  9.679661e-01  0.000000e+00
   outer loop
     vertex  1.007482e+01  2.037551e+01  1.200000e+01
     vertex  1.016778e+01  2.039962e+01  3.000000e+00
     vertex  1.007482e+01  2.037551e+01  3.000000e+00
   endloop
 endfacet
 facet normal -2.775416e-01  9.607136e-01  0.000000e+00
   outer loop
     vertex  1.007482e+01  2.037551e+01  1.200000e+01
     vertex  1.007482e+01  2.037551e+01  3.000000e+00
     vertex  9.982568e+00  2.034886e+01  3.000000e+00
   endloop
 endfacet
 facet normal -2.775416e-01  9.607136e-01  0.000000e+00
   outer loop
     vertex  9.982568e+00  2.034886e+01  1.200000e+01
     vertex  1.007482e+01  2.037551e+01  1.200000e+01
     vertex  9.982568e+00  2.034886e+01  3.000000e+00
   endloop
 endfacet
 facet normal -3.037934e-01  9.527379e-01  0.000000e+00
   outer loop
     vertex  9.982568e+00  2.034886e+01  1.200000e+01
     vertex  9.982568e+00  2.034886e+01  3.000000e+00
     vertex  9.891078e+00  2.031968e+01  3.000000e+00
   endloop
 endfacet
 facet normal -3.037934e-01  9.527379e-01  0.000000e+00
   outer loop
     vertex  9.891078e+00  2.031968e+01  1.200000e+01
     vertex  9.982568e+00  2.034886e+01  1.200000e+01
     vertex  9.891078e+00  2.031968e+01  3.000000e+00
   endloop
 endfacet
 facet normal -3.298166e-01  9.440450e-01  0.000000e+00
   outer loop
     vertex  9.800423e+00  2.028801e+01  1.200000e+01
     vertex  9.891078e+00  2.031968e+01  1.200000e+01
     vertex  9.891078e+00  2.031968e+01  3.000000e+00
   endloop
 endfacet
 facet normal -3.298166e-01  9.440450e-01  0.000000e+00
   outer loop
     vertex  9.800423e+00  2.028801e+01  1.200000e+01
     vertex  9.891078e+00  2.031968e+01  3.000000e+00
     vertex  9.800423e+00  2.028801e+01  3.000000e+00
   endloop
 endfacet
 facet normal -3.555914e-01  9.346415e-01  0.000000e+00
   outer loop
     vertex  9.710671e+00  2.025386e+01  1.200000e+01
     vertex  9.800423e+00  2.028801e+01  1.200000e+01
     vertex  9.800423e+00  2.028801e+01  3.000000e+00
   endloop
 endfacet
 facet normal -3.555914e-01  9.346415e-01  0.000000e+00
   outer loop
     vertex  9.710671e+00  2.025386e+01  1.200000e+01
     vertex  9.800423e+00  2.028801e+01  3.000000e+00
     vertex  9.710671e+00  2.025386e+01  3.000000e+00
   endloop
 endfacet
 facet normal -3.810986e-01  9.245344e-01  0.000000e+00
   outer loop
     vertex  9.710671e+00  2.025386e+01  1.200000e+01
     vertex  9.710671e+00  2.025386e+01  3.000000e+00
     vertex  9.621890e+00  2.021727e+01  3.000000e+00
   endloop
 endfacet
 facet normal -4.063188e-01  9.137314e-01  0.000000e+00
   outer loop
     vertex  9.621890e+00  2.021727e+01  1.200000e+01
     vertex  9.621890e+00  2.021727e+01  3.000000e+00
     vertex  9.534146e+00  2.017825e+01  3.000000e+00
   endloop
 endfacet
 facet normal -3.810986e-01  9.245344e-01  0.000000e+00
   outer loop
     vertex  9.621890e+00  2.021727e+01  1.200000e+01
     vertex  9.710671e+00  2.025386e+01  1.200000e+01
     vertex  9.621890e+00  2.021727e+01  3.000000e+00
   endloop
 endfacet
 facet normal -4.063188e-01  9.137314e-01  0.000000e+00
   outer loop
     vertex  9.534146e+00  2.017825e+01  1.200000e+01
     vertex  9.621890e+00  2.021727e+01  1.200000e+01
     vertex  9.534146e+00  2.017825e+01  3.000000e+00
   endloop
 endfacet
 facet normal -4.312333e-01  9.022405e-01  0.000000e+00
   outer loop
     vertex  9.447505e+00  2.013684e+01  1.200000e+01
     vertex  9.534146e+00  2.017825e+01  3.000000e+00
     vertex  9.447505e+00  2.013684e+01  3.000000e+00
   endloop
 endfacet
 facet normal -4.558231e-01  8.900704e-01  0.000000e+00
   outer loop
     vertex  9.447505e+00  2.013684e+01  1.200000e+01
     vertex  9.447505e+00  2.013684e+01  3.000000e+00
     vertex  9.362033e+00  2.009307e+01  3.000000e+00
   endloop
 endfacet
 facet normal -4.312333e-01  9.022405e-01  0.000000e+00
   outer loop
     vertex  9.447505e+00  2.013684e+01  1.200000e+01
     vertex  9.534146e+00  2.017825e+01  1.200000e+01
     vertex  9.534146e+00  2.017825e+01  3.000000e+00
   endloop
 endfacet
 facet normal -4.558231e-01  8.900704e-01  0.000000e+00
   outer loop
     vertex  9.362033e+00  2.009307e+01  1.200000e+01
     vertex  9.447505e+00  2.013684e+01  1.200000e+01
     vertex  9.362033e+00  2.009307e+01  3.000000e+00
   endloop
 endfacet
 facet normal -4.800697e-01  8.772303e-01  0.000000e+00
   outer loop
     vertex  9.277795e+00  2.004697e+01  1.200000e+01
     vertex  9.362033e+00  2.009307e+01  3.000000e+00
     vertex  9.277795e+00  2.004697e+01  3.000000e+00
   endloop
 endfacet
 facet normal -4.800697e-01  8.772303e-01  0.000000e+00
   outer loop
     vertex  9.277795e+00  2.004697e+01  1.200000e+01
     vertex  9.362033e+00  2.009307e+01  1.200000e+01
     vertex  9.362033e+00  2.009307e+01  3.000000e+00
   endloop
 endfacet
 facet normal -5.039550e-01  8.637299e-01  0.000000e+00
   outer loop
     vertex  9.194852e+00  1.999857e+01  1.200000e+01
     vertex  9.277795e+00  2.004697e+01  3.000000e+00
     vertex  9.194852e+00  1.999857e+01  3.000000e+00
   endloop
 endfacet
 facet normal -5.039550e-01  8.637299e-01  0.000000e+00
   outer loop
     vertex  9.194852e+00  1.999857e+01  1.200000e+01
     vertex  9.277795e+00  2.004697e+01  1.200000e+01
     vertex  9.277795e+00  2.004697e+01  3.000000e+00
   endloop
 endfacet
 facet normal -5.274609e-01  8.495793e-01  0.000000e+00
   outer loop
     vertex  9.113269e+00  1.994792e+01  1.200000e+01
     vertex  9.194852e+00  1.999857e+01  3.000000e+00
     vertex  9.113269e+00  1.994792e+01  3.000000e+00
   endloop
 endfacet
 facet normal -5.274609e-01  8.495793e-01  0.000000e+00
   outer loop
     vertex  9.113269e+00  1.994792e+01  1.200000e+01
     vertex  9.194852e+00  1.999857e+01  1.200000e+01
     vertex  9.194852e+00  1.999857e+01  3.000000e+00
   endloop
 endfacet
 facet normal -5.505698e-01  8.347891e-01  0.000000e+00
   outer loop
     vertex  9.033105e+00  1.989505e+01  1.200000e+01
     vertex  9.113269e+00  1.994792e+01  3.000000e+00
     vertex  9.033105e+00  1.989505e+01  3.000000e+00
   endloop
 endfacet
 facet normal -5.505698e-01  8.347891e-01  0.000000e+00
   outer loop
     vertex  9.033105e+00  1.989505e+01  1.200000e+01
     vertex  9.113269e+00  1.994792e+01  1.200000e+01
     vertex  9.113269e+00  1.994792e+01  3.000000e+00
   endloop
 endfacet
 facet normal -5.732642e-01  8.193706e-01  0.000000e+00
   outer loop
     vertex  8.954423e+00  1.984000e+01  1.200000e+01
     vertex  9.033105e+00  1.989505e+01  3.000000e+00
     vertex  8.954423e+00  1.984000e+01  3.000000e+00
   endloop
 endfacet
 facet normal -5.732642e-01  8.193706e-01  0.000000e+00
   outer loop
     vertex  8.954423e+00  1.984000e+01  1.200000e+01
     vertex  9.033105e+00  1.989505e+01  1.200000e+01
     vertex  9.033105e+00  1.989505e+01  3.000000e+00
   endloop
 endfacet
 facet normal -5.955271e-01  8.033352e-01  0.000000e+00
   outer loop
     vertex  8.877280e+00  1.978281e+01  1.200000e+01
     vertex  8.954423e+00  1.984000e+01  3.000000e+00
     vertex  8.877280e+00  1.978281e+01  3.000000e+00
   endloop
 endfacet
 facet normal -5.955271e-01  8.033352e-01  0.000000e+00
   outer loop
     vertex  8.877280e+00  1.978281e+01  1.200000e+01
     vertex  8.954423e+00  1.984000e+01  1.200000e+01
     vertex  8.954423e+00  1.984000e+01  3.000000e+00
   endloop
 endfacet
 facet normal -6.173417e-01  7.866951e-01  0.000000e+00
   outer loop
     vertex  8.801735e+00  1.972353e+01  1.200000e+01
     vertex  8.877280e+00  1.978281e+01  3.000000e+00
     vertex  8.801735e+00  1.972353e+01  3.000000e+00
   endloop
 endfacet
 facet normal -6.173417e-01  7.866951e-01  0.000000e+00
   outer loop
     vertex  8.801735e+00  1.972353e+01  1.200000e+01
     vertex  8.877280e+00  1.978281e+01  1.200000e+01
     vertex  8.877280e+00  1.978281e+01  3.000000e+00
   endloop
 endfacet
 facet normal -6.386916e-01  7.694628e-01  0.000000e+00
   outer loop
     vertex  8.727845e+00  1.966220e+01  1.200000e+01
     vertex  8.801735e+00  1.972353e+01  3.000000e+00
     vertex  8.727845e+00  1.966220e+01  3.000000e+00
   endloop
 endfacet
 facet normal -6.595607e-01  7.516513e-01  0.000000e+00
   outer loop
     vertex  8.727845e+00  1.966220e+01  1.200000e+01
     vertex  8.727845e+00  1.966220e+01  3.000000e+00
     vertex  8.655665e+00  1.959886e+01  3.000000e+00
   endloop
 endfacet
 facet normal -6.386916e-01  7.694628e-01  0.000000e+00
   outer loop
     vertex  8.727845e+00  1.966220e+01  1.200000e+01
     vertex  8.801735e+00  1.972353e+01  1.200000e+01
     vertex  8.801735e+00  1.972353e+01  3.000000e+00
   endloop
 endfacet
 facet normal -6.799333e-01  7.332740e-01  0.000000e+00
   outer loop
     vertex  8.655665e+00  1.959886e+01  1.200000e+01
     vertex  8.655665e+00  1.959886e+01  3.000000e+00
     vertex  8.585250e+00  1.953357e+01  3.000000e+00
   endloop
 endfacet
 facet normal -6.595607e-01  7.516513e-01  0.000000e+00
   outer loop
     vertex  8.655665e+00  1.959886e+01  1.200000e+01
     vertex  8.727845e+00  1.966220e+01  1.200000e+01
     vertex  8.655665e+00  1.959886e+01  3.000000e+00
   endloop
 endfacet
 facet normal -6.799333e-01  7.332740e-01  0.000000e+00
   outer loop
     vertex  8.585250e+00  1.953357e+01  1.200000e+01
     vertex  8.655665e+00  1.959886e+01  1.200000e+01
     vertex  8.585250e+00  1.953357e+01  3.000000e+00
   endloop
 endfacet
 facet normal -6.997940e-01  7.143447e-01  0.000000e+00
   outer loop
     vertex  8.516653e+00  1.946637e+01  1.200000e+01
     vertex  8.585250e+00  1.953357e+01  3.000000e+00
     vertex  8.516653e+00  1.946637e+01  3.000000e+00
   endloop
 endfacet
 facet normal -7.191280e-01  6.948776e-01  0.000000e+00
   outer loop
     vertex  8.516653e+00  1.946637e+01  1.200000e+01
     vertex  8.516653e+00  1.946637e+01  3.000000e+00
     vertex  8.449925e+00  1.939731e+01  3.000000e+00
   endloop
 endfacet
 facet normal -6.997940e-01  7.143447e-01  0.000000e+00
   outer loop
     vertex  8.516653e+00  1.946637e+01  1.200000e+01
     vertex  8.585250e+00  1.953357e+01  1.200000e+01
     vertex  8.585250e+00  1.953357e+01  3.000000e+00
   endloop
 endfacet
 facet normal -7.191280e-01  6.948776e-01  0.000000e+00
   outer loop
     vertex  8.449925e+00  1.939731e+01  1.200000e+01
     vertex  8.516653e+00  1.946637e+01  1.200000e+01
     vertex  8.449925e+00  1.939731e+01  3.000000e+00
   endloop
 endfacet
 facet normal -7.379206e-01  6.748875e-01  0.000000e+00
   outer loop
     vertex  8.449925e+00  1.939731e+01  1.200000e+01
     vertex  8.449925e+00  1.939731e+01  3.000000e+00
     vertex  8.385117e+00  1.932645e+01  3.000000e+00
   endloop
 endfacet
 facet normal -7.379206e-01  6.748875e-01  0.000000e+00
   outer loop
     vertex  8.385117e+00  1.932645e+01  1.200000e+01
     vertex  8.449925e+00  1.939731e+01  1.200000e+01
     vertex  8.385117e+00  1.932645e+01  3.000000e+00
   endloop
 endfacet
 facet normal -7.561578e-01  6.543893e-01  0.000000e+00
   outer loop
     vertex  8.385117e+00  1.932645e+01  1.200000e+01
     vertex  8.385117e+00  1.932645e+01  3.000000e+00
     vertex  8.322277e+00  1.925384e+01  3.000000e+00
   endloop
 endfacet
 facet normal -7.561578e-01  6.543893e-01  0.000000e+00
   outer loop
     vertex  8.322277e+00  1.925384e+01  1.200000e+01
     vertex  8.385117e+00  1.932645e+01  1.200000e+01
     vertex  8.322277e+00  1.925384e+01  3.000000e+00
   endloop
 endfacet
 facet normal -7.738257e-01  6.333986e-01  0.000000e+00
   outer loop
     vertex  8.261453e+00  1.917953e+01  1.200000e+01
     vertex  8.322277e+00  1.925384e+01  3.000000e+00
     vertex  8.261453e+00  1.917953e+01  3.000000e+00
   endloop
 endfacet
 facet normal -7.738257e-01  6.333986e-01  0.000000e+00
   outer loop
     vertex  8.261453e+00  1.917953e+01  1.200000e+01
     vertex  8.322277e+00  1.925384e+01  1.200000e+01
     vertex  8.322277e+00  1.925384e+01  3.000000e+00
   endloop
 endfacet
 facet normal -7.909112e-01  6.119310e-01  0.000000e+00
   outer loop
     vertex  8.202690e+00  1.910358e+01  1.200000e+01
     vertex  8.261453e+00  1.917953e+01  3.000000e+00
     vertex  8.202690e+00  1.910358e+01  3.000000e+00
   endloop
 endfacet
 facet normal -7.909112e-01  6.119310e-01  0.000000e+00
   outer loop
     vertex  8.202690e+00  1.910358e+01  1.200000e+01
     vertex  8.261453e+00  1.917953e+01  1.200000e+01
     vertex  8.261453e+00  1.917953e+01  3.000000e+00
   endloop
 endfacet
 facet normal -8.074012e-01  5.900028e-01  0.000000e+00
   outer loop
     vertex  8.146033e+00  1.902605e+01  1.200000e+01
     vertex  8.202690e+00  1.910358e+01  3.000000e+00
     vertex  8.146033e+00  1.902605e+01  3.000000e+00
   endloop
 endfacet
 facet normal -8.232835e-01  5.676304e-01  0.000000e+00
   outer loop
     vertex  8.146033e+00  1.902605e+01  1.200000e+01
     vertex  8.146033e+00  1.902605e+01  3.000000e+00
     vertex  8.091525e+00  1.894699e+01  3.000000e+00
   endloop
 endfacet
 facet normal -8.074012e-01  5.900028e-01  0.000000e+00
   outer loop
     vertex  8.146033e+00  1.902605e+01  1.200000e+01
     vertex  8.202690e+00  1.910358e+01  1.200000e+01
     vertex  8.202690e+00  1.910358e+01  3.000000e+00
   endloop
 endfacet
 facet normal -8.232835e-01  5.676304e-01  0.000000e+00
   outer loop
     vertex  8.091525e+00  1.894699e+01  1.200000e+01
     vertex  8.146033e+00  1.902605e+01  1.200000e+01
     vertex  8.091525e+00  1.894699e+01  3.000000e+00
   endloop
 endfacet
 facet normal -8.385460e-01  5.448308e-01  0.000000e+00
   outer loop
     vertex  8.039206e+00  1.886647e+01  1.200000e+01
     vertex  8.091525e+00  1.894699e+01  1.200000e+01
     vertex  8.091525e+00  1.894699e+01  3.000000e+00
   endloop
 endfacet
 facet normal -8.385460e-01  5.448308e-01  0.000000e+00
   outer loop
     vertex  8.039206e+00  1.886647e+01  1.200000e+01
     vertex  8.091525e+00  1.894699e+01  3.000000e+00
     vertex  8.039206e+00  1.886647e+01  3.000000e+00
   endloop
 endfacet
 facet normal -8.531773e-01  5.216210e-01  0.000000e+00
   outer loop
     vertex  7.989115e+00  1.878454e+01  1.200000e+01
     vertex  8.039206e+00  1.886647e+01  3.000000e+00
     vertex  7.989115e+00  1.878454e+01  3.000000e+00
   endloop
 endfacet
 facet normal -8.531773e-01  5.216210e-01  0.000000e+00
   outer loop
     vertex  7.989115e+00  1.878454e+01  1.200000e+01
     vertex  8.039206e+00  1.886647e+01  1.200000e+01
     vertex  8.039206e+00  1.886647e+01  3.000000e+00
   endloop
 endfacet
 facet normal -8.671664e-01  4.980186e-01  0.000000e+00
   outer loop
     vertex  7.941291e+00  1.870126e+01  1.200000e+01
     vertex  7.989115e+00  1.878454e+01  3.000000e+00
     vertex  7.941291e+00  1.870126e+01  3.000000e+00
   endloop
 endfacet
 facet normal -8.805026e-01  4.740412e-01  0.000000e+00
   outer loop
     vertex  7.941291e+00  1.870126e+01  1.200000e+01
     vertex  7.941291e+00  1.870126e+01  3.000000e+00
     vertex  7.895770e+00  1.861671e+01  3.000000e+00
   endloop
 endfacet
 facet normal -8.671664e-01  4.980186e-01  0.000000e+00
   outer loop
     vertex  7.941291e+00  1.870126e+01  1.200000e+01
     vertex  7.989115e+00  1.878454e+01  1.200000e+01
     vertex  7.989115e+00  1.878454e+01  3.000000e+00
   endloop
 endfacet
 facet normal -8.931761e-01  4.497071e-01  0.000000e+00
   outer loop
     vertex  7.895770e+00  1.861671e+01  1.200000e+01
     vertex  7.895770e+00  1.861671e+01  3.000000e+00
     vertex  7.852586e+00  1.853094e+01  3.000000e+00
   endloop
 endfacet
 facet normal -8.805026e-01  4.740412e-01  0.000000e+00
   outer loop
     vertex  7.895770e+00  1.861671e+01  1.200000e+01
     vertex  7.941291e+00  1.870126e+01  1.200000e+01
     vertex  7.895770e+00  1.861671e+01  3.000000e+00
   endloop
 endfacet
 facet normal -8.931761e-01  4.497071e-01  0.000000e+00
   outer loop
     vertex  7.852586e+00  1.853094e+01  1.200000e+01
     vertex  7.895770e+00  1.861671e+01  1.200000e+01
     vertex  7.852586e+00  1.853094e+01  3.000000e+00
   endloop
 endfacet
 facet normal -9.051772e-01  4.250344e-01  0.000000e+00
   outer loop
     vertex  7.811770e+00  1.844402e+01  1.200000e+01
     vertex  7.852586e+00  1.853094e+01  3.000000e+00
     vertex  7.811770e+00  1.844402e+01  3.000000e+00
   endloop
 endfacet
 facet normal -9.164969e-01  4.000417e-01  0.000000e+00
   outer loop
     vertex  7.811770e+00  1.844402e+01  1.200000e+01
     vertex  7.811770e+00  1.844402e+01  3.000000e+00
     vertex  7.773355e+00  1.835601e+01  3.000000e+00
   endloop
 endfacet
 facet normal -9.051772e-01  4.250344e-01  0.000000e+00
   outer loop
     vertex  7.811770e+00  1.844402e+01  1.200000e+01
     vertex  7.852586e+00  1.853094e+01  1.200000e+01
     vertex  7.852586e+00  1.853094e+01  3.000000e+00
   endloop
 endfacet
 facet normal -9.164969e-01  4.000417e-01  0.000000e+00
   outer loop
     vertex  7.773355e+00  1.835601e+01  1.200000e+01
     vertex  7.811770e+00  1.844402e+01  1.200000e+01
     vertex  7.773355e+00  1.835601e+01  3.000000e+00
   endloop
 endfacet
 facet normal -9.271267e-01  3.747479e-01  0.000000e+00
   outer loop
     vertex  7.737369e+00  1.826698e+01  1.200000e+01
     vertex  7.773355e+00  1.835601e+01  3.000000e+00
     vertex  7.737369e+00  1.826698e+01  3.000000e+00
   endloop
 endfacet
 facet normal -9.271267e-01  3.747479e-01  0.000000e+00
   outer loop
     vertex  7.737369e+00  1.826698e+01  1.200000e+01
     vertex  7.773355e+00  1.835601e+01  1.200000e+01
     vertex  7.773355e+00  1.835601e+01  3.000000e+00
   endloop
 endfacet
 facet normal -9.370586e-01  3.491720e-01  0.000000e+00
   outer loop
     vertex  7.703838e+00  1.817700e+01  1.200000e+01
     vertex  7.737369e+00  1.826698e+01  3.000000e+00
     vertex  7.703838e+00  1.817700e+01  3.000000e+00
   endloop
 endfacet
 facet normal -9.462851e-01  3.233333e-01  0.000000e+00
   outer loop
     vertex  7.703838e+00  1.817700e+01  1.200000e+01
     vertex  7.703838e+00  1.817700e+01  3.000000e+00
     vertex  7.672789e+00  1.808613e+01  3.000000e+00
   endloop
 endfacet
 facet normal -9.370586e-01  3.491720e-01  0.000000e+00
   outer loop
     vertex  7.703838e+00  1.817700e+01  1.200000e+01
     vertex  7.737369e+00  1.826698e+01  1.200000e+01
     vertex  7.737369e+00  1.826698e+01  3.000000e+00
   endloop
 endfacet
 facet normal -9.462851e-01  3.233333e-01  0.000000e+00
   outer loop
     vertex  7.672789e+00  1.808613e+01  1.200000e+01
     vertex  7.703838e+00  1.817700e+01  1.200000e+01
     vertex  7.672789e+00  1.808613e+01  3.000000e+00
   endloop
 endfacet
 facet normal -9.547993e-01  2.972512e-01  0.000000e+00
   outer loop
     vertex  7.644245e+00  1.799444e+01  1.200000e+01
     vertex  7.672789e+00  1.808613e+01  3.000000e+00
     vertex  7.644245e+00  1.799444e+01  3.000000e+00
   endloop
 endfacet
 facet normal -9.547993e-01  2.972512e-01  0.000000e+00
   outer loop
     vertex  7.644245e+00  1.799444e+01  1.200000e+01
     vertex  7.672789e+00  1.808613e+01  1.200000e+01
     vertex  7.672789e+00  1.808613e+01  3.000000e+00
   endloop
 endfacet
 facet normal -9.625948e-01  2.709453e-01  0.000000e+00
   outer loop
     vertex  7.618226e+00  1.790200e+01  1.200000e+01
     vertex  7.644245e+00  1.799444e+01  3.000000e+00
     vertex  7.618226e+00  1.790200e+01  3.000000e+00
   endloop
 endfacet
 facet normal -9.696656e-01  2.444354e-01  0.000000e+00
   outer loop
     vertex  7.618226e+00  1.790200e+01  1.200000e+01
     vertex  7.618226e+00  1.790200e+01  3.000000e+00
     vertex  7.594754e+00  1.780889e+01  3.000000e+00
   endloop
 endfacet
 facet normal -9.625948e-01  2.709453e-01  0.000000e+00
   outer loop
     vertex  7.618226e+00  1.790200e+01  1.200000e+01
     vertex  7.644245e+00  1.799444e+01  1.200000e+01
     vertex  7.644245e+00  1.799444e+01  3.000000e+00
   endloop
 endfacet
 facet normal -9.696656e-01  2.444354e-01  0.000000e+00
   outer loop
     vertex  7.594754e+00  1.780889e+01  1.200000e+01
     vertex  7.618226e+00  1.790200e+01  1.200000e+01
     vertex  7.594754e+00  1.780889e+01  3.000000e+00
   endloop
 endfacet
 facet normal -9.760065e-01  2.177416e-01  0.000000e+00
   outer loop
     vertex  7.573844e+00  1.771516e+01  1.200000e+01
     vertex  7.594754e+00  1.780889e+01  3.000000e+00
     vertex  7.573844e+00  1.771516e+01  3.000000e+00
   endloop
 endfacet
 facet normal -9.760065e-01  2.177416e-01  0.000000e+00
   outer loop
     vertex  7.573844e+00  1.771516e+01  1.200000e+01
     vertex  7.594754e+00  1.780889e+01  1.200000e+01
     vertex  7.594754e+00  1.780889e+01  3.000000e+00
   endloop
 endfacet
 facet normal -9.816126e-01  1.908838e-01  0.000000e+00
   outer loop
     vertex  7.555514e+00  1.762090e+01  1.200000e+01
     vertex  7.573844e+00  1.771516e+01  3.000000e+00
     vertex  7.555514e+00  1.762090e+01  3.000000e+00
   endloop
 endfacet
 facet normal -9.816126e-01  1.908838e-01  0.000000e+00
   outer loop
     vertex  7.555514e+00  1.762090e+01  1.200000e+01
     vertex  7.573844e+00  1.771516e+01  1.200000e+01
     vertex  7.573844e+00  1.771516e+01  3.000000e+00
   endloop
 endfacet
 facet normal -9.864799e-01  1.638824e-01  0.000000e+00
   outer loop
     vertex  7.539777e+00  1.752617e+01  1.200000e+01
     vertex  7.555514e+00  1.762090e+01  3.000000e+00
     vertex  7.539777e+00  1.752617e+01  3.000000e+00
   endloop
 endfacet
 facet normal -9.864799e-01  1.638824e-01  0.000000e+00
   outer loop
     vertex  7.539777e+00  1.752617e+01  1.200000e+01
     vertex  7.555514e+00  1.762090e+01  1.200000e+01
     vertex  7.555514e+00  1.762090e+01  3.000000e+00
   endloop
 endfacet
 facet normal -9.906046e-01  1.367575e-01  0.000000e+00
   outer loop
     vertex  7.526644e+00  1.743104e+01  1.200000e+01
     vertex  7.539777e+00  1.752617e+01  3.000000e+00
     vertex  7.526644e+00  1.743104e+01  3.000000e+00
   endloop
 endfacet
 facet normal -9.906046e-01  1.367575e-01  0.000000e+00
   outer loop
     vertex  7.526644e+00  1.743104e+01  1.200000e+01
     vertex  7.539777e+00  1.752617e+01  1.200000e+01
     vertex  7.539777e+00  1.752617e+01  3.000000e+00
   endloop
 endfacet
 facet normal -9.939835e-01  1.095298e-01  0.000000e+00
   outer loop
     vertex  7.516126e+00  1.733559e+01  1.200000e+01
     vertex  7.526644e+00  1.743104e+01  1.200000e+01
     vertex  7.526644e+00  1.743104e+01  3.000000e+00
   endloop
 endfacet
 facet normal -9.939835e-01  1.095298e-01  0.000000e+00
   outer loop
     vertex  7.516126e+00  1.733559e+01  1.200000e+01
     vertex  7.526644e+00  1.743104e+01  3.000000e+00
     vertex  7.516126e+00  1.733559e+01  3.000000e+00
   endloop
 endfacet
 facet normal -9.966142e-01  8.221955e-02  0.000000e+00
   outer loop
     vertex  7.516126e+00  1.733559e+01  1.200000e+01
     vertex  7.516126e+00  1.733559e+01  3.000000e+00
     vertex  7.508231e+00  1.723989e+01  3.000000e+00
   endloop
 endfacet
 facet normal -9.966142e-01  8.221955e-02  0.000000e+00
   outer loop
     vertex  7.508231e+00  1.723989e+01  1.200000e+01
     vertex  7.516126e+00  1.733559e+01  1.200000e+01
     vertex  7.508231e+00  1.723989e+01  3.000000e+00
   endloop
 endfacet
 facet normal -9.984947e-01  5.484744e-02  0.000000e+00
   outer loop
     vertex  7.502964e+00  1.714401e+01  1.200000e+01
     vertex  7.508231e+00  1.723989e+01  1.200000e+01
     vertex  7.508231e+00  1.723989e+01  3.000000e+00
   endloop
 endfacet
 facet normal -9.984947e-01  5.484744e-02  0.000000e+00
   outer loop
     vertex  7.502964e+00  1.714401e+01  1.200000e+01
     vertex  7.508231e+00  1.723989e+01  3.000000e+00
     vertex  7.502964e+00  1.714401e+01  3.000000e+00
   endloop
 endfacet
 facet normal -9.996236e-01  2.743405e-02  0.000000e+00
   outer loop
     vertex  7.502964e+00  1.714401e+01  1.200000e+01
     vertex  7.502964e+00  1.714401e+01  3.000000e+00
     vertex  7.500329e+00  1.704801e+01  3.000000e+00
   endloop
 endfacet
 facet normal -9.996236e-01  2.743405e-02  0.000000e+00
   outer loop
     vertex  7.500329e+00  1.704801e+01  1.200000e+01
     vertex  7.502964e+00  1.714401e+01  1.200000e+01
     vertex  7.500329e+00  1.704801e+01  3.000000e+00
   endloop
 endfacet
 facet normal -1.000000e+00  0.000000e+00  0.000000e+00
   outer loop
     vertex  7.500329e+00  1.695199e+01  1.200000e+01
     vertex  7.500329e+00  1.704801e+01  1.200000e+01
     vertex  7.500329e+00  1.704801e+01  3.000000e+00
   endloop
 endfacet
 facet normal -1.000000e+00  0.000000e+00  0.000000e+00
   outer loop
     vertex  7.500329e+00  1.695199e+01  1.200000e+01
     vertex  7.500329e+00  1.704801e+01  3.000000e+00
     vertex  7.500329e+00  1.695199e+01  3.000000e+00
   endloop
 endfacet
 facet normal -9.996236e-01 -2.743405e-02  0.000000e+00
   outer loop
     vertex  7.502964e+00  1.685599e+01  1.200000e+01
     vertex  7.500329e+00  1.695199e+01  1.200000e+01
     vertex  7.500329e+00  1.695199e+01  3.000000e+00
   endloop
 endfacet
 facet normal -9.996236e-01 -2.743405e-02 -0.000000e+00
   outer loop
     vertex  7.502964e+00  1.685599e+01  1.200000e+01
     vertex  7.500329e+00  1.695199e+01  3.000000e+00
     vertex  7.502964e+00  1.685599e+01  3.000000e+00
   endloop
 endfacet
 facet normal -9.984947e-01 -5.484744e-02  0.000000e+00
   outer loop
     vertex  7.508231e+00  1.676011e+01  1.200000e+01
     vertex  7.502964e+00  1.685599e+01  1.200000e+01
     vertex  7.502964e+00  1.685599e+01  3.000000e+00
   endloop
 endfacet
 facet normal -9.984947e-01 -5.484744e-02 -0.000000e+00
   outer loop
     vertex  7.508231e+00  1.676011e+01  1.200000e+01
     vertex  7.502964e+00  1.685599e+01  3.000000e+00
     vertex  7.508231e+00  1.676011e+01  3.000000e+00
   endloop
 endfacet
 facet normal -9.966142e-01 -8.221955e-02  0.000000e+00
   outer loop
     vertex  7.516126e+00  1.666441e+01  1.200000e+01
     vertex  7.508231e+00  1.676011e+01  1.200000e+01
     vertex  7.508231e+00  1.676011e+01  3.000000e+00
   endloop
 endfacet
 facet normal -9.966142e-01 -8.221955e-02 -0.000000e+00
   outer loop
     vertex  7.516126e+00  1.666441e+01  1.200000e+01
     vertex  7.508231e+00  1.676011e+01  3.000000e+00
     vertex  7.516126e+00  1.666441e+01  3.000000e+00
   endloop
 endfacet
 facet normal -9.939835e-01 -1.095298e-01  0.000000e+00
   outer loop
     vertex  7.526644e+00  1.656896e+01  1.200000e+01
     vertex  7.516126e+00  1.666441e+01  1.200000e+01
     vertex  7.516126e+00  1.666441e+01  3.000000e+00
   endloop
 endfacet
 facet normal -9.939835e-01 -1.095298e-01 -0.000000e+00
   outer loop
     vertex  7.526644e+00  1.656896e+01  1.200000e+01
     vertex  7.516126e+00  1.666441e+01  3.000000e+00
     vertex  7.526644e+00  1.656896e+01  3.000000e+00
   endloop
 endfacet
 facet normal -9.906046e-01 -1.367575e-01  0.000000e+00
   outer loop
     vertex  7.539777e+00  1.647383e+01  1.200000e+01
     vertex  7.526644e+00  1.656896e+01  1.200000e+01
     vertex  7.526644e+00  1.656896e+01  3.000000e+00
   endloop
 endfacet
 facet normal -9.906046e-01 -1.367575e-01 -0.000000e+00
   outer loop
     vertex  7.539777e+00  1.647383e+01  1.200000e+01
     vertex  7.526644e+00  1.656896e+01  3.000000e+00
     vertex  7.539777e+00  1.647383e+01  3.000000e+00
   endloop
 endfacet
 facet normal -9.864799e-01 -1.638824e-01  0.000000e+00
   outer loop
     vertex  7.555514e+00  1.637910e+01  1.200000e+01
     vertex  7.539777e+00  1.647383e+01  1.200000e+01
     vertex  7.539777e+00  1.647383e+01  3.000000e+00
   endloop
 endfacet
 facet normal -9.864799e-01 -1.638824e-01 -0.000000e+00
   outer loop
     vertex  7.555514e+00  1.637910e+01  1.200000e+01
     vertex  7.539777e+00  1.647383e+01  3.000000e+00
     vertex  7.555514e+00  1.637910e+01  3.000000e+00
   endloop
 endfacet
 facet normal -9.816126e-01 -1.908838e-01  0.000000e+00
   outer loop
     vertex  7.573844e+00  1.628484e+01  1.200000e+01
     vertex  7.555514e+00  1.637910e+01  1.200000e+01
     vertex  7.555514e+00  1.637910e+01  3.000000e+00
   endloop
 endfacet
 facet normal -9.816126e-01 -1.908838e-01 -0.000000e+00
   outer loop
     vertex  7.573844e+00  1.628484e+01  1.200000e+01
     vertex  7.555514e+00  1.637910e+01  3.000000e+00
     vertex  7.573844e+00  1.628484e+01  3.000000e+00
   endloop
 endfacet
 facet normal -9.760065e-01 -2.177416e-01 -0.000000e+00
   outer loop
     vertex  7.594754e+00  1.619111e+01  1.200000e+01
     vertex  7.573844e+00  1.628484e+01  3.000000e+00
     vertex  7.594754e+00  1.619111e+01  3.000000e+00
   endloop
 endfacet
 facet normal -9.760065e-01 -2.177416e-01  0.000000e+00
   outer loop
     vertex  7.594754e+00  1.619111e+01  1.200000e+01
     vertex  7.573844e+00  1.628484e+01  1.200000e+01
     vertex  7.573844e+00  1.628484e+01  3.000000e+00
   endloop
 endfacet
 facet normal -9.696656e-01 -2.444354e-01 -0.000000e+00
   outer loop
     vertex  7.618226e+00  1.609800e+01  1.200000e+01
     vertex  7.594754e+00  1.619111e+01  3.000000e+00
     vertex  7.618226e+00  1.609800e+01  3.000000e+00
   endloop
 endfacet
 facet normal -9.696656e-01 -2.444354e-01  0.000000e+00
   outer loop
     vertex  7.618226e+00  1.609800e+01  1.200000e+01
     vertex  7.594754e+00  1.619111e+01  1.200000e+01
     vertex  7.594754e+00  1.619111e+01  3.000000e+00
   endloop
 endfacet
 facet normal -9.625948e-01 -2.709453e-01 -0.000000e+00
   outer loop
     vertex  7.644245e+00  1.600556e+01  1.200000e+01
     vertex  7.618226e+00  1.609800e+01  3.000000e+00
     vertex  7.644245e+00  1.600556e+01  3.000000e+00
   endloop
 endfacet
 facet normal -9.625948e-01 -2.709453e-01  0.000000e+00
   outer loop
     vertex  7.644245e+00  1.600556e+01  1.200000e+01
     vertex  7.618226e+00  1.609800e+01  1.200000e+01
     vertex  7.618226e+00  1.609800e+01  3.000000e+00
   endloop
 endfacet
 facet normal -9.547993e-01 -2.972512e-01 -0.000000e+00
   outer loop
     vertex  7.672789e+00  1.591387e+01  1.200000e+01
     vertex  7.644245e+00  1.600556e+01  3.000000e+00
     vertex  7.672789e+00  1.591387e+01  3.000000e+00
   endloop
 endfacet
 facet normal -9.462851e-01 -3.233333e-01 -0.000000e+00
   outer loop
     vertex  7.672789e+00  1.591387e+01  1.200000e+01
     vertex  7.672789e+00  1.591387e+01  3.000000e+00
     vertex  7.703838e+00  1.582300e+01  3.000000e+00
   endloop
 endfacet
 facet normal -9.547993e-01 -2.972512e-01  0.000000e+00
   outer loop
     vertex  7.672789e+00  1.591387e+01  1.200000e+01
     vertex  7.644245e+00  1.600556e+01  1.200000e+01
     vertex  7.644245e+00  1.600556e+01  3.000000e+00
   endloop
 endfacet
 facet normal -9.462851e-01 -3.233333e-01 -0.000000e+00
   outer loop
     vertex  7.703838e+00  1.582300e+01  1.200000e+01
     vertex  7.672789e+00  1.591387e+01  1.200000e+01
     vertex  7.703838e+00  1.582300e+01  3.000000e+00
   endloop
 endfacet
 facet normal -9.370586e-01 -3.491720e-01 -0.000000e+00
   outer loop
     vertex  7.737369e+00  1.573302e+01  1.200000e+01
     vertex  7.703838e+00  1.582300e+01  3.000000e+00
     vertex  7.737369e+00  1.573302e+01  3.000000e+00
   endloop
 endfacet
 facet normal -9.370586e-01 -3.491720e-01  0.000000e+00
   outer loop
     vertex  7.737369e+00  1.573302e+01  1.200000e+01
     vertex  7.703838e+00  1.582300e+01  1.200000e+01
     vertex  7.703838e+00  1.582300e+01  3.000000e+00
   endloop
 endfacet
 facet normal -9.271267e-01 -3.747479e-01 -0.000000e+00
   outer loop
     vertex  7.773355e+00  1.564399e+01  1.200000e+01
     vertex  7.737369e+00  1.573302e+01  3.000000e+00
     vertex  7.773355e+00  1.564399e+01  3.000000e+00
   endloop
 endfacet
 facet normal -9.271267e-01 -3.747479e-01  0.000000e+00
   outer loop
     vertex  7.773355e+00  1.564399e+01  1.200000e+01
     vertex  7.737369e+00  1.573302e+01  1.200000e+01
     vertex  7.737369e+00  1.573302e+01  3.000000e+00
   endloop
 endfacet
 facet normal -9.164969e-01 -4.000417e-01 -0.000000e+00
   outer loop
     vertex  7.811770e+00  1.555598e+01  1.200000e+01
     vertex  7.773355e+00  1.564399e+01  3.000000e+00
     vertex  7.811770e+00  1.555598e+01  3.000000e+00
   endloop
 endfacet
 facet normal -9.164969e-01 -4.000417e-01  0.000000e+00
   outer loop
     vertex  7.811770e+00  1.555598e+01  1.200000e+01
     vertex  7.773355e+00  1.564399e+01  1.200000e+01
     vertex  7.773355e+00  1.564399e+01  3.000000e+00
   endloop
 endfacet
 facet normal -9.051772e-01 -4.250344e-01 -0.000000e+00
   outer loop
     vertex  7.852586e+00  1.546906e+01  1.200000e+01
     vertex  7.811770e+00  1.555598e+01  3.000000e+00
     vertex  7.852586e+00  1.546906e+01  3.000000e+00
   endloop
 endfacet
 facet normal -9.051772e-01 -4.250344e-01  0.000000e+00
   outer loop
     vertex  7.852586e+00  1.546906e+01  1.200000e+01
     vertex  7.811770e+00  1.555598e+01  1.200000e+01
     vertex  7.811770e+00  1.555598e+01  3.000000e+00
   endloop
 endfacet
 facet normal -8.931761e-01 -4.497071e-01 -0.000000e+00
   outer loop
     vertex  7.895770e+00  1.538329e+01  1.200000e+01
     vertex  7.852586e+00  1.546906e+01  3.000000e+00
     vertex  7.895770e+00  1.538329e+01  3.000000e+00
   endloop
 endfacet
 facet normal -8.931761e-01 -4.497071e-01  0.000000e+00
   outer loop
     vertex  7.895770e+00  1.538329e+01  1.200000e+01
     vertex  7.852586e+00  1.546906e+01  1.200000e+01
     vertex  7.852586e+00  1.546906e+01  3.000000e+00
   endloop
 endfacet
 facet normal -8.805026e-01 -4.740412e-01 -0.000000e+00
   outer loop
     vertex  7.941291e+00  1.529874e+01  1.200000e+01
     vertex  7.895770e+00  1.538329e+01  3.000000e+00
     vertex  7.941291e+00  1.529874e+01  3.000000e+00
   endloop
 endfacet
 facet normal -8.671664e-01 -4.980186e-01 -0.000000e+00
   outer loop
     vertex  7.941291e+00  1.529874e+01  1.200000e+01
     vertex  7.941291e+00  1.529874e+01  3.000000e+00
     vertex  7.989115e+00  1.521546e+01  3.000000e+00
   endloop
 endfacet
 facet normal -8.805026e-01 -4.740412e-01  0.000000e+00
   outer loop
     vertex  7.941291e+00  1.529874e+01  1.200000e+01
     vertex  7.895770e+00  1.538329e+01  1.200000e+01
     vertex  7.895770e+00  1.538329e+01  3.000000e+00
   endloop
 endfacet
 facet normal -8.671664e-01 -4.980186e-01 -0.000000e+00
   outer loop
     vertex  7.989115e+00  1.521546e+01  1.200000e+01
     vertex  7.941291e+00  1.529874e+01  1.200000e+01
     vertex  7.989115e+00  1.521546e+01  3.000000e+00
   endloop
 endfacet
 facet normal -8.531773e-01 -5.216210e-01 -0.000000e+00
   outer loop
     vertex  8.039206e+00  1.513353e+01  1.200000e+01
     vertex  7.989115e+00  1.521546e+01  3.000000e+00
     vertex  8.039206e+00  1.513353e+01  3.000000e+00
   endloop
 endfacet
 facet normal -8.531773e-01 -5.216210e-01  0.000000e+00
   outer loop
     vertex  8.039206e+00  1.513353e+01  1.200000e+01
     vertex  7.989115e+00  1.521546e+01  1.200000e+01
     vertex  7.989115e+00  1.521546e+01  3.000000e+00
   endloop
 endfacet
 facet normal -8.385460e-01 -5.448308e-01 -0.000000e+00
   outer loop
     vertex  8.091525e+00  1.505301e+01  1.200000e+01
     vertex  8.039206e+00  1.513353e+01  3.000000e+00
     vertex  8.091525e+00  1.505301e+01  3.000000e+00
   endloop
 endfacet
 facet normal -8.385460e-01 -5.448308e-01  0.000000e+00
   outer loop
     vertex  8.091525e+00  1.505301e+01  1.200000e+01
     vertex  8.039206e+00  1.513353e+01  1.200000e+01
     vertex  8.039206e+00  1.513353e+01  3.000000e+00
   endloop
 endfacet
 facet normal -8.232835e-01 -5.676304e-01  0.000000e+00
   outer loop
     vertex  8.146033e+00  1.497395e+01  1.200000e+01
     vertex  8.091525e+00  1.505301e+01  1.200000e+01
     vertex  8.091525e+00  1.505301e+01  3.000000e+00
   endloop
 endfacet
 facet normal -8.232835e-01 -5.676304e-01 -0.000000e+00
   outer loop
     vertex  8.146033e+00  1.497395e+01  1.200000e+01
     vertex  8.091525e+00  1.505301e+01  3.000000e+00
     vertex  8.146033e+00  1.497395e+01  3.000000e+00
   endloop
 endfacet
 facet normal -8.074012e-01 -5.900028e-01  0.000000e+00
   outer loop
     vertex  8.202690e+00  1.489642e+01  1.200000e+01
     vertex  8.146033e+00  1.497395e+01  1.200000e+01
     vertex  8.146033e+00  1.497395e+01  3.000000e+00
   endloop
 endfacet
 facet normal -8.074012e-01 -5.900028e-01 -0.000000e+00
   outer loop
     vertex  8.202690e+00  1.489642e+01  1.200000e+01
     vertex  8.146033e+00  1.497395e+01  3.000000e+00
     vertex  8.202690e+00  1.489642e+01  3.000000e+00
   endloop
 endfacet
 facet normal -7.909112e-01 -6.119310e-01  0.000000e+00
   outer loop
     vertex  8.261453e+00  1.482047e+01  1.200000e+01
     vertex  8.202690e+00  1.489642e+01  1.200000e+01
     vertex  8.202690e+00  1.489642e+01  3.000000e+00
   endloop
 endfacet
 facet normal -7.909112e-01 -6.119310e-01 -0.000000e+00
   outer loop
     vertex  8.261453e+00  1.482047e+01  1.200000e+01
     vertex  8.202690e+00  1.489642e+01  3.000000e+00
     vertex  8.261453e+00  1.482047e+01  3.000000e+00
   endloop
 endfacet
 facet normal -7.738257e-01 -6.333986e-01 -0.000000e+00
   outer loop
     vertex  8.261453e+00  1.482047e+01  1.200000e+01
     vertex  8.261453e+00  1.482047e+01  3.000000e+00
     vertex  8.322277e+00  1.474616e+01  3.000000e+00
   endloop
 endfacet
 facet normal -7.738257e-01 -6.333986e-01 -0.000000e+00
   outer loop
     vertex  8.322277e+00  1.474616e+01  1.200000e+01
     vertex  8.261453e+00  1.482047e+01  1.200000e+01
     vertex  8.322277e+00  1.474616e+01  3.000000e+00
   endloop
 endfacet
 facet normal -7.561578e-01 -6.543893e-01 -0.000000e+00
   outer loop
     vertex  8.322277e+00  1.474616e+01  1.200000e+01
     vertex  8.322277e+00  1.474616e+01  3.000000e+00
     vertex  8.385117e+00  1.467355e+01  3.000000e+00
   endloop
 endfacet
 facet normal -7.561578e-01 -6.543893e-01 -0.000000e+00
   outer loop
     vertex  8.385117e+00  1.467355e+01  1.200000e+01
     vertex  8.322277e+00  1.474616e+01  1.200000e+01
     vertex  8.385117e+00  1.467355e+01  3.000000e+00
   endloop
 endfacet
 facet normal -7.379206e-01 -6.748875e-01  0.000000e+00
   outer loop
     vertex  8.449925e+00  1.460269e+01  1.200000e+01
     vertex  8.385117e+00  1.467355e+01  1.200000e+01
     vertex  8.385117e+00  1.467355e+01  3.000000e+00
   endloop
 endfacet
 facet normal -7.379206e-01 -6.748875e-01 -0.000000e+00
   outer loop
     vertex  8.449925e+00  1.460269e+01  1.200000e+01
     vertex  8.385117e+00  1.467355e+01  3.000000e+00
     vertex  8.449925e+00  1.460269e+01  3.000000e+00
   endloop
 endfacet
 facet normal -7.191280e-01 -6.948776e-01  0.000000e+00
   outer loop
     vertex  8.516653e+00  1.453363e+01  1.200000e+01
     vertex  8.449925e+00  1.460269e+01  1.200000e+01
     vertex  8.449925e+00  1.460269e+01  3.000000e+00
   endloop
 endfacet
 facet normal -7.191280e-01 -6.948776e-01 -0.000000e+00
   outer loop
     vertex  8.516653e+00  1.453363e+01  1.200000e+01
     vertex  8.449925e+00  1.460269e+01  3.000000e+00
     vertex  8.516653e+00  1.453363e+01  3.000000e+00
   endloop
 endfacet
 facet normal -6.997940e-01 -7.143447e-01  0.000000e+00
   outer loop
     vertex  8.585250e+00  1.446643e+01  1.200000e+01
     vertex  8.516653e+00  1.453363e+01  1.200000e+01
     vertex  8.516653e+00  1.453363e+01  3.000000e+00
   endloop
 endfacet
 facet normal -6.997940e-01 -7.143447e-01 -0.000000e+00
   outer loop
     vertex  8.585250e+00  1.446643e+01  1.200000e+01
     vertex  8.516653e+00  1.453363e+01  3.000000e+00
     vertex  8.585250e+00  1.446643e+01  3.000000e+00
   endloop
 endfacet
 facet normal -6.799333e-01 -7.332740e-01  0.000000e+00
   outer loop
     vertex  8.655665e+00  1.440114e+01  1.200000e+01
     vertex  8.585250e+00  1.446643e+01  1.200000e+01
     vertex  8.585250e+00  1.446643e+01  3.000000e+00
   endloop
 endfacet
 facet normal -6.799333e-01 -7.332740e-01 -0.000000e+00
   outer loop
     vertex  8.655665e+00  1.440114e+01  1.200000e+01
     vertex  8.585250e+00  1.446643e+01  3.000000e+00
     vertex  8.655665e+00  1.440114e+01  3.000000e+00
   endloop
 endfacet
 facet normal -6.595607e-01 -7.516513e-01  0.000000e+00
   outer loop
     vertex  8.727845e+00  1.433780e+01  1.200000e+01
     vertex  8.655665e+00  1.440114e+01  1.200000e+01
     vertex  8.655665e+00  1.440114e+01  3.000000e+00
   endloop
 endfacet
 facet normal -6.595607e-01 -7.516513e-01 -0.000000e+00
   outer loop
     vertex  8.727845e+00  1.433780e+01  1.200000e+01
     vertex  8.655665e+00  1.440114e+01  3.000000e+00
     vertex  8.727845e+00  1.433780e+01  3.000000e+00
   endloop
 endfacet
 facet normal -6.386916e-01 -7.694628e-01  0.000000e+00
   outer loop
     vertex  8.801735e+00  1.427647e+01  1.200000e+01
     vertex  8.727845e+00  1.433780e+01  1.200000e+01
     vertex  8.727845e+00  1.433780e+01  3.000000e+00
   endloop
 endfacet
 facet normal -6.386916e-01 -7.694628e-01 -0.000000e+00
   outer loop
     vertex  8.801735e+00  1.427647e+01  1.200000e+01
     vertex  8.727845e+00  1.433780e+01  3.000000e+00
     vertex  8.801735e+00  1.427647e+01  3.000000e+00
   endloop
 endfacet
 facet normal -6.173417e-01 -7.866951e-01  0.000000e+00
   outer loop
     vertex  8.877280e+00  1.421719e+01  1.200000e+01
     vertex  8.801735e+00  1.427647e+01  1.200000e+01
     vertex  8.801735e+00  1.427647e+01  3.000000e+00
   endloop
 endfacet
 facet normal -6.173417e-01 -7.866951e-01 -0.000000e+00
   outer loop
     vertex  8.877280e+00  1.421719e+01  1.200000e+01
     vertex  8.801735e+00  1.427647e+01  3.000000e+00
     vertex  8.877280e+00  1.421719e+01  3.000000e+00
   endloop
 endfacet
 facet normal -5.955271e-01 -8.033352e-01  0.000000e+00
   outer loop
     vertex  8.954423e+00  1.416000e+01  1.200000e+01
     vertex  8.877280e+00  1.421719e+01  1.200000e+01
     vertex  8.877280e+00  1.421719e+01  3.000000e+00
   endloop
 endfacet
 facet normal -5.955271e-01 -8.033352e-01 -0.000000e+00
   outer loop
     vertex  8.954423e+00  1.416000e+01  1.200000e+01
     vertex  8.877280e+00  1.421719e+01  3.000000e+00
     vertex  8.954423e+00  1.416000e+01  3.000000e+00
   endloop
 endfacet
 facet normal -5.732642e-01 -8.193706e-01  0.000000e+00
   outer loop
     vertex  9.033105e+00  1.410495e+01  1.200000e+01
     vertex  8.954423e+00  1.416000e+01  1.200000e+01
     vertex  8.954423e+00  1.416000e+01  3.000000e+00
   endloop
 endfacet
 facet normal -5.732642e-01 -8.193706e-01 -0.000000e+00
   outer loop
     vertex  9.033105e+00  1.410495e+01  1.200000e+01
     vertex  8.954423e+00  1.416000e+01  3.000000e+00
     vertex  9.033105e+00  1.410495e+01  3.000000e+00
   endloop
 endfacet
 facet normal -5.505698e-01 -8.347891e-01  0.000000e+00
   outer loop
     vertex  9.113269e+00  1.405208e+01  1.200000e+01
     vertex  9.033105e+00  1.410495e+01  1.200000e+01
     vertex  9.033105e+00  1.410495e+01  3.000000e+00
   endloop
 endfacet
 facet normal -5.505698e-01 -8.347891e-01 -0.000000e+00
   outer loop
     vertex  9.113269e+00  1.405208e+01  1.200000e+01
     vertex  9.033105e+00  1.410495e+01  3.000000e+00
     vertex  9.113269e+00  1.405208e+01  3.000000e+00
   endloop
 endfacet
 facet normal -5.274609e-01 -8.495793e-01 -0.000000e+00
   outer loop
     vertex  9.113269e+00  1.405208e+01  1.200000e+01
     vertex  9.113269e+00  1.405208e+01  3.000000e+00
     vertex  9.194852e+00  1.400143e+01  3.000000e+00
   endloop
 endfacet
 facet normal -5.274609e-01 -8.495793e-01 -0.000000e+00
   outer loop
     vertex  9.194852e+00  1.400143e+01  1.200000e+01
     vertex  9.113269e+00  1.405208e+01  1.200000e+01
     vertex  9.194852e+00  1.400143e+01  3.000000e+00
   endloop
 endfacet
 facet normal -5.039550e-01 -8.637299e-01 -0.000000e+00
   outer loop
     vertex  9.194852e+00  1.400143e+01  1.200000e+01
     vertex  9.194852e+00  1.400143e+01  3.000000e+00
     vertex  9.277795e+00  1.395303e+01  3.000000e+00
   endloop
 endfacet
 facet normal -5.039550e-01 -8.637299e-01 -0.000000e+00
   outer loop
     vertex  9.277795e+00  1.395303e+01  1.200000e+01
     vertex  9.194852e+00  1.400143e+01  1.200000e+01
     vertex  9.277795e+00  1.395303e+01  3.000000e+00
   endloop
 endfacet
 facet normal -4.800697e-01 -8.772303e-01 -0.000000e+00
   outer loop
     vertex  9.277795e+00  1.395303e+01  1.200000e+01
     vertex  9.277795e+00  1.395303e+01  3.000000e+00
     vertex  9.362033e+00  1.390693e+01  3.000000e+00
   endloop
 endfacet
 facet normal -4.800697e-01 -8.772303e-01 -0.000000e+00
   outer loop
     vertex  9.362033e+00  1.390693e+01  1.200000e+01
     vertex  9.277795e+00  1.395303e+01  1.200000e+01
     vertex  9.362033e+00  1.390693e+01  3.000000e+00
   endloop
 endfacet
 facet normal -4.558231e-01 -8.900704e-01  0.000000e+00
   outer loop
     vertex  9.447505e+00  1.386316e+01  1.200000e+01
     vertex  9.362033e+00  1.390693e+01  1.200000e+01
     vertex  9.362033e+00  1.390693e+01  3.000000e+00
   endloop
 endfacet
 facet normal -4.558231e-01 -8.900704e-01 -0.000000e+00
   outer loop
     vertex  9.447505e+00  1.386316e+01  1.200000e+01
     vertex  9.362033e+00  1.390693e+01  3.000000e+00
     vertex  9.447505e+00  1.386316e+01  3.000000e+00
   endloop
 endfacet
 facet normal -4.312333e-01 -9.022405e-01  0.000000e+00
   outer loop
     vertex  9.534146e+00  1.382175e+01  1.200000e+01
     vertex  9.447505e+00  1.386316e+01  1.200000e+01
     vertex  9.447505e+00  1.386316e+01  3.000000e+00
   endloop
 endfacet
 facet normal -4.312333e-01 -9.022405e-01 -0.000000e+00
   outer loop
     vertex  9.534146e+00  1.382175e+01  1.200000e+01
     vertex  9.447505e+00  1.386316e+01  3.000000e+00
     vertex  9.534146e+00  1.382175e+01  3.000000e+00
   endloop
 endfacet
 facet normal -4.063188e-01 -9.137314e-01  0.000000e+00
   outer loop
     vertex  9.621890e+00  1.378273e+01  1.200000e+01
     vertex  9.534146e+00  1.382175e+01  1.200000e+01
     vertex  9.534146e+00  1.382175e+01  3.000000e+00
   endloop
 endfacet
 facet normal -4.063188e-01 -9.137314e-01 -0.000000e+00
   outer loop
     vertex  9.621890e+00  1.378273e+01  1.200000e+01
     vertex  9.534146e+00  1.382175e+01  3.000000e+00
     vertex  9.621890e+00  1.378273e+01  3.000000e+00
   endloop
 endfacet
 facet normal -3.810986e-01 -9.245344e-01 -0.000000e+00
   outer loop
     vertex  9.710671e+00  1.374614e+01  1.200000e+01
     vertex  9.621890e+00  1.378273e+01  3.000000e+00
     vertex  9.710671e+00  1.374614e+01  3.000000e+00
   endloop
 endfacet
 facet normal -3.810986e-01 -9.245344e-01  0.000000e+00
   outer loop
     vertex  9.710671e+00  1.374614e+01  1.200000e+01
     vertex  9.621890e+00  1.378273e+01  1.200000e+01
     vertex  9.621890e+00  1.378273e+01  3.000000e+00
   endloop
 endfacet
 facet normal -3.555914e-01 -9.346415e-01 -0.000000e+00
   outer loop
     vertex  9.800423e+00  1.371199e+01  1.200000e+01
     vertex  9.710671e+00  1.374614e+01  3.000000e+00
     vertex  9.800423e+00  1.371199e+01  3.000000e+00
   endloop
 endfacet
 facet normal -3.298166e-01 -9.440450e-01 -0.000000e+00
   outer loop
     vertex  9.800423e+00  1.371199e+01  1.200000e+01
     vertex  9.800423e+00  1.371199e+01  3.000000e+00
     vertex  9.891078e+00  1.368032e+01  3.000000e+00
   endloop
 endfacet
 facet normal -3.555914e-01 -9.346415e-01  0.000000e+00
   outer loop
     vertex  9.800423e+00  1.371199e+01  1.200000e+01
     vertex  9.710671e+00  1.374614e+01  1.200000e+01
     vertex  9.710671e+00  1.374614e+01  3.000000e+00
   endloop
 endfacet
 facet normal -3.298166e-01 -9.440450e-01 -0.000000e+00
   outer loop
     vertex  9.891078e+00  1.368032e+01  1.200000e+01
     vertex  9.800423e+00  1.371199e+01  1.200000e+01
     vertex  9.891078e+00  1.368032e+01  3.000000e+00
   endloop
 endfacet
 facet normal -3.037934e-01 -9.527379e-01 -0.000000e+00
   outer loop
     vertex  9.982568e+00  1.365114e+01  1.200000e+01
     vertex  9.891078e+00  1.368032e+01  3.000000e+00
     vertex  9.982568e+00  1.365114e+01  3.000000e+00
   endloop
 endfacet
 facet normal -2.775416e-01 -9.607136e-01 -0.000000e+00
   outer loop
     vertex  9.982568e+00  1.365114e+01  1.200000e+01
     vertex  9.982568e+00  1.365114e+01  3.000000e+00
     vertex  1.007482e+01  1.362449e+01  3.000000e+00
   endloop
 endfacet
 facet normal -3.037934e-01 -9.527379e-01  0.000000e+00
   outer loop
     vertex  9.982568e+00  1.365114e+01  1.200000e+01
     vertex  9.891078e+00  1.368032e+01  1.200000e+01
     vertex  9.891078e+00  1.368032e+01  3.000000e+00
   endloop
 endfacet
 facet normal -2.775416e-01 -9.607136e-01 -0.000000e+00
   outer loop
     vertex  1.007482e+01  1.362449e+01  1.200000e+01
     vertex  9.982568e+00  1.365114e+01  1.200000e+01
     vertex  1.007482e+01  1.362449e+01  3.000000e+00
   endloop
 endfacet
 facet normal -2.510809e-01 -9.679661e-01  0.000000e+00
   outer loop
     vertex  1.016778e+01  1.360038e+01  1.200000e+01
     vertex  1.007482e+01  1.362449e+01  1.200000e+01
     vertex  1.007482e+01  1.362449e+01  3.000000e+00
   endloop
 endfacet
 facet normal -2.510809e-01 -9.679661e-01 -0.000000e+00
   outer loop
     vertex  1.016778e+01  1.360038e+01  1.200000e+01
     vertex  1.007482e+01  1.362449e+01  3.000000e+00
     vertex  1.016778e+01  1.360038e+01  3.000000e+00
   endloop
 endfacet
 facet normal -2.244312e-01 -9.744899e-01  0.000000e+00
   outer loop
     vertex  1.026135e+01  1.357883e+01  1.200000e+01
     vertex  1.016778e+01  1.360038e+01  1.200000e+01
     vertex  1.016778e+01  1.360038e+01  3.000000e+00
   endloop
 endfacet
 facet normal -2.244312e-01 -9.744899e-01 -0.000000e+00
   outer loop
     vertex  1.026135e+01  1.357883e+01  1.200000e+01
     vertex  1.016778e+01  1.360038e+01  3.000000e+00
     vertex  1.026135e+01  1.357883e+01  3.000000e+00
   endloop
 endfacet
 facet normal -1.976125e-01 -9.802802e-01  0.000000e+00
   outer loop
     vertex  1.035549e+01  1.355985e+01  1.200000e+01
     vertex  1.026135e+01  1.357883e+01  1.200000e+01
     vertex  1.026135e+01  1.357883e+01  3.000000e+00
   endloop
 endfacet
 facet normal -1.976125e-01 -9.802802e-01 -0.000000e+00
   outer loop
     vertex  1.035549e+01  1.355985e+01  1.200000e+01
     vertex  1.026135e+01  1.357883e+01  3.000000e+00
     vertex  1.035549e+01  1.355985e+01  3.000000e+00
   endloop
 endfacet
 facet normal -1.706451e-01 -9.853326e-01 -0.000000e+00
   outer loop
     vertex  1.035549e+01  1.355985e+01  1.200000e+01
     vertex  1.035549e+01  1.355985e+01  3.000000e+00
     vertex  1.045011e+01  1.354347e+01  3.000000e+00
   endloop
 endfacet
 facet normal -1.706451e-01 -9.853326e-01 -0.000000e+00
   outer loop
     vertex  1.045011e+01  1.354347e+01  1.200000e+01
     vertex  1.035549e+01  1.355985e+01  1.200000e+01
     vertex  1.045011e+01  1.354347e+01  3.000000e+00
   endloop
 endfacet
 facet normal -1.435492e-01 -9.896432e-01 -0.000000e+00
   outer loop
     vertex  1.045011e+01  1.354347e+01  1.200000e+01
     vertex  1.045011e+01  1.354347e+01  3.000000e+00
     vertex  1.054514e+01  1.352968e+01  3.000000e+00
   endloop
 endfacet
 facet normal -1.435492e-01 -9.896432e-01 -0.000000e+00
   outer loop
     vertex  1.054514e+01  1.352968e+01  1.200000e+01
     vertex  1.045011e+01  1.354347e+01  1.200000e+01
     vertex  1.054514e+01  1.352968e+01  3.000000e+00
   endloop
 endfacet
 facet normal -1.163452e-01 -9.932088e-01 -0.000000e+00
   outer loop
     vertex  1.054514e+01  1.352968e+01  1.200000e+01
     vertex  1.054514e+01  1.352968e+01  3.000000e+00
     vertex  1.064052e+01  1.351851e+01  3.000000e+00
   endloop
 endfacet
 facet normal -1.163452e-01 -9.932088e-01 -0.000000e+00
   outer loop
     vertex  1.064052e+01  1.351851e+01  1.200000e+01
     vertex  1.054514e+01  1.352968e+01  1.200000e+01
     vertex  1.064052e+01  1.351851e+01  3.000000e+00
   endloop
 endfacet
 facet normal -8.905371e-02 -9.960268e-01 -0.000000e+00
   outer loop
     vertex  1.064052e+01  1.351851e+01  1.200000e+01
     vertex  1.064052e+01  1.351851e+01  3.000000e+00
     vertex  1.073616e+01  1.350996e+01  3.000000e+00
   endloop
 endfacet
 facet normal -8.905371e-02 -9.960268e-01 -0.000000e+00
   outer loop
     vertex  1.073616e+01  1.350996e+01  1.200000e+01
     vertex  1.064052e+01  1.351851e+01  1.200000e+01
     vertex  1.073616e+01  1.350996e+01  3.000000e+00
   endloop
 endfacet
 facet normal -6.169515e-02 -9.980950e-01 -0.000000e+00
   outer loop
     vertex  1.073616e+01  1.350996e+01  1.200000e+01
     vertex  1.073616e+01  1.350996e+01  3.000000e+00
     vertex  1.083201e+01  1.350403e+01  3.000000e+00
   endloop
 endfacet
 facet normal -6.169515e-02 -9.980950e-01 -0.000000e+00
   outer loop
     vertex  1.083201e+01  1.350403e+01  1.200000e+01
     vertex  1.073616e+01  1.350996e+01  1.200000e+01
     vertex  1.083201e+01  1.350403e+01  3.000000e+00
   endloop
 endfacet
 facet normal -3.429014e-02 -9.994119e-01 -0.000000e+00
   outer loop
     vertex  1.083201e+01  1.350403e+01  1.200000e+01
     vertex  1.083201e+01  1.350403e+01  3.000000e+00
     vertex  1.092798e+01  1.350074e+01  3.000000e+00
   endloop
 endfacet
 facet normal -3.429014e-02 -9.994119e-01 -0.000000e+00
   outer loop
     vertex  1.092798e+01  1.350074e+01  1.200000e+01
     vertex  1.083201e+01  1.350403e+01  1.200000e+01
     vertex  1.092798e+01  1.350074e+01  3.000000e+00
   endloop
 endfacet
 facet normal -6.859319e-03 -9.999765e-01 -0.000000e+00
   outer loop
     vertex  1.092798e+01  1.350074e+01  1.200000e+01
     vertex  1.092798e+01  1.350074e+01  3.000000e+00
     vertex  1.102401e+01  1.350008e+01  3.000000e+00
   endloop
 endfacet
 facet normal -6.859319e-03 -9.999765e-01 -0.000000e+00
   outer loop
     vertex  1.102401e+01  1.350008e+01  1.200000e+01
     vertex  1.092798e+01  1.350074e+01  1.200000e+01
     vertex  1.102401e+01  1.350008e+01  3.000000e+00
   endloop
 endfacet
 facet normal  2.057667e-02 -9.997883e-01  0.000000e+00
   outer loop
     vertex  1.112002e+01  1.350206e+01  1.200000e+01
     vertex  1.102401e+01  1.350008e+01  1.200000e+01
     vertex  1.102401e+01  1.350008e+01  3.000000e+00
   endloop
 endfacet
 facet normal  2.057667e-02 -9.997883e-01  0.000000e+00
   outer loop
     vertex  1.112002e+01  1.350206e+01  1.200000e+01
     vertex  1.102401e+01  1.350008e+01  3.000000e+00
     vertex  1.112002e+01  1.350206e+01  3.000000e+00
   endloop
 endfacet
 facet normal  4.799716e-02 -9.988475e-01  0.000000e+00
   outer loop
     vertex  1.121593e+01  1.350667e+01  1.200000e+01
     vertex  1.112002e+01  1.350206e+01  3.000000e+00
     vertex  1.121593e+01  1.350667e+01  3.000000e+00
   endloop
 endfacet
 facet normal  4.799716e-02 -9.988475e-01  0.000000e+00
   outer loop
     vertex  1.121593e+01  1.350667e+01  1.200000e+01
     vertex  1.112002e+01  1.350206e+01  1.200000e+01
     vertex  1.112002e+01  1.350206e+01  3.000000e+00
   endloop
 endfacet
 facet normal  7.538152e-02 -9.971548e-01  0.000000e+00
   outer loop
     vertex  1.131169e+01  1.351391e+01  1.200000e+01
     vertex  1.121593e+01  1.350667e+01  3.000000e+00
     vertex  1.131169e+01  1.351391e+01  3.000000e+00
   endloop
 endfacet
 facet normal  1.027091e-01 -9.947114e-01  0.000000e+00
   outer loop
     vertex  1.131169e+01  1.351391e+01  1.200000e+01
     vertex  1.131169e+01  1.351391e+01  3.000000e+00
     vertex  1.140721e+01  1.352377e+01  3.000000e+00
   endloop
 endfacet
 facet normal  7.538152e-02 -9.971548e-01  0.000000e+00
   outer loop
     vertex  1.131169e+01  1.351391e+01  1.200000e+01
     vertex  1.121593e+01  1.350667e+01  1.200000e+01
     vertex  1.121593e+01  1.350667e+01  3.000000e+00
   endloop
 endfacet
 facet normal  1.027091e-01 -9.947114e-01  0.000000e+00
   outer loop
     vertex  1.140721e+01  1.352377e+01  1.200000e+01
     vertex  1.131169e+01  1.351391e+01  1.200000e+01
     vertex  1.140721e+01  1.352377e+01  3.000000e+00
   endloop
 endfacet
 facet normal  1.299594e-01 -9.915193e-01  0.000000e+00
   outer loop
     vertex  1.150242e+01  1.353625e+01  1.200000e+01
     vertex  1.140721e+01  1.352377e+01  3.000000e+00
     vertex  1.150242e+01  1.353625e+01  3.000000e+00
   endloop
 endfacet
 facet normal  1.299594e-01 -9.915193e-01  0.000000e+00
   outer loop
     vertex  1.150242e+01  1.353625e+01  1.200000e+01
     vertex  1.140721e+01  1.352377e+01  1.200000e+01
     vertex  1.140721e+01  1.352377e+01  3.000000e+00
   endloop
 endfacet
 facet normal  1.571119e-01 -9.875808e-01  0.000000e+00
   outer loop
     vertex  1.159726e+01  1.355134e+01  1.200000e+01
     vertex  1.150242e+01  1.353625e+01  3.000000e+00
     vertex  1.159726e+01  1.355134e+01  3.000000e+00
   endloop
 endfacet
 facet normal  1.841461e-01 -9.828989e-01  0.000000e+00
   outer loop
     vertex  1.159726e+01  1.355134e+01  1.200000e+01
     vertex  1.159726e+01  1.355134e+01  3.000000e+00
     vertex  1.169164e+01  1.356902e+01  3.000000e+00
   endloop
 endfacet
 facet normal  1.571119e-01 -9.875808e-01  0.000000e+00
   outer loop
     vertex  1.159726e+01  1.355134e+01  1.200000e+01
     vertex  1.150242e+01  1.353625e+01  1.200000e+01
     vertex  1.150242e+01  1.353625e+01  3.000000e+00
   endloop
 endfacet
 facet normal  1.841461e-01 -9.828989e-01  0.000000e+00
   outer loop
     vertex  1.169164e+01  1.356902e+01  1.200000e+01
     vertex  1.159726e+01  1.355134e+01  1.200000e+01
     vertex  1.169164e+01  1.356902e+01  3.000000e+00
   endloop
 endfacet
 facet normal  2.110417e-01 -9.774771e-01  0.000000e+00
   outer loop
     vertex  1.178551e+01  1.358929e+01  1.200000e+01
     vertex  1.169164e+01  1.356902e+01  3.000000e+00
     vertex  1.178551e+01  1.358929e+01  3.000000e+00
   endloop
 endfacet
 facet normal  2.110417e-01 -9.774771e-01  0.000000e+00
   outer loop
     vertex  1.178551e+01  1.358929e+01  1.200000e+01
     vertex  1.169164e+01  1.356902e+01  1.200000e+01
     vertex  1.169164e+01  1.356902e+01  3.000000e+00
   endloop
 endfacet
 facet normal  2.377784e-01 -9.713194e-01  0.000000e+00
   outer loop
     vertex  1.187878e+01  1.361212e+01  1.200000e+01
     vertex  1.178551e+01  1.358929e+01  3.000000e+00
     vertex  1.187878e+01  1.361212e+01  3.000000e+00
   endloop
 endfacet
 facet normal  2.377784e-01 -9.713194e-01  0.000000e+00
   outer loop
     vertex  1.187878e+01  1.361212e+01  1.200000e+01
     vertex  1.178551e+01  1.358929e+01  1.200000e+01
     vertex  1.178551e+01  1.358929e+01  3.000000e+00
   endloop
 endfacet
 facet normal  2.643362e-01 -9.644306e-01  0.000000e+00
   outer loop
     vertex  1.197140e+01  1.363750e+01  1.200000e+01
     vertex  1.187878e+01  1.361212e+01  3.000000e+00
     vertex  1.197140e+01  1.363750e+01  3.000000e+00
   endloop
 endfacet
 facet normal  2.906949e-01 -9.568158e-01  0.000000e+00
   outer loop
     vertex  1.197140e+01  1.363750e+01  1.200000e+01
     vertex  1.197140e+01  1.363750e+01  3.000000e+00
     vertex  1.206328e+01  1.366542e+01  3.000000e+00
   endloop
 endfacet
 facet normal  2.643362e-01 -9.644306e-01  0.000000e+00
   outer loop
     vertex  1.197140e+01  1.363750e+01  1.200000e+01
     vertex  1.187878e+01  1.361212e+01  1.200000e+01
     vertex  1.187878e+01  1.361212e+01  3.000000e+00
   endloop
 endfacet
 facet normal  2.906949e-01 -9.568158e-01  0.000000e+00
   outer loop
     vertex  1.206328e+01  1.366542e+01  1.200000e+01
     vertex  1.197140e+01  1.363750e+01  1.200000e+01
     vertex  1.206328e+01  1.366542e+01  3.000000e+00
   endloop
 endfacet
 facet normal  3.168348e-01 -9.484807e-01  0.000000e+00
   outer loop
     vertex  1.215436e+01  1.369584e+01  1.200000e+01
     vertex  1.206328e+01  1.366542e+01  3.000000e+00
     vertex  1.215436e+01  1.369584e+01  3.000000e+00
   endloop
 endfacet
 facet normal  3.427362e-01 -9.394317e-01  0.000000e+00
   outer loop
     vertex  1.215436e+01  1.369584e+01  1.200000e+01
     vertex  1.215436e+01  1.369584e+01  3.000000e+00
     vertex  1.224457e+01  1.372875e+01  3.000000e+00
   endloop
 endfacet
 facet normal  3.168348e-01 -9.484807e-01  0.000000e+00
   outer loop
     vertex  1.215436e+01  1.369584e+01  1.200000e+01
     vertex  1.206328e+01  1.366542e+01  1.200000e+01
     vertex  1.206328e+01  1.366542e+01  3.000000e+00
   endloop
 endfacet
 facet normal  3.427362e-01 -9.394317e-01  0.000000e+00
   outer loop
     vertex  1.224457e+01  1.372875e+01  1.200000e+01
     vertex  1.215436e+01  1.369584e+01  1.200000e+01
     vertex  1.224457e+01  1.372875e+01  3.000000e+00
   endloop
 endfacet
 facet normal  3.683796e-01 -9.296754e-01  0.000000e+00
   outer loop
     vertex  1.233384e+01  1.376413e+01  1.200000e+01
     vertex  1.224457e+01  1.372875e+01  3.000000e+00
     vertex  1.233384e+01  1.376413e+01  3.000000e+00
   endloop
 endfacet
 facet normal  3.937458e-01 -9.192194e-01  0.000000e+00
   outer loop
     vertex  1.233384e+01  1.376413e+01  1.200000e+01
     vertex  1.233384e+01  1.376413e+01  3.000000e+00
     vertex  1.242212e+01  1.380194e+01  3.000000e+00
   endloop
 endfacet
 facet normal  3.683796e-01 -9.296754e-01  0.000000e+00
   outer loop
     vertex  1.233384e+01  1.376413e+01  1.200000e+01
     vertex  1.224457e+01  1.372875e+01  1.200000e+01
     vertex  1.224457e+01  1.372875e+01  3.000000e+00
   endloop
 endfacet
 facet normal  3.937458e-01 -9.192194e-01  0.000000e+00
   outer loop
     vertex  1.242212e+01  1.380194e+01  1.200000e+01
     vertex  1.233384e+01  1.376413e+01  1.200000e+01
     vertex  1.242212e+01  1.380194e+01  3.000000e+00
   endloop
 endfacet
 facet normal  4.188155e-01 -9.080714e-01  0.000000e+00
   outer loop
     vertex  1.242212e+01  1.380194e+01  1.200000e+01
     vertex  1.242212e+01  1.380194e+01  3.000000e+00
     vertex  1.250932e+01  1.384216e+01  3.000000e+00
   endloop
 endfacet
 facet normal  4.188155e-01 -9.080714e-01  0.000000e+00
   outer loop
     vertex  1.250932e+01  1.384216e+01  1.200000e+01
     vertex  1.242212e+01  1.380194e+01  1.200000e+01
     vertex  1.250932e+01  1.384216e+01  3.000000e+00
   endloop
 endfacet
 facet normal  4.435699e-01 -8.962398e-01  0.000000e+00
   outer loop
     vertex  1.250932e+01  1.384216e+01  1.200000e+01
     vertex  1.250932e+01  1.384216e+01  3.000000e+00
     vertex  1.259538e+01  1.388475e+01  3.000000e+00
   endloop
 endfacet
 facet normal  4.435699e-01 -8.962398e-01  0.000000e+00
   outer loop
     vertex  1.259538e+01  1.388475e+01  1.200000e+01
     vertex  1.250932e+01  1.384216e+01  1.200000e+01
     vertex  1.259538e+01  1.388475e+01  3.000000e+00
   endloop
 endfacet
 facet normal  4.679904e-01 -8.837335e-01  0.000000e+00
   outer loop
     vertex  1.268024e+01  1.392969e+01  1.200000e+01
     vertex  1.259538e+01  1.388475e+01  1.200000e+01
     vertex  1.259538e+01  1.388475e+01  3.000000e+00
   endloop
 endfacet
 facet normal  4.679904e-01 -8.837335e-01  0.000000e+00
   outer loop
     vertex  1.268024e+01  1.392969e+01  1.200000e+01
     vertex  1.259538e+01  1.388475e+01  3.000000e+00
     vertex  1.268024e+01  1.392969e+01  3.000000e+00
   endloop
 endfacet
 facet normal  4.920587e-01 -8.705620e-01  0.000000e+00
   outer loop
     vertex  1.276384e+01  1.397695e+01  1.200000e+01
     vertex  1.268024e+01  1.392969e+01  3.000000e+00
     vertex  1.276384e+01  1.397695e+01  3.000000e+00
   endloop
 endfacet
 facet normal  5.157565e-01 -8.567352e-01  0.000000e+00
   outer loop
     vertex  1.276384e+01  1.397695e+01  1.200000e+01
     vertex  1.276384e+01  1.397695e+01  3.000000e+00
     vertex  1.284611e+01  1.402647e+01  3.000000e+00
   endloop
 endfacet
 facet normal  4.920587e-01 -8.705620e-01  0.000000e+00
   outer loop
     vertex  1.276384e+01  1.397695e+01  1.200000e+01
     vertex  1.268024e+01  1.392969e+01  1.200000e+01
     vertex  1.268024e+01  1.392969e+01  3.000000e+00
   endloop
 endfacet
 facet normal  5.157565e-01 -8.567352e-01  0.000000e+00
   outer loop
     vertex  1.284611e+01  1.402647e+01  1.200000e+01
     vertex  1.276384e+01  1.397695e+01  1.200000e+01
     vertex  1.284611e+01  1.402647e+01  3.000000e+00
   endloop
 endfacet
 facet normal  5.390661e-01 -8.422635e-01  0.000000e+00
   outer loop
     vertex  1.292699e+01  1.407824e+01  1.200000e+01
     vertex  1.284611e+01  1.402647e+01  3.000000e+00
     vertex  1.292699e+01  1.407824e+01  3.000000e+00
   endloop
 endfacet
 facet normal  5.390661e-01 -8.422635e-01  0.000000e+00
   outer loop
     vertex  1.292699e+01  1.407824e+01  1.200000e+01
     vertex  1.284611e+01  1.402647e+01  1.200000e+01
     vertex  1.284611e+01  1.402647e+01  3.000000e+00
   endloop
 endfacet
 facet normal  5.619699e-01 -8.271577e-01  0.000000e+00
   outer loop
     vertex  1.300642e+01  1.413220e+01  1.200000e+01
     vertex  1.292699e+01  1.407824e+01  3.000000e+00
     vertex  1.300642e+01  1.413220e+01  3.000000e+00
   endloop
 endfacet
 facet normal  5.844507e-01 -8.114292e-01  0.000000e+00
   outer loop
     vertex  1.300642e+01  1.413220e+01  1.200000e+01
     vertex  1.300642e+01  1.413220e+01  3.000000e+00
     vertex  1.308434e+01  1.418833e+01  3.000000e+00
   endloop
 endfacet
 facet normal  5.619699e-01 -8.271577e-01  0.000000e+00
   outer loop
     vertex  1.300642e+01  1.413220e+01  1.200000e+01
     vertex  1.292699e+01  1.407824e+01  1.200000e+01
     vertex  1.292699e+01  1.407824e+01  3.000000e+00
   endloop
 endfacet
 facet normal  5.844507e-01 -8.114292e-01  0.000000e+00
   outer loop
     vertex  1.308434e+01  1.418833e+01  1.200000e+01
     vertex  1.300642e+01  1.413220e+01  1.200000e+01
     vertex  1.308434e+01  1.418833e+01  3.000000e+00
   endloop
 endfacet
 facet normal  6.064915e-01 -7.950900e-01  0.000000e+00
   outer loop
     vertex  1.316070e+01  1.424657e+01  1.200000e+01
     vertex  1.308434e+01  1.418833e+01  3.000000e+00
     vertex  1.316070e+01  1.424657e+01  3.000000e+00
   endloop
 endfacet
 facet normal  6.280757e-01 -7.781522e-01  0.000000e+00
   outer loop
     vertex  1.316070e+01  1.424657e+01  1.200000e+01
     vertex  1.316070e+01  1.424657e+01  3.000000e+00
     vertex  1.323542e+01  1.430688e+01  3.000000e+00
   endloop
 endfacet
 facet normal  6.064915e-01 -7.950900e-01  0.000000e+00
   outer loop
     vertex  1.316070e+01  1.424657e+01  1.200000e+01
     vertex  1.308434e+01  1.418833e+01  1.200000e+01
     vertex  1.308434e+01  1.418833e+01  3.000000e+00
   endloop
 endfacet
 facet normal  6.280757e-01 -7.781522e-01  0.000000e+00
   outer loop
     vertex  1.323542e+01  1.430688e+01  1.200000e+01
     vertex  1.316070e+01  1.424657e+01  1.200000e+01
     vertex  1.323542e+01  1.430688e+01  3.000000e+00
   endloop
 endfacet
 facet normal  6.491872e-01 -7.606287e-01  0.000000e+00
   outer loop
     vertex  1.330846e+01  1.436922e+01  1.200000e+01
     vertex  1.323542e+01  1.430688e+01  3.000000e+00
     vertex  1.330846e+01  1.436922e+01  3.000000e+00
   endloop
 endfacet
 facet normal  6.491872e-01 -7.606287e-01  0.000000e+00
   outer loop
     vertex  1.330846e+01  1.436922e+01  1.200000e+01
     vertex  1.323542e+01  1.430688e+01  1.200000e+01
     vertex  1.323542e+01  1.430688e+01  3.000000e+00
   endloop
 endfacet
 facet normal  6.698100e-01 -7.425325e-01  0.000000e+00
   outer loop
     vertex  1.337977e+01  1.443354e+01  1.200000e+01
     vertex  1.330846e+01  1.436922e+01  3.000000e+00
     vertex  1.337977e+01  1.443354e+01  3.000000e+00
   endloop
 endfacet
 facet normal  6.698100e-01 -7.425325e-01  0.000000e+00
   outer loop
     vertex  1.337977e+01  1.443354e+01  1.200000e+01
     vertex  1.330846e+01  1.436922e+01  1.200000e+01
     vertex  1.330846e+01  1.436922e+01  3.000000e+00
   endloop
 endfacet
 facet normal  6.899286e-01 -7.238775e-01  0.000000e+00
   outer loop
     vertex  1.344928e+01  1.449979e+01  1.200000e+01
     vertex  1.337977e+01  1.443354e+01  3.000000e+00
     vertex  1.344928e+01  1.449979e+01  3.000000e+00
   endloop
 endfacet
 facet normal  6.899286e-01 -7.238775e-01  0.000000e+00
   outer loop
     vertex  1.344928e+01  1.449979e+01  1.200000e+01
     vertex  1.337977e+01  1.443354e+01  1.200000e+01
     vertex  1.337977e+01  1.443354e+01  3.000000e+00
   endloop
 endfacet
 facet normal  7.095278e-01 -7.046775e-01  0.000000e+00
   outer loop
     vertex  1.351695e+01  1.456793e+01  1.200000e+01
     vertex  1.344928e+01  1.449979e+01  3.000000e+00
     vertex  1.351695e+01  1.456793e+01  3.000000e+00
   endloop
 endfacet
 facet normal  7.095278e-01 -7.046775e-01  0.000000e+00
   outer loop
     vertex  1.351695e+01  1.456793e+01  1.200000e+01
     vertex  1.344928e+01  1.449979e+01  1.200000e+01
     vertex  1.344928e+01  1.449979e+01  3.000000e+00
   endloop
 endfacet
 facet normal  7.285929e-01 -6.849470e-01  0.000000e+00
   outer loop
     vertex  1.358272e+01  1.463789e+01  1.200000e+01
     vertex  1.351695e+01  1.456793e+01  3.000000e+00
     vertex  1.358272e+01  1.463789e+01  3.000000e+00
   endloop
 endfacet
 facet normal  7.285929e-01 -6.849470e-01  0.000000e+00
   outer loop
     vertex  1.358272e+01  1.463789e+01  1.200000e+01
     vertex  1.351695e+01  1.456793e+01  1.200000e+01
     vertex  1.351695e+01  1.456793e+01  3.000000e+00
   endloop
 endfacet
 facet normal  7.471095e-01 -6.647010e-01  0.000000e+00
   outer loop
     vertex  1.364655e+01  1.470964e+01  1.200000e+01
     vertex  1.358272e+01  1.463789e+01  3.000000e+00
     vertex  1.364655e+01  1.470964e+01  3.000000e+00
   endloop
 endfacet
 facet normal  7.471095e-01 -6.647010e-01  0.000000e+00
   outer loop
     vertex  1.364655e+01  1.470964e+01  1.200000e+01
     vertex  1.358272e+01  1.463789e+01  1.200000e+01
     vertex  1.358272e+01  1.463789e+01  3.000000e+00
   endloop
 endfacet
 facet normal  7.650637e-01 -6.439545e-01  0.000000e+00
   outer loop
     vertex  1.370839e+01  1.478311e+01  1.200000e+01
     vertex  1.364655e+01  1.470964e+01  3.000000e+00
     vertex  1.370839e+01  1.478311e+01  3.000000e+00
   endloop
 endfacet
 facet normal  7.650637e-01 -6.439545e-01  0.000000e+00
   outer loop
     vertex  1.370839e+01  1.478311e+01  1.200000e+01
     vertex  1.364655e+01  1.470964e+01  1.200000e+01
     vertex  1.364655e+01  1.470964e+01  3.000000e+00
   endloop
 endfacet
 facet normal  7.824421e-01 -6.227234e-01  0.000000e+00
   outer loop
     vertex  1.376819e+01  1.485824e+01  1.200000e+01
     vertex  1.370839e+01  1.478311e+01  3.000000e+00
     vertex  1.376819e+01  1.485824e+01  3.000000e+00
   endloop
 endfacet
 facet normal  7.824421e-01 -6.227234e-01  0.000000e+00
   outer loop
     vertex  1.376819e+01  1.485824e+01  1.200000e+01
     vertex  1.370839e+01  1.478311e+01  1.200000e+01
     vertex  1.370839e+01  1.478311e+01  3.000000e+00
   endloop
 endfacet
 facet normal  7.992314e-01 -6.010234e-01  0.000000e+00
   outer loop
     vertex  1.382590e+01  1.493499e+01  1.200000e+01
     vertex  1.376819e+01  1.485824e+01  3.000000e+00
     vertex  1.382590e+01  1.493499e+01  3.000000e+00
   endloop
 endfacet
 facet normal  7.992314e-01 -6.010234e-01  0.000000e+00
   outer loop
     vertex  1.382590e+01  1.493499e+01  1.200000e+01
     vertex  1.376819e+01  1.485824e+01  1.200000e+01
     vertex  1.376819e+01  1.485824e+01  3.000000e+00
   endloop
 endfacet
 facet normal  8.154191e-01 -5.788711e-01  0.000000e+00
   outer loop
     vertex  1.388149e+01  1.501329e+01  1.200000e+01
     vertex  1.382590e+01  1.493499e+01  3.000000e+00
     vertex  1.388149e+01  1.501329e+01  3.000000e+00
   endloop
 endfacet
 facet normal  8.154191e-01 -5.788711e-01  0.000000e+00
   outer loop
     vertex  1.388149e+01  1.501329e+01  1.200000e+01
     vertex  1.382590e+01  1.493499e+01  1.200000e+01
     vertex  1.382590e+01  1.493499e+01  3.000000e+00
   endloop
 endfacet
 facet normal  8.309929e-01 -5.562829e-01  0.000000e+00
   outer loop
     vertex  1.393491e+01  1.509309e+01  1.200000e+01
     vertex  1.388149e+01  1.501329e+01  3.000000e+00
     vertex  1.393491e+01  1.509309e+01  3.000000e+00
   endloop
 endfacet
 facet normal  8.309929e-01 -5.562829e-01  0.000000e+00
   outer loop
     vertex  1.393491e+01  1.509309e+01  1.200000e+01
     vertex  1.388149e+01  1.501329e+01  1.200000e+01
     vertex  1.388149e+01  1.501329e+01  3.000000e+00
   endloop
 endfacet
 facet normal  8.459413e-01 -5.332761e-01  0.000000e+00
   outer loop
     vertex  1.398612e+01  1.517433e+01  1.200000e+01
     vertex  1.393491e+01  1.509309e+01  3.000000e+00
     vertex  1.398612e+01  1.517433e+01  3.000000e+00
   endloop
 endfacet
 facet normal  8.459413e-01 -5.332761e-01  0.000000e+00
   outer loop
     vertex  1.398612e+01  1.517433e+01  1.200000e+01
     vertex  1.393491e+01  1.509309e+01  1.200000e+01
     vertex  1.393491e+01  1.509309e+01  3.000000e+00
   endloop
 endfacet
 facet normal  8.602528e-01 -5.098678e-01  0.000000e+00
   outer loop
     vertex  1.403508e+01  1.525694e+01  1.200000e+01
     vertex  1.398612e+01  1.517433e+01  3.000000e+00
     vertex  1.403508e+01  1.525694e+01  3.000000e+00
   endloop
 endfacet
 facet normal  8.602528e-01 -5.098678e-01  0.000000e+00
   outer loop
     vertex  1.403508e+01  1.525694e+01  1.200000e+01
     vertex  1.398612e+01  1.517433e+01  1.200000e+01
     vertex  1.398612e+01  1.517433e+01  3.000000e+00
   endloop
 endfacet
 facet normal  8.739167e-01 -4.860756e-01  0.000000e+00
   outer loop
     vertex  1.408176e+01  1.534086e+01  1.200000e+01
     vertex  1.403508e+01  1.525694e+01  3.000000e+00
     vertex  1.408176e+01  1.534086e+01  3.000000e+00
   endloop
 endfacet
 facet normal  8.739167e-01 -4.860756e-01  0.000000e+00
   outer loop
     vertex  1.408176e+01  1.534086e+01  1.200000e+01
     vertex  1.403508e+01  1.525694e+01  1.200000e+01
     vertex  1.403508e+01  1.525694e+01  3.000000e+00
   endloop
 endfacet
 facet normal  8.869228e-01 -4.619176e-01  0.000000e+00
   outer loop
     vertex  1.412612e+01  1.542603e+01  1.200000e+01
     vertex  1.408176e+01  1.534086e+01  1.200000e+01
     vertex  1.408176e+01  1.534086e+01  3.000000e+00
   endloop
 endfacet
 facet normal  8.869228e-01 -4.619176e-01  0.000000e+00
   outer loop
     vertex  1.412612e+01  1.542603e+01  1.200000e+01
     vertex  1.408176e+01  1.534086e+01  3.000000e+00
     vertex  1.412612e+01  1.542603e+01  3.000000e+00
   endloop
 endfacet
 facet normal  8.992613e-01 -4.374119e-01  0.000000e+00
   outer loop
     vertex  1.416812e+01  1.551238e+01  1.200000e+01
     vertex  1.412612e+01  1.542603e+01  1.200000e+01
     vertex  1.412612e+01  1.542603e+01  3.000000e+00
   endloop
 endfacet
 facet normal  8.992613e-01 -4.374119e-01  0.000000e+00
   outer loop
     vertex  1.416812e+01  1.551238e+01  1.200000e+01
     vertex  1.412612e+01  1.542603e+01  3.000000e+00
     vertex  1.416812e+01  1.551238e+01  3.000000e+00
   endloop
 endfacet
 facet normal  9.109228e-01 -4.125769e-01  0.000000e+00
   outer loop
     vertex  1.416812e+01  1.551238e+01  1.200000e+01
     vertex  1.416812e+01  1.551238e+01  3.000000e+00
     vertex  1.420774e+01  1.559985e+01  3.000000e+00
   endloop
 endfacet
 facet normal  9.109228e-01 -4.125769e-01  0.000000e+00
   outer loop
     vertex  1.420774e+01  1.559985e+01  1.200000e+01
     vertex  1.416812e+01  1.551238e+01  1.200000e+01
     vertex  1.420774e+01  1.559985e+01  3.000000e+00
   endloop
 endfacet
 facet normal  9.218986e-01 -3.874313e-01  0.000000e+00
   outer loop
     vertex  1.424494e+01  1.568838e+01  1.200000e+01
     vertex  1.420774e+01  1.559985e+01  1.200000e+01
     vertex  1.420774e+01  1.559985e+01  3.000000e+00
   endloop
 endfacet
 facet normal  9.218986e-01 -3.874313e-01  0.000000e+00
   outer loop
     vertex  1.424494e+01  1.568838e+01  1.200000e+01
     vertex  1.420774e+01  1.559985e+01  3.000000e+00
     vertex  1.424494e+01  1.568838e+01  3.000000e+00
   endloop
 endfacet
 facet normal  9.321804e-01 -3.619940e-01  0.000000e+00
   outer loop
     vertex  1.427971e+01  1.577790e+01  1.200000e+01
     vertex  1.424494e+01  1.568838e+01  1.200000e+01
     vertex  1.424494e+01  1.568838e+01  3.000000e+00
   endloop
 endfacet
 facet normal  9.321804e-01 -3.619940e-01  0.000000e+00
   outer loop
     vertex  1.427971e+01  1.577790e+01  1.200000e+01
     vertex  1.424494e+01  1.568838e+01  3.000000e+00
     vertex  1.427971e+01  1.577790e+01  3.000000e+00
   endloop
 endfacet
 facet normal  9.417605e-01 -3.362843e-01  0.000000e+00
   outer loop
     vertex  1.431200e+01  1.586833e+01  1.200000e+01
     vertex  1.427971e+01  1.577790e+01  1.200000e+01
     vertex  1.427971e+01  1.577790e+01  3.000000e+00
   endloop
 endfacet
 facet normal  9.417605e-01 -3.362843e-01  0.000000e+00
   outer loop
     vertex  1.431200e+01  1.586833e+01  1.200000e+01
     vertex  1.427971e+01  1.577790e+01  3.000000e+00
     vertex  1.431200e+01  1.586833e+01  3.000000e+00
   endloop
 endfacet
 facet normal  9.506317e-01 -3.103214e-01  0.000000e+00
   outer loop
     vertex  1.434180e+01  1.595962e+01  1.200000e+01
     vertex  1.431200e+01  1.586833e+01  1.200000e+01
     vertex  1.431200e+01  1.586833e+01  3.000000e+00
   endloop
 endfacet
 facet normal  9.506317e-01 -3.103214e-01  0.000000e+00
   outer loop
     vertex  1.434180e+01  1.595962e+01  1.200000e+01
     vertex  1.431200e+01  1.586833e+01  3.000000e+00
     vertex  1.434180e+01  1.595962e+01  3.000000e+00
   endloop
 endfacet
 facet normal  9.587873e-01 -2.841250e-01  0.000000e+00
   outer loop
     vertex  1.436908e+01  1.605169e+01  1.200000e+01
     vertex  1.434180e+01  1.595962e+01  1.200000e+01
     vertex  1.434180e+01  1.595962e+01  3.000000e+00
   endloop
 endfacet
 facet normal  9.587873e-01 -2.841250e-01  0.000000e+00
   outer loop
     vertex  1.436908e+01  1.605169e+01  1.200000e+01
     vertex  1.434180e+01  1.595962e+01  3.000000e+00
     vertex  1.436908e+01  1.605169e+01  3.000000e+00
   endloop
 endfacet
 facet normal  9.662211e-01 -2.577146e-01  0.000000e+00
   outer loop
     vertex  1.439383e+01  1.614448e+01  1.200000e+01
     vertex  1.436908e+01  1.605169e+01  1.200000e+01
     vertex  1.436908e+01  1.605169e+01  3.000000e+00
   endloop
 endfacet
 facet normal  9.662211e-01 -2.577146e-01  0.000000e+00
   outer loop
     vertex  1.439383e+01  1.614448e+01  1.200000e+01
     vertex  1.436908e+01  1.605169e+01  3.000000e+00
     vertex  1.439383e+01  1.614448e+01  3.000000e+00
   endloop
 endfacet
 facet normal  9.729276e-01 -2.311102e-01  0.000000e+00
   outer loop
     vertex  1.439383e+01  1.614448e+01  1.200000e+01
     vertex  1.439383e+01  1.614448e+01  3.000000e+00
     vertex  1.441602e+01  1.623790e+01  3.000000e+00
   endloop
 endfacet
 facet normal  9.729276e-01 -2.311102e-01  0.000000e+00
   outer loop
     vertex  1.441602e+01  1.623790e+01  1.200000e+01
     vertex  1.439383e+01  1.614448e+01  1.200000e+01
     vertex  1.441602e+01  1.623790e+01  3.000000e+00
   endloop
 endfacet
 facet normal  9.789017e-01 -2.043319e-01  0.000000e+00
   outer loop
     vertex  1.443564e+01  1.633191e+01  1.200000e+01
     vertex  1.441602e+01  1.623790e+01  1.200000e+01
     vertex  1.441602e+01  1.623790e+01  3.000000e+00
   endloop
 endfacet
 facet normal  9.789017e-01 -2.043319e-01  0.000000e+00
   outer loop
     vertex  1.443564e+01  1.633191e+01  1.200000e+01
     vertex  1.441602e+01  1.623790e+01  3.000000e+00
     vertex  1.443564e+01  1.633191e+01  3.000000e+00
   endloop
 endfacet
 facet normal  9.841389e-01 -1.773998e-01  0.000000e+00
   outer loop
     vertex  1.443564e+01  1.633191e+01  1.200000e+01
     vertex  1.443564e+01  1.633191e+01  3.000000e+00
     vertex  1.445268e+01  1.642641e+01  3.000000e+00
   endloop
 endfacet
 facet normal  9.841389e-01 -1.773998e-01  0.000000e+00
   outer loop
     vertex  1.445268e+01  1.642641e+01  1.200000e+01
     vertex  1.443564e+01  1.633191e+01  1.200000e+01
     vertex  1.445268e+01  1.642641e+01  3.000000e+00
   endloop
 endfacet
 facet normal  9.886353e-01 -1.503341e-01  0.000000e+00
   outer loop
     vertex  1.446712e+01  1.652135e+01  1.200000e+01
     vertex  1.445268e+01  1.642641e+01  1.200000e+01
     vertex  1.445268e+01  1.642641e+01  3.000000e+00
   endloop
 endfacet
 facet normal  9.886353e-01 -1.503341e-01  0.000000e+00
   outer loop
     vertex  1.446712e+01  1.652135e+01  1.200000e+01
     vertex  1.445268e+01  1.642641e+01  3.000000e+00
     vertex  1.446712e+01  1.652135e+01  3.000000e+00
   endloop
 endfacet
 facet normal  9.923874e-01 -1.231552e-01  0.000000e+00
   outer loop
     vertex  1.447894e+01  1.661665e+01  1.200000e+01
     vertex  1.446712e+01  1.652135e+01  1.200000e+01
     vertex  1.446712e+01  1.652135e+01  3.000000e+00
   endloop
 endfacet
 facet normal  9.923874e-01 -1.231552e-01  0.000000e+00
   outer loop
     vertex  1.447894e+01  1.661665e+01  1.200000e+01
     vertex  1.446712e+01  1.652135e+01  3.000000e+00
     vertex  1.447894e+01  1.661665e+01  3.000000e+00
   endloop
 endfacet
 facet normal  9.953925e-01 -9.588368e-02  0.000000e+00
   outer loop
     vertex  1.447894e+01  1.661665e+01  1.200000e+01
     vertex  1.447894e+01  1.661665e+01  3.000000e+00
     vertex  1.448815e+01  1.671223e+01  3.000000e+00
   endloop
 endfacet
 facet normal  9.953925e-01 -9.588368e-02  0.000000e+00
   outer loop
     vertex  1.448815e+01  1.671223e+01  1.200000e+01
     vertex  1.447894e+01  1.661665e+01  1.200000e+01
     vertex  1.448815e+01  1.671223e+01  3.000000e+00
   endloop
 endfacet
 facet normal  9.976484e-01 -6.853995e-02  0.000000e+00
   outer loop
     vertex  1.449473e+01  1.680803e+01  1.200000e+01
     vertex  1.448815e+01  1.671223e+01  3.000000e+00
     vertex  1.449473e+01  1.680803e+01  3.000000e+00
   endloop
 endfacet
 facet normal  9.991532e-01 -4.114462e-02  0.000000e+00
   outer loop
     vertex  1.449473e+01  1.680803e+01  1.200000e+01
     vertex  1.449473e+01  1.680803e+01  3.000000e+00
     vertex  1.449868e+01  1.690398e+01  3.000000e+00
   endloop
 endfacet
 facet normal  9.976484e-01 -6.853995e-02  0.000000e+00
   outer loop
     vertex  1.449473e+01  1.680803e+01  1.200000e+01
     vertex  1.448815e+01  1.671223e+01  1.200000e+01
     vertex  1.448815e+01  1.671223e+01  3.000000e+00
   endloop
 endfacet
 facet normal  9.991532e-01 -4.114462e-02  0.000000e+00
   outer loop
     vertex  1.449868e+01  1.690398e+01  1.200000e+01
     vertex  1.449473e+01  1.680803e+01  1.200000e+01
     vertex  1.449868e+01  1.690398e+01  3.000000e+00
   endloop
 endfacet
 facet normal  9.999059e-01 -1.371831e-02  0.000000e+00
   outer loop
     vertex  1.450000e+01  1.700000e+01  1.200000e+01
     vertex  1.449868e+01  1.690398e+01  3.000000e+00
     vertex  1.450000e+01  1.700000e+01  3.000000e+00
   endloop
 endfacet
 facet normal  9.999059e-01 -1.371831e-02  0.000000e+00
   outer loop
     vertex  1.450000e+01  1.700000e+01  1.200000e+01
     vertex  1.449868e+01  1.690398e+01  1.200000e+01
     vertex  1.449868e+01  1.690398e+01  3.000000e+00
   endloop
 endfacet
 facet normal -9.999059e-01 -1.371831e-02  0.000000e+00
   outer loop
     vertex -9.300640e+00 -6.953362e+00  1.200000e+01
     vertex -9.300000e+00 -7.000000e+00  0.000000e+00
     vertex -9.300000e+00 -7.000000e+00  1.200000e+01
   endloop
 endfacet
 facet normal -9.999059e-01 -1.371831e-02 -0.000000e+00
   outer loop
     vertex -9.300640e+00 -6.953362e+00  1.200000e+01
     vertex -9.300640e+00 -6.953362e+00  0.000000e+00
     vertex -9.300000e+00 -7.000000e+00  0.000000e+00
   endloop
 endfacet
 facet normal -9.991532e-01 -4.114462e-02 -0.000000e+00
   outer loop
     vertex -9.302559e+00 -6.906759e+00  1.200000e+01
     vertex -9.302559e+00 -6.906759e+00  0.000000e+00
     vertex -9.300640e+00 -6.953362e+00  0.000000e+00
   endloop
 endfacet
 facet normal -9.991532e-01 -4.114462e-02  0.000000e+00
   outer loop
     vertex -9.302559e+00 -6.906759e+00  1.200000e+01
     vertex -9.300640e+00 -6.953362e+00  0.000000e+00
     vertex -9.300640e+00 -6.953362e+00  1.200000e+01
   endloop
 endfacet
 facet normal -9.976484e-01 -6.853995e-02 -0.000000e+00
   outer loop
     vertex -9.305756e+00 -6.860227e+00  1.200000e+01
     vertex -9.305756e+00 -6.860227e+00  0.000000e+00
     vertex -9.302559e+00 -6.906759e+00  0.000000e+00
   endloop
 endfacet
 facet normal -9.976484e-01 -6.853995e-02  0.000000e+00
   outer loop
     vertex -9.305756e+00 -6.860227e+00  1.200000e+01
     vertex -9.302559e+00 -6.906759e+00  0.000000e+00
     vertex -9.302559e+00 -6.906759e+00  1.200000e+01
   endloop
 endfacet
 facet normal -9.953925e-01 -9.588368e-02 -0.000000e+00
   outer loop
     vertex -9.310228e+00 -6.813799e+00  1.200000e+01
     vertex -9.310228e+00 -6.813799e+00  0.000000e+00
     vertex -9.305756e+00 -6.860227e+00  0.000000e+00
   endloop
 endfacet
 facet normal -9.923874e-01 -1.231552e-01 -0.000000e+00
   outer loop
     vertex -9.310228e+00 -6.813799e+00  1.200000e+01
     vertex -9.315972e+00 -6.767512e+00  0.000000e+00
     vertex -9.310228e+00 -6.813799e+00  0.000000e+00
   endloop
 endfacet
 facet normal -9.953925e-01 -9.588368e-02  0.000000e+00
   outer loop
     vertex -9.310228e+00 -6.813799e+00  1.200000e+01
     vertex -9.305756e+00 -6.860227e+00  0.000000e+00
     vertex -9.305756e+00 -6.860227e+00  1.200000e+01
   endloop
 endfacet
 facet normal -9.923874e-01 -1.231552e-01 -0.000000e+00
   outer loop
     vertex -9.315972e+00 -6.767512e+00  1.200000e+01
     vertex -9.315972e+00 -6.767512e+00  0.000000e+00
     vertex -9.310228e+00 -6.813799e+00  1.200000e+01
   endloop
 endfacet
 facet normal -9.886353e-01 -1.503341e-01 -0.000000e+00
   outer loop
     vertex -9.322984e+00 -6.721400e+00  1.200000e+01
     vertex -9.322984e+00 -6.721400e+00  0.000000e+00
     vertex -9.315972e+00 -6.767512e+00  0.000000e+00
   endloop
 endfacet
 facet normal -9.841389e-01 -1.773998e-01 -0.000000e+00
   outer loop
     vertex -9.322984e+00 -6.721400e+00  1.200000e+01
     vertex -9.331259e+00 -6.675498e+00  0.000000e+00
     vertex -9.322984e+00 -6.721400e+00  0.000000e+00
   endloop
 endfacet
 facet normal -9.886353e-01 -1.503341e-01  0.000000e+00
   outer loop
     vertex -9.322984e+00 -6.721400e+00  1.200000e+01
     vertex -9.315972e+00 -6.767512e+00  0.000000e+00
     vertex -9.315972e+00 -6.767512e+00  1.200000e+01
   endloop
 endfacet
 facet normal -9.841389e-01 -1.773998e-01 -0.000000e+00
   outer loop
     vertex -9.331259e+00 -6.675498e+00  1.200000e+01
     vertex -9.331259e+00 -6.675498e+00  0.000000e+00
     vertex -9.322984e+00 -6.721400e+00  1.200000e+01
   endloop
 endfacet
 facet normal -9.789017e-01 -2.043319e-01 -0.000000e+00
   outer loop
     vertex -9.340789e+00 -6.629839e+00  1.200000e+01
     vertex -9.340789e+00 -6.629839e+00  0.000000e+00
     vertex -9.331259e+00 -6.675498e+00  0.000000e+00
   endloop
 endfacet
 facet normal -9.789017e-01 -2.043319e-01  0.000000e+00
   outer loop
     vertex -9.340789e+00 -6.629839e+00  1.200000e+01
     vertex -9.331259e+00 -6.675498e+00  0.000000e+00
     vertex -9.331259e+00 -6.675498e+00  1.200000e+01
   endloop
 endfacet
 facet normal -9.729276e-01 -2.311102e-01 -0.000000e+00
   outer loop
     vertex -9.351569e+00 -6.584460e+00  1.200000e+01
     vertex -9.351569e+00 -6.584460e+00  0.000000e+00
     vertex -9.340789e+00 -6.629839e+00  0.000000e+00
   endloop
 endfacet
 facet normal -9.729276e-01 -2.311102e-01  0.000000e+00
   outer loop
     vertex -9.351569e+00 -6.584460e+00  1.200000e+01
     vertex -9.340789e+00 -6.629839e+00  0.000000e+00
     vertex -9.340789e+00 -6.629839e+00  1.200000e+01
   endloop
 endfacet
 facet normal -9.662211e-01 -2.577146e-01  0.000000e+00
   outer loop
     vertex -9.363589e+00 -6.539393e+00  1.200000e+01
     vertex -9.351569e+00 -6.584460e+00  0.000000e+00
     vertex -9.351569e+00 -6.584460e+00  1.200000e+01
   endloop
 endfacet
 facet normal -9.662211e-01 -2.577146e-01 -0.000000e+00
   outer loop
     vertex -9.363589e+00 -6.539393e+00  1.200000e+01
     vertex -9.363589e+00 -6.539393e+00  0.000000e+00
     vertex -9.351569e+00 -6.584460e+00  0.000000e+00
   endloop
 endfacet
 facet normal -9.587873e-01 -2.841250e-01 -0.000000e+00
   outer loop
     vertex -9.363589e+00 -6.539393e+00  1.200000e+01
     vertex -9.376841e+00 -6.494673e+00  0.000000e+00
     vertex -9.363589e+00 -6.539393e+00  0.000000e+00
   endloop
 endfacet
 facet normal -9.587873e-01 -2.841250e-01 -0.000000e+00
   outer loop
     vertex -9.376841e+00 -6.494673e+00  1.200000e+01
     vertex -9.376841e+00 -6.494673e+00  0.000000e+00
     vertex -9.363589e+00 -6.539393e+00  1.200000e+01
   endloop
 endfacet
 facet normal -9.506317e-01 -3.103214e-01 -0.000000e+00
   outer loop
     vertex -9.376841e+00 -6.494673e+00  1.200000e+01
     vertex -9.391315e+00 -6.450333e+00  0.000000e+00
     vertex -9.376841e+00 -6.494673e+00  0.000000e+00
   endloop
 endfacet
 facet normal -9.506317e-01 -3.103214e-01 -0.000000e+00
   outer loop
     vertex -9.391315e+00 -6.450333e+00  1.200000e+01
     vertex -9.391315e+00 -6.450333e+00  0.000000e+00
     vertex -9.376841e+00 -6.494673e+00  1.200000e+01
   endloop
 endfacet
 facet normal -9.417605e-01 -3.362843e-01 -0.000000e+00
   outer loop
     vertex -9.391315e+00 -6.450333e+00  1.200000e+01
     vertex -9.407000e+00 -6.406408e+00  0.000000e+00
     vertex -9.391315e+00 -6.450333e+00  0.000000e+00
   endloop
 endfacet
 facet normal -9.417605e-01 -3.362843e-01 -0.000000e+00
   outer loop
     vertex -9.407000e+00 -6.406408e+00  1.200000e+01
     vertex -9.407000e+00 -6.406408e+00  0.000000e+00
     vertex -9.391315e+00 -6.450333e+00  1.200000e+01
   endloop
 endfacet
 facet normal -9.321804e-01 -3.619940e-01  0.000000e+00
   outer loop
     vertex -9.423885e+00 -6.362929e+00  1.200000e+01
     vertex -9.407000e+00 -6.406408e+00  0.000000e+00
     vertex -9.407000e+00 -6.406408e+00  1.200000e+01
   endloop
 endfacet
 facet normal -9.321804e-01 -3.619940e-01 -0.000000e+00
   outer loop
     vertex -9.423885e+00 -6.362929e+00  1.200000e+01
     vertex -9.423885e+00 -6.362929e+00  0.000000e+00
     vertex -9.407000e+00 -6.406408e+00  0.000000e+00
   endloop
 endfacet
 facet normal -9.218986e-01 -3.874313e-01  0.000000e+00
   outer loop
     vertex -9.441955e+00 -6.319929e+00  1.200000e+01
     vertex -9.423885e+00 -6.362929e+00  0.000000e+00
     vertex -9.423885e+00 -6.362929e+00  1.200000e+01
   endloop
 endfacet
 facet normal -9.218986e-01 -3.874313e-01 -0.000000e+00
   outer loop
     vertex -9.441955e+00 -6.319929e+00  1.200000e+01
     vertex -9.441955e+00 -6.319929e+00  0.000000e+00
     vertex -9.423885e+00 -6.362929e+00  0.000000e+00
   endloop
 endfacet
 facet normal -9.109228e-01 -4.125769e-01  0.000000e+00
   outer loop
     vertex -9.461199e+00 -6.277442e+00  1.200000e+01
     vertex -9.441955e+00 -6.319929e+00  0.000000e+00
     vertex -9.441955e+00 -6.319929e+00  1.200000e+01
   endloop
 endfacet
 facet normal -9.109228e-01 -4.125769e-01 -0.000000e+00
   outer loop
     vertex -9.461199e+00 -6.277442e+00  1.200000e+01
     vertex -9.461199e+00 -6.277442e+00  0.000000e+00
     vertex -9.441955e+00 -6.319929e+00  0.000000e+00
   endloop
 endfacet
 facet normal -8.992613e-01 -4.374119e-01  0.000000e+00
   outer loop
     vertex -9.481601e+00 -6.235498e+00  1.200000e+01
     vertex -9.461199e+00 -6.277442e+00  0.000000e+00
     vertex -9.461199e+00 -6.277442e+00  1.200000e+01
   endloop
 endfacet
 facet normal -8.992613e-01 -4.374119e-01 -0.000000e+00
   outer loop
     vertex -9.481601e+00 -6.235498e+00  1.200000e+01
     vertex -9.481601e+00 -6.235498e+00  0.000000e+00
     vertex -9.461199e+00 -6.277442e+00  0.000000e+00
   endloop
 endfacet
 facet normal -8.869228e-01 -4.619176e-01  0.000000e+00
   outer loop
     vertex -9.503146e+00 -6.194130e+00  1.200000e+01
     vertex -9.481601e+00 -6.235498e+00  0.000000e+00
     vertex -9.481601e+00 -6.235498e+00  1.200000e+01
   endloop
 endfacet
 facet normal -8.869228e-01 -4.619176e-01 -0.000000e+00
   outer loop
     vertex -9.503146e+00 -6.194130e+00  1.200000e+01
     vertex -9.503146e+00 -6.194130e+00  0.000000e+00
     vertex -9.481601e+00 -6.235498e+00  0.000000e+00
   endloop
 endfacet
 facet normal -8.739167e-01 -4.860756e-01  0.000000e+00
   outer loop
     vertex -9.525817e+00 -6.153368e+00  1.200000e+01
     vertex -9.503146e+00 -6.194130e+00  0.000000e+00
     vertex -9.503146e+00 -6.194130e+00  1.200000e+01
   endloop
 endfacet
 facet normal -8.739167e-01 -4.860756e-01 -0.000000e+00
   outer loop
     vertex -9.525817e+00 -6.153368e+00  1.200000e+01
     vertex -9.525817e+00 -6.153368e+00  0.000000e+00
     vertex -9.503146e+00 -6.194130e+00  0.000000e+00
   endloop
 endfacet
 facet normal -8.602528e-01 -5.098678e-01  0.000000e+00
   outer loop
     vertex -9.549599e+00 -6.113244e+00  1.200000e+01
     vertex -9.525817e+00 -6.153368e+00  0.000000e+00
     vertex -9.525817e+00 -6.153368e+00  1.200000e+01
   endloop
 endfacet
 facet normal -8.602528e-01 -5.098678e-01 -0.000000e+00
   outer loop
     vertex -9.549599e+00 -6.113244e+00  1.200000e+01
     vertex -9.549599e+00 -6.113244e+00  0.000000e+00
     vertex -9.525817e+00 -6.153368e+00  0.000000e+00
   endloop
 endfacet
 facet normal -8.459413e-01 -5.332761e-01  0.000000e+00
   outer loop
     vertex -9.574472e+00 -6.073788e+00  1.200000e+01
     vertex -9.549599e+00 -6.113244e+00  0.000000e+00
     vertex -9.549599e+00 -6.113244e+00  1.200000e+01
   endloop
 endfacet
 facet normal -8.459413e-01 -5.332761e-01 -0.000000e+00
   outer loop
     vertex -9.574472e+00 -6.073788e+00  1.200000e+01
     vertex -9.574472e+00 -6.073788e+00  0.000000e+00
     vertex -9.549599e+00 -6.113244e+00  0.000000e+00
   endloop
 endfacet
 facet normal -8.309929e-01 -5.562829e-01 -0.000000e+00
   outer loop
     vertex -9.600418e+00 -6.035028e+00  1.200000e+01
     vertex -9.600418e+00 -6.035028e+00  0.000000e+00
     vertex -9.574472e+00 -6.073788e+00  0.000000e+00
   endloop
 endfacet
 facet normal -8.309929e-01 -5.562829e-01  0.000000e+00
   outer loop
     vertex -9.600418e+00 -6.035028e+00  1.200000e+01
     vertex -9.574472e+00 -6.073788e+00  0.000000e+00
     vertex -9.574472e+00 -6.073788e+00  1.200000e+01
   endloop
 endfacet
 facet normal -8.154191e-01 -5.788711e-01 -0.000000e+00
   outer loop
     vertex -9.627418e+00 -5.996995e+00  1.200000e+01
     vertex -9.627418e+00 -5.996995e+00  0.000000e+00
     vertex -9.600418e+00 -6.035028e+00  0.000000e+00
   endloop
 endfacet
 facet normal -8.154191e-01 -5.788711e-01  0.000000e+00
   outer loop
     vertex -9.627418e+00 -5.996995e+00  1.200000e+01
     vertex -9.600418e+00 -6.035028e+00  0.000000e+00
     vertex -9.600418e+00 -6.035028e+00  1.200000e+01
   endloop
 endfacet
 facet normal -7.992314e-01 -6.010234e-01 -0.000000e+00
   outer loop
     vertex -9.655451e+00 -5.959717e+00  1.200000e+01
     vertex -9.655451e+00 -5.959717e+00  0.000000e+00
     vertex -9.627418e+00 -5.996995e+00  0.000000e+00
   endloop
 endfacet
 facet normal -7.992314e-01 -6.010234e-01  0.000000e+00
   outer loop
     vertex -9.655451e+00 -5.959717e+00  1.200000e+01
     vertex -9.627418e+00 -5.996995e+00  0.000000e+00
     vertex -9.627418e+00 -5.996995e+00  1.200000e+01
   endloop
 endfacet
 facet normal -7.824421e-01 -6.227234e-01 -0.000000e+00
   outer loop
     vertex -9.684496e+00 -5.923222e+00  1.200000e+01
     vertex -9.684496e+00 -5.923222e+00  0.000000e+00
     vertex -9.655451e+00 -5.959717e+00  0.000000e+00
   endloop
 endfacet
 facet normal -7.824421e-01 -6.227234e-01  0.000000e+00
   outer loop
     vertex -9.684496e+00 -5.923222e+00  1.200000e+01
     vertex -9.655451e+00 -5.959717e+00  0.000000e+00
     vertex -9.655451e+00 -5.959717e+00  1.200000e+01
   endloop
 endfacet
 facet normal -7.650637e-01 -6.439545e-01 -0.000000e+00
   outer loop
     vertex -9.714532e+00 -5.887538e+00  1.200000e+01
     vertex -9.714532e+00 -5.887538e+00  0.000000e+00
     vertex -9.684496e+00 -5.923222e+00  0.000000e+00
   endloop
 endfacet
 facet normal -7.650637e-01 -6.439545e-01  0.000000e+00
   outer loop
     vertex -9.714532e+00 -5.887538e+00  1.200000e+01
     vertex -9.684496e+00 -5.923222e+00  0.000000e+00
     vertex -9.684496e+00 -5.923222e+00  1.200000e+01
   endloop
 endfacet
 facet normal -7.471095e-01 -6.647010e-01 -0.000000e+00
   outer loop
     vertex -9.745535e+00 -5.852691e+00  1.200000e+01
     vertex -9.745535e+00 -5.852691e+00  0.000000e+00
     vertex -9.714532e+00 -5.887538e+00  0.000000e+00
   endloop
 endfacet
 facet normal -7.285929e-01 -6.849470e-01 -0.000000e+00
   outer loop
     vertex -9.745535e+00 -5.852691e+00  1.200000e+01
     vertex -9.777482e+00 -5.818708e+00  0.000000e+00
     vertex -9.745535e+00 -5.852691e+00  0.000000e+00
   endloop
 endfacet
 facet normal -7.471095e-01 -6.647010e-01  0.000000e+00
   outer loop
     vertex -9.745535e+00 -5.852691e+00  1.200000e+01
     vertex -9.714532e+00 -5.887538e+00  0.000000e+00
     vertex -9.714532e+00 -5.887538e+00  1.200000e+01
   endloop
 endfacet
 facet normal -7.285929e-01 -6.849470e-01 -0.000000e+00
   outer loop
     vertex -9.777482e+00 -5.818708e+00  1.200000e+01
     vertex -9.777482e+00 -5.818708e+00  0.000000e+00
     vertex -9.745535e+00 -5.852691e+00  1.200000e+01
   endloop
 endfacet
 facet normal -7.095278e-01 -7.046775e-01 -0.000000e+00
   outer loop
     vertex -9.810350e+00 -5.785614e+00  1.200000e+01
     vertex -9.810350e+00 -5.785614e+00  0.000000e+00
     vertex -9.777482e+00 -5.818708e+00  0.000000e+00
   endloop
 endfacet
 facet normal -6.899286e-01 -7.238775e-01 -0.000000e+00
   outer loop
     vertex -9.810350e+00 -5.785614e+00  1.200000e+01
     vertex -9.844113e+00 -5.753434e+00  0.000000e+00
     vertex -9.810350e+00 -5.785614e+00  0.000000e+00
   endloop
 endfacet
 facet normal -7.095278e-01 -7.046775e-01  0.000000e+00
   outer loop
     vertex -9.810350e+00 -5.785614e+00  1.200000e+01
     vertex -9.777482e+00 -5.818708e+00  0.000000e+00
     vertex -9.777482e+00 -5.818708e+00  1.200000e+01
   endloop
 endfacet
 facet normal -6.899286e-01 -7.238775e-01 -0.000000e+00
   outer loop
     vertex -9.844113e+00 -5.753434e+00  1.200000e+01
     vertex -9.844113e+00 -5.753434e+00  0.000000e+00
     vertex -9.810350e+00 -5.785614e+00  1.200000e+01
   endloop
 endfacet
 facet normal -6.698100e-01 -7.425325e-01 -0.000000e+00
   outer loop
     vertex -9.878747e+00 -5.722193e+00  1.200000e+01
     vertex -9.878747e+00 -5.722193e+00  0.000000e+00
     vertex -9.844113e+00 -5.753434e+00  0.000000e+00
   endloop
 endfacet
 facet normal -6.698100e-01 -7.425325e-01  0.000000e+00
   outer loop
     vertex -9.878747e+00 -5.722193e+00  1.200000e+01
     vertex -9.844113e+00 -5.753434e+00  0.000000e+00
     vertex -9.844113e+00 -5.753434e+00  1.200000e+01
   endloop
 endfacet
 facet normal -6.491872e-01 -7.606287e-01 -0.000000e+00
   outer loop
     vertex -9.914224e+00 -5.691913e+00  1.200000e+01
     vertex -9.914224e+00 -5.691913e+00  0.000000e+00
     vertex -9.878747e+00 -5.722193e+00  0.000000e+00
   endloop
 endfacet
 facet normal -6.280757e-01 -7.781522e-01 -0.000000e+00
   outer loop
     vertex -9.914224e+00 -5.691913e+00  1.200000e+01
     vertex -9.950519e+00 -5.662618e+00  0.000000e+00
     vertex -9.914224e+00 -5.691913e+00  0.000000e+00
   endloop
 endfacet
 facet normal -6.491872e-01 -7.606287e-01  0.000000e+00
   outer loop
     vertex -9.914224e+00 -5.691913e+00  1.200000e+01
     vertex -9.878747e+00 -5.722193e+00  0.000000e+00
     vertex -9.878747e+00 -5.722193e+00  1.200000e+01
   endloop
 endfacet
 facet normal -6.064915e-01 -7.950900e-01 -0.000000e+00
   outer loop
     vertex -9.950519e+00 -5.662618e+00  1.200000e+01
     vertex -9.987604e+00 -5.634330e+00  0.000000e+00
     vertex -9.950519e+00 -5.662618e+00  0.000000e+00
   endloop
 endfacet
 facet normal -6.280757e-01 -7.781522e-01 -0.000000e+00
   outer loop
     vertex -9.950519e+00 -5.662618e+00  1.200000e+01
     vertex -9.950519e+00 -5.662618e+00  0.000000e+00
     vertex -9.914224e+00 -5.691913e+00  1.200000e+01
   endloop
 endfacet
 facet normal -6.064915e-01 -7.950900e-01 -0.000000e+00
   outer loop
     vertex -9.987604e+00 -5.634330e+00  1.200000e+01
     vertex -9.987604e+00 -5.634330e+00  0.000000e+00
     vertex -9.950519e+00 -5.662618e+00  1.200000e+01
   endloop
 endfacet
 facet normal -5.844507e-01 -8.114292e-01  0.000000e+00
   outer loop
     vertex -1.002545e+01 -5.607070e+00  1.200000e+01
     vertex -9.987604e+00 -5.634330e+00  0.000000e+00
     vertex -9.987604e+00 -5.634330e+00  1.200000e+01
   endloop
 endfacet
 facet normal -5.844507e-01 -8.114292e-01 -0.000000e+00
   outer loop
     vertex -1.002545e+01 -5.607070e+00  1.200000e+01
     vertex -1.002545e+01 -5.607070e+00  0.000000e+00
     vertex -9.987604e+00 -5.634330e+00  0.000000e+00
   endloop
 endfacet
 facet normal -5.619699e-01 -8.271577e-01 -0.000000e+00
   outer loop
     vertex -1.006403e+01 -5.580858e+00  1.200000e+01
     vertex -1.006403e+01 -5.580858e+00  0.000000e+00
     vertex -1.002545e+01 -5.607070e+00  0.000000e+00
   endloop
 endfacet
 facet normal -5.619699e-01 -8.271577e-01  0.000000e+00
   outer loop
     vertex -1.006403e+01 -5.580858e+00  1.200000e+01
     vertex -1.002545e+01 -5.607070e+00  0.000000e+00
     vertex -1.002545e+01 -5.607070e+00  1.200000e+01
   endloop
 endfacet
 facet normal -5.390661e-01 -8.422635e-01  0.000000e+00
   outer loop
     vertex -1.010332e+01 -5.555715e+00  1.200000e+01
     vertex -1.006403e+01 -5.580858e+00  0.000000e+00
     vertex -1.006403e+01 -5.580858e+00  1.200000e+01
   endloop
 endfacet
 facet normal -5.390661e-01 -8.422635e-01 -0.000000e+00
   outer loop
     vertex -1.010332e+01 -5.555715e+00  1.200000e+01
     vertex -1.010332e+01 -5.555715e+00  0.000000e+00
     vertex -1.006403e+01 -5.580858e+00  0.000000e+00
   endloop
 endfacet
 facet normal -5.157565e-01 -8.567352e-01  0.000000e+00
   outer loop
     vertex -1.014328e+01 -5.531659e+00  1.200000e+01
     vertex -1.010332e+01 -5.555715e+00  0.000000e+00
     vertex -1.010332e+01 -5.555715e+00  1.200000e+01
   endloop
 endfacet
 facet normal -5.157565e-01 -8.567352e-01 -0.000000e+00
   outer loop
     vertex -1.014328e+01 -5.531659e+00  1.200000e+01
     vertex -1.014328e+01 -5.531659e+00  0.000000e+00
     vertex -1.010332e+01 -5.555715e+00  0.000000e+00
   endloop
 endfacet
 facet normal -4.920587e-01 -8.705620e-01  0.000000e+00
   outer loop
     vertex -1.018388e+01 -5.508708e+00  1.200000e+01
     vertex -1.014328e+01 -5.531659e+00  0.000000e+00
     vertex -1.014328e+01 -5.531659e+00  1.200000e+01
   endloop
 endfacet
 facet normal -4.920587e-01 -8.705620e-01 -0.000000e+00
   outer loop
     vertex -1.018388e+01 -5.508708e+00  1.200000e+01
     vertex -1.018388e+01 -5.508708e+00  0.000000e+00
     vertex -1.014328e+01 -5.531659e+00  0.000000e+00
   endloop
 endfacet
 facet normal -4.679904e-01 -8.837335e-01  0.000000e+00
   outer loop
     vertex -1.022510e+01 -5.486880e+00  1.200000e+01
     vertex -1.018388e+01 -5.508708e+00  0.000000e+00
     vertex -1.018388e+01 -5.508708e+00  1.200000e+01
   endloop
 endfacet
 facet normal -4.679904e-01 -8.837335e-01 -0.000000e+00
   outer loop
     vertex -1.022510e+01 -5.486880e+00  1.200000e+01
     vertex -1.022510e+01 -5.486880e+00  0.000000e+00
     vertex -1.018388e+01 -5.508708e+00  0.000000e+00
   endloop
 endfacet
 facet normal -4.435699e-01 -8.962398e-01  0.000000e+00
   outer loop
     vertex -1.026690e+01 -5.466191e+00  1.200000e+01
     vertex -1.022510e+01 -5.486880e+00  0.000000e+00
     vertex -1.022510e+01 -5.486880e+00  1.200000e+01
   endloop
 endfacet
 facet normal -4.435699e-01 -8.962398e-01 -0.000000e+00
   outer loop
     vertex -1.026690e+01 -5.466191e+00  1.200000e+01
     vertex -1.026690e+01 -5.466191e+00  0.000000e+00
     vertex -1.022510e+01 -5.486880e+00  0.000000e+00
   endloop
 endfacet
 facet normal -4.188155e-01 -9.080714e-01  0.000000e+00
   outer loop
     vertex -1.030926e+01 -5.446657e+00  1.200000e+01
     vertex -1.026690e+01 -5.466191e+00  0.000000e+00
     vertex -1.026690e+01 -5.466191e+00  1.200000e+01
   endloop
 endfacet
 facet normal -4.188155e-01 -9.080714e-01 -0.000000e+00
   outer loop
     vertex -1.030926e+01 -5.446657e+00  1.200000e+01
     vertex -1.030926e+01 -5.446657e+00  0.000000e+00
     vertex -1.026690e+01 -5.466191e+00  0.000000e+00
   endloop
 endfacet
 facet normal -3.937458e-01 -9.192194e-01  0.000000e+00
   outer loop
     vertex -1.035213e+01 -5.428291e+00  1.200000e+01
     vertex -1.030926e+01 -5.446657e+00  0.000000e+00
     vertex -1.030926e+01 -5.446657e+00  1.200000e+01
   endloop
 endfacet
 facet normal -3.937458e-01 -9.192194e-01 -0.000000e+00
   outer loop
     vertex -1.035213e+01 -5.428291e+00  1.200000e+01
     vertex -1.035213e+01 -5.428291e+00  0.000000e+00
     vertex -1.030926e+01 -5.446657e+00  0.000000e+00
   endloop
 endfacet
 facet normal -3.683796e-01 -9.296754e-01  0.000000e+00
   outer loop
     vertex -1.039549e+01 -5.411109e+00  1.200000e+01
     vertex -1.035213e+01 -5.428291e+00  0.000000e+00
     vertex -1.035213e+01 -5.428291e+00  1.200000e+01
   endloop
 endfacet
 facet normal -3.683796e-01 -9.296754e-01 -0.000000e+00
   outer loop
     vertex -1.039549e+01 -5.411109e+00  1.200000e+01
     vertex -1.039549e+01 -5.411109e+00  0.000000e+00
     vertex -1.035213e+01 -5.428291e+00  0.000000e+00
   endloop
 endfacet
 facet normal -3.427362e-01 -9.394317e-01 -0.000000e+00
   outer loop
     vertex -1.039549e+01 -5.411109e+00  1.200000e+01
     vertex -1.043931e+01 -5.395123e+00  0.000000e+00
     vertex -1.039549e+01 -5.411109e+00  0.000000e+00
   endloop
 endfacet
 facet normal -3.427362e-01 -9.394317e-01 -0.000000e+00
   outer loop
     vertex -1.043931e+01 -5.395123e+00  1.200000e+01
     vertex -1.043931e+01 -5.395123e+00  0.000000e+00
     vertex -1.039549e+01 -5.411109e+00  1.200000e+01
   endloop
 endfacet
 facet normal -3.168348e-01 -9.484807e-01  0.000000e+00
   outer loop
     vertex -1.048355e+01 -5.380346e+00  1.200000e+01
     vertex -1.043931e+01 -5.395123e+00  0.000000e+00
     vertex -1.043931e+01 -5.395123e+00  1.200000e+01
   endloop
 endfacet
 facet normal -3.168348e-01 -9.484807e-01 -0.000000e+00
   outer loop
     vertex -1.048355e+01 -5.380346e+00  1.200000e+01
     vertex -1.048355e+01 -5.380346e+00  0.000000e+00
     vertex -1.043931e+01 -5.395123e+00  0.000000e+00
   endloop
 endfacet
 facet normal -2.906949e-01 -9.568158e-01  0.000000e+00
   outer loop
     vertex -1.052818e+01 -5.366787e+00  1.200000e+01
     vertex -1.048355e+01 -5.380346e+00  0.000000e+00
     vertex -1.048355e+01 -5.380346e+00  1.200000e+01
   endloop
 endfacet
 facet normal -2.906949e-01 -9.568158e-01 -0.000000e+00
   outer loop
     vertex -1.052818e+01 -5.366787e+00  1.200000e+01
     vertex -1.052818e+01 -5.366787e+00  0.000000e+00
     vertex -1.048355e+01 -5.380346e+00  0.000000e+00
   endloop
 endfacet
 facet normal -2.643362e-01 -9.644306e-01  0.000000e+00
   outer loop
     vertex -1.057316e+01 -5.354458e+00  1.200000e+01
     vertex -1.052818e+01 -5.366787e+00  0.000000e+00
     vertex -1.052818e+01 -5.366787e+00  1.200000e+01
   endloop
 endfacet
 facet normal -2.643362e-01 -9.644306e-01 -0.000000e+00
   outer loop
     vertex -1.057316e+01 -5.354458e+00  1.200000e+01
     vertex -1.057316e+01 -5.354458e+00  0.000000e+00
     vertex -1.052818e+01 -5.366787e+00  0.000000e+00
   endloop
 endfacet
 facet normal -2.377784e-01 -9.713194e-01  0.000000e+00
   outer loop
     vertex -1.061847e+01 -5.343367e+00  1.200000e+01
     vertex -1.057316e+01 -5.354458e+00  0.000000e+00
     vertex -1.057316e+01 -5.354458e+00  1.200000e+01
   endloop
 endfacet
 facet normal -2.377784e-01 -9.713194e-01 -0.000000e+00
   outer loop
     vertex -1.061847e+01 -5.343367e+00  1.200000e+01
     vertex -1.061847e+01 -5.343367e+00  0.000000e+00
     vertex -1.057316e+01 -5.354458e+00  0.000000e+00
   endloop
 endfacet
 facet normal -2.110417e-01 -9.774771e-01  0.000000e+00
   outer loop
     vertex -1.066406e+01 -5.333524e+00  1.200000e+01
     vertex -1.061847e+01 -5.343367e+00  0.000000e+00
     vertex -1.061847e+01 -5.343367e+00  1.200000e+01
   endloop
 endfacet
 facet normal -2.110417e-01 -9.774771e-01 -0.000000e+00
   outer loop
     vertex -1.066406e+01 -5.333524e+00  1.200000e+01
     vertex -1.066406e+01 -5.333524e+00  0.000000e+00
     vertex -1.061847e+01 -5.343367e+00  0.000000e+00
   endloop
 endfacet
 facet normal -1.841461e-01 -9.828989e-01  0.000000e+00
   outer loop
     vertex -1.070990e+01 -5.324935e+00  1.200000e+01
     vertex -1.066406e+01 -5.333524e+00  0.000000e+00
     vertex -1.066406e+01 -5.333524e+00  1.200000e+01
   endloop
 endfacet
 facet normal -1.841461e-01 -9.828989e-01 -0.000000e+00
   outer loop
     vertex -1.070990e+01 -5.324935e+00  1.200000e+01
     vertex -1.070990e+01 -5.324935e+00  0.000000e+00
     vertex -1.066406e+01 -5.333524e+00  0.000000e+00
   endloop
 endfacet
 facet normal -1.571119e-01 -9.875808e-01 -0.000000e+00
   outer loop
     vertex -1.070990e+01 -5.324935e+00  1.200000e+01
     vertex -1.075597e+01 -5.317607e+00  0.000000e+00
     vertex -1.070990e+01 -5.324935e+00  0.000000e+00
   endloop
 endfacet
 facet normal -1.571119e-01 -9.875808e-01 -0.000000e+00
   outer loop
     vertex -1.075597e+01 -5.317607e+00  1.200000e+01
     vertex -1.075597e+01 -5.317607e+00  0.000000e+00
     vertex -1.070990e+01 -5.324935e+00  1.200000e+01
   endloop
 endfacet
 facet normal -1.299594e-01 -9.915193e-01 -0.000000e+00
   outer loop
     vertex -1.075597e+01 -5.317607e+00  1.200000e+01
     vertex -1.080221e+01 -5.311545e+00  0.000000e+00
     vertex -1.075597e+01 -5.317607e+00  0.000000e+00
   endloop
 endfacet
 facet normal -1.299594e-01 -9.915193e-01 -0.000000e+00
   outer loop
     vertex -1.080221e+01 -5.311545e+00  1.200000e+01
     vertex -1.080221e+01 -5.311545e+00  0.000000e+00
     vertex -1.075597e+01 -5.317607e+00  1.200000e+01
   endloop
 endfacet
 facet normal -1.027091e-01 -9.947114e-01  0.000000e+00
   outer loop
     vertex -1.084861e+01 -5.306754e+00  1.200000e+01
     vertex -1.080221e+01 -5.311545e+00  0.000000e+00
     vertex -1.080221e+01 -5.311545e+00  1.200000e+01
   endloop
 endfacet
 facet normal -1.027091e-01 -9.947114e-01 -0.000000e+00
   outer loop
     vertex -1.084861e+01 -5.306754e+00  1.200000e+01
     vertex -1.084861e+01 -5.306754e+00  0.000000e+00
     vertex -1.080221e+01 -5.311545e+00  0.000000e+00
   endloop
 endfacet
 facet normal -7.538152e-02 -9.971548e-01  0.000000e+00
   outer loop
     vertex -1.089512e+01 -5.303238e+00  1.200000e+01
     vertex -1.084861e+01 -5.306754e+00  0.000000e+00
     vertex -1.084861e+01 -5.306754e+00  1.200000e+01
   endloop
 endfacet
 facet normal -7.538152e-02 -9.971548e-01 -0.000000e+00
   outer loop
     vertex -1.089512e+01 -5.303238e+00  1.200000e+01
     vertex -1.089512e+01 -5.303238e+00  0.000000e+00
     vertex -1.084861e+01 -5.306754e+00  0.000000e+00
   endloop
 endfacet
 facet normal -4.799716e-02 -9.988475e-01  0.000000e+00
   outer loop
     vertex -1.094171e+01 -5.301000e+00  1.200000e+01
     vertex -1.089512e+01 -5.303238e+00  0.000000e+00
     vertex -1.089512e+01 -5.303238e+00  1.200000e+01
   endloop
 endfacet
 facet normal -4.799716e-02 -9.988475e-01 -0.000000e+00
   outer loop
     vertex -1.094171e+01 -5.301000e+00  1.200000e+01
     vertex -1.094171e+01 -5.301000e+00  0.000000e+00
     vertex -1.089512e+01 -5.303238e+00  0.000000e+00
   endloop
 endfacet
 facet normal -2.057667e-02 -9.997883e-01 -0.000000e+00
   outer loop
     vertex -1.098834e+01 -5.300040e+00  1.200000e+01
     vertex -1.098834e+01 -5.300040e+00  0.000000e+00
     vertex -1.094171e+01 -5.301000e+00  0.000000e+00
   endloop
 endfacet
 facet normal -2.057667e-02 -9.997883e-01  0.000000e+00
   outer loop
     vertex -1.098834e+01 -5.300040e+00  1.200000e+01
     vertex -1.094171e+01 -5.301000e+00  0.000000e+00
     vertex -1.094171e+01 -5.301000e+00  1.200000e+01
   endloop
 endfacet
 facet normal  6.859319e-03 -9.999765e-01  0.000000e+00
   outer loop
     vertex -1.098834e+01 -5.300040e+00  1.200000e+01
     vertex -1.103498e+01 -5.300360e+00  0.000000e+00
     vertex -1.098834e+01 -5.300040e+00  0.000000e+00
   endloop
 endfacet
 facet normal  6.859319e-03 -9.999765e-01  0.000000e+00
   outer loop
     vertex -1.103498e+01 -5.300360e+00  1.200000e+01
     vertex -1.103498e+01 -5.300360e+00  0.000000e+00
     vertex -1.098834e+01 -5.300040e+00  1.200000e+01
   endloop
 endfacet
 facet normal  3.429014e-02 -9.994119e-01  0.000000e+00
   outer loop
     vertex -1.108160e+01 -5.301959e+00  1.200000e+01
     vertex -1.108160e+01 -5.301959e+00  0.000000e+00
     vertex -1.103498e+01 -5.300360e+00  0.000000e+00
   endloop
 endfacet
 facet normal  3.429014e-02 -9.994119e-01  0.000000e+00
   outer loop
     vertex -1.108160e+01 -5.301959e+00  1.200000e+01
     vertex -1.103498e+01 -5.300360e+00  0.000000e+00
     vertex -1.103498e+01 -5.300360e+00  1.200000e+01
   endloop
 endfacet
 facet normal  6.169515e-02 -9.980950e-01  0.000000e+00
   outer loop
     vertex -1.112815e+01 -5.304837e+00  1.200000e+01
     vertex -1.112815e+01 -5.304837e+00  0.000000e+00
     vertex -1.108160e+01 -5.301959e+00  0.000000e+00
   endloop
 endfacet
 facet normal  8.905371e-02 -9.960268e-01  0.000000e+00
   outer loop
     vertex -1.112815e+01 -5.304837e+00  1.200000e+01
     vertex -1.117461e+01 -5.308991e+00  0.000000e+00
     vertex -1.112815e+01 -5.304837e+00  0.000000e+00
   endloop
 endfacet
 facet normal  6.169515e-02 -9.980950e-01  0.000000e+00
   outer loop
     vertex -1.112815e+01 -5.304837e+00  1.200000e+01
     vertex -1.108160e+01 -5.301959e+00  0.000000e+00
     vertex -1.108160e+01 -5.301959e+00  1.200000e+01
   endloop
 endfacet
 facet normal  8.905371e-02 -9.960268e-01  0.000000e+00
   outer loop
     vertex -1.117461e+01 -5.308991e+00  1.200000e+01
     vertex -1.117461e+01 -5.308991e+00  0.000000e+00
     vertex -1.112815e+01 -5.304837e+00  1.200000e+01
   endloop
 endfacet
 facet normal  1.163452e-01 -9.932088e-01  0.000000e+00
   outer loop
     vertex -1.122093e+01 -5.314417e+00  1.200000e+01
     vertex -1.117461e+01 -5.308991e+00  0.000000e+00
     vertex -1.117461e+01 -5.308991e+00  1.200000e+01
   endloop
 endfacet
 facet normal  1.163452e-01 -9.932088e-01  0.000000e+00
   outer loop
     vertex -1.122093e+01 -5.314417e+00  1.200000e+01
     vertex -1.122093e+01 -5.314417e+00  0.000000e+00
     vertex -1.117461e+01 -5.308991e+00  0.000000e+00
   endloop
 endfacet
 facet normal  1.435492e-01 -9.896432e-01  0.000000e+00
   outer loop
     vertex -1.126709e+01 -5.321113e+00  1.200000e+01
     vertex -1.122093e+01 -5.314417e+00  0.000000e+00
     vertex -1.122093e+01 -5.314417e+00  1.200000e+01
   endloop
 endfacet
 facet normal  1.435492e-01 -9.896432e-01  0.000000e+00
   outer loop
     vertex -1.126709e+01 -5.321113e+00  1.200000e+01
     vertex -1.126709e+01 -5.321113e+00  0.000000e+00
     vertex -1.122093e+01 -5.314417e+00  0.000000e+00
   endloop
 endfacet
 facet normal  1.706451e-01 -9.853326e-01  0.000000e+00
   outer loop
     vertex -1.126709e+01 -5.321113e+00  1.200000e+01
     vertex -1.131305e+01 -5.329072e+00  0.000000e+00
     vertex -1.126709e+01 -5.321113e+00  0.000000e+00
   endloop
 endfacet
 facet normal  1.706451e-01 -9.853326e-01  0.000000e+00
   outer loop
     vertex -1.131305e+01 -5.329072e+00  1.200000e+01
     vertex -1.131305e+01 -5.329072e+00  0.000000e+00
     vertex -1.126709e+01 -5.321113e+00  1.200000e+01
   endloop
 endfacet
 facet normal  1.976125e-01 -9.802802e-01  0.000000e+00
   outer loop
     vertex -1.135877e+01 -5.338289e+00  1.200000e+01
     vertex -1.131305e+01 -5.329072e+00  0.000000e+00
     vertex -1.131305e+01 -5.329072e+00  1.200000e+01
   endloop
 endfacet
 facet normal  1.976125e-01 -9.802802e-01  0.000000e+00
   outer loop
     vertex -1.135877e+01 -5.338289e+00  1.200000e+01
     vertex -1.135877e+01 -5.338289e+00  0.000000e+00
     vertex -1.131305e+01 -5.329072e+00  0.000000e+00
   endloop
 endfacet
 facet normal  2.244312e-01 -9.744899e-01  0.000000e+00
   outer loop
     vertex -1.140422e+01 -5.348757e+00  1.200000e+01
     vertex -1.135877e+01 -5.338289e+00  0.000000e+00
     vertex -1.135877e+01 -5.338289e+00  1.200000e+01
   endloop
 endfacet
 facet normal  2.244312e-01 -9.744899e-01  0.000000e+00
   outer loop
     vertex -1.140422e+01 -5.348757e+00  1.200000e+01
     vertex -1.140422e+01 -5.348757e+00  0.000000e+00
     vertex -1.135877e+01 -5.338289e+00  0.000000e+00
   endloop
 endfacet
 facet normal  2.510809e-01 -9.679661e-01  0.000000e+00
   outer loop
     vertex -1.140422e+01 -5.348757e+00  1.200000e+01
     vertex -1.144937e+01 -5.360468e+00  0.000000e+00
     vertex -1.140422e+01 -5.348757e+00  0.000000e+00
   endloop
 endfacet
 facet normal  2.510809e-01 -9.679661e-01  0.000000e+00
   outer loop
     vertex -1.144937e+01 -5.360468e+00  1.200000e+01
     vertex -1.144937e+01 -5.360468e+00  0.000000e+00
     vertex -1.140422e+01 -5.348757e+00  1.200000e+01
   endloop
 endfacet
 facet normal  2.775416e-01 -9.607136e-01  0.000000e+00
   outer loop
     vertex -1.149418e+01 -5.373413e+00  1.200000e+01
     vertex -1.144937e+01 -5.360468e+00  0.000000e+00
     vertex -1.144937e+01 -5.360468e+00  1.200000e+01
   endloop
 endfacet
 facet normal  2.775416e-01 -9.607136e-01  0.000000e+00
   outer loop
     vertex -1.149418e+01 -5.373413e+00  1.200000e+01
     vertex -1.149418e+01 -5.373413e+00  0.000000e+00
     vertex -1.144937e+01 -5.360468e+00  0.000000e+00
   endloop
 endfacet
 facet normal  3.037934e-01 -9.527379e-01  0.000000e+00
   outer loop
     vertex -1.153862e+01 -5.387583e+00  1.200000e+01
     vertex -1.149418e+01 -5.373413e+00  0.000000e+00
     vertex -1.149418e+01 -5.373413e+00  1.200000e+01
   endloop
 endfacet
 facet normal  3.037934e-01 -9.527379e-01  0.000000e+00
   outer loop
     vertex -1.153862e+01 -5.387583e+00  1.200000e+01
     vertex -1.153862e+01 -5.387583e+00  0.000000e+00
     vertex -1.149418e+01 -5.373413e+00  0.000000e+00
   endloop
 endfacet
 facet normal  3.298166e-01 -9.440450e-01  0.000000e+00
   outer loop
     vertex -1.158265e+01 -5.402966e+00  1.200000e+01
     vertex -1.153862e+01 -5.387583e+00  0.000000e+00
     vertex -1.153862e+01 -5.387583e+00  1.200000e+01
   endloop
 endfacet
 facet normal  3.298166e-01 -9.440450e-01  0.000000e+00
   outer loop
     vertex -1.158265e+01 -5.402966e+00  1.200000e+01
     vertex -1.158265e+01 -5.402966e+00  0.000000e+00
     vertex -1.153862e+01 -5.387583e+00  0.000000e+00
   endloop
 endfacet
 facet normal  3.555914e-01 -9.346415e-01  0.000000e+00
   outer loop
     vertex -1.158265e+01 -5.402966e+00  1.200000e+01
     vertex -1.162625e+01 -5.419552e+00  0.000000e+00
     vertex -1.158265e+01 -5.402966e+00  0.000000e+00
   endloop
 endfacet
 facet normal  3.555914e-01 -9.346415e-01  0.000000e+00
   outer loop
     vertex -1.162625e+01 -5.419552e+00  1.200000e+01
     vertex -1.162625e+01 -5.419552e+00  0.000000e+00
     vertex -1.158265e+01 -5.402966e+00  1.200000e+01
   endloop
 endfacet
 facet normal  4.063188e-01 -9.137314e-01  0.000000e+00
   outer loop
     vertex -1.166937e+01 -5.437327e+00  1.200000e+01
     vertex -1.171199e+01 -5.456279e+00  0.000000e+00
     vertex -1.166937e+01 -5.437327e+00  0.000000e+00
   endloop
 endfacet
 facet normal  3.810986e-01 -9.245344e-01  0.000000e+00
   outer loop
     vertex -1.166937e+01 -5.437327e+00  1.200000e+01
     vertex -1.162625e+01 -5.419552e+00  0.000000e+00
     vertex -1.162625e+01 -5.419552e+00  1.200000e+01
   endloop
 endfacet
 facet normal  3.810986e-01 -9.245344e-01  0.000000e+00
   outer loop
     vertex -1.166937e+01 -5.437327e+00  1.200000e+01
     vertex -1.166937e+01 -5.437327e+00  0.000000e+00
     vertex -1.162625e+01 -5.419552e+00  0.000000e+00
   endloop
 endfacet
 facet normal  4.063188e-01 -9.137314e-01  0.000000e+00
   outer loop
     vertex -1.171199e+01 -5.456279e+00  1.200000e+01
     vertex -1.171199e+01 -5.456279e+00  0.000000e+00
     vertex -1.166937e+01 -5.437327e+00  1.200000e+01
   endloop
 endfacet
 facet normal  4.312333e-01 -9.022405e-01  0.000000e+00
   outer loop
     vertex -1.175407e+01 -5.476392e+00  1.200000e+01
     vertex -1.175407e+01 -5.476392e+00  0.000000e+00
     vertex -1.171199e+01 -5.456279e+00  0.000000e+00
   endloop
 endfacet
 facet normal  4.312333e-01 -9.022405e-01  0.000000e+00
   outer loop
     vertex -1.175407e+01 -5.476392e+00  1.200000e+01
     vertex -1.171199e+01 -5.456279e+00  0.000000e+00
     vertex -1.171199e+01 -5.456279e+00  1.200000e+01
   endloop
 endfacet
 facet normal  4.558231e-01 -8.900704e-01  0.000000e+00
   outer loop
     vertex -1.179558e+01 -5.497653e+00  1.200000e+01
     vertex -1.179558e+01 -5.497653e+00  0.000000e+00
     vertex -1.175407e+01 -5.476392e+00  0.000000e+00
   endloop
 endfacet
 facet normal  4.800697e-01 -8.772303e-01  0.000000e+00
   outer loop
     vertex -1.179558e+01 -5.497653e+00  1.200000e+01
     vertex -1.183650e+01 -5.520045e+00  0.000000e+00
     vertex -1.179558e+01 -5.497653e+00  0.000000e+00
   endloop
 endfacet
 facet normal  4.558231e-01 -8.900704e-01  0.000000e+00
   outer loop
     vertex -1.179558e+01 -5.497653e+00  1.200000e+01
     vertex -1.175407e+01 -5.476392e+00  0.000000e+00
     vertex -1.175407e+01 -5.476392e+00  1.200000e+01
   endloop
 endfacet
 facet normal  4.800697e-01 -8.772303e-01  0.000000e+00
   outer loop
     vertex -1.183650e+01 -5.520045e+00  1.200000e+01
     vertex -1.183650e+01 -5.520045e+00  0.000000e+00
     vertex -1.179558e+01 -5.497653e+00  1.200000e+01
   endloop
 endfacet
 facet normal  5.039550e-01 -8.637299e-01  0.000000e+00
   outer loop
     vertex -1.187679e+01 -5.543550e+00  1.200000e+01
     vertex -1.187679e+01 -5.543550e+00  0.000000e+00
     vertex -1.183650e+01 -5.520045e+00  0.000000e+00
   endloop
 endfacet
 facet normal  5.039550e-01 -8.637299e-01  0.000000e+00
   outer loop
     vertex -1.187679e+01 -5.543550e+00  1.200000e+01
     vertex -1.183650e+01 -5.520045e+00  0.000000e+00
     vertex -1.183650e+01 -5.520045e+00  1.200000e+01
   endloop
 endfacet
 facet normal  5.274609e-01 -8.495793e-01  0.000000e+00
   outer loop
     vertex -1.191641e+01 -5.568152e+00  1.200000e+01
     vertex -1.191641e+01 -5.568152e+00  0.000000e+00
     vertex -1.187679e+01 -5.543550e+00  0.000000e+00
   endloop
 endfacet
 facet normal  5.505698e-01 -8.347891e-01  0.000000e+00
   outer loop
     vertex -1.191641e+01 -5.568152e+00  1.200000e+01
     vertex -1.195535e+01 -5.593832e+00  0.000000e+00
     vertex -1.191641e+01 -5.568152e+00  0.000000e+00
   endloop
 endfacet
 facet normal  5.274609e-01 -8.495793e-01  0.000000e+00
   outer loop
     vertex -1.191641e+01 -5.568152e+00  1.200000e+01
     vertex -1.187679e+01 -5.543550e+00  0.000000e+00
     vertex -1.187679e+01 -5.543550e+00  1.200000e+01
   endloop
 endfacet
 facet normal  5.505698e-01 -8.347891e-01  0.000000e+00
   outer loop
     vertex -1.195535e+01 -5.593832e+00  1.200000e+01
     vertex -1.195535e+01 -5.593832e+00  0.000000e+00
     vertex -1.191641e+01 -5.568152e+00  1.200000e+01
   endloop
 endfacet
 facet normal  5.732642e-01 -8.193706e-01  0.000000e+00
   outer loop
     vertex -1.199357e+01 -5.620570e+00  1.200000e+01
     vertex -1.199357e+01 -5.620570e+00  0.000000e+00
     vertex -1.195535e+01 -5.593832e+00  0.000000e+00
   endloop
 endfacet
 facet normal  5.732642e-01 -8.193706e-01  0.000000e+00
   outer loop
     vertex -1.199357e+01 -5.620570e+00  1.200000e+01
     vertex -1.195535e+01 -5.593832e+00  0.000000e+00
     vertex -1.195535e+01 -5.593832e+00  1.200000e+01
   endloop
 endfacet
 facet normal  5.955271e-01 -8.033352e-01  0.000000e+00
   outer loop
     vertex -1.203104e+01 -5.648347e+00  1.200000e+01
     vertex -1.203104e+01 -5.648347e+00  0.000000e+00
     vertex -1.199357e+01 -5.620570e+00  0.000000e+00
   endloop
 endfacet
 facet normal  6.173417e-01 -7.866951e-01  0.000000e+00
   outer loop
     vertex -1.203104e+01 -5.648347e+00  1.200000e+01
     vertex -1.206773e+01 -5.677141e+00  0.000000e+00
     vertex -1.203104e+01 -5.648347e+00  0.000000e+00
   endloop
 endfacet
 facet normal  5.955271e-01 -8.033352e-01  0.000000e+00
   outer loop
     vertex -1.203104e+01 -5.648347e+00  1.200000e+01
     vertex -1.199357e+01 -5.620570e+00  0.000000e+00
     vertex -1.199357e+01 -5.620570e+00  1.200000e+01
   endloop
 endfacet
 facet normal  6.173417e-01 -7.866951e-01  0.000000e+00
   outer loop
     vertex -1.206773e+01 -5.677141e+00  1.200000e+01
     vertex -1.206773e+01 -5.677141e+00  0.000000e+00
     vertex -1.203104e+01 -5.648347e+00  1.200000e+01
   endloop
 endfacet
 facet normal  6.386916e-01 -7.694628e-01  0.000000e+00
   outer loop
     vertex -1.210362e+01 -5.706931e+00  1.200000e+01
     vertex -1.210362e+01 -5.706931e+00  0.000000e+00
     vertex -1.206773e+01 -5.677141e+00  0.000000e+00
   endloop
 endfacet
 facet normal  6.386916e-01 -7.694628e-01  0.000000e+00
   outer loop
     vertex -1.210362e+01 -5.706931e+00  1.200000e+01
     vertex -1.206773e+01 -5.677141e+00  0.000000e+00
     vertex -1.206773e+01 -5.677141e+00  1.200000e+01
   endloop
 endfacet
 facet normal  6.595607e-01 -7.516513e-01  0.000000e+00
   outer loop
     vertex -1.213868e+01 -5.737695e+00  1.200000e+01
     vertex -1.213868e+01 -5.737695e+00  0.000000e+00
     vertex -1.210362e+01 -5.706931e+00  0.000000e+00
   endloop
 endfacet
 facet normal  6.595607e-01 -7.516513e-01  0.000000e+00
   outer loop
     vertex -1.213868e+01 -5.737695e+00  1.200000e+01
     vertex -1.210362e+01 -5.706931e+00  0.000000e+00
     vertex -1.210362e+01 -5.706931e+00  1.200000e+01
   endloop
 endfacet
 facet normal  6.799333e-01 -7.332740e-01  0.000000e+00
   outer loop
     vertex -1.217288e+01 -5.769408e+00  1.200000e+01
     vertex -1.217288e+01 -5.769408e+00  0.000000e+00
     vertex -1.213868e+01 -5.737695e+00  0.000000e+00
   endloop
 endfacet
 facet normal  6.997940e-01 -7.143447e-01  0.000000e+00
   outer loop
     vertex -1.217288e+01 -5.769408e+00  1.200000e+01
     vertex -1.220620e+01 -5.802048e+00  0.000000e+00
     vertex -1.217288e+01 -5.769408e+00  0.000000e+00
   endloop
 endfacet
 facet normal  6.799333e-01 -7.332740e-01  0.000000e+00
   outer loop
     vertex -1.217288e+01 -5.769408e+00  1.200000e+01
     vertex -1.213868e+01 -5.737695e+00  0.000000e+00
     vertex -1.213868e+01 -5.737695e+00  1.200000e+01
   endloop
 endfacet
 facet normal  6.997940e-01 -7.143447e-01  0.000000e+00
   outer loop
     vertex -1.220620e+01 -5.802048e+00  1.200000e+01
     vertex -1.220620e+01 -5.802048e+00  0.000000e+00
     vertex -1.217288e+01 -5.769408e+00  1.200000e+01
   endloop
 endfacet
 facet normal  7.191280e-01 -6.948776e-01  0.000000e+00
   outer loop
     vertex -1.220620e+01 -5.802048e+00  1.200000e+01
     vertex -1.223861e+01 -5.835590e+00  0.000000e+00
     vertex -1.220620e+01 -5.802048e+00  0.000000e+00
   endloop
 endfacet
 facet normal  7.191280e-01 -6.948776e-01  0.000000e+00
   outer loop
     vertex -1.223861e+01 -5.835590e+00  1.200000e+01
     vertex -1.223861e+01 -5.835590e+00  0.000000e+00
     vertex -1.220620e+01 -5.802048e+00  1.200000e+01
   endloop
 endfacet
 facet normal  7.379206e-01 -6.748875e-01  0.000000e+00
   outer loop
     vertex -1.223861e+01 -5.835590e+00  1.200000e+01
     vertex -1.227009e+01 -5.870008e+00  0.000000e+00
     vertex -1.223861e+01 -5.835590e+00  0.000000e+00
   endloop
 endfacet
 facet normal  7.379206e-01 -6.748875e-01  0.000000e+00
   outer loop
     vertex -1.227009e+01 -5.870008e+00  1.200000e+01
     vertex -1.227009e+01 -5.870008e+00  0.000000e+00
     vertex -1.223861e+01 -5.835590e+00  1.200000e+01
   endloop
 endfacet
 facet normal  7.561578e-01 -6.543893e-01  0.000000e+00
   outer loop
     vertex -1.230061e+01 -5.905277e+00  1.200000e+01
     vertex -1.227009e+01 -5.870008e+00  0.000000e+00
     vertex -1.227009e+01 -5.870008e+00  1.200000e+01
   endloop
 endfacet
 facet normal  7.561578e-01 -6.543893e-01  0.000000e+00
   outer loop
     vertex -1.230061e+01 -5.905277e+00  1.200000e+01
     vertex -1.230061e+01 -5.905277e+00  0.000000e+00
     vertex -1.227009e+01 -5.870008e+00  0.000000e+00
   endloop
 endfacet
 facet normal  7.738257e-01 -6.333986e-01  0.000000e+00
   outer loop
     vertex -1.230061e+01 -5.905277e+00  1.200000e+01
     vertex -1.233015e+01 -5.941370e+00  0.000000e+00
     vertex -1.230061e+01 -5.905277e+00  0.000000e+00
   endloop
 endfacet
 facet normal  7.738257e-01 -6.333986e-01  0.000000e+00
   outer loop
     vertex -1.233015e+01 -5.941370e+00  1.200000e+01
     vertex -1.233015e+01 -5.941370e+00  0.000000e+00
     vertex -1.230061e+01 -5.905277e+00  1.200000e+01
   endloop
 endfacet
 facet normal  7.909112e-01 -6.119310e-01  0.000000e+00
   outer loop
     vertex -1.235869e+01 -5.978260e+00  1.200000e+01
     vertex -1.235869e+01 -5.978260e+00  0.000000e+00
     vertex -1.233015e+01 -5.941370e+00  0.000000e+00
   endloop
 endfacet
 facet normal  7.909112e-01 -6.119310e-01  0.000000e+00
   outer loop
     vertex -1.235869e+01 -5.978260e+00  1.200000e+01
     vertex -1.233015e+01 -5.941370e+00  0.000000e+00
     vertex -1.233015e+01 -5.941370e+00  1.200000e+01
   endloop
 endfacet
 facet normal  8.074012e-01 -5.900028e-01  0.000000e+00
   outer loop
     vertex -1.238621e+01 -6.015919e+00  1.200000e+01
     vertex -1.235869e+01 -5.978260e+00  0.000000e+00
     vertex -1.235869e+01 -5.978260e+00  1.200000e+01
   endloop
 endfacet
 facet normal  8.074012e-01 -5.900028e-01  0.000000e+00
   outer loop
     vertex -1.238621e+01 -6.015919e+00  1.200000e+01
     vertex -1.238621e+01 -6.015919e+00  0.000000e+00
     vertex -1.235869e+01 -5.978260e+00  0.000000e+00
   endloop
 endfacet
 facet normal  8.232835e-01 -5.676304e-01  0.000000e+00
   outer loop
     vertex -1.238621e+01 -6.015919e+00  1.200000e+01
     vertex -1.241269e+01 -6.054319e+00  0.000000e+00
     vertex -1.238621e+01 -6.015919e+00  0.000000e+00
   endloop
 endfacet
 facet normal  8.385460e-01 -5.448308e-01  0.000000e+00
   outer loop
     vertex -1.241269e+01 -6.054319e+00  1.200000e+01
     vertex -1.243810e+01 -6.093431e+00  0.000000e+00
     vertex -1.241269e+01 -6.054319e+00  0.000000e+00
   endloop
 endfacet
 facet normal  8.232835e-01 -5.676304e-01  0.000000e+00
   outer loop
     vertex -1.241269e+01 -6.054319e+00  1.200000e+01
     vertex -1.241269e+01 -6.054319e+00  0.000000e+00
     vertex -1.238621e+01 -6.015919e+00  1.200000e+01
   endloop
 endfacet
 facet normal  8.385460e-01 -5.448308e-01  0.000000e+00
   outer loop
     vertex -1.243810e+01 -6.093431e+00  1.200000e+01
     vertex -1.243810e+01 -6.093431e+00  0.000000e+00
     vertex -1.241269e+01 -6.054319e+00  1.200000e+01
   endloop
 endfacet
 facet normal  8.531773e-01 -5.216210e-01  0.000000e+00
   outer loop
     vertex -1.246243e+01 -6.133225e+00  1.200000e+01
     vertex -1.246243e+01 -6.133225e+00  0.000000e+00
     vertex -1.243810e+01 -6.093431e+00  0.000000e+00
   endloop
 endfacet
 facet normal  8.671664e-01 -4.980186e-01  0.000000e+00
   outer loop
     vertex -1.246243e+01 -6.133225e+00  1.200000e+01
     vertex -1.248566e+01 -6.173671e+00  0.000000e+00
     vertex -1.246243e+01 -6.133225e+00  0.000000e+00
   endloop
 endfacet
 facet normal  8.531773e-01 -5.216210e-01  0.000000e+00
   outer loop
     vertex -1.246243e+01 -6.133225e+00  1.200000e+01
     vertex -1.243810e+01 -6.093431e+00  0.000000e+00
     vertex -1.243810e+01 -6.093431e+00  1.200000e+01
   endloop
 endfacet
 facet normal  8.671664e-01 -4.980186e-01  0.000000e+00
   outer loop
     vertex -1.248566e+01 -6.173671e+00  1.200000e+01
     vertex -1.248566e+01 -6.173671e+00  0.000000e+00
     vertex -1.246243e+01 -6.133225e+00  1.200000e+01
   endloop
 endfacet
 facet normal  8.805026e-01 -4.740412e-01  0.000000e+00
   outer loop
     vertex -1.250777e+01 -6.214740e+00  1.200000e+01
     vertex -1.250777e+01 -6.214740e+00  0.000000e+00
     vertex -1.248566e+01 -6.173671e+00  0.000000e+00
   endloop
 endfacet
 facet normal  8.805026e-01 -4.740412e-01  0.000000e+00
   outer loop
     vertex -1.250777e+01 -6.214740e+00  1.200000e+01
     vertex -1.248566e+01 -6.173671e+00  0.000000e+00
     vertex -1.248566e+01 -6.173671e+00  1.200000e+01
   endloop
 endfacet
 facet normal  8.931761e-01 -4.497071e-01  0.000000e+00
   outer loop
     vertex -1.252874e+01 -6.256400e+00  1.200000e+01
     vertex -1.252874e+01 -6.256400e+00  0.000000e+00
     vertex -1.250777e+01 -6.214740e+00  0.000000e+00
   endloop
 endfacet
 facet normal  9.051772e-01 -4.250344e-01  0.000000e+00
   outer loop
     vertex -1.252874e+01 -6.256400e+00  1.200000e+01
     vertex -1.254857e+01 -6.298619e+00  0.000000e+00
     vertex -1.252874e+01 -6.256400e+00  0.000000e+00
   endloop
 endfacet
 facet normal  8.931761e-01 -4.497071e-01  0.000000e+00
   outer loop
     vertex -1.252874e+01 -6.256400e+00  1.200000e+01
     vertex -1.250777e+01 -6.214740e+00  0.000000e+00
     vertex -1.250777e+01 -6.214740e+00  1.200000e+01
   endloop
 endfacet
 facet normal  9.051772e-01 -4.250344e-01  0.000000e+00
   outer loop
     vertex -1.254857e+01 -6.298619e+00  1.200000e+01
     vertex -1.254857e+01 -6.298619e+00  0.000000e+00
     vertex -1.252874e+01 -6.256400e+00  1.200000e+01
   endloop
 endfacet
 facet normal  9.164969e-01 -4.000417e-01  0.000000e+00
   outer loop
     vertex -1.256723e+01 -6.341367e+00  1.200000e+01
     vertex -1.256723e+01 -6.341367e+00  0.000000e+00
     vertex -1.254857e+01 -6.298619e+00  0.000000e+00
   endloop
 endfacet
 facet normal  9.164969e-01 -4.000417e-01  0.000000e+00
   outer loop
     vertex -1.256723e+01 -6.341367e+00  1.200000e+01
     vertex -1.254857e+01 -6.298619e+00  0.000000e+00
     vertex -1.254857e+01 -6.298619e+00  1.200000e+01
   endloop
 endfacet
 facet normal  9.271267e-01 -3.747479e-01  0.000000e+00
   outer loop
     vertex -1.258471e+01 -6.384610e+00  1.200000e+01
     vertex -1.258471e+01 -6.384610e+00  0.000000e+00
     vertex -1.256723e+01 -6.341367e+00  0.000000e+00
   endloop
 endfacet
 facet normal  9.370586e-01 -3.491720e-01  0.000000e+00
   outer loop
     vertex -1.258471e+01 -6.384610e+00  1.200000e+01
     vertex -1.260099e+01 -6.428317e+00  0.000000e+00
     vertex -1.258471e+01 -6.384610e+00  0.000000e+00
   endloop
 endfacet
 facet normal  9.271267e-01 -3.747479e-01  0.000000e+00
   outer loop
     vertex -1.258471e+01 -6.384610e+00  1.200000e+01
     vertex -1.256723e+01 -6.341367e+00  0.000000e+00
     vertex -1.256723e+01 -6.341367e+00  1.200000e+01
   endloop
 endfacet
 facet normal  9.370586e-01 -3.491720e-01  0.000000e+00
   outer loop
     vertex -1.260099e+01 -6.428317e+00  1.200000e+01
     vertex -1.260099e+01 -6.428317e+00  0.000000e+00
     vertex -1.258471e+01 -6.384610e+00  1.200000e+01
   endloop
 endfacet
 facet normal  9.462851e-01 -3.233333e-01  0.000000e+00
   outer loop
     vertex -1.261607e+01 -6.472454e+00  1.200000e+01
     vertex -1.261607e+01 -6.472454e+00  0.000000e+00
     vertex -1.260099e+01 -6.428317e+00  0.000000e+00
   endloop
 endfacet
 facet normal  9.462851e-01 -3.233333e-01  0.000000e+00
   outer loop
     vertex -1.261607e+01 -6.472454e+00  1.200000e+01
     vertex -1.260099e+01 -6.428317e+00  0.000000e+00
     vertex -1.260099e+01 -6.428317e+00  1.200000e+01
   endloop
 endfacet
 facet normal  9.547993e-01 -2.972512e-01  0.000000e+00
   outer loop
     vertex -1.262994e+01 -6.516988e+00  1.200000e+01
     vertex -1.262994e+01 -6.516988e+00  0.000000e+00
     vertex -1.261607e+01 -6.472454e+00  0.000000e+00
   endloop
 endfacet
 facet normal  9.625948e-01 -2.709453e-01  0.000000e+00
   outer loop
     vertex -1.262994e+01 -6.516988e+00  1.200000e+01
     vertex -1.264258e+01 -6.561885e+00  0.000000e+00
     vertex -1.262994e+01 -6.516988e+00  0.000000e+00
   endloop
 endfacet
 facet normal  9.547993e-01 -2.972512e-01  0.000000e+00
   outer loop
     vertex -1.262994e+01 -6.516988e+00  1.200000e+01
     vertex -1.261607e+01 -6.472454e+00  0.000000e+00
     vertex -1.261607e+01 -6.472454e+00  1.200000e+01
   endloop
 endfacet
 facet normal  9.625948e-01 -2.709453e-01  0.000000e+00
   outer loop
     vertex -1.264258e+01 -6.561885e+00  1.200000e+01
     vertex -1.264258e+01 -6.561885e+00  0.000000e+00
     vertex -1.262994e+01 -6.516988e+00  1.200000e+01
   endloop
 endfacet
 facet normal  9.696656e-01 -2.444354e-01  0.000000e+00
   outer loop
     vertex -1.265398e+01 -6.607113e+00  1.200000e+01
     vertex -1.265398e+01 -6.607113e+00  0.000000e+00
     vertex -1.264258e+01 -6.561885e+00  0.000000e+00
   endloop
 endfacet
 facet normal  9.696656e-01 -2.444354e-01  0.000000e+00
   outer loop
     vertex -1.265398e+01 -6.607113e+00  1.200000e+01
     vertex -1.264258e+01 -6.561885e+00  0.000000e+00
     vertex -1.264258e+01 -6.561885e+00  1.200000e+01
   endloop
 endfacet
 facet normal  9.760065e-01 -2.177416e-01  0.000000e+00
   outer loop
     vertex -1.266413e+01 -6.652636e+00  1.200000e+01
     vertex -1.266413e+01 -6.652636e+00  0.000000e+00
     vertex -1.265398e+01 -6.607113e+00  0.000000e+00
   endloop
 endfacet
 facet normal  9.816126e-01 -1.908838e-01  0.000000e+00
   outer loop
     vertex -1.266413e+01 -6.652636e+00  1.200000e+01
     vertex -1.267304e+01 -6.698420e+00  0.000000e+00
     vertex -1.266413e+01 -6.652636e+00  0.000000e+00
   endloop
 endfacet
 facet normal  9.760065e-01 -2.177416e-01  0.000000e+00
   outer loop
     vertex -1.266413e+01 -6.652636e+00  1.200000e+01
     vertex -1.265398e+01 -6.607113e+00  0.000000e+00
     vertex -1.265398e+01 -6.607113e+00  1.200000e+01
   endloop
 endfacet
 facet normal  9.816126e-01 -1.908838e-01  0.000000e+00
   outer loop
     vertex -1.267304e+01 -6.698420e+00  1.200000e+01
     vertex -1.267304e+01 -6.698420e+00  0.000000e+00
     vertex -1.266413e+01 -6.652636e+00  1.200000e+01
   endloop
 endfacet
 facet normal  9.864799e-01 -1.638824e-01  0.000000e+00
   outer loop
     vertex -1.268068e+01 -6.744432e+00  1.200000e+01
     vertex -1.268068e+01 -6.744432e+00  0.000000e+00
     vertex -1.267304e+01 -6.698420e+00  0.000000e+00
   endloop
 endfacet
 facet normal  9.864799e-01 -1.638824e-01  0.000000e+00
   outer loop
     vertex -1.268068e+01 -6.744432e+00  1.200000e+01
     vertex -1.267304e+01 -6.698420e+00  0.000000e+00
     vertex -1.267304e+01 -6.698420e+00  1.200000e+01
   endloop
 endfacet
 facet normal  9.906046e-01 -1.367575e-01  0.000000e+00
   outer loop
     vertex -1.268706e+01 -6.790636e+00  1.200000e+01
     vertex -1.268706e+01 -6.790636e+00  0.000000e+00
     vertex -1.268068e+01 -6.744432e+00  0.000000e+00
   endloop
 endfacet
 facet normal  9.939835e-01 -1.095298e-01  0.000000e+00
   outer loop
     vertex -1.268706e+01 -6.790636e+00  1.200000e+01
     vertex -1.269217e+01 -6.836998e+00  0.000000e+00
     vertex -1.268706e+01 -6.790636e+00  0.000000e+00
   endloop
 endfacet
 facet normal  9.906046e-01 -1.367575e-01  0.000000e+00
   outer loop
     vertex -1.268706e+01 -6.790636e+00  1.200000e+01
     vertex -1.268068e+01 -6.744432e+00  0.000000e+00
     vertex -1.268068e+01 -6.744432e+00  1.200000e+01
   endloop
 endfacet
 facet normal  9.939835e-01 -1.095298e-01  0.000000e+00
   outer loop
     vertex -1.269217e+01 -6.836998e+00  1.200000e+01
     vertex -1.269217e+01 -6.836998e+00  0.000000e+00
     vertex -1.268706e+01 -6.790636e+00  1.200000e+01
   endloop
 endfacet
 facet normal  9.966142e-01 -8.221955e-02  0.000000e+00
   outer loop
     vertex -1.269600e+01 -6.883482e+00  1.200000e+01
     vertex -1.269217e+01 -6.836998e+00  0.000000e+00
     vertex -1.269217e+01 -6.836998e+00  1.200000e+01
   endloop
 endfacet
 facet normal  9.966142e-01 -8.221955e-02  0.000000e+00
   outer loop
     vertex -1.269600e+01 -6.883482e+00  1.200000e+01
     vertex -1.269600e+01 -6.883482e+00  0.000000e+00
     vertex -1.269217e+01 -6.836998e+00  0.000000e+00
   endloop
 endfacet
 facet normal  9.984947e-01 -5.484744e-02  0.000000e+00
   outer loop
     vertex -1.269600e+01 -6.883482e+00  1.200000e+01
     vertex -1.269856e+01 -6.930054e+00  0.000000e+00
     vertex -1.269600e+01 -6.883482e+00  0.000000e+00
   endloop
 endfacet
 facet normal  9.984947e-01 -5.484744e-02  0.000000e+00
   outer loop
     vertex -1.269856e+01 -6.930054e+00  1.200000e+01
     vertex -1.269856e+01 -6.930054e+00  0.000000e+00
     vertex -1.269600e+01 -6.883482e+00  1.200000e+01
   endloop
 endfacet
 facet normal  9.996236e-01 -2.743405e-02  0.000000e+00
   outer loop
     vertex -1.269856e+01 -6.930054e+00  1.200000e+01
     vertex -1.269984e+01 -6.976679e+00  0.000000e+00
     vertex -1.269856e+01 -6.930054e+00  0.000000e+00
   endloop
 endfacet
 facet normal  9.996236e-01 -2.743405e-02  0.000000e+00
   outer loop
     vertex -1.269984e+01 -6.976679e+00  1.200000e+01
     vertex -1.269984e+01 -6.976679e+00  0.000000e+00
     vertex -1.269856e+01 -6.930054e+00  1.200000e+01
   endloop
 endfacet
 facet normal  1.000000e+00  0.000000e+00  0.000000e+00
   outer loop
     vertex -1.269984e+01 -6.976679e+00  1.200000e+01
     vertex -1.269984e+01 -7.023321e+00  0.000000e+00
     vertex -1.269984e+01 -6.976679e+00  0.000000e+00
   endloop
 endfacet
 facet normal  1.000000e+00 -0.000000e+00  0.000000e+00
   outer loop
     vertex -1.269984e+01 -7.023321e+00  1.200000e+01
     vertex -1.269984e+01 -7.023321e+00  0.000000e+00
     vertex -1.269984e+01 -6.976679e+00  1.200000e+01
   endloop
 endfacet
 facet normal  9.996236e-01  2.743405e-02  0.000000e+00
   outer loop
     vertex -1.269856e+01 -7.069946e+00  1.200000e+01
     vertex -1.269984e+01 -7.023321e+00  0.000000e+00
     vertex -1.269984e+01 -7.023321e+00  1.200000e+01
   endloop
 endfacet
 facet normal  9.996236e-01  2.743405e-02  0.000000e+00
   outer loop
     vertex -1.269856e+01 -7.069946e+00  1.200000e+01
     vertex -1.269856e+01 -7.069946e+00  0.000000e+00
     vertex -1.269984e+01 -7.023321e+00  0.000000e+00
   endloop
 endfacet
 facet normal  9.984947e-01  5.484744e-02  0.000000e+00
   outer loop
     vertex -1.269600e+01 -7.116518e+00  1.200000e+01
     vertex -1.269856e+01 -7.069946e+00  0.000000e+00
     vertex -1.269856e+01 -7.069946e+00  1.200000e+01
   endloop
 endfacet
 facet normal  9.984947e-01  5.484744e-02  0.000000e+00
   outer loop
     vertex -1.269600e+01 -7.116518e+00  1.200000e+01
     vertex -1.269600e+01 -7.116518e+00  0.000000e+00
     vertex -1.269856e+01 -7.069946e+00  0.000000e+00
   endloop
 endfacet
 facet normal  9.966142e-01  8.221955e-02  0.000000e+00
   outer loop
     vertex -1.269217e+01 -7.163002e+00  1.200000e+01
     vertex -1.269600e+01 -7.116518e+00  0.000000e+00
     vertex -1.269600e+01 -7.116518e+00  1.200000e+01
   endloop
 endfacet
 facet normal  9.966142e-01  8.221955e-02  0.000000e+00
   outer loop
     vertex -1.269217e+01 -7.163002e+00  1.200000e+01
     vertex -1.269217e+01 -7.163002e+00  0.000000e+00
     vertex -1.269600e+01 -7.116518e+00  0.000000e+00
   endloop
 endfacet
 facet normal  9.939835e-01  1.095298e-01  0.000000e+00
   outer loop
     vertex -1.269217e+01 -7.163002e+00  1.200000e+01
     vertex -1.268706e+01 -7.209364e+00  0.000000e+00
     vertex -1.269217e+01 -7.163002e+00  0.000000e+00
   endloop
 endfacet
 facet normal  9.939835e-01  1.095298e-01  0.000000e+00
   outer loop
     vertex -1.268706e+01 -7.209364e+00  1.200000e+01
     vertex -1.268706e+01 -7.209364e+00  0.000000e+00
     vertex -1.269217e+01 -7.163002e+00  1.200000e+01
   endloop
 endfacet
 facet normal  9.906046e-01  1.367575e-01  0.000000e+00
   outer loop
     vertex -1.268706e+01 -7.209364e+00  1.200000e+01
     vertex -1.268068e+01 -7.255568e+00  0.000000e+00
     vertex -1.268706e+01 -7.209364e+00  0.000000e+00
   endloop
 endfacet
 facet normal  9.906046e-01  1.367575e-01  0.000000e+00
   outer loop
     vertex -1.268068e+01 -7.255568e+00  1.200000e+01
     vertex -1.268068e+01 -7.255568e+00  0.000000e+00
     vertex -1.268706e+01 -7.209364e+00  1.200000e+01
   endloop
 endfacet
 facet normal  9.864799e-01  1.638824e-01  0.000000e+00
   outer loop
     vertex -1.268068e+01 -7.255568e+00  1.200000e+01
     vertex -1.267304e+01 -7.301580e+00  0.000000e+00
     vertex -1.268068e+01 -7.255568e+00  0.000000e+00
   endloop
 endfacet
 facet normal  9.864799e-01  1.638824e-01  0.000000e+00
   outer loop
     vertex -1.267304e+01 -7.301580e+00  1.200000e+01
     vertex -1.267304e+01 -7.301580e+00  0.000000e+00
     vertex -1.268068e+01 -7.255568e+00  1.200000e+01
   endloop
 endfacet
 facet normal  9.816126e-01  1.908838e-01  0.000000e+00
   outer loop
     vertex -1.266413e+01 -7.347364e+00  1.200000e+01
     vertex -1.267304e+01 -7.301580e+00  0.000000e+00
     vertex -1.267304e+01 -7.301580e+00  1.200000e+01
   endloop
 endfacet
 facet normal  9.816126e-01  1.908838e-01  0.000000e+00
   outer loop
     vertex -1.266413e+01 -7.347364e+00  1.200000e+01
     vertex -1.266413e+01 -7.347364e+00  0.000000e+00
     vertex -1.267304e+01 -7.301580e+00  0.000000e+00
   endloop
 endfacet
 facet normal  9.760065e-01  2.177416e-01  0.000000e+00
   outer loop
     vertex -1.266413e+01 -7.347364e+00  1.200000e+01
     vertex -1.265398e+01 -7.392887e+00  0.000000e+00
     vertex -1.266413e+01 -7.347364e+00  0.000000e+00
   endloop
 endfacet
 facet normal  9.760065e-01  2.177416e-01  0.000000e+00
   outer loop
     vertex -1.265398e+01 -7.392887e+00  1.200000e+01
     vertex -1.265398e+01 -7.392887e+00  0.000000e+00
     vertex -1.266413e+01 -7.347364e+00  1.200000e+01
   endloop
 endfacet
 facet normal  9.696656e-01  2.444354e-01  0.000000e+00
   outer loop
     vertex -1.264258e+01 -7.438115e+00  1.200000e+01
     vertex -1.264258e+01 -7.438115e+00  0.000000e+00
     vertex -1.265398e+01 -7.392887e+00  0.000000e+00
   endloop
 endfacet
 facet normal  9.625948e-01  2.709453e-01  0.000000e+00
   outer loop
     vertex -1.264258e+01 -7.438115e+00  1.200000e+01
     vertex -1.262994e+01 -7.483012e+00  0.000000e+00
     vertex -1.264258e+01 -7.438115e+00  0.000000e+00
   endloop
 endfacet
 facet normal  9.696656e-01  2.444354e-01  0.000000e+00
   outer loop
     vertex -1.264258e+01 -7.438115e+00  1.200000e+01
     vertex -1.265398e+01 -7.392887e+00  0.000000e+00
     vertex -1.265398e+01 -7.392887e+00  1.200000e+01
   endloop
 endfacet
 facet normal  9.625948e-01  2.709453e-01  0.000000e+00
   outer loop
     vertex -1.262994e+01 -7.483012e+00  1.200000e+01
     vertex -1.262994e+01 -7.483012e+00  0.000000e+00
     vertex -1.264258e+01 -7.438115e+00  1.200000e+01
   endloop
 endfacet
 facet normal  9.547993e-01  2.972512e-01  0.000000e+00
   outer loop
     vertex -1.261607e+01 -7.527546e+00  1.200000e+01
     vertex -1.261607e+01 -7.527546e+00  0.000000e+00
     vertex -1.262994e+01 -7.483012e+00  0.000000e+00
   endloop
 endfacet
 facet normal  9.547993e-01  2.972512e-01  0.000000e+00
   outer loop
     vertex -1.261607e+01 -7.527546e+00  1.200000e+01
     vertex -1.262994e+01 -7.483012e+00  0.000000e+00
     vertex -1.262994e+01 -7.483012e+00  1.200000e+01
   endloop
 endfacet
 facet normal  9.462851e-01  3.233333e-01  0.000000e+00
   outer loop
     vertex -1.260099e+01 -7.571683e+00  1.200000e+01
     vertex -1.260099e+01 -7.571683e+00  0.000000e+00
     vertex -1.261607e+01 -7.527546e+00  0.000000e+00
   endloop
 endfacet
 facet normal  9.370586e-01  3.491720e-01  0.000000e+00
   outer loop
     vertex -1.260099e+01 -7.571683e+00  1.200000e+01
     vertex -1.258471e+01 -7.615390e+00  0.000000e+00
     vertex -1.260099e+01 -7.571683e+00  0.000000e+00
   endloop
 endfacet
 facet normal  9.462851e-01  3.233333e-01  0.000000e+00
   outer loop
     vertex -1.260099e+01 -7.571683e+00  1.200000e+01
     vertex -1.261607e+01 -7.527546e+00  0.000000e+00
     vertex -1.261607e+01 -7.527546e+00  1.200000e+01
   endloop
 endfacet
 facet normal  9.370586e-01  3.491720e-01  0.000000e+00
   outer loop
     vertex -1.258471e+01 -7.615390e+00  1.200000e+01
     vertex -1.258471e+01 -7.615390e+00  0.000000e+00
     vertex -1.260099e+01 -7.571683e+00  1.200000e+01
   endloop
 endfacet
 facet normal  9.271267e-01  3.747479e-01  0.000000e+00
   outer loop
     vertex -1.256723e+01 -7.658633e+00  1.200000e+01
     vertex -1.256723e+01 -7.658633e+00  0.000000e+00
     vertex -1.258471e+01 -7.615390e+00  0.000000e+00
   endloop
 endfacet
 facet normal  9.271267e-01  3.747479e-01  0.000000e+00
   outer loop
     vertex -1.256723e+01 -7.658633e+00  1.200000e+01
     vertex -1.258471e+01 -7.615390e+00  0.000000e+00
     vertex -1.258471e+01 -7.615390e+00  1.200000e+01
   endloop
 endfacet
 facet normal  9.164969e-01  4.000417e-01  0.000000e+00
   outer loop
     vertex -1.254857e+01 -7.701381e+00  1.200000e+01
     vertex -1.254857e+01 -7.701381e+00  0.000000e+00
     vertex -1.256723e+01 -7.658633e+00  0.000000e+00
   endloop
 endfacet
 facet normal  9.051772e-01  4.250344e-01  0.000000e+00
   outer loop
     vertex -1.254857e+01 -7.701381e+00  1.200000e+01
     vertex -1.252874e+01 -7.743600e+00  0.000000e+00
     vertex -1.254857e+01 -7.701381e+00  0.000000e+00
   endloop
 endfacet
 facet normal  9.164969e-01  4.000417e-01  0.000000e+00
   outer loop
     vertex -1.254857e+01 -7.701381e+00  1.200000e+01
     vertex -1.256723e+01 -7.658633e+00  0.000000e+00
     vertex -1.256723e+01 -7.658633e+00  1.200000e+01
   endloop
 endfacet
 facet normal  8.931761e-01  4.497071e-01  0.000000e+00
   outer loop
     vertex -1.252874e+01 -7.743600e+00  1.200000e+01
     vertex -1.250777e+01 -7.785260e+00  0.000000e+00
     vertex -1.252874e+01 -7.743600e+00  0.000000e+00
   endloop
 endfacet
 facet normal  9.051772e-01  4.250344e-01  0.000000e+00
   outer loop
     vertex -1.252874e+01 -7.743600e+00  1.200000e+01
     vertex -1.252874e+01 -7.743600e+00  0.000000e+00
     vertex -1.254857e+01 -7.701381e+00  1.200000e+01
   endloop
 endfacet
 facet normal  8.931761e-01  4.497071e-01  0.000000e+00
   outer loop
     vertex -1.250777e+01 -7.785260e+00  1.200000e+01
     vertex -1.250777e+01 -7.785260e+00  0.000000e+00
     vertex -1.252874e+01 -7.743600e+00  1.200000e+01
   endloop
 endfacet
 facet normal  8.805026e-01  4.740412e-01  0.000000e+00
   outer loop
     vertex -1.248566e+01 -7.826329e+00  1.200000e+01
     vertex -1.248566e+01 -7.826329e+00  0.000000e+00
     vertex -1.250777e+01 -7.785260e+00  0.000000e+00
   endloop
 endfacet
 facet normal  8.805026e-01  4.740412e-01  0.000000e+00
   outer loop
     vertex -1.248566e+01 -7.826329e+00  1.200000e+01
     vertex -1.250777e+01 -7.785260e+00  0.000000e+00
     vertex -1.250777e+01 -7.785260e+00  1.200000e+01
   endloop
 endfacet
 facet normal  8.671664e-01  4.980186e-01  0.000000e+00
   outer loop
     vertex -1.246243e+01 -7.866775e+00  1.200000e+01
     vertex -1.246243e+01 -7.866775e+00  0.000000e+00
     vertex -1.248566e+01 -7.826329e+00  0.000000e+00
   endloop
 endfacet
 facet normal  8.531773e-01  5.216210e-01  0.000000e+00
   outer loop
     vertex -1.246243e+01 -7.866775e+00  1.200000e+01
     vertex -1.243810e+01 -7.906569e+00  0.000000e+00
     vertex -1.246243e+01 -7.866775e+00  0.000000e+00
   endloop
 endfacet
 facet normal  8.671664e-01  4.980186e-01  0.000000e+00
   outer loop
     vertex -1.246243e+01 -7.866775e+00  1.200000e+01
     vertex -1.248566e+01 -7.826329e+00  0.000000e+00
     vertex -1.248566e+01 -7.826329e+00  1.200000e+01
   endloop
 endfacet
 facet normal  8.531773e-01  5.216210e-01  0.000000e+00
   outer loop
     vertex -1.243810e+01 -7.906569e+00  1.200000e+01
     vertex -1.243810e+01 -7.906569e+00  0.000000e+00
     vertex -1.246243e+01 -7.866775e+00  1.200000e+01
   endloop
 endfacet
 facet normal  8.385460e-01  5.448308e-01  0.000000e+00
   outer loop
     vertex -1.241269e+01 -7.945681e+00  1.200000e+01
     vertex -1.243810e+01 -7.906569e+00  0.000000e+00
     vertex -1.243810e+01 -7.906569e+00  1.200000e+01
   endloop
 endfacet
 facet normal  8.385460e-01  5.448308e-01  0.000000e+00
   outer loop
     vertex -1.241269e+01 -7.945681e+00  1.200000e+01
     vertex -1.241269e+01 -7.945681e+00  0.000000e+00
     vertex -1.243810e+01 -7.906569e+00  0.000000e+00
   endloop
 endfacet
 facet normal  8.232835e-01  5.676304e-01  0.000000e+00
   outer loop
     vertex -1.241269e+01 -7.945681e+00  1.200000e+01
     vertex -1.238621e+01 -7.984081e+00  0.000000e+00
     vertex -1.241269e+01 -7.945681e+00  0.000000e+00
   endloop
 endfacet
 facet normal  8.232835e-01  5.676304e-01  0.000000e+00
   outer loop
     vertex -1.238621e+01 -7.984081e+00  1.200000e+01
     vertex -1.238621e+01 -7.984081e+00  0.000000e+00
     vertex -1.241269e+01 -7.945681e+00  1.200000e+01
   endloop
 endfacet
 facet normal  8.074012e-01  5.900028e-01  0.000000e+00
   outer loop
     vertex -1.238621e+01 -7.984081e+00  1.200000e+01
     vertex -1.235869e+01 -8.021740e+00  0.000000e+00
     vertex -1.238621e+01 -7.984081e+00  0.000000e+00
   endloop
 endfacet
 facet normal  8.074012e-01  5.900028e-01  0.000000e+00
   outer loop
     vertex -1.235869e+01 -8.021740e+00  1.200000e+01
     vertex -1.235869e+01 -8.021740e+00  0.000000e+00
     vertex -1.238621e+01 -7.984081e+00  1.200000e+01
   endloop
 endfacet
 facet normal  7.909112e-01  6.119310e-01  0.000000e+00
   outer loop
     vertex -1.233015e+01 -8.058630e+00  1.200000e+01
     vertex -1.235869e+01 -8.021740e+00  0.000000e+00
     vertex -1.235869e+01 -8.021740e+00  1.200000e+01
   endloop
 endfacet
 facet normal  7.909112e-01  6.119310e-01  0.000000e+00
   outer loop
     vertex -1.233015e+01 -8.058630e+00  1.200000e+01
     vertex -1.233015e+01 -8.058630e+00  0.000000e+00
     vertex -1.235869e+01 -8.021740e+00  0.000000e+00
   endloop
 endfacet
 facet normal  7.738257e-01  6.333986e-01  0.000000e+00
   outer loop
     vertex -1.233015e+01 -8.058630e+00  1.200000e+01
     vertex -1.230061e+01 -8.094723e+00  0.000000e+00
     vertex -1.233015e+01 -8.058630e+00  0.000000e+00
   endloop
 endfacet
 facet normal  7.738257e-01  6.333986e-01  0.000000e+00
   outer loop
     vertex -1.230061e+01 -8.094723e+00  1.200000e+01
     vertex -1.230061e+01 -8.094723e+00  0.000000e+00
     vertex -1.233015e+01 -8.058630e+00  1.200000e+01
   endloop
 endfacet
 facet normal  7.561578e-01  6.543893e-01  0.000000e+00
   outer loop
     vertex -1.227009e+01 -8.129992e+00  1.200000e+01
     vertex -1.230061e+01 -8.094723e+00  0.000000e+00
     vertex -1.230061e+01 -8.094723e+00  1.200000e+01
   endloop
 endfacet
 facet normal  7.561578e-01  6.543893e-01  0.000000e+00
   outer loop
     vertex -1.227009e+01 -8.129992e+00  1.200000e+01
     vertex -1.227009e+01 -8.129992e+00  0.000000e+00
     vertex -1.230061e+01 -8.094723e+00  0.000000e+00
   endloop
 endfacet
 facet normal  7.379206e-01  6.748875e-01  0.000000e+00
   outer loop
     vertex -1.227009e+01 -8.129992e+00  1.200000e+01
     vertex -1.223861e+01 -8.164410e+00  0.000000e+00
     vertex -1.227009e+01 -8.129992e+00  0.000000e+00
   endloop
 endfacet
 facet normal  7.379206e-01  6.748875e-01  0.000000e+00
   outer loop
     vertex -1.223861e+01 -8.164410e+00  1.200000e+01
     vertex -1.223861e+01 -8.164410e+00  0.000000e+00
     vertex -1.227009e+01 -8.129992e+00  1.200000e+01
   endloop
 endfacet
 facet normal  7.191280e-01  6.948776e-01  0.000000e+00
   outer loop
     vertex -1.223861e+01 -8.164410e+00  1.200000e+01
     vertex -1.220620e+01 -8.197952e+00  0.000000e+00
     vertex -1.223861e+01 -8.164410e+00  0.000000e+00
   endloop
 endfacet
 facet normal  7.191280e-01  6.948776e-01  0.000000e+00
   outer loop
     vertex -1.220620e+01 -8.197952e+00  1.200000e+01
     vertex -1.220620e+01 -8.197952e+00  0.000000e+00
     vertex -1.223861e+01 -8.164410e+00  1.200000e+01
   endloop
 endfacet
 facet normal  6.997940e-01  7.143447e-01  0.000000e+00
   outer loop
     vertex -1.220620e+01 -8.197952e+00  1.200000e+01
     vertex -1.217288e+01 -8.230592e+00  0.000000e+00
     vertex -1.220620e+01 -8.197952e+00  0.000000e+00
   endloop
 endfacet
 facet normal  6.997940e-01  7.143447e-01  0.000000e+00
   outer loop
     vertex -1.217288e+01 -8.230592e+00  1.200000e+01
     vertex -1.217288e+01 -8.230592e+00  0.000000e+00
     vertex -1.220620e+01 -8.197952e+00  1.200000e+01
   endloop
 endfacet
 facet normal  6.799333e-01  7.332740e-01  0.000000e+00
   outer loop
     vertex -1.213868e+01 -8.262305e+00  1.200000e+01
     vertex -1.217288e+01 -8.230592e+00  0.000000e+00
     vertex -1.217288e+01 -8.230592e+00  1.200000e+01
   endloop
 endfacet
 facet normal  6.799333e-01  7.332740e-01  0.000000e+00
   outer loop
     vertex -1.213868e+01 -8.262305e+00  1.200000e+01
     vertex -1.213868e+01 -8.262305e+00  0.000000e+00
     vertex -1.217288e+01 -8.230592e+00  0.000000e+00
   endloop
 endfacet
 facet normal  6.595607e-01  7.516513e-01  0.000000e+00
   outer loop
     vertex -1.210362e+01 -8.293069e+00  1.200000e+01
     vertex -1.213868e+01 -8.262305e+00  0.000000e+00
     vertex -1.213868e+01 -8.262305e+00  1.200000e+01
   endloop
 endfacet
 facet normal  6.595607e-01  7.516513e-01  0.000000e+00
   outer loop
     vertex -1.210362e+01 -8.293069e+00  1.200000e+01
     vertex -1.210362e+01 -8.293069e+00  0.000000e+00
     vertex -1.213868e+01 -8.262305e+00  0.000000e+00
   endloop
 endfacet
 facet normal  6.386916e-01  7.694628e-01  0.000000e+00
   outer loop
     vertex -1.210362e+01 -8.293069e+00  1.200000e+01
     vertex -1.206773e+01 -8.322859e+00  0.000000e+00
     vertex -1.210362e+01 -8.293069e+00  0.000000e+00
   endloop
 endfacet
 facet normal  6.386916e-01  7.694628e-01  0.000000e+00
   outer loop
     vertex -1.206773e+01 -8.322859e+00  1.200000e+01
     vertex -1.206773e+01 -8.322859e+00  0.000000e+00
     vertex -1.210362e+01 -8.293069e+00  1.200000e+01
   endloop
 endfacet
 facet normal  6.173417e-01  7.866951e-01  0.000000e+00
   outer loop
     vertex -1.203104e+01 -8.351653e+00  1.200000e+01
     vertex -1.206773e+01 -8.322859e+00  0.000000e+00
     vertex -1.206773e+01 -8.322859e+00  1.200000e+01
   endloop
 endfacet
 facet normal  6.173417e-01  7.866951e-01  0.000000e+00
   outer loop
     vertex -1.203104e+01 -8.351653e+00  1.200000e+01
     vertex -1.203104e+01 -8.351653e+00  0.000000e+00
     vertex -1.206773e+01 -8.322859e+00  0.000000e+00
   endloop
 endfacet
 facet normal  5.955271e-01  8.033352e-01  0.000000e+00
   outer loop
     vertex -1.203104e+01 -8.351653e+00  1.200000e+01
     vertex -1.199357e+01 -8.379430e+00  0.000000e+00
     vertex -1.203104e+01 -8.351653e+00  0.000000e+00
   endloop
 endfacet
 facet normal  5.955271e-01  8.033352e-01  0.000000e+00
   outer loop
     vertex -1.199357e+01 -8.379430e+00  1.200000e+01
     vertex -1.199357e+01 -8.379430e+00  0.000000e+00
     vertex -1.203104e+01 -8.351653e+00  1.200000e+01
   endloop
 endfacet
 facet normal  5.732642e-01  8.193706e-01  0.000000e+00
   outer loop
     vertex -1.199357e+01 -8.379430e+00  1.200000e+01
     vertex -1.195535e+01 -8.406168e+00  0.000000e+00
     vertex -1.199357e+01 -8.379430e+00  0.000000e+00
   endloop
 endfacet
 facet normal  5.732642e-01  8.193706e-01  0.000000e+00
   outer loop
     vertex -1.195535e+01 -8.406168e+00  1.200000e+01
     vertex -1.195535e+01 -8.406168e+00  0.000000e+00
     vertex -1.199357e+01 -8.379430e+00  1.200000e+01
   endloop
 endfacet
 facet normal  5.505698e-01  8.347891e-01  0.000000e+00
   outer loop
     vertex -1.195535e+01 -8.406168e+00  1.200000e+01
     vertex -1.191641e+01 -8.431848e+00  0.000000e+00
     vertex -1.195535e+01 -8.406168e+00  0.000000e+00
   endloop
 endfacet
 facet normal  5.505698e-01  8.347891e-01  0.000000e+00
   outer loop
     vertex -1.191641e+01 -8.431848e+00  1.200000e+01
     vertex -1.191641e+01 -8.431848e+00  0.000000e+00
     vertex -1.195535e+01 -8.406168e+00  1.200000e+01
   endloop
 endfacet
 facet normal  5.274609e-01  8.495793e-01  0.000000e+00
   outer loop
     vertex -1.187679e+01 -8.456450e+00  1.200000e+01
     vertex -1.191641e+01 -8.431848e+00  0.000000e+00
     vertex -1.191641e+01 -8.431848e+00  1.200000e+01
   endloop
 endfacet
 facet normal  5.274609e-01  8.495793e-01  0.000000e+00
   outer loop
     vertex -1.187679e+01 -8.456450e+00  1.200000e+01
     vertex -1.187679e+01 -8.456450e+00  0.000000e+00
     vertex -1.191641e+01 -8.431848e+00  0.000000e+00
   endloop
 endfacet
 facet normal  5.039550e-01  8.637299e-01  0.000000e+00
   outer loop
     vertex -1.187679e+01 -8.456450e+00  1.200000e+01
     vertex -1.183650e+01 -8.479955e+00  0.000000e+00
     vertex -1.187679e+01 -8.456450e+00  0.000000e+00
   endloop
 endfacet
 facet normal  5.039550e-01  8.637299e-01  0.000000e+00
   outer loop
     vertex -1.183650e+01 -8.479955e+00  1.200000e+01
     vertex -1.183650e+01 -8.479955e+00  0.000000e+00
     vertex -1.187679e+01 -8.456450e+00  1.200000e+01
   endloop
 endfacet
 facet normal  4.800697e-01  8.772303e-01  0.000000e+00
   outer loop
     vertex -1.179558e+01 -8.502347e+00  1.200000e+01
     vertex -1.183650e+01 -8.479955e+00  0.000000e+00
     vertex -1.183650e+01 -8.479955e+00  1.200000e+01
   endloop
 endfacet
 facet normal  4.800697e-01  8.772303e-01  0.000000e+00
   outer loop
     vertex -1.179558e+01 -8.502347e+00  1.200000e+01
     vertex -1.179558e+01 -8.502347e+00  0.000000e+00
     vertex -1.183650e+01 -8.479955e+00  0.000000e+00
   endloop
 endfacet
 facet normal  4.558231e-01  8.900704e-01  0.000000e+00
   outer loop
     vertex -1.179558e+01 -8.502347e+00  1.200000e+01
     vertex -1.175407e+01 -8.523608e+00  0.000000e+00
     vertex -1.179558e+01 -8.502347e+00  0.000000e+00
   endloop
 endfacet
 facet normal  4.558231e-01  8.900704e-01  0.000000e+00
   outer loop
     vertex -1.175407e+01 -8.523608e+00  1.200000e+01
     vertex -1.175407e+01 -8.523608e+00  0.000000e+00
     vertex -1.179558e+01 -8.502347e+00  1.200000e+01
   endloop
 endfacet
 facet normal  4.312333e-01  9.022405e-01  0.000000e+00
   outer loop
     vertex -1.171199e+01 -8.543721e+00  1.200000e+01
     vertex -1.175407e+01 -8.523608e+00  0.000000e+00
     vertex -1.175407e+01 -8.523608e+00  1.200000e+01
   endloop
 endfacet
 facet normal  4.312333e-01  9.022405e-01  0.000000e+00
   outer loop
     vertex -1.171199e+01 -8.543721e+00  1.200000e+01
     vertex -1.171199e+01 -8.543721e+00  0.000000e+00
     vertex -1.175407e+01 -8.523608e+00  0.000000e+00
   endloop
 endfacet
 facet normal  4.063188e-01  9.137314e-01  0.000000e+00
   outer loop
     vertex -1.166937e+01 -8.562673e+00  1.200000e+01
     vertex -1.171199e+01 -8.543721e+00  0.000000e+00
     vertex -1.171199e+01 -8.543721e+00  1.200000e+01
   endloop
 endfacet
 facet normal  4.063188e-01  9.137314e-01  0.000000e+00
   outer loop
     vertex -1.166937e+01 -8.562673e+00  1.200000e+01
     vertex -1.166937e+01 -8.562673e+00  0.000000e+00
     vertex -1.171199e+01 -8.543721e+00  0.000000e+00
   endloop
 endfacet
 facet normal  3.810986e-01  9.245344e-01  0.000000e+00
   outer loop
     vertex -1.166937e+01 -8.562673e+00  1.200000e+01
     vertex -1.162625e+01 -8.580448e+00  0.000000e+00
     vertex -1.166937e+01 -8.562673e+00  0.000000e+00
   endloop
 endfacet
 facet normal  3.810986e-01  9.245344e-01  0.000000e+00
   outer loop
     vertex -1.162625e+01 -8.580448e+00  1.200000e+01
     vertex -1.162625e+01 -8.580448e+00  0.000000e+00
     vertex -1.166937e+01 -8.562673e+00  1.200000e+01
   endloop
 endfacet
 facet normal  3.555914e-01  9.346415e-01  0.000000e+00
   outer loop
     vertex -1.158265e+01 -8.597034e+00  1.200000e+01
     vertex -1.158265e+01 -8.597034e+00  0.000000e+00
     vertex -1.162625e+01 -8.580448e+00  0.000000e+00
   endloop
 endfacet
 facet normal  3.555914e-01  9.346415e-01  0.000000e+00
   outer loop
     vertex -1.158265e+01 -8.597034e+00  1.200000e+01
     vertex -1.162625e+01 -8.580448e+00  0.000000e+00
     vertex -1.162625e+01 -8.580448e+00  1.200000e+01
   endloop
 endfacet
 facet normal  3.298166e-01  9.440450e-01  0.000000e+00
   outer loop
     vertex -1.153862e+01 -8.612417e+00  1.200000e+01
     vertex -1.153862e+01 -8.612417e+00  0.000000e+00
     vertex -1.158265e+01 -8.597034e+00  0.000000e+00
   endloop
 endfacet
 facet normal  3.037934e-01  9.527379e-01  0.000000e+00
   outer loop
     vertex -1.153862e+01 -8.612417e+00  1.200000e+01
     vertex -1.149418e+01 -8.626587e+00  0.000000e+00
     vertex -1.153862e+01 -8.612417e+00  0.000000e+00
   endloop
 endfacet
 facet normal  3.298166e-01  9.440450e-01  0.000000e+00
   outer loop
     vertex -1.153862e+01 -8.612417e+00  1.200000e+01
     vertex -1.158265e+01 -8.597034e+00  0.000000e+00
     vertex -1.158265e+01 -8.597034e+00  1.200000e+01
   endloop
 endfacet
 facet normal  2.775416e-01  9.607136e-01  0.000000e+00
   outer loop
     vertex -1.149418e+01 -8.626587e+00  1.200000e+01
     vertex -1.144937e+01 -8.639532e+00  0.000000e+00
     vertex -1.149418e+01 -8.626587e+00  0.000000e+00
   endloop
 endfacet
 facet normal  3.037934e-01  9.527379e-01  0.000000e+00
   outer loop
     vertex -1.149418e+01 -8.626587e+00  1.200000e+01
     vertex -1.149418e+01 -8.626587e+00  0.000000e+00
     vertex -1.153862e+01 -8.612417e+00  1.200000e+01
   endloop
 endfacet
 facet normal  2.775416e-01  9.607136e-01  0.000000e+00
   outer loop
     vertex -1.144937e+01 -8.639532e+00  1.200000e+01
     vertex -1.144937e+01 -8.639532e+00  0.000000e+00
     vertex -1.149418e+01 -8.626587e+00  1.200000e+01
   endloop
 endfacet
 facet normal  2.510809e-01  9.679661e-01  0.000000e+00
   outer loop
     vertex -1.140422e+01 -8.651243e+00  1.200000e+01
     vertex -1.144937e+01 -8.639532e+00  0.000000e+00
     vertex -1.144937e+01 -8.639532e+00  1.200000e+01
   endloop
 endfacet
 facet normal  2.510809e-01  9.679661e-01  0.000000e+00
   outer loop
     vertex -1.140422e+01 -8.651243e+00  1.200000e+01
     vertex -1.140422e+01 -8.651243e+00  0.000000e+00
     vertex -1.144937e+01 -8.639532e+00  0.000000e+00
   endloop
 endfacet
 facet normal  2.244312e-01  9.744899e-01  0.000000e+00
   outer loop
     vertex -1.140422e+01 -8.651243e+00  1.200000e+01
     vertex -1.135877e+01 -8.661711e+00  0.000000e+00
     vertex -1.140422e+01 -8.651243e+00  0.000000e+00
   endloop
 endfacet
 facet normal  2.244312e-01  9.744899e-01  0.000000e+00
   outer loop
     vertex -1.135877e+01 -8.661711e+00  1.200000e+01
     vertex -1.135877e+01 -8.661711e+00  0.000000e+00
     vertex -1.140422e+01 -8.651243e+00  1.200000e+01
   endloop
 endfacet
 facet normal  1.976125e-01  9.802802e-01  0.000000e+00
   outer loop
     vertex -1.131305e+01 -8.670928e+00  1.200000e+01
     vertex -1.135877e+01 -8.661711e+00  0.000000e+00
     vertex -1.135877e+01 -8.661711e+00  1.200000e+01
   endloop
 endfacet
 facet normal  1.976125e-01  9.802802e-01  0.000000e+00
   outer loop
     vertex -1.131305e+01 -8.670928e+00  1.200000e+01
     vertex -1.131305e+01 -8.670928e+00  0.000000e+00
     vertex -1.135877e+01 -8.661711e+00  0.000000e+00
   endloop
 endfacet
 facet normal  1.706451e-01  9.853326e-01  0.000000e+00
   outer loop
     vertex -1.131305e+01 -8.670928e+00  1.200000e+01
     vertex -1.126709e+01 -8.678887e+00  0.000000e+00
     vertex -1.131305e+01 -8.670928e+00  0.000000e+00
   endloop
 endfacet
 facet normal  1.706451e-01  9.853326e-01  0.000000e+00
   outer loop
     vertex -1.126709e+01 -8.678887e+00  1.200000e+01
     vertex -1.126709e+01 -8.678887e+00  0.000000e+00
     vertex -1.131305e+01 -8.670928e+00  1.200000e+01
   endloop
 endfacet
 facet normal  1.435492e-01  9.896432e-01  0.000000e+00
   outer loop
     vertex -1.126709e+01 -8.678887e+00  1.200000e+01
     vertex -1.122093e+01 -8.685583e+00  0.000000e+00
     vertex -1.126709e+01 -8.678887e+00  0.000000e+00
   endloop
 endfacet
 facet normal  1.435492e-01  9.896432e-01  0.000000e+00
   outer loop
     vertex -1.122093e+01 -8.685583e+00  1.200000e+01
     vertex -1.122093e+01 -8.685583e+00  0.000000e+00
     vertex -1.126709e+01 -8.678887e+00  1.200000e+01
   endloop
 endfacet
 facet normal  1.163452e-01  9.932088e-01  0.000000e+00
   outer loop
     vertex -1.122093e+01 -8.685583e+00  1.200000e+01
     vertex -1.117461e+01 -8.691009e+00  0.000000e+00
     vertex -1.122093e+01 -8.685583e+00  0.000000e+00
   endloop
 endfacet
 facet normal  1.163452e-01  9.932088e-01  0.000000e+00
   outer loop
     vertex -1.117461e+01 -8.691009e+00  1.200000e+01
     vertex -1.117461e+01 -8.691009e+00  0.000000e+00
     vertex -1.122093e+01 -8.685583e+00  1.200000e+01
   endloop
 endfacet
 facet normal  8.905371e-02  9.960268e-01  0.000000e+00
   outer loop
     vertex -1.112815e+01 -8.695163e+00  1.200000e+01
     vertex -1.117461e+01 -8.691009e+00  0.000000e+00
     vertex -1.117461e+01 -8.691009e+00  1.200000e+01
   endloop
 endfacet
 facet normal  8.905371e-02  9.960268e-01  0.000000e+00
   outer loop
     vertex -1.112815e+01 -8.695163e+00  1.200000e+01
     vertex -1.112815e+01 -8.695163e+00  0.000000e+00
     vertex -1.117461e+01 -8.691009e+00  0.000000e+00
   endloop
 endfacet
 facet normal  6.169515e-02  9.980950e-01  0.000000e+00
   outer loop
     vertex -1.112815e+01 -8.695163e+00  1.200000e+01
     vertex -1.108160e+01 -8.698041e+00  0.000000e+00
     vertex -1.112815e+01 -8.695163e+00  0.000000e+00
   endloop
 endfacet
 facet normal  6.169515e-02  9.980950e-01  0.000000e+00
   outer loop
     vertex -1.108160e+01 -8.698041e+00  1.200000e+01
     vertex -1.108160e+01 -8.698041e+00  0.000000e+00
     vertex -1.112815e+01 -8.695163e+00  1.200000e+01
   endloop
 endfacet
 facet normal  3.429014e-02  9.994119e-01  0.000000e+00
   outer loop
     vertex -1.103498e+01 -8.699640e+00  1.200000e+01
     vertex -1.108160e+01 -8.698041e+00  0.000000e+00
     vertex -1.108160e+01 -8.698041e+00  1.200000e+01
   endloop
 endfacet
 facet normal  3.429014e-02  9.994119e-01  0.000000e+00
   outer loop
     vertex -1.103498e+01 -8.699640e+00  1.200000e+01
     vertex -1.103498e+01 -8.699640e+00  0.000000e+00
     vertex -1.108160e+01 -8.698041e+00  0.000000e+00
   endloop
 endfacet
 facet normal  6.859319e-03  9.999765e-01  0.000000e+00
   outer loop
     vertex -1.103498e+01 -8.699640e+00  1.200000e+01
     vertex -1.098834e+01 -8.699960e+00  0.000000e+00
     vertex -1.103498e+01 -8.699640e+00  0.000000e+00
   endloop
 endfacet
 facet normal  6.859319e-03  9.999765e-01  0.000000e+00
   outer loop
     vertex -1.098834e+01 -8.699960e+00  1.200000e+01
     vertex -1.098834e+01 -8.699960e+00  0.000000e+00
     vertex -1.103498e+01 -8.699640e+00  1.200000e+01
   endloop
 endfacet
 facet normal -4.799716e-02  9.988475e-01  0.000000e+00
   outer loop
     vertex -1.094171e+01 -8.699000e+00  1.200000e+01
     vertex -1.089512e+01 -8.696762e+00  0.000000e+00
     vertex -1.094171e+01 -8.699000e+00  0.000000e+00
   endloop
 endfacet
 facet normal -2.057667e-02  9.997883e-01  0.000000e+00
   outer loop
     vertex -1.094171e+01 -8.699000e+00  1.200000e+01
     vertex -1.098834e+01 -8.699960e+00  0.000000e+00
     vertex -1.098834e+01 -8.699960e+00  1.200000e+01
   endloop
 endfacet
 facet normal -2.057667e-02  9.997883e-01  0.000000e+00
   outer loop
     vertex -1.094171e+01 -8.699000e+00  1.200000e+01
     vertex -1.094171e+01 -8.699000e+00  0.000000e+00
     vertex -1.098834e+01 -8.699960e+00  0.000000e+00
   endloop
 endfacet
 facet normal -4.799716e-02  9.988475e-01  0.000000e+00
   outer loop
     vertex -1.089512e+01 -8.696762e+00  1.200000e+01
     vertex -1.089512e+01 -8.696762e+00  0.000000e+00
     vertex -1.094171e+01 -8.699000e+00  1.200000e+01
   endloop
 endfacet
 facet normal -7.538152e-02  9.971548e-01  0.000000e+00
   outer loop
     vertex -1.084861e+01 -8.693246e+00  1.200000e+01
     vertex -1.084861e+01 -8.693246e+00  0.000000e+00
     vertex -1.089512e+01 -8.696762e+00  0.000000e+00
   endloop
 endfacet
 facet normal -7.538152e-02  9.971548e-01  0.000000e+00
   outer loop
     vertex -1.084861e+01 -8.693246e+00  1.200000e+01
     vertex -1.089512e+01 -8.696762e+00  0.000000e+00
     vertex -1.089512e+01 -8.696762e+00  1.200000e+01
   endloop
 endfacet
 facet normal -1.027091e-01  9.947114e-01  0.000000e+00
   outer loop
     vertex -1.080221e+01 -8.688455e+00  1.200000e+01
     vertex -1.080221e+01 -8.688455e+00  0.000000e+00
     vertex -1.084861e+01 -8.693246e+00  0.000000e+00
   endloop
 endfacet
 facet normal -1.027091e-01  9.947114e-01  0.000000e+00
   outer loop
     vertex -1.080221e+01 -8.688455e+00  1.200000e+01
     vertex -1.084861e+01 -8.693246e+00  0.000000e+00
     vertex -1.084861e+01 -8.693246e+00  1.200000e+01
   endloop
 endfacet
 facet normal -1.299594e-01  9.915193e-01  0.000000e+00
   outer loop
     vertex -1.075597e+01 -8.682393e+00  1.200000e+01
     vertex -1.075597e+01 -8.682393e+00  0.000000e+00
     vertex -1.080221e+01 -8.688455e+00  0.000000e+00
   endloop
 endfacet
 facet normal -1.299594e-01  9.915193e-01  0.000000e+00
   outer loop
     vertex -1.075597e+01 -8.682393e+00  1.200000e+01
     vertex -1.080221e+01 -8.688455e+00  0.000000e+00
     vertex -1.080221e+01 -8.688455e+00  1.200000e+01
   endloop
 endfacet
 facet normal -1.571119e-01  9.875808e-01  0.000000e+00
   outer loop
     vertex -1.070990e+01 -8.675065e+00  1.200000e+01
     vertex -1.070990e+01 -8.675065e+00  0.000000e+00
     vertex -1.075597e+01 -8.682393e+00  0.000000e+00
   endloop
 endfacet
 facet normal -1.841461e-01  9.828989e-01  0.000000e+00
   outer loop
     vertex -1.070990e+01 -8.675065e+00  1.200000e+01
     vertex -1.066406e+01 -8.666476e+00  0.000000e+00
     vertex -1.070990e+01 -8.675065e+00  0.000000e+00
   endloop
 endfacet
 facet normal -1.571119e-01  9.875808e-01  0.000000e+00
   outer loop
     vertex -1.070990e+01 -8.675065e+00  1.200000e+01
     vertex -1.075597e+01 -8.682393e+00  0.000000e+00
     vertex -1.075597e+01 -8.682393e+00  1.200000e+01
   endloop
 endfacet
 facet normal -2.110417e-01  9.774771e-01  0.000000e+00
   outer loop
     vertex -1.066406e+01 -8.666476e+00  1.200000e+01
     vertex -1.061847e+01 -8.656633e+00  0.000000e+00
     vertex -1.066406e+01 -8.666476e+00  0.000000e+00
   endloop
 endfacet
 facet normal -1.841461e-01  9.828989e-01  0.000000e+00
   outer loop
     vertex -1.066406e+01 -8.666476e+00  1.200000e+01
     vertex -1.066406e+01 -8.666476e+00  0.000000e+00
     vertex -1.070990e+01 -8.675065e+00  1.200000e+01
   endloop
 endfacet
 facet normal -2.377784e-01  9.713194e-01  0.000000e+00
   outer loop
     vertex -1.061847e+01 -8.656633e+00  1.200000e+01
     vertex -1.057316e+01 -8.645542e+00  0.000000e+00
     vertex -1.061847e+01 -8.656633e+00  0.000000e+00
   endloop
 endfacet
 facet normal -2.110417e-01  9.774771e-01  0.000000e+00
   outer loop
     vertex -1.061847e+01 -8.656633e+00  1.200000e+01
     vertex -1.061847e+01 -8.656633e+00  0.000000e+00
     vertex -1.066406e+01 -8.666476e+00  1.200000e+01
   endloop
 endfacet
 facet normal -2.643362e-01  9.644306e-01  0.000000e+00
   outer loop
     vertex -1.057316e+01 -8.645542e+00  1.200000e+01
     vertex -1.052818e+01 -8.633213e+00  0.000000e+00
     vertex -1.057316e+01 -8.645542e+00  0.000000e+00
   endloop
 endfacet
 facet normal -2.377784e-01  9.713194e-01  0.000000e+00
   outer loop
     vertex -1.057316e+01 -8.645542e+00  1.200000e+01
     vertex -1.057316e+01 -8.645542e+00  0.000000e+00
     vertex -1.061847e+01 -8.656633e+00  1.200000e+01
   endloop
 endfacet
 facet normal -2.643362e-01  9.644306e-01  0.000000e+00
   outer loop
     vertex -1.052818e+01 -8.633213e+00  1.200000e+01
     vertex -1.052818e+01 -8.633213e+00  0.000000e+00
     vertex -1.057316e+01 -8.645542e+00  1.200000e+01
   endloop
 endfacet
 facet normal -2.906949e-01  9.568158e-01  0.000000e+00
   outer loop
     vertex -1.048355e+01 -8.619654e+00  1.200000e+01
     vertex -1.048355e+01 -8.619654e+00  0.000000e+00
     vertex -1.052818e+01 -8.633213e+00  0.000000e+00
   endloop
 endfacet
 facet normal -2.906949e-01  9.568158e-01  0.000000e+00
   outer loop
     vertex -1.048355e+01 -8.619654e+00  1.200000e+01
     vertex -1.052818e+01 -8.633213e+00  0.000000e+00
     vertex -1.052818e+01 -8.633213e+00  1.200000e+01
   endloop
 endfacet
 facet normal -3.168348e-01  9.484807e-01  0.000000e+00
   outer loop
     vertex -1.043931e+01 -8.604877e+00  1.200000e+01
     vertex -1.043931e+01 -8.604877e+00  0.000000e+00
     vertex -1.048355e+01 -8.619654e+00  0.000000e+00
   endloop
 endfacet
 facet normal -3.427362e-01  9.394317e-01  0.000000e+00
   outer loop
     vertex -1.043931e+01 -8.604877e+00  1.200000e+01
     vertex -1.039549e+01 -8.588891e+00  0.000000e+00
     vertex -1.043931e+01 -8.604877e+00  0.000000e+00
   endloop
 endfacet
 facet normal -3.168348e-01  9.484807e-01  0.000000e+00
   outer loop
     vertex -1.043931e+01 -8.604877e+00  1.200000e+01
     vertex -1.048355e+01 -8.619654e+00  0.000000e+00
     vertex -1.048355e+01 -8.619654e+00  1.200000e+01
   endloop
 endfacet
 facet normal -3.427362e-01  9.394317e-01  0.000000e+00
   outer loop
     vertex -1.039549e+01 -8.588891e+00  1.200000e+01
     vertex -1.039549e+01 -8.588891e+00  0.000000e+00
     vertex -1.043931e+01 -8.604877e+00  1.200000e+01
   endloop
 endfacet
 facet normal -3.683796e-01  9.296754e-01  0.000000e+00
   outer loop
     vertex -1.035213e+01 -8.571709e+00  1.200000e+01
     vertex -1.035213e+01 -8.571709e+00  0.000000e+00
     vertex -1.039549e+01 -8.588891e+00  0.000000e+00
   endloop
 endfacet
 facet normal -3.683796e-01  9.296754e-01  0.000000e+00
   outer loop
     vertex -1.035213e+01 -8.571709e+00  1.200000e+01
     vertex -1.039549e+01 -8.588891e+00  0.000000e+00
     vertex -1.039549e+01 -8.588891e+00  1.200000e+01
   endloop
 endfacet
 facet normal -3.937458e-01  9.192194e-01  0.000000e+00
   outer loop
     vertex -1.030926e+01 -8.553343e+00  1.200000e+01
     vertex -1.035213e+01 -8.571709e+00  0.000000e+00
     vertex -1.035213e+01 -8.571709e+00  1.200000e+01
   endloop
 endfacet
 facet normal -3.937458e-01  9.192194e-01  0.000000e+00
   outer loop
     vertex -1.030926e+01 -8.553343e+00  1.200000e+01
     vertex -1.030926e+01 -8.553343e+00  0.000000e+00
     vertex -1.035213e+01 -8.571709e+00  0.000000e+00
   endloop
 endfacet
 facet normal -4.188155e-01  9.080714e-01  0.000000e+00
   outer loop
     vertex -1.030926e+01 -8.553343e+00  1.200000e+01
     vertex -1.026690e+01 -8.533809e+00  0.000000e+00
     vertex -1.030926e+01 -8.553343e+00  0.000000e+00
   endloop
 endfacet
 facet normal -4.188155e-01  9.080714e-01  0.000000e+00
   outer loop
     vertex -1.026690e+01 -8.533809e+00  1.200000e+01
     vertex -1.026690e+01 -8.533809e+00  0.000000e+00
     vertex -1.030926e+01 -8.553343e+00  1.200000e+01
   endloop
 endfacet
 facet normal -4.435699e-01  8.962398e-01  0.000000e+00
   outer loop
     vertex -1.022510e+01 -8.513120e+00  1.200000e+01
     vertex -1.022510e+01 -8.513120e+00  0.000000e+00
     vertex -1.026690e+01 -8.533809e+00  0.000000e+00
   endloop
 endfacet
 facet normal -4.679904e-01  8.837335e-01  0.000000e+00
   outer loop
     vertex -1.022510e+01 -8.513120e+00  1.200000e+01
     vertex -1.018388e+01 -8.491292e+00  0.000000e+00
     vertex -1.022510e+01 -8.513120e+00  0.000000e+00
   endloop
 endfacet
 facet normal -4.435699e-01  8.962398e-01  0.000000e+00
   outer loop
     vertex -1.022510e+01 -8.513120e+00  1.200000e+01
     vertex -1.026690e+01 -8.533809e+00  0.000000e+00
     vertex -1.026690e+01 -8.533809e+00  1.200000e+01
   endloop
 endfacet
 facet normal -4.679904e-01  8.837335e-01  0.000000e+00
   outer loop
     vertex -1.018388e+01 -8.491292e+00  1.200000e+01
     vertex -1.018388e+01 -8.491292e+00  0.000000e+00
     vertex -1.022510e+01 -8.513120e+00  1.200000e+01
   endloop
 endfacet
 facet normal -4.920587e-01  8.705620e-01  0.000000e+00
   outer loop
     vertex -1.018388e+01 -8.491292e+00  1.200000e+01
     vertex -1.014328e+01 -8.468341e+00  0.000000e+00
     vertex -1.018388e+01 -8.491292e+00  0.000000e+00
   endloop
 endfacet
 facet normal -4.920587e-01  8.705620e-01  0.000000e+00
   outer loop
     vertex -1.014328e+01 -8.468341e+00  1.200000e+01
     vertex -1.014328e+01 -8.468341e+00  0.000000e+00
     vertex -1.018388e+01 -8.491292e+00  1.200000e+01
   endloop
 endfacet
 facet normal -5.157565e-01  8.567352e-01  0.000000e+00
   outer loop
     vertex -1.014328e+01 -8.468341e+00  1.200000e+01
     vertex -1.010332e+01 -8.444285e+00  0.000000e+00
     vertex -1.014328e+01 -8.468341e+00  0.000000e+00
   endloop
 endfacet
 facet normal -5.157565e-01  8.567352e-01  0.000000e+00
   outer loop
     vertex -1.010332e+01 -8.444285e+00  1.200000e+01
     vertex -1.010332e+01 -8.444285e+00  0.000000e+00
     vertex -1.014328e+01 -8.468341e+00  1.200000e+01
   endloop
 endfacet
 facet normal -5.390661e-01  8.422635e-01  0.000000e+00
   outer loop
     vertex -1.006403e+01 -8.419142e+00  1.200000e+01
     vertex -1.006403e+01 -8.419142e+00  0.000000e+00
     vertex -1.010332e+01 -8.444285e+00  0.000000e+00
   endloop
 endfacet
 facet normal -5.390661e-01  8.422635e-01  0.000000e+00
   outer loop
     vertex -1.006403e+01 -8.419142e+00  1.200000e+01
     vertex -1.010332e+01 -8.444285e+00  0.000000e+00
     vertex -1.010332e+01 -8.444285e+00  1.200000e+01
   endloop
 endfacet
 facet normal -5.619699e-01  8.271577e-01  0.000000e+00
   outer loop
     vertex -1.002545e+01 -8.392930e+00  1.200000e+01
     vertex -1.002545e+01 -8.392930e+00  0.000000e+00
     vertex -1.006403e+01 -8.419142e+00  0.000000e+00
   endloop
 endfacet
 facet normal -5.844507e-01  8.114292e-01  0.000000e+00
   outer loop
     vertex -1.002545e+01 -8.392930e+00  1.200000e+01
     vertex -9.987604e+00 -8.365670e+00  0.000000e+00
     vertex -1.002545e+01 -8.392930e+00  0.000000e+00
   endloop
 endfacet
 facet normal -5.619699e-01  8.271577e-01  0.000000e+00
   outer loop
     vertex -1.002545e+01 -8.392930e+00  1.200000e+01
     vertex -1.006403e+01 -8.419142e+00  0.000000e+00
     vertex -1.006403e+01 -8.419142e+00  1.200000e+01
   endloop
 endfacet
 facet normal -5.844507e-01  8.114292e-01  0.000000e+00
   outer loop
     vertex -9.987604e+00 -8.365670e+00  1.200000e+01
     vertex -9.987604e+00 -8.365670e+00  0.000000e+00
     vertex -1.002545e+01 -8.392930e+00  1.200000e+01
   endloop
 endfacet
 facet normal -6.064915e-01  7.950900e-01  0.000000e+00
   outer loop
     vertex -9.950519e+00 -8.337382e+00  1.200000e+01
     vertex -9.950519e+00 -8.337382e+00  0.000000e+00
     vertex -9.987604e+00 -8.365670e+00  0.000000e+00
   endloop
 endfacet
 facet normal -6.280757e-01  7.781522e-01  0.000000e+00
   outer loop
     vertex -9.950519e+00 -8.337382e+00  1.200000e+01
     vertex -9.914224e+00 -8.308087e+00  0.000000e+00
     vertex -9.950519e+00 -8.337382e+00  0.000000e+00
   endloop
 endfacet
 facet normal -6.064915e-01  7.950900e-01  0.000000e+00
   outer loop
     vertex -9.950519e+00 -8.337382e+00  1.200000e+01
     vertex -9.987604e+00 -8.365670e+00  0.000000e+00
     vertex -9.987604e+00 -8.365670e+00  1.200000e+01
   endloop
 endfacet
 facet normal -6.280757e-01  7.781522e-01  0.000000e+00
   outer loop
     vertex -9.914224e+00 -8.308087e+00  1.200000e+01
     vertex -9.914224e+00 -8.308087e+00  0.000000e+00
     vertex -9.950519e+00 -8.337382e+00  1.200000e+01
   endloop
 endfacet
 facet normal -6.491872e-01  7.606287e-01  0.000000e+00
   outer loop
     vertex -9.914224e+00 -8.308087e+00  1.200000e+01
     vertex -9.878747e+00 -8.277807e+00  0.000000e+00
     vertex -9.914224e+00 -8.308087e+00  0.000000e+00
   endloop
 endfacet
 facet normal -6.491872e-01  7.606287e-01  0.000000e+00
   outer loop
     vertex -9.878747e+00 -8.277807e+00  1.200000e+01
     vertex -9.878747e+00 -8.277807e+00  0.000000e+00
     vertex -9.914224e+00 -8.308087e+00  1.200000e+01
   endloop
 endfacet
 facet normal -6.698100e-01  7.425325e-01  0.000000e+00
   outer loop
     vertex -9.844113e+00 -8.246566e+00  1.200000e+01
     vertex -9.844113e+00 -8.246566e+00  0.000000e+00
     vertex -9.878747e+00 -8.277807e+00  0.000000e+00
   endloop
 endfacet
 facet normal -6.698100e-01  7.425325e-01  0.000000e+00
   outer loop
     vertex -9.844113e+00 -8.246566e+00  1.200000e+01
     vertex -9.878747e+00 -8.277807e+00  0.000000e+00
     vertex -9.878747e+00 -8.277807e+00  1.200000e+01
   endloop
 endfacet
 facet normal -6.899286e-01  7.238775e-01  0.000000e+00
   outer loop
     vertex -9.810350e+00 -8.214386e+00  1.200000e+01
     vertex -9.810350e+00 -8.214386e+00  0.000000e+00
     vertex -9.844113e+00 -8.246566e+00  0.000000e+00
   endloop
 endfacet
 facet normal -6.899286e-01  7.238775e-01  0.000000e+00
   outer loop
     vertex -9.810350e+00 -8.214386e+00  1.200000e+01
     vertex -9.844113e+00 -8.246566e+00  0.000000e+00
     vertex -9.844113e+00 -8.246566e+00  1.200000e+01
   endloop
 endfacet
 facet normal -7.095278e-01  7.046775e-01  0.000000e+00
   outer loop
     vertex -9.777482e+00 -8.181292e+00  1.200000e+01
     vertex -9.777482e+00 -8.181292e+00  0.000000e+00
     vertex -9.810350e+00 -8.214386e+00  0.000000e+00
   endloop
 endfacet
 facet normal -7.095278e-01  7.046775e-01  0.000000e+00
   outer loop
     vertex -9.777482e+00 -8.181292e+00  1.200000e+01
     vertex -9.810350e+00 -8.214386e+00  0.000000e+00
     vertex -9.810350e+00 -8.214386e+00  1.200000e+01
   endloop
 endfacet
 facet normal -7.285929e-01  6.849470e-01  0.000000e+00
   outer loop
     vertex -9.745535e+00 -8.147309e+00  1.200000e+01
     vertex -9.745535e+00 -8.147309e+00  0.000000e+00
     vertex -9.777482e+00 -8.181292e+00  0.000000e+00
   endloop
 endfacet
 facet normal -7.285929e-01  6.849470e-01  0.000000e+00
   outer loop
     vertex -9.745535e+00 -8.147309e+00  1.200000e+01
     vertex -9.777482e+00 -8.181292e+00  0.000000e+00
     vertex -9.777482e+00 -8.181292e+00  1.200000e+01
   endloop
 endfacet
 facet normal -7.471095e-01  6.647010e-01  0.000000e+00
   outer loop
     vertex -9.714532e+00 -8.112462e+00  1.200000e+01
     vertex -9.714532e+00 -8.112462e+00  0.000000e+00
     vertex -9.745535e+00 -8.147309e+00  0.000000e+00
   endloop
 endfacet
 facet normal -7.471095e-01  6.647010e-01  0.000000e+00
   outer loop
     vertex -9.714532e+00 -8.112462e+00  1.200000e+01
     vertex -9.745535e+00 -8.147309e+00  0.000000e+00
     vertex -9.745535e+00 -8.147309e+00  1.200000e+01
   endloop
 endfacet
 facet normal -7.650637e-01  6.439545e-01  0.000000e+00
   outer loop
     vertex -9.684496e+00 -8.076778e+00  1.200000e+01
     vertex -9.684496e+00 -8.076778e+00  0.000000e+00
     vertex -9.714532e+00 -8.112462e+00  0.000000e+00
   endloop
 endfacet
 facet normal -7.650637e-01  6.439545e-01  0.000000e+00
   outer loop
     vertex -9.684496e+00 -8.076778e+00  1.200000e+01
     vertex -9.714532e+00 -8.112462e+00  0.000000e+00
     vertex -9.714532e+00 -8.112462e+00  1.200000e+01
   endloop
 endfacet
 facet normal -7.824421e-01  6.227234e-01  0.000000e+00
   outer loop
     vertex -9.655451e+00 -8.040283e+00  1.200000e+01
     vertex -9.655451e+00 -8.040283e+00  0.000000e+00
     vertex -9.684496e+00 -8.076778e+00  0.000000e+00
   endloop
 endfacet
 facet normal -7.824421e-01  6.227234e-01  0.000000e+00
   outer loop
     vertex -9.655451e+00 -8.040283e+00  1.200000e+01
     vertex -9.684496e+00 -8.076778e+00  0.000000e+00
     vertex -9.684496e+00 -8.076778e+00  1.200000e+01
   endloop
 endfacet
 facet normal -7.992314e-01  6.010234e-01  0.000000e+00
   outer loop
     vertex -9.627418e+00 -8.003005e+00  1.200000e+01
     vertex -9.627418e+00 -8.003005e+00  0.000000e+00
     vertex -9.655451e+00 -8.040283e+00  0.000000e+00
   endloop
 endfacet
 facet normal -7.992314e-01  6.010234e-01  0.000000e+00
   outer loop
     vertex -9.627418e+00 -8.003005e+00  1.200000e+01
     vertex -9.655451e+00 -8.040283e+00  0.000000e+00
     vertex -9.655451e+00 -8.040283e+00  1.200000e+01
   endloop
 endfacet
 facet normal -8.154191e-01  5.788711e-01  0.000000e+00
   outer loop
     vertex -9.600418e+00 -7.964972e+00  1.200000e+01
     vertex -9.600418e+00 -7.964972e+00  0.000000e+00
     vertex -9.627418e+00 -8.003005e+00  0.000000e+00
   endloop
 endfacet
 facet normal -8.309929e-01  5.562829e-01  0.000000e+00
   outer loop
     vertex -9.600418e+00 -7.964972e+00  1.200000e+01
     vertex -9.574472e+00 -7.926212e+00  0.000000e+00
     vertex -9.600418e+00 -7.964972e+00  0.000000e+00
   endloop
 endfacet
 facet normal -8.154191e-01  5.788711e-01  0.000000e+00
   outer loop
     vertex -9.600418e+00 -7.964972e+00  1.200000e+01
     vertex -9.627418e+00 -8.003005e+00  0.000000e+00
     vertex -9.627418e+00 -8.003005e+00  1.200000e+01
   endloop
 endfacet
 facet normal -8.309929e-01  5.562829e-01  0.000000e+00
   outer loop
     vertex -9.574472e+00 -7.926212e+00  1.200000e+01
     vertex -9.574472e+00 -7.926212e+00  0.000000e+00
     vertex -9.600418e+00 -7.964972e+00  1.200000e+01
   endloop
 endfacet
 facet normal -8.459413e-01  5.332761e-01  0.000000e+00
   outer loop
     vertex -9.549599e+00 -7.886756e+00  1.200000e+01
     vertex -9.549599e+00 -7.886756e+00  0.000000e+00
     vertex -9.574472e+00 -7.926212e+00  0.000000e+00
   endloop
 endfacet
 facet normal -8.602528e-01  5.098678e-01  0.000000e+00
   outer loop
     vertex -9.549599e+00 -7.886756e+00  1.200000e+01
     vertex -9.525817e+00 -7.846632e+00  0.000000e+00
     vertex -9.549599e+00 -7.886756e+00  0.000000e+00
   endloop
 endfacet
 facet normal -8.459413e-01  5.332761e-01  0.000000e+00
   outer loop
     vertex -9.549599e+00 -7.886756e+00  1.200000e+01
     vertex -9.574472e+00 -7.926212e+00  0.000000e+00
     vertex -9.574472e+00 -7.926212e+00  1.200000e+01
   endloop
 endfacet
 facet normal -8.602528e-01  5.098678e-01  0.000000e+00
   outer loop
     vertex -9.525817e+00 -7.846632e+00  1.200000e+01
     vertex -9.525817e+00 -7.846632e+00  0.000000e+00
     vertex -9.549599e+00 -7.886756e+00  1.200000e+01
   endloop
 endfacet
 facet normal -8.739167e-01  4.860756e-01  0.000000e+00
   outer loop
     vertex -9.503146e+00 -7.805870e+00  1.200000e+01
     vertex -9.503146e+00 -7.805870e+00  0.000000e+00
     vertex -9.525817e+00 -7.846632e+00  0.000000e+00
   endloop
 endfacet
 facet normal -8.739167e-01  4.860756e-01  0.000000e+00
   outer loop
     vertex -9.503146e+00 -7.805870e+00  1.200000e+01
     vertex -9.525817e+00 -7.846632e+00  0.000000e+00
     vertex -9.525817e+00 -7.846632e+00  1.200000e+01
   endloop
 endfacet
 facet normal -8.869228e-01  4.619176e-01  0.000000e+00
   outer loop
     vertex -9.481601e+00 -7.764502e+00  1.200000e+01
     vertex -9.503146e+00 -7.805870e+00  0.000000e+00
     vertex -9.503146e+00 -7.805870e+00  1.200000e+01
   endloop
 endfacet
 facet normal -8.869228e-01  4.619176e-01  0.000000e+00
   outer loop
     vertex -9.481601e+00 -7.764502e+00  1.200000e+01
     vertex -9.481601e+00 -7.764502e+00  0.000000e+00
     vertex -9.503146e+00 -7.805870e+00  0.000000e+00
   endloop
 endfacet
 facet normal -8.992613e-01  4.374119e-01  0.000000e+00
   outer loop
     vertex -9.481601e+00 -7.764502e+00  1.200000e+01
     vertex -9.461199e+00 -7.722558e+00  0.000000e+00
     vertex -9.481601e+00 -7.764502e+00  0.000000e+00
   endloop
 endfacet
 facet normal -8.992613e-01  4.374119e-01  0.000000e+00
   outer loop
     vertex -9.461199e+00 -7.722558e+00  1.200000e+01
     vertex -9.461199e+00 -7.722558e+00  0.000000e+00
     vertex -9.481601e+00 -7.764502e+00  1.200000e+01
   endloop
 endfacet
 facet normal -9.109228e-01  4.125769e-01  0.000000e+00
   outer loop
     vertex -9.441955e+00 -7.680071e+00  1.200000e+01
     vertex -9.461199e+00 -7.722558e+00  0.000000e+00
     vertex -9.461199e+00 -7.722558e+00  1.200000e+01
   endloop
 endfacet
 facet normal -9.109228e-01  4.125769e-01  0.000000e+00
   outer loop
     vertex -9.441955e+00 -7.680071e+00  1.200000e+01
     vertex -9.441955e+00 -7.680071e+00  0.000000e+00
     vertex -9.461199e+00 -7.722558e+00  0.000000e+00
   endloop
 endfacet
 facet normal -9.218986e-01  3.874313e-01  0.000000e+00
   outer loop
     vertex -9.423885e+00 -7.637071e+00  1.200000e+01
     vertex -9.441955e+00 -7.680071e+00  0.000000e+00
     vertex -9.441955e+00 -7.680071e+00  1.200000e+01
   endloop
 endfacet
 facet normal -9.218986e-01  3.874313e-01  0.000000e+00
   outer loop
     vertex -9.423885e+00 -7.637071e+00  1.200000e+01
     vertex -9.423885e+00 -7.637071e+00  0.000000e+00
     vertex -9.441955e+00 -7.680071e+00  0.000000e+00
   endloop
 endfacet
 facet normal -9.321804e-01  3.619940e-01  0.000000e+00
   outer loop
     vertex -9.407000e+00 -7.593592e+00  1.200000e+01
     vertex -9.423885e+00 -7.637071e+00  0.000000e+00
     vertex -9.423885e+00 -7.637071e+00  1.200000e+01
   endloop
 endfacet
 facet normal -9.321804e-01  3.619940e-01  0.000000e+00
   outer loop
     vertex -9.407000e+00 -7.593592e+00  1.200000e+01
     vertex -9.407000e+00 -7.593592e+00  0.000000e+00
     vertex -9.423885e+00 -7.637071e+00  0.000000e+00
   endloop
 endfacet
 facet normal -9.417605e-01  3.362843e-01  0.000000e+00
   outer loop
     vertex -9.391315e+00 -7.549667e+00  1.200000e+01
     vertex -9.407000e+00 -7.593592e+00  0.000000e+00
     vertex -9.407000e+00 -7.593592e+00  1.200000e+01
   endloop
 endfacet
 facet normal -9.417605e-01  3.362843e-01  0.000000e+00
   outer loop
     vertex -9.391315e+00 -7.549667e+00  1.200000e+01
     vertex -9.391315e+00 -7.549667e+00  0.000000e+00
     vertex -9.407000e+00 -7.593592e+00  0.000000e+00
   endloop
 endfacet
 facet normal -9.506317e-01  3.103214e-01  0.000000e+00
   outer loop
     vertex -9.376841e+00 -7.505327e+00  1.200000e+01
     vertex -9.391315e+00 -7.549667e+00  0.000000e+00
     vertex -9.391315e+00 -7.549667e+00  1.200000e+01
   endloop
 endfacet
 facet normal -9.506317e-01  3.103214e-01  0.000000e+00
   outer loop
     vertex -9.376841e+00 -7.505327e+00  1.200000e+01
     vertex -9.376841e+00 -7.505327e+00  0.000000e+00
     vertex -9.391315e+00 -7.549667e+00  0.000000e+00
   endloop
 endfacet
 facet normal -9.587873e-01  2.841250e-01  0.000000e+00
   outer loop
     vertex -9.376841e+00 -7.505327e+00  1.200000e+01
     vertex -9.363589e+00 -7.460607e+00  0.000000e+00
     vertex -9.376841e+00 -7.505327e+00  0.000000e+00
   endloop
 endfacet
 facet normal -9.587873e-01  2.841250e-01  0.000000e+00
   outer loop
     vertex -9.363589e+00 -7.460607e+00  1.200000e+01
     vertex -9.363589e+00 -7.460607e+00  0.000000e+00
     vertex -9.376841e+00 -7.505327e+00  1.200000e+01
   endloop
 endfacet
 facet normal -9.662211e-01  2.577146e-01  0.000000e+00
   outer loop
     vertex -9.351569e+00 -7.415540e+00  1.200000e+01
     vertex -9.363589e+00 -7.460607e+00  0.000000e+00
     vertex -9.363589e+00 -7.460607e+00  1.200000e+01
   endloop
 endfacet
 facet normal -9.662211e-01  2.577146e-01  0.000000e+00
   outer loop
     vertex -9.351569e+00 -7.415540e+00  1.200000e+01
     vertex -9.351569e+00 -7.415540e+00  0.000000e+00
     vertex -9.363589e+00 -7.460607e+00  0.000000e+00
   endloop
 endfacet
 facet normal -9.729276e-01  2.311102e-01  0.000000e+00
   outer loop
     vertex -9.340789e+00 -7.370161e+00  1.200000e+01
     vertex -9.351569e+00 -7.415540e+00  0.000000e+00
     vertex -9.351569e+00 -7.415540e+00  1.200000e+01
   endloop
 endfacet
 facet normal -9.729276e-01  2.311102e-01  0.000000e+00
   outer loop
     vertex -9.340789e+00 -7.370161e+00  1.200000e+01
     vertex -9.340789e+00 -7.370161e+00  0.000000e+00
     vertex -9.351569e+00 -7.415540e+00  0.000000e+00
   endloop
 endfacet
 facet normal -9.789017e-01  2.043319e-01  0.000000e+00
   outer loop
     vertex -9.331259e+00 -7.324502e+00  1.200000e+01
     vertex -9.340789e+00 -7.370161e+00  0.000000e+00
     vertex -9.340789e+00 -7.370161e+00  1.200000e+01
   endloop
 endfacet
 facet normal -9.789017e-01  2.043319e-01  0.000000e+00
   outer loop
     vertex -9.331259e+00 -7.324502e+00  1.200000e+01
     vertex -9.331259e+00 -7.324502e+00  0.000000e+00
     vertex -9.340789e+00 -7.370161e+00  0.000000e+00
   endloop
 endfacet
 facet normal -9.841389e-01  1.773998e-01  0.000000e+00
   outer loop
     vertex -9.322984e+00 -7.278600e+00  1.200000e+01
     vertex -9.331259e+00 -7.324502e+00  0.000000e+00
     vertex -9.331259e+00 -7.324502e+00  1.200000e+01
   endloop
 endfacet
 facet normal -9.841389e-01  1.773998e-01  0.000000e+00
   outer loop
     vertex -9.322984e+00 -7.278600e+00  1.200000e+01
     vertex -9.322984e+00 -7.278600e+00  0.000000e+00
     vertex -9.331259e+00 -7.324502e+00  0.000000e+00
   endloop
 endfacet
 facet normal -9.886353e-01  1.503341e-01  0.000000e+00
   outer loop
     vertex -9.315972e+00 -7.232488e+00  1.200000e+01
     vertex -9.322984e+00 -7.278600e+00  0.000000e+00
     vertex -9.322984e+00 -7.278600e+00  1.200000e+01
   endloop
 endfacet
 facet normal -9.886353e-01  1.503341e-01  0.000000e+00
   outer loop
     vertex -9.315972e+00 -7.232488e+00  1.200000e+01
     vertex -9.315972e+00 -7.232488e+00  0.000000e+00
     vertex -9.322984e+00 -7.278600e+00  0.000000e+00
   endloop
 endfacet
 facet normal -9.923874e-01  1.231552e-01  0.000000e+00
   outer loop
     vertex -9.315972e+00 -7.232488e+00  1.200000e+01
     vertex -9.310228e+00 -7.186201e+00  0.000000e+00
     vertex -9.315972e+00 -7.232488e+00  0.000000e+00
   endloop
 endfacet
 facet normal -9.923874e-01  1.231552e-01  0.000000e+00
   outer loop
     vertex -9.310228e+00 -7.186201e+00  1.200000e+01
     vertex -9.310228e+00 -7.186201e+00  0.000000e+00
     vertex -9.315972e+00 -7.232488e+00  1.200000e+01
   endloop
 endfacet
 facet normal -9.953925e-01  9.588368e-02  0.000000e+00
   outer loop
     vertex -9.305756e+00 -7.139773e+00  1.200000e+01
     vertex -9.305756e+00 -7.139773e+00  0.000000e+00
     vertex -9.310228e+00 -7.186201e+00  0.000000e+00
   endloop
 endfacet
 facet normal -9.976484e-01  6.853995e-02  0.000000e+00
   outer loop
     vertex -9.305756e+00 -7.139773e+00  1.200000e+01
     vertex -9.302559e+00 -7.093241e+00  0.000000e+00
     vertex -9.305756e+00 -7.139773e+00  0.000000e+00
   endloop
 endfacet
 facet normal -9.953925e-01  9.588368e-02  0.000000e+00
   outer loop
     vertex -9.305756e+00 -7.139773e+00  1.200000e+01
     vertex -9.310228e+00 -7.186201e+00  0.000000e+00
     vertex -9.310228e+00 -7.186201e+00  1.200000e+01
   endloop
 endfacet
 facet normal -9.976484e-01  6.853995e-02  0.000000e+00
   outer loop
     vertex -9.302559e+00 -7.093241e+00  1.200000e+01
     vertex -9.302559e+00 -7.093241e+00  0.000000e+00
     vertex -9.305756e+00 -7.139773e+00  1.200000e+01
   endloop
 endfacet
 facet normal -9.991532e-01  4.114462e-02  0.000000e+00
   outer loop
     vertex -9.300640e+00 -7.046638e+00  1.200000e+01
     vertex -9.300640e+00 -7.046638e+00  0.000000e+00
     vertex -9.302559e+00 -7.093241e+00  0.000000e+00
   endloop
 endfacet
 facet normal -9.991532e-01  4.114462e-02  0.000000e+00
   outer loop
     vertex -9.300640e+00 -7.046638e+00  1.200000e+01
     vertex -9.302559e+00 -7.093241e+00  0.000000e+00
     vertex -9.302559e+00 -7.093241e+00  1.200000e+01
   endloop
 endfacet
 facet normal -9.999059e-01  1.371831e-02  0.000000e+00
   outer loop
     vertex -9.300000e+00 -7.000000e+00  1.200000e+01
     vertex -9.300000e+00 -7.000000e+00  0.000000e+00
     vertex -9.300640e+00 -7.046638e+00  0.000000e+00
   endloop
 endfacet
 facet normal -9.999059e-01  1.371831e-02  0.000000e+00
   outer loop
     vertex -9.300000e+00 -7.000000e+00  1.200000e+01
     vertex -9.300640e+00 -7.046638e+00  0.000000e+00
     vertex -9.300640e+00 -7.046638e+00  1.200000e+01
   endloop
 endfacet
 facet normal -9.999059e-01 -1.371831e-02  0.000000e+00
   outer loop
     vertex  1.269936e+01  1.704664e+01  1.200000e+01
     vertex  1.270000e+01  1.700000e+01  0.000000e+00
     vertex  1.270000e+01  1.700000e+01  1.200000e+01
   endloop
 endfacet
 facet normal -9.999059e-01 -1.371831e-02 -0.000000e+00
   outer loop
     vertex  1.269936e+01  1.704664e+01  1.200000e+01
     vertex  1.269936e+01  1.704664e+01  0.000000e+00
     vertex  1.270000e+01  1.700000e+01  0.000000e+00
   endloop
 endfacet
 facet normal -9.991532e-01 -4.114462e-02 -0.000000e+00
   outer loop
     vertex  1.269744e+01  1.709324e+01  1.200000e+01
     vertex  1.269744e+01  1.709324e+01  0.000000e+00
     vertex  1.269936e+01  1.704664e+01  0.000000e+00
   endloop
 endfacet
 facet normal -9.991532e-01 -4.114462e-02  0.000000e+00
   outer loop
     vertex  1.269744e+01  1.709324e+01  1.200000e+01
     vertex  1.269936e+01  1.704664e+01  0.000000e+00
     vertex  1.269936e+01  1.704664e+01  1.200000e+01
   endloop
 endfacet
 facet normal -9.976484e-01 -6.853995e-02 -0.000000e+00
   outer loop
     vertex  1.269424e+01  1.713977e+01  1.200000e+01
     vertex  1.269424e+01  1.713977e+01  0.000000e+00
     vertex  1.269744e+01  1.709324e+01  0.000000e+00
   endloop
 endfacet
 facet normal -9.976484e-01 -6.853995e-02  0.000000e+00
   outer loop
     vertex  1.269424e+01  1.713977e+01  1.200000e+01
     vertex  1.269744e+01  1.709324e+01  0.000000e+00
     vertex  1.269744e+01  1.709324e+01  1.200000e+01
   endloop
 endfacet
 facet normal -9.953925e-01 -9.588368e-02 -0.000000e+00
   outer loop
     vertex  1.268977e+01  1.718620e+01  1.200000e+01
     vertex  1.268977e+01  1.718620e+01  0.000000e+00
     vertex  1.269424e+01  1.713977e+01  0.000000e+00
   endloop
 endfacet
 facet normal -9.923874e-01 -1.231552e-01 -0.000000e+00
   outer loop
     vertex  1.268977e+01  1.718620e+01  1.200000e+01
     vertex  1.268403e+01  1.723249e+01  0.000000e+00
     vertex  1.268977e+01  1.718620e+01  0.000000e+00
   endloop
 endfacet
 facet normal -9.953925e-01 -9.588368e-02  0.000000e+00
   outer loop
     vertex  1.268977e+01  1.718620e+01  1.200000e+01
     vertex  1.269424e+01  1.713977e+01  0.000000e+00
     vertex  1.269424e+01  1.713977e+01  1.200000e+01
   endloop
 endfacet
 facet normal -9.923874e-01 -1.231552e-01 -0.000000e+00
   outer loop
     vertex  1.268403e+01  1.723249e+01  1.200000e+01
     vertex  1.268403e+01  1.723249e+01  0.000000e+00
     vertex  1.268977e+01  1.718620e+01  1.200000e+01
   endloop
 endfacet
 facet normal -9.886353e-01 -1.503341e-01 -0.000000e+00
   outer loop
     vertex  1.267702e+01  1.727860e+01  1.200000e+01
     vertex  1.267702e+01  1.727860e+01  0.000000e+00
     vertex  1.268403e+01  1.723249e+01  0.000000e+00
   endloop
 endfacet
 facet normal -9.841389e-01 -1.773998e-01 -0.000000e+00
   outer loop
     vertex  1.267702e+01  1.727860e+01  1.200000e+01
     vertex  1.266874e+01  1.732450e+01  0.000000e+00
     vertex  1.267702e+01  1.727860e+01  0.000000e+00
   endloop
 endfacet
 facet normal -9.886353e-01 -1.503341e-01  0.000000e+00
   outer loop
     vertex  1.267702e+01  1.727860e+01  1.200000e+01
     vertex  1.268403e+01  1.723249e+01  0.000000e+00
     vertex  1.268403e+01  1.723249e+01  1.200000e+01
   endloop
 endfacet
 facet normal -9.841389e-01 -1.773998e-01 -0.000000e+00
   outer loop
     vertex  1.266874e+01  1.732450e+01  1.200000e+01
     vertex  1.266874e+01  1.732450e+01  0.000000e+00
     vertex  1.267702e+01  1.727860e+01  1.200000e+01
   endloop
 endfacet
 facet normal -9.789017e-01 -2.043319e-01 -0.000000e+00
   outer loop
     vertex  1.265921e+01  1.737016e+01  1.200000e+01
     vertex  1.265921e+01  1.737016e+01  0.000000e+00
     vertex  1.266874e+01  1.732450e+01  0.000000e+00
   endloop
 endfacet
 facet normal -9.789017e-01 -2.043319e-01  0.000000e+00
   outer loop
     vertex  1.265921e+01  1.737016e+01  1.200000e+01
     vertex  1.266874e+01  1.732450e+01  0.000000e+00
     vertex  1.266874e+01  1.732450e+01  1.200000e+01
   endloop
 endfacet
 facet normal -9.729276e-01 -2.311102e-01 -0.000000e+00
   outer loop
     vertex  1.264843e+01  1.741554e+01  1.200000e+01
     vertex  1.264843e+01  1.741554e+01  0.000000e+00
     vertex  1.265921e+01  1.737016e+01  0.000000e+00
   endloop
 endfacet
 facet normal -9.729276e-01 -2.311102e-01  0.000000e+00
   outer loop
     vertex  1.264843e+01  1.741554e+01  1.200000e+01
     vertex  1.265921e+01  1.737016e+01  0.000000e+00
     vertex  1.265921e+01  1.737016e+01  1.200000e+01
   endloop
 endfacet
 facet normal -9.662211e-01 -2.577146e-01  0.000000e+00
   outer loop
     vertex  1.263641e+01  1.746061e+01  1.200000e+01
     vertex  1.264843e+01  1.741554e+01  0.000000e+00
     vertex  1.264843e+01  1.741554e+01  1.200000e+01
   endloop
 endfacet
 facet normal -9.662211e-01 -2.577146e-01 -0.000000e+00
   outer loop
     vertex  1.263641e+01  1.746061e+01  1.200000e+01
     vertex  1.263641e+01  1.746061e+01  0.000000e+00
     vertex  1.264843e+01  1.741554e+01  0.000000e+00
   endloop
 endfacet
 facet normal -9.587873e-01 -2.841250e-01 -0.000000e+00
   outer loop
     vertex  1.263641e+01  1.746061e+01  1.200000e+01
     vertex  1.262316e+01  1.750533e+01  0.000000e+00
     vertex  1.263641e+01  1.746061e+01  0.000000e+00
   endloop
 endfacet
 facet normal -9.587873e-01 -2.841250e-01 -0.000000e+00
   outer loop
     vertex  1.262316e+01  1.750533e+01  1.200000e+01
     vertex  1.262316e+01  1.750533e+01  0.000000e+00
     vertex  1.263641e+01  1.746061e+01  1.200000e+01
   endloop
 endfacet
 facet normal -9.506317e-01 -3.103214e-01 -0.000000e+00
   outer loop
     vertex  1.262316e+01  1.750533e+01  1.200000e+01
     vertex  1.260868e+01  1.754967e+01  0.000000e+00
     vertex  1.262316e+01  1.750533e+01  0.000000e+00
   endloop
 endfacet
 facet normal -9.506317e-01 -3.103214e-01 -0.000000e+00
   outer loop
     vertex  1.260868e+01  1.754967e+01  1.200000e+01
     vertex  1.260868e+01  1.754967e+01  0.000000e+00
     vertex  1.262316e+01  1.750533e+01  1.200000e+01
   endloop
 endfacet
 facet normal -9.417605e-01 -3.362843e-01 -0.000000e+00
   outer loop
     vertex  1.260868e+01  1.754967e+01  1.200000e+01
     vertex  1.259300e+01  1.759359e+01  0.000000e+00
     vertex  1.260868e+01  1.754967e+01  0.000000e+00
   endloop
 endfacet
 facet normal -9.417605e-01 -3.362843e-01 -0.000000e+00
   outer loop
     vertex  1.259300e+01  1.759359e+01  1.200000e+01
     vertex  1.259300e+01  1.759359e+01  0.000000e+00
     vertex  1.260868e+01  1.754967e+01  1.200000e+01
   endloop
 endfacet
 facet normal -9.321804e-01 -3.619940e-01  0.000000e+00
   outer loop
     vertex  1.257612e+01  1.763707e+01  1.200000e+01
     vertex  1.259300e+01  1.759359e+01  0.000000e+00
     vertex  1.259300e+01  1.759359e+01  1.200000e+01
   endloop
 endfacet
 facet normal -9.321804e-01 -3.619940e-01 -0.000000e+00
   outer loop
     vertex  1.257612e+01  1.763707e+01  1.200000e+01
     vertex  1.257612e+01  1.763707e+01  0.000000e+00
     vertex  1.259300e+01  1.759359e+01  0.000000e+00
   endloop
 endfacet
 facet normal -9.218986e-01 -3.874313e-01  0.000000e+00
   outer loop
     vertex  1.255804e+01  1.768007e+01  1.200000e+01
     vertex  1.257612e+01  1.763707e+01  0.000000e+00
     vertex  1.257612e+01  1.763707e+01  1.200000e+01
   endloop
 endfacet
 facet normal -9.218986e-01 -3.874313e-01 -0.000000e+00
   outer loop
     vertex  1.255804e+01  1.768007e+01  1.200000e+01
     vertex  1.255804e+01  1.768007e+01  0.000000e+00
     vertex  1.257612e+01  1.763707e+01  0.000000e+00
   endloop
 endfacet
 facet normal -9.109228e-01 -4.125769e-01  0.000000e+00
   outer loop
     vertex  1.253880e+01  1.772256e+01  1.200000e+01
     vertex  1.255804e+01  1.768007e+01  0.000000e+00
     vertex  1.255804e+01  1.768007e+01  1.200000e+01
   endloop
 endfacet
 facet normal -9.109228e-01 -4.125769e-01 -0.000000e+00
   outer loop
     vertex  1.253880e+01  1.772256e+01  1.200000e+01
     vertex  1.253880e+01  1.772256e+01  0.000000e+00
     vertex  1.255804e+01  1.768007e+01  0.000000e+00
   endloop
 endfacet
 facet normal -8.992613e-01 -4.374119e-01  0.000000e+00
   outer loop
     vertex  1.251840e+01  1.776450e+01  1.200000e+01
     vertex  1.253880e+01  1.772256e+01  0.000000e+00
     vertex  1.253880e+01  1.772256e+01  1.200000e+01
   endloop
 endfacet
 facet normal -8.992613e-01 -4.374119e-01 -0.000000e+00
   outer loop
     vertex  1.251840e+01  1.776450e+01  1.200000e+01
     vertex  1.251840e+01  1.776450e+01  0.000000e+00
     vertex  1.253880e+01  1.772256e+01  0.000000e+00
   endloop
 endfacet
 facet normal -8.869228e-01 -4.619176e-01  0.000000e+00
   outer loop
     vertex  1.249685e+01  1.780587e+01  1.200000e+01
     vertex  1.251840e+01  1.776450e+01  0.000000e+00
     vertex  1.251840e+01  1.776450e+01  1.200000e+01
   endloop
 endfacet
 facet normal -8.869228e-01 -4.619176e-01 -0.000000e+00
   outer loop
     vertex  1.249685e+01  1.780587e+01  1.200000e+01
     vertex  1.249685e+01  1.780587e+01  0.000000e+00
     vertex  1.251840e+01  1.776450e+01  0.000000e+00
   endloop
 endfacet
 facet normal -8.739167e-01 -4.860756e-01  0.000000e+00
   outer loop
     vertex  1.247418e+01  1.784663e+01  1.200000e+01
     vertex  1.249685e+01  1.780587e+01  0.000000e+00
     vertex  1.249685e+01  1.780587e+01  1.200000e+01
   endloop
 endfacet
 facet normal -8.739167e-01 -4.860756e-01 -0.000000e+00
   outer loop
     vertex  1.247418e+01  1.784663e+01  1.200000e+01
     vertex  1.247418e+01  1.784663e+01  0.000000e+00
     vertex  1.249685e+01  1.780587e+01  0.000000e+00
   endloop
 endfacet
 facet normal -8.602528e-01 -5.098678e-01  0.000000e+00
   outer loop
     vertex  1.245040e+01  1.788676e+01  1.200000e+01
     vertex  1.247418e+01  1.784663e+01  0.000000e+00
     vertex  1.247418e+01  1.784663e+01  1.200000e+01
   endloop
 endfacet
 facet normal -8.602528e-01 -5.098678e-01 -0.000000e+00
   outer loop
     vertex  1.245040e+01  1.788676e+01  1.200000e+01
     vertex  1.245040e+01  1.788676e+01  0.000000e+00
     vertex  1.247418e+01  1.784663e+01  0.000000e+00
   endloop
 endfacet
 facet normal -8.459413e-01 -5.332761e-01  0.000000e+00
   outer loop
     vertex  1.242553e+01  1.792621e+01  1.200000e+01
     vertex  1.245040e+01  1.788676e+01  0.000000e+00
     vertex  1.245040e+01  1.788676e+01  1.200000e+01
   endloop
 endfacet
 facet normal -8.459413e-01 -5.332761e-01 -0.000000e+00
   outer loop
     vertex  1.242553e+01  1.792621e+01  1.200000e+01
     vertex  1.242553e+01  1.792621e+01  0.000000e+00
     vertex  1.245040e+01  1.788676e+01  0.000000e+00
   endloop
 endfacet
 facet normal -8.309929e-01 -5.562829e-01 -0.000000e+00
   outer loop
     vertex  1.239958e+01  1.796497e+01  1.200000e+01
     vertex  1.239958e+01  1.796497e+01  0.000000e+00
     vertex  1.242553e+01  1.792621e+01  0.000000e+00
   endloop
 endfacet
 facet normal -8.309929e-01 -5.562829e-01  0.000000e+00
   outer loop
     vertex  1.239958e+01  1.796497e+01  1.200000e+01
     vertex  1.242553e+01  1.792621e+01  0.000000e+00
     vertex  1.242553e+01  1.792621e+01  1.200000e+01
   endloop
 endfacet
 facet normal -8.154191e-01 -5.788711e-01 -0.000000e+00
   outer loop
     vertex  1.237258e+01  1.800300e+01  1.200000e+01
     vertex  1.237258e+01  1.800300e+01  0.000000e+00
     vertex  1.239958e+01  1.796497e+01  0.000000e+00
   endloop
 endfacet
 facet normal -8.154191e-01 -5.788711e-01  0.000000e+00
   outer loop
     vertex  1.237258e+01  1.800300e+01  1.200000e+01
     vertex  1.239958e+01  1.796497e+01  0.000000e+00
     vertex  1.239958e+01  1.796497e+01  1.200000e+01
   endloop
 endfacet
 facet normal -7.992314e-01 -6.010234e-01 -0.000000e+00
   outer loop
     vertex  1.234455e+01  1.804028e+01  1.200000e+01
     vertex  1.234455e+01  1.804028e+01  0.000000e+00
     vertex  1.237258e+01  1.800300e+01  0.000000e+00
   endloop
 endfacet
 facet normal -7.992314e-01 -6.010234e-01  0.000000e+00
   outer loop
     vertex  1.234455e+01  1.804028e+01  1.200000e+01
     vertex  1.237258e+01  1.800300e+01  0.000000e+00
     vertex  1.237258e+01  1.800300e+01  1.200000e+01
   endloop
 endfacet
 facet normal -7.824421e-01 -6.227234e-01 -0.000000e+00
   outer loop
     vertex  1.231550e+01  1.807678e+01  1.200000e+01
     vertex  1.231550e+01  1.807678e+01  0.000000e+00
     vertex  1.234455e+01  1.804028e+01  0.000000e+00
   endloop
 endfacet
 facet normal -7.824421e-01 -6.227234e-01  0.000000e+00
   outer loop
     vertex  1.231550e+01  1.807678e+01  1.200000e+01
     vertex  1.234455e+01  1.804028e+01  0.000000e+00
     vertex  1.234455e+01  1.804028e+01  1.200000e+01
   endloop
 endfacet
 facet normal -7.650637e-01 -6.439545e-01 -0.000000e+00
   outer loop
     vertex  1.228547e+01  1.811246e+01  1.200000e+01
     vertex  1.228547e+01  1.811246e+01  0.000000e+00
     vertex  1.231550e+01  1.807678e+01  0.000000e+00
   endloop
 endfacet
 facet normal -7.650637e-01 -6.439545e-01  0.000000e+00
   outer loop
     vertex  1.228547e+01  1.811246e+01  1.200000e+01
     vertex  1.231550e+01  1.807678e+01  0.000000e+00
     vertex  1.231550e+01  1.807678e+01  1.200000e+01
   endloop
 endfacet
 facet normal -7.471095e-01 -6.647010e-01 -0.000000e+00
   outer loop
     vertex  1.225447e+01  1.814731e+01  1.200000e+01
     vertex  1.225447e+01  1.814731e+01  0.000000e+00
     vertex  1.228547e+01  1.811246e+01  0.000000e+00
   endloop
 endfacet
 facet normal -7.285929e-01 -6.849470e-01 -0.000000e+00
   outer loop
     vertex  1.225447e+01  1.814731e+01  1.200000e+01
     vertex  1.222252e+01  1.818129e+01  0.000000e+00
     vertex  1.225447e+01  1.814731e+01  0.000000e+00
   endloop
 endfacet
 facet normal -7.471095e-01 -6.647010e-01  0.000000e+00
   outer loop
     vertex  1.225447e+01  1.814731e+01  1.200000e+01
     vertex  1.228547e+01  1.811246e+01  0.000000e+00
     vertex  1.228547e+01  1.811246e+01  1.200000e+01
   endloop
 endfacet
 facet normal -7.285929e-01 -6.849470e-01 -0.000000e+00
   outer loop
     vertex  1.222252e+01  1.818129e+01  1.200000e+01
     vertex  1.222252e+01  1.818129e+01  0.000000e+00
     vertex  1.225447e+01  1.814731e+01  1.200000e+01
   endloop
 endfacet
 facet normal -7.095278e-01 -7.046775e-01 -0.000000e+00
   outer loop
     vertex  1.218965e+01  1.821439e+01  1.200000e+01
     vertex  1.218965e+01  1.821439e+01  0.000000e+00
     vertex  1.222252e+01  1.818129e+01  0.000000e+00
   endloop
 endfacet
 facet normal -6.899286e-01 -7.238775e-01 -0.000000e+00
   outer loop
     vertex  1.218965e+01  1.821439e+01  1.200000e+01
     vertex  1.215589e+01  1.824657e+01  0.000000e+00
     vertex  1.218965e+01  1.821439e+01  0.000000e+00
   endloop
 endfacet
 facet normal -7.095278e-01 -7.046775e-01  0.000000e+00
   outer loop
     vertex  1.218965e+01  1.821439e+01  1.200000e+01
     vertex  1.222252e+01  1.818129e+01  0.000000e+00
     vertex  1.222252e+01  1.818129e+01  1.200000e+01
   endloop
 endfacet
 facet normal -6.899286e-01 -7.238775e-01 -0.000000e+00
   outer loop
     vertex  1.215589e+01  1.824657e+01  1.200000e+01
     vertex  1.215589e+01  1.824657e+01  0.000000e+00
     vertex  1.218965e+01  1.821439e+01  1.200000e+01
   endloop
 endfacet
 facet normal -6.698100e-01 -7.425325e-01 -0.000000e+00
   outer loop
     vertex  1.212125e+01  1.827781e+01  1.200000e+01
     vertex  1.212125e+01  1.827781e+01  0.000000e+00
     vertex  1.215589e+01  1.824657e+01  0.000000e+00
   endloop
 endfacet
 facet normal -6.698100e-01 -7.425325e-01  0.000000e+00
   outer loop
     vertex  1.212125e+01  1.827781e+01  1.200000e+01
     vertex  1.215589e+01  1.824657e+01  0.000000e+00
     vertex  1.215589e+01  1.824657e+01  1.200000e+01
   endloop
 endfacet
 facet normal -6.491872e-01 -7.606287e-01 -0.000000e+00
   outer loop
     vertex  1.208578e+01  1.830809e+01  1.200000e+01
     vertex  1.208578e+01  1.830809e+01  0.000000e+00
     vertex  1.212125e+01  1.827781e+01  0.000000e+00
   endloop
 endfacet
 facet normal -6.280757e-01 -7.781522e-01 -0.000000e+00
   outer loop
     vertex  1.208578e+01  1.830809e+01  1.200000e+01
     vertex  1.204948e+01  1.833738e+01  0.000000e+00
     vertex  1.208578e+01  1.830809e+01  0.000000e+00
   endloop
 endfacet
 facet normal -6.491872e-01 -7.606287e-01  0.000000e+00
   outer loop
     vertex  1.208578e+01  1.830809e+01  1.200000e+01
     vertex  1.212125e+01  1.827781e+01  0.000000e+00
     vertex  1.212125e+01  1.827781e+01  1.200000e+01
   endloop
 endfacet
 facet normal -6.064915e-01 -7.950900e-01 -0.000000e+00
   outer loop
     vertex  1.204948e+01  1.833738e+01  1.200000e+01
     vertex  1.201240e+01  1.836567e+01  0.000000e+00
     vertex  1.204948e+01  1.833738e+01  0.000000e+00
   endloop
 endfacet
 facet normal -6.280757e-01 -7.781522e-01 -0.000000e+00
   outer loop
     vertex  1.204948e+01  1.833738e+01  1.200000e+01
     vertex  1.204948e+01  1.833738e+01  0.000000e+00
     vertex  1.208578e+01  1.830809e+01  1.200000e+01
   endloop
 endfacet
 facet normal -6.064915e-01 -7.950900e-01 -0.000000e+00
   outer loop
     vertex  1.201240e+01  1.836567e+01  1.200000e+01
     vertex  1.201240e+01  1.836567e+01  0.000000e+00
     vertex  1.204948e+01  1.833738e+01  1.200000e+01
   endloop
 endfacet
 facet normal -5.844507e-01 -8.114292e-01  0.000000e+00
   outer loop
     vertex  1.197455e+01  1.839293e+01  1.200000e+01
     vertex  1.201240e+01  1.836567e+01  0.000000e+00
     vertex  1.201240e+01  1.836567e+01  1.200000e+01
   endloop
 endfacet
 facet normal -5.844507e-01 -8.114292e-01 -0.000000e+00
   outer loop
     vertex  1.197455e+01  1.839293e+01  1.200000e+01
     vertex  1.197455e+01  1.839293e+01  0.000000e+00
     vertex  1.201240e+01  1.836567e+01  0.000000e+00
   endloop
 endfacet
 facet normal -5.619699e-01 -8.271577e-01 -0.000000e+00
   outer loop
     vertex  1.193597e+01  1.841914e+01  1.200000e+01
     vertex  1.193597e+01  1.841914e+01  0.000000e+00
     vertex  1.197455e+01  1.839293e+01  0.000000e+00
   endloop
 endfacet
 facet normal -5.619699e-01 -8.271577e-01  0.000000e+00
   outer loop
     vertex  1.193597e+01  1.841914e+01  1.200000e+01
     vertex  1.197455e+01  1.839293e+01  0.000000e+00
     vertex  1.197455e+01  1.839293e+01  1.200000e+01
   endloop
 endfacet
 facet normal -5.390661e-01 -8.422635e-01  0.000000e+00
   outer loop
     vertex  1.189668e+01  1.844428e+01  1.200000e+01
     vertex  1.193597e+01  1.841914e+01  0.000000e+00
     vertex  1.193597e+01  1.841914e+01  1.200000e+01
   endloop
 endfacet
 facet normal -5.390661e-01 -8.422635e-01 -0.000000e+00
   outer loop
     vertex  1.189668e+01  1.844428e+01  1.200000e+01
     vertex  1.189668e+01  1.844428e+01  0.000000e+00
     vertex  1.193597e+01  1.841914e+01  0.000000e+00
   endloop
 endfacet
 facet normal -5.157565e-01 -8.567352e-01  0.000000e+00
   outer loop
     vertex  1.185672e+01  1.846834e+01  1.200000e+01
     vertex  1.189668e+01  1.844428e+01  0.000000e+00
     vertex  1.189668e+01  1.844428e+01  1.200000e+01
   endloop
 endfacet
 facet normal -5.157565e-01 -8.567352e-01 -0.000000e+00
   outer loop
     vertex  1.185672e+01  1.846834e+01  1.200000e+01
     vertex  1.185672e+01  1.846834e+01  0.000000e+00
     vertex  1.189668e+01  1.844428e+01  0.000000e+00
   endloop
 endfacet
 facet normal -4.920587e-01 -8.705620e-01  0.000000e+00
   outer loop
     vertex  1.181612e+01  1.849129e+01  1.200000e+01
     vertex  1.185672e+01  1.846834e+01  0.000000e+00
     vertex  1.185672e+01  1.846834e+01  1.200000e+01
   endloop
 endfacet
 facet normal -4.920587e-01 -8.705620e-01 -0.000000e+00
   outer loop
     vertex  1.181612e+01  1.849129e+01  1.200000e+01
     vertex  1.181612e+01  1.849129e+01  0.000000e+00
     vertex  1.185672e+01  1.846834e+01  0.000000e+00
   endloop
 endfacet
 facet normal -4.679904e-01 -8.837335e-01  0.000000e+00
   outer loop
     vertex  1.177490e+01  1.851312e+01  1.200000e+01
     vertex  1.181612e+01  1.849129e+01  0.000000e+00
     vertex  1.181612e+01  1.849129e+01  1.200000e+01
   endloop
 endfacet
 facet normal -4.679904e-01 -8.837335e-01 -0.000000e+00
   outer loop
     vertex  1.177490e+01  1.851312e+01  1.200000e+01
     vertex  1.177490e+01  1.851312e+01  0.000000e+00
     vertex  1.181612e+01  1.849129e+01  0.000000e+00
   endloop
 endfacet
 facet normal -4.435699e-01 -8.962398e-01  0.000000e+00
   outer loop
     vertex  1.173310e+01  1.853381e+01  1.200000e+01
     vertex  1.177490e+01  1.851312e+01  0.000000e+00
     vertex  1.177490e+01  1.851312e+01  1.200000e+01
   endloop
 endfacet
 facet normal -4.435699e-01 -8.962398e-01 -0.000000e+00
   outer loop
     vertex  1.173310e+01  1.853381e+01  1.200000e+01
     vertex  1.173310e+01  1.853381e+01  0.000000e+00
     vertex  1.177490e+01  1.851312e+01  0.000000e+00
   endloop
 endfacet
 facet normal -4.188155e-01 -9.080714e-01  0.000000e+00
   outer loop
     vertex  1.169074e+01  1.855334e+01  1.200000e+01
     vertex  1.173310e+01  1.853381e+01  0.000000e+00
     vertex  1.173310e+01  1.853381e+01  1.200000e+01
   endloop
 endfacet
 facet normal -4.188155e-01 -9.080714e-01 -0.000000e+00
   outer loop
     vertex  1.169074e+01  1.855334e+01  1.200000e+01
     vertex  1.169074e+01  1.855334e+01  0.000000e+00
     vertex  1.173310e+01  1.853381e+01  0.000000e+00
   endloop
 endfacet
 facet normal -3.937458e-01 -9.192194e-01  0.000000e+00
   outer loop
     vertex  1.164787e+01  1.857171e+01  1.200000e+01
     vertex  1.169074e+01  1.855334e+01  0.000000e+00
     vertex  1.169074e+01  1.855334e+01  1.200000e+01
   endloop
 endfacet
 facet normal -3.937458e-01 -9.192194e-01 -0.000000e+00
   outer loop
     vertex  1.164787e+01  1.857171e+01  1.200000e+01
     vertex  1.164787e+01  1.857171e+01  0.000000e+00
     vertex  1.169074e+01  1.855334e+01  0.000000e+00
   endloop
 endfacet
 facet normal -3.683796e-01 -9.296754e-01  0.000000e+00
   outer loop
     vertex  1.160451e+01  1.858889e+01  1.200000e+01
     vertex  1.164787e+01  1.857171e+01  0.000000e+00
     vertex  1.164787e+01  1.857171e+01  1.200000e+01
   endloop
 endfacet
 facet normal -3.683796e-01 -9.296754e-01 -0.000000e+00
   outer loop
     vertex  1.160451e+01  1.858889e+01  1.200000e+01
     vertex  1.160451e+01  1.858889e+01  0.000000e+00
     vertex  1.164787e+01  1.857171e+01  0.000000e+00
   endloop
 endfacet
 facet normal -3.427362e-01 -9.394317e-01 -0.000000e+00
   outer loop
     vertex  1.160451e+01  1.858889e+01  1.200000e+01
     vertex  1.156069e+01  1.860488e+01  0.000000e+00
     vertex  1.160451e+01  1.858889e+01  0.000000e+00
   endloop
 endfacet
 facet normal -3.427362e-01 -9.394317e-01 -0.000000e+00
   outer loop
     vertex  1.156069e+01  1.860488e+01  1.200000e+01
     vertex  1.156069e+01  1.860488e+01  0.000000e+00
     vertex  1.160451e+01  1.858889e+01  1.200000e+01
   endloop
 endfacet
 facet normal -3.168348e-01 -9.484807e-01  0.000000e+00
   outer loop
     vertex  1.151645e+01  1.861965e+01  1.200000e+01
     vertex  1.156069e+01  1.860488e+01  0.000000e+00
     vertex  1.156069e+01  1.860488e+01  1.200000e+01
   endloop
 endfacet
 facet normal -3.168348e-01 -9.484807e-01 -0.000000e+00
   outer loop
     vertex  1.151645e+01  1.861965e+01  1.200000e+01
     vertex  1.151645e+01  1.861965e+01  0.000000e+00
     vertex  1.156069e+01  1.860488e+01  0.000000e+00
   endloop
 endfacet
 facet normal -2.906949e-01 -9.568158e-01  0.000000e+00
   outer loop
     vertex  1.147182e+01  1.863321e+01  1.200000e+01
     vertex  1.151645e+01  1.861965e+01  0.000000e+00
     vertex  1.151645e+01  1.861965e+01  1.200000e+01
   endloop
 endfacet
 facet normal -2.906949e-01 -9.568158e-01 -0.000000e+00
   outer loop
     vertex  1.147182e+01  1.863321e+01  1.200000e+01
     vertex  1.147182e+01  1.863321e+01  0.000000e+00
     vertex  1.151645e+01  1.861965e+01  0.000000e+00
   endloop
 endfacet
 facet normal -2.643362e-01 -9.644306e-01  0.000000e+00
   outer loop
     vertex  1.142684e+01  1.864554e+01  1.200000e+01
     vertex  1.147182e+01  1.863321e+01  0.000000e+00
     vertex  1.147182e+01  1.863321e+01  1.200000e+01
   endloop
 endfacet
 facet normal -2.643362e-01 -9.644306e-01 -0.000000e+00
   outer loop
     vertex  1.142684e+01  1.864554e+01  1.200000e+01
     vertex  1.142684e+01  1.864554e+01  0.000000e+00
     vertex  1.147182e+01  1.863321e+01  0.000000e+00
   endloop
 endfacet
 facet normal -2.377784e-01 -9.713194e-01  0.000000e+00
   outer loop
     vertex  1.138153e+01  1.865663e+01  1.200000e+01
     vertex  1.142684e+01  1.864554e+01  0.000000e+00
     vertex  1.142684e+01  1.864554e+01  1.200000e+01
   endloop
 endfacet
 facet normal -2.377784e-01 -9.713194e-01 -0.000000e+00
   outer loop
     vertex  1.138153e+01  1.865663e+01  1.200000e+01
     vertex  1.138153e+01  1.865663e+01  0.000000e+00
     vertex  1.142684e+01  1.864554e+01  0.000000e+00
   endloop
 endfacet
 facet normal -2.110417e-01 -9.774771e-01  0.000000e+00
   outer loop
     vertex  1.133594e+01  1.866648e+01  1.200000e+01
     vertex  1.138153e+01  1.865663e+01  0.000000e+00
     vertex  1.138153e+01  1.865663e+01  1.200000e+01
   endloop
 endfacet
 facet normal -2.110417e-01 -9.774771e-01 -0.000000e+00
   outer loop
     vertex  1.133594e+01  1.866648e+01  1.200000e+01
     vertex  1.133594e+01  1.866648e+01  0.000000e+00
     vertex  1.138153e+01  1.865663e+01  0.000000e+00
   endloop
 endfacet
 facet normal -1.841461e-01 -9.828989e-01  0.000000e+00
   outer loop
     vertex  1.129010e+01  1.867507e+01  1.200000e+01
     vertex  1.133594e+01  1.866648e+01  0.000000e+00
     vertex  1.133594e+01  1.866648e+01  1.200000e+01
   endloop
 endfacet
 facet normal -1.841461e-01 -9.828989e-01 -0.000000e+00
   outer loop
     vertex  1.129010e+01  1.867507e+01  1.200000e+01
     vertex  1.129010e+01  1.867507e+01  0.000000e+00
     vertex  1.133594e+01  1.866648e+01  0.000000e+00
   endloop
 endfacet
 facet normal -1.571119e-01 -9.875808e-01 -0.000000e+00
   outer loop
     vertex  1.129010e+01  1.867507e+01  1.200000e+01
     vertex  1.124403e+01  1.868239e+01  0.000000e+00
     vertex  1.129010e+01  1.867507e+01  0.000000e+00
   endloop
 endfacet
 facet normal -1.571119e-01 -9.875808e-01 -0.000000e+00
   outer loop
     vertex  1.124403e+01  1.868239e+01  1.200000e+01
     vertex  1.124403e+01  1.868239e+01  0.000000e+00
     vertex  1.129010e+01  1.867507e+01  1.200000e+01
   endloop
 endfacet
 facet normal -1.299594e-01 -9.915193e-01 -0.000000e+00
   outer loop
     vertex  1.124403e+01  1.868239e+01  1.200000e+01
     vertex  1.119779e+01  1.868846e+01  0.000000e+00
     vertex  1.124403e+01  1.868239e+01  0.000000e+00
   endloop
 endfacet
 facet normal -1.299594e-01 -9.915193e-01 -0.000000e+00
   outer loop
     vertex  1.119779e+01  1.868846e+01  1.200000e+01
     vertex  1.119779e+01  1.868846e+01  0.000000e+00
     vertex  1.124403e+01  1.868239e+01  1.200000e+01
   endloop
 endfacet
 facet normal -1.027091e-01 -9.947114e-01  0.000000e+00
   outer loop
     vertex  1.115139e+01  1.869325e+01  1.200000e+01
     vertex  1.119779e+01  1.868846e+01  0.000000e+00
     vertex  1.119779e+01  1.868846e+01  1.200000e+01
   endloop
 endfacet
 facet normal -1.027091e-01 -9.947114e-01 -0.000000e+00
   outer loop
     vertex  1.115139e+01  1.869325e+01  1.200000e+01
     vertex  1.115139e+01  1.869325e+01  0.000000e+00
     vertex  1.119779e+01  1.868846e+01  0.000000e+00
   endloop
 endfacet
 facet normal -7.538152e-02 -9.971548e-01  0.000000e+00
   outer loop
     vertex  1.110488e+01  1.869676e+01  1.200000e+01
     vertex  1.115139e+01  1.869325e+01  0.000000e+00
     vertex  1.115139e+01  1.869325e+01  1.200000e+01
   endloop
 endfacet
 facet normal -7.538152e-02 -9.971548e-01 -0.000000e+00
   outer loop
     vertex  1.110488e+01  1.869676e+01  1.200000e+01
     vertex  1.110488e+01  1.869676e+01  0.000000e+00
     vertex  1.115139e+01  1.869325e+01  0.000000e+00
   endloop
 endfacet
 facet normal -4.799716e-02 -9.988475e-01  0.000000e+00
   outer loop
     vertex  1.105829e+01  1.869900e+01  1.200000e+01
     vertex  1.110488e+01  1.869676e+01  0.000000e+00
     vertex  1.110488e+01  1.869676e+01  1.200000e+01
   endloop
 endfacet
 facet normal -4.799716e-02 -9.988475e-01 -0.000000e+00
   outer loop
     vertex  1.105829e+01  1.869900e+01  1.200000e+01
     vertex  1.105829e+01  1.869900e+01  0.000000e+00
     vertex  1.110488e+01  1.869676e+01  0.000000e+00
   endloop
 endfacet
 facet normal -2.057667e-02 -9.997883e-01 -0.000000e+00
   outer loop
     vertex  1.101166e+01  1.869996e+01  1.200000e+01
     vertex  1.101166e+01  1.869996e+01  0.000000e+00
     vertex  1.105829e+01  1.869900e+01  0.000000e+00
   endloop
 endfacet
 facet normal -2.057667e-02 -9.997883e-01  0.000000e+00
   outer loop
     vertex  1.101166e+01  1.869996e+01  1.200000e+01
     vertex  1.105829e+01  1.869900e+01  0.000000e+00
     vertex  1.105829e+01  1.869900e+01  1.200000e+01
   endloop
 endfacet
 facet normal  6.859319e-03 -9.999765e-01  0.000000e+00
   outer loop
     vertex  1.101166e+01  1.869996e+01  1.200000e+01
     vertex  1.096502e+01  1.869964e+01  0.000000e+00
     vertex  1.101166e+01  1.869996e+01  0.000000e+00
   endloop
 endfacet
 facet normal  6.859319e-03 -9.999765e-01  0.000000e+00
   outer loop
     vertex  1.096502e+01  1.869964e+01  1.200000e+01
     vertex  1.096502e+01  1.869964e+01  0.000000e+00
     vertex  1.101166e+01  1.869996e+01  1.200000e+01
   endloop
 endfacet
 facet normal  3.429014e-02 -9.994119e-01  0.000000e+00
   outer loop
     vertex  1.091840e+01  1.869804e+01  1.200000e+01
     vertex  1.091840e+01  1.869804e+01  0.000000e+00
     vertex  1.096502e+01  1.869964e+01  0.000000e+00
   endloop
 endfacet
 facet normal  3.429014e-02 -9.994119e-01  0.000000e+00
   outer loop
     vertex  1.091840e+01  1.869804e+01  1.200000e+01
     vertex  1.096502e+01  1.869964e+01  0.000000e+00
     vertex  1.096502e+01  1.869964e+01  1.200000e+01
   endloop
 endfacet
 facet normal  6.169515e-02 -9.980950e-01  0.000000e+00
   outer loop
     vertex  1.087185e+01  1.869516e+01  1.200000e+01
     vertex  1.087185e+01  1.869516e+01  0.000000e+00
     vertex  1.091840e+01  1.869804e+01  0.000000e+00
   endloop
 endfacet
 facet normal  8.905371e-02 -9.960268e-01  0.000000e+00
   outer loop
     vertex  1.087185e+01  1.869516e+01  1.200000e+01
     vertex  1.082539e+01  1.869101e+01  0.000000e+00
     vertex  1.087185e+01  1.869516e+01  0.000000e+00
   endloop
 endfacet
 facet normal  6.169515e-02 -9.980950e-01  0.000000e+00
   outer loop
     vertex  1.087185e+01  1.869516e+01  1.200000e+01
     vertex  1.091840e+01  1.869804e+01  0.000000e+00
     vertex  1.091840e+01  1.869804e+01  1.200000e+01
   endloop
 endfacet
 facet normal  8.905371e-02 -9.960268e-01  0.000000e+00
   outer loop
     vertex  1.082539e+01  1.869101e+01  1.200000e+01
     vertex  1.082539e+01  1.869101e+01  0.000000e+00
     vertex  1.087185e+01  1.869516e+01  1.200000e+01
   endloop
 endfacet
 facet normal  1.163452e-01 -9.932088e-01  0.000000e+00
   outer loop
     vertex  1.077907e+01  1.868558e+01  1.200000e+01
     vertex  1.082539e+01  1.869101e+01  0.000000e+00
     vertex  1.082539e+01  1.869101e+01  1.200000e+01
   endloop
 endfacet
 facet normal  1.163452e-01 -9.932088e-01  0.000000e+00
   outer loop
     vertex  1.077907e+01  1.868558e+01  1.200000e+01
     vertex  1.077907e+01  1.868558e+01  0.000000e+00
     vertex  1.082539e+01  1.869101e+01  0.000000e+00
   endloop
 endfacet
 facet normal  1.435492e-01 -9.896432e-01  0.000000e+00
   outer loop
     vertex  1.073291e+01  1.867889e+01  1.200000e+01
     vertex  1.077907e+01  1.868558e+01  0.000000e+00
     vertex  1.077907e+01  1.868558e+01  1.200000e+01
   endloop
 endfacet
 facet normal  1.435492e-01 -9.896432e-01  0.000000e+00
   outer loop
     vertex  1.073291e+01  1.867889e+01  1.200000e+01
     vertex  1.073291e+01  1.867889e+01  0.000000e+00
     vertex  1.077907e+01  1.868558e+01  0.000000e+00
   endloop
 endfacet
 facet normal  1.706451e-01 -9.853326e-01  0.000000e+00
   outer loop
     vertex  1.073291e+01  1.867889e+01  1.200000e+01
     vertex  1.068695e+01  1.867093e+01  0.000000e+00
     vertex  1.073291e+01  1.867889e+01  0.000000e+00
   endloop
 endfacet
 facet normal  1.706451e-01 -9.853326e-01  0.000000e+00
   outer loop
     vertex  1.068695e+01  1.867093e+01  1.200000e+01
     vertex  1.068695e+01  1.867093e+01  0.000000e+00
     vertex  1.073291e+01  1.867889e+01  1.200000e+01
   endloop
 endfacet
 facet normal  1.976125e-01 -9.802802e-01  0.000000e+00
   outer loop
     vertex  1.064123e+01  1.866171e+01  1.200000e+01
     vertex  1.068695e+01  1.867093e+01  0.000000e+00
     vertex  1.068695e+01  1.867093e+01  1.200000e+01
   endloop
 endfacet
 facet normal  1.976125e-01 -9.802802e-01  0.000000e+00
   outer loop
     vertex  1.064123e+01  1.866171e+01  1.200000e+01
     vertex  1.064123e+01  1.866171e+01  0.000000e+00
     vertex  1.068695e+01  1.867093e+01  0.000000e+00
   endloop
 endfacet
 facet normal  2.244312e-01 -9.744899e-01  0.000000e+00
   outer loop
     vertex  1.059578e+01  1.865124e+01  1.200000e+01
     vertex  1.064123e+01  1.866171e+01  0.000000e+00
     vertex  1.064123e+01  1.866171e+01  1.200000e+01
   endloop
 endfacet
 facet normal  2.244312e-01 -9.744899e-01  0.000000e+00
   outer loop
     vertex  1.059578e+01  1.865124e+01  1.200000e+01
     vertex  1.059578e+01  1.865124e+01  0.000000e+00
     vertex  1.064123e+01  1.866171e+01  0.000000e+00
   endloop
 endfacet
 facet normal  2.510809e-01 -9.679661e-01  0.000000e+00
   outer loop
     vertex  1.059578e+01  1.865124e+01  1.200000e+01
     vertex  1.055063e+01  1.863953e+01  0.000000e+00
     vertex  1.059578e+01  1.865124e+01  0.000000e+00
   endloop
 endfacet
 facet normal  2.510809e-01 -9.679661e-01  0.000000e+00
   outer loop
     vertex  1.055063e+01  1.863953e+01  1.200000e+01
     vertex  1.055063e+01  1.863953e+01  0.000000e+00
     vertex  1.059578e+01  1.865124e+01  1.200000e+01
   endloop
 endfacet
 facet normal  2.775416e-01 -9.607136e-01  0.000000e+00
   outer loop
     vertex  1.050582e+01  1.862659e+01  1.200000e+01
     vertex  1.055063e+01  1.863953e+01  0.000000e+00
     vertex  1.055063e+01  1.863953e+01  1.200000e+01
   endloop
 endfacet
 facet normal  2.775416e-01 -9.607136e-01  0.000000e+00
   outer loop
     vertex  1.050582e+01  1.862659e+01  1.200000e+01
     vertex  1.050582e+01  1.862659e+01  0.000000e+00
     vertex  1.055063e+01  1.863953e+01  0.000000e+00
   endloop
 endfacet
 facet normal  3.037934e-01 -9.527379e-01  0.000000e+00
   outer loop
     vertex  1.046138e+01  1.861242e+01  1.200000e+01
     vertex  1.050582e+01  1.862659e+01  0.000000e+00
     vertex  1.050582e+01  1.862659e+01  1.200000e+01
   endloop
 endfacet
 facet normal  3.037934e-01 -9.527379e-01  0.000000e+00
   outer loop
     vertex  1.046138e+01  1.861242e+01  1.200000e+01
     vertex  1.046138e+01  1.861242e+01  0.000000e+00
     vertex  1.050582e+01  1.862659e+01  0.000000e+00
   endloop
 endfacet
 facet normal  3.298166e-01 -9.440450e-01  0.000000e+00
   outer loop
     vertex  1.041735e+01  1.859703e+01  1.200000e+01
     vertex  1.046138e+01  1.861242e+01  0.000000e+00
     vertex  1.046138e+01  1.861242e+01  1.200000e+01
   endloop
 endfacet
 facet normal  3.298166e-01 -9.440450e-01  0.000000e+00
   outer loop
     vertex  1.041735e+01  1.859703e+01  1.200000e+01
     vertex  1.041735e+01  1.859703e+01  0.000000e+00
     vertex  1.046138e+01  1.861242e+01  0.000000e+00
   endloop
 endfacet
 facet normal  3.555914e-01 -9.346415e-01  0.000000e+00
   outer loop
     vertex  1.041735e+01  1.859703e+01  1.200000e+01
     vertex  1.037375e+01  1.858045e+01  0.000000e+00
     vertex  1.041735e+01  1.859703e+01  0.000000e+00
   endloop
 endfacet
 facet normal  3.555914e-01 -9.346415e-01  0.000000e+00
   outer loop
     vertex  1.037375e+01  1.858045e+01  1.200000e+01
     vertex  1.037375e+01  1.858045e+01  0.000000e+00
     vertex  1.041735e+01  1.859703e+01  1.200000e+01
   endloop
 endfacet
 facet normal  4.063188e-01 -9.137314e-01  0.000000e+00
   outer loop
     vertex  1.033063e+01  1.856267e+01  1.200000e+01
     vertex  1.028801e+01  1.854372e+01  0.000000e+00
     vertex  1.033063e+01  1.856267e+01  0.000000e+00
   endloop
 endfacet
 facet normal  3.810986e-01 -9.245344e-01  0.000000e+00
   outer loop
     vertex  1.033063e+01  1.856267e+01  1.200000e+01
     vertex  1.037375e+01  1.858045e+01  0.000000e+00
     vertex  1.037375e+01  1.858045e+01  1.200000e+01
   endloop
 endfacet
 facet normal  3.810986e-01 -9.245344e-01  0.000000e+00
   outer loop
     vertex  1.033063e+01  1.856267e+01  1.200000e+01
     vertex  1.033063e+01  1.856267e+01  0.000000e+00
     vertex  1.037375e+01  1.858045e+01  0.000000e+00
   endloop
 endfacet
 facet normal  4.063188e-01 -9.137314e-01  0.000000e+00
   outer loop
     vertex  1.028801e+01  1.854372e+01  1.200000e+01
     vertex  1.028801e+01  1.854372e+01  0.000000e+00
     vertex  1.033063e+01  1.856267e+01  1.200000e+01
   endloop
 endfacet
 facet normal  4.312333e-01 -9.022405e-01  0.000000e+00
   outer loop
     vertex  1.024593e+01  1.852361e+01  1.200000e+01
     vertex  1.024593e+01  1.852361e+01  0.000000e+00
     vertex  1.028801e+01  1.854372e+01  0.000000e+00
   endloop
 endfacet
 facet normal  4.312333e-01 -9.022405e-01  0.000000e+00
   outer loop
     vertex  1.024593e+01  1.852361e+01  1.200000e+01
     vertex  1.028801e+01  1.854372e+01  0.000000e+00
     vertex  1.028801e+01  1.854372e+01  1.200000e+01
   endloop
 endfacet
 facet normal  4.558231e-01 -8.900704e-01  0.000000e+00
   outer loop
     vertex  1.020442e+01  1.850235e+01  1.200000e+01
     vertex  1.020442e+01  1.850235e+01  0.000000e+00
     vertex  1.024593e+01  1.852361e+01  0.000000e+00
   endloop
 endfacet
 facet normal  4.800697e-01 -8.772303e-01  0.000000e+00
   outer loop
     vertex  1.020442e+01  1.850235e+01  1.200000e+01
     vertex  1.016350e+01  1.847996e+01  0.000000e+00
     vertex  1.020442e+01  1.850235e+01  0.000000e+00
   endloop
 endfacet
 facet normal  4.558231e-01 -8.900704e-01  0.000000e+00
   outer loop
     vertex  1.020442e+01  1.850235e+01  1.200000e+01
     vertex  1.024593e+01  1.852361e+01  0.000000e+00
     vertex  1.024593e+01  1.852361e+01  1.200000e+01
   endloop
 endfacet
 facet normal  4.800697e-01 -8.772303e-01  0.000000e+00
   outer loop
     vertex  1.016350e+01  1.847996e+01  1.200000e+01
     vertex  1.016350e+01  1.847996e+01  0.000000e+00
     vertex  1.020442e+01  1.850235e+01  1.200000e+01
   endloop
 endfacet
 facet normal  5.039550e-01 -8.637299e-01  0.000000e+00
   outer loop
     vertex  1.012321e+01  1.845645e+01  1.200000e+01
     vertex  1.012321e+01  1.845645e+01  0.000000e+00
     vertex  1.016350e+01  1.847996e+01  0.000000e+00
   endloop
 endfacet
 facet normal  5.039550e-01 -8.637299e-01  0.000000e+00
   outer loop
     vertex  1.012321e+01  1.845645e+01  1.200000e+01
     vertex  1.016350e+01  1.847996e+01  0.000000e+00
     vertex  1.016350e+01  1.847996e+01  1.200000e+01
   endloop
 endfacet
 facet normal  5.274609e-01 -8.495793e-01  0.000000e+00
   outer loop
     vertex  1.008359e+01  1.843185e+01  1.200000e+01
     vertex  1.008359e+01  1.843185e+01  0.000000e+00
     vertex  1.012321e+01  1.845645e+01  0.000000e+00
   endloop
 endfacet
 facet normal  5.505698e-01 -8.347891e-01  0.000000e+00
   outer loop
     vertex  1.008359e+01  1.843185e+01  1.200000e+01
     vertex  1.004465e+01  1.840617e+01  0.000000e+00
     vertex  1.008359e+01  1.843185e+01  0.000000e+00
   endloop
 endfacet
 facet normal  5.274609e-01 -8.495793e-01  0.000000e+00
   outer loop
     vertex  1.008359e+01  1.843185e+01  1.200000e+01
     vertex  1.012321e+01  1.845645e+01  0.000000e+00
     vertex  1.012321e+01  1.845645e+01  1.200000e+01
   endloop
 endfacet
 facet normal  5.505698e-01 -8.347891e-01  0.000000e+00
   outer loop
     vertex  1.004465e+01  1.840617e+01  1.200000e+01
     vertex  1.004465e+01  1.840617e+01  0.000000e+00
     vertex  1.008359e+01  1.843185e+01  1.200000e+01
   endloop
 endfacet
 facet normal  5.732642e-01 -8.193706e-01  0.000000e+00
   outer loop
     vertex  1.000643e+01  1.837943e+01  1.200000e+01
     vertex  1.000643e+01  1.837943e+01  0.000000e+00
     vertex  1.004465e+01  1.840617e+01  0.000000e+00
   endloop
 endfacet
 facet normal  5.732642e-01 -8.193706e-01  0.000000e+00
   outer loop
     vertex  1.000643e+01  1.837943e+01  1.200000e+01
     vertex  1.004465e+01  1.840617e+01  0.000000e+00
     vertex  1.004465e+01  1.840617e+01  1.200000e+01
   endloop
 endfacet
 facet normal  5.955271e-01 -8.033352e-01  0.000000e+00
   outer loop
     vertex  9.968964e+00  1.835165e+01  1.200000e+01
     vertex  9.968964e+00  1.835165e+01  0.000000e+00
     vertex  1.000643e+01  1.837943e+01  0.000000e+00
   endloop
 endfacet
 facet normal  6.173417e-01 -7.866951e-01  0.000000e+00
   outer loop
     vertex  9.968964e+00  1.835165e+01  1.200000e+01
     vertex  9.932271e+00  1.832286e+01  0.000000e+00
     vertex  9.968964e+00  1.835165e+01  0.000000e+00
   endloop
 endfacet
 facet normal  5.955271e-01 -8.033352e-01  0.000000e+00
   outer loop
     vertex  9.968964e+00  1.835165e+01  1.200000e+01
     vertex  1.000643e+01  1.837943e+01  0.000000e+00
     vertex  1.000643e+01  1.837943e+01  1.200000e+01
   endloop
 endfacet
 facet normal  6.173417e-01 -7.866951e-01  0.000000e+00
   outer loop
     vertex  9.932271e+00  1.832286e+01  1.200000e+01
     vertex  9.932271e+00  1.832286e+01  0.000000e+00
     vertex  9.968964e+00  1.835165e+01  1.200000e+01
   endloop
 endfacet
 facet normal  6.386916e-01 -7.694628e-01  0.000000e+00
   outer loop
     vertex  9.896382e+00  1.829307e+01  1.200000e+01
     vertex  9.896382e+00  1.829307e+01  0.000000e+00
     vertex  9.932271e+00  1.832286e+01  0.000000e+00
   endloop
 endfacet
 facet normal  6.386916e-01 -7.694628e-01  0.000000e+00
   outer loop
     vertex  9.896382e+00  1.829307e+01  1.200000e+01
     vertex  9.932271e+00  1.832286e+01  0.000000e+00
     vertex  9.932271e+00  1.832286e+01  1.200000e+01
   endloop
 endfacet
 facet normal  6.595607e-01 -7.516513e-01  0.000000e+00
   outer loop
     vertex  9.861323e+00  1.826231e+01  1.200000e+01
     vertex  9.861323e+00  1.826231e+01  0.000000e+00
     vertex  9.896382e+00  1.829307e+01  0.000000e+00
   endloop
 endfacet
 facet normal  6.595607e-01 -7.516513e-01  0.000000e+00
   outer loop
     vertex  9.861323e+00  1.826231e+01  1.200000e+01
     vertex  9.896382e+00  1.829307e+01  0.000000e+00
     vertex  9.896382e+00  1.829307e+01  1.200000e+01
   endloop
 endfacet
 facet normal  6.799333e-01 -7.332740e-01  0.000000e+00
   outer loop
     vertex  9.827121e+00  1.823059e+01  1.200000e+01
     vertex  9.827121e+00  1.823059e+01  0.000000e+00
     vertex  9.861323e+00  1.826231e+01  0.000000e+00
   endloop
 endfacet
 facet normal  6.997940e-01 -7.143447e-01  0.000000e+00
   outer loop
     vertex  9.827121e+00  1.823059e+01  1.200000e+01
     vertex  9.793803e+00  1.819795e+01  0.000000e+00
     vertex  9.827121e+00  1.823059e+01  0.000000e+00
   endloop
 endfacet
 facet normal  6.799333e-01 -7.332740e-01  0.000000e+00
   outer loop
     vertex  9.827121e+00  1.823059e+01  1.200000e+01
     vertex  9.861323e+00  1.826231e+01  0.000000e+00
     vertex  9.861323e+00  1.826231e+01  1.200000e+01
   endloop
 endfacet
 facet normal  6.997940e-01 -7.143447e-01  0.000000e+00
   outer loop
     vertex  9.793803e+00  1.819795e+01  1.200000e+01
     vertex  9.793803e+00  1.819795e+01  0.000000e+00
     vertex  9.827121e+00  1.823059e+01  1.200000e+01
   endloop
 endfacet
 facet normal  7.191280e-01 -6.948776e-01  0.000000e+00
   outer loop
     vertex  9.793803e+00  1.819795e+01  1.200000e+01
     vertex  9.761392e+00  1.816441e+01  0.000000e+00
     vertex  9.793803e+00  1.819795e+01  0.000000e+00
   endloop
 endfacet
 facet normal  7.191280e-01 -6.948776e-01  0.000000e+00
   outer loop
     vertex  9.761392e+00  1.816441e+01  1.200000e+01
     vertex  9.761392e+00  1.816441e+01  0.000000e+00
     vertex  9.793803e+00  1.819795e+01  1.200000e+01
   endloop
 endfacet
 facet normal  7.379206e-01 -6.748875e-01  0.000000e+00
   outer loop
     vertex  9.761392e+00  1.816441e+01  1.200000e+01
     vertex  9.729914e+00  1.812999e+01  0.000000e+00
     vertex  9.761392e+00  1.816441e+01  0.000000e+00
   endloop
 endfacet
 facet normal  7.379206e-01 -6.748875e-01  0.000000e+00
   outer loop
     vertex  9.729914e+00  1.812999e+01  1.200000e+01
     vertex  9.729914e+00  1.812999e+01  0.000000e+00
     vertex  9.761392e+00  1.816441e+01  1.200000e+01
   endloop
 endfacet
 facet normal  7.561578e-01 -6.543893e-01  0.000000e+00
   outer loop
     vertex  9.699392e+00  1.809472e+01  1.200000e+01
     vertex  9.729914e+00  1.812999e+01  0.000000e+00
     vertex  9.729914e+00  1.812999e+01  1.200000e+01
   endloop
 endfacet
 facet normal  7.561578e-01 -6.543893e-01  0.000000e+00
   outer loop
     vertex  9.699392e+00  1.809472e+01  1.200000e+01
     vertex  9.699392e+00  1.809472e+01  0.000000e+00
     vertex  9.729914e+00  1.812999e+01  0.000000e+00
   endloop
 endfacet
 facet normal  7.738257e-01 -6.333986e-01  0.000000e+00
   outer loop
     vertex  9.699392e+00  1.809472e+01  1.200000e+01
     vertex  9.669848e+00  1.805863e+01  0.000000e+00
     vertex  9.699392e+00  1.809472e+01  0.000000e+00
   endloop
 endfacet
 facet normal  7.738257e-01 -6.333986e-01  0.000000e+00
   outer loop
     vertex  9.669848e+00  1.805863e+01  1.200000e+01
     vertex  9.669848e+00  1.805863e+01  0.000000e+00
     vertex  9.699392e+00  1.809472e+01  1.200000e+01
   endloop
 endfacet
 facet normal  7.909112e-01 -6.119310e-01  0.000000e+00
   outer loop
     vertex  9.641307e+00  1.802174e+01  1.200000e+01
     vertex  9.641307e+00  1.802174e+01  0.000000e+00
     vertex  9.669848e+00  1.805863e+01  0.000000e+00
   endloop
 endfacet
 facet normal  7.909112e-01 -6.119310e-01  0.000000e+00
   outer loop
     vertex  9.641307e+00  1.802174e+01  1.200000e+01
     vertex  9.669848e+00  1.805863e+01  0.000000e+00
     vertex  9.669848e+00  1.805863e+01  1.200000e+01
   endloop
 endfacet
 facet normal  8.074012e-01 -5.900028e-01  0.000000e+00
   outer loop
     vertex  9.613788e+00  1.798408e+01  1.200000e+01
     vertex  9.641307e+00  1.802174e+01  0.000000e+00
     vertex  9.641307e+00  1.802174e+01  1.200000e+01
   endloop
 endfacet
 facet normal  8.074012e-01 -5.900028e-01  0.000000e+00
   outer loop
     vertex  9.613788e+00  1.798408e+01  1.200000e+01
     vertex  9.613788e+00  1.798408e+01  0.000000e+00
     vertex  9.641307e+00  1.802174e+01  0.000000e+00
   endloop
 endfacet
 facet normal  8.232835e-01 -5.676304e-01  0.000000e+00
   outer loop
     vertex  9.613788e+00  1.798408e+01  1.200000e+01
     vertex  9.587312e+00  1.794568e+01  0.000000e+00
     vertex  9.613788e+00  1.798408e+01  0.000000e+00
   endloop
 endfacet
 facet normal  8.385460e-01 -5.448308e-01  0.000000e+00
   outer loop
     vertex  9.587312e+00  1.794568e+01  1.200000e+01
     vertex  9.561900e+00  1.790657e+01  0.000000e+00
     vertex  9.587312e+00  1.794568e+01  0.000000e+00
   endloop
 endfacet
 facet normal  8.232835e-01 -5.676304e-01  0.000000e+00
   outer loop
     vertex  9.587312e+00  1.794568e+01  1.200000e+01
     vertex  9.587312e+00  1.794568e+01  0.000000e+00
     vertex  9.613788e+00  1.798408e+01  1.200000e+01
   endloop
 endfacet
 facet normal  8.385460e-01 -5.448308e-01  0.000000e+00
   outer loop
     vertex  9.561900e+00  1.790657e+01  1.200000e+01
     vertex  9.561900e+00  1.790657e+01  0.000000e+00
     vertex  9.587312e+00  1.794568e+01  1.200000e+01
   endloop
 endfacet
 facet normal  8.531773e-01 -5.216210e-01  0.000000e+00
   outer loop
     vertex  9.537570e+00  1.786678e+01  1.200000e+01
     vertex  9.537570e+00  1.786678e+01  0.000000e+00
     vertex  9.561900e+00  1.790657e+01  0.000000e+00
   endloop
 endfacet
 facet normal  8.671664e-01 -4.980186e-01  0.000000e+00
   outer loop
     vertex  9.537570e+00  1.786678e+01  1.200000e+01
     vertex  9.514342e+00  1.782633e+01  0.000000e+00
     vertex  9.537570e+00  1.786678e+01  0.000000e+00
   endloop
 endfacet
 facet normal  8.531773e-01 -5.216210e-01  0.000000e+00
   outer loop
     vertex  9.537570e+00  1.786678e+01  1.200000e+01
     vertex  9.561900e+00  1.790657e+01  0.000000e+00
     vertex  9.561900e+00  1.790657e+01  1.200000e+01
   endloop
 endfacet
 facet normal  8.671664e-01 -4.980186e-01  0.000000e+00
   outer loop
     vertex  9.514342e+00  1.782633e+01  1.200000e+01
     vertex  9.514342e+00  1.782633e+01  0.000000e+00
     vertex  9.537570e+00  1.786678e+01  1.200000e+01
   endloop
 endfacet
 facet normal  8.805026e-01 -4.740412e-01  0.000000e+00
   outer loop
     vertex  9.492231e+00  1.778526e+01  1.200000e+01
     vertex  9.492231e+00  1.778526e+01  0.000000e+00
     vertex  9.514342e+00  1.782633e+01  0.000000e+00
   endloop
 endfacet
 facet normal  8.805026e-01 -4.740412e-01  0.000000e+00
   outer loop
     vertex  9.492231e+00  1.778526e+01  1.200000e+01
     vertex  9.514342e+00  1.782633e+01  0.000000e+00
     vertex  9.514342e+00  1.782633e+01  1.200000e+01
   endloop
 endfacet
 facet normal  8.931761e-01 -4.497071e-01  0.000000e+00
   outer loop
     vertex  9.471256e+00  1.774360e+01  1.200000e+01
     vertex  9.471256e+00  1.774360e+01  0.000000e+00
     vertex  9.492231e+00  1.778526e+01  0.000000e+00
   endloop
 endfacet
 facet normal  9.051772e-01 -4.250344e-01  0.000000e+00
   outer loop
     vertex  9.471256e+00  1.774360e+01  1.200000e+01
     vertex  9.451431e+00  1.770138e+01  0.000000e+00
     vertex  9.471256e+00  1.774360e+01  0.000000e+00
   endloop
 endfacet
 facet normal  8.931761e-01 -4.497071e-01  0.000000e+00
   outer loop
     vertex  9.471256e+00  1.774360e+01  1.200000e+01
     vertex  9.492231e+00  1.778526e+01  0.000000e+00
     vertex  9.492231e+00  1.778526e+01  1.200000e+01
   endloop
 endfacet
 facet normal  9.051772e-01 -4.250344e-01  0.000000e+00
   outer loop
     vertex  9.451431e+00  1.770138e+01  1.200000e+01
     vertex  9.451431e+00  1.770138e+01  0.000000e+00
     vertex  9.471256e+00  1.774360e+01  1.200000e+01
   endloop
 endfacet
 facet normal  9.164969e-01 -4.000417e-01  0.000000e+00
   outer loop
     vertex  9.432772e+00  1.765863e+01  1.200000e+01
     vertex  9.432772e+00  1.765863e+01  0.000000e+00
     vertex  9.451431e+00  1.770138e+01  0.000000e+00
   endloop
 endfacet
 facet normal  9.164969e-01 -4.000417e-01  0.000000e+00
   outer loop
     vertex  9.432772e+00  1.765863e+01  1.200000e+01
     vertex  9.451431e+00  1.770138e+01  0.000000e+00
     vertex  9.451431e+00  1.770138e+01  1.200000e+01
   endloop
 endfacet
 facet normal  9.271267e-01 -3.747479e-01  0.000000e+00
   outer loop
     vertex  9.415293e+00  1.761539e+01  1.200000e+01
     vertex  9.415293e+00  1.761539e+01  0.000000e+00
     vertex  9.432772e+00  1.765863e+01  0.000000e+00
   endloop
 endfacet
 facet normal  9.370586e-01 -3.491720e-01  0.000000e+00
   outer loop
     vertex  9.415293e+00  1.761539e+01  1.200000e+01
     vertex  9.399007e+00  1.757168e+01  0.000000e+00
     vertex  9.415293e+00  1.761539e+01  0.000000e+00
   endloop
 endfacet
 facet normal  9.271267e-01 -3.747479e-01  0.000000e+00
   outer loop
     vertex  9.415293e+00  1.761539e+01  1.200000e+01
     vertex  9.432772e+00  1.765863e+01  0.000000e+00
     vertex  9.432772e+00  1.765863e+01  1.200000e+01
   endloop
 endfacet
 facet normal  9.370586e-01 -3.491720e-01  0.000000e+00
   outer loop
     vertex  9.399007e+00  1.757168e+01  1.200000e+01
     vertex  9.399007e+00  1.757168e+01  0.000000e+00
     vertex  9.415293e+00  1.761539e+01  1.200000e+01
   endloop
 endfacet
 facet normal  9.462851e-01 -3.233333e-01  0.000000e+00
   outer loop
     vertex  9.383926e+00  1.752755e+01  1.200000e+01
     vertex  9.383926e+00  1.752755e+01  0.000000e+00
     vertex  9.399007e+00  1.757168e+01  0.000000e+00
   endloop
 endfacet
 facet normal  9.462851e-01 -3.233333e-01  0.000000e+00
   outer loop
     vertex  9.383926e+00  1.752755e+01  1.200000e+01
     vertex  9.399007e+00  1.757168e+01  0.000000e+00
     vertex  9.399007e+00  1.757168e+01  1.200000e+01
   endloop
 endfacet
 facet normal  9.547993e-01 -2.972512e-01  0.000000e+00
   outer loop
     vertex  9.370062e+00  1.748301e+01  1.200000e+01
     vertex  9.370062e+00  1.748301e+01  0.000000e+00
     vertex  9.383926e+00  1.752755e+01  0.000000e+00
   endloop
 endfacet
 facet normal  9.625948e-01 -2.709453e-01  0.000000e+00
   outer loop
     vertex  9.370062e+00  1.748301e+01  1.200000e+01
     vertex  9.357424e+00  1.743811e+01  0.000000e+00
     vertex  9.370062e+00  1.748301e+01  0.000000e+00
   endloop
 endfacet
 facet normal  9.547993e-01 -2.972512e-01  0.000000e+00
   outer loop
     vertex  9.370062e+00  1.748301e+01  1.200000e+01
     vertex  9.383926e+00  1.752755e+01  0.000000e+00
     vertex  9.383926e+00  1.752755e+01  1.200000e+01
   endloop
 endfacet
 facet normal  9.625948e-01 -2.709453e-01  0.000000e+00
   outer loop
     vertex  9.357424e+00  1.743811e+01  1.200000e+01
     vertex  9.357424e+00  1.743811e+01  0.000000e+00
     vertex  9.370062e+00  1.748301e+01  1.200000e+01
   endloop
 endfacet
 facet normal  9.696656e-01 -2.444354e-01  0.000000e+00
   outer loop
     vertex  9.346023e+00  1.739289e+01  1.200000e+01
     vertex  9.346023e+00  1.739289e+01  0.000000e+00
     vertex  9.357424e+00  1.743811e+01  0.000000e+00
   endloop
 endfacet
 facet normal  9.696656e-01 -2.444354e-01  0.000000e+00
   outer loop
     vertex  9.346023e+00  1.739289e+01  1.200000e+01
     vertex  9.357424e+00  1.743811e+01  0.000000e+00
     vertex  9.357424e+00  1.743811e+01  1.200000e+01
   endloop
 endfacet
 facet normal  9.760065e-01 -2.177416e-01  0.000000e+00
   outer loop
     vertex  9.335867e+00  1.734736e+01  1.200000e+01
     vertex  9.335867e+00  1.734736e+01  0.000000e+00
     vertex  9.346023e+00  1.739289e+01  0.000000e+00
   endloop
 endfacet
 facet normal  9.816126e-01 -1.908838e-01  0.000000e+00
   outer loop
     vertex  9.335867e+00  1.734736e+01  1.200000e+01
     vertex  9.326964e+00  1.730158e+01  0.000000e+00
     vertex  9.335867e+00  1.734736e+01  0.000000e+00
   endloop
 endfacet
 facet normal  9.760065e-01 -2.177416e-01  0.000000e+00
   outer loop
     vertex  9.335867e+00  1.734736e+01  1.200000e+01
     vertex  9.346023e+00  1.739289e+01  0.000000e+00
     vertex  9.346023e+00  1.739289e+01  1.200000e+01
   endloop
 endfacet
 facet normal  9.816126e-01 -1.908838e-01  0.000000e+00
   outer loop
     vertex  9.326964e+00  1.730158e+01  1.200000e+01
     vertex  9.326964e+00  1.730158e+01  0.000000e+00
     vertex  9.335867e+00  1.734736e+01  1.200000e+01
   endloop
 endfacet
 facet normal  9.864799e-01 -1.638824e-01  0.000000e+00
   outer loop
     vertex  9.319320e+00  1.725557e+01  1.200000e+01
     vertex  9.319320e+00  1.725557e+01  0.000000e+00
     vertex  9.326964e+00  1.730158e+01  0.000000e+00
   endloop
 endfacet
 facet normal  9.864799e-01 -1.638824e-01  0.000000e+00
   outer loop
     vertex  9.319320e+00  1.725557e+01  1.200000e+01
     vertex  9.326964e+00  1.730158e+01  0.000000e+00
     vertex  9.326964e+00  1.730158e+01  1.200000e+01
   endloop
 endfacet
 facet normal  9.906046e-01 -1.367575e-01  0.000000e+00
   outer loop
     vertex  9.312941e+00  1.720936e+01  1.200000e+01
     vertex  9.312941e+00  1.720936e+01  0.000000e+00
     vertex  9.319320e+00  1.725557e+01  0.000000e+00
   endloop
 endfacet
 facet normal  9.939835e-01 -1.095298e-01  0.000000e+00
   outer loop
     vertex  9.312941e+00  1.720936e+01  1.200000e+01
     vertex  9.307833e+00  1.716300e+01  0.000000e+00
     vertex  9.312941e+00  1.720936e+01  0.000000e+00
   endloop
 endfacet
 facet normal  9.906046e-01 -1.367575e-01  0.000000e+00
   outer loop
     vertex  9.312941e+00  1.720936e+01  1.200000e+01
     vertex  9.319320e+00  1.725557e+01  0.000000e+00
     vertex  9.319320e+00  1.725557e+01  1.200000e+01
   endloop
 endfacet
 facet normal  9.939835e-01 -1.095298e-01  0.000000e+00
   outer loop
     vertex  9.307833e+00  1.716300e+01  1.200000e+01
     vertex  9.307833e+00  1.716300e+01  0.000000e+00
     vertex  9.312941e+00  1.720936e+01  1.200000e+01
   endloop
 endfacet
 facet normal  9.966142e-01 -8.221955e-02  0.000000e+00
   outer loop
     vertex  9.303998e+00  1.711652e+01  1.200000e+01
     vertex  9.307833e+00  1.716300e+01  0.000000e+00
     vertex  9.307833e+00  1.716300e+01  1.200000e+01
   endloop
 endfacet
 facet normal  9.966142e-01 -8.221955e-02  0.000000e+00
   outer loop
     vertex  9.303998e+00  1.711652e+01  1.200000e+01
     vertex  9.303998e+00  1.711652e+01  0.000000e+00
     vertex  9.307833e+00  1.716300e+01  0.000000e+00
   endloop
 endfacet
 facet normal  9.984947e-01 -5.484744e-02  0.000000e+00
   outer loop
     vertex  9.303998e+00  1.711652e+01  1.200000e+01
     vertex  9.301440e+00  1.706995e+01  0.000000e+00
     vertex  9.303998e+00  1.711652e+01  0.000000e+00
   endloop
 endfacet
 facet normal  9.984947e-01 -5.484744e-02  0.000000e+00
   outer loop
     vertex  9.301440e+00  1.706995e+01  1.200000e+01
     vertex  9.301440e+00  1.706995e+01  0.000000e+00
     vertex  9.303998e+00  1.711652e+01  1.200000e+01
   endloop
 endfacet
 facet normal  9.996236e-01 -2.743405e-02  0.000000e+00
   outer loop
     vertex  9.301440e+00  1.706995e+01  1.200000e+01
     vertex  9.300160e+00  1.702332e+01  0.000000e+00
     vertex  9.301440e+00  1.706995e+01  0.000000e+00
   endloop
 endfacet
 facet normal  9.996236e-01 -2.743405e-02  0.000000e+00
   outer loop
     vertex  9.300160e+00  1.702332e+01  1.200000e+01
     vertex  9.300160e+00  1.702332e+01  0.000000e+00
     vertex  9.301440e+00  1.706995e+01  1.200000e+01
   endloop
 endfacet
 facet normal  1.000000e+00  0.000000e+00  0.000000e+00
   outer loop
     vertex  9.300160e+00  1.702332e+01  1.200000e+01
     vertex  9.300160e+00  1.697668e+01  0.000000e+00
     vertex  9.300160e+00  1.702332e+01  0.000000e+00
   endloop
 endfacet
 facet normal  1.000000e+00 -0.000000e+00  0.000000e+00
   outer loop
     vertex  9.300160e+00  1.697668e+01  1.200000e+01
     vertex  9.300160e+00  1.697668e+01  0.000000e+00
     vertex  9.300160e+00  1.702332e+01  1.200000e+01
   endloop
 endfacet
 facet normal  9.996236e-01  2.743405e-02  0.000000e+00
   outer loop
     vertex  9.301440e+00  1.693005e+01  1.200000e+01
     vertex  9.300160e+00  1.697668e+01  0.000000e+00
     vertex  9.300160e+00  1.697668e+01  1.200000e+01
   endloop
 endfacet
 facet normal  9.996236e-01  2.743405e-02  0.000000e+00
   outer loop
     vertex  9.301440e+00  1.693005e+01  1.200000e+01
     vertex  9.301440e+00  1.693005e+01  0.000000e+00
     vertex  9.300160e+00  1.697668e+01  0.000000e+00
   endloop
 endfacet
 facet normal  9.984947e-01  5.484744e-02  0.000000e+00
   outer loop
     vertex  9.303998e+00  1.688348e+01  1.200000e+01
     vertex  9.301440e+00  1.693005e+01  0.000000e+00
     vertex  9.301440e+00  1.693005e+01  1.200000e+01
   endloop
 endfacet
 facet normal  9.984947e-01  5.484744e-02  0.000000e+00
   outer loop
     vertex  9.303998e+00  1.688348e+01  1.200000e+01
     vertex  9.303998e+00  1.688348e+01  0.000000e+00
     vertex  9.301440e+00  1.693005e+01  0.000000e+00
   endloop
 endfacet
 facet normal  9.966142e-01  8.221955e-02  0.000000e+00
   outer loop
     vertex  9.307833e+00  1.683700e+01  1.200000e+01
     vertex  9.303998e+00  1.688348e+01  0.000000e+00
     vertex  9.303998e+00  1.688348e+01  1.200000e+01
   endloop
 endfacet
 facet normal  9.966142e-01  8.221955e-02  0.000000e+00
   outer loop
     vertex  9.307833e+00  1.683700e+01  1.200000e+01
     vertex  9.307833e+00  1.683700e+01  0.000000e+00
     vertex  9.303998e+00  1.688348e+01  0.000000e+00
   endloop
 endfacet
 facet normal  9.939835e-01  1.095298e-01  0.000000e+00
   outer loop
     vertex  9.307833e+00  1.683700e+01  1.200000e+01
     vertex  9.312941e+00  1.679064e+01  0.000000e+00
     vertex  9.307833e+00  1.683700e+01  0.000000e+00
   endloop
 endfacet
 facet normal  9.939835e-01  1.095298e-01  0.000000e+00
   outer loop
     vertex  9.312941e+00  1.679064e+01  1.200000e+01
     vertex  9.312941e+00  1.679064e+01  0.000000e+00
     vertex  9.307833e+00  1.683700e+01  1.200000e+01
   endloop
 endfacet
 facet normal  9.906046e-01  1.367575e-01  0.000000e+00
   outer loop
     vertex  9.312941e+00  1.679064e+01  1.200000e+01
     vertex  9.319320e+00  1.674443e+01  0.000000e+00
     vertex  9.312941e+00  1.679064e+01  0.000000e+00
   endloop
 endfacet
 facet normal  9.906046e-01  1.367575e-01  0.000000e+00
   outer loop
     vertex  9.319320e+00  1.674443e+01  1.200000e+01
     vertex  9.319320e+00  1.674443e+01  0.000000e+00
     vertex  9.312941e+00  1.679064e+01  1.200000e+01
   endloop
 endfacet
 facet normal  9.864799e-01  1.638824e-01  0.000000e+00
   outer loop
     vertex  9.319320e+00  1.674443e+01  1.200000e+01
     vertex  9.326964e+00  1.669842e+01  0.000000e+00
     vertex  9.319320e+00  1.674443e+01  0.000000e+00
   endloop
 endfacet
 facet normal  9.864799e-01  1.638824e-01  0.000000e+00
   outer loop
     vertex  9.326964e+00  1.669842e+01  1.200000e+01
     vertex  9.326964e+00  1.669842e+01  0.000000e+00
     vertex  9.319320e+00  1.674443e+01  1.200000e+01
   endloop
 endfacet
 facet normal  9.816126e-01  1.908838e-01  0.000000e+00
   outer loop
     vertex  9.335867e+00  1.665264e+01  1.200000e+01
     vertex  9.326964e+00  1.669842e+01  0.000000e+00
     vertex  9.326964e+00  1.669842e+01  1.200000e+01
   endloop
 endfacet
 facet normal  9.816126e-01  1.908838e-01  0.000000e+00
   outer loop
     vertex  9.335867e+00  1.665264e+01  1.200000e+01
     vertex  9.335867e+00  1.665264e+01  0.000000e+00
     vertex  9.326964e+00  1.669842e+01  0.000000e+00
   endloop
 endfacet
 facet normal  9.760065e-01  2.177416e-01  0.000000e+00
   outer loop
     vertex  9.335867e+00  1.665264e+01  1.200000e+01
     vertex  9.346023e+00  1.660711e+01  0.000000e+00
     vertex  9.335867e+00  1.665264e+01  0.000000e+00
   endloop
 endfacet
 facet normal  9.760065e-01  2.177416e-01  0.000000e+00
   outer loop
     vertex  9.346023e+00  1.660711e+01  1.200000e+01
     vertex  9.346023e+00  1.660711e+01  0.000000e+00
     vertex  9.335867e+00  1.665264e+01  1.200000e+01
   endloop
 endfacet
 facet normal  9.696656e-01  2.444354e-01  0.000000e+00
   outer loop
     vertex  9.357424e+00  1.656189e+01  1.200000e+01
     vertex  9.357424e+00  1.656189e+01  0.000000e+00
     vertex  9.346023e+00  1.660711e+01  0.000000e+00
   endloop
 endfacet
 facet normal  9.625948e-01  2.709453e-01  0.000000e+00
   outer loop
     vertex  9.357424e+00  1.656189e+01  1.200000e+01
     vertex  9.370062e+00  1.651699e+01  0.000000e+00
     vertex  9.357424e+00  1.656189e+01  0.000000e+00
   endloop
 endfacet
 facet normal  9.696656e-01  2.444354e-01  0.000000e+00
   outer loop
     vertex  9.357424e+00  1.656189e+01  1.200000e+01
     vertex  9.346023e+00  1.660711e+01  0.000000e+00
     vertex  9.346023e+00  1.660711e+01  1.200000e+01
   endloop
 endfacet
 facet normal  9.625948e-01  2.709453e-01  0.000000e+00
   outer loop
     vertex  9.370062e+00  1.651699e+01  1.200000e+01
     vertex  9.370062e+00  1.651699e+01  0.000000e+00
     vertex  9.357424e+00  1.656189e+01  1.200000e+01
   endloop
 endfacet
 facet normal  9.547993e-01  2.972512e-01  0.000000e+00
   outer loop
     vertex  9.383926e+00  1.647245e+01  1.200000e+01
     vertex  9.383926e+00  1.647245e+01  0.000000e+00
     vertex  9.370062e+00  1.651699e+01  0.000000e+00
   endloop
 endfacet
 facet normal  9.547993e-01  2.972512e-01  0.000000e+00
   outer loop
     vertex  9.383926e+00  1.647245e+01  1.200000e+01
     vertex  9.370062e+00  1.651699e+01  0.000000e+00
     vertex  9.370062e+00  1.651699e+01  1.200000e+01
   endloop
 endfacet
 facet normal  9.462851e-01  3.233333e-01  0.000000e+00
   outer loop
     vertex  9.399007e+00  1.642832e+01  1.200000e+01
     vertex  9.399007e+00  1.642832e+01  0.000000e+00
     vertex  9.383926e+00  1.647245e+01  0.000000e+00
   endloop
 endfacet
 facet normal  9.370586e-01  3.491720e-01  0.000000e+00
   outer loop
     vertex  9.399007e+00  1.642832e+01  1.200000e+01
     vertex  9.415293e+00  1.638461e+01  0.000000e+00
     vertex  9.399007e+00  1.642832e+01  0.000000e+00
   endloop
 endfacet
 facet normal  9.462851e-01  3.233333e-01  0.000000e+00
   outer loop
     vertex  9.399007e+00  1.642832e+01  1.200000e+01
     vertex  9.383926e+00  1.647245e+01  0.000000e+00
     vertex  9.383926e+00  1.647245e+01  1.200000e+01
   endloop
 endfacet
 facet normal  9.370586e-01  3.491720e-01  0.000000e+00
   outer loop
     vertex  9.415293e+00  1.638461e+01  1.200000e+01
     vertex  9.415293e+00  1.638461e+01  0.000000e+00
     vertex  9.399007e+00  1.642832e+01  1.200000e+01
   endloop
 endfacet
 facet normal  9.271267e-01  3.747479e-01  0.000000e+00
   outer loop
     vertex  9.432772e+00  1.634137e+01  1.200000e+01
     vertex  9.432772e+00  1.634137e+01  0.000000e+00
     vertex  9.415293e+00  1.638461e+01  0.000000e+00
   endloop
 endfacet
 facet normal  9.271267e-01  3.747479e-01  0.000000e+00
   outer loop
     vertex  9.432772e+00  1.634137e+01  1.200000e+01
     vertex  9.415293e+00  1.638461e+01  0.000000e+00
     vertex  9.415293e+00  1.638461e+01  1.200000e+01
   endloop
 endfacet
 facet normal  9.164969e-01  4.000417e-01  0.000000e+00
   outer loop
     vertex  9.451431e+00  1.629862e+01  1.200000e+01
     vertex  9.451431e+00  1.629862e+01  0.000000e+00
     vertex  9.432772e+00  1.634137e+01  0.000000e+00
   endloop
 endfacet
 facet normal  9.051772e-01  4.250344e-01  0.000000e+00
   outer loop
     vertex  9.451431e+00  1.629862e+01  1.200000e+01
     vertex  9.471256e+00  1.625640e+01  0.000000e+00
     vertex  9.451431e+00  1.629862e+01  0.000000e+00
   endloop
 endfacet
 facet normal  9.164969e-01  4.000417e-01  0.000000e+00
   outer loop
     vertex  9.451431e+00  1.629862e+01  1.200000e+01
     vertex  9.432772e+00  1.634137e+01  0.000000e+00
     vertex  9.432772e+00  1.634137e+01  1.200000e+01
   endloop
 endfacet
 facet normal  8.931761e-01  4.497071e-01  0.000000e+00
   outer loop
     vertex  9.471256e+00  1.625640e+01  1.200000e+01
     vertex  9.492231e+00  1.621474e+01  0.000000e+00
     vertex  9.471256e+00  1.625640e+01  0.000000e+00
   endloop
 endfacet
 facet normal  9.051772e-01  4.250344e-01  0.000000e+00
   outer loop
     vertex  9.471256e+00  1.625640e+01  1.200000e+01
     vertex  9.471256e+00  1.625640e+01  0.000000e+00
     vertex  9.451431e+00  1.629862e+01  1.200000e+01
   endloop
 endfacet
 facet normal  8.931761e-01  4.497071e-01  0.000000e+00
   outer loop
     vertex  9.492231e+00  1.621474e+01  1.200000e+01
     vertex  9.492231e+00  1.621474e+01  0.000000e+00
     vertex  9.471256e+00  1.625640e+01  1.200000e+01
   endloop
 endfacet
 facet normal  8.805026e-01  4.740412e-01  0.000000e+00
   outer loop
     vertex  9.514342e+00  1.617367e+01  1.200000e+01
     vertex  9.514342e+00  1.617367e+01  0.000000e+00
     vertex  9.492231e+00  1.621474e+01  0.000000e+00
   endloop
 endfacet
 facet normal  8.805026e-01  4.740412e-01  0.000000e+00
   outer loop
     vertex  9.514342e+00  1.617367e+01  1.200000e+01
     vertex  9.492231e+00  1.621474e+01  0.000000e+00
     vertex  9.492231e+00  1.621474e+01  1.200000e+01
   endloop
 endfacet
 facet normal  8.671664e-01  4.980186e-01  0.000000e+00
   outer loop
     vertex  9.537570e+00  1.613322e+01  1.200000e+01
     vertex  9.537570e+00  1.613322e+01  0.000000e+00
     vertex  9.514342e+00  1.617367e+01  0.000000e+00
   endloop
 endfacet
 facet normal  8.531773e-01  5.216210e-01  0.000000e+00
   outer loop
     vertex  9.537570e+00  1.613322e+01  1.200000e+01
     vertex  9.561900e+00  1.609343e+01  0.000000e+00
     vertex  9.537570e+00  1.613322e+01  0.000000e+00
   endloop
 endfacet
 facet normal  8.671664e-01  4.980186e-01  0.000000e+00
   outer loop
     vertex  9.537570e+00  1.613322e+01  1.200000e+01
     vertex  9.514342e+00  1.617367e+01  0.000000e+00
     vertex  9.514342e+00  1.617367e+01  1.200000e+01
   endloop
 endfacet
 facet normal  8.531773e-01  5.216210e-01  0.000000e+00
   outer loop
     vertex  9.561900e+00  1.609343e+01  1.200000e+01
     vertex  9.561900e+00  1.609343e+01  0.000000e+00
     vertex  9.537570e+00  1.613322e+01  1.200000e+01
   endloop
 endfacet
 facet normal  8.385460e-01  5.448308e-01  0.000000e+00
   outer loop
     vertex  9.587312e+00  1.605432e+01  1.200000e+01
     vertex  9.561900e+00  1.609343e+01  0.000000e+00
     vertex  9.561900e+00  1.609343e+01  1.200000e+01
   endloop
 endfacet
 facet normal  8.385460e-01  5.448308e-01  0.000000e+00
   outer loop
     vertex  9.587312e+00  1.605432e+01  1.200000e+01
     vertex  9.587312e+00  1.605432e+01  0.000000e+00
     vertex  9.561900e+00  1.609343e+01  0.000000e+00
   endloop
 endfacet
 facet normal  8.232835e-01  5.676304e-01  0.000000e+00
   outer loop
     vertex  9.587312e+00  1.605432e+01  1.200000e+01
     vertex  9.613788e+00  1.601592e+01  0.000000e+00
     vertex  9.587312e+00  1.605432e+01  0.000000e+00
   endloop
 endfacet
 facet normal  8.232835e-01  5.676304e-01  0.000000e+00
   outer loop
     vertex  9.613788e+00  1.601592e+01  1.200000e+01
     vertex  9.613788e+00  1.601592e+01  0.000000e+00
     vertex  9.587312e+00  1.605432e+01  1.200000e+01
   endloop
 endfacet
 facet normal  8.074012e-01  5.900028e-01  0.000000e+00
   outer loop
     vertex  9.613788e+00  1.601592e+01  1.200000e+01
     vertex  9.641307e+00  1.597826e+01  0.000000e+00
     vertex  9.613788e+00  1.601592e+01  0.000000e+00
   endloop
 endfacet
 facet normal  8.074012e-01  5.900028e-01  0.000000e+00
   outer loop
     vertex  9.641307e+00  1.597826e+01  1.200000e+01
     vertex  9.641307e+00  1.597826e+01  0.000000e+00
     vertex  9.613788e+00  1.601592e+01  1.200000e+01
   endloop
 endfacet
 facet normal  7.909112e-01  6.119310e-01  0.000000e+00
   outer loop
     vertex  9.669848e+00  1.594137e+01  1.200000e+01
     vertex  9.641307e+00  1.597826e+01  0.000000e+00
     vertex  9.641307e+00  1.597826e+01  1.200000e+01
   endloop
 endfacet
 facet normal  7.909112e-01  6.119310e-01  0.000000e+00
   outer loop
     vertex  9.669848e+00  1.594137e+01  1.200000e+01
     vertex  9.669848e+00  1.594137e+01  0.000000e+00
     vertex  9.641307e+00  1.597826e+01  0.000000e+00
   endloop
 endfacet
 facet normal  7.738257e-01  6.333986e-01  0.000000e+00
   outer loop
     vertex  9.669848e+00  1.594137e+01  1.200000e+01
     vertex  9.699392e+00  1.590528e+01  0.000000e+00
     vertex  9.669848e+00  1.594137e+01  0.000000e+00
   endloop
 endfacet
 facet normal  7.738257e-01  6.333986e-01  0.000000e+00
   outer loop
     vertex  9.699392e+00  1.590528e+01  1.200000e+01
     vertex  9.699392e+00  1.590528e+01  0.000000e+00
     vertex  9.669848e+00  1.594137e+01  1.200000e+01
   endloop
 endfacet
 facet normal  7.561578e-01  6.543893e-01  0.000000e+00
   outer loop
     vertex  9.729914e+00  1.587001e+01  1.200000e+01
     vertex  9.699392e+00  1.590528e+01  0.000000e+00
     vertex  9.699392e+00  1.590528e+01  1.200000e+01
   endloop
 endfacet
 facet normal  7.561578e-01  6.543893e-01  0.000000e+00
   outer loop
     vertex  9.729914e+00  1.587001e+01  1.200000e+01
     vertex  9.729914e+00  1.587001e+01  0.000000e+00
     vertex  9.699392e+00  1.590528e+01  0.000000e+00
   endloop
 endfacet
 facet normal  7.379206e-01  6.748875e-01  0.000000e+00
   outer loop
     vertex  9.729914e+00  1.587001e+01  1.200000e+01
     vertex  9.761392e+00  1.583559e+01  0.000000e+00
     vertex  9.729914e+00  1.587001e+01  0.000000e+00
   endloop
 endfacet
 facet normal  7.379206e-01  6.748875e-01  0.000000e+00
   outer loop
     vertex  9.761392e+00  1.583559e+01  1.200000e+01
     vertex  9.761392e+00  1.583559e+01  0.000000e+00
     vertex  9.729914e+00  1.587001e+01  1.200000e+01
   endloop
 endfacet
 facet normal  7.191280e-01  6.948776e-01  0.000000e+00
   outer loop
     vertex  9.761392e+00  1.583559e+01  1.200000e+01
     vertex  9.793803e+00  1.580205e+01  0.000000e+00
     vertex  9.761392e+00  1.583559e+01  0.000000e+00
   endloop
 endfacet
 facet normal  7.191280e-01  6.948776e-01  0.000000e+00
   outer loop
     vertex  9.793803e+00  1.580205e+01  1.200000e+01
     vertex  9.793803e+00  1.580205e+01  0.000000e+00
     vertex  9.761392e+00  1.583559e+01  1.200000e+01
   endloop
 endfacet
 facet normal  6.997940e-01  7.143447e-01  0.000000e+00
   outer loop
     vertex  9.793803e+00  1.580205e+01  1.200000e+01
     vertex  9.827121e+00  1.576941e+01  0.000000e+00
     vertex  9.793803e+00  1.580205e+01  0.000000e+00
   endloop
 endfacet
 facet normal  6.997940e-01  7.143447e-01  0.000000e+00
   outer loop
     vertex  9.827121e+00  1.576941e+01  1.200000e+01
     vertex  9.827121e+00  1.576941e+01  0.000000e+00
     vertex  9.793803e+00  1.580205e+01  1.200000e+01
   endloop
 endfacet
 facet normal  6.799333e-01  7.332740e-01  0.000000e+00
   outer loop
     vertex  9.861323e+00  1.573769e+01  1.200000e+01
     vertex  9.827121e+00  1.576941e+01  0.000000e+00
     vertex  9.827121e+00  1.576941e+01  1.200000e+01
   endloop
 endfacet
 facet normal  6.799333e-01  7.332740e-01  0.000000e+00
   outer loop
     vertex  9.861323e+00  1.573769e+01  1.200000e+01
     vertex  9.861323e+00  1.573769e+01  0.000000e+00
     vertex  9.827121e+00  1.576941e+01  0.000000e+00
   endloop
 endfacet
 facet normal  6.595607e-01  7.516513e-01  0.000000e+00
   outer loop
     vertex  9.896382e+00  1.570693e+01  1.200000e+01
     vertex  9.861323e+00  1.573769e+01  0.000000e+00
     vertex  9.861323e+00  1.573769e+01  1.200000e+01
   endloop
 endfacet
 facet normal  6.595607e-01  7.516513e-01  0.000000e+00
   outer loop
     vertex  9.896382e+00  1.570693e+01  1.200000e+01
     vertex  9.896382e+00  1.570693e+01  0.000000e+00
     vertex  9.861323e+00  1.573769e+01  0.000000e+00
   endloop
 endfacet
 facet normal  6.386916e-01  7.694628e-01  0.000000e+00
   outer loop
     vertex  9.896382e+00  1.570693e+01  1.200000e+01
     vertex  9.932271e+00  1.567714e+01  0.000000e+00
     vertex  9.896382e+00  1.570693e+01  0.000000e+00
   endloop
 endfacet
 facet normal  6.386916e-01  7.694628e-01  0.000000e+00
   outer loop
     vertex  9.932271e+00  1.567714e+01  1.200000e+01
     vertex  9.932271e+00  1.567714e+01  0.000000e+00
     vertex  9.896382e+00  1.570693e+01  1.200000e+01
   endloop
 endfacet
 facet normal  6.173417e-01  7.866951e-01  0.000000e+00
   outer loop
     vertex  9.968964e+00  1.564835e+01  1.200000e+01
     vertex  9.932271e+00  1.567714e+01  0.000000e+00
     vertex  9.932271e+00  1.567714e+01  1.200000e+01
   endloop
 endfacet
 facet normal  6.173417e-01  7.866951e-01  0.000000e+00
   outer loop
     vertex  9.968964e+00  1.564835e+01  1.200000e+01
     vertex  9.968964e+00  1.564835e+01  0.000000e+00
     vertex  9.932271e+00  1.567714e+01  0.000000e+00
   endloop
 endfacet
 facet normal  5.955271e-01  8.033352e-01  0.000000e+00
   outer loop
     vertex  9.968964e+00  1.564835e+01  1.200000e+01
     vertex  1.000643e+01  1.562057e+01  0.000000e+00
     vertex  9.968964e+00  1.564835e+01  0.000000e+00
   endloop
 endfacet
 facet normal  5.955271e-01  8.033352e-01  0.000000e+00
   outer loop
     vertex  1.000643e+01  1.562057e+01  1.200000e+01
     vertex  1.000643e+01  1.562057e+01  0.000000e+00
     vertex  9.968964e+00  1.564835e+01  1.200000e+01
   endloop
 endfacet
 facet normal  5.732642e-01  8.193706e-01  0.000000e+00
   outer loop
     vertex  1.000643e+01  1.562057e+01  1.200000e+01
     vertex  1.004465e+01  1.559383e+01  0.000000e+00
     vertex  1.000643e+01  1.562057e+01  0.000000e+00
   endloop
 endfacet
 facet normal  5.732642e-01  8.193706e-01  0.000000e+00
   outer loop
     vertex  1.004465e+01  1.559383e+01  1.200000e+01
     vertex  1.004465e+01  1.559383e+01  0.000000e+00
     vertex  1.000643e+01  1.562057e+01  1.200000e+01
   endloop
 endfacet
 facet normal  5.505698e-01  8.347891e-01  0.000000e+00
   outer loop
     vertex  1.004465e+01  1.559383e+01  1.200000e+01
     vertex  1.008359e+01  1.556815e+01  0.000000e+00
     vertex  1.004465e+01  1.559383e+01  0.000000e+00
   endloop
 endfacet
 facet normal  5.505698e-01  8.347891e-01  0.000000e+00
   outer loop
     vertex  1.008359e+01  1.556815e+01  1.200000e+01
     vertex  1.008359e+01  1.556815e+01  0.000000e+00
     vertex  1.004465e+01  1.559383e+01  1.200000e+01
   endloop
 endfacet
 facet normal  5.274609e-01  8.495793e-01  0.000000e+00
   outer loop
     vertex  1.012321e+01  1.554355e+01  1.200000e+01
     vertex  1.008359e+01  1.556815e+01  0.000000e+00
     vertex  1.008359e+01  1.556815e+01  1.200000e+01
   endloop
 endfacet
 facet normal  5.274609e-01  8.495793e-01  0.000000e+00
   outer loop
     vertex  1.012321e+01  1.554355e+01  1.200000e+01
     vertex  1.012321e+01  1.554355e+01  0.000000e+00
     vertex  1.008359e+01  1.556815e+01  0.000000e+00
   endloop
 endfacet
 facet normal  5.039550e-01  8.637299e-01  0.000000e+00
   outer loop
     vertex  1.012321e+01  1.554355e+01  1.200000e+01
     vertex  1.016350e+01  1.552004e+01  0.000000e+00
     vertex  1.012321e+01  1.554355e+01  0.000000e+00
   endloop
 endfacet
 facet normal  5.039550e-01  8.637299e-01  0.000000e+00
   outer loop
     vertex  1.016350e+01  1.552004e+01  1.200000e+01
     vertex  1.016350e+01  1.552004e+01  0.000000e+00
     vertex  1.012321e+01  1.554355e+01  1.200000e+01
   endloop
 endfacet
 facet normal  4.800697e-01  8.772303e-01  0.000000e+00
   outer loop
     vertex  1.020442e+01  1.549765e+01  1.200000e+01
     vertex  1.016350e+01  1.552004e+01  0.000000e+00
     vertex  1.016350e+01  1.552004e+01  1.200000e+01
   endloop
 endfacet
 facet normal  4.800697e-01  8.772303e-01  0.000000e+00
   outer loop
     vertex  1.020442e+01  1.549765e+01  1.200000e+01
     vertex  1.020442e+01  1.549765e+01  0.000000e+00
     vertex  1.016350e+01  1.552004e+01  0.000000e+00
   endloop
 endfacet
 facet normal  4.558231e-01  8.900704e-01  0.000000e+00
   outer loop
     vertex  1.020442e+01  1.549765e+01  1.200000e+01
     vertex  1.024593e+01  1.547639e+01  0.000000e+00
     vertex  1.020442e+01  1.549765e+01  0.000000e+00
   endloop
 endfacet
 facet normal  4.558231e-01  8.900704e-01  0.000000e+00
   outer loop
     vertex  1.024593e+01  1.547639e+01  1.200000e+01
     vertex  1.024593e+01  1.547639e+01  0.000000e+00
     vertex  1.020442e+01  1.549765e+01  1.200000e+01
   endloop
 endfacet
 facet normal  4.312333e-01  9.022405e-01  0.000000e+00
   outer loop
     vertex  1.028801e+01  1.545628e+01  1.200000e+01
     vertex  1.024593e+01  1.547639e+01  0.000000e+00
     vertex  1.024593e+01  1.547639e+01  1.200000e+01
   endloop
 endfacet
 facet normal  4.312333e-01  9.022405e-01  0.000000e+00
   outer loop
     vertex  1.028801e+01  1.545628e+01  1.200000e+01
     vertex  1.028801e+01  1.545628e+01  0.000000e+00
     vertex  1.024593e+01  1.547639e+01  0.000000e+00
   endloop
 endfacet
 facet normal  4.063188e-01  9.137314e-01  0.000000e+00
   outer loop
     vertex  1.033063e+01  1.543733e+01  1.200000e+01
     vertex  1.028801e+01  1.545628e+01  0.000000e+00
     vertex  1.028801e+01  1.545628e+01  1.200000e+01
   endloop
 endfacet
 facet normal  4.063188e-01  9.137314e-01  0.000000e+00
   outer loop
     vertex  1.033063e+01  1.543733e+01  1.200000e+01
     vertex  1.033063e+01  1.543733e+01  0.000000e+00
     vertex  1.028801e+01  1.545628e+01  0.000000e+00
   endloop
 endfacet
 facet normal  3.810986e-01  9.245344e-01  0.000000e+00
   outer loop
     vertex  1.033063e+01  1.543733e+01  1.200000e+01
     vertex  1.037375e+01  1.541955e+01  0.000000e+00
     vertex  1.033063e+01  1.543733e+01  0.000000e+00
   endloop
 endfacet
 facet normal  3.810986e-01  9.245344e-01  0.000000e+00
   outer loop
     vertex  1.037375e+01  1.541955e+01  1.200000e+01
     vertex  1.037375e+01  1.541955e+01  0.000000e+00
     vertex  1.033063e+01  1.543733e+01  1.200000e+01
   endloop
 endfacet
 facet normal  3.555914e-01  9.346415e-01  0.000000e+00
   outer loop
     vertex  1.041735e+01  1.540297e+01  1.200000e+01
     vertex  1.041735e+01  1.540297e+01  0.000000e+00
     vertex  1.037375e+01  1.541955e+01  0.000000e+00
   endloop
 endfacet
 facet normal  3.555914e-01  9.346415e-01  0.000000e+00
   outer loop
     vertex  1.041735e+01  1.540297e+01  1.200000e+01
     vertex  1.037375e+01  1.541955e+01  0.000000e+00
     vertex  1.037375e+01  1.541955e+01  1.200000e+01
   endloop
 endfacet
 facet normal  3.298166e-01  9.440450e-01  0.000000e+00
   outer loop
     vertex  1.046138e+01  1.538758e+01  1.200000e+01
     vertex  1.046138e+01  1.538758e+01  0.000000e+00
     vertex  1.041735e+01  1.540297e+01  0.000000e+00
   endloop
 endfacet
 facet normal  3.037934e-01  9.527379e-01  0.000000e+00
   outer loop
     vertex  1.046138e+01  1.538758e+01  1.200000e+01
     vertex  1.050582e+01  1.537341e+01  0.000000e+00
     vertex  1.046138e+01  1.538758e+01  0.000000e+00
   endloop
 endfacet
 facet normal  3.298166e-01  9.440450e-01  0.000000e+00
   outer loop
     vertex  1.046138e+01  1.538758e+01  1.200000e+01
     vertex  1.041735e+01  1.540297e+01  0.000000e+00
     vertex  1.041735e+01  1.540297e+01  1.200000e+01
   endloop
 endfacet
 facet normal  2.775416e-01  9.607136e-01  0.000000e+00
   outer loop
     vertex  1.050582e+01  1.537341e+01  1.200000e+01
     vertex  1.055063e+01  1.536047e+01  0.000000e+00
     vertex  1.050582e+01  1.537341e+01  0.000000e+00
   endloop
 endfacet
 facet normal  3.037934e-01  9.527379e-01  0.000000e+00
   outer loop
     vertex  1.050582e+01  1.537341e+01  1.200000e+01
     vertex  1.050582e+01  1.537341e+01  0.000000e+00
     vertex  1.046138e+01  1.538758e+01  1.200000e+01
   endloop
 endfacet
 facet normal  2.775416e-01  9.607136e-01  0.000000e+00
   outer loop
     vertex  1.055063e+01  1.536047e+01  1.200000e+01
     vertex  1.055063e+01  1.536047e+01  0.000000e+00
     vertex  1.050582e+01  1.537341e+01  1.200000e+01
   endloop
 endfacet
 facet normal  2.510809e-01  9.679661e-01  0.000000e+00
   outer loop
     vertex  1.059578e+01  1.534876e+01  1.200000e+01
     vertex  1.055063e+01  1.536047e+01  0.000000e+00
     vertex  1.055063e+01  1.536047e+01  1.200000e+01
   endloop
 endfacet
 facet normal  2.510809e-01  9.679661e-01  0.000000e+00
   outer loop
     vertex  1.059578e+01  1.534876e+01  1.200000e+01
     vertex  1.059578e+01  1.534876e+01  0.000000e+00
     vertex  1.055063e+01  1.536047e+01  0.000000e+00
   endloop
 endfacet
 facet normal  2.244312e-01  9.744899e-01  0.000000e+00
   outer loop
     vertex  1.059578e+01  1.534876e+01  1.200000e+01
     vertex  1.064123e+01  1.533829e+01  0.000000e+00
     vertex  1.059578e+01  1.534876e+01  0.000000e+00
   endloop
 endfacet
 facet normal  2.244312e-01  9.744899e-01  0.000000e+00
   outer loop
     vertex  1.064123e+01  1.533829e+01  1.200000e+01
     vertex  1.064123e+01  1.533829e+01  0.000000e+00
     vertex  1.059578e+01  1.534876e+01  1.200000e+01
   endloop
 endfacet
 facet normal  1.976125e-01  9.802802e-01  0.000000e+00
   outer loop
     vertex  1.068695e+01  1.532907e+01  1.200000e+01
     vertex  1.064123e+01  1.533829e+01  0.000000e+00
     vertex  1.064123e+01  1.533829e+01  1.200000e+01
   endloop
 endfacet
 facet normal  1.976125e-01  9.802802e-01  0.000000e+00
   outer loop
     vertex  1.068695e+01  1.532907e+01  1.200000e+01
     vertex  1.068695e+01  1.532907e+01  0.000000e+00
     vertex  1.064123e+01  1.533829e+01  0.000000e+00
   endloop
 endfacet
 facet normal  1.706451e-01  9.853326e-01  0.000000e+00
   outer loop
     vertex  1.068695e+01  1.532907e+01  1.200000e+01
     vertex  1.073291e+01  1.532111e+01  0.000000e+00
     vertex  1.068695e+01  1.532907e+01  0.000000e+00
   endloop
 endfacet
 facet normal  1.706451e-01  9.853326e-01  0.000000e+00
   outer loop
     vertex  1.073291e+01  1.532111e+01  1.200000e+01
     vertex  1.073291e+01  1.532111e+01  0.000000e+00
     vertex  1.068695e+01  1.532907e+01  1.200000e+01
   endloop
 endfacet
 facet normal  1.435492e-01  9.896432e-01  0.000000e+00
   outer loop
     vertex  1.073291e+01  1.532111e+01  1.200000e+01
     vertex  1.077907e+01  1.531442e+01  0.000000e+00
     vertex  1.073291e+01  1.532111e+01  0.000000e+00
   endloop
 endfacet
 facet normal  1.435492e-01  9.896432e-01  0.000000e+00
   outer loop
     vertex  1.077907e+01  1.531442e+01  1.200000e+01
     vertex  1.077907e+01  1.531442e+01  0.000000e+00
     vertex  1.073291e+01  1.532111e+01  1.200000e+01
   endloop
 endfacet
 facet normal  1.163452e-01  9.932088e-01  0.000000e+00
   outer loop
     vertex  1.077907e+01  1.531442e+01  1.200000e+01
     vertex  1.082539e+01  1.530899e+01  0.000000e+00
     vertex  1.077907e+01  1.531442e+01  0.000000e+00
   endloop
 endfacet
 facet normal  1.163452e-01  9.932088e-01  0.000000e+00
   outer loop
     vertex  1.082539e+01  1.530899e+01  1.200000e+01
     vertex  1.082539e+01  1.530899e+01  0.000000e+00
     vertex  1.077907e+01  1.531442e+01  1.200000e+01
   endloop
 endfacet
 facet normal  8.905371e-02  9.960268e-01  0.000000e+00
   outer loop
     vertex  1.087185e+01  1.530484e+01  1.200000e+01
     vertex  1.082539e+01  1.530899e+01  0.000000e+00
     vertex  1.082539e+01  1.530899e+01  1.200000e+01
   endloop
 endfacet
 facet normal  8.905371e-02  9.960268e-01  0.000000e+00
   outer loop
     vertex  1.087185e+01  1.530484e+01  1.200000e+01
     vertex  1.087185e+01  1.530484e+01  0.000000e+00
     vertex  1.082539e+01  1.530899e+01  0.000000e+00
   endloop
 endfacet
 facet normal  6.169515e-02  9.980950e-01  0.000000e+00
   outer loop
     vertex  1.087185e+01  1.530484e+01  1.200000e+01
     vertex  1.091840e+01  1.530196e+01  0.000000e+00
     vertex  1.087185e+01  1.530484e+01  0.000000e+00
   endloop
 endfacet
 facet normal  6.169515e-02  9.980950e-01  0.000000e+00
   outer loop
     vertex  1.091840e+01  1.530196e+01  1.200000e+01
     vertex  1.091840e+01  1.530196e+01  0.000000e+00
     vertex  1.087185e+01  1.530484e+01  1.200000e+01
   endloop
 endfacet
 facet normal  3.429014e-02  9.994119e-01  0.000000e+00
   outer loop
     vertex  1.096502e+01  1.530036e+01  1.200000e+01
     vertex  1.091840e+01  1.530196e+01  0.000000e+00
     vertex  1.091840e+01  1.530196e+01  1.200000e+01
   endloop
 endfacet
 facet normal  3.429014e-02  9.994119e-01  0.000000e+00
   outer loop
     vertex  1.096502e+01  1.530036e+01  1.200000e+01
     vertex  1.096502e+01  1.530036e+01  0.000000e+00
     vertex  1.091840e+01  1.530196e+01  0.000000e+00
   endloop
 endfacet
 facet normal  6.859319e-03  9.999765e-01  0.000000e+00
   outer loop
     vertex  1.096502e+01  1.530036e+01  1.200000e+01
     vertex  1.101166e+01  1.530004e+01  0.000000e+00
     vertex  1.096502e+01  1.530036e+01  0.000000e+00
   endloop
 endfacet
 facet normal  6.859319e-03  9.999765e-01  0.000000e+00
   outer loop
     vertex  1.101166e+01  1.530004e+01  1.200000e+01
     vertex  1.101166e+01  1.530004e+01  0.000000e+00
     vertex  1.096502e+01  1.530036e+01  1.200000e+01
   endloop
 endfacet
 facet normal -4.799716e-02  9.988475e-01  0.000000e+00
   outer loop
     vertex  1.105829e+01  1.530100e+01  1.200000e+01
     vertex  1.110488e+01  1.530324e+01  0.000000e+00
     vertex  1.105829e+01  1.530100e+01  0.000000e+00
   endloop
 endfacet
 facet normal -2.057667e-02  9.997883e-01  0.000000e+00
   outer loop
     vertex  1.105829e+01  1.530100e+01  1.200000e+01
     vertex  1.101166e+01  1.530004e+01  0.000000e+00
     vertex  1.101166e+01  1.530004e+01  1.200000e+01
   endloop
 endfacet
 facet normal -2.057667e-02  9.997883e-01  0.000000e+00
   outer loop
     vertex  1.105829e+01  1.530100e+01  1.200000e+01
     vertex  1.105829e+01  1.530100e+01  0.000000e+00
     vertex  1.101166e+01  1.530004e+01  0.000000e+00
   endloop
 endfacet
 facet normal -4.799716e-02  9.988475e-01  0.000000e+00
   outer loop
     vertex  1.110488e+01  1.530324e+01  1.200000e+01
     vertex  1.110488e+01  1.530324e+01  0.000000e+00
     vertex  1.105829e+01  1.530100e+01  1.200000e+01
   endloop
 endfacet
 facet normal -7.538152e-02  9.971548e-01  0.000000e+00
   outer loop
     vertex  1.115139e+01  1.530675e+01  1.200000e+01
     vertex  1.115139e+01  1.530675e+01  0.000000e+00
     vertex  1.110488e+01  1.530324e+01  0.000000e+00
   endloop
 endfacet
 facet normal -7.538152e-02  9.971548e-01  0.000000e+00
   outer loop
     vertex  1.115139e+01  1.530675e+01  1.200000e+01
     vertex  1.110488e+01  1.530324e+01  0.000000e+00
     vertex  1.110488e+01  1.530324e+01  1.200000e+01
   endloop
 endfacet
 facet normal -1.027091e-01  9.947114e-01  0.000000e+00
   outer loop
     vertex  1.119779e+01  1.531154e+01  1.200000e+01
     vertex  1.119779e+01  1.531154e+01  0.000000e+00
     vertex  1.115139e+01  1.530675e+01  0.000000e+00
   endloop
 endfacet
 facet normal -1.027091e-01  9.947114e-01  0.000000e+00
   outer loop
     vertex  1.119779e+01  1.531154e+01  1.200000e+01
     vertex  1.115139e+01  1.530675e+01  0.000000e+00
     vertex  1.115139e+01  1.530675e+01  1.200000e+01
   endloop
 endfacet
 facet normal -1.299594e-01  9.915193e-01  0.000000e+00
   outer loop
     vertex  1.124403e+01  1.531761e+01  1.200000e+01
     vertex  1.124403e+01  1.531761e+01  0.000000e+00
     vertex  1.119779e+01  1.531154e+01  0.000000e+00
   endloop
 endfacet
 facet normal -1.299594e-01  9.915193e-01  0.000000e+00
   outer loop
     vertex  1.124403e+01  1.531761e+01  1.200000e+01
     vertex  1.119779e+01  1.531154e+01  0.000000e+00
     vertex  1.119779e+01  1.531154e+01  1.200000e+01
   endloop
 endfacet
 facet normal -1.571119e-01  9.875808e-01  0.000000e+00
   outer loop
     vertex  1.129010e+01  1.532493e+01  1.200000e+01
     vertex  1.129010e+01  1.532493e+01  0.000000e+00
     vertex  1.124403e+01  1.531761e+01  0.000000e+00
   endloop
 endfacet
 facet normal -1.841461e-01  9.828989e-01  0.000000e+00
   outer loop
     vertex  1.129010e+01  1.532493e+01  1.200000e+01
     vertex  1.133594e+01  1.533352e+01  0.000000e+00
     vertex  1.129010e+01  1.532493e+01  0.000000e+00
   endloop
 endfacet
 facet normal -1.571119e-01  9.875808e-01  0.000000e+00
   outer loop
     vertex  1.129010e+01  1.532493e+01  1.200000e+01
     vertex  1.124403e+01  1.531761e+01  0.000000e+00
     vertex  1.124403e+01  1.531761e+01  1.200000e+01
   endloop
 endfacet
 facet normal -2.110417e-01  9.774771e-01  0.000000e+00
   outer loop
     vertex  1.133594e+01  1.533352e+01  1.200000e+01
     vertex  1.138153e+01  1.534337e+01  0.000000e+00
     vertex  1.133594e+01  1.533352e+01  0.000000e+00
   endloop
 endfacet
 facet normal -1.841461e-01  9.828989e-01  0.000000e+00
   outer loop
     vertex  1.133594e+01  1.533352e+01  1.200000e+01
     vertex  1.133594e+01  1.533352e+01  0.000000e+00
     vertex  1.129010e+01  1.532493e+01  1.200000e+01
   endloop
 endfacet
 facet normal -2.377784e-01  9.713194e-01  0.000000e+00
   outer loop
     vertex  1.138153e+01  1.534337e+01  1.200000e+01
     vertex  1.142684e+01  1.535446e+01  0.000000e+00
     vertex  1.138153e+01  1.534337e+01  0.000000e+00
   endloop
 endfacet
 facet normal -2.110417e-01  9.774771e-01  0.000000e+00
   outer loop
     vertex  1.138153e+01  1.534337e+01  1.200000e+01
     vertex  1.138153e+01  1.534337e+01  0.000000e+00
     vertex  1.133594e+01  1.533352e+01  1.200000e+01
   endloop
 endfacet
 facet normal -2.643362e-01  9.644306e-01  0.000000e+00
   outer loop
     vertex  1.142684e+01  1.535446e+01  1.200000e+01
     vertex  1.147182e+01  1.536679e+01  0.000000e+00
     vertex  1.142684e+01  1.535446e+01  0.000000e+00
   endloop
 endfacet
 facet normal -2.377784e-01  9.713194e-01  0.000000e+00
   outer loop
     vertex  1.142684e+01  1.535446e+01  1.200000e+01
     vertex  1.142684e+01  1.535446e+01  0.000000e+00
     vertex  1.138153e+01  1.534337e+01  1.200000e+01
   endloop
 endfacet
 facet normal -2.643362e-01  9.644306e-01  0.000000e+00
   outer loop
     vertex  1.147182e+01  1.536679e+01  1.200000e+01
     vertex  1.147182e+01  1.536679e+01  0.000000e+00
     vertex  1.142684e+01  1.535446e+01  1.200000e+01
   endloop
 endfacet
 facet normal -2.906949e-01  9.568158e-01  0.000000e+00
   outer loop
     vertex  1.151645e+01  1.538035e+01  1.200000e+01
     vertex  1.151645e+01  1.538035e+01  0.000000e+00
     vertex  1.147182e+01  1.536679e+01  0.000000e+00
   endloop
 endfacet
 facet normal -2.906949e-01  9.568158e-01  0.000000e+00
   outer loop
     vertex  1.151645e+01  1.538035e+01  1.200000e+01
     vertex  1.147182e+01  1.536679e+01  0.000000e+00
     vertex  1.147182e+01  1.536679e+01  1.200000e+01
   endloop
 endfacet
 facet normal -3.168348e-01  9.484807e-01  0.000000e+00
   outer loop
     vertex  1.156069e+01  1.539512e+01  1.200000e+01
     vertex  1.156069e+01  1.539512e+01  0.000000e+00
     vertex  1.151645e+01  1.538035e+01  0.000000e+00
   endloop
 endfacet
 facet normal -3.427362e-01  9.394317e-01  0.000000e+00
   outer loop
     vertex  1.156069e+01  1.539512e+01  1.200000e+01
     vertex  1.160451e+01  1.541111e+01  0.000000e+00
     vertex  1.156069e+01  1.539512e+01  0.000000e+00
   endloop
 endfacet
 facet normal -3.168348e-01  9.484807e-01  0.000000e+00
   outer loop
     vertex  1.156069e+01  1.539512e+01  1.200000e+01
     vertex  1.151645e+01  1.538035e+01  0.000000e+00
     vertex  1.151645e+01  1.538035e+01  1.200000e+01
   endloop
 endfacet
 facet normal -3.427362e-01  9.394317e-01  0.000000e+00
   outer loop
     vertex  1.160451e+01  1.541111e+01  1.200000e+01
     vertex  1.160451e+01  1.541111e+01  0.000000e+00
     vertex  1.156069e+01  1.539512e+01  1.200000e+01
   endloop
 endfacet
 facet normal -3.683796e-01  9.296754e-01  0.000000e+00
   outer loop
     vertex  1.164787e+01  1.542829e+01  1.200000e+01
     vertex  1.164787e+01  1.542829e+01  0.000000e+00
     vertex  1.160451e+01  1.541111e+01  0.000000e+00
   endloop
 endfacet
 facet normal -3.683796e-01  9.296754e-01  0.000000e+00
   outer loop
     vertex  1.164787e+01  1.542829e+01  1.200000e+01
     vertex  1.160451e+01  1.541111e+01  0.000000e+00
     vertex  1.160451e+01  1.541111e+01  1.200000e+01
   endloop
 endfacet
 facet normal -3.937458e-01  9.192194e-01  0.000000e+00
   outer loop
     vertex  1.169074e+01  1.544666e+01  1.200000e+01
     vertex  1.164787e+01  1.542829e+01  0.000000e+00
     vertex  1.164787e+01  1.542829e+01  1.200000e+01
   endloop
 endfacet
 facet normal -3.937458e-01  9.192194e-01  0.000000e+00
   outer loop
     vertex  1.169074e+01  1.544666e+01  1.200000e+01
     vertex  1.169074e+01  1.544666e+01  0.000000e+00
     vertex  1.164787e+01  1.542829e+01  0.000000e+00
   endloop
 endfacet
 facet normal -4.188155e-01  9.080714e-01  0.000000e+00
   outer loop
     vertex  1.169074e+01  1.544666e+01  1.200000e+01
     vertex  1.173310e+01  1.546619e+01  0.000000e+00
     vertex  1.169074e+01  1.544666e+01  0.000000e+00
   endloop
 endfacet
 facet normal -4.188155e-01  9.080714e-01  0.000000e+00
   outer loop
     vertex  1.173310e+01  1.546619e+01  1.200000e+01
     vertex  1.173310e+01  1.546619e+01  0.000000e+00
     vertex  1.169074e+01  1.544666e+01  1.200000e+01
   endloop
 endfacet
 facet normal -4.435699e-01  8.962398e-01  0.000000e+00
   outer loop
     vertex  1.177490e+01  1.548688e+01  1.200000e+01
     vertex  1.177490e+01  1.548688e+01  0.000000e+00
     vertex  1.173310e+01  1.546619e+01  0.000000e+00
   endloop
 endfacet
 facet normal -4.679904e-01  8.837335e-01  0.000000e+00
   outer loop
     vertex  1.177490e+01  1.548688e+01  1.200000e+01
     vertex  1.181612e+01  1.550871e+01  0.000000e+00
     vertex  1.177490e+01  1.548688e+01  0.000000e+00
   endloop
 endfacet
 facet normal -4.435699e-01  8.962398e-01  0.000000e+00
   outer loop
     vertex  1.177490e+01  1.548688e+01  1.200000e+01
     vertex  1.173310e+01  1.546619e+01  0.000000e+00
     vertex  1.173310e+01  1.546619e+01  1.200000e+01
   endloop
 endfacet
 facet normal -4.679904e-01  8.837335e-01  0.000000e+00
   outer loop
     vertex  1.181612e+01  1.550871e+01  1.200000e+01
     vertex  1.181612e+01  1.550871e+01  0.000000e+00
     vertex  1.177490e+01  1.548688e+01  1.200000e+01
   endloop
 endfacet
 facet normal -4.920587e-01  8.705620e-01  0.000000e+00
   outer loop
     vertex  1.181612e+01  1.550871e+01  1.200000e+01
     vertex  1.185672e+01  1.553166e+01  0.000000e+00
     vertex  1.181612e+01  1.550871e+01  0.000000e+00
   endloop
 endfacet
 facet normal -4.920587e-01  8.705620e-01  0.000000e+00
   outer loop
     vertex  1.185672e+01  1.553166e+01  1.200000e+01
     vertex  1.185672e+01  1.553166e+01  0.000000e+00
     vertex  1.181612e+01  1.550871e+01  1.200000e+01
   endloop
 endfacet
 facet normal -5.157565e-01  8.567352e-01  0.000000e+00
   outer loop
     vertex  1.185672e+01  1.553166e+01  1.200000e+01
     vertex  1.189668e+01  1.555572e+01  0.000000e+00
     vertex  1.185672e+01  1.553166e+01  0.000000e+00
   endloop
 endfacet
 facet normal -5.157565e-01  8.567352e-01  0.000000e+00
   outer loop
     vertex  1.189668e+01  1.555572e+01  1.200000e+01
     vertex  1.189668e+01  1.555572e+01  0.000000e+00
     vertex  1.185672e+01  1.553166e+01  1.200000e+01
   endloop
 endfacet
 facet normal -5.390661e-01  8.422635e-01  0.000000e+00
   outer loop
     vertex  1.193597e+01  1.558086e+01  1.200000e+01
     vertex  1.193597e+01  1.558086e+01  0.000000e+00
     vertex  1.189668e+01  1.555572e+01  0.000000e+00
   endloop
 endfacet
 facet normal -5.390661e-01  8.422635e-01  0.000000e+00
   outer loop
     vertex  1.193597e+01  1.558086e+01  1.200000e+01
     vertex  1.189668e+01  1.555572e+01  0.000000e+00
     vertex  1.189668e+01  1.555572e+01  1.200000e+01
   endloop
 endfacet
 facet normal -5.619699e-01  8.271577e-01  0.000000e+00
   outer loop
     vertex  1.197455e+01  1.560707e+01  1.200000e+01
     vertex  1.197455e+01  1.560707e+01  0.000000e+00
     vertex  1.193597e+01  1.558086e+01  0.000000e+00
   endloop
 endfacet
 facet normal -5.844507e-01  8.114292e-01  0.000000e+00
   outer loop
     vertex  1.197455e+01  1.560707e+01  1.200000e+01
     vertex  1.201240e+01  1.563433e+01  0.000000e+00
     vertex  1.197455e+01  1.560707e+01  0.000000e+00
   endloop
 endfacet
 facet normal -5.619699e-01  8.271577e-01  0.000000e+00
   outer loop
     vertex  1.197455e+01  1.560707e+01  1.200000e+01
     vertex  1.193597e+01  1.558086e+01  0.000000e+00
     vertex  1.193597e+01  1.558086e+01  1.200000e+01
   endloop
 endfacet
 facet normal -5.844507e-01  8.114292e-01  0.000000e+00
   outer loop
     vertex  1.201240e+01  1.563433e+01  1.200000e+01
     vertex  1.201240e+01  1.563433e+01  0.000000e+00
     vertex  1.197455e+01  1.560707e+01  1.200000e+01
   endloop
 endfacet
 facet normal -6.064915e-01  7.950900e-01  0.000000e+00
   outer loop
     vertex  1.204948e+01  1.566262e+01  1.200000e+01
     vertex  1.204948e+01  1.566262e+01  0.000000e+00
     vertex  1.201240e+01  1.563433e+01  0.000000e+00
   endloop
 endfacet
 facet normal -6.280757e-01  7.781522e-01  0.000000e+00
   outer loop
     vertex  1.204948e+01  1.566262e+01  1.200000e+01
     vertex  1.208578e+01  1.569191e+01  0.000000e+00
     vertex  1.204948e+01  1.566262e+01  0.000000e+00
   endloop
 endfacet
 facet normal -6.064915e-01  7.950900e-01  0.000000e+00
   outer loop
     vertex  1.204948e+01  1.566262e+01  1.200000e+01
     vertex  1.201240e+01  1.563433e+01  0.000000e+00
     vertex  1.201240e+01  1.563433e+01  1.200000e+01
   endloop
 endfacet
 facet normal -6.280757e-01  7.781522e-01  0.000000e+00
   outer loop
     vertex  1.208578e+01  1.569191e+01  1.200000e+01
     vertex  1.208578e+01  1.569191e+01  0.000000e+00
     vertex  1.204948e+01  1.566262e+01  1.200000e+01
   endloop
 endfacet
 facet normal -6.491872e-01  7.606287e-01  0.000000e+00
   outer loop
     vertex  1.208578e+01  1.569191e+01  1.200000e+01
     vertex  1.212125e+01  1.572219e+01  0.000000e+00
     vertex  1.208578e+01  1.569191e+01  0.000000e+00
   endloop
 endfacet
 facet normal -6.491872e-01  7.606287e-01  0.000000e+00
   outer loop
     vertex  1.212125e+01  1.572219e+01  1.200000e+01
     vertex  1.212125e+01  1.572219e+01  0.000000e+00
     vertex  1.208578e+01  1.569191e+01  1.200000e+01
   endloop
 endfacet
 facet normal -6.698100e-01  7.425325e-01  0.000000e+00
   outer loop
     vertex  1.215589e+01  1.575343e+01  1.200000e+01
     vertex  1.215589e+01  1.575343e+01  0.000000e+00
     vertex  1.212125e+01  1.572219e+01  0.000000e+00
   endloop
 endfacet
 facet normal -6.698100e-01  7.425325e-01  0.000000e+00
   outer loop
     vertex  1.215589e+01  1.575343e+01  1.200000e+01
     vertex  1.212125e+01  1.572219e+01  0.000000e+00
     vertex  1.212125e+01  1.572219e+01  1.200000e+01
   endloop
 endfacet
 facet normal -6.899286e-01  7.238775e-01  0.000000e+00
   outer loop
     vertex  1.218965e+01  1.578561e+01  1.200000e+01
     vertex  1.218965e+01  1.578561e+01  0.000000e+00
     vertex  1.215589e+01  1.575343e+01  0.000000e+00
   endloop
 endfacet
 facet normal -6.899286e-01  7.238775e-01  0.000000e+00
   outer loop
     vertex  1.218965e+01  1.578561e+01  1.200000e+01
     vertex  1.215589e+01  1.575343e+01  0.000000e+00
     vertex  1.215589e+01  1.575343e+01  1.200000e+01
   endloop
 endfacet
 facet normal -7.095278e-01  7.046775e-01  0.000000e+00
   outer loop
     vertex  1.222252e+01  1.581871e+01  1.200000e+01
     vertex  1.222252e+01  1.581871e+01  0.000000e+00
     vertex  1.218965e+01  1.578561e+01  0.000000e+00
   endloop
 endfacet
 facet normal -7.095278e-01  7.046775e-01  0.000000e+00
   outer loop
     vertex  1.222252e+01  1.581871e+01  1.200000e+01
     vertex  1.218965e+01  1.578561e+01  0.000000e+00
     vertex  1.218965e+01  1.578561e+01  1.200000e+01
   endloop
 endfacet
 facet normal -7.285929e-01  6.849470e-01  0.000000e+00
   outer loop
     vertex  1.225447e+01  1.585269e+01  1.200000e+01
     vertex  1.225447e+01  1.585269e+01  0.000000e+00
     vertex  1.222252e+01  1.581871e+01  0.000000e+00
   endloop
 endfacet
 facet normal -7.285929e-01  6.849470e-01  0.000000e+00
   outer loop
     vertex  1.225447e+01  1.585269e+01  1.200000e+01
     vertex  1.222252e+01  1.581871e+01  0.000000e+00
     vertex  1.222252e+01  1.581871e+01  1.200000e+01
   endloop
 endfacet
 facet normal -7.471095e-01  6.647010e-01  0.000000e+00
   outer loop
     vertex  1.228547e+01  1.588754e+01  1.200000e+01
     vertex  1.228547e+01  1.588754e+01  0.000000e+00
     vertex  1.225447e+01  1.585269e+01  0.000000e+00
   endloop
 endfacet
 facet normal -7.471095e-01  6.647010e-01  0.000000e+00
   outer loop
     vertex  1.228547e+01  1.588754e+01  1.200000e+01
     vertex  1.225447e+01  1.585269e+01  0.000000e+00
     vertex  1.225447e+01  1.585269e+01  1.200000e+01
   endloop
 endfacet
 facet normal -7.650637e-01  6.439545e-01  0.000000e+00
   outer loop
     vertex  1.231550e+01  1.592322e+01  1.200000e+01
     vertex  1.231550e+01  1.592322e+01  0.000000e+00
     vertex  1.228547e+01  1.588754e+01  0.000000e+00
   endloop
 endfacet
 facet normal -7.650637e-01  6.439545e-01  0.000000e+00
   outer loop
     vertex  1.231550e+01  1.592322e+01  1.200000e+01
     vertex  1.228547e+01  1.588754e+01  0.000000e+00
     vertex  1.228547e+01  1.588754e+01  1.200000e+01
   endloop
 endfacet
 facet normal -7.824421e-01  6.227234e-01  0.000000e+00
   outer loop
     vertex  1.234455e+01  1.595972e+01  1.200000e+01
     vertex  1.234455e+01  1.595972e+01  0.000000e+00
     vertex  1.231550e+01  1.592322e+01  0.000000e+00
   endloop
 endfacet
 facet normal -7.824421e-01  6.227234e-01  0.000000e+00
   outer loop
     vertex  1.234455e+01  1.595972e+01  1.200000e+01
     vertex  1.231550e+01  1.592322e+01  0.000000e+00
     vertex  1.231550e+01  1.592322e+01  1.200000e+01
   endloop
 endfacet
 facet normal -7.992314e-01  6.010234e-01  0.000000e+00
   outer loop
     vertex  1.237258e+01  1.599700e+01  1.200000e+01
     vertex  1.237258e+01  1.599700e+01  0.000000e+00
     vertex  1.234455e+01  1.595972e+01  0.000000e+00
   endloop
 endfacet
 facet normal -7.992314e-01  6.010234e-01  0.000000e+00
   outer loop
     vertex  1.237258e+01  1.599700e+01  1.200000e+01
     vertex  1.234455e+01  1.595972e+01  0.000000e+00
     vertex  1.234455e+01  1.595972e+01  1.200000e+01
   endloop
 endfacet
 facet normal -8.154191e-01  5.788711e-01  0.000000e+00
   outer loop
     vertex  1.239958e+01  1.603503e+01  1.200000e+01
     vertex  1.239958e+01  1.603503e+01  0.000000e+00
     vertex  1.237258e+01  1.599700e+01  0.000000e+00
   endloop
 endfacet
 facet normal -8.309929e-01  5.562829e-01  0.000000e+00
   outer loop
     vertex  1.239958e+01  1.603503e+01  1.200000e+01
     vertex  1.242553e+01  1.607379e+01  0.000000e+00
     vertex  1.239958e+01  1.603503e+01  0.000000e+00
   endloop
 endfacet
 facet normal -8.154191e-01  5.788711e-01  0.000000e+00
   outer loop
     vertex  1.239958e+01  1.603503e+01  1.200000e+01
     vertex  1.237258e+01  1.599700e+01  0.000000e+00
     vertex  1.237258e+01  1.599700e+01  1.200000e+01
   endloop
 endfacet
 facet normal -8.309929e-01  5.562829e-01  0.000000e+00
   outer loop
     vertex  1.242553e+01  1.607379e+01  1.200000e+01
     vertex  1.242553e+01  1.607379e+01  0.000000e+00
     vertex  1.239958e+01  1.603503e+01  1.200000e+01
   endloop
 endfacet
 facet normal -8.459413e-01  5.332761e-01  0.000000e+00
   outer loop
     vertex  1.245040e+01  1.611324e+01  1.200000e+01
     vertex  1.245040e+01  1.611324e+01  0.000000e+00
     vertex  1.242553e+01  1.607379e+01  0.000000e+00
   endloop
 endfacet
 facet normal -8.602528e-01  5.098678e-01  0.000000e+00
   outer loop
     vertex  1.245040e+01  1.611324e+01  1.200000e+01
     vertex  1.247418e+01  1.615337e+01  0.000000e+00
     vertex  1.245040e+01  1.611324e+01  0.000000e+00
   endloop
 endfacet
 facet normal -8.459413e-01  5.332761e-01  0.000000e+00
   outer loop
     vertex  1.245040e+01  1.611324e+01  1.200000e+01
     vertex  1.242553e+01  1.607379e+01  0.000000e+00
     vertex  1.242553e+01  1.607379e+01  1.200000e+01
   endloop
 endfacet
 facet normal -8.602528e-01  5.098678e-01  0.000000e+00
   outer loop
     vertex  1.247418e+01  1.615337e+01  1.200000e+01
     vertex  1.247418e+01  1.615337e+01  0.000000e+00
     vertex  1.245040e+01  1.611324e+01  1.200000e+01
   endloop
 endfacet
 facet normal -8.739167e-01  4.860756e-01  0.000000e+00
   outer loop
     vertex  1.249685e+01  1.619413e+01  1.200000e+01
     vertex  1.249685e+01  1.619413e+01  0.000000e+00
     vertex  1.247418e+01  1.615337e+01  0.000000e+00
   endloop
 endfacet
 facet normal -8.739167e-01  4.860756e-01  0.000000e+00
   outer loop
     vertex  1.249685e+01  1.619413e+01  1.200000e+01
     vertex  1.247418e+01  1.615337e+01  0.000000e+00
     vertex  1.247418e+01  1.615337e+01  1.200000e+01
   endloop
 endfacet
 facet normal -8.869228e-01  4.619176e-01  0.000000e+00
   outer loop
     vertex  1.251840e+01  1.623550e+01  1.200000e+01
     vertex  1.249685e+01  1.619413e+01  0.000000e+00
     vertex  1.249685e+01  1.619413e+01  1.200000e+01
   endloop
 endfacet
 facet normal -8.869228e-01  4.619176e-01  0.000000e+00
   outer loop
     vertex  1.251840e+01  1.623550e+01  1.200000e+01
     vertex  1.251840e+01  1.623550e+01  0.000000e+00
     vertex  1.249685e+01  1.619413e+01  0.000000e+00
   endloop
 endfacet
 facet normal -8.992613e-01  4.374119e-01  0.000000e+00
   outer loop
     vertex  1.251840e+01  1.623550e+01  1.200000e+01
     vertex  1.253880e+01  1.627744e+01  0.000000e+00
     vertex  1.251840e+01  1.623550e+01  0.000000e+00
   endloop
 endfacet
 facet normal -8.992613e-01  4.374119e-01  0.000000e+00
   outer loop
     vertex  1.253880e+01  1.627744e+01  1.200000e+01
     vertex  1.253880e+01  1.627744e+01  0.000000e+00
     vertex  1.251840e+01  1.623550e+01  1.200000e+01
   endloop
 endfacet
 facet normal -9.109228e-01  4.125769e-01  0.000000e+00
   outer loop
     vertex  1.255804e+01  1.631993e+01  1.200000e+01
     vertex  1.253880e+01  1.627744e+01  0.000000e+00
     vertex  1.253880e+01  1.627744e+01  1.200000e+01
   endloop
 endfacet
 facet normal -9.109228e-01  4.125769e-01  0.000000e+00
   outer loop
     vertex  1.255804e+01  1.631993e+01  1.200000e+01
     vertex  1.255804e+01  1.631993e+01  0.000000e+00
     vertex  1.253880e+01  1.627744e+01  0.000000e+00
   endloop
 endfacet
 facet normal -9.218986e-01  3.874313e-01  0.000000e+00
   outer loop
     vertex  1.257612e+01  1.636293e+01  1.200000e+01
     vertex  1.255804e+01  1.631993e+01  0.000000e+00
     vertex  1.255804e+01  1.631993e+01  1.200000e+01
   endloop
 endfacet
 facet normal -9.218986e-01  3.874313e-01  0.000000e+00
   outer loop
     vertex  1.257612e+01  1.636293e+01  1.200000e+01
     vertex  1.257612e+01  1.636293e+01  0.000000e+00
     vertex  1.255804e+01  1.631993e+01  0.000000e+00
   endloop
 endfacet
 facet normal -9.321804e-01  3.619940e-01  0.000000e+00
   outer loop
     vertex  1.259300e+01  1.640641e+01  1.200000e+01
     vertex  1.257612e+01  1.636293e+01  0.000000e+00
     vertex  1.257612e+01  1.636293e+01  1.200000e+01
   endloop
 endfacet
 facet normal -9.321804e-01  3.619940e-01  0.000000e+00
   outer loop
     vertex  1.259300e+01  1.640641e+01  1.200000e+01
     vertex  1.259300e+01  1.640641e+01  0.000000e+00
     vertex  1.257612e+01  1.636293e+01  0.000000e+00
   endloop
 endfacet
 facet normal -9.417605e-01  3.362843e-01  0.000000e+00
   outer loop
     vertex  1.260868e+01  1.645033e+01  1.200000e+01
     vertex  1.259300e+01  1.640641e+01  0.000000e+00
     vertex  1.259300e+01  1.640641e+01  1.200000e+01
   endloop
 endfacet
 facet normal -9.417605e-01  3.362843e-01  0.000000e+00
   outer loop
     vertex  1.260868e+01  1.645033e+01  1.200000e+01
     vertex  1.260868e+01  1.645033e+01  0.000000e+00
     vertex  1.259300e+01  1.640641e+01  0.000000e+00
   endloop
 endfacet
 facet normal -9.506317e-01  3.103214e-01  0.000000e+00
   outer loop
     vertex  1.262316e+01  1.649467e+01  1.200000e+01
     vertex  1.260868e+01  1.645033e+01  0.000000e+00
     vertex  1.260868e+01  1.645033e+01  1.200000e+01
   endloop
 endfacet
 facet normal -9.506317e-01  3.103214e-01  0.000000e+00
   outer loop
     vertex  1.262316e+01  1.649467e+01  1.200000e+01
     vertex  1.262316e+01  1.649467e+01  0.000000e+00
     vertex  1.260868e+01  1.645033e+01  0.000000e+00
   endloop
 endfacet
 facet normal -9.587873e-01  2.841250e-01  0.000000e+00
   outer loop
     vertex  1.262316e+01  1.649467e+01  1.200000e+01
     vertex  1.263641e+01  1.653939e+01  0.000000e+00
     vertex  1.262316e+01  1.649467e+01  0.000000e+00
   endloop
 endfacet
 facet normal -9.587873e-01  2.841250e-01  0.000000e+00
   outer loop
     vertex  1.263641e+01  1.653939e+01  1.200000e+01
     vertex  1.263641e+01  1.653939e+01  0.000000e+00
     vertex  1.262316e+01  1.649467e+01  1.200000e+01
   endloop
 endfacet
 facet normal -9.662211e-01  2.577146e-01  0.000000e+00
   outer loop
     vertex  1.264843e+01  1.658446e+01  1.200000e+01
     vertex  1.263641e+01  1.653939e+01  0.000000e+00
     vertex  1.263641e+01  1.653939e+01  1.200000e+01
   endloop
 endfacet
 facet normal -9.662211e-01  2.577146e-01  0.000000e+00
   outer loop
     vertex  1.264843e+01  1.658446e+01  1.200000e+01
     vertex  1.264843e+01  1.658446e+01  0.000000e+00
     vertex  1.263641e+01  1.653939e+01  0.000000e+00
   endloop
 endfacet
 facet normal -9.729276e-01  2.311102e-01  0.000000e+00
   outer loop
     vertex  1.265921e+01  1.662984e+01  1.200000e+01
     vertex  1.264843e+01  1.658446e+01  0.000000e+00
     vertex  1.264843e+01  1.658446e+01  1.200000e+01
   endloop
 endfacet
 facet normal -9.729276e-01  2.311102e-01  0.000000e+00
   outer loop
     vertex  1.265921e+01  1.662984e+01  1.200000e+01
     vertex  1.265921e+01  1.662984e+01  0.000000e+00
     vertex  1.264843e+01  1.658446e+01  0.000000e+00
   endloop
 endfacet
 facet normal -9.789017e-01  2.043319e-01  0.000000e+00
   outer loop
     vertex  1.266874e+01  1.667550e+01  1.200000e+01
     vertex  1.265921e+01  1.662984e+01  0.000000e+00
     vertex  1.265921e+01  1.662984e+01  1.200000e+01
   endloop
 endfacet
 facet normal -9.789017e-01  2.043319e-01  0.000000e+00
   outer loop
     vertex  1.266874e+01  1.667550e+01  1.200000e+01
     vertex  1.266874e+01  1.667550e+01  0.000000e+00
     vertex  1.265921e+01  1.662984e+01  0.000000e+00
   endloop
 endfacet
 facet normal -9.841389e-01  1.773998e-01  0.000000e+00
   outer loop
     vertex  1.267702e+01  1.672140e+01  1.200000e+01
     vertex  1.266874e+01  1.667550e+01  0.000000e+00
     vertex  1.266874e+01  1.667550e+01  1.200000e+01
   endloop
 endfacet
 facet normal -9.841389e-01  1.773998e-01  0.000000e+00
   outer loop
     vertex  1.267702e+01  1.672140e+01  1.200000e+01
     vertex  1.267702e+01  1.672140e+01  0.000000e+00
     vertex  1.266874e+01  1.667550e+01  0.000000e+00
   endloop
 endfacet
 facet normal -9.886353e-01  1.503341e-01  0.000000e+00
   outer loop
     vertex  1.268403e+01  1.676751e+01  1.200000e+01
     vertex  1.267702e+01  1.672140e+01  0.000000e+00
     vertex  1.267702e+01  1.672140e+01  1.200000e+01
   endloop
 endfacet
 facet normal -9.886353e-01  1.503341e-01  0.000000e+00
   outer loop
     vertex  1.268403e+01  1.676751e+01  1.200000e+01
     vertex  1.268403e+01  1.676751e+01  0.000000e+00
     vertex  1.267702e+01  1.672140e+01  0.000000e+00
   endloop
 endfacet
 facet normal -9.923874e-01  1.231552e-01  0.000000e+00
   outer loop
     vertex  1.268403e+01  1.676751e+01  1.200000e+01
     vertex  1.268977e+01  1.681380e+01  0.000000e+00
     vertex  1.268403e+01  1.676751e+01  0.000000e+00
   endloop
 endfacet
 facet normal -9.923874e-01  1.231552e-01  0.000000e+00
   outer loop
     vertex  1.268977e+01  1.681380e+01  1.200000e+01
     vertex  1.268977e+01  1.681380e+01  0.000000e+00
     vertex  1.268403e+01  1.676751e+01  1.200000e+01
   endloop
 endfacet
 facet normal -9.953925e-01  9.588368e-02  0.000000e+00
   outer loop
     vertex  1.269424e+01  1.686023e+01  1.200000e+01
     vertex  1.269424e+01  1.686023e+01  0.000000e+00
     vertex  1.268977e+01  1.681380e+01  0.000000e+00
   endloop
 endfacet
 facet normal -9.976484e-01  6.853995e-02  0.000000e+00
   outer loop
     vertex  1.269424e+01  1.686023e+01  1.200000e+01
     vertex  1.269744e+01  1.690676e+01  0.000000e+00
     vertex  1.269424e+01  1.686023e+01  0.000000e+00
   endloop
 endfacet
 facet normal -9.953925e-01  9.588368e-02  0.000000e+00
   outer loop
     vertex  1.269424e+01  1.686023e+01  1.200000e+01
     vertex  1.268977e+01  1.681380e+01  0.000000e+00
     vertex  1.268977e+01  1.681380e+01  1.200000e+01
   endloop
 endfacet
 facet normal -9.976484e-01  6.853995e-02  0.000000e+00
   outer loop
     vertex  1.269744e+01  1.690676e+01  1.200000e+01
     vertex  1.269744e+01  1.690676e+01  0.000000e+00
     vertex  1.269424e+01  1.686023e+01  1.200000e+01
   endloop
 endfacet
 facet normal -9.991532e-01  4.114462e-02  0.000000e+00
   outer loop
     vertex  1.269936e+01  1.695336e+01  1.200000e+01
     vertex  1.269936e+01  1.695336e+01  0.000000e+00
     vertex  1.269744e+01  1.690676e+01  0.000000e+00
   endloop
 endfacet
 facet normal -9.991532e-01  4.114462e-02  0.000000e+00
   outer loop
     vertex  1.269936e+01  1.695336e+01  1.200000e+01
     vertex  1.269744e+01  1.690676e+01  0.000000e+00
     vertex  1.269744e+01  1.690676e+01  1.200000e+01
   endloop
 endfacet
 facet normal -9.999059e-01  1.371831e-02  0.000000e+00
   outer loop
     vertex  1.270000e+01  1.700000e+01  1.200000e+01
     vertex  1.270000e+01  1.700000e+01  0.000000e+00
     vertex  1.269936e+01  1.695336e+01  0.000000e+00
   endloop
 endfacet
 facet normal -9.999059e-01  1.371831e-02  0.000000e+00
   outer loop
     vertex  1.270000e+01  1.700000e+01  1.200000e+01
     vertex  1.269936e+01  1.695336e+01  0.000000e+00
     vertex  1.269936e+01  1.695336e+01  1.200000e+01
   endloop
 endfacet
 facet normal  0.000000e+00  0.000000e+00  1.000000e+00
   outer loop
     vertex -1.217288e+01 -8.230592e+00  1.200000e+01
     vertex -1.348335e+01 -9.466371e+00  1.200000e+01
     vertex -1.341475e+01 -9.533571e+00  1.200000e+01
   endloop
 endfacet
 facet normal  0.000000e+00  0.000000e+00  1.000000e+00
   outer loop
     vertex -1.217288e+01 -8.230592e+00  1.200000e+01
     vertex -1.220620e+01 -8.197952e+00  1.200000e+01
     vertex -1.348335e+01 -9.466371e+00  1.200000e+01
   endloop
 endfacet
 facet normal  0.000000e+00  0.000000e+00  1.000000e+00
   outer loop
     vertex -1.223861e+01 -8.164410e+00  1.200000e+01
     vertex -1.355008e+01 -9.397315e+00  1.200000e+01
     vertex -1.348335e+01 -9.466371e+00  1.200000e+01
   endloop
 endfacet
 facet normal  0.000000e+00  0.000000e+00  1.000000e+00
   outer loop
     vertex -1.223861e+01 -8.164410e+00  1.200000e+01
     vertex -1.348335e+01 -9.466371e+00  1.200000e+01
     vertex -1.220620e+01 -8.197952e+00  1.200000e+01
   endloop
 endfacet
 facet normal  0.000000e+00  0.000000e+00  1.000000e+00
   outer loop
     vertex -1.213868e+01 -8.262305e+00  1.200000e+01
     vertex -1.217288e+01 -8.230592e+00  1.200000e+01
     vertex -1.341475e+01 -9.533571e+00  1.200000e+01
   endloop
 endfacet
 facet normal  0.000000e+00  0.000000e+00  1.000000e+00
   outer loop
     vertex -1.213868e+01 -8.262305e+00  1.200000e+01
     vertex -1.341475e+01 -9.533571e+00  1.200000e+01
     vertex -1.334433e+01 -9.598864e+00  1.200000e+01
   endloop
 endfacet
 facet normal  0.000000e+00  0.000000e+00  1.000000e+00
   outer loop
     vertex -1.227009e+01 -8.129992e+00  1.200000e+01
     vertex -1.355008e+01 -9.397315e+00  1.200000e+01
     vertex -1.223861e+01 -8.164410e+00  1.200000e+01
   endloop
 endfacet
 facet normal  0.000000e+00  0.000000e+00  1.000000e+00
   outer loop
     vertex -1.227009e+01 -8.129992e+00  1.200000e+01
     vertex -1.361488e+01 -9.326453e+00  1.200000e+01
     vertex -1.355008e+01 -9.397315e+00  1.200000e+01
   endloop
 endfacet
 facet normal  0.000000e+00  0.000000e+00  1.000000e+00
   outer loop
     vertex -1.210362e+01 -8.293069e+00  1.200000e+01
     vertex -1.213868e+01 -8.262305e+00  1.200000e+01
     vertex -1.334433e+01 -9.598864e+00  1.200000e+01
   endloop
 endfacet
 facet normal  0.000000e+00  0.000000e+00  1.000000e+00
   outer loop
     vertex -1.210362e+01 -8.293069e+00  1.200000e+01
     vertex -1.334433e+01 -9.598864e+00  1.200000e+01
     vertex -1.327216e+01 -9.662200e+00  1.200000e+01
   endloop
 endfacet
 facet normal  0.000000e+00  0.000000e+00  1.000000e+00
   outer loop
     vertex -1.230061e+01 -8.094723e+00  1.200000e+01
     vertex -1.361488e+01 -9.326453e+00  1.200000e+01
     vertex -1.227009e+01 -8.129992e+00  1.200000e+01
   endloop
 endfacet
 facet normal  0.000000e+00  0.000000e+00  1.000000e+00
   outer loop
     vertex -1.230061e+01 -8.094723e+00  1.200000e+01
     vertex -1.367772e+01 -9.253841e+00  1.200000e+01
     vertex -1.361488e+01 -9.326453e+00  1.200000e+01
   endloop
 endfacet
 facet normal  0.000000e+00  0.000000e+00  1.000000e+00
   outer loop
     vertex -1.206773e+01 -8.322859e+00  1.200000e+01
     vertex -1.210362e+01 -8.293069e+00  1.200000e+01
     vertex -1.327216e+01 -9.662200e+00  1.200000e+01
   endloop
 endfacet
 facet normal  0.000000e+00  0.000000e+00  1.000000e+00
   outer loop
     vertex -1.206773e+01 -8.322859e+00  1.200000e+01
     vertex -1.327216e+01 -9.662200e+00  1.200000e+01
     vertex -1.319827e+01 -9.723533e+00  1.200000e+01
   endloop
 endfacet
 facet normal  0.000000e+00  0.000000e+00  1.000000e+00
   outer loop
     vertex -1.233015e+01 -8.058630e+00  1.200000e+01
     vertex -1.367772e+01 -9.253841e+00  1.200000e+01
     vertex -1.230061e+01 -8.094723e+00  1.200000e+01
   endloop
 endfacet
 facet normal  0.000000e+00  0.000000e+00  1.000000e+00
   outer loop
     vertex -1.233015e+01 -8.058630e+00  1.200000e+01
     vertex -1.373855e+01 -9.179532e+00  1.200000e+01
     vertex -1.367772e+01 -9.253841e+00  1.200000e+01
   endloop
 endfacet
 facet normal  0.000000e+00  0.000000e+00  1.000000e+00
   outer loop
     vertex -1.203104e+01 -8.351653e+00  1.200000e+01
     vertex -1.206773e+01 -8.322859e+00  1.200000e+01
     vertex -1.319827e+01 -9.723533e+00  1.200000e+01
   endloop
 endfacet
 facet normal  0.000000e+00  0.000000e+00  1.000000e+00
   outer loop
     vertex -1.203104e+01 -8.351653e+00  1.200000e+01
     vertex -1.319827e+01 -9.723533e+00  1.200000e+01
     vertex -1.312272e+01 -9.782815e+00  1.200000e+01
   endloop
 endfacet
 facet normal  0.000000e+00  0.000000e+00  1.000000e+00
   outer loop
     vertex -1.235869e+01 -8.021740e+00  1.200000e+01
     vertex -1.373855e+01 -9.179532e+00  1.200000e+01
     vertex -1.233015e+01 -8.058630e+00  1.200000e+01
   endloop
 endfacet
 facet normal  0.000000e+00  0.000000e+00  1.000000e+00
   outer loop
     vertex -1.235869e+01 -8.021740e+00  1.200000e+01
     vertex -1.379731e+01 -9.103582e+00  1.200000e+01
     vertex -1.373855e+01 -9.179532e+00  1.200000e+01
   endloop
 endfacet
 facet normal  0.000000e+00  0.000000e+00  1.000000e+00
   outer loop
     vertex -1.199357e+01 -8.379430e+00  1.200000e+01
     vertex -1.203104e+01 -8.351653e+00  1.200000e+01
     vertex -1.312272e+01 -9.782815e+00  1.200000e+01
   endloop
 endfacet
 facet normal  0.000000e+00  0.000000e+00  1.000000e+00
   outer loop
     vertex -1.199357e+01 -8.379430e+00  1.200000e+01
     vertex -1.312272e+01 -9.782815e+00  1.200000e+01
     vertex -1.304558e+01 -9.840002e+00  1.200000e+01
   endloop
 endfacet
 facet normal  0.000000e+00  0.000000e+00  1.000000e+00
   outer loop
     vertex -1.238621e+01 -7.984081e+00  1.200000e+01
     vertex -1.379731e+01 -9.103582e+00  1.200000e+01
     vertex -1.235869e+01 -8.021740e+00  1.200000e+01
   endloop
 endfacet
 facet normal  0.000000e+00  0.000000e+00  1.000000e+00
   outer loop
     vertex -1.238621e+01 -7.984081e+00  1.200000e+01
     vertex -1.385397e+01 -9.026049e+00  1.200000e+01
     vertex -1.379731e+01 -9.103582e+00  1.200000e+01
   endloop
 endfacet
 facet normal  0.000000e+00  0.000000e+00  1.000000e+00
   outer loop
     vertex -1.195535e+01 -8.406168e+00  1.200000e+01
     vertex -1.199357e+01 -8.379430e+00  1.200000e+01
     vertex -1.304558e+01 -9.840002e+00  1.200000e+01
   endloop
 endfacet
 facet normal  0.000000e+00  0.000000e+00  1.000000e+00
   outer loop
     vertex -1.195535e+01 -8.406168e+00  1.200000e+01
     vertex -1.304558e+01 -9.840002e+00  1.200000e+01
     vertex -1.296689e+01 -9.895052e+00  1.200000e+01
   endloop
 endfacet
 facet normal  0.000000e+00  0.000000e+00  1.000000e+00
   outer loop
     vertex -1.241269e+01 -7.945681e+00  1.200000e+01
     vertex -1.385397e+01 -9.026049e+00  1.200000e+01
     vertex -1.238621e+01 -7.984081e+00  1.200000e+01
   endloop
 endfacet
 facet normal  0.000000e+00  0.000000e+00  1.000000e+00
   outer loop
     vertex -1.241269e+01 -7.945681e+00  1.200000e+01
     vertex -1.390848e+01 -8.946990e+00  1.200000e+01
     vertex -1.385397e+01 -9.026049e+00  1.200000e+01
   endloop
 endfacet
 facet normal  0.000000e+00  0.000000e+00  1.000000e+00
   outer loop
     vertex -1.191641e+01 -8.431848e+00  1.200000e+01
     vertex -1.195535e+01 -8.406168e+00  1.200000e+01
     vertex -1.296689e+01 -9.895052e+00  1.200000e+01
   endloop
 endfacet
 facet normal  0.000000e+00  0.000000e+00  1.000000e+00
   outer loop
     vertex -1.191641e+01 -8.431848e+00  1.200000e+01
     vertex -1.296689e+01 -9.895052e+00  1.200000e+01
     vertex -1.288673e+01 -9.947922e+00  1.200000e+01
   endloop
 endfacet
 facet normal  0.000000e+00  0.000000e+00  1.000000e+00
   outer loop
     vertex -1.243810e+01 -7.906569e+00  1.200000e+01
     vertex -1.396079e+01 -8.866466e+00  1.200000e+01
     vertex -1.390848e+01 -8.946990e+00  1.200000e+01
   endloop
 endfacet
 facet normal  0.000000e+00  0.000000e+00  1.000000e+00
   outer loop
     vertex -1.243810e+01 -7.906569e+00  1.200000e+01
     vertex -1.390848e+01 -8.946990e+00  1.200000e+01
     vertex -1.241269e+01 -7.945681e+00  1.200000e+01
   endloop
 endfacet
 facet normal  0.000000e+00  0.000000e+00  1.000000e+00
   outer loop
     vertex -1.187679e+01 -8.456450e+00  1.200000e+01
     vertex -1.191641e+01 -8.431848e+00  1.200000e+01
     vertex -1.288673e+01 -9.947922e+00  1.200000e+01
   endloop
 endfacet
 facet normal  0.000000e+00  0.000000e+00  1.000000e+00
   outer loop
     vertex -1.187679e+01 -8.456450e+00  1.200000e+01
     vertex -1.288673e+01 -9.947922e+00  1.200000e+01
     vertex -1.280515e+01 -9.998573e+00  1.200000e+01
   endloop
 endfacet
 facet normal  0.000000e+00  0.000000e+00  1.000000e+00
   outer loop
     vertex -1.246243e+01 -7.866775e+00  1.200000e+01
     vertex -1.401088e+01 -8.784537e+00  1.200000e+01
     vertex -1.396079e+01 -8.866466e+00  1.200000e+01
   endloop
 endfacet
 facet normal  0.000000e+00  0.000000e+00  1.000000e+00
   outer loop
     vertex -1.246243e+01 -7.866775e+00  1.200000e+01
     vertex -1.396079e+01 -8.866466e+00  1.200000e+01
     vertex -1.243810e+01 -7.906569e+00  1.200000e+01
   endloop
 endfacet
 facet normal  0.000000e+00  0.000000e+00  1.000000e+00
   outer loop
     vertex -1.183650e+01 -8.479955e+00  1.200000e+01
     vertex -1.187679e+01 -8.456450e+00  1.200000e+01
     vertex -1.280515e+01 -9.998573e+00  1.200000e+01
   endloop
 endfacet
 facet normal  0.000000e+00  0.000000e+00  1.000000e+00
   outer loop
     vertex -1.183650e+01 -8.479955e+00  1.200000e+01
     vertex -1.280515e+01 -9.998573e+00  1.200000e+01
     vertex -1.272221e+01 -1.004697e+01  1.200000e+01
   endloop
 endfacet
 facet normal  0.000000e+00  0.000000e+00  1.000000e+00
   outer loop
     vertex -1.248566e+01 -7.826329e+00  1.200000e+01
     vertex -1.405871e+01 -8.701265e+00  1.200000e+01
     vertex -1.401088e+01 -8.784537e+00  1.200000e+01
   endloop
 endfacet
 facet normal  0.000000e+00  0.000000e+00  1.000000e+00
   outer loop
     vertex -1.248566e+01 -7.826329e+00  1.200000e+01
     vertex -1.401088e+01 -8.784537e+00  1.200000e+01
     vertex -1.246243e+01 -7.866775e+00  1.200000e+01
   endloop
 endfacet
 facet normal  0.000000e+00  0.000000e+00  1.000000e+00
   outer loop
     vertex -1.179558e+01 -8.502347e+00  1.200000e+01
     vertex -1.183650e+01 -8.479955e+00  1.200000e+01
     vertex -1.272221e+01 -1.004697e+01  1.200000e+01
   endloop
 endfacet
 facet normal  0.000000e+00  0.000000e+00  1.000000e+00
   outer loop
     vertex -1.179558e+01 -8.502347e+00  1.200000e+01
     vertex -1.272221e+01 -1.004697e+01  1.200000e+01
     vertex -1.263797e+01 -1.009307e+01  1.200000e+01
   endloop
 endfacet
 facet normal  0.000000e+00  0.000000e+00  1.000000e+00
   outer loop
     vertex -1.250777e+01 -7.785260e+00  1.200000e+01
     vertex -1.410423e+01 -8.616712e+00  1.200000e+01
     vertex -1.405871e+01 -8.701265e+00  1.200000e+01
   endloop
 endfacet
 facet normal  0.000000e+00  0.000000e+00  1.000000e+00
   outer loop
     vertex -1.250777e+01 -7.785260e+00  1.200000e+01
     vertex -1.405871e+01 -8.701265e+00  1.200000e+01
     vertex -1.248566e+01 -7.826329e+00  1.200000e+01
   endloop
 endfacet
 facet normal  0.000000e+00  0.000000e+00  1.000000e+00
   outer loop
     vertex -1.175407e+01 -8.523608e+00  1.200000e+01
     vertex -1.263797e+01 -1.009307e+01  1.200000e+01
     vertex -1.255249e+01 -1.013684e+01  1.200000e+01
   endloop
 endfacet
 facet normal  0.000000e+00  0.000000e+00  1.000000e+00
   outer loop
     vertex -1.175407e+01 -8.523608e+00  1.200000e+01
     vertex -1.179558e+01 -8.502347e+00  1.200000e+01
     vertex -1.263797e+01 -1.009307e+01  1.200000e+01
   endloop
 endfacet
 facet normal  0.000000e+00  0.000000e+00  1.000000e+00
   outer loop
     vertex -1.252874e+01 -7.743600e+00  1.200000e+01
     vertex -1.410423e+01 -8.616712e+00  1.200000e+01
     vertex -1.250777e+01 -7.785260e+00  1.200000e+01
   endloop
 endfacet
 facet normal  0.000000e+00  0.000000e+00  1.000000e+00
   outer loop
     vertex -1.252874e+01 -7.743600e+00  1.200000e+01
     vertex -1.414741e+01 -8.530942e+00  1.200000e+01
     vertex -1.410423e+01 -8.616712e+00  1.200000e+01
   endloop
 endfacet
 facet normal  0.000000e+00  0.000000e+00  1.000000e+00
   outer loop
     vertex -1.171199e+01 -8.543721e+00  1.200000e+01
     vertex -1.255249e+01 -1.013684e+01  1.200000e+01
     vertex -1.246585e+01 -1.017825e+01  1.200000e+01
   endloop
 endfacet
 facet normal  0.000000e+00  0.000000e+00  1.000000e+00
   outer loop
     vertex -1.171199e+01 -8.543721e+00  1.200000e+01
     vertex -1.175407e+01 -8.523608e+00  1.200000e+01
     vertex -1.255249e+01 -1.013684e+01  1.200000e+01
   endloop
 endfacet
 facet normal  0.000000e+00  0.000000e+00  1.000000e+00
   outer loop
     vertex -1.254857e+01 -7.701381e+00  1.200000e+01
     vertex -1.418823e+01 -8.444019e+00  1.200000e+01
     vertex -1.414741e+01 -8.530942e+00  1.200000e+01
   endloop
 endfacet
 facet normal  0.000000e+00  0.000000e+00  1.000000e+00
   outer loop
     vertex -1.254857e+01 -7.701381e+00  1.200000e+01
     vertex -1.414741e+01 -8.530942e+00  1.200000e+01
     vertex -1.252874e+01 -7.743600e+00  1.200000e+01
   endloop
 endfacet
 facet normal  0.000000e+00  0.000000e+00  1.000000e+00
   outer loop
     vertex -1.166937e+01 -8.562673e+00  1.200000e+01
     vertex -1.246585e+01 -1.017825e+01  1.200000e+01
     vertex -1.237811e+01 -1.021727e+01  1.200000e+01
   endloop
 endfacet
 facet normal  0.000000e+00  0.000000e+00  1.000000e+00
   outer loop
     vertex -1.166937e+01 -8.562673e+00  1.200000e+01
     vertex -1.171199e+01 -8.543721e+00  1.200000e+01
     vertex -1.246585e+01 -1.017825e+01  1.200000e+01
   endloop
 endfacet
 facet normal  0.000000e+00  0.000000e+00  1.000000e+00
   outer loop
     vertex -1.256723e+01 -7.658633e+00  1.200000e+01
     vertex -1.422665e+01 -8.356009e+00  1.200000e+01
     vertex -1.418823e+01 -8.444019e+00  1.200000e+01
   endloop
 endfacet
 facet normal  0.000000e+00  0.000000e+00  1.000000e+00
   outer loop
     vertex -1.256723e+01 -7.658633e+00  1.200000e+01
     vertex -1.418823e+01 -8.444019e+00  1.200000e+01
     vertex -1.254857e+01 -7.701381e+00  1.200000e+01
   endloop
 endfacet
 facet normal  0.000000e+00  0.000000e+00  1.000000e+00
   outer loop
     vertex -1.162625e+01 -8.580448e+00  1.200000e+01
     vertex -1.237811e+01 -1.021727e+01  1.200000e+01
     vertex -1.228933e+01 -1.025386e+01  1.200000e+01
   endloop
 endfacet
 facet normal  0.000000e+00  0.000000e+00  1.000000e+00
   outer loop
     vertex -1.162625e+01 -8.580448e+00  1.200000e+01
     vertex -1.166937e+01 -8.562673e+00  1.200000e+01
     vertex -1.237811e+01 -1.021727e+01  1.200000e+01
   endloop
 endfacet
 facet normal  0.000000e+00  0.000000e+00  1.000000e+00
   outer loop
     vertex -1.258471e+01 -7.615390e+00  1.200000e+01
     vertex -1.426263e+01 -8.266979e+00  1.200000e+01
     vertex -1.422665e+01 -8.356009e+00  1.200000e+01
   endloop
 endfacet
 facet normal  0.000000e+00  0.000000e+00  1.000000e+00
   outer loop
     vertex -1.258471e+01 -7.615390e+00  1.200000e+01
     vertex -1.422665e+01 -8.356009e+00  1.200000e+01
     vertex -1.256723e+01 -7.658633e+00  1.200000e+01
   endloop
 endfacet
 facet normal  0.000000e+00  0.000000e+00  1.000000e+00
   outer loop
     vertex -1.158265e+01 -8.597034e+00  1.200000e+01
     vertex -1.162625e+01 -8.580448e+00  1.200000e+01
     vertex -1.228933e+01 -1.025386e+01  1.200000e+01
   endloop
 endfacet
 facet normal  0.000000e+00  0.000000e+00  1.000000e+00
   outer loop
     vertex -1.158265e+01 -8.597034e+00  1.200000e+01
     vertex -1.228933e+01 -1.025386e+01  1.200000e+01
     vertex -1.219958e+01 -1.028801e+01  1.200000e+01
   endloop
 endfacet
 facet normal  0.000000e+00  0.000000e+00  1.000000e+00
   outer loop
     vertex -1.260099e+01 -7.571683e+00  1.200000e+01
     vertex -1.429616e+01 -8.176995e+00  1.200000e+01
     vertex -1.426263e+01 -8.266979e+00  1.200000e+01
   endloop
 endfacet
 facet normal  0.000000e+00  0.000000e+00  1.000000e+00
   outer loop
     vertex -1.260099e+01 -7.571683e+00  1.200000e+01
     vertex -1.426263e+01 -8.266979e+00  1.200000e+01
     vertex -1.258471e+01 -7.615390e+00  1.200000e+01
   endloop
 endfacet
 facet normal  0.000000e+00  0.000000e+00  1.000000e+00
   outer loop
     vertex -1.153862e+01 -8.612417e+00  1.200000e+01
     vertex -1.158265e+01 -8.597034e+00  1.200000e+01
     vertex -1.219958e+01 -1.028801e+01  1.200000e+01
   endloop
 endfacet
 facet normal  0.000000e+00  0.000000e+00  1.000000e+00
   outer loop
     vertex -1.153862e+01 -8.612417e+00  1.200000e+01
     vertex -1.219958e+01 -1.028801e+01  1.200000e+01
     vertex -1.210892e+01 -1.031968e+01  1.200000e+01
   endloop
 endfacet
 facet normal  0.000000e+00  0.000000e+00  1.000000e+00
   outer loop
     vertex -1.261607e+01 -7.527546e+00  1.200000e+01
     vertex -1.432721e+01 -8.086125e+00  1.200000e+01
     vertex -1.429616e+01 -8.176995e+00  1.200000e+01
   endloop
 endfacet
 facet normal  0.000000e+00  0.000000e+00  1.000000e+00
   outer loop
     vertex -1.261607e+01 -7.527546e+00  1.200000e+01
     vertex -1.429616e+01 -8.176995e+00  1.200000e+01
     vertex -1.260099e+01 -7.571683e+00  1.200000e+01
   endloop
 endfacet
 facet normal  0.000000e+00  0.000000e+00  1.000000e+00
   outer loop
     vertex -1.149418e+01 -8.626587e+00  1.200000e+01
     vertex -1.153862e+01 -8.612417e+00  1.200000e+01
     vertex -1.210892e+01 -1.031968e+01  1.200000e+01
   endloop
 endfacet
 facet normal  0.000000e+00  0.000000e+00  1.000000e+00
   outer loop
     vertex -1.149418e+01 -8.626587e+00  1.200000e+01
     vertex -1.210892e+01 -1.031968e+01  1.200000e+01
     vertex -1.201743e+01 -1.034886e+01  1.200000e+01
   endloop
 endfacet
 facet normal  0.000000e+00  0.000000e+00  1.000000e+00
   outer loop
     vertex -1.149418e+01 -8.626587e+00  1.200000e+01
     vertex -1.201743e+01 -1.034886e+01  1.200000e+01
     vertex -1.192518e+01 -1.037551e+01  1.200000e+01
   endloop
 endfacet
 facet normal  0.000000e+00  0.000000e+00  1.000000e+00
   outer loop
     vertex -1.262994e+01 -7.483012e+00  1.200000e+01
     vertex -1.432721e+01 -8.086125e+00  1.200000e+01
     vertex -1.261607e+01 -7.527546e+00  1.200000e+01
   endloop
 endfacet
 facet normal  0.000000e+00  0.000000e+00  1.000000e+00
   outer loop
     vertex -1.262994e+01 -7.483012e+00  1.200000e+01
     vertex -1.435576e+01 -7.994437e+00  1.200000e+01
     vertex -1.432721e+01 -8.086125e+00  1.200000e+01
   endloop
 endfacet
 facet normal  0.000000e+00  0.000000e+00  1.000000e+00
   outer loop
     vertex -1.144937e+01 -8.639532e+00  1.200000e+01
     vertex -1.149418e+01 -8.626587e+00  1.200000e+01
     vertex -1.192518e+01 -1.037551e+01  1.200000e+01
   endloop
 endfacet
 facet normal  0.000000e+00  0.000000e+00  1.000000e+00
   outer loop
     vertex -1.264258e+01 -7.438115e+00  1.200000e+01
     vertex -1.438177e+01 -7.902001e+00  1.200000e+01
     vertex -1.435576e+01 -7.994437e+00  1.200000e+01
   endloop
 endfacet
 facet normal  0.000000e+00  0.000000e+00  1.000000e+00
   outer loop
     vertex -1.264258e+01 -7.438115e+00  1.200000e+01
     vertex -1.435576e+01 -7.994437e+00  1.200000e+01
     vertex -1.262994e+01 -7.483012e+00  1.200000e+01
   endloop
 endfacet
 facet normal  0.000000e+00  0.000000e+00  1.000000e+00
   outer loop
     vertex -1.140422e+01 -8.651243e+00  1.200000e+01
     vertex -1.192518e+01 -1.037551e+01  1.200000e+01
     vertex -1.183222e+01 -1.039962e+01  1.200000e+01
   endloop
 endfacet
 facet normal  0.000000e+00  0.000000e+00  1.000000e+00
   outer loop
     vertex -1.140422e+01 -8.651243e+00  1.200000e+01
     vertex -1.144937e+01 -8.639532e+00  1.200000e+01
     vertex -1.192518e+01 -1.037551e+01  1.200000e+01
   endloop
 endfacet
 facet normal  0.000000e+00  0.000000e+00  1.000000e+00
   outer loop
     vertex -1.265398e+01 -7.392887e+00  1.200000e+01
     vertex -1.440525e+01 -7.808886e+00  1.200000e+01
     vertex -1.438177e+01 -7.902001e+00  1.200000e+01
   endloop
 endfacet
 facet normal  0.000000e+00  0.000000e+00  1.000000e+00
   outer loop
     vertex -1.265398e+01 -7.392887e+00  1.200000e+01
     vertex -1.438177e+01 -7.902001e+00  1.200000e+01
     vertex -1.264258e+01 -7.438115e+00  1.200000e+01
   endloop
 endfacet
 facet normal  0.000000e+00  0.000000e+00  1.000000e+00
   outer loop
     vertex -1.135877e+01 -8.661711e+00  1.200000e+01
     vertex -1.183222e+01 -1.039962e+01  1.200000e+01
     vertex -1.173865e+01 -1.042117e+01  1.200000e+01
   endloop
 endfacet
 facet normal  0.000000e+00  0.000000e+00  1.000000e+00
   outer loop
     vertex -1.135877e+01 -8.661711e+00  1.200000e+01
     vertex -1.140422e+01 -8.651243e+00  1.200000e+01
     vertex -1.183222e+01 -1.039962e+01  1.200000e+01
   endloop
 endfacet
 facet normal  0.000000e+00  0.000000e+00  1.000000e+00
   outer loop
     vertex -1.266413e+01 -7.347364e+00  1.200000e+01
     vertex -1.442616e+01 -7.715162e+00  1.200000e+01
     vertex -1.440525e+01 -7.808886e+00  1.200000e+01
   endloop
 endfacet
 facet normal  0.000000e+00  0.000000e+00  1.000000e+00
   outer loop
     vertex -1.266413e+01 -7.347364e+00  1.200000e+01
     vertex -1.440525e+01 -7.808886e+00  1.200000e+01
     vertex -1.265398e+01 -7.392887e+00  1.200000e+01
   endloop
 endfacet
 facet normal  0.000000e+00  0.000000e+00  1.000000e+00
   outer loop
     vertex -1.131305e+01 -8.670928e+00  1.200000e+01
     vertex -1.135877e+01 -8.661711e+00  1.200000e+01
     vertex -1.173865e+01 -1.042117e+01  1.200000e+01
   endloop
 endfacet
 facet normal  0.000000e+00  0.000000e+00  1.000000e+00
   outer loop
     vertex -1.131305e+01 -8.670928e+00  1.200000e+01
     vertex -1.173865e+01 -1.042117e+01  1.200000e+01
     vertex -1.164451e+01 -1.044015e+01  1.200000e+01
   endloop
 endfacet
 facet normal  0.000000e+00  0.000000e+00  1.000000e+00
   outer loop
     vertex -1.267304e+01 -7.301580e+00  1.200000e+01
     vertex -1.446022e+01 -7.526169e+00  1.200000e+01
     vertex -1.444449e+01 -7.620899e+00  1.200000e+01
   endloop
 endfacet
 facet normal  0.000000e+00  0.000000e+00  1.000000e+00
   outer loop
     vertex -1.267304e+01 -7.301580e+00  1.200000e+01
     vertex -1.444449e+01 -7.620899e+00  1.200000e+01
     vertex -1.442616e+01 -7.715162e+00  1.200000e+01
   endloop
 endfacet
 facet normal  0.000000e+00  0.000000e+00  1.000000e+00
   outer loop
     vertex -1.267304e+01 -7.301580e+00  1.200000e+01
     vertex -1.442616e+01 -7.715162e+00  1.200000e+01
     vertex -1.266413e+01 -7.347364e+00  1.200000e+01
   endloop
 endfacet
 facet normal  0.000000e+00  0.000000e+00  1.000000e+00
   outer loop
     vertex -1.126709e+01 -8.678887e+00  1.200000e+01
     vertex -1.131305e+01 -8.670928e+00  1.200000e+01
     vertex -1.164451e+01 -1.044015e+01  1.200000e+01
   endloop
 endfacet
 facet normal  0.000000e+00  0.000000e+00  1.000000e+00
   outer loop
     vertex -1.126709e+01 -8.678887e+00  1.200000e+01
     vertex -1.164451e+01 -1.044015e+01  1.200000e+01
     vertex -1.154989e+01 -1.045653e+01  1.200000e+01
   endloop
 endfacet
 facet normal  0.000000e+00  0.000000e+00  1.000000e+00
   outer loop
     vertex -1.268068e+01 -7.255568e+00  1.200000e+01
     vertex -1.446022e+01 -7.526169e+00  1.200000e+01
     vertex -1.267304e+01 -7.301580e+00  1.200000e+01
   endloop
 endfacet
 facet normal  0.000000e+00  0.000000e+00  1.000000e+00
   outer loop
     vertex -1.122093e+01 -8.685583e+00  1.200000e+01
     vertex -1.126709e+01 -8.678887e+00  1.200000e+01
     vertex -1.154989e+01 -1.045653e+01  1.200000e+01
   endloop
 endfacet
 facet normal  0.000000e+00  0.000000e+00  1.000000e+00
   outer loop
     vertex -1.122093e+01 -8.685583e+00  1.200000e+01
     vertex -1.154989e+01 -1.045653e+01  1.200000e+01
     vertex -1.145486e+01 -1.047032e+01  1.200000e+01
   endloop
 endfacet
 facet normal  0.000000e+00  0.000000e+00  1.000000e+00
   outer loop
     vertex -1.268706e+01 -7.209364e+00  1.200000e+01
     vertex -1.447336e+01 -7.431043e+00  1.200000e+01
     vertex -1.446022e+01 -7.526169e+00  1.200000e+01
   endloop
 endfacet
 facet normal  0.000000e+00  0.000000e+00  1.000000e+00
   outer loop
     vertex -1.268706e+01 -7.209364e+00  1.200000e+01
     vertex -1.446022e+01 -7.526169e+00  1.200000e+01
     vertex -1.268068e+01 -7.255568e+00  1.200000e+01
   endloop
 endfacet
 facet normal  0.000000e+00  0.000000e+00  1.000000e+00
   outer loop
     vertex -1.117461e+01 -8.691009e+00  1.200000e+01
     vertex -1.122093e+01 -8.685583e+00  1.200000e+01
     vertex -1.145486e+01 -1.047032e+01  1.200000e+01
   endloop
 endfacet
 facet normal  0.000000e+00  0.000000e+00  1.000000e+00
   outer loop
     vertex -1.117461e+01 -8.691009e+00  1.200000e+01
     vertex -1.145486e+01 -1.047032e+01  1.200000e+01
     vertex -1.135948e+01 -1.048149e+01  1.200000e+01
   endloop
 endfacet
 facet normal  0.000000e+00  0.000000e+00  1.000000e+00
   outer loop
     vertex -1.269217e+01 -7.163002e+00  1.200000e+01
     vertex -1.447336e+01 -7.431043e+00  1.200000e+01
     vertex -1.268706e+01 -7.209364e+00  1.200000e+01
   endloop
 endfacet
 facet normal  0.000000e+00  0.000000e+00  1.000000e+00
   outer loop
     vertex -1.269217e+01 -7.163002e+00  1.200000e+01
     vertex -1.448387e+01 -7.335593e+00  1.200000e+01
     vertex -1.447336e+01 -7.431043e+00  1.200000e+01
   endloop
 endfacet
 facet normal  0.000000e+00  0.000000e+00  1.000000e+00
   outer loop
     vertex -1.112815e+01 -8.695163e+00  1.200000e+01
     vertex -1.117461e+01 -8.691009e+00  1.200000e+01
     vertex -1.135948e+01 -1.048149e+01  1.200000e+01
   endloop
 endfacet
 facet normal  0.000000e+00  0.000000e+00  1.000000e+00
   outer loop
     vertex -1.112815e+01 -8.695163e+00  1.200000e+01
     vertex -1.135948e+01 -1.048149e+01  1.200000e+01
     vertex -1.126384e+01 -1.049004e+01  1.200000e+01
   endloop
 endfacet
 facet normal  0.000000e+00  0.000000e+00  1.000000e+00
   outer loop
     vertex -1.269600e+01 -7.116518e+00  1.200000e+01
     vertex -1.449177e+01 -7.239890e+00  1.200000e+01
     vertex -1.448387e+01 -7.335593e+00  1.200000e+01
   endloop
 endfacet
 facet normal  0.000000e+00  0.000000e+00  1.000000e+00
   outer loop
     vertex -1.269600e+01 -7.116518e+00  1.200000e+01
     vertex -1.448387e+01 -7.335593e+00  1.200000e+01
     vertex -1.269217e+01 -7.163002e+00  1.200000e+01
   endloop
 endfacet
 facet normal  0.000000e+00  0.000000e+00  1.000000e+00
   outer loop
     vertex -1.108160e+01 -8.698041e+00  1.200000e+01
     vertex -1.112815e+01 -8.695163e+00  1.200000e+01
     vertex -1.126384e+01 -1.049004e+01  1.200000e+01
   endloop
 endfacet
 facet normal  0.000000e+00  0.000000e+00  1.000000e+00
   outer loop
     vertex -1.108160e+01 -8.698041e+00  1.200000e+01
     vertex -1.126384e+01 -1.049004e+01  1.200000e+01
     vertex -1.116799e+01 -1.049597e+01  1.200000e+01
   endloop
 endfacet
 facet normal  0.000000e+00  0.000000e+00  1.000000e+00
   outer loop
     vertex -1.108160e+01 -8.698041e+00  1.200000e+01
     vertex -1.116799e+01 -1.049597e+01  1.200000e+01
     vertex -1.107202e+01 -1.049926e+01  1.200000e+01
   endloop
 endfacet
 facet normal  0.000000e+00  0.000000e+00  1.000000e+00
   outer loop
     vertex -1.269856e+01 -7.069946e+00  1.200000e+01
     vertex -1.449704e+01 -7.144006e+00  1.200000e+01
     vertex -1.449177e+01 -7.239890e+00  1.200000e+01
   endloop
 endfacet
 facet normal  0.000000e+00  0.000000e+00  1.000000e+00
   outer loop
     vertex -1.269856e+01 -7.069946e+00  1.200000e+01
     vertex -1.449177e+01 -7.239890e+00  1.200000e+01
     vertex -1.269600e+01 -7.116518e+00  1.200000e+01
   endloop
 endfacet
 facet normal  0.000000e+00  0.000000e+00  1.000000e+00
   outer loop
     vertex -1.103498e+01 -8.699640e+00  1.200000e+01
     vertex -1.108160e+01 -8.698041e+00  1.200000e+01
     vertex -1.107202e+01 -1.049926e+01  1.200000e+01
   endloop
 endfacet
 facet normal  0.000000e+00  0.000000e+00  1.000000e+00
   outer loop
     vertex -1.269984e+01 -7.023321e+00  1.200000e+01
     vertex -1.449967e+01 -7.048014e+00  1.200000e+01
     vertex -1.449704e+01 -7.144006e+00  1.200000e+01
   endloop
 endfacet
 facet normal  0.000000e+00  0.000000e+00  1.000000e+00
   outer loop
     vertex -1.269984e+01 -7.023321e+00  1.200000e+01
     vertex -1.449704e+01 -7.144006e+00  1.200000e+01
     vertex -1.269856e+01 -7.069946e+00  1.200000e+01
   endloop
 endfacet
 facet normal  0.000000e+00  0.000000e+00  1.000000e+00
   outer loop
     vertex -1.098834e+01 -8.699960e+00  1.200000e+01
     vertex -1.103498e+01 -8.699640e+00  1.200000e+01
     vertex -1.107202e+01 -1.049926e+01  1.200000e+01
   endloop
 endfacet
 facet normal  0.000000e+00  0.000000e+00  1.000000e+00
   outer loop
     vertex -1.098834e+01 -8.699960e+00  1.200000e+01
     vertex -1.107202e+01 -1.049926e+01  1.200000e+01
     vertex -1.097599e+01 -1.049992e+01  1.200000e+01
   endloop
 endfacet
 facet normal  0.000000e+00  0.000000e+00  1.000000e+00
   outer loop
     vertex -1.269984e+01 -6.976679e+00  1.200000e+01
     vertex -1.449967e+01 -6.951986e+00  1.200000e+01
     vertex -1.449967e+01 -7.048014e+00  1.200000e+01
   endloop
 endfacet
 facet normal  0.000000e+00  0.000000e+00  1.000000e+00
   outer loop
     vertex -1.269984e+01 -6.976679e+00  1.200000e+01
     vertex -1.449967e+01 -7.048014e+00  1.200000e+01
     vertex -1.269984e+01 -7.023321e+00  1.200000e+01
   endloop
 endfacet
 facet normal  0.000000e+00  0.000000e+00  1.000000e+00
   outer loop
     vertex -1.094171e+01 -8.699000e+00  1.200000e+01
     vertex -1.098834e+01 -8.699960e+00  1.200000e+01
     vertex -1.097599e+01 -1.049992e+01  1.200000e+01
   endloop
 endfacet
 facet normal  0.000000e+00  0.000000e+00  1.000000e+00
   outer loop
     vertex -1.094171e+01 -8.699000e+00  1.200000e+01
     vertex -1.097599e+01 -1.049992e+01  1.200000e+01
     vertex -1.087998e+01 -1.049794e+01  1.200000e+01
   endloop
 endfacet
 facet normal  0.000000e+00  0.000000e+00  1.000000e+00
   outer loop
     vertex -1.269856e+01 -6.930054e+00  1.200000e+01
     vertex -1.449704e+01 -6.855994e+00  1.200000e+01
     vertex -1.449967e+01 -6.951986e+00  1.200000e+01
   endloop
 endfacet
 facet normal  0.000000e+00  0.000000e+00  1.000000e+00
   outer loop
     vertex -1.269856e+01 -6.930054e+00  1.200000e+01
     vertex -1.449967e+01 -6.951986e+00  1.200000e+01
     vertex -1.269984e+01 -6.976679e+00  1.200000e+01
   endloop
 endfacet
 facet normal  0.000000e+00  0.000000e+00  1.000000e+00
   outer loop
     vertex -1.089512e+01 -8.696762e+00  1.200000e+01
     vertex -1.087998e+01 -1.049794e+01  1.200000e+01
     vertex -1.078407e+01 -1.049333e+01  1.200000e+01
   endloop
 endfacet
 facet normal  0.000000e+00  0.000000e+00  1.000000e+00
   outer loop
     vertex -1.089512e+01 -8.696762e+00  1.200000e+01
     vertex -1.094171e+01 -8.699000e+00  1.200000e+01
     vertex -1.087998e+01 -1.049794e+01  1.200000e+01
   endloop
 endfacet
 facet normal  0.000000e+00  0.000000e+00  1.000000e+00
   outer loop
     vertex -1.269600e+01 -6.883482e+00  1.200000e+01
     vertex -1.449177e+01 -6.760110e+00  1.200000e+01
     vertex -1.449704e+01 -6.855994e+00  1.200000e+01
   endloop
 endfacet
 facet normal  0.000000e+00  0.000000e+00  1.000000e+00
   outer loop
     vertex -1.269600e+01 -6.883482e+00  1.200000e+01
     vertex -1.449704e+01 -6.855994e+00  1.200000e+01
     vertex -1.269856e+01 -6.930054e+00  1.200000e+01
   endloop
 endfacet
 facet normal  0.000000e+00  0.000000e+00  1.000000e+00
   outer loop
     vertex -1.084861e+01 -8.693246e+00  1.200000e+01
     vertex -1.078407e+01 -1.049333e+01  1.200000e+01
     vertex -1.068831e+01 -1.048609e+01  1.200000e+01
   endloop
 endfacet
 facet normal  0.000000e+00  0.000000e+00  1.000000e+00
   outer loop
     vertex -1.084861e+01 -8.693246e+00  1.200000e+01
     vertex -1.089512e+01 -8.696762e+00  1.200000e+01
     vertex -1.078407e+01 -1.049333e+01  1.200000e+01
   endloop
 endfacet
 facet normal  0.000000e+00  0.000000e+00  1.000000e+00
   outer loop
     vertex -1.269217e+01 -6.836998e+00  1.200000e+01
     vertex -1.448387e+01 -6.664407e+00  1.200000e+01
     vertex -1.449177e+01 -6.760110e+00  1.200000e+01
   endloop
 endfacet
 facet normal  0.000000e+00  0.000000e+00  1.000000e+00
   outer loop
     vertex -1.269217e+01 -6.836998e+00  1.200000e+01
     vertex -1.449177e+01 -6.760110e+00  1.200000e+01
     vertex -1.269600e+01 -6.883482e+00  1.200000e+01
   endloop
 endfacet
 facet normal  0.000000e+00  0.000000e+00  1.000000e+00
   outer loop
     vertex -1.080221e+01 -8.688455e+00  1.200000e+01
     vertex -1.084861e+01 -8.693246e+00  1.200000e+01
     vertex -1.068831e+01 -1.048609e+01  1.200000e+01
   endloop
 endfacet
 facet normal  0.000000e+00  0.000000e+00  1.000000e+00
   outer loop
     vertex -1.080221e+01 -8.688455e+00  1.200000e+01
     vertex -1.068831e+01 -1.048609e+01  1.200000e+01
     vertex -1.059279e+01 -1.047623e+01  1.200000e+01
   endloop
 endfacet
 facet normal  0.000000e+00  0.000000e+00  1.000000e+00
   outer loop
     vertex -1.268706e+01 -6.790636e+00  1.200000e+01
     vertex -1.446022e+01 -6.473831e+00  1.200000e+01
     vertex -1.447336e+01 -6.568957e+00  1.200000e+01
   endloop
 endfacet
 facet normal  0.000000e+00  0.000000e+00  1.000000e+00
   outer loop
     vertex -1.268706e+01 -6.790636e+00  1.200000e+01
     vertex -1.447336e+01 -6.568957e+00  1.200000e+01
     vertex -1.448387e+01 -6.664407e+00  1.200000e+01
   endloop
 endfacet
 facet normal  0.000000e+00  0.000000e+00  1.000000e+00
   outer loop
     vertex -1.268706e+01 -6.790636e+00  1.200000e+01
     vertex -1.448387e+01 -6.664407e+00  1.200000e+01
     vertex -1.269217e+01 -6.836998e+00  1.200000e+01
   endloop
 endfacet
 facet normal  0.000000e+00  0.000000e+00  1.000000e+00
   outer loop
     vertex -1.075597e+01 -8.682393e+00  1.200000e+01
     vertex -1.080221e+01 -8.688455e+00  1.200000e+01
     vertex -1.059279e+01 -1.047623e+01  1.200000e+01
   endloop
 endfacet
 facet normal  0.000000e+00  0.000000e+00  1.000000e+00
   outer loop
     vertex -1.075597e+01 -8.682393e+00  1.200000e+01
     vertex -1.059279e+01 -1.047623e+01  1.200000e+01
     vertex -1.049758e+01 -1.046375e+01  1.200000e+01
   endloop
 endfacet
 facet normal  0.000000e+00  0.000000e+00  1.000000e+00
   outer loop
     vertex -1.075597e+01 -8.682393e+00  1.200000e+01
     vertex -1.049758e+01 -1.046375e+01  1.200000e+01
     vertex -1.040274e+01 -1.044866e+01  1.200000e+01
   endloop
 endfacet
 facet normal  0.000000e+00  0.000000e+00  1.000000e+00
   outer loop
     vertex -1.268068e+01 -6.744432e+00  1.200000e+01
     vertex -1.446022e+01 -6.473831e+00  1.200000e+01
     vertex -1.268706e+01 -6.790636e+00  1.200000e+01
   endloop
 endfacet
 facet normal  0.000000e+00  0.000000e+00  1.000000e+00
   outer loop
     vertex -1.070990e+01 -8.675065e+00  1.200000e+01
     vertex -1.075597e+01 -8.682393e+00  1.200000e+01
     vertex -1.040274e+01 -1.044866e+01  1.200000e+01
   endloop
 endfacet
 facet normal  0.000000e+00  0.000000e+00  1.000000e+00
   outer loop
     vertex -1.267304e+01 -6.698420e+00  1.200000e+01
     vertex -1.444449e+01 -6.379101e+00  1.200000e+01
     vertex -1.446022e+01 -6.473831e+00  1.200000e+01
   endloop
 endfacet
 facet normal  0.000000e+00  0.000000e+00  1.000000e+00
   outer loop
     vertex -1.267304e+01 -6.698420e+00  1.200000e+01
     vertex -1.446022e+01 -6.473831e+00  1.200000e+01
     vertex -1.268068e+01 -6.744432e+00  1.200000e+01
   endloop
 endfacet
 facet normal  0.000000e+00  0.000000e+00  1.000000e+00
   outer loop
     vertex -1.066406e+01 -8.666476e+00  1.200000e+01
     vertex -1.070990e+01 -8.675065e+00  1.200000e+01
     vertex -1.040274e+01 -1.044866e+01  1.200000e+01
   endloop
 endfacet
 facet normal  0.000000e+00  0.000000e+00  1.000000e+00
   outer loop
     vertex -1.066406e+01 -8.666476e+00  1.200000e+01
     vertex -1.040274e+01 -1.044866e+01  1.200000e+01
     vertex -1.030836e+01 -1.043098e+01  1.200000e+01
   endloop
 endfacet
 facet normal  0.000000e+00  0.000000e+00  1.000000e+00
   outer loop
     vertex -1.066406e+01 -8.666476e+00  1.200000e+01
     vertex -1.030836e+01 -1.043098e+01  1.200000e+01
     vertex -1.021449e+01 -1.041071e+01  1.200000e+01
   endloop
 endfacet
 facet normal  0.000000e+00  0.000000e+00  1.000000e+00
   outer loop
     vertex -1.266413e+01 -6.652636e+00  1.200000e+01
     vertex -1.442616e+01 -6.284838e+00  1.200000e+01
     vertex -1.444449e+01 -6.379101e+00  1.200000e+01
   endloop
 endfacet
 facet normal  0.000000e+00  0.000000e+00  1.000000e+00
   outer loop
     vertex -1.266413e+01 -6.652636e+00  1.200000e+01
     vertex -1.444449e+01 -6.379101e+00  1.200000e+01
     vertex -1.267304e+01 -6.698420e+00  1.200000e+01
   endloop
 endfacet
 facet normal  0.000000e+00  0.000000e+00  1.000000e+00
   outer loop
     vertex -1.061847e+01 -8.656633e+00  1.200000e+01
     vertex -1.066406e+01 -8.666476e+00  1.200000e+01
     vertex -1.021449e+01 -1.041071e+01  1.200000e+01
   endloop
 endfacet
 facet normal  0.000000e+00  0.000000e+00  1.000000e+00
   outer loop
     vertex -1.265398e+01 -6.607113e+00  1.200000e+01
     vertex -1.440525e+01 -6.191114e+00  1.200000e+01
     vertex -1.442616e+01 -6.284838e+00  1.200000e+01
   endloop
 endfacet
 facet normal  0.000000e+00  0.000000e+00  1.000000e+00
   outer loop
     vertex -1.265398e+01 -6.607113e+00  1.200000e+01
     vertex -1.442616e+01 -6.284838e+00  1.200000e+01
     vertex -1.266413e+01 -6.652636e+00  1.200000e+01
   endloop
 endfacet
 facet normal  0.000000e+00  0.000000e+00  1.000000e+00
   outer loop
     vertex -1.057316e+01 -8.645542e+00  1.200000e+01
     vertex -1.021449e+01 -1.041071e+01  1.200000e+01
     vertex -1.012122e+01 -1.038788e+01  1.200000e+01
   endloop
 endfacet
 facet normal  0.000000e+00  0.000000e+00  1.000000e+00
   outer loop
     vertex -1.057316e+01 -8.645542e+00  1.200000e+01
     vertex -1.012122e+01 -1.038788e+01  1.200000e+01
     vertex -1.002860e+01 -1.036250e+01  1.200000e+01
   endloop
 endfacet
 facet normal  0.000000e+00  0.000000e+00  1.000000e+00
   outer loop
     vertex -1.057316e+01 -8.645542e+00  1.200000e+01
     vertex -1.061847e+01 -8.656633e+00  1.200000e+01
     vertex -1.021449e+01 -1.041071e+01  1.200000e+01
   endloop
 endfacet
 facet normal  0.000000e+00  0.000000e+00  1.000000e+00
   outer loop
     vertex -1.264258e+01 -6.561885e+00  1.200000e+01
     vertex -1.438177e+01 -6.097999e+00  1.200000e+01
     vertex -1.440525e+01 -6.191114e+00  1.200000e+01
   endloop
 endfacet
 facet normal  0.000000e+00  0.000000e+00  1.000000e+00
   outer loop
     vertex -1.264258e+01 -6.561885e+00  1.200000e+01
     vertex -1.440525e+01 -6.191114e+00  1.200000e+01
     vertex -1.265398e+01 -6.607113e+00  1.200000e+01
   endloop
 endfacet
 facet normal  0.000000e+00  0.000000e+00  1.000000e+00
   outer loop
     vertex -1.052818e+01 -8.633213e+00  1.200000e+01
     vertex -1.057316e+01 -8.645542e+00  1.200000e+01
     vertex -1.002860e+01 -1.036250e+01  1.200000e+01
   endloop
 endfacet
 facet normal  0.000000e+00  0.000000e+00  1.000000e+00
   outer loop
     vertex -1.262994e+01 -6.516988e+00  1.200000e+01
     vertex -1.435576e+01 -6.005563e+00  1.200000e+01
     vertex -1.438177e+01 -6.097999e+00  1.200000e+01
   endloop
 endfacet
 facet normal  0.000000e+00  0.000000e+00  1.000000e+00
   outer loop
     vertex -1.262994e+01 -6.516988e+00  1.200000e+01
     vertex -1.438177e+01 -6.097999e+00  1.200000e+01
     vertex -1.264258e+01 -6.561885e+00  1.200000e+01
   endloop
 endfacet
 facet normal  0.000000e+00  0.000000e+00  1.000000e+00
   outer loop
     vertex -1.048355e+01 -8.619654e+00  1.200000e+01
     vertex -1.052818e+01 -8.633213e+00  1.200000e+01
     vertex -1.002860e+01 -1.036250e+01  1.200000e+01
   endloop
 endfacet
 facet normal  0.000000e+00  0.000000e+00  1.000000e+00
   outer loop
     vertex -1.048355e+01 -8.619654e+00  1.200000e+01
     vertex -1.002860e+01 -1.036250e+01  1.200000e+01
     vertex -9.936723e+00 -1.033458e+01  1.200000e+01
   endloop
 endfacet
 facet normal  0.000000e+00  0.000000e+00  1.000000e+00
   outer loop
     vertex -1.261607e+01 -6.472454e+00  1.200000e+01
     vertex -1.435576e+01 -6.005563e+00  1.200000e+01
     vertex -1.262994e+01 -6.516988e+00  1.200000e+01
   endloop
 endfacet
 facet normal  0.000000e+00  0.000000e+00  1.000000e+00
   outer loop
     vertex -1.261607e+01 -6.472454e+00  1.200000e+01
     vertex -1.432721e+01 -5.913875e+00  1.200000e+01
     vertex -1.435576e+01 -6.005563e+00  1.200000e+01
   endloop
 endfacet
 facet normal  0.000000e+00  0.000000e+00  1.000000e+00
   outer loop
     vertex -1.043931e+01 -8.604877e+00  1.200000e+01
     vertex -1.048355e+01 -8.619654e+00  1.200000e+01
     vertex -9.936723e+00 -1.033458e+01  1.200000e+01
   endloop
 endfacet
 facet normal  0.000000e+00  0.000000e+00  1.000000e+00
   outer loop
     vertex -1.043931e+01 -8.604877e+00  1.200000e+01
     vertex -9.936723e+00 -1.033458e+01  1.200000e+01
     vertex -9.845642e+00 -1.030416e+01  1.200000e+01
   endloop
 endfacet
 facet normal  0.000000e+00  0.000000e+00  1.000000e+00
   outer loop
     vertex -1.260099e+01 -6.428317e+00  1.200000e+01
     vertex -1.429616e+01 -5.823005e+00  1.200000e+01
     vertex -1.432721e+01 -5.913875e+00  1.200000e+01
   endloop
 endfacet
 facet normal  0.000000e+00  0.000000e+00  1.000000e+00
   outer loop
     vertex -1.260099e+01 -6.428317e+00  1.200000e+01
     vertex -1.432721e+01 -5.913875e+00  1.200000e+01
     vertex -1.261607e+01 -6.472454e+00  1.200000e+01
   endloop
 endfacet
 facet normal  0.000000e+00  0.000000e+00  1.000000e+00
   outer loop
     vertex -1.039549e+01 -8.588891e+00  1.200000e+01
     vertex -1.043931e+01 -8.604877e+00  1.200000e+01
     vertex -9.845642e+00 -1.030416e+01  1.200000e+01
   endloop
 endfacet
 facet normal  0.000000e+00  0.000000e+00  1.000000e+00
   outer loop
     vertex -1.039549e+01 -8.588891e+00  1.200000e+01
     vertex -9.845642e+00 -1.030416e+01  1.200000e+01
     vertex -9.755430e+00 -1.027125e+01  1.200000e+01
   endloop
 endfacet
 facet normal  0.000000e+00  0.000000e+00  1.000000e+00
   outer loop
     vertex -1.258471e+01 -6.384610e+00  1.200000e+01
     vertex -1.426263e+01 -5.733021e+00  1.200000e+01
     vertex -1.429616e+01 -5.823005e+00  1.200000e+01
   endloop
 endfacet
 facet normal  0.000000e+00  0.000000e+00  1.000000e+00
   outer loop
     vertex -1.258471e+01 -6.384610e+00  1.200000e+01
     vertex -1.429616e+01 -5.823005e+00  1.200000e+01
     vertex -1.260099e+01 -6.428317e+00  1.200000e+01
   endloop
 endfacet
 facet normal  0.000000e+00  0.000000e+00  1.000000e+00
   outer loop
     vertex -1.035213e+01 -8.571709e+00  1.200000e+01
     vertex -1.039549e+01 -8.588891e+00  1.200000e+01
     vertex -9.755430e+00 -1.027125e+01  1.200000e+01
   endloop
 endfacet
 facet normal  0.000000e+00  0.000000e+00  1.000000e+00
   outer loop
     vertex -1.035213e+01 -8.571709e+00  1.200000e+01
     vertex -9.755430e+00 -1.027125e+01  1.200000e+01
     vertex -9.666155e+00 -1.023587e+01  1.200000e+01
   endloop
 endfacet
 facet normal  0.000000e+00  0.000000e+00  1.000000e+00
   outer loop
     vertex -1.256723e+01 -6.341367e+00  1.200000e+01
     vertex -1.422665e+01 -5.643991e+00  1.200000e+01
     vertex -1.426263e+01 -5.733021e+00  1.200000e+01
   endloop
 endfacet
 facet normal  0.000000e+00  0.000000e+00  1.000000e+00
   outer loop
     vertex -1.256723e+01 -6.341367e+00  1.200000e+01
     vertex -1.426263e+01 -5.733021e+00  1.200000e+01
     vertex -1.258471e+01 -6.384610e+00  1.200000e+01
   endloop
 endfacet
 facet normal  0.000000e+00  0.000000e+00  1.000000e+00
   outer loop
     vertex -1.030926e+01 -8.553343e+00  1.200000e+01
     vertex -1.035213e+01 -8.571709e+00  1.200000e+01
     vertex -9.666155e+00 -1.023587e+01  1.200000e+01
   endloop
 endfacet
 facet normal  0.000000e+00  0.000000e+00  1.000000e+00
   outer loop
     vertex -1.030926e+01 -8.553343e+00  1.200000e+01
     vertex -9.666155e+00 -1.023587e+01  1.200000e+01
     vertex -9.577884e+00 -1.019806e+01  1.200000e+01
   endloop
 endfacet
 facet normal  0.000000e+00  0.000000e+00  1.000000e+00
   outer loop
     vertex -1.254857e+01 -6.298619e+00  1.200000e+01
     vertex -1.422665e+01 -5.643991e+00  1.200000e+01
     vertex -1.256723e+01 -6.341367e+00  1.200000e+01
   endloop
 endfacet
 facet normal  0.000000e+00  0.000000e+00  1.000000e+00
   outer loop
     vertex -1.254857e+01 -6.298619e+00  1.200000e+01
     vertex -1.418823e+01 -5.555981e+00  1.200000e+01
     vertex -1.422665e+01 -5.643991e+00  1.200000e+01
   endloop
 endfacet
 facet normal  0.000000e+00  0.000000e+00  1.000000e+00
   outer loop
     vertex -1.026690e+01 -8.533809e+00  1.200000e+01
     vertex -1.030926e+01 -8.553343e+00  1.200000e+01
     vertex -9.577884e+00 -1.019806e+01  1.200000e+01
   endloop
 endfacet
 facet normal  0.000000e+00  0.000000e+00  1.000000e+00
   outer loop
     vertex -1.026690e+01 -8.533809e+00  1.200000e+01
     vertex -9.577884e+00 -1.019806e+01  1.200000e+01
     vertex -9.490684e+00 -1.015784e+01  1.200000e+01
   endloop
 endfacet
 facet normal  0.000000e+00  0.000000e+00  1.000000e+00
   outer loop
     vertex -1.252874e+01 -6.256400e+00  1.200000e+01
     vertex -1.418823e+01 -5.555981e+00  1.200000e+01
     vertex -1.254857e+01 -6.298619e+00  1.200000e+01
   endloop
 endfacet
 facet normal  0.000000e+00  0.000000e+00  1.000000e+00
   outer loop
     vertex -1.252874e+01 -6.256400e+00  1.200000e+01
     vertex -1.414741e+01 -5.469058e+00  1.200000e+01
     vertex -1.418823e+01 -5.555981e+00  1.200000e+01
   endloop
 endfacet
 facet normal  0.000000e+00  0.000000e+00  1.000000e+00
   outer loop
     vertex -1.022510e+01 -8.513120e+00  1.200000e+01
     vertex -1.026690e+01 -8.533809e+00  1.200000e+01
     vertex -9.490684e+00 -1.015784e+01  1.200000e+01
   endloop
 endfacet
 facet normal  0.000000e+00  0.000000e+00  1.000000e+00
   outer loop
     vertex -1.022510e+01 -8.513120e+00  1.200000e+01
     vertex -9.490684e+00 -1.015784e+01  1.200000e+01
     vertex -9.404619e+00 -1.011525e+01  1.200000e+01
   endloop
 endfacet
 facet normal  0.000000e+00  0.000000e+00  1.000000e+00
   outer loop
     vertex -1.250777e+01 -6.214740e+00  1.200000e+01
     vertex -1.414741e+01 -5.469058e+00  1.200000e+01
     vertex -1.252874e+01 -6.256400e+00  1.200000e+01
   endloop
 endfacet
 facet normal  0.000000e+00  0.000000e+00  1.000000e+00
   outer loop
     vertex -1.250777e+01 -6.214740e+00  1.200000e+01
     vertex -1.410423e+01 -5.383288e+00  1.200000e+01
     vertex -1.414741e+01 -5.469058e+00  1.200000e+01
   endloop
 endfacet
 facet normal  0.000000e+00  0.000000e+00  1.000000e+00
   outer loop
     vertex -1.018388e+01 -8.491292e+00  1.200000e+01
     vertex -1.022510e+01 -8.513120e+00  1.200000e+01
     vertex -9.404619e+00 -1.011525e+01  1.200000e+01
   endloop
 endfacet
 facet normal  0.000000e+00  0.000000e+00  1.000000e+00
   outer loop
     vertex -1.018388e+01 -8.491292e+00  1.200000e+01
     vertex -9.404619e+00 -1.011525e+01  1.200000e+01
     vertex -9.319756e+00 -1.007031e+01  1.200000e+01
   endloop
 endfacet
 facet normal  0.000000e+00  0.000000e+00  1.000000e+00
   outer loop
     vertex -1.248566e+01 -6.173671e+00  1.200000e+01
     vertex -1.410423e+01 -5.383288e+00  1.200000e+01
     vertex -1.250777e+01 -6.214740e+00  1.200000e+01
   endloop
 endfacet
 facet normal  0.000000e+00  0.000000e+00  1.000000e+00
   outer loop
     vertex -1.248566e+01 -6.173671e+00  1.200000e+01
     vertex -1.405871e+01 -5.298735e+00  1.200000e+01
     vertex -1.410423e+01 -5.383288e+00  1.200000e+01
   endloop
 endfacet
 facet normal  0.000000e+00  0.000000e+00  1.000000e+00
   outer loop
     vertex -1.014328e+01 -8.468341e+00  1.200000e+01
     vertex -1.018388e+01 -8.491292e+00  1.200000e+01
     vertex -9.319756e+00 -1.007031e+01  1.200000e+01
   endloop
 endfacet
 facet normal  0.000000e+00  0.000000e+00  1.000000e+00
   outer loop
     vertex -1.014328e+01 -8.468341e+00  1.200000e+01
     vertex -9.319756e+00 -1.007031e+01  1.200000e+01
     vertex -9.236157e+00 -1.002305e+01  1.200000e+01
   endloop
 endfacet
 facet normal  0.000000e+00  0.000000e+00  1.000000e+00
   outer loop
     vertex -1.246243e+01 -6.133225e+00  1.200000e+01
     vertex -1.405871e+01 -5.298735e+00  1.200000e+01
     vertex -1.248566e+01 -6.173671e+00  1.200000e+01
   endloop
 endfacet
 facet normal  0.000000e+00  0.000000e+00  1.000000e+00
   outer loop
     vertex -1.246243e+01 -6.133225e+00  1.200000e+01
     vertex -1.401088e+01 -5.215463e+00  1.200000e+01
     vertex -1.405871e+01 -5.298735e+00  1.200000e+01
   endloop
 endfacet
 facet normal  0.000000e+00  0.000000e+00  1.000000e+00
   outer loop
     vertex -1.010332e+01 -8.444285e+00  1.200000e+01
     vertex -1.014328e+01 -8.468341e+00  1.200000e+01
     vertex -9.236157e+00 -1.002305e+01  1.200000e+01
   endloop
 endfacet
 facet normal  0.000000e+00  0.000000e+00  1.000000e+00
   outer loop
     vertex -1.010332e+01 -8.444285e+00  1.200000e+01
     vertex -9.236157e+00 -1.002305e+01  1.200000e+01
     vertex -9.153887e+00 -9.973527e+00  1.200000e+01
   endloop
 endfacet
 facet normal  0.000000e+00  0.000000e+00  1.000000e+00
   outer loop
     vertex -1.010332e+01 -8.444285e+00  1.200000e+01
     vertex -9.153887e+00 -9.973527e+00  1.200000e+01
     vertex -9.073006e+00 -9.921762e+00  1.200000e+01
   endloop
 endfacet
 facet normal  0.000000e+00  0.000000e+00  1.000000e+00
   outer loop
     vertex -1.243810e+01 -6.093431e+00  1.200000e+01
     vertex -1.401088e+01 -5.215463e+00  1.200000e+01
     vertex -1.246243e+01 -6.133225e+00  1.200000e+01
   endloop
 endfacet
 facet normal  0.000000e+00  0.000000e+00  1.000000e+00
   outer loop
     vertex -1.243810e+01 -6.093431e+00  1.200000e+01
     vertex -1.396079e+01 -5.133534e+00  1.200000e+01
     vertex -1.401088e+01 -5.215463e+00  1.200000e+01
   endloop
 endfacet
 facet normal  0.000000e+00  0.000000e+00  1.000000e+00
   outer loop
     vertex -1.006403e+01 -8.419142e+00  1.200000e+01
     vertex -1.010332e+01 -8.444285e+00  1.200000e+01
     vertex -9.073006e+00 -9.921762e+00  1.200000e+01
   endloop
 endfacet
 facet normal  0.000000e+00  0.000000e+00  1.000000e+00
   outer loop
     vertex -1.241269e+01 -6.054319e+00  1.200000e+01
     vertex -1.396079e+01 -5.133534e+00  1.200000e+01
     vertex -1.243810e+01 -6.093431e+00  1.200000e+01
   endloop
 endfacet
 facet normal  0.000000e+00  0.000000e+00  1.000000e+00
   outer loop
     vertex -1.241269e+01 -6.054319e+00  1.200000e+01
     vertex -1.390848e+01 -5.053010e+00  1.200000e+01
     vertex -1.396079e+01 -5.133534e+00  1.200000e+01
   endloop
 endfacet
 facet normal  0.000000e+00  0.000000e+00  1.000000e+00
   outer loop
     vertex -1.002545e+01 -8.392930e+00  1.200000e+01
     vertex -1.006403e+01 -8.419142e+00  1.200000e+01
     vertex -9.073006e+00 -9.921762e+00  1.200000e+01
   endloop
 endfacet
 facet normal  0.000000e+00  0.000000e+00  1.000000e+00
   outer loop
     vertex -1.002545e+01 -8.392930e+00  1.200000e+01
     vertex -9.073006e+00 -9.921762e+00  1.200000e+01
     vertex -8.993575e+00 -9.867797e+00  1.200000e+01
   endloop
 endfacet
 facet normal  0.000000e+00  0.000000e+00  1.000000e+00
   outer loop
     vertex -1.238621e+01 -6.015919e+00  1.200000e+01
     vertex -1.390848e+01 -5.053010e+00  1.200000e+01
     vertex -1.241269e+01 -6.054319e+00  1.200000e+01
   endloop
 endfacet
 facet normal  0.000000e+00  0.000000e+00  1.000000e+00
   outer loop
     vertex -1.238621e+01 -6.015919e+00  1.200000e+01
     vertex -1.385397e+01 -4.973951e+00  1.200000e+01
     vertex -1.390848e+01 -5.053010e+00  1.200000e+01
   endloop
 endfacet
 facet normal  0.000000e+00  0.000000e+00  1.000000e+00
   outer loop
     vertex -9.987604e+00 -8.365670e+00  1.200000e+01
     vertex -1.002545e+01 -8.392930e+00  1.200000e+01
     vertex -8.993575e+00 -9.867797e+00  1.200000e+01
   endloop
 endfacet
 facet normal  0.000000e+00  0.000000e+00  1.000000e+00
   outer loop
     vertex -9.987604e+00 -8.365670e+00  1.200000e+01
     vertex -8.993575e+00 -9.867797e+00  1.200000e+01
     vertex -8.915655e+00 -9.811673e+00  1.200000e+01
   endloop
 endfacet
 facet normal  0.000000e+00  0.000000e+00  1.000000e+00
   outer loop
     vertex -1.235869e+01 -5.978260e+00  1.200000e+01
     vertex -1.385397e+01 -4.973951e+00  1.200000e+01
     vertex -1.238621e+01 -6.015919e+00  1.200000e+01
   endloop
 endfacet
 facet normal  0.000000e+00  0.000000e+00  1.000000e+00
   outer loop
     vertex -1.235869e+01 -5.978260e+00  1.200000e+01
     vertex -1.379731e+01 -4.896418e+00  1.200000e+01
     vertex -1.385397e+01 -4.973951e+00  1.200000e+01
   endloop
 endfacet
 facet normal  0.000000e+00  0.000000e+00  1.000000e+00
   outer loop
     vertex -9.950519e+00 -8.337382e+00  1.200000e+01
     vertex -9.987604e+00 -8.365670e+00  1.200000e+01
     vertex -8.915655e+00 -9.811673e+00  1.200000e+01
   endloop
 endfacet
 facet normal  0.000000e+00  0.000000e+00  1.000000e+00
   outer loop
     vertex -9.950519e+00 -8.337382e+00  1.200000e+01
     vertex -8.915655e+00 -9.811673e+00  1.200000e+01
     vertex -8.839304e+00 -9.753433e+00  1.200000e+01
   endloop
 endfacet
 facet normal  0.000000e+00  0.000000e+00  1.000000e+00
   outer loop
     vertex -1.233015e+01 -5.941370e+00  1.200000e+01
     vertex -1.379731e+01 -4.896418e+00  1.200000e+01
     vertex -1.235869e+01 -5.978260e+00  1.200000e+01
   endloop
 endfacet
 facet normal  0.000000e+00  0.000000e+00  1.000000e+00
   outer loop
     vertex -1.233015e+01 -5.941370e+00  1.200000e+01
     vertex -1.373855e+01 -4.820468e+00  1.200000e+01
     vertex -1.379731e+01 -4.896418e+00  1.200000e+01
   endloop
 endfacet
 facet normal  0.000000e+00  0.000000e+00  1.000000e+00
   outer loop
     vertex -9.914224e+00 -8.308087e+00  1.200000e+01
     vertex -9.950519e+00 -8.337382e+00  1.200000e+01
     vertex -8.839304e+00 -9.753433e+00  1.200000e+01
   endloop
 endfacet
 facet normal  0.000000e+00  0.000000e+00  1.000000e+00
   outer loop
     vertex -9.914224e+00 -8.308087e+00  1.200000e+01
     vertex -8.839304e+00 -9.753433e+00  1.200000e+01
     vertex -8.764579e+00 -9.693120e+00  1.200000e+01
   endloop
 endfacet
 facet normal  0.000000e+00  0.000000e+00  1.000000e+00
   outer loop
     vertex -1.230061e+01 -5.905277e+00  1.200000e+01
     vertex -1.367772e+01 -4.746159e+00  1.200000e+01
     vertex -1.373855e+01 -4.820468e+00  1.200000e+01
   endloop
 endfacet
 facet normal  0.000000e+00  0.000000e+00  1.000000e+00
   outer loop
     vertex -1.230061e+01 -5.905277e+00  1.200000e+01
     vertex -1.373855e+01 -4.820468e+00  1.200000e+01
     vertex -1.233015e+01 -5.941370e+00  1.200000e+01
   endloop
 endfacet
 facet normal  0.000000e+00  0.000000e+00  1.000000e+00
   outer loop
     vertex -9.878747e+00 -8.277807e+00  1.200000e+01
     vertex -9.914224e+00 -8.308087e+00  1.200000e+01
     vertex -8.764579e+00 -9.693120e+00  1.200000e+01
   endloop
 endfacet
 facet normal  0.000000e+00  0.000000e+00  1.000000e+00
   outer loop
     vertex -9.878747e+00 -8.277807e+00  1.200000e+01
     vertex -8.764579e+00 -9.693120e+00  1.200000e+01
     vertex -8.691538e+00 -9.630780e+00  1.200000e+01
   endloop
 endfacet
 facet normal  0.000000e+00  0.000000e+00  1.000000e+00
   outer loop
     vertex -9.878747e+00 -8.277807e+00  1.200000e+01
     vertex -8.691538e+00 -9.630780e+00  1.200000e+01
     vertex -8.620234e+00 -9.566459e+00  1.200000e+01
   endloop
 endfacet
 facet normal  0.000000e+00  0.000000e+00  1.000000e+00
   outer loop
     vertex -1.227009e+01 -5.870008e+00  1.200000e+01
     vertex -1.361488e+01 -4.673547e+00  1.200000e+01
     vertex -1.367772e+01 -4.746159e+00  1.200000e+01
   endloop
 endfacet
 facet normal  0.000000e+00  0.000000e+00  1.000000e+00
   outer loop
     vertex -1.227009e+01 -5.870008e+00  1.200000e+01
     vertex -1.367772e+01 -4.746159e+00  1.200000e+01
     vertex -1.230061e+01 -5.905277e+00  1.200000e+01
   endloop
 endfacet
 facet normal  0.000000e+00  0.000000e+00  1.000000e+00
   outer loop
     vertex -9.844113e+00 -8.246566e+00  1.200000e+01
     vertex -9.878747e+00 -8.277807e+00  1.200000e+01
     vertex -8.620234e+00 -9.566459e+00  1.200000e+01
   endloop
 endfacet
 facet normal  0.000000e+00  0.000000e+00  1.000000e+00
   outer loop
     vertex -1.223861e+01 -5.835590e+00  1.200000e+01
     vertex -1.361488e+01 -4.673547e+00  1.200000e+01
     vertex -1.227009e+01 -5.870008e+00  1.200000e+01
   endloop
 endfacet
 facet normal  0.000000e+00  0.000000e+00  1.000000e+00
   outer loop
     vertex -1.223861e+01 -5.835590e+00  1.200000e+01
     vertex -1.355008e+01 -4.602685e+00  1.200000e+01
     vertex -1.361488e+01 -4.673547e+00  1.200000e+01
   endloop
 endfacet
 facet normal  0.000000e+00  0.000000e+00  1.000000e+00
   outer loop
     vertex -9.810350e+00 -8.214386e+00  1.200000e+01
     vertex -9.844113e+00 -8.246566e+00  1.200000e+01
     vertex -8.620234e+00 -9.566459e+00  1.200000e+01
   endloop
 endfacet
 facet normal  0.000000e+00  0.000000e+00  1.000000e+00
   outer loop
     vertex -9.810350e+00 -8.214386e+00  1.200000e+01
     vertex -8.620234e+00 -9.566459e+00  1.200000e+01
     vertex -8.550721e+00 -9.500206e+00  1.200000e+01
   endloop
 endfacet
 facet normal  0.000000e+00  0.000000e+00  1.000000e+00
   outer loop
     vertex -1.220620e+01 -5.802048e+00  1.200000e+01
     vertex -1.355008e+01 -4.602685e+00  1.200000e+01
     vertex -1.223861e+01 -5.835590e+00  1.200000e+01
   endloop
 endfacet
 facet normal  0.000000e+00  0.000000e+00  1.000000e+00
   outer loop
     vertex -1.220620e+01 -5.802048e+00  1.200000e+01
     vertex -1.348335e+01 -4.533629e+00  1.200000e+01
     vertex -1.355008e+01 -4.602685e+00  1.200000e+01
   endloop
 endfacet
 facet normal  0.000000e+00  0.000000e+00  1.000000e+00
   outer loop
     vertex -8.483052e+00 -9.432072e+00  1.200000e+01
     vertex -9.810350e+00 -8.214386e+00  1.200000e+01
     vertex -8.550721e+00 -9.500206e+00  1.200000e+01
   endloop
 endfacet
 facet normal  0.000000e+00  0.000000e+00  1.000000e+00
   outer loop
     vertex -8.483052e+00 -9.432072e+00  1.200000e+01
     vertex -9.777482e+00 -8.181292e+00  1.200000e+01
     vertex -9.810350e+00 -8.214386e+00  1.200000e+01
   endloop
 endfacet
 facet normal  0.000000e+00  0.000000e+00  1.000000e+00
   outer loop
     vertex -1.341475e+01 -4.466429e+00  1.200000e+01
     vertex -1.348335e+01 -4.533629e+00  1.200000e+01
     vertex -1.220620e+01 -5.802048e+00  1.200000e+01
   endloop
 endfacet
 facet normal  0.000000e+00  0.000000e+00  1.000000e+00
   outer loop
     vertex -1.341475e+01 -4.466429e+00  1.200000e+01
     vertex -1.220620e+01 -5.802048e+00  1.200000e+01
     vertex -1.217288e+01 -5.769408e+00  1.200000e+01
   endloop
 endfacet
 facet normal  0.000000e+00  0.000000e+00  1.000000e+00
   outer loop
     vertex -1.213868e+01 -5.737695e+00  1.200000e+01
     vertex -1.341475e+01 -4.466429e+00  1.200000e+01
     vertex -1.217288e+01 -5.769408e+00  1.200000e+01
   endloop
 endfacet
 facet normal  0.000000e+00  0.000000e+00  1.000000e+00
   outer loop
     vertex -8.417278e+00 -9.362106e+00  1.200000e+01
     vertex -9.777482e+00 -8.181292e+00  1.200000e+01
     vertex -8.483052e+00 -9.432072e+00  1.200000e+01
   endloop
 endfacet
 facet normal  0.000000e+00  0.000000e+00  1.000000e+00
   outer loop
     vertex -8.417278e+00 -9.362106e+00  1.200000e+01
     vertex -9.745535e+00 -8.147309e+00  1.200000e+01
     vertex -9.777482e+00 -8.181292e+00  1.200000e+01
   endloop
 endfacet
 facet normal  0.000000e+00  0.000000e+00  1.000000e+00
   outer loop
     vertex -8.417278e+00 -9.362106e+00  1.200000e+01
     vertex -9.714532e+00 -8.112462e+00  1.200000e+01
     vertex -9.745535e+00 -8.147309e+00  1.200000e+01
   endloop
 endfacet
 facet normal  0.000000e+00  0.000000e+00  1.000000e+00
   outer loop
     vertex -1.334433e+01 -4.401136e+00  1.200000e+01
     vertex -1.341475e+01 -4.466429e+00  1.200000e+01
     vertex -1.213868e+01 -5.737695e+00  1.200000e+01
   endloop
 endfacet
 facet normal  0.000000e+00  0.000000e+00  1.000000e+00
   outer loop
     vertex -8.353448e+00 -9.290363e+00  1.200000e+01
     vertex -9.714532e+00 -8.112462e+00  1.200000e+01
     vertex -8.417278e+00 -9.362106e+00  1.200000e+01
   endloop
 endfacet
 facet normal  0.000000e+00  0.000000e+00  1.000000e+00
   outer loop
     vertex -8.353448e+00 -9.290363e+00  1.200000e+01
     vertex -9.684496e+00 -8.076778e+00  1.200000e+01
     vertex -9.714532e+00 -8.112462e+00  1.200000e+01
   endloop
 endfacet
 facet normal  0.000000e+00  0.000000e+00  1.000000e+00
   outer loop
     vertex -1.327216e+01 -4.337800e+00  1.200000e+01
     vertex -1.213868e+01 -5.737695e+00  1.200000e+01
     vertex -1.210362e+01 -5.706931e+00  1.200000e+01
   endloop
 endfacet
 facet normal  0.000000e+00  0.000000e+00  1.000000e+00
   outer loop
     vertex -1.327216e+01 -4.337800e+00  1.200000e+01
     vertex -1.334433e+01 -4.401136e+00  1.200000e+01
     vertex -1.213868e+01 -5.737695e+00  1.200000e+01
   endloop
 endfacet
 facet normal  0.000000e+00  0.000000e+00  1.000000e+00
   outer loop
     vertex -8.291610e+00 -9.216895e+00  1.200000e+01
     vertex -9.684496e+00 -8.076778e+00  1.200000e+01
     vertex -8.353448e+00 -9.290363e+00  1.200000e+01
   endloop
 endfacet
 facet normal  0.000000e+00  0.000000e+00  1.000000e+00
   outer loop
     vertex -8.291610e+00 -9.216895e+00  1.200000e+01
     vertex -9.655451e+00 -8.040283e+00  1.200000e+01
     vertex -9.684496e+00 -8.076778e+00  1.200000e+01
   endloop
 endfacet
 facet normal  0.000000e+00  0.000000e+00  1.000000e+00
   outer loop
     vertex -1.319827e+01 -4.276467e+00  1.200000e+01
     vertex -1.210362e+01 -5.706931e+00  1.200000e+01
     vertex -1.206773e+01 -5.677141e+00  1.200000e+01
   endloop
 endfacet
 facet normal  0.000000e+00  0.000000e+00  1.000000e+00
   outer loop
     vertex -1.319827e+01 -4.276467e+00  1.200000e+01
     vertex -1.327216e+01 -4.337800e+00  1.200000e+01
     vertex -1.210362e+01 -5.706931e+00  1.200000e+01
   endloop
 endfacet
 facet normal  0.000000e+00  0.000000e+00  1.000000e+00
   outer loop
     vertex -8.231811e+00 -9.141758e+00  1.200000e+01
     vertex -9.655451e+00 -8.040283e+00  1.200000e+01
     vertex -8.291610e+00 -9.216895e+00  1.200000e+01
   endloop
 endfacet
 facet normal  0.000000e+00  0.000000e+00  1.000000e+00
   outer loop
     vertex -1.312272e+01 -4.217185e+00  1.200000e+01
     vertex -1.206773e+01 -5.677141e+00  1.200000e+01
     vertex -1.203104e+01 -5.648347e+00  1.200000e+01
   endloop
 endfacet
 facet normal  0.000000e+00  0.000000e+00  1.000000e+00
   outer loop
     vertex -1.312272e+01 -4.217185e+00  1.200000e+01
     vertex -1.319827e+01 -4.276467e+00  1.200000e+01
     vertex -1.206773e+01 -5.677141e+00  1.200000e+01
   endloop
 endfacet
 facet normal  0.000000e+00  0.000000e+00  1.000000e+00
   outer loop
     vertex -8.174096e+00 -9.065010e+00  1.200000e+01
     vertex -9.627418e+00 -8.003005e+00  1.200000e+01
     vertex -9.655451e+00 -8.040283e+00  1.200000e+01
   endloop
 endfacet
 facet normal  0.000000e+00  0.000000e+00  1.000000e+00
   outer loop
     vertex -8.174096e+00 -9.065010e+00  1.200000e+01
     vertex -9.655451e+00 -8.040283e+00  1.200000e+01
     vertex -8.231811e+00 -9.141758e+00  1.200000e+01
   endloop
 endfacet
 facet normal  0.000000e+00  0.000000e+00  1.000000e+00
   outer loop
     vertex -1.304558e+01 -4.159998e+00  1.200000e+01
     vertex -1.199357e+01 -5.620570e+00  1.200000e+01
     vertex -1.195535e+01 -5.593832e+00  1.200000e+01
   endloop
 endfacet
 facet normal  0.000000e+00  0.000000e+00  1.000000e+00
   outer loop
     vertex -1.304558e+01 -4.159998e+00  1.200000e+01
     vertex -1.203104e+01 -5.648347e+00  1.200000e+01
     vertex -1.199357e+01 -5.620570e+00  1.200000e+01
   endloop
 endfacet
 facet normal  0.000000e+00  0.000000e+00  1.000000e+00
   outer loop
     vertex -1.304558e+01 -4.159998e+00  1.200000e+01
     vertex -1.312272e+01 -4.217185e+00  1.200000e+01
     vertex -1.203104e+01 -5.648347e+00  1.200000e+01
   endloop
 endfacet
 facet normal  0.000000e+00  0.000000e+00  1.000000e+00
   outer loop
     vertex -8.118508e+00 -8.986706e+00  1.200000e+01
     vertex -9.600418e+00 -7.964972e+00  1.200000e+01
     vertex -9.627418e+00 -8.003005e+00  1.200000e+01
   endloop
 endfacet
 facet normal  0.000000e+00  0.000000e+00  1.000000e+00
   outer loop
     vertex -8.118508e+00 -8.986706e+00  1.200000e+01
     vertex -9.627418e+00 -8.003005e+00  1.200000e+01
     vertex -8.174096e+00 -9.065010e+00  1.200000e+01
   endloop
 endfacet
 facet normal  0.000000e+00  0.000000e+00  1.000000e+00
   outer loop
     vertex -1.296689e+01 -4.104948e+00  1.200000e+01
     vertex -1.304558e+01 -4.159998e+00  1.200000e+01
     vertex -1.195535e+01 -5.593832e+00  1.200000e+01
   endloop
 endfacet
 facet normal  0.000000e+00  0.000000e+00  1.000000e+00
   outer loop
     vertex -8.065089e+00 -8.906908e+00  1.200000e+01
     vertex -9.574472e+00 -7.926212e+00  1.200000e+01
     vertex -9.600418e+00 -7.964972e+00  1.200000e+01
   endloop
 endfacet
 facet normal  0.000000e+00  0.000000e+00  1.000000e+00
   outer loop
     vertex -8.065089e+00 -8.906908e+00  1.200000e+01
     vertex -9.549599e+00 -7.886756e+00  1.200000e+01
     vertex -9.574472e+00 -7.926212e+00  1.200000e+01
   endloop
 endfacet
 facet normal  0.000000e+00  0.000000e+00  1.000000e+00
   outer loop
     vertex -8.065089e+00 -8.906908e+00  1.200000e+01
     vertex -9.600418e+00 -7.964972e+00  1.200000e+01
     vertex -8.118508e+00 -8.986706e+00  1.200000e+01
   endloop
 endfacet
 facet normal  0.000000e+00  0.000000e+00  1.000000e+00
   outer loop
     vertex -1.288673e+01 -4.052078e+00  1.200000e+01
     vertex -1.195535e+01 -5.593832e+00  1.200000e+01
     vertex -1.191641e+01 -5.568152e+00  1.200000e+01
   endloop
 endfacet
 facet normal  0.000000e+00  0.000000e+00  1.000000e+00
   outer loop
     vertex -1.288673e+01 -4.052078e+00  1.200000e+01
     vertex -1.296689e+01 -4.104948e+00  1.200000e+01
     vertex -1.195535e+01 -5.593832e+00  1.200000e+01
   endloop
 endfacet
 facet normal  0.000000e+00  0.000000e+00  1.000000e+00
   outer loop
     vertex -8.013879e+00 -8.825674e+00  1.200000e+01
     vertex -9.549599e+00 -7.886756e+00  1.200000e+01
     vertex -8.065089e+00 -8.906908e+00  1.200000e+01
   endloop
 endfacet
 facet normal  0.000000e+00  0.000000e+00  1.000000e+00
   outer loop
     vertex -1.280515e+01 -4.001427e+00  1.200000e+01
     vertex -1.191641e+01 -5.568152e+00  1.200000e+01
     vertex -1.187679e+01 -5.543550e+00  1.200000e+01
   endloop
 endfacet
 facet normal  0.000000e+00  0.000000e+00  1.000000e+00
   outer loop
     vertex -1.280515e+01 -4.001427e+00  1.200000e+01
     vertex -1.288673e+01 -4.052078e+00  1.200000e+01
     vertex -1.191641e+01 -5.568152e+00  1.200000e+01
   endloop
 endfacet
 facet normal  0.000000e+00  0.000000e+00  1.000000e+00
   outer loop
     vertex -7.964918e+00 -8.743065e+00  1.200000e+01
     vertex -9.549599e+00 -7.886756e+00  1.200000e+01
     vertex -8.013879e+00 -8.825674e+00  1.200000e+01
   endloop
 endfacet
 facet normal  0.000000e+00  0.000000e+00  1.000000e+00
   outer loop
     vertex -7.964918e+00 -8.743065e+00  1.200000e+01
     vertex -9.525817e+00 -7.846632e+00  1.200000e+01
     vertex -9.549599e+00 -7.886756e+00  1.200000e+01
   endloop
 endfacet
 facet normal  0.000000e+00  0.000000e+00  1.000000e+00
   outer loop
     vertex -7.964918e+00 -8.743065e+00  1.200000e+01
     vertex -9.503146e+00 -7.805870e+00  1.200000e+01
     vertex -9.525817e+00 -7.846632e+00  1.200000e+01
   endloop
 endfacet
 facet normal  0.000000e+00  0.000000e+00  1.000000e+00
   outer loop
     vertex -1.272221e+01 -3.953033e+00  1.200000e+01
     vertex -1.187679e+01 -5.543550e+00  1.200000e+01
     vertex -1.183650e+01 -5.520045e+00  1.200000e+01
   endloop
 endfacet
 facet normal  0.000000e+00  0.000000e+00  1.000000e+00
   outer loop
     vertex -1.272221e+01 -3.953033e+00  1.200000e+01
     vertex -1.280515e+01 -4.001427e+00  1.200000e+01
     vertex -1.187679e+01 -5.543550e+00  1.200000e+01
   endloop
 endfacet
 facet normal  0.000000e+00  0.000000e+00  1.000000e+00
   outer loop
     vertex -7.918241e+00 -8.659144e+00  1.200000e+01
     vertex -9.503146e+00 -7.805870e+00  1.200000e+01
     vertex -7.964918e+00 -8.743065e+00  1.200000e+01
   endloop
 endfacet
 facet normal  0.000000e+00  0.000000e+00  1.000000e+00
   outer loop
     vertex -1.263797e+01 -3.906933e+00  1.200000e+01
     vertex -1.183650e+01 -5.520045e+00  1.200000e+01
     vertex -1.179558e+01 -5.497653e+00  1.200000e+01
   endloop
 endfacet
 facet normal  0.000000e+00  0.000000e+00  1.000000e+00
   outer loop
     vertex -1.263797e+01 -3.906933e+00  1.200000e+01
     vertex -1.272221e+01 -3.953033e+00  1.200000e+01
     vertex -1.183650e+01 -5.520045e+00  1.200000e+01
   endloop
 endfacet
 facet normal  0.000000e+00  0.000000e+00  1.000000e+00
   outer loop
     vertex -7.873884e+00 -8.573975e+00  1.200000e+01
     vertex -9.481601e+00 -7.764502e+00  1.200000e+01
     vertex -9.503146e+00 -7.805870e+00  1.200000e+01
   endloop
 endfacet
 facet normal  0.000000e+00  0.000000e+00  1.000000e+00
   outer loop
     vertex -7.873884e+00 -8.573975e+00  1.200000e+01
     vertex -9.461199e+00 -7.722558e+00  1.200000e+01
     vertex -9.481601e+00 -7.764502e+00  1.200000e+01
   endloop
 endfacet
 facet normal  0.000000e+00  0.000000e+00  1.000000e+00
   outer loop
     vertex -7.873884e+00 -8.573975e+00  1.200000e+01
     vertex -9.503146e+00 -7.805870e+00  1.200000e+01
     vertex -7.918241e+00 -8.659144e+00  1.200000e+01
   endloop
 endfacet
 facet normal  0.000000e+00  0.000000e+00  1.000000e+00
   outer loop
     vertex -1.255249e+01 -3.863161e+00  1.200000e+01
     vertex -1.175407e+01 -5.476392e+00  1.200000e+01
     vertex -1.171199e+01 -5.456279e+00  1.200000e+01
   endloop
 endfacet
 facet normal  0.000000e+00  0.000000e+00  1.000000e+00
   outer loop
     vertex -1.255249e+01 -3.863161e+00  1.200000e+01
     vertex -1.179558e+01 -5.497653e+00  1.200000e+01
     vertex -1.175407e+01 -5.476392e+00  1.200000e+01
   endloop
 endfacet
 facet normal  0.000000e+00  0.000000e+00  1.000000e+00
   outer loop
     vertex -1.255249e+01 -3.863161e+00  1.200000e+01
     vertex -1.263797e+01 -3.906933e+00  1.200000e+01
     vertex -1.179558e+01 -5.497653e+00  1.200000e+01
   endloop
 endfacet
 facet normal  0.000000e+00  0.000000e+00  1.000000e+00
   outer loop
     vertex -7.831880e+00 -8.487620e+00  1.200000e+01
     vertex -9.461199e+00 -7.722558e+00  1.200000e+01
     vertex -7.873884e+00 -8.573975e+00  1.200000e+01
   endloop
 endfacet
 facet normal  0.000000e+00  0.000000e+00  1.000000e+00
   outer loop
     vertex -1.246585e+01 -3.821750e+00  1.200000e+01
     vertex -1.255249e+01 -3.863161e+00  1.200000e+01
     vertex -1.171199e+01 -5.456279e+00  1.200000e+01
   endloop
 endfacet
 facet normal  0.000000e+00  0.000000e+00  1.000000e+00
   outer loop
     vertex -7.792261e+00 -8.400146e+00  1.200000e+01
     vertex -9.441955e+00 -7.680071e+00  1.200000e+01
     vertex -9.461199e+00 -7.722558e+00  1.200000e+01
   endloop
 endfacet
 facet normal  0.000000e+00  0.000000e+00  1.000000e+00
   outer loop
     vertex -7.792261e+00 -8.400146e+00  1.200000e+01
     vertex -9.423885e+00 -7.637071e+00  1.200000e+01
     vertex -9.441955e+00 -7.680071e+00  1.200000e+01
   endloop
 endfacet
 facet normal  0.000000e+00  0.000000e+00  1.000000e+00
   outer loop
     vertex -7.792261e+00 -8.400146e+00  1.200000e+01
     vertex -9.461199e+00 -7.722558e+00  1.200000e+01
     vertex -7.831880e+00 -8.487620e+00  1.200000e+01
   endloop
 endfacet
 facet normal  0.000000e+00  0.000000e+00  1.000000e+00
   outer loop
     vertex -1.237811e+01 -3.782732e+00  1.200000e+01
     vertex -1.246585e+01 -3.821750e+00  1.200000e+01
     vertex -1.171199e+01 -5.456279e+00  1.200000e+01
   endloop
 endfacet
 facet normal  0.000000e+00  0.000000e+00  1.000000e+00
   outer loop
     vertex -1.237811e+01 -3.782732e+00  1.200000e+01
     vertex -1.171199e+01 -5.456279e+00  1.200000e+01
     vertex -1.166937e+01 -5.437327e+00  1.200000e+01
   endloop
 endfacet
 facet normal  0.000000e+00  0.000000e+00  1.000000e+00
   outer loop
     vertex -7.755056e+00 -8.311618e+00  1.200000e+01
     vertex -9.423885e+00 -7.637071e+00  1.200000e+01
     vertex -7.792261e+00 -8.400146e+00  1.200000e+01
   endloop
 endfacet
 facet normal  0.000000e+00  0.000000e+00  1.000000e+00
   outer loop
     vertex -7.755056e+00 -8.311618e+00  1.200000e+01
     vertex -9.407000e+00 -7.593592e+00  1.200000e+01
     vertex -9.423885e+00 -7.637071e+00  1.200000e+01
   endloop
 endfacet
 facet normal  0.000000e+00  0.000000e+00  1.000000e+00
   outer loop
     vertex -1.228933e+01 -3.746136e+00  1.200000e+01
     vertex -1.237811e+01 -3.782732e+00  1.200000e+01
     vertex -1.166937e+01 -5.437327e+00  1.200000e+01
   endloop
 endfacet
 facet normal  0.000000e+00  0.000000e+00  1.000000e+00
   outer loop
     vertex -1.228933e+01 -3.746136e+00  1.200000e+01
     vertex -1.162625e+01 -5.419552e+00  1.200000e+01
     vertex -1.158265e+01 -5.402966e+00  1.200000e+01
   endloop
 endfacet
 facet normal  0.000000e+00  0.000000e+00  1.000000e+00
   outer loop
     vertex -1.228933e+01 -3.746136e+00  1.200000e+01
     vertex -1.166937e+01 -5.437327e+00  1.200000e+01
     vertex -1.162625e+01 -5.419552e+00  1.200000e+01
   endloop
 endfacet
 facet normal  0.000000e+00  0.000000e+00  1.000000e+00
   outer loop
     vertex -7.720295e+00 -8.222102e+00  1.200000e+01
     vertex -9.407000e+00 -7.593592e+00  1.200000e+01
     vertex -7.755056e+00 -8.311618e+00  1.200000e+01
   endloop
 endfacet
 facet normal  0.000000e+00  0.000000e+00  1.000000e+00
   outer loop
     vertex -1.219958e+01 -3.711989e+00  1.200000e+01
     vertex -1.228933e+01 -3.746136e+00  1.200000e+01
     vertex -1.158265e+01 -5.402966e+00  1.200000e+01
   endloop
 endfacet
 facet normal  0.000000e+00  0.000000e+00  1.000000e+00
   outer loop
     vertex -7.688002e+00 -8.131667e+00  1.200000e+01
     vertex -9.407000e+00 -7.593592e+00  1.200000e+01
     vertex -7.720295e+00 -8.222102e+00  1.200000e+01
   endloop
 endfacet
 facet normal  0.000000e+00  0.000000e+00  1.000000e+00
   outer loop
     vertex -7.688002e+00 -8.131667e+00  1.200000e+01
     vertex -9.391315e+00 -7.549667e+00  1.200000e+01
     vertex -9.407000e+00 -7.593592e+00  1.200000e+01
   endloop
 endfacet
 facet normal  0.000000e+00  0.000000e+00  1.000000e+00
   outer loop
     vertex -7.688002e+00 -8.131667e+00  1.200000e+01
     vertex -9.376841e+00 -7.505327e+00  1.200000e+01
     vertex -9.391315e+00 -7.549667e+00  1.200000e+01
   endloop
 endfacet
 facet normal  0.000000e+00  0.000000e+00  1.000000e+00
   outer loop
     vertex -1.210892e+01 -3.680317e+00  1.200000e+01
     vertex -1.158265e+01 -5.402966e+00  1.200000e+01
     vertex -1.153862e+01 -5.387583e+00  1.200000e+01
   endloop
 endfacet
 facet normal  0.000000e+00  0.000000e+00  1.000000e+00
   outer loop
     vertex -1.210892e+01 -3.680317e+00  1.200000e+01
     vertex -1.219958e+01 -3.711989e+00  1.200000e+01
     vertex -1.158265e+01 -5.402966e+00  1.200000e+01
   endloop
 endfacet
 facet normal  0.000000e+00  0.000000e+00  1.000000e+00
   outer loop
     vertex -7.658202e+00 -8.040379e+00  1.200000e+01
     vertex -9.363589e+00 -7.460607e+00  1.200000e+01
     vertex -9.376841e+00 -7.505327e+00  1.200000e+01
   endloop
 endfacet
 facet normal  0.000000e+00  0.000000e+00  1.000000e+00
   outer loop
     vertex -7.658202e+00 -8.040379e+00  1.200000e+01
     vertex -9.376841e+00 -7.505327e+00  1.200000e+01
     vertex -7.688002e+00 -8.131667e+00  1.200000e+01
   endloop
 endfacet
 facet normal  0.000000e+00  0.000000e+00  1.000000e+00
   outer loop
     vertex -1.201743e+01 -3.651145e+00  1.200000e+01
     vertex -1.210892e+01 -3.680317e+00  1.200000e+01
     vertex -1.153862e+01 -5.387583e+00  1.200000e+01
   endloop
 endfacet
 facet normal  0.000000e+00  0.000000e+00  1.000000e+00
   outer loop
     vertex -1.201743e+01 -3.651145e+00  1.200000e+01
     vertex -1.153862e+01 -5.387583e+00  1.200000e+01
     vertex -1.149418e+01 -5.373413e+00  1.200000e+01
   endloop
 endfacet
 facet normal  0.000000e+00  0.000000e+00  1.000000e+00
   outer loop
     vertex -7.630918e+00 -7.948308e+00  1.200000e+01
     vertex -9.351569e+00 -7.415540e+00  1.200000e+01
     vertex -9.363589e+00 -7.460607e+00  1.200000e+01
   endloop
 endfacet
 facet normal  0.000000e+00  0.000000e+00  1.000000e+00
   outer loop
     vertex -7.630918e+00 -7.948308e+00  1.200000e+01
     vertex -9.363589e+00 -7.460607e+00  1.200000e+01
     vertex -7.658202e+00 -8.040379e+00  1.200000e+01
   endloop
 endfacet
 facet normal  0.000000e+00  0.000000e+00  1.000000e+00
   outer loop
     vertex -1.192518e+01 -3.624493e+00  1.200000e+01
     vertex -1.201743e+01 -3.651145e+00  1.200000e+01
     vertex -1.149418e+01 -5.373413e+00  1.200000e+01
   endloop
 endfacet
 facet normal  0.000000e+00  0.000000e+00  1.000000e+00
   outer loop
     vertex -1.192518e+01 -3.624493e+00  1.200000e+01
     vertex -1.149418e+01 -5.373413e+00  1.200000e+01
     vertex -1.144937e+01 -5.360468e+00  1.200000e+01
   endloop
 endfacet
 facet normal  0.000000e+00  0.000000e+00  1.000000e+00
   outer loop
     vertex -7.606170e+00 -7.855524e+00  1.200000e+01
     vertex -9.351569e+00 -7.415540e+00  1.200000e+01
     vertex -7.630918e+00 -7.948308e+00  1.200000e+01
   endloop
 endfacet
 facet normal  0.000000e+00  0.000000e+00  1.000000e+00
   outer loop
     vertex -1.183222e+01 -3.600382e+00  1.200000e+01
     vertex -1.192518e+01 -3.624493e+00  1.200000e+01
     vertex -1.144937e+01 -5.360468e+00  1.200000e+01
   endloop
 endfacet
 facet normal  0.000000e+00  0.000000e+00  1.000000e+00
   outer loop
     vertex -1.183222e+01 -3.600382e+00  1.200000e+01
     vertex -1.144937e+01 -5.360468e+00  1.200000e+01
     vertex -1.140422e+01 -5.348757e+00  1.200000e+01
   endloop
 endfacet
 facet normal  0.000000e+00  0.000000e+00  1.000000e+00
   outer loop
     vertex -7.583977e+00 -7.762096e+00  1.200000e+01
     vertex -9.340789e+00 -7.370161e+00  1.200000e+01
     vertex -9.351569e+00 -7.415540e+00  1.200000e+01
   endloop
 endfacet
 facet normal  0.000000e+00  0.000000e+00  1.000000e+00
   outer loop
     vertex -7.583977e+00 -7.762096e+00  1.200000e+01
     vertex -9.351569e+00 -7.415540e+00  1.200000e+01
     vertex -7.606170e+00 -7.855524e+00  1.200000e+01
   endloop
 endfacet
 facet normal  0.000000e+00  0.000000e+00  1.000000e+00
   outer loop
     vertex -1.173865e+01 -3.578830e+00  1.200000e+01
     vertex -1.183222e+01 -3.600382e+00  1.200000e+01
     vertex -1.140422e+01 -5.348757e+00  1.200000e+01
   endloop
 endfacet
 facet normal  0.000000e+00  0.000000e+00  1.000000e+00
   outer loop
     vertex -1.173865e+01 -3.578830e+00  1.200000e+01
     vertex -1.140422e+01 -5.348757e+00  1.200000e+01
     vertex -1.135877e+01 -5.338289e+00  1.200000e+01
   endloop
 endfacet
 facet normal  0.000000e+00  0.000000e+00  1.000000e+00
   outer loop
     vertex -7.564356e+00 -7.668093e+00  1.200000e+01
     vertex -9.340789e+00 -7.370161e+00  1.200000e+01
     vertex -7.583977e+00 -7.762096e+00  1.200000e+01
   endloop
 endfacet
 facet normal  0.000000e+00  0.000000e+00  1.000000e+00
   outer loop
     vertex -7.564356e+00 -7.668093e+00  1.200000e+01
     vertex -9.331259e+00 -7.324502e+00  1.200000e+01
     vertex -9.340789e+00 -7.370161e+00  1.200000e+01
   endloop
 endfacet
 facet normal  0.000000e+00  0.000000e+00  1.000000e+00
   outer loop
     vertex -1.164451e+01 -3.559854e+00  1.200000e+01
     vertex -1.173865e+01 -3.578830e+00  1.200000e+01
     vertex -1.135877e+01 -5.338289e+00  1.200000e+01
   endloop
 endfacet
 facet normal  0.000000e+00  0.000000e+00  1.000000e+00
   outer loop
     vertex -1.164451e+01 -3.559854e+00  1.200000e+01
     vertex -1.135877e+01 -5.338289e+00  1.200000e+01
     vertex -1.131305e+01 -5.329072e+00  1.200000e+01
   endloop
 endfacet
 facet normal  0.000000e+00  0.000000e+00  1.000000e+00
   outer loop
     vertex -7.547320e+00 -7.573588e+00  1.200000e+01
     vertex -9.331259e+00 -7.324502e+00  1.200000e+01
     vertex -7.564356e+00 -7.668093e+00  1.200000e+01
   endloop
 endfacet
 facet normal  0.000000e+00  0.000000e+00  1.000000e+00
   outer loop
     vertex -7.547320e+00 -7.573588e+00  1.200000e+01
     vertex -9.322984e+00 -7.278600e+00  1.200000e+01
     vertex -9.331259e+00 -7.324502e+00  1.200000e+01
   endloop
 endfacet
 facet normal  0.000000e+00  0.000000e+00  1.000000e+00
   outer loop
     vertex -7.547320e+00 -7.573588e+00  1.200000e+01
     vertex -9.315972e+00 -7.232488e+00  1.200000e+01
     vertex -9.322984e+00 -7.278600e+00  1.200000e+01
   endloop
 endfacet
 facet normal  0.000000e+00  0.000000e+00  1.000000e+00
   outer loop
     vertex -1.154989e+01 -3.543467e+00  1.200000e+01
     vertex -1.164451e+01 -3.559854e+00  1.200000e+01
     vertex -1.131305e+01 -5.329072e+00  1.200000e+01
   endloop
 endfacet
 facet normal  0.000000e+00  0.000000e+00  1.000000e+00
   outer loop
     vertex -1.154989e+01 -3.543467e+00  1.200000e+01
     vertex -1.126709e+01 -5.321113e+00  1.200000e+01
     vertex -1.122093e+01 -5.314417e+00  1.200000e+01
   endloop
 endfacet
 facet normal  0.000000e+00  0.000000e+00  1.000000e+00
   outer loop
     vertex -1.154989e+01 -3.543467e+00  1.200000e+01
     vertex -1.131305e+01 -5.329072e+00  1.200000e+01
     vertex -1.126709e+01 -5.321113e+00  1.200000e+01
   endloop
 endfacet
 facet normal  0.000000e+00  0.000000e+00  1.000000e+00
   outer loop
     vertex -7.532884e+00 -7.478651e+00  1.200000e+01
     vertex -9.315972e+00 -7.232488e+00  1.200000e+01
     vertex -7.547320e+00 -7.573588e+00  1.200000e+01
   endloop
 endfacet
 facet normal  0.000000e+00  0.000000e+00  1.000000e+00
   outer loop
     vertex -1.145486e+01 -3.529682e+00  1.200000e+01
     vertex -1.154989e+01 -3.543467e+00  1.200000e+01
     vertex -1.122093e+01 -5.314417e+00  1.200000e+01
   endloop
 endfacet
 facet normal  0.000000e+00  0.000000e+00  1.000000e+00
   outer loop
     vertex -7.521058e+00 -7.383354e+00  1.200000e+01
     vertex -9.315972e+00 -7.232488e+00  1.200000e+01
     vertex -7.532884e+00 -7.478651e+00  1.200000e+01
   endloop
 endfacet
 facet normal  0.000000e+00  0.000000e+00  1.000000e+00
   outer loop
     vertex -7.521058e+00 -7.383354e+00  1.200000e+01
     vertex -9.310228e+00 -7.186201e+00  1.200000e+01
     vertex -9.315972e+00 -7.232488e+00  1.200000e+01
   endloop
 endfacet
 facet normal  0.000000e+00  0.000000e+00  1.000000e+00
   outer loop
     vertex -1.135948e+01 -3.518510e+00  1.200000e+01
     vertex -1.145486e+01 -3.529682e+00  1.200000e+01
     vertex -1.122093e+01 -5.314417e+00  1.200000e+01
   endloop
 endfacet
 facet normal  0.000000e+00  0.000000e+00  1.000000e+00
   outer loop
     vertex -1.135948e+01 -3.518510e+00  1.200000e+01
     vertex -1.122093e+01 -5.314417e+00  1.200000e+01
     vertex -1.117461e+01 -5.308991e+00  1.200000e+01
   endloop
 endfacet
 facet normal  0.000000e+00  0.000000e+00  1.000000e+00
   outer loop
     vertex -7.511850e+00 -7.287768e+00  1.200000e+01
     vertex -9.310228e+00 -7.186201e+00  1.200000e+01
     vertex -7.521058e+00 -7.383354e+00  1.200000e+01
   endloop
 endfacet
 facet normal  0.000000e+00  0.000000e+00  1.000000e+00
   outer loop
     vertex -7.511850e+00 -7.287768e+00  1.200000e+01
     vertex -9.305756e+00 -7.139773e+00  1.200000e+01
     vertex -9.310228e+00 -7.186201e+00  1.200000e+01
   endloop
 endfacet
 facet normal  0.000000e+00  0.000000e+00  1.000000e+00
   outer loop
     vertex -1.126384e+01 -3.509958e+00  1.200000e+01
     vertex -1.135948e+01 -3.518510e+00  1.200000e+01
     vertex -1.117461e+01 -5.308991e+00  1.200000e+01
   endloop
 endfacet
 facet normal  0.000000e+00  0.000000e+00  1.000000e+00
   outer loop
     vertex -1.126384e+01 -3.509958e+00  1.200000e+01
     vertex -1.112815e+01 -5.304837e+00  1.200000e+01
     vertex -1.108160e+01 -5.301959e+00  1.200000e+01
   endloop
 endfacet
 facet normal  0.000000e+00  0.000000e+00  1.000000e+00
   outer loop
     vertex -1.126384e+01 -3.509958e+00  1.200000e+01
     vertex -1.117461e+01 -5.308991e+00  1.200000e+01
     vertex -1.112815e+01 -5.304837e+00  1.200000e+01
   endloop
 endfacet
 facet normal  0.000000e+00  0.000000e+00  1.000000e+00
   outer loop
     vertex -7.505268e+00 -7.191966e+00  1.200000e+01
     vertex -9.305756e+00 -7.139773e+00  1.200000e+01
     vertex -7.511850e+00 -7.287768e+00  1.200000e+01
   endloop
 endfacet
 facet normal  0.000000e+00  0.000000e+00  1.000000e+00
   outer loop
     vertex -7.505268e+00 -7.191966e+00  1.200000e+01
     vertex -9.302559e+00 -7.093241e+00  1.200000e+01
     vertex -9.305756e+00 -7.139773e+00  1.200000e+01
   endloop
 endfacet
 facet normal  0.000000e+00  0.000000e+00  1.000000e+00
   outer loop
     vertex -1.116799e+01 -3.504034e+00  1.200000e+01
     vertex -1.126384e+01 -3.509958e+00  1.200000e+01
     vertex -1.108160e+01 -5.301959e+00  1.200000e+01
   endloop
 endfacet
 facet normal  0.000000e+00  0.000000e+00  1.000000e+00
   outer loop
     vertex -7.501317e+00 -7.096019e+00  1.200000e+01
     vertex -9.302559e+00 -7.093241e+00  1.200000e+01
     vertex -7.505268e+00 -7.191966e+00  1.200000e+01
   endloop
 endfacet
 facet normal  0.000000e+00  0.000000e+00  1.000000e+00
   outer loop
     vertex -7.501317e+00 -7.096019e+00  1.200000e+01
     vertex -9.300640e+00 -7.046638e+00  1.200000e+01
     vertex -9.302559e+00 -7.093241e+00  1.200000e+01
   endloop
 endfacet
 facet normal  0.000000e+00  0.000000e+00  1.000000e+00
   outer loop
     vertex -1.107202e+01 -3.500741e+00  1.200000e+01
     vertex -1.116799e+01 -3.504034e+00  1.200000e+01
     vertex -1.108160e+01 -5.301959e+00  1.200000e+01
   endloop
 endfacet
 facet normal  0.000000e+00  0.000000e+00  1.000000e+00
   outer loop
     vertex -1.107202e+01 -3.500741e+00  1.200000e+01
     vertex -1.103498e+01 -5.300360e+00  1.200000e+01
     vertex -1.098834e+01 -5.300040e+00  1.200000e+01
   endloop
 endfacet
 facet normal  0.000000e+00  0.000000e+00  1.000000e+00
   outer loop
     vertex -1.107202e+01 -3.500741e+00  1.200000e+01
     vertex -1.108160e+01 -5.301959e+00  1.200000e+01
     vertex -1.103498e+01 -5.300360e+00  1.200000e+01
   endloop
 endfacet
 facet normal  0.000000e+00  0.000000e+00  1.000000e+00
   outer loop
     vertex -7.500000e+00 -7.000000e+00  1.200000e+01
     vertex -9.300640e+00 -7.046638e+00  1.200000e+01
     vertex -7.501317e+00 -7.096019e+00  1.200000e+01
   endloop
 endfacet
 facet normal  0.000000e+00  0.000000e+00  1.000000e+00
   outer loop
     vertex -7.500000e+00 -7.000000e+00  1.200000e+01
     vertex -9.300000e+00 -7.000000e+00  1.200000e+01
     vertex -9.300640e+00 -7.046638e+00  1.200000e+01
   endloop
 endfacet
 facet normal  0.000000e+00  0.000000e+00  1.000000e+00
   outer loop
     vertex -1.097599e+01 -3.500082e+00  1.200000e+01
     vertex -1.107202e+01 -3.500741e+00  1.200000e+01
     vertex -1.098834e+01 -5.300040e+00  1.200000e+01
   endloop
 endfacet
 facet normal  0.000000e+00  0.000000e+00  1.000000e+00
   outer loop
     vertex -7.501317e+00 -6.903981e+00  1.200000e+01
     vertex -9.300640e+00 -6.953362e+00  1.200000e+01
     vertex -9.300000e+00 -7.000000e+00  1.200000e+01
   endloop
 endfacet
 facet normal  0.000000e+00  0.000000e+00  1.000000e+00
   outer loop
     vertex -7.501317e+00 -6.903981e+00  1.200000e+01
     vertex -9.302559e+00 -6.906759e+00  1.200000e+01
     vertex -9.300640e+00 -6.953362e+00  1.200000e+01
   endloop
 endfacet
 facet normal  0.000000e+00  0.000000e+00  1.000000e+00
   outer loop
     vertex -7.501317e+00 -6.903981e+00  1.200000e+01
     vertex -9.300000e+00 -7.000000e+00  1.200000e+01
     vertex -7.500000e+00 -7.000000e+00  1.200000e+01
   endloop
 endfacet
 facet normal  0.000000e+00  0.000000e+00  1.000000e+00
   outer loop
     vertex -1.087998e+01 -3.502058e+00  1.200000e+01
     vertex -1.097599e+01 -3.500082e+00  1.200000e+01
     vertex -1.098834e+01 -5.300040e+00  1.200000e+01
   endloop
 endfacet
 facet normal  0.000000e+00  0.000000e+00  1.000000e+00
   outer loop
     vertex -1.087998e+01 -3.502058e+00  1.200000e+01
     vertex -1.094171e+01 -5.301000e+00  1.200000e+01
     vertex -1.089512e+01 -5.303238e+00  1.200000e+01
   endloop
 endfacet
 facet normal  0.000000e+00  0.000000e+00  1.000000e+00
   outer loop
     vertex -1.087998e+01 -3.502058e+00  1.200000e+01
     vertex -1.098834e+01 -5.300040e+00  1.200000e+01
     vertex -1.094171e+01 -5.301000e+00  1.200000e+01
   endloop
 endfacet
 facet normal  0.000000e+00  0.000000e+00  1.000000e+00
   outer loop
     vertex -7.505268e+00 -6.808034e+00  1.200000e+01
     vertex -9.302559e+00 -6.906759e+00  1.200000e+01
     vertex -7.501317e+00 -6.903981e+00  1.200000e+01
   endloop
 endfacet
 facet normal  0.000000e+00  0.000000e+00  1.000000e+00
   outer loop
     vertex -1.078407e+01 -3.506667e+00  1.200000e+01
     vertex -1.087998e+01 -3.502058e+00  1.200000e+01
     vertex -1.089512e+01 -5.303238e+00  1.200000e+01
   endloop
 endfacet
 facet normal  0.000000e+00  0.000000e+00  1.000000e+00
   outer loop
     vertex -7.511850e+00 -6.712232e+00  1.200000e+01
     vertex -9.305756e+00 -6.860227e+00  1.200000e+01
     vertex -9.302559e+00 -6.906759e+00  1.200000e+01
   endloop
 endfacet
 facet normal  0.000000e+00  0.000000e+00  1.000000e+00
   outer loop
     vertex -7.511850e+00 -6.712232e+00  1.200000e+01
     vertex -9.302559e+00 -6.906759e+00  1.200000e+01
     vertex -7.505268e+00 -6.808034e+00  1.200000e+01
   endloop
 endfacet
 facet normal  0.000000e+00  0.000000e+00  1.000000e+00
   outer loop
     vertex -1.068831e+01 -3.513906e+00  1.200000e+01
     vertex -1.078407e+01 -3.506667e+00  1.200000e+01
     vertex -1.089512e+01 -5.303238e+00  1.200000e+01
   endloop
 endfacet
 facet normal  0.000000e+00  0.000000e+00  1.000000e+00
   outer loop
     vertex -1.068831e+01 -3.513906e+00  1.200000e+01
     vertex -1.084861e+01 -5.306754e+00  1.200000e+01
     vertex -1.080221e+01 -5.311545e+00  1.200000e+01
   endloop
 endfacet
 facet normal  0.000000e+00  0.000000e+00  1.000000e+00
   outer loop
     vertex -1.068831e+01 -3.513906e+00  1.200000e+01
     vertex -1.089512e+01 -5.303238e+00  1.200000e+01
     vertex -1.084861e+01 -5.306754e+00  1.200000e+01
   endloop
 endfacet
 facet normal  0.000000e+00  0.000000e+00  1.000000e+00
   outer loop
     vertex -7.521058e+00 -6.616646e+00  1.200000e+01
     vertex -9.310228e+00 -6.813799e+00  1.200000e+01
     vertex -9.305756e+00 -6.860227e+00  1.200000e+01
   endloop
 endfacet
 facet normal  0.000000e+00  0.000000e+00  1.000000e+00
   outer loop
     vertex -7.521058e+00 -6.616646e+00  1.200000e+01
     vertex -9.305756e+00 -6.860227e+00  1.200000e+01
     vertex -7.511850e+00 -6.712232e+00  1.200000e+01
   endloop
 endfacet
 facet normal  0.000000e+00  0.000000e+00  1.000000e+00
   outer loop
     vertex -1.059279e+01 -3.523769e+00  1.200000e+01
     vertex -1.068831e+01 -3.513906e+00  1.200000e+01
     vertex -1.080221e+01 -5.311545e+00  1.200000e+01
   endloop
 endfacet
 facet normal  0.000000e+00  0.000000e+00  1.000000e+00
   outer loop
     vertex -7.532884e+00 -6.521349e+00  1.200000e+01
     vertex -9.310228e+00 -6.813799e+00  1.200000e+01
     vertex -7.521058e+00 -6.616646e+00  1.200000e+01
   endloop
 endfacet
 facet normal  0.000000e+00  0.000000e+00  1.000000e+00
   outer loop
     vertex -7.532884e+00 -6.521349e+00  1.200000e+01
     vertex -9.315972e+00 -6.767512e+00  1.200000e+01
     vertex -9.310228e+00 -6.813799e+00  1.200000e+01
   endloop
 endfacet
 facet normal  0.000000e+00  0.000000e+00  1.000000e+00
   outer loop
     vertex -1.049758e+01 -3.536249e+00  1.200000e+01
     vertex -1.075597e+01 -5.317607e+00  1.200000e+01
     vertex -1.070990e+01 -5.324935e+00  1.200000e+01
   endloop
 endfacet
 facet normal  0.000000e+00  0.000000e+00  1.000000e+00
   outer loop
     vertex -1.049758e+01 -3.536249e+00  1.200000e+01
     vertex -1.080221e+01 -5.311545e+00  1.200000e+01
     vertex -1.075597e+01 -5.317607e+00  1.200000e+01
   endloop
 endfacet
 facet normal  0.000000e+00  0.000000e+00  1.000000e+00
   outer loop
     vertex -1.049758e+01 -3.536249e+00  1.200000e+01
     vertex -1.059279e+01 -3.523769e+00  1.200000e+01
     vertex -1.080221e+01 -5.311545e+00  1.200000e+01
   endloop
 endfacet
 facet normal  0.000000e+00  0.000000e+00  1.000000e+00
   outer loop
     vertex -7.547320e+00 -6.426412e+00  1.200000e+01
     vertex -9.322984e+00 -6.721400e+00  1.200000e+01
     vertex -9.315972e+00 -6.767512e+00  1.200000e+01
   endloop
 endfacet
 facet normal  0.000000e+00  0.000000e+00  1.000000e+00
   outer loop
     vertex -7.547320e+00 -6.426412e+00  1.200000e+01
     vertex -9.315972e+00 -6.767512e+00  1.200000e+01
     vertex -7.532884e+00 -6.521349e+00  1.200000e+01
   endloop
 endfacet
 facet normal  0.000000e+00  0.000000e+00  1.000000e+00
   outer loop
     vertex -1.040274e+01 -3.551336e+00  1.200000e+01
     vertex -1.049758e+01 -3.536249e+00  1.200000e+01
     vertex -1.070990e+01 -5.324935e+00  1.200000e+01
   endloop
 endfacet
 facet normal  0.000000e+00  0.000000e+00  1.000000e+00
   outer loop
     vertex -7.564356e+00 -6.331907e+00  1.200000e+01
     vertex -9.331259e+00 -6.675498e+00  1.200000e+01
     vertex -9.322984e+00 -6.721400e+00  1.200000e+01
   endloop
 endfacet
 facet normal  0.000000e+00  0.000000e+00  1.000000e+00
   outer loop
     vertex -7.564356e+00 -6.331907e+00  1.200000e+01
     vertex -9.322984e+00 -6.721400e+00  1.200000e+01
     vertex -7.547320e+00 -6.426412e+00  1.200000e+01
   endloop
 endfacet
 facet normal  0.000000e+00  0.000000e+00  1.000000e+00
   outer loop
     vertex -1.030836e+01 -3.569019e+00  1.200000e+01
     vertex -1.040274e+01 -3.551336e+00  1.200000e+01
     vertex -1.070990e+01 -5.324935e+00  1.200000e+01
   endloop
 endfacet
 facet normal  0.000000e+00  0.000000e+00  1.000000e+00
   outer loop
     vertex -1.030836e+01 -3.569019e+00  1.200000e+01
     vertex -1.070990e+01 -5.324935e+00  1.200000e+01
     vertex -1.066406e+01 -5.333524e+00  1.200000e+01
   endloop
 endfacet
 facet normal  0.000000e+00  0.000000e+00  1.000000e+00
   outer loop
     vertex -7.583977e+00 -6.237904e+00  1.200000e+01
     vertex -9.340789e+00 -6.629839e+00  1.200000e+01
     vertex -9.331259e+00 -6.675498e+00  1.200000e+01
   endloop
 endfacet
 facet normal  0.000000e+00  0.000000e+00  1.000000e+00
   outer loop
     vertex -7.583977e+00 -6.237904e+00  1.200000e+01
     vertex -9.351569e+00 -6.584460e+00  1.200000e+01
     vertex -9.340789e+00 -6.629839e+00  1.200000e+01
   endloop
 endfacet
 facet normal  0.000000e+00  0.000000e+00  1.000000e+00
   outer loop
     vertex -7.583977e+00 -6.237904e+00  1.200000e+01
     vertex -9.331259e+00 -6.675498e+00  1.200000e+01
     vertex -7.564356e+00 -6.331907e+00  1.200000e+01
   endloop
 endfacet
 facet normal  0.000000e+00  0.000000e+00  1.000000e+00
   outer loop
     vertex -1.021449e+01 -3.589285e+00  1.200000e+01
     vertex -1.061847e+01 -5.343367e+00  1.200000e+01
     vertex -1.057316e+01 -5.354458e+00  1.200000e+01
   endloop
 endfacet
 facet normal  0.000000e+00  0.000000e+00  1.000000e+00
   outer loop
     vertex -1.021449e+01 -3.589285e+00  1.200000e+01
     vertex -1.066406e+01 -5.333524e+00  1.200000e+01
     vertex -1.061847e+01 -5.343367e+00  1.200000e+01
   endloop
 endfacet
 facet normal  0.000000e+00  0.000000e+00  1.000000e+00
   outer loop
     vertex -1.021449e+01 -3.589285e+00  1.200000e+01
     vertex -1.030836e+01 -3.569019e+00  1.200000e+01
     vertex -1.066406e+01 -5.333524e+00  1.200000e+01
   endloop
 endfacet
 facet normal  0.000000e+00  0.000000e+00  1.000000e+00
   outer loop
     vertex -7.606170e+00 -6.144476e+00  1.200000e+01
     vertex -9.363589e+00 -6.539393e+00  1.200000e+01
     vertex -9.351569e+00 -6.584460e+00  1.200000e+01
   endloop
 endfacet
 facet normal  0.000000e+00  0.000000e+00  1.000000e+00
   outer loop
     vertex -7.606170e+00 -6.144476e+00  1.200000e+01
     vertex -9.351569e+00 -6.584460e+00  1.200000e+01
     vertex -7.583977e+00 -6.237904e+00  1.200000e+01
   endloop
 endfacet
 facet normal  0.000000e+00  0.000000e+00  1.000000e+00
   outer loop
     vertex -1.012122e+01 -3.612119e+00  1.200000e+01
     vertex -1.021449e+01 -3.589285e+00  1.200000e+01
     vertex -1.057316e+01 -5.354458e+00  1.200000e+01
   endloop
 endfacet
 facet normal  0.000000e+00  0.000000e+00  1.000000e+00
   outer loop
     vertex -7.630918e+00 -6.051692e+00  1.200000e+01
     vertex -9.376841e+00 -6.494673e+00  1.200000e+01
     vertex -9.363589e+00 -6.539393e+00  1.200000e+01
   endloop
 endfacet
 facet normal  0.000000e+00  0.000000e+00  1.000000e+00
   outer loop
     vertex -7.630918e+00 -6.051692e+00  1.200000e+01
     vertex -9.363589e+00 -6.539393e+00  1.200000e+01
     vertex -7.606170e+00 -6.144476e+00  1.200000e+01
   endloop
 endfacet
 facet normal  0.000000e+00  0.000000e+00  1.000000e+00
   outer loop
     vertex -1.002860e+01 -3.637502e+00  1.200000e+01
     vertex -1.057316e+01 -5.354458e+00  1.200000e+01
     vertex -1.052818e+01 -5.366787e+00  1.200000e+01
   endloop
 endfacet
 facet normal  0.000000e+00  0.000000e+00  1.000000e+00
   outer loop
     vertex -1.002860e+01 -3.637502e+00  1.200000e+01
     vertex -1.012122e+01 -3.612119e+00  1.200000e+01
     vertex -1.057316e+01 -5.354458e+00  1.200000e+01
   endloop
 endfacet
 facet normal  0.000000e+00  0.000000e+00  1.000000e+00
   outer loop
     vertex -7.658202e+00 -5.959621e+00  1.200000e+01
     vertex -9.376841e+00 -6.494673e+00  1.200000e+01
     vertex -7.630918e+00 -6.051692e+00  1.200000e+01
   endloop
 endfacet
 facet normal  0.000000e+00  0.000000e+00  1.000000e+00
   outer loop
     vertex -9.936723e+00 -3.665417e+00  1.200000e+01
     vertex -1.052818e+01 -5.366787e+00  1.200000e+01
     vertex -1.048355e+01 -5.380346e+00  1.200000e+01
   endloop
 endfacet
 facet normal  0.000000e+00  0.000000e+00  1.000000e+00
   outer loop
     vertex -9.936723e+00 -3.665417e+00  1.200000e+01
     vertex -1.002860e+01 -3.637502e+00  1.200000e+01
     vertex -1.052818e+01 -5.366787e+00  1.200000e+01
   endloop
 endfacet
 facet normal  0.000000e+00  0.000000e+00  1.000000e+00
   outer loop
     vertex -7.688002e+00 -5.868333e+00  1.200000e+01
     vertex -9.391315e+00 -6.450333e+00  1.200000e+01
     vertex -9.376841e+00 -6.494673e+00  1.200000e+01
   endloop
 endfacet
 facet normal  0.000000e+00  0.000000e+00  1.000000e+00
   outer loop
     vertex -7.688002e+00 -5.868333e+00  1.200000e+01
     vertex -9.407000e+00 -6.406408e+00  1.200000e+01
     vertex -9.391315e+00 -6.450333e+00  1.200000e+01
   endloop
 endfacet
 facet normal  0.000000e+00  0.000000e+00  1.000000e+00
   outer loop
     vertex -7.688002e+00 -5.868333e+00  1.200000e+01
     vertex -9.376841e+00 -6.494673e+00  1.200000e+01
     vertex -7.658202e+00 -5.959621e+00  1.200000e+01
   endloop
 endfacet
 facet normal  0.000000e+00  0.000000e+00  1.000000e+00
   outer loop
     vertex -9.845642e+00 -3.695842e+00  1.200000e+01
     vertex -1.043931e+01 -5.395123e+00  1.200000e+01
     vertex -1.039549e+01 -5.411109e+00  1.200000e+01
   endloop
 endfacet
 facet normal  0.000000e+00  0.000000e+00  1.000000e+00
   outer loop
     vertex -9.845642e+00 -3.695842e+00  1.200000e+01
     vertex -1.048355e+01 -5.380346e+00  1.200000e+01
     vertex -1.043931e+01 -5.395123e+00  1.200000e+01
   endloop
 endfacet
 facet normal  0.000000e+00  0.000000e+00  1.000000e+00
   outer loop
     vertex -9.845642e+00 -3.695842e+00  1.200000e+01
     vertex -9.936723e+00 -3.665417e+00  1.200000e+01
     vertex -1.048355e+01 -5.380346e+00  1.200000e+01
   endloop
 endfacet
 facet normal  0.000000e+00  0.000000e+00  1.000000e+00
   outer loop
     vertex -7.720295e+00 -5.777898e+00  1.200000e+01
     vertex -9.407000e+00 -6.406408e+00  1.200000e+01
     vertex -7.688002e+00 -5.868333e+00  1.200000e+01
   endloop
 endfacet
 facet normal  0.000000e+00  0.000000e+00  1.000000e+00
   outer loop
     vertex -9.755430e+00 -3.728755e+00  1.200000e+01
     vertex -9.845642e+00 -3.695842e+00  1.200000e+01
     vertex -1.039549e+01 -5.411109e+00  1.200000e+01
   endloop
 endfacet
 facet normal  0.000000e+00  0.000000e+00  1.000000e+00
   outer loop
     vertex -9.755430e+00 -3.728755e+00  1.200000e+01
     vertex -1.039549e+01 -5.411109e+00  1.200000e+01
     vertex -1.035213e+01 -5.428291e+00  1.200000e+01
   endloop
 endfacet
 facet normal  0.000000e+00  0.000000e+00  1.000000e+00
   outer loop
     vertex -7.755056e+00 -5.688382e+00  1.200000e+01
     vertex -9.423885e+00 -6.362929e+00  1.200000e+01
     vertex -9.407000e+00 -6.406408e+00  1.200000e+01
   endloop
 endfacet
 facet normal  0.000000e+00  0.000000e+00  1.000000e+00
   outer loop
     vertex -7.755056e+00 -5.688382e+00  1.200000e+01
     vertex -9.441955e+00 -6.319929e+00  1.200000e+01
     vertex -9.423885e+00 -6.362929e+00  1.200000e+01
   endloop
 endfacet
 facet normal  0.000000e+00  0.000000e+00  1.000000e+00
   outer loop
     vertex -7.755056e+00 -5.688382e+00  1.200000e+01
     vertex -9.407000e+00 -6.406408e+00  1.200000e+01
     vertex -7.720295e+00 -5.777898e+00  1.200000e+01
   endloop
 endfacet
 facet normal  0.000000e+00  0.000000e+00  1.000000e+00
   outer loop
     vertex -9.666155e+00 -3.764130e+00  1.200000e+01
     vertex -9.755430e+00 -3.728755e+00  1.200000e+01
     vertex -1.035213e+01 -5.428291e+00  1.200000e+01
   endloop
 endfacet
 facet normal  0.000000e+00  0.000000e+00  1.000000e+00
   outer loop
     vertex -7.792261e+00 -5.599854e+00  1.200000e+01
     vertex -9.441955e+00 -6.319929e+00  1.200000e+01
     vertex -7.755056e+00 -5.688382e+00  1.200000e+01
   endloop
 endfacet
 facet normal  0.000000e+00  0.000000e+00  1.000000e+00
   outer loop
     vertex -7.792261e+00 -5.599854e+00  1.200000e+01
     vertex -9.461199e+00 -6.277442e+00  1.200000e+01
     vertex -9.441955e+00 -6.319929e+00  1.200000e+01
   endloop
 endfacet
 facet normal  0.000000e+00  0.000000e+00  1.000000e+00
   outer loop
     vertex -9.577884e+00 -3.801940e+00  1.200000e+01
     vertex -1.035213e+01 -5.428291e+00  1.200000e+01
     vertex -1.030926e+01 -5.446657e+00  1.200000e+01
   endloop
 endfacet
 facet normal  0.000000e+00  0.000000e+00  1.000000e+00
   outer loop
     vertex -9.577884e+00 -3.801940e+00  1.200000e+01
     vertex -9.666155e+00 -3.764130e+00  1.200000e+01
     vertex -1.035213e+01 -5.428291e+00  1.200000e+01
   endloop
 endfacet
 facet normal  0.000000e+00  0.000000e+00  1.000000e+00
   outer loop
     vertex -7.831880e+00 -5.512380e+00  1.200000e+01
     vertex -9.461199e+00 -6.277442e+00  1.200000e+01
     vertex -7.792261e+00 -5.599854e+00  1.200000e+01
   endloop
 endfacet
 facet normal  0.000000e+00  0.000000e+00  1.000000e+00
   outer loop
     vertex -7.831880e+00 -5.512380e+00  1.200000e+01
     vertex -9.481601e+00 -6.235498e+00  1.200000e+01
     vertex -9.461199e+00 -6.277442e+00  1.200000e+01
   endloop
 endfacet
 facet normal  0.000000e+00  0.000000e+00  1.000000e+00
   outer loop
     vertex -9.490684e+00 -3.842158e+00  1.200000e+01
     vertex -9.577884e+00 -3.801940e+00  1.200000e+01
     vertex -1.030926e+01 -5.446657e+00  1.200000e+01
   endloop
 endfacet
 facet normal  0.000000e+00  0.000000e+00  1.000000e+00
   outer loop
     vertex -9.490684e+00 -3.842158e+00  1.200000e+01
     vertex -1.026690e+01 -5.466191e+00  1.200000e+01
     vertex -1.022510e+01 -5.486880e+00  1.200000e+01
   endloop
 endfacet
 facet normal  0.000000e+00  0.000000e+00  1.000000e+00
   outer loop
     vertex -9.490684e+00 -3.842158e+00  1.200000e+01
     vertex -1.030926e+01 -5.446657e+00  1.200000e+01
     vertex -1.026690e+01 -5.466191e+00  1.200000e+01
   endloop
 endfacet
 facet normal  0.000000e+00  0.000000e+00  1.000000e+00
   outer loop
     vertex -7.873884e+00 -5.426025e+00  1.200000e+01
     vertex -9.481601e+00 -6.235498e+00  1.200000e+01
     vertex -7.831880e+00 -5.512380e+00  1.200000e+01
   endloop
 endfacet
 facet normal  0.000000e+00  0.000000e+00  1.000000e+00
   outer loop
     vertex -9.404619e+00 -3.884754e+00  1.200000e+01
     vertex -9.490684e+00 -3.842158e+00  1.200000e+01
     vertex -1.022510e+01 -5.486880e+00  1.200000e+01
   endloop
 endfacet
 facet normal  0.000000e+00  0.000000e+00  1.000000e+00
   outer loop
     vertex -7.918241e+00 -5.340856e+00  1.200000e+01
     vertex -9.503146e+00 -6.194130e+00  1.200000e+01
     vertex -9.481601e+00 -6.235498e+00  1.200000e+01
   endloop
 endfacet
 facet normal  0.000000e+00  0.000000e+00  1.000000e+00
   outer loop
     vertex -7.918241e+00 -5.340856e+00  1.200000e+01
     vertex -9.481601e+00 -6.235498e+00  1.200000e+01
     vertex -7.873884e+00 -5.426025e+00  1.200000e+01
   endloop
 endfacet
 facet normal  0.000000e+00  0.000000e+00  1.000000e+00
   outer loop
     vertex -9.319756e+00 -3.929694e+00  1.200000e+01
     vertex -9.404619e+00 -3.884754e+00  1.200000e+01
     vertex -1.022510e+01 -5.486880e+00  1.200000e+01
   endloop
 endfacet
 facet normal  0.000000e+00  0.000000e+00  1.000000e+00
   outer loop
     vertex -9.319756e+00 -3.929694e+00  1.200000e+01
     vertex -1.022510e+01 -5.486880e+00  1.200000e+01
     vertex -1.018388e+01 -5.508708e+00  1.200000e+01
   endloop
 endfacet
 facet normal  0.000000e+00  0.000000e+00  1.000000e+00
   outer loop
     vertex -7.964918e+00 -5.256935e+00  1.200000e+01
     vertex -9.503146e+00 -6.194130e+00  1.200000e+01
     vertex -7.918241e+00 -5.340856e+00  1.200000e+01
   endloop
 endfacet
 facet normal  0.000000e+00  0.000000e+00  1.000000e+00
   outer loop
     vertex -7.964918e+00 -5.256935e+00  1.200000e+01
     vertex -9.525817e+00 -6.153368e+00  1.200000e+01
     vertex -9.503146e+00 -6.194130e+00  1.200000e+01
   endloop
 endfacet
 facet normal  0.000000e+00  0.000000e+00  1.000000e+00
   outer loop
     vertex -7.964918e+00 -5.256935e+00  1.200000e+01
     vertex -9.549599e+00 -6.113244e+00  1.200000e+01
     vertex -9.525817e+00 -6.153368e+00  1.200000e+01
   endloop
 endfacet
 facet normal  0.000000e+00  0.000000e+00  1.000000e+00
   outer loop
     vertex -9.236157e+00 -3.976945e+00  1.200000e+01
     vertex -9.319756e+00 -3.929694e+00  1.200000e+01
     vertex -1.018388e+01 -5.508708e+00  1.200000e+01
   endloop
 endfacet
 facet normal  0.000000e+00  0.000000e+00  1.000000e+00
   outer loop
     vertex -9.236157e+00 -3.976945e+00  1.200000e+01
     vertex -1.014328e+01 -5.531659e+00  1.200000e+01
     vertex -1.010332e+01 -5.555715e+00  1.200000e+01
   endloop
 endfacet
 facet normal  0.000000e+00  0.000000e+00  1.000000e+00
   outer loop
     vertex -9.236157e+00 -3.976945e+00  1.200000e+01
     vertex -1.018388e+01 -5.508708e+00  1.200000e+01
     vertex -1.014328e+01 -5.531659e+00  1.200000e+01
   endloop
 endfacet
 facet normal  0.000000e+00  0.000000e+00  1.000000e+00
   outer loop
     vertex -8.013879e+00 -5.174326e+00  1.200000e+01
     vertex -9.549599e+00 -6.113244e+00  1.200000e+01
     vertex -7.964918e+00 -5.256935e+00  1.200000e+01
   endloop
 endfacet
 facet normal  0.000000e+00  0.000000e+00  1.000000e+00
   outer loop
     vertex -9.153887e+00 -4.026473e+00  1.200000e+01
     vertex -9.236157e+00 -3.976945e+00  1.200000e+01
     vertex -1.010332e+01 -5.555715e+00  1.200000e+01
   endloop
 endfacet
 facet normal  0.000000e+00  0.000000e+00  1.000000e+00
   outer loop
     vertex -8.065089e+00 -5.093092e+00  1.200000e+01
     vertex -9.549599e+00 -6.113244e+00  1.200000e+01
     vertex -8.013879e+00 -5.174326e+00  1.200000e+01
   endloop
 endfacet
 facet normal  0.000000e+00  0.000000e+00  1.000000e+00
   outer loop
     vertex -8.065089e+00 -5.093092e+00  1.200000e+01
     vertex -9.574472e+00 -6.073788e+00  1.200000e+01
     vertex -9.549599e+00 -6.113244e+00  1.200000e+01
   endloop
 endfacet
 facet normal  0.000000e+00  0.000000e+00  1.000000e+00
   outer loop
     vertex -9.073006e+00 -4.078238e+00  1.200000e+01
     vertex -9.153887e+00 -4.026473e+00  1.200000e+01
     vertex -1.010332e+01 -5.555715e+00  1.200000e+01
   endloop
 endfacet
 facet normal  0.000000e+00  0.000000e+00  1.000000e+00
   outer loop
     vertex -9.073006e+00 -4.078238e+00  1.200000e+01
     vertex -1.010332e+01 -5.555715e+00  1.200000e+01
     vertex -1.006403e+01 -5.580858e+00  1.200000e+01
   endloop
 endfacet
 facet normal  0.000000e+00  0.000000e+00  1.000000e+00
   outer loop
     vertex -8.118508e+00 -5.013294e+00  1.200000e+01
     vertex -9.574472e+00 -6.073788e+00  1.200000e+01
     vertex -8.065089e+00 -5.093092e+00  1.200000e+01
   endloop
 endfacet
 facet normal  0.000000e+00  0.000000e+00  1.000000e+00
   outer loop
     vertex -8.118508e+00 -5.013294e+00  1.200000e+01
     vertex -9.600418e+00 -6.035028e+00  1.200000e+01
     vertex -9.574472e+00 -6.073788e+00  1.200000e+01
   endloop
 endfacet
 facet normal  0.000000e+00  0.000000e+00  1.000000e+00
   outer loop
     vertex -8.993575e+00 -4.132203e+00  1.200000e+01
     vertex -9.073006e+00 -4.078238e+00  1.200000e+01
     vertex -1.006403e+01 -5.580858e+00  1.200000e+01
   endloop
 endfacet
 facet normal  0.000000e+00  0.000000e+00  1.000000e+00
   outer loop
     vertex -8.993575e+00 -4.132203e+00  1.200000e+01
     vertex -1.002545e+01 -5.607070e+00  1.200000e+01
     vertex -9.987604e+00 -5.634330e+00  1.200000e+01
   endloop
 endfacet
 facet normal  0.000000e+00  0.000000e+00  1.000000e+00
   outer loop
     vertex -8.993575e+00 -4.132203e+00  1.200000e+01
     vertex -1.006403e+01 -5.580858e+00  1.200000e+01
     vertex -1.002545e+01 -5.607070e+00  1.200000e+01
   endloop
 endfacet
 facet normal  0.000000e+00  0.000000e+00  1.000000e+00
   outer loop
     vertex -8.174096e+00 -4.934990e+00  1.200000e+01
     vertex -9.600418e+00 -6.035028e+00  1.200000e+01
     vertex -8.118508e+00 -5.013294e+00  1.200000e+01
   endloop
 endfacet
 facet normal  0.000000e+00  0.000000e+00  1.000000e+00
   outer loop
     vertex -8.174096e+00 -4.934990e+00  1.200000e+01
     vertex -9.627418e+00 -5.996995e+00  1.200000e+01
     vertex -9.600418e+00 -6.035028e+00  1.200000e+01
   endloop
 endfacet
 facet normal  0.000000e+00  0.000000e+00  1.000000e+00
   outer loop
     vertex -8.915655e+00 -4.188327e+00  1.200000e+01
     vertex -8.993575e+00 -4.132203e+00  1.200000e+01
     vertex -9.987604e+00 -5.634330e+00  1.200000e+01
   endloop
 endfacet
 facet normal  0.000000e+00  0.000000e+00  1.000000e+00
   outer loop
     vertex -8.231811e+00 -4.858242e+00  1.200000e+01
     vertex -9.627418e+00 -5.996995e+00  1.200000e+01
     vertex -8.174096e+00 -4.934990e+00  1.200000e+01
   endloop
 endfacet
 facet normal  0.000000e+00  0.000000e+00  1.000000e+00
   outer loop
     vertex -8.231811e+00 -4.858242e+00  1.200000e+01
     vertex -9.655451e+00 -5.959717e+00  1.200000e+01
     vertex -9.627418e+00 -5.996995e+00  1.200000e+01
   endloop
 endfacet
 facet normal  0.000000e+00  0.000000e+00  1.000000e+00
   outer loop
     vertex -8.839304e+00 -4.246567e+00  1.200000e+01
     vertex -8.915655e+00 -4.188327e+00  1.200000e+01
     vertex -9.987604e+00 -5.634330e+00  1.200000e+01
   endloop
 endfacet
 facet normal  0.000000e+00  0.000000e+00  1.000000e+00
   outer loop
     vertex -8.839304e+00 -4.246567e+00  1.200000e+01
     vertex -9.987604e+00 -5.634330e+00  1.200000e+01
     vertex -9.950519e+00 -5.662618e+00  1.200000e+01
   endloop
 endfacet
 facet normal  0.000000e+00  0.000000e+00  1.000000e+00
   outer loop
     vertex -8.291610e+00 -4.783105e+00  1.200000e+01
     vertex -9.684496e+00 -5.923222e+00  1.200000e+01
     vertex -9.655451e+00 -5.959717e+00  1.200000e+01
   endloop
 endfacet
 facet normal  0.000000e+00  0.000000e+00  1.000000e+00
   outer loop
     vertex -8.291610e+00 -4.783105e+00  1.200000e+01
     vertex -9.655451e+00 -5.959717e+00  1.200000e+01
     vertex -8.231811e+00 -4.858242e+00  1.200000e+01
   endloop
 endfacet
 facet normal  0.000000e+00  0.000000e+00  1.000000e+00
   outer loop
     vertex -8.764579e+00 -4.306880e+00  1.200000e+01
     vertex -8.839304e+00 -4.246567e+00  1.200000e+01
     vertex -9.950519e+00 -5.662618e+00  1.200000e+01
   endloop
 endfacet
 facet normal  0.000000e+00  0.000000e+00  1.000000e+00
   outer loop
     vertex -8.764579e+00 -4.306880e+00  1.200000e+01
     vertex -9.950519e+00 -5.662618e+00  1.200000e+01
     vertex -9.914224e+00 -5.691913e+00  1.200000e+01
   endloop
 endfacet
 facet normal  0.000000e+00  0.000000e+00  1.000000e+00
   outer loop
     vertex -8.353448e+00 -4.709637e+00  1.200000e+01
     vertex -9.684496e+00 -5.923222e+00  1.200000e+01
     vertex -8.291610e+00 -4.783105e+00  1.200000e+01
   endloop
 endfacet
 facet normal  0.000000e+00  0.000000e+00  1.000000e+00
   outer loop
     vertex -8.353448e+00 -4.709637e+00  1.200000e+01
     vertex -9.714532e+00 -5.887538e+00  1.200000e+01
     vertex -9.684496e+00 -5.923222e+00  1.200000e+01
   endloop
 endfacet
 facet normal  0.000000e+00  0.000000e+00  1.000000e+00
   outer loop
     vertex -8.691538e+00 -4.369220e+00  1.200000e+01
     vertex -8.764579e+00 -4.306880e+00  1.200000e+01
     vertex -9.914224e+00 -5.691913e+00  1.200000e+01
   endloop
 endfacet
 facet normal  0.000000e+00  0.000000e+00  1.000000e+00
   outer loop
     vertex -8.691538e+00 -4.369220e+00  1.200000e+01
     vertex -9.914224e+00 -5.691913e+00  1.200000e+01
     vertex -9.878747e+00 -5.722193e+00  1.200000e+01
   endloop
 endfacet
 facet normal  0.000000e+00  0.000000e+00  1.000000e+00
   outer loop
     vertex -8.417278e+00 -4.637894e+00  1.200000e+01
     vertex -9.745535e+00 -5.852691e+00  1.200000e+01
     vertex -9.714532e+00 -5.887538e+00  1.200000e+01
   endloop
 endfacet
 facet normal  0.000000e+00  0.000000e+00  1.000000e+00
   outer loop
     vertex -8.417278e+00 -4.637894e+00  1.200000e+01
     vertex -9.714532e+00 -5.887538e+00  1.200000e+01
     vertex -8.353448e+00 -4.709637e+00  1.200000e+01
   endloop
 endfacet
 facet normal  0.000000e+00  0.000000e+00  1.000000e+00
   outer loop
     vertex -8.620234e+00 -4.433541e+00  1.200000e+01
     vertex -8.691538e+00 -4.369220e+00  1.200000e+01
     vertex -9.878747e+00 -5.722193e+00  1.200000e+01
   endloop
 endfacet
 facet normal  0.000000e+00  0.000000e+00  1.000000e+00
   outer loop
     vertex -8.620234e+00 -4.433541e+00  1.200000e+01
     vertex -9.878747e+00 -5.722193e+00  1.200000e+01
     vertex -9.844113e+00 -5.753434e+00  1.200000e+01
   endloop
 endfacet
 facet normal  0.000000e+00  0.000000e+00  1.000000e+00
   outer loop
     vertex -8.483052e+00 -4.567928e+00  1.200000e+01
     vertex -9.745535e+00 -5.852691e+00  1.200000e+01
     vertex -8.417278e+00 -4.637894e+00  1.200000e+01
   endloop
 endfacet
 facet normal  0.000000e+00  0.000000e+00  1.000000e+00
   outer loop
     vertex -8.483052e+00 -4.567928e+00  1.200000e+01
     vertex -9.777482e+00 -5.818708e+00  1.200000e+01
     vertex -9.745535e+00 -5.852691e+00  1.200000e+01
   endloop
 endfacet
 facet normal  0.000000e+00  0.000000e+00  1.000000e+00
   outer loop
     vertex -8.483052e+00 -4.567928e+00  1.200000e+01
     vertex -9.810350e+00 -5.785614e+00  1.200000e+01
     vertex -9.777482e+00 -5.818708e+00  1.200000e+01
   endloop
 endfacet
 facet normal  0.000000e+00  0.000000e+00  1.000000e+00
   outer loop
     vertex -8.550721e+00 -4.499794e+00  1.200000e+01
     vertex -9.844113e+00 -5.753434e+00  1.200000e+01
     vertex -9.810350e+00 -5.785614e+00  1.200000e+01
   endloop
 endfacet
 facet normal  0.000000e+00  0.000000e+00  1.000000e+00
   outer loop
     vertex -8.550721e+00 -4.499794e+00  1.200000e+01
     vertex -8.620234e+00 -4.433541e+00  1.200000e+01
     vertex -9.844113e+00 -5.753434e+00  1.200000e+01
   endloop
 endfacet
 facet normal  0.000000e+00  0.000000e+00  1.000000e+00
   outer loop
     vertex -8.550721e+00 -4.499794e+00  1.200000e+01
     vertex -9.810350e+00 -5.785614e+00  1.200000e+01
     vertex -8.483052e+00 -4.567928e+00  1.200000e+01
   endloop
 endfacet
 facet normal  0.000000e+00  0.000000e+00  1.000000e+00
   outer loop
     vertex  9.827121e+00  1.576941e+01  1.200000e+01
     vertex  9.793803e+00  1.580205e+01  1.200000e+01
     vertex  8.516653e+00  1.453363e+01  1.200000e+01
   endloop
 endfacet
 facet normal  0.000000e+00  0.000000e+00  1.000000e+00
   outer loop
     vertex  9.827121e+00  1.576941e+01  1.200000e+01
     vertex  8.516653e+00  1.453363e+01  1.200000e+01
     vertex  8.585250e+00  1.446643e+01  1.200000e+01
   endloop
 endfacet
 facet normal  0.000000e+00  0.000000e+00  1.000000e+00
   outer loop
     vertex  9.761392e+00  1.583559e+01  1.200000e+01
     vertex  8.516653e+00  1.453363e+01  1.200000e+01
     vertex  9.793803e+00  1.580205e+01  1.200000e+01
   endloop
 endfacet
 facet normal  0.000000e+00  0.000000e+00  1.000000e+00
   outer loop
     vertex  9.761392e+00  1.583559e+01  1.200000e+01
     vertex  8.449925e+00  1.460269e+01  1.200000e+01
     vertex  8.516653e+00  1.453363e+01  1.200000e+01
   endloop
 endfacet
 facet normal  0.000000e+00  0.000000e+00  1.000000e+00
   outer loop
     vertex  9.861323e+00  1.573769e+01  1.200000e+01
     vertex  9.827121e+00  1.576941e+01  1.200000e+01
     vertex  8.585250e+00  1.446643e+01  1.200000e+01
   endloop
 endfacet
 facet normal  0.000000e+00  0.000000e+00  1.000000e+00
   outer loop
     vertex  9.861323e+00  1.573769e+01  1.200000e+01
     vertex  8.585250e+00  1.446643e+01  1.200000e+01
     vertex  8.655665e+00  1.440114e+01  1.200000e+01
   endloop
 endfacet
 facet normal  0.000000e+00  0.000000e+00  1.000000e+00
   outer loop
     vertex  9.729914e+00  1.587001e+01  1.200000e+01
     vertex  8.385117e+00  1.467355e+01  1.200000e+01
     vertex  8.449925e+00  1.460269e+01  1.200000e+01
   endloop
 endfacet
 facet normal  0.000000e+00  0.000000e+00  1.000000e+00
   outer loop
     vertex  9.729914e+00  1.587001e+01  1.200000e+01
     vertex  8.449925e+00  1.460269e+01  1.200000e+01
     vertex  9.761392e+00  1.583559e+01  1.200000e+01
   endloop
 endfacet
 facet normal  0.000000e+00  0.000000e+00  1.000000e+00
   outer loop
     vertex  9.896382e+00  1.570693e+01  1.200000e+01
     vertex  9.861323e+00  1.573769e+01  1.200000e+01
     vertex  8.655665e+00  1.440114e+01  1.200000e+01
   endloop
 endfacet
 facet normal  0.000000e+00  0.000000e+00  1.000000e+00
   outer loop
     vertex  9.896382e+00  1.570693e+01  1.200000e+01
     vertex  8.655665e+00  1.440114e+01  1.200000e+01
     vertex  8.727845e+00  1.433780e+01  1.200000e+01
   endloop
 endfacet
 facet normal  0.000000e+00  0.000000e+00  1.000000e+00
   outer loop
     vertex  9.699392e+00  1.590528e+01  1.200000e+01
     vertex  8.385117e+00  1.467355e+01  1.200000e+01
     vertex  9.729914e+00  1.587001e+01  1.200000e+01
   endloop
 endfacet
 facet normal  0.000000e+00  0.000000e+00  1.000000e+00
   outer loop
     vertex  9.699392e+00  1.590528e+01  1.200000e+01
     vertex  8.322277e+00  1.474616e+01  1.200000e+01
     vertex  8.385117e+00  1.467355e+01  1.200000e+01
   endloop
 endfacet
 facet normal  0.000000e+00  0.000000e+00  1.000000e+00
   outer loop
     vertex  9.932271e+00  1.567714e+01  1.200000e+01
     vertex  9.896382e+00  1.570693e+01  1.200000e+01
     vertex  8.727845e+00  1.433780e+01  1.200000e+01
   endloop
 endfacet
 facet normal  0.000000e+00  0.000000e+00  1.000000e+00
   outer loop
     vertex  9.932271e+00  1.567714e+01  1.200000e+01
     vertex  8.727845e+00  1.433780e+01  1.200000e+01
     vertex  8.801735e+00  1.427647e+01  1.200000e+01
   endloop
 endfacet
 facet normal  0.000000e+00  0.000000e+00  1.000000e+00
   outer loop
     vertex  9.669848e+00  1.594137e+01  1.200000e+01
     vertex  8.322277e+00  1.474616e+01  1.200000e+01
     vertex  9.699392e+00  1.590528e+01  1.200000e+01
   endloop
 endfacet
 facet normal  0.000000e+00  0.000000e+00  1.000000e+00
   outer loop
     vertex  9.669848e+00  1.594137e+01  1.200000e+01
     vertex  8.261453e+00  1.482047e+01  1.200000e+01
     vertex  8.322277e+00  1.474616e+01  1.200000e+01
   endloop
 endfacet
 facet normal  0.000000e+00  0.000000e+00  1.000000e+00
   outer loop
     vertex  9.968964e+00  1.564835e+01  1.200000e+01
     vertex  9.932271e+00  1.567714e+01  1.200000e+01
     vertex  8.801735e+00  1.427647e+01  1.200000e+01
   endloop
 endfacet
 facet normal  0.000000e+00  0.000000e+00  1.000000e+00
   outer loop
     vertex  9.968964e+00  1.564835e+01  1.200000e+01
     vertex  8.801735e+00  1.427647e+01  1.200000e+01
     vertex  8.877280e+00  1.421719e+01  1.200000e+01
   endloop
 endfacet
 facet normal  0.000000e+00  0.000000e+00  1.000000e+00
   outer loop
     vertex  9.641307e+00  1.597826e+01  1.200000e+01
     vertex  8.261453e+00  1.482047e+01  1.200000e+01
     vertex  9.669848e+00  1.594137e+01  1.200000e+01
   endloop
 endfacet
 facet normal  0.000000e+00  0.000000e+00  1.000000e+00
   outer loop
     vertex  9.641307e+00  1.597826e+01  1.200000e+01
     vertex  8.202690e+00  1.489642e+01  1.200000e+01
     vertex  8.261453e+00  1.482047e+01  1.200000e+01
   endloop
 endfacet
 facet normal  0.000000e+00  0.000000e+00  1.000000e+00
   outer loop
     vertex  1.000643e+01  1.562057e+01  1.200000e+01
     vertex  9.968964e+00  1.564835e+01  1.200000e+01
     vertex  8.877280e+00  1.421719e+01  1.200000e+01
   endloop
 endfacet
 facet normal  0.000000e+00  0.000000e+00  1.000000e+00
   outer loop
     vertex  1.000643e+01  1.562057e+01  1.200000e+01
     vertex  8.877280e+00  1.421719e+01  1.200000e+01
     vertex  8.954423e+00  1.416000e+01  1.200000e+01
   endloop
 endfacet
 facet normal  0.000000e+00  0.000000e+00  1.000000e+00
   outer loop
     vertex  9.613788e+00  1.601592e+01  1.200000e+01
     vertex  8.202690e+00  1.489642e+01  1.200000e+01
     vertex  9.641307e+00  1.597826e+01  1.200000e+01
   endloop
 endfacet
 facet normal  0.000000e+00  0.000000e+00  1.000000e+00
   outer loop
     vertex  9.613788e+00  1.601592e+01  1.200000e+01
     vertex  8.146033e+00  1.497395e+01  1.200000e+01
     vertex  8.202690e+00  1.489642e+01  1.200000e+01
   endloop
 endfacet
 facet normal  0.000000e+00  0.000000e+00  1.000000e+00
   outer loop
     vertex  1.004465e+01  1.559383e+01  1.200000e+01
     vertex  1.000643e+01  1.562057e+01  1.200000e+01
     vertex  8.954423e+00  1.416000e+01  1.200000e+01
   endloop
 endfacet
 facet normal  0.000000e+00  0.000000e+00  1.000000e+00
   outer loop
     vertex  1.004465e+01  1.559383e+01  1.200000e+01
     vertex  8.954423e+00  1.416000e+01  1.200000e+01
     vertex  9.033105e+00  1.410495e+01  1.200000e+01
   endloop
 endfacet
 facet normal  0.000000e+00  0.000000e+00  1.000000e+00
   outer loop
     vertex  1.004465e+01  1.559383e+01  1.200000e+01
     vertex  9.033105e+00  1.410495e+01  1.200000e+01
     vertex  9.113269e+00  1.405208e+01  1.200000e+01
   endloop
 endfacet
 facet normal  0.000000e+00  0.000000e+00  1.000000e+00
   outer loop
     vertex  9.587312e+00  1.605432e+01  1.200000e+01
     vertex  8.091525e+00  1.505301e+01  1.200000e+01
     vertex  8.146033e+00  1.497395e+01  1.200000e+01
   endloop
 endfacet
 facet normal  0.000000e+00  0.000000e+00  1.000000e+00
   outer loop
     vertex  9.587312e+00  1.605432e+01  1.200000e+01
     vertex  8.146033e+00  1.497395e+01  1.200000e+01
     vertex  9.613788e+00  1.601592e+01  1.200000e+01
   endloop
 endfacet
 facet normal  0.000000e+00  0.000000e+00  1.000000e+00
   outer loop
     vertex  1.008359e+01  1.556815e+01  1.200000e+01
     vertex  1.004465e+01  1.559383e+01  1.200000e+01
     vertex  9.113269e+00  1.405208e+01  1.200000e+01
   endloop
 endfacet
 facet normal  0.000000e+00  0.000000e+00  1.000000e+00
   outer loop
     vertex  9.561900e+00  1.609343e+01  1.200000e+01
     vertex  8.039206e+00  1.513353e+01  1.200000e+01
     vertex  8.091525e+00  1.505301e+01  1.200000e+01
   endloop
 endfacet
 facet normal  0.000000e+00  0.000000e+00  1.000000e+00
   outer loop
     vertex  9.561900e+00  1.609343e+01  1.200000e+01
     vertex  8.091525e+00  1.505301e+01  1.200000e+01
     vertex  9.587312e+00  1.605432e+01  1.200000e+01
   endloop
 endfacet
 facet normal  0.000000e+00  0.000000e+00  1.000000e+00
   outer loop
     vertex  1.012321e+01  1.554355e+01  1.200000e+01
     vertex  1.008359e+01  1.556815e+01  1.200000e+01
     vertex  9.113269e+00  1.405208e+01  1.200000e+01
   endloop
 endfacet
 facet normal  0.000000e+00  0.000000e+00  1.000000e+00
   outer loop
     vertex  1.012321e+01  1.554355e+01  1.200000e+01
     vertex  9.113269e+00  1.405208e+01  1.200000e+01
     vertex  9.194852e+00  1.400143e+01  1.200000e+01
   endloop
 endfacet
 facet normal  0.000000e+00  0.000000e+00  1.000000e+00
   outer loop
     vertex  9.537570e+00  1.613322e+01  1.200000e+01
     vertex  7.989115e+00  1.521546e+01  1.200000e+01
     vertex  8.039206e+00  1.513353e+01  1.200000e+01
   endloop
 endfacet
 facet normal  0.000000e+00  0.000000e+00  1.000000e+00
   outer loop
     vertex  9.537570e+00  1.613322e+01  1.200000e+01
     vertex  8.039206e+00  1.513353e+01  1.200000e+01
     vertex  9.561900e+00  1.609343e+01  1.200000e+01
   endloop
 endfacet
 facet normal  0.000000e+00  0.000000e+00  1.000000e+00
   outer loop
     vertex  1.016350e+01  1.552004e+01  1.200000e+01
     vertex  1.012321e+01  1.554355e+01  1.200000e+01
     vertex  9.194852e+00  1.400143e+01  1.200000e+01
   endloop
 endfacet
 facet normal  0.000000e+00  0.000000e+00  1.000000e+00
   outer loop
     vertex  1.016350e+01  1.552004e+01  1.200000e+01
     vertex  9.194852e+00  1.400143e+01  1.200000e+01
     vertex  9.277795e+00  1.395303e+01  1.200000e+01
   endloop
 endfacet
 facet normal  0.000000e+00  0.000000e+00  1.000000e+00
   outer loop
     vertex  9.514342e+00  1.617367e+01  1.200000e+01
     vertex  7.941291e+00  1.529874e+01  1.200000e+01
     vertex  7.989115e+00  1.521546e+01  1.200000e+01
   endloop
 endfacet
 facet normal  0.000000e+00  0.000000e+00  1.000000e+00
   outer loop
     vertex  9.514342e+00  1.617367e+01  1.200000e+01
     vertex  7.989115e+00  1.521546e+01  1.200000e+01
     vertex  9.537570e+00  1.613322e+01  1.200000e+01
   endloop
 endfacet
 facet normal  0.000000e+00  0.000000e+00  1.000000e+00
   outer loop
     vertex  1.020442e+01  1.549765e+01  1.200000e+01
     vertex  1.016350e+01  1.552004e+01  1.200000e+01
     vertex  9.277795e+00  1.395303e+01  1.200000e+01
   endloop
 endfacet
 facet normal  0.000000e+00  0.000000e+00  1.000000e+00
   outer loop
     vertex  1.020442e+01  1.549765e+01  1.200000e+01
     vertex  9.277795e+00  1.395303e+01  1.200000e+01
     vertex  9.362033e+00  1.390693e+01  1.200000e+01
   endloop
 endfacet
 facet normal  0.000000e+00  0.000000e+00  1.000000e+00
   outer loop
     vertex  9.492231e+00  1.621474e+01  1.200000e+01
     vertex  7.895770e+00  1.538329e+01  1.200000e+01
     vertex  7.941291e+00  1.529874e+01  1.200000e+01
   endloop
 endfacet
 facet normal  0.000000e+00  0.000000e+00  1.000000e+00
   outer loop
     vertex  9.492231e+00  1.621474e+01  1.200000e+01
     vertex  7.941291e+00  1.529874e+01  1.200000e+01
     vertex  9.514342e+00  1.617367e+01  1.200000e+01
   endloop
 endfacet
 facet normal  0.000000e+00  0.000000e+00  1.000000e+00
   outer loop
     vertex  1.024593e+01  1.547639e+01  1.200000e+01
     vertex  1.020442e+01  1.549765e+01  1.200000e+01
     vertex  9.362033e+00  1.390693e+01  1.200000e+01
   endloop
 endfacet
 facet normal  0.000000e+00  0.000000e+00  1.000000e+00
   outer loop
     vertex  1.024593e+01  1.547639e+01  1.200000e+01
     vertex  9.362033e+00  1.390693e+01  1.200000e+01
     vertex  9.447505e+00  1.386316e+01  1.200000e+01
   endloop
 endfacet
 facet normal  0.000000e+00  0.000000e+00  1.000000e+00
   outer loop
     vertex  9.471256e+00  1.625640e+01  1.200000e+01
     vertex  7.852586e+00  1.546906e+01  1.200000e+01
     vertex  7.895770e+00  1.538329e+01  1.200000e+01
   endloop
 endfacet
 facet normal  0.000000e+00  0.000000e+00  1.000000e+00
   outer loop
     vertex  9.471256e+00  1.625640e+01  1.200000e+01
     vertex  7.895770e+00  1.538329e+01  1.200000e+01
     vertex  9.492231e+00  1.621474e+01  1.200000e+01
   endloop
 endfacet
 facet normal  0.000000e+00  0.000000e+00  1.000000e+00
   outer loop
     vertex  1.028801e+01  1.545628e+01  1.200000e+01
     vertex  1.024593e+01  1.547639e+01  1.200000e+01
     vertex  9.447505e+00  1.386316e+01  1.200000e+01
   endloop
 endfacet
 facet normal  0.000000e+00  0.000000e+00  1.000000e+00
   outer loop
     vertex  1.028801e+01  1.545628e+01  1.200000e+01
     vertex  9.447505e+00  1.386316e+01  1.200000e+01
     vertex  9.534146e+00  1.382175e+01  1.200000e+01
   endloop
 endfacet
 facet normal  0.000000e+00  0.000000e+00  1.000000e+00
   outer loop
     vertex  9.451431e+00  1.629862e+01  1.200000e+01
     vertex  7.811770e+00  1.555598e+01  1.200000e+01
     vertex  7.852586e+00  1.546906e+01  1.200000e+01
   endloop
 endfacet
 facet normal  0.000000e+00  0.000000e+00  1.000000e+00
   outer loop
     vertex  9.451431e+00  1.629862e+01  1.200000e+01
     vertex  7.852586e+00  1.546906e+01  1.200000e+01
     vertex  9.471256e+00  1.625640e+01  1.200000e+01
   endloop
 endfacet
 facet normal  0.000000e+00  0.000000e+00  1.000000e+00
   outer loop
     vertex  1.033063e+01  1.543733e+01  1.200000e+01
     vertex  1.028801e+01  1.545628e+01  1.200000e+01
     vertex  9.534146e+00  1.382175e+01  1.200000e+01
   endloop
 endfacet
 facet normal  0.000000e+00  0.000000e+00  1.000000e+00
   outer loop
     vertex  1.033063e+01  1.543733e+01  1.200000e+01
     vertex  9.534146e+00  1.382175e+01  1.200000e+01
     vertex  9.621890e+00  1.378273e+01  1.200000e+01
   endloop
 endfacet
 facet normal  0.000000e+00  0.000000e+00  1.000000e+00
   outer loop
     vertex  9.432772e+00  1.634137e+01  1.200000e+01
     vertex  7.773355e+00  1.564399e+01  1.200000e+01
     vertex  7.811770e+00  1.555598e+01  1.200000e+01
   endloop
 endfacet
 facet normal  0.000000e+00  0.000000e+00  1.000000e+00
   outer loop
     vertex  9.432772e+00  1.634137e+01  1.200000e+01
     vertex  7.811770e+00  1.555598e+01  1.200000e+01
     vertex  9.451431e+00  1.629862e+01  1.200000e+01
   endloop
 endfacet
 facet normal  0.000000e+00  0.000000e+00  1.000000e+00
   outer loop
     vertex  1.037375e+01  1.541955e+01  1.200000e+01
     vertex  1.033063e+01  1.543733e+01  1.200000e+01
     vertex  9.621890e+00  1.378273e+01  1.200000e+01
   endloop
 endfacet
 facet normal  0.000000e+00  0.000000e+00  1.000000e+00
   outer loop
     vertex  1.037375e+01  1.541955e+01  1.200000e+01
     vertex  9.621890e+00  1.378273e+01  1.200000e+01
     vertex  9.710671e+00  1.374614e+01  1.200000e+01
   endloop
 endfacet
 facet normal  0.000000e+00  0.000000e+00  1.000000e+00
   outer loop
     vertex  9.415293e+00  1.638461e+01  1.200000e+01
     vertex  7.773355e+00  1.564399e+01  1.200000e+01
     vertex  9.432772e+00  1.634137e+01  1.200000e+01
   endloop
 endfacet
 facet normal  0.000000e+00  0.000000e+00  1.000000e+00
   outer loop
     vertex  9.415293e+00  1.638461e+01  1.200000e+01
     vertex  7.737369e+00  1.573302e+01  1.200000e+01
     vertex  7.773355e+00  1.564399e+01  1.200000e+01
   endloop
 endfacet
 facet normal  0.000000e+00  0.000000e+00  1.000000e+00
   outer loop
     vertex  1.041735e+01  1.540297e+01  1.200000e+01
     vertex  1.037375e+01  1.541955e+01  1.200000e+01
     vertex  9.710671e+00  1.374614e+01  1.200000e+01
   endloop
 endfacet
 facet normal  0.000000e+00  0.000000e+00  1.000000e+00
   outer loop
     vertex  1.041735e+01  1.540297e+01  1.200000e+01
     vertex  9.710671e+00  1.374614e+01  1.200000e+01
     vertex  9.800423e+00  1.371199e+01  1.200000e+01
   endloop
 endfacet
 facet normal  0.000000e+00  0.000000e+00  1.000000e+00
   outer loop
     vertex  9.399007e+00  1.642832e+01  1.200000e+01
     vertex  7.703838e+00  1.582300e+01  1.200000e+01
     vertex  7.737369e+00  1.573302e+01  1.200000e+01
   endloop
 endfacet
 facet normal  0.000000e+00  0.000000e+00  1.000000e+00
   outer loop
     vertex  9.399007e+00  1.642832e+01  1.200000e+01
     vertex  7.737369e+00  1.573302e+01  1.200000e+01
     vertex  9.415293e+00  1.638461e+01  1.200000e+01
   endloop
 endfacet
 facet normal  0.000000e+00  0.000000e+00  1.000000e+00
   outer loop
     vertex  1.046138e+01  1.538758e+01  1.200000e+01
     vertex  9.800423e+00  1.371199e+01  1.200000e+01
     vertex  9.891078e+00  1.368032e+01  1.200000e+01
   endloop
 endfacet
 facet normal  0.000000e+00  0.000000e+00  1.000000e+00
   outer loop
     vertex  1.046138e+01  1.538758e+01  1.200000e+01
     vertex  1.041735e+01  1.540297e+01  1.200000e+01
     vertex  9.800423e+00  1.371199e+01  1.200000e+01
   endloop
 endfacet
 facet normal  0.000000e+00  0.000000e+00  1.000000e+00
   outer loop
     vertex  9.383926e+00  1.647245e+01  1.200000e+01
     vertex  7.672789e+00  1.591387e+01  1.200000e+01
     vertex  7.703838e+00  1.582300e+01  1.200000e+01
   endloop
 endfacet
 facet normal  0.000000e+00  0.000000e+00  1.000000e+00
   outer loop
     vertex  9.383926e+00  1.647245e+01  1.200000e+01
     vertex  7.703838e+00  1.582300e+01  1.200000e+01
     vertex  9.399007e+00  1.642832e+01  1.200000e+01
   endloop
 endfacet
 facet normal  0.000000e+00  0.000000e+00  1.000000e+00
   outer loop
     vertex  1.050582e+01  1.537341e+01  1.200000e+01
     vertex  9.891078e+00  1.368032e+01  1.200000e+01
     vertex  9.982568e+00  1.365114e+01  1.200000e+01
   endloop
 endfacet
 facet normal  0.000000e+00  0.000000e+00  1.000000e+00
   outer loop
     vertex  1.050582e+01  1.537341e+01  1.200000e+01
     vertex  9.982568e+00  1.365114e+01  1.200000e+01
     vertex  1.007482e+01  1.362449e+01  1.200000e+01
   endloop
 endfacet
 facet normal  0.000000e+00  0.000000e+00  1.000000e+00
   outer loop
     vertex  1.050582e+01  1.537341e+01  1.200000e+01
     vertex  1.046138e+01  1.538758e+01  1.200000e+01
     vertex  9.891078e+00  1.368032e+01  1.200000e+01
   endloop
 endfacet
 facet normal  0.000000e+00  0.000000e+00  1.000000e+00
   outer loop
     vertex  9.370062e+00  1.651699e+01  1.200000e+01
     vertex  7.644245e+00  1.600556e+01  1.200000e+01
     vertex  7.672789e+00  1.591387e+01  1.200000e+01
   endloop
 endfacet
 facet normal  0.000000e+00  0.000000e+00  1.000000e+00
   outer loop
     vertex  9.370062e+00  1.651699e+01  1.200000e+01
     vertex  7.672789e+00  1.591387e+01  1.200000e+01
     vertex  9.383926e+00  1.647245e+01  1.200000e+01
   endloop
 endfacet
 facet normal  0.000000e+00  0.000000e+00  1.000000e+00
   outer loop
     vertex  1.055063e+01  1.536047e+01  1.200000e+01
     vertex  1.050582e+01  1.537341e+01  1.200000e+01
     vertex  1.007482e+01  1.362449e+01  1.200000e+01
   endloop
 endfacet
 facet normal  0.000000e+00  0.000000e+00  1.000000e+00
   outer loop
     vertex  9.357424e+00  1.656189e+01  1.200000e+01
     vertex  7.618226e+00  1.609800e+01  1.200000e+01
     vertex  7.644245e+00  1.600556e+01  1.200000e+01
   endloop
 endfacet
 facet normal  0.000000e+00  0.000000e+00  1.000000e+00
   outer loop
     vertex  9.357424e+00  1.656189e+01  1.200000e+01
     vertex  7.644245e+00  1.600556e+01  1.200000e+01
     vertex  9.370062e+00  1.651699e+01  1.200000e+01
   endloop
 endfacet
 facet normal  0.000000e+00  0.000000e+00  1.000000e+00
   outer loop
     vertex  1.059578e+01  1.534876e+01  1.200000e+01
     vertex  1.007482e+01  1.362449e+01  1.200000e+01
     vertex  1.016778e+01  1.360038e+01  1.200000e+01
   endloop
 endfacet
 facet normal  0.000000e+00  0.000000e+00  1.000000e+00
   outer loop
     vertex  1.059578e+01  1.534876e+01  1.200000e+01
     vertex  1.055063e+01  1.536047e+01  1.200000e+01
     vertex  1.007482e+01  1.362449e+01  1.200000e+01
   endloop
 endfacet
 facet normal  0.000000e+00  0.000000e+00  1.000000e+00
   outer loop
     vertex  9.346023e+00  1.660711e+01  1.200000e+01
     vertex  7.594754e+00  1.619111e+01  1.200000e+01
     vertex  7.618226e+00  1.609800e+01  1.200000e+01
   endloop
 endfacet
 facet normal  0.000000e+00  0.000000e+00  1.000000e+00
   outer loop
     vertex  9.346023e+00  1.660711e+01  1.200000e+01
     vertex  7.618226e+00  1.609800e+01  1.200000e+01
     vertex  9.357424e+00  1.656189e+01  1.200000e+01
   endloop
 endfacet
 facet normal  0.000000e+00  0.000000e+00  1.000000e+00
   outer loop
     vertex  1.064123e+01  1.533829e+01  1.200000e+01
     vertex  1.016778e+01  1.360038e+01  1.200000e+01
     vertex  1.026135e+01  1.357883e+01  1.200000e+01
   endloop
 endfacet
 facet normal  0.000000e+00  0.000000e+00  1.000000e+00
   outer loop
     vertex  1.064123e+01  1.533829e+01  1.200000e+01
     vertex  1.059578e+01  1.534876e+01  1.200000e+01
     vertex  1.016778e+01  1.360038e+01  1.200000e+01
   endloop
 endfacet
 facet normal  0.000000e+00  0.000000e+00  1.000000e+00
   outer loop
     vertex  9.335867e+00  1.665264e+01  1.200000e+01
     vertex  7.573844e+00  1.628484e+01  1.200000e+01
     vertex  7.594754e+00  1.619111e+01  1.200000e+01
   endloop
 endfacet
 facet normal  0.000000e+00  0.000000e+00  1.000000e+00
   outer loop
     vertex  9.335867e+00  1.665264e+01  1.200000e+01
     vertex  7.594754e+00  1.619111e+01  1.200000e+01
     vertex  9.346023e+00  1.660711e+01  1.200000e+01
   endloop
 endfacet
 facet normal  0.000000e+00  0.000000e+00  1.000000e+00
   outer loop
     vertex  1.068695e+01  1.532907e+01  1.200000e+01
     vertex  1.064123e+01  1.533829e+01  1.200000e+01
     vertex  1.026135e+01  1.357883e+01  1.200000e+01
   endloop
 endfacet
 facet normal  0.000000e+00  0.000000e+00  1.000000e+00
   outer loop
     vertex  1.068695e+01  1.532907e+01  1.200000e+01
     vertex  1.026135e+01  1.357883e+01  1.200000e+01
     vertex  1.035549e+01  1.355985e+01  1.200000e+01
   endloop
 endfacet
 facet normal  0.000000e+00  0.000000e+00  1.000000e+00
   outer loop
     vertex  9.326964e+00  1.669842e+01  1.200000e+01
     vertex  7.573844e+00  1.628484e+01  1.200000e+01
     vertex  9.335867e+00  1.665264e+01  1.200000e+01
   endloop
 endfacet
 facet normal  0.000000e+00  0.000000e+00  1.000000e+00
   outer loop
     vertex  9.326964e+00  1.669842e+01  1.200000e+01
     vertex  7.555514e+00  1.637910e+01  1.200000e+01
     vertex  7.573844e+00  1.628484e+01  1.200000e+01
   endloop
 endfacet
 facet normal  0.000000e+00  0.000000e+00  1.000000e+00
   outer loop
     vertex  1.073291e+01  1.532111e+01  1.200000e+01
     vertex  1.035549e+01  1.355985e+01  1.200000e+01
     vertex  1.045011e+01  1.354347e+01  1.200000e+01
   endloop
 endfacet
 facet normal  0.000000e+00  0.000000e+00  1.000000e+00
   outer loop
     vertex  1.073291e+01  1.532111e+01  1.200000e+01
     vertex  1.068695e+01  1.532907e+01  1.200000e+01
     vertex  1.035549e+01  1.355985e+01  1.200000e+01
   endloop
 endfacet
 facet normal  0.000000e+00  0.000000e+00  1.000000e+00
   outer loop
     vertex  9.319320e+00  1.674443e+01  1.200000e+01
     vertex  7.555514e+00  1.637910e+01  1.200000e+01
     vertex  9.326964e+00  1.669842e+01  1.200000e+01
   endloop
 endfacet
 facet normal  0.000000e+00  0.000000e+00  1.000000e+00
   outer loop
     vertex  9.319320e+00  1.674443e+01  1.200000e+01
     vertex  7.539777e+00  1.647383e+01  1.200000e+01
     vertex  7.555514e+00  1.637910e+01  1.200000e+01
   endloop
 endfacet
 facet normal  0.000000e+00  0.000000e+00  1.000000e+00
   outer loop
     vertex  1.077907e+01  1.531442e+01  1.200000e+01
     vertex  1.073291e+01  1.532111e+01  1.200000e+01
     vertex  1.045011e+01  1.354347e+01  1.200000e+01
   endloop
 endfacet
 facet normal  0.000000e+00  0.000000e+00  1.000000e+00
   outer loop
     vertex  1.077907e+01  1.531442e+01  1.200000e+01
     vertex  1.045011e+01  1.354347e+01  1.200000e+01
     vertex  1.054514e+01  1.352968e+01  1.200000e+01
   endloop
 endfacet
 facet normal  0.000000e+00  0.000000e+00  1.000000e+00
   outer loop
     vertex  9.312941e+00  1.679064e+01  1.200000e+01
     vertex  7.539777e+00  1.647383e+01  1.200000e+01
     vertex  9.319320e+00  1.674443e+01  1.200000e+01
   endloop
 endfacet
 facet normal  0.000000e+00  0.000000e+00  1.000000e+00
   outer loop
     vertex  9.312941e+00  1.679064e+01  1.200000e+01
     vertex  7.526644e+00  1.656896e+01  1.200000e+01
     vertex  7.539777e+00  1.647383e+01  1.200000e+01
   endloop
 endfacet
 facet normal  0.000000e+00  0.000000e+00  1.000000e+00
   outer loop
     vertex  1.082539e+01  1.530899e+01  1.200000e+01
     vertex  1.077907e+01  1.531442e+01  1.200000e+01
     vertex  1.054514e+01  1.352968e+01  1.200000e+01
   endloop
 endfacet
 facet normal  0.000000e+00  0.000000e+00  1.000000e+00
   outer loop
     vertex  1.082539e+01  1.530899e+01  1.200000e+01
     vertex  1.054514e+01  1.352968e+01  1.200000e+01
     vertex  1.064052e+01  1.351851e+01  1.200000e+01
   endloop
 endfacet
 facet normal  0.000000e+00  0.000000e+00  1.000000e+00
   outer loop
     vertex  1.082539e+01  1.530899e+01  1.200000e+01
     vertex  1.064052e+01  1.351851e+01  1.200000e+01
     vertex  1.073616e+01  1.350996e+01  1.200000e+01
   endloop
 endfacet
 facet normal  0.000000e+00  0.000000e+00  1.000000e+00
   outer loop
     vertex  9.307833e+00  1.683700e+01  1.200000e+01
     vertex  7.516126e+00  1.666441e+01  1.200000e+01
     vertex  7.526644e+00  1.656896e+01  1.200000e+01
   endloop
 endfacet
 facet normal  0.000000e+00  0.000000e+00  1.000000e+00
   outer loop
     vertex  9.307833e+00  1.683700e+01  1.200000e+01
     vertex  7.526644e+00  1.656896e+01  1.200000e+01
     vertex  9.312941e+00  1.679064e+01  1.200000e+01
   endloop
 endfacet
 facet normal  0.000000e+00  0.000000e+00  1.000000e+00
   outer loop
     vertex  1.087185e+01  1.530484e+01  1.200000e+01
     vertex  1.082539e+01  1.530899e+01  1.200000e+01
     vertex  1.073616e+01  1.350996e+01  1.200000e+01
   endloop
 endfacet
 facet normal  0.000000e+00  0.000000e+00  1.000000e+00
   outer loop
     vertex  9.303998e+00  1.688348e+01  1.200000e+01
     vertex  7.508231e+00  1.676011e+01  1.200000e+01
     vertex  7.516126e+00  1.666441e+01  1.200000e+01
   endloop
 endfacet
 facet normal  0.000000e+00  0.000000e+00  1.000000e+00
   outer loop
     vertex  9.303998e+00  1.688348e+01  1.200000e+01
     vertex  7.516126e+00  1.666441e+01  1.200000e+01
     vertex  9.307833e+00  1.683700e+01  1.200000e+01
   endloop
 endfacet
 facet normal  0.000000e+00  0.000000e+00  1.000000e+00
   outer loop
     vertex  1.091840e+01  1.530196e+01  1.200000e+01
     vertex  1.087185e+01  1.530484e+01  1.200000e+01
     vertex  1.073616e+01  1.350996e+01  1.200000e+01
   endloop
 endfacet
 facet normal  0.000000e+00  0.000000e+00  1.000000e+00
   outer loop
     vertex  1.091840e+01  1.530196e+01  1.200000e+01
     vertex  1.073616e+01  1.350996e+01  1.200000e+01
     vertex  1.083201e+01  1.350403e+01  1.200000e+01
   endloop
 endfacet
 facet normal  0.000000e+00  0.000000e+00  1.000000e+00
   outer loop
     vertex  9.301440e+00  1.693005e+01  1.200000e+01
     vertex  7.508231e+00  1.676011e+01  1.200000e+01
     vertex  9.303998e+00  1.688348e+01  1.200000e+01
   endloop
 endfacet
 facet normal  0.000000e+00  0.000000e+00  1.000000e+00
   outer loop
     vertex  9.301440e+00  1.693005e+01  1.200000e+01
     vertex  7.502964e+00  1.685599e+01  1.200000e+01
     vertex  7.508231e+00  1.676011e+01  1.200000e+01
   endloop
 endfacet
 facet normal  0.000000e+00  0.000000e+00  1.000000e+00
   outer loop
     vertex  1.096502e+01  1.530036e+01  1.200000e+01
     vertex  1.091840e+01  1.530196e+01  1.200000e+01
     vertex  1.083201e+01  1.350403e+01  1.200000e+01
   endloop
 endfacet
 facet normal  0.000000e+00  0.000000e+00  1.000000e+00
   outer loop
     vertex  1.096502e+01  1.530036e+01  1.200000e+01
     vertex  1.083201e+01  1.350403e+01  1.200000e+01
     vertex  1.092798e+01  1.350074e+01  1.200000e+01
   endloop
 endfacet
 facet normal  0.000000e+00  0.000000e+00  1.000000e+00
   outer loop
     vertex  9.300160e+00  1.697668e+01  1.200000e+01
     vertex  7.500329e+00  1.695199e+01  1.200000e+01
     vertex  7.502964e+00  1.685599e+01  1.200000e+01
   endloop
 endfacet
 facet normal  0.000000e+00  0.000000e+00  1.000000e+00
   outer loop
     vertex  9.300160e+00  1.697668e+01  1.200000e+01
     vertex  7.502964e+00  1.685599e+01  1.200000e+01
     vertex  9.301440e+00  1.693005e+01  1.200000e+01
   endloop
 endfacet
 facet normal  0.000000e+00  0.000000e+00  1.000000e+00
   outer loop
     vertex  1.101166e+01  1.530004e+01  1.200000e+01
     vertex  1.096502e+01  1.530036e+01  1.200000e+01
     vertex  1.092798e+01  1.350074e+01  1.200000e+01
   endloop
 endfacet
 facet normal  0.000000e+00  0.000000e+00  1.000000e+00
   outer loop
     vertex  1.101166e+01  1.530004e+01  1.200000e+01
     vertex  1.092798e+01  1.350074e+01  1.200000e+01
     vertex  1.102401e+01  1.350008e+01  1.200000e+01
   endloop
 endfacet
 facet normal  0.000000e+00  0.000000e+00  1.000000e+00
   outer loop
     vertex  9.300160e+00  1.702332e+01  1.200000e+01
     vertex  7.500329e+00  1.704801e+01  1.200000e+01
     vertex  7.500329e+00  1.695199e+01  1.200000e+01
   endloop
 endfacet
 facet normal  0.000000e+00  0.000000e+00  1.000000e+00
   outer loop
     vertex  9.300160e+00  1.702332e+01  1.200000e+01
     vertex  7.500329e+00  1.695199e+01  1.200000e+01
     vertex  9.300160e+00  1.697668e+01  1.200000e+01
   endloop
 endfacet
 facet normal  0.000000e+00  0.000000e+00  1.000000e+00
   outer loop
     vertex  1.105829e+01  1.530100e+01  1.200000e+01
     vertex  1.101166e+01  1.530004e+01  1.200000e+01
     vertex  1.102401e+01  1.350008e+01  1.200000e+01
   endloop
 endfacet
 facet normal  0.000000e+00  0.000000e+00  1.000000e+00
   outer loop
     vertex  1.105829e+01  1.530100e+01  1.200000e+01
     vertex  1.102401e+01  1.350008e+01  1.200000e+01
     vertex  1.112002e+01  1.350206e+01  1.200000e+01
   endloop
 endfacet
 facet normal  0.000000e+00  0.000000e+00  1.000000e+00
   outer loop
     vertex  9.301440e+00  1.706995e+01  1.200000e+01
     vertex  7.502964e+00  1.714401e+01  1.200000e+01
     vertex  7.500329e+00  1.704801e+01  1.200000e+01
   endloop
 endfacet
 facet normal  0.000000e+00  0.000000e+00  1.000000e+00
   outer loop
     vertex  9.301440e+00  1.706995e+01  1.200000e+01
     vertex  7.500329e+00  1.704801e+01  1.200000e+01
     vertex  9.300160e+00  1.702332e+01  1.200000e+01
   endloop
 endfacet
 facet normal  0.000000e+00  0.000000e+00  1.000000e+00
   outer loop
     vertex  1.110488e+01  1.530324e+01  1.200000e+01
     vertex  1.105829e+01  1.530100e+01  1.200000e+01
     vertex  1.112002e+01  1.350206e+01  1.200000e+01
   endloop
 endfacet
 facet normal  0.000000e+00  0.000000e+00  1.000000e+00
   outer loop
     vertex  1.110488e+01  1.530324e+01  1.200000e+01
     vertex  1.112002e+01  1.350206e+01  1.200000e+01
     vertex  1.121593e+01  1.350667e+01  1.200000e+01
   endloop
 endfacet
 facet normal  0.000000e+00  0.000000e+00  1.000000e+00
   outer loop
     vertex  9.303998e+00  1.711652e+01  1.200000e+01
     vertex  7.508231e+00  1.723989e+01  1.200000e+01
     vertex  7.502964e+00  1.714401e+01  1.200000e+01
   endloop
 endfacet
 facet normal  0.000000e+00  0.000000e+00  1.000000e+00
   outer loop
     vertex  9.303998e+00  1.711652e+01  1.200000e+01
     vertex  7.502964e+00  1.714401e+01  1.200000e+01
     vertex  9.301440e+00  1.706995e+01  1.200000e+01
   endloop
 endfacet
 facet normal  0.000000e+00  0.000000e+00  1.000000e+00
   outer loop
     vertex  1.115139e+01  1.530675e+01  1.200000e+01
     vertex  1.110488e+01  1.530324e+01  1.200000e+01
     vertex  1.121593e+01  1.350667e+01  1.200000e+01
   endloop
 endfacet
 facet normal  0.000000e+00  0.000000e+00  1.000000e+00
   outer loop
     vertex  1.115139e+01  1.530675e+01  1.200000e+01
     vertex  1.121593e+01  1.350667e+01  1.200000e+01
     vertex  1.131169e+01  1.351391e+01  1.200000e+01
   endloop
 endfacet
 facet normal  0.000000e+00  0.000000e+00  1.000000e+00
   outer loop
     vertex  9.307833e+00  1.716300e+01  1.200000e+01
     vertex  7.516126e+00  1.733559e+01  1.200000e+01
     vertex  7.508231e+00  1.723989e+01  1.200000e+01
   endloop
 endfacet
 facet normal  0.000000e+00  0.000000e+00  1.000000e+00
   outer loop
     vertex  9.307833e+00  1.716300e+01  1.200000e+01
     vertex  7.508231e+00  1.723989e+01  1.200000e+01
     vertex  9.303998e+00  1.711652e+01  1.200000e+01
   endloop
 endfacet
 facet normal  0.000000e+00  0.000000e+00  1.000000e+00
   outer loop
     vertex  1.119779e+01  1.531154e+01  1.200000e+01
     vertex  1.115139e+01  1.530675e+01  1.200000e+01
     vertex  1.131169e+01  1.351391e+01  1.200000e+01
   endloop
 endfacet
 facet normal  0.000000e+00  0.000000e+00  1.000000e+00
   outer loop
     vertex  1.119779e+01  1.531154e+01  1.200000e+01
     vertex  1.131169e+01  1.351391e+01  1.200000e+01
     vertex  1.140721e+01  1.352377e+01  1.200000e+01
   endloop
 endfacet
 facet normal  0.000000e+00  0.000000e+00  1.000000e+00
   outer loop
     vertex  9.312941e+00  1.720936e+01  1.200000e+01
     vertex  7.516126e+00  1.733559e+01  1.200000e+01
     vertex  9.307833e+00  1.716300e+01  1.200000e+01
   endloop
 endfacet
 facet normal  0.000000e+00  0.000000e+00  1.000000e+00
   outer loop
     vertex  9.312941e+00  1.720936e+01  1.200000e+01
     vertex  7.539777e+00  1.752617e+01  1.200000e+01
     vertex  7.526644e+00  1.743104e+01  1.200000e+01
   endloop
 endfacet
 facet normal  0.000000e+00  0.000000e+00  1.000000e+00
   outer loop
     vertex  9.312941e+00  1.720936e+01  1.200000e+01
     vertex  7.526644e+00  1.743104e+01  1.200000e+01
     vertex  7.516126e+00  1.733559e+01  1.200000e+01
   endloop
 endfacet
 facet normal  0.000000e+00  0.000000e+00  1.000000e+00
   outer loop
     vertex  1.124403e+01  1.531761e+01  1.200000e+01
     vertex  1.140721e+01  1.352377e+01  1.200000e+01
     vertex  1.150242e+01  1.353625e+01  1.200000e+01
   endloop
 endfacet
 facet normal  0.000000e+00  0.000000e+00  1.000000e+00
   outer loop
     vertex  1.124403e+01  1.531761e+01  1.200000e+01
     vertex  1.150242e+01  1.353625e+01  1.200000e+01
     vertex  1.159726e+01  1.355134e+01  1.200000e+01
   endloop
 endfacet
 facet normal  0.000000e+00  0.000000e+00  1.000000e+00
   outer loop
     vertex  1.124403e+01  1.531761e+01  1.200000e+01
     vertex  1.119779e+01  1.531154e+01  1.200000e+01
     vertex  1.140721e+01  1.352377e+01  1.200000e+01
   endloop
 endfacet
 facet normal  0.000000e+00  0.000000e+00  1.000000e+00
   outer loop
     vertex  9.319320e+00  1.725557e+01  1.200000e+01
     vertex  7.539777e+00  1.752617e+01  1.200000e+01
     vertex  9.312941e+00  1.720936e+01  1.200000e+01
   endloop
 endfacet
 facet normal  0.000000e+00  0.000000e+00  1.000000e+00
   outer loop
     vertex  1.129010e+01  1.532493e+01  1.200000e+01
     vertex  1.124403e+01  1.531761e+01  1.200000e+01
     vertex  1.159726e+01  1.355134e+01  1.200000e+01
   endloop
 endfacet
 facet normal  0.000000e+00  0.000000e+00  1.000000e+00
   outer loop
     vertex  9.326964e+00  1.730158e+01  1.200000e+01
     vertex  7.555514e+00  1.762090e+01  1.200000e+01
     vertex  7.539777e+00  1.752617e+01  1.200000e+01
   endloop
 endfacet
 facet normal  0.000000e+00  0.000000e+00  1.000000e+00
   outer loop
     vertex  9.326964e+00  1.730158e+01  1.200000e+01
     vertex  7.539777e+00  1.752617e+01  1.200000e+01
     vertex  9.319320e+00  1.725557e+01  1.200000e+01
   endloop
 endfacet
 facet normal  0.000000e+00  0.000000e+00  1.000000e+00
   outer loop
     vertex  1.133594e+01  1.533352e+01  1.200000e+01
     vertex  1.159726e+01  1.355134e+01  1.200000e+01
     vertex  1.169164e+01  1.356902e+01  1.200000e+01
   endloop
 endfacet
 facet normal  0.000000e+00  0.000000e+00  1.000000e+00
   outer loop
     vertex  1.133594e+01  1.533352e+01  1.200000e+01
     vertex  1.129010e+01  1.532493e+01  1.200000e+01
     vertex  1.159726e+01  1.355134e+01  1.200000e+01
   endloop
 endfacet
 facet normal  0.000000e+00  0.000000e+00  1.000000e+00
   outer loop
     vertex  9.335867e+00  1.734736e+01  1.200000e+01
     vertex  7.573844e+00  1.771516e+01  1.200000e+01
     vertex  7.555514e+00  1.762090e+01  1.200000e+01
   endloop
 endfacet
 facet normal  0.000000e+00  0.000000e+00  1.000000e+00
   outer loop
     vertex  9.335867e+00  1.734736e+01  1.200000e+01
     vertex  7.555514e+00  1.762090e+01  1.200000e+01
     vertex  9.326964e+00  1.730158e+01  1.200000e+01
   endloop
 endfacet
 facet normal  0.000000e+00  0.000000e+00  1.000000e+00
   outer loop
     vertex  1.138153e+01  1.534337e+01  1.200000e+01
     vertex  1.133594e+01  1.533352e+01  1.200000e+01
     vertex  1.169164e+01  1.356902e+01  1.200000e+01
   endloop
 endfacet
 facet normal  0.000000e+00  0.000000e+00  1.000000e+00
   outer loop
     vertex  1.138153e+01  1.534337e+01  1.200000e+01
     vertex  1.169164e+01  1.356902e+01  1.200000e+01
     vertex  1.178551e+01  1.358929e+01  1.200000e+01
   endloop
 endfacet
 facet normal  0.000000e+00  0.000000e+00  1.000000e+00
   outer loop
     vertex  9.346023e+00  1.739289e+01  1.200000e+01
     vertex  7.594754e+00  1.780889e+01  1.200000e+01
     vertex  7.573844e+00  1.771516e+01  1.200000e+01
   endloop
 endfacet
 facet normal  0.000000e+00  0.000000e+00  1.000000e+00
   outer loop
     vertex  9.346023e+00  1.739289e+01  1.200000e+01
     vertex  7.573844e+00  1.771516e+01  1.200000e+01
     vertex  9.335867e+00  1.734736e+01  1.200000e+01
   endloop
 endfacet
 facet normal  0.000000e+00  0.000000e+00  1.000000e+00
   outer loop
     vertex  1.142684e+01  1.535446e+01  1.200000e+01
     vertex  1.178551e+01  1.358929e+01  1.200000e+01
     vertex  1.187878e+01  1.361212e+01  1.200000e+01
   endloop
 endfacet
 facet normal  0.000000e+00  0.000000e+00  1.000000e+00
   outer loop
     vertex  1.142684e+01  1.535446e+01  1.200000e+01
     vertex  1.138153e+01  1.534337e+01  1.200000e+01
     vertex  1.178551e+01  1.358929e+01  1.200000e+01
   endloop
 endfacet
 facet normal  0.000000e+00  0.000000e+00  1.000000e+00
   outer loop
     vertex  9.357424e+00  1.743811e+01  1.200000e+01
     vertex  7.644245e+00  1.799444e+01  1.200000e+01
     vertex  7.618226e+00  1.790200e+01  1.200000e+01
   endloop
 endfacet
 facet normal  0.000000e+00  0.000000e+00  1.000000e+00
   outer loop
     vertex  9.357424e+00  1.743811e+01  1.200000e+01
     vertex  7.618226e+00  1.790200e+01  1.200000e+01
     vertex  7.594754e+00  1.780889e+01  1.200000e+01
   endloop
 endfacet
 facet normal  0.000000e+00  0.000000e+00  1.000000e+00
   outer loop
     vertex  9.357424e+00  1.743811e+01  1.200000e+01
     vertex  7.594754e+00  1.780889e+01  1.200000e+01
     vertex  9.346023e+00  1.739289e+01  1.200000e+01
   endloop
 endfacet
 facet normal  0.000000e+00  0.000000e+00  1.000000e+00
   outer loop
     vertex  1.147182e+01  1.536679e+01  1.200000e+01
     vertex  1.187878e+01  1.361212e+01  1.200000e+01
     vertex  1.197140e+01  1.363750e+01  1.200000e+01
   endloop
 endfacet
 facet normal  0.000000e+00  0.000000e+00  1.000000e+00
   outer loop
     vertex  1.147182e+01  1.536679e+01  1.200000e+01
     vertex  1.142684e+01  1.535446e+01  1.200000e+01
     vertex  1.187878e+01  1.361212e+01  1.200000e+01
   endloop
 endfacet
 facet normal  0.000000e+00  0.000000e+00  1.000000e+00
   outer loop
     vertex  9.370062e+00  1.748301e+01  1.200000e+01
     vertex  7.644245e+00  1.799444e+01  1.200000e+01
     vertex  9.357424e+00  1.743811e+01  1.200000e+01
   endloop
 endfacet
 facet normal  0.000000e+00  0.000000e+00  1.000000e+00
   outer loop
     vertex  1.151645e+01  1.538035e+01  1.200000e+01
     vertex  1.147182e+01  1.536679e+01  1.200000e+01
     vertex  1.197140e+01  1.363750e+01  1.200000e+01
   endloop
 endfacet
 facet normal  0.000000e+00  0.000000e+00  1.000000e+00
   outer loop
     vertex  1.151645e+01  1.538035e+01  1.200000e+01
     vertex  1.197140e+01  1.363750e+01  1.200000e+01
     vertex  1.206328e+01  1.366542e+01  1.200000e+01
   endloop
 endfacet
 facet normal  0.000000e+00  0.000000e+00  1.000000e+00
   outer loop
     vertex  9.383926e+00  1.752755e+01  1.200000e+01
     vertex  7.672789e+00  1.808613e+01  1.200000e+01
     vertex  7.644245e+00  1.799444e+01  1.200000e+01
   endloop
 endfacet
 facet normal  0.000000e+00  0.000000e+00  1.000000e+00
   outer loop
     vertex  9.383926e+00  1.752755e+01  1.200000e+01
     vertex  7.644245e+00  1.799444e+01  1.200000e+01
     vertex  9.370062e+00  1.748301e+01  1.200000e+01
   endloop
 endfacet
 facet normal  0.000000e+00  0.000000e+00  1.000000e+00
   outer loop
     vertex  1.156069e+01  1.539512e+01  1.200000e+01
     vertex  1.151645e+01  1.538035e+01  1.200000e+01
     vertex  1.206328e+01  1.366542e+01  1.200000e+01
   endloop
 endfacet
 facet normal  0.000000e+00  0.000000e+00  1.000000e+00
   outer loop
     vertex  1.156069e+01  1.539512e+01  1.200000e+01
     vertex  1.206328e+01  1.366542e+01  1.200000e+01
     vertex  1.215436e+01  1.369584e+01  1.200000e+01
   endloop
 endfacet
 facet normal  0.000000e+00  0.000000e+00  1.000000e+00
   outer loop
     vertex  9.399007e+00  1.757168e+01  1.200000e+01
     vertex  7.703838e+00  1.817700e+01  1.200000e+01
     vertex  7.672789e+00  1.808613e+01  1.200000e+01
   endloop
 endfacet
 facet normal  0.000000e+00  0.000000e+00  1.000000e+00
   outer loop
     vertex  9.399007e+00  1.757168e+01  1.200000e+01
     vertex  7.672789e+00  1.808613e+01  1.200000e+01
     vertex  9.383926e+00  1.752755e+01  1.200000e+01
   endloop
 endfacet
 facet normal  0.000000e+00  0.000000e+00  1.000000e+00
   outer loop
     vertex  1.160451e+01  1.541111e+01  1.200000e+01
     vertex  1.156069e+01  1.539512e+01  1.200000e+01
     vertex  1.215436e+01  1.369584e+01  1.200000e+01
   endloop
 endfacet
 facet normal  0.000000e+00  0.000000e+00  1.000000e+00
   outer loop
     vertex  1.160451e+01  1.541111e+01  1.200000e+01
     vertex  1.215436e+01  1.369584e+01  1.200000e+01
     vertex  1.224457e+01  1.372875e+01  1.200000e+01
   endloop
 endfacet
 facet normal  0.000000e+00  0.000000e+00  1.000000e+00
   outer loop
     vertex  9.415293e+00  1.761539e+01  1.200000e+01
     vertex  7.737369e+00  1.826698e+01  1.200000e+01
     vertex  7.703838e+00  1.817700e+01  1.200000e+01
   endloop
 endfacet
 facet normal  0.000000e+00  0.000000e+00  1.000000e+00
   outer loop
     vertex  9.415293e+00  1.761539e+01  1.200000e+01
     vertex  7.703838e+00  1.817700e+01  1.200000e+01
     vertex  9.399007e+00  1.757168e+01  1.200000e+01
   endloop
 endfacet
 facet normal  0.000000e+00  0.000000e+00  1.000000e+00
   outer loop
     vertex  1.164787e+01  1.542829e+01  1.200000e+01
     vertex  1.160451e+01  1.541111e+01  1.200000e+01
     vertex  1.224457e+01  1.372875e+01  1.200000e+01
   endloop
 endfacet
 facet normal  0.000000e+00  0.000000e+00  1.000000e+00
   outer loop
     vertex  1.164787e+01  1.542829e+01  1.200000e+01
     vertex  1.224457e+01  1.372875e+01  1.200000e+01
     vertex  1.233384e+01  1.376413e+01  1.200000e+01
   endloop
 endfacet
 facet normal  0.000000e+00  0.000000e+00  1.000000e+00
   outer loop
     vertex  9.432772e+00  1.765863e+01  1.200000e+01
     vertex  7.773355e+00  1.835601e+01  1.200000e+01
     vertex  7.737369e+00  1.826698e+01  1.200000e+01
   endloop
 endfacet
 facet normal  0.000000e+00  0.000000e+00  1.000000e+00
   outer loop
     vertex  9.432772e+00  1.765863e+01  1.200000e+01
     vertex  7.737369e+00  1.826698e+01  1.200000e+01
     vertex  9.415293e+00  1.761539e+01  1.200000e+01
   endloop
 endfacet
 facet normal  0.000000e+00  0.000000e+00  1.000000e+00
   outer loop
     vertex  1.169074e+01  1.544666e+01  1.200000e+01
     vertex  1.233384e+01  1.376413e+01  1.200000e+01
     vertex  1.242212e+01  1.380194e+01  1.200000e+01
   endloop
 endfacet
 facet normal  0.000000e+00  0.000000e+00  1.000000e+00
   outer loop
     vertex  1.169074e+01  1.544666e+01  1.200000e+01
     vertex  1.164787e+01  1.542829e+01  1.200000e+01
     vertex  1.233384e+01  1.376413e+01  1.200000e+01
   endloop
 endfacet
 facet normal  0.000000e+00  0.000000e+00  1.000000e+00
   outer loop
     vertex  9.451431e+00  1.770138e+01  1.200000e+01
     vertex  7.773355e+00  1.835601e+01  1.200000e+01
     vertex  9.432772e+00  1.765863e+01  1.200000e+01
   endloop
 endfacet
 facet normal  0.000000e+00  0.000000e+00  1.000000e+00
   outer loop
     vertex  9.451431e+00  1.770138e+01  1.200000e+01
     vertex  7.811770e+00  1.844402e+01  1.200000e+01
     vertex  7.773355e+00  1.835601e+01  1.200000e+01
   endloop
 endfacet
 facet normal  0.000000e+00  0.000000e+00  1.000000e+00
   outer loop
     vertex  1.173310e+01  1.546619e+01  1.200000e+01
     vertex  1.169074e+01  1.544666e+01  1.200000e+01
     vertex  1.242212e+01  1.380194e+01  1.200000e+01
   endloop
 endfacet
 facet normal  0.000000e+00  0.000000e+00  1.000000e+00
   outer loop
     vertex  1.173310e+01  1.546619e+01  1.200000e+01
     vertex  1.242212e+01  1.380194e+01  1.200000e+01
     vertex  1.250932e+01  1.384216e+01  1.200000e+01
   endloop
 endfacet
 facet normal  0.000000e+00  0.000000e+00  1.000000e+00
   outer loop
     vertex  9.471256e+00  1.774360e+01  1.200000e+01
     vertex  7.811770e+00  1.844402e+01  1.200000e+01
     vertex  9.451431e+00  1.770138e+01  1.200000e+01
   endloop
 endfacet
 facet normal  0.000000e+00  0.000000e+00  1.000000e+00
   outer loop
     vertex  9.471256e+00  1.774360e+01  1.200000e+01
     vertex  7.852586e+00  1.853094e+01  1.200000e+01
     vertex  7.811770e+00  1.844402e+01  1.200000e+01
   endloop
 endfacet
 facet normal  0.000000e+00  0.000000e+00  1.000000e+00
   outer loop
     vertex  1.177490e+01  1.548688e+01  1.200000e+01
     vertex  1.173310e+01  1.546619e+01  1.200000e+01
     vertex  1.250932e+01  1.384216e+01  1.200000e+01
   endloop
 endfacet
 facet normal  0.000000e+00  0.000000e+00  1.000000e+00
   outer loop
     vertex  1.177490e+01  1.548688e+01  1.200000e+01
     vertex  1.250932e+01  1.384216e+01  1.200000e+01
     vertex  1.259538e+01  1.388475e+01  1.200000e+01
   endloop
 endfacet
 facet normal  0.000000e+00  0.000000e+00  1.000000e+00
   outer loop
     vertex  9.492231e+00  1.778526e+01  1.200000e+01
     vertex  7.852586e+00  1.853094e+01  1.200000e+01
     vertex  9.471256e+00  1.774360e+01  1.200000e+01
   endloop
 endfacet
 facet normal  0.000000e+00  0.000000e+00  1.000000e+00
   outer loop
     vertex  9.492231e+00  1.778526e+01  1.200000e+01
     vertex  7.895770e+00  1.861671e+01  1.200000e+01
     vertex  7.852586e+00  1.853094e+01  1.200000e+01
   endloop
 endfacet
 facet normal  0.000000e+00  0.000000e+00  1.000000e+00
   outer loop
     vertex  1.181612e+01  1.550871e+01  1.200000e+01
     vertex  1.177490e+01  1.548688e+01  1.200000e+01
     vertex  1.259538e+01  1.388475e+01  1.200000e+01
   endloop
 endfacet
 facet normal  0.000000e+00  0.000000e+00  1.000000e+00
   outer loop
     vertex  1.181612e+01  1.550871e+01  1.200000e+01
     vertex  1.259538e+01  1.388475e+01  1.200000e+01
     vertex  1.268024e+01  1.392969e+01  1.200000e+01
   endloop
 endfacet
 facet normal  0.000000e+00  0.000000e+00  1.000000e+00
   outer loop
     vertex  9.514342e+00  1.782633e+01  1.200000e+01
     vertex  7.895770e+00  1.861671e+01  1.200000e+01
     vertex  9.492231e+00  1.778526e+01  1.200000e+01
   endloop
 endfacet
 facet normal  0.000000e+00  0.000000e+00  1.000000e+00
   outer loop
     vertex  9.514342e+00  1.782633e+01  1.200000e+01
     vertex  7.941291e+00  1.870126e+01  1.200000e+01
     vertex  7.895770e+00  1.861671e+01  1.200000e+01
   endloop
 endfacet
 facet normal  0.000000e+00  0.000000e+00  1.000000e+00
   outer loop
     vertex  1.185672e+01  1.553166e+01  1.200000e+01
     vertex  1.181612e+01  1.550871e+01  1.200000e+01
     vertex  1.268024e+01  1.392969e+01  1.200000e+01
   endloop
 endfacet
 facet normal  0.000000e+00  0.000000e+00  1.000000e+00
   outer loop
     vertex  1.185672e+01  1.553166e+01  1.200000e+01
     vertex  1.268024e+01  1.392969e+01  1.200000e+01
     vertex  1.276384e+01  1.397695e+01  1.200000e+01
   endloop
 endfacet
 facet normal  0.000000e+00  0.000000e+00  1.000000e+00
   outer loop
     vertex  9.537570e+00  1.786678e+01  1.200000e+01
     vertex  7.941291e+00  1.870126e+01  1.200000e+01
     vertex  9.514342e+00  1.782633e+01  1.200000e+01
   endloop
 endfacet
 facet normal  0.000000e+00  0.000000e+00  1.000000e+00
   outer loop
     vertex  9.537570e+00  1.786678e+01  1.200000e+01
     vertex  7.989115e+00  1.878454e+01  1.200000e+01
     vertex  7.941291e+00  1.870126e+01  1.200000e+01
   endloop
 endfacet
 facet normal  0.000000e+00  0.000000e+00  1.000000e+00
   outer loop
     vertex  1.189668e+01  1.555572e+01  1.200000e+01
     vertex  1.185672e+01  1.553166e+01  1.200000e+01
     vertex  1.276384e+01  1.397695e+01  1.200000e+01
   endloop
 endfacet
 facet normal  0.000000e+00  0.000000e+00  1.000000e+00
   outer loop
     vertex  1.189668e+01  1.555572e+01  1.200000e+01
     vertex  1.276384e+01  1.397695e+01  1.200000e+01
     vertex  1.284611e+01  1.402647e+01  1.200000e+01
   endloop
 endfacet
 facet normal  0.000000e+00  0.000000e+00  1.000000e+00
   outer loop
     vertex  1.189668e+01  1.555572e+01  1.200000e+01
     vertex  1.284611e+01  1.402647e+01  1.200000e+01
     vertex  1.292699e+01  1.407824e+01  1.200000e+01
   endloop
 endfacet
 facet normal  0.000000e+00  0.000000e+00  1.000000e+00
   outer loop
     vertex  9.561900e+00  1.790657e+01  1.200000e+01
     vertex  7.989115e+00  1.878454e+01  1.200000e+01
     vertex  9.537570e+00  1.786678e+01  1.200000e+01
   endloop
 endfacet
 facet normal  0.000000e+00  0.000000e+00  1.000000e+00
   outer loop
     vertex  9.561900e+00  1.790657e+01  1.200000e+01
     vertex  8.091525e+00  1.894699e+01  1.200000e+01
     vertex  8.039206e+00  1.886647e+01  1.200000e+01
   endloop
 endfacet
 facet normal  0.000000e+00  0.000000e+00  1.000000e+00
   outer loop
     vertex  9.561900e+00  1.790657e+01  1.200000e+01
     vertex  8.039206e+00  1.886647e+01  1.200000e+01
     vertex  7.989115e+00  1.878454e+01  1.200000e+01
   endloop
 endfacet
 facet normal  0.000000e+00  0.000000e+00  1.000000e+00
   outer loop
     vertex  1.193597e+01  1.558086e+01  1.200000e+01
     vertex  1.189668e+01  1.555572e+01  1.200000e+01
     vertex  1.292699e+01  1.407824e+01  1.200000e+01
   endloop
 endfacet
 facet normal  0.000000e+00  0.000000e+00  1.000000e+00
   outer loop
     vertex  9.587312e+00  1.794568e+01  1.200000e+01
     vertex  8.091525e+00  1.894699e+01  1.200000e+01
     vertex  9.561900e+00  1.790657e+01  1.200000e+01
   endloop
 endfacet
 facet normal  0.000000e+00  0.000000e+00  1.000000e+00
   outer loop
     vertex  1.197455e+01  1.560707e+01  1.200000e+01
     vertex  1.193597e+01  1.558086e+01  1.200000e+01
     vertex  1.292699e+01  1.407824e+01  1.200000e+01
   endloop
 endfacet
 facet normal  0.000000e+00  0.000000e+00  1.000000e+00
   outer loop
     vertex  1.197455e+01  1.560707e+01  1.200000e+01
     vertex  1.292699e+01  1.407824e+01  1.200000e+01
     vertex  1.300642e+01  1.413220e+01  1.200000e+01
   endloop
 endfacet
 facet normal  0.000000e+00  0.000000e+00  1.000000e+00
   outer loop
     vertex  9.613788e+00  1.798408e+01  1.200000e+01
     vertex  8.091525e+00  1.894699e+01  1.200000e+01
     vertex  9.587312e+00  1.794568e+01  1.200000e+01
   endloop
 endfacet
 facet normal  0.000000e+00  0.000000e+00  1.000000e+00
   outer loop
     vertex  9.613788e+00  1.798408e+01  1.200000e+01
     vertex  8.202690e+00  1.910358e+01  1.200000e+01
     vertex  8.146033e+00  1.902605e+01  1.200000e+01
   endloop
 endfacet
 facet normal  0.000000e+00  0.000000e+00  1.000000e+00
   outer loop
     vertex  9.613788e+00  1.798408e+01  1.200000e+01
     vertex  8.146033e+00  1.902605e+01  1.200000e+01
     vertex  8.091525e+00  1.894699e+01  1.200000e+01
   endloop
 endfacet
 facet normal  0.000000e+00  0.000000e+00  1.000000e+00
   outer loop
     vertex  1.201240e+01  1.563433e+01  1.200000e+01
     vertex  1.197455e+01  1.560707e+01  1.200000e+01
     vertex  1.300642e+01  1.413220e+01  1.200000e+01
   endloop
 endfacet
 facet normal  0.000000e+00  0.000000e+00  1.000000e+00
   outer loop
     vertex  1.201240e+01  1.563433e+01  1.200000e+01
     vertex  1.300642e+01  1.413220e+01  1.200000e+01
     vertex  1.308434e+01  1.418833e+01  1.200000e+01
   endloop
 endfacet
 facet normal  0.000000e+00  0.000000e+00  1.000000e+00
   outer loop
     vertex  9.641307e+00  1.802174e+01  1.200000e+01
     vertex  8.202690e+00  1.910358e+01  1.200000e+01
     vertex  9.613788e+00  1.798408e+01  1.200000e+01
   endloop
 endfacet
 facet normal  0.000000e+00  0.000000e+00  1.000000e+00
   outer loop
     vertex  1.204948e+01  1.566262e+01  1.200000e+01
     vertex  1.201240e+01  1.563433e+01  1.200000e+01
     vertex  1.308434e+01  1.418833e+01  1.200000e+01
   endloop
 endfacet
 facet normal  0.000000e+00  0.000000e+00  1.000000e+00
   outer loop
     vertex  1.204948e+01  1.566262e+01  1.200000e+01
     vertex  1.308434e+01  1.418833e+01  1.200000e+01
     vertex  1.316070e+01  1.424657e+01  1.200000e+01
   endloop
 endfacet
 facet normal  0.000000e+00  0.000000e+00  1.000000e+00
   outer loop
     vertex  9.669848e+00  1.805863e+01  1.200000e+01
     vertex  8.202690e+00  1.910358e+01  1.200000e+01
     vertex  9.641307e+00  1.802174e+01  1.200000e+01
   endloop
 endfacet
 facet normal  0.000000e+00  0.000000e+00  1.000000e+00
   outer loop
     vertex  9.669848e+00  1.805863e+01  1.200000e+01
     vertex  8.261453e+00  1.917953e+01  1.200000e+01
     vertex  8.202690e+00  1.910358e+01  1.200000e+01
   endloop
 endfacet
 facet normal  0.000000e+00  0.000000e+00  1.000000e+00
   outer loop
     vertex  1.208578e+01  1.569191e+01  1.200000e+01
     vertex  1.204948e+01  1.566262e+01  1.200000e+01
     vertex  1.316070e+01  1.424657e+01  1.200000e+01
   endloop
 endfacet
 facet normal  0.000000e+00  0.000000e+00  1.000000e+00
   outer loop
     vertex  1.208578e+01  1.569191e+01  1.200000e+01
     vertex  1.316070e+01  1.424657e+01  1.200000e+01
     vertex  1.323542e+01  1.430688e+01  1.200000e+01
   endloop
 endfacet
 facet normal  0.000000e+00  0.000000e+00  1.000000e+00
   outer loop
     vertex  9.699392e+00  1.809472e+01  1.200000e+01
     vertex  8.322277e+00  1.925384e+01  1.200000e+01
     vertex  8.261453e+00  1.917953e+01  1.200000e+01
   endloop
 endfacet
 facet normal  0.000000e+00  0.000000e+00  1.000000e+00
   outer loop
     vertex  9.699392e+00  1.809472e+01  1.200000e+01
     vertex  8.261453e+00  1.917953e+01  1.200000e+01
     vertex  9.669848e+00  1.805863e+01  1.200000e+01
   endloop
 endfacet
 facet normal  0.000000e+00  0.000000e+00  1.000000e+00
   outer loop
     vertex  1.212125e+01  1.572219e+01  1.200000e+01
     vertex  1.208578e+01  1.569191e+01  1.200000e+01
     vertex  1.323542e+01  1.430688e+01  1.200000e+01
   endloop
 endfacet
 facet normal  0.000000e+00  0.000000e+00  1.000000e+00
   outer loop
     vertex  1.212125e+01  1.572219e+01  1.200000e+01
     vertex  1.323542e+01  1.430688e+01  1.200000e+01
     vertex  1.330846e+01  1.436922e+01  1.200000e+01
   endloop
 endfacet
 facet normal  0.000000e+00  0.000000e+00  1.000000e+00
   outer loop
     vertex  1.212125e+01  1.572219e+01  1.200000e+01
     vertex  1.330846e+01  1.436922e+01  1.200000e+01
     vertex  1.337977e+01  1.443354e+01  1.200000e+01
   endloop
 endfacet
 facet normal  0.000000e+00  0.000000e+00  1.000000e+00
   outer loop
     vertex  9.729914e+00  1.812999e+01  1.200000e+01
     vertex  8.385117e+00  1.932645e+01  1.200000e+01
     vertex  8.322277e+00  1.925384e+01  1.200000e+01
   endloop
 endfacet
 facet normal  0.000000e+00  0.000000e+00  1.000000e+00
   outer loop
     vertex  9.729914e+00  1.812999e+01  1.200000e+01
     vertex  8.322277e+00  1.925384e+01  1.200000e+01
     vertex  9.699392e+00  1.809472e+01  1.200000e+01
   endloop
 endfacet
 facet normal  0.000000e+00  0.000000e+00  1.000000e+00
   outer loop
     vertex  1.215589e+01  1.575343e+01  1.200000e+01
     vertex  1.212125e+01  1.572219e+01  1.200000e+01
     vertex  1.337977e+01  1.443354e+01  1.200000e+01
   endloop
 endfacet
 facet normal  0.000000e+00  0.000000e+00  1.000000e+00
   outer loop
     vertex  9.761392e+00  1.816441e+01  1.200000e+01
     vertex  8.385117e+00  1.932645e+01  1.200000e+01
     vertex  9.729914e+00  1.812999e+01  1.200000e+01
   endloop
 endfacet
 facet normal  0.000000e+00  0.000000e+00  1.000000e+00
   outer loop
     vertex  9.761392e+00  1.816441e+01  1.200000e+01
     vertex  8.449925e+00  1.939731e+01  1.200000e+01
     vertex  8.385117e+00  1.932645e+01  1.200000e+01
   endloop
 endfacet
 facet normal  0.000000e+00  0.000000e+00  1.000000e+00
   outer loop
     vertex  1.344928e+01  1.449979e+01  1.200000e+01
     vertex  1.215589e+01  1.575343e+01  1.200000e+01
     vertex  1.337977e+01  1.443354e+01  1.200000e+01
   endloop
 endfacet
 facet normal  0.000000e+00  0.000000e+00  1.000000e+00
   outer loop
     vertex  1.218965e+01  1.578561e+01  1.200000e+01
     vertex  1.215589e+01  1.575343e+01  1.200000e+01
     vertex  1.344928e+01  1.449979e+01  1.200000e+01
   endloop
 endfacet
 facet normal  0.000000e+00  0.000000e+00  1.000000e+00
   outer loop
     vertex  9.793803e+00  1.819795e+01  1.200000e+01
     vertex  8.449925e+00  1.939731e+01  1.200000e+01
     vertex  9.761392e+00  1.816441e+01  1.200000e+01
   endloop
 endfacet
 facet normal  0.000000e+00  0.000000e+00  1.000000e+00
   outer loop
     vertex  9.793803e+00  1.819795e+01  1.200000e+01
     vertex  8.516653e+00  1.946637e+01  1.200000e+01
     vertex  8.449925e+00  1.939731e+01  1.200000e+01
   endloop
 endfacet
 facet normal  0.000000e+00  0.000000e+00  1.000000e+00
   outer loop
     vertex  1.351695e+01  1.456793e+01  1.200000e+01
     vertex  1.218965e+01  1.578561e+01  1.200000e+01
     vertex  1.344928e+01  1.449979e+01  1.200000e+01
   endloop
 endfacet
 facet normal  0.000000e+00  0.000000e+00  1.000000e+00
   outer loop
     vertex  1.351695e+01  1.456793e+01  1.200000e+01
     vertex  1.222252e+01  1.581871e+01  1.200000e+01
     vertex  1.218965e+01  1.578561e+01  1.200000e+01
   endloop
 endfacet
 facet normal  0.000000e+00  0.000000e+00  1.000000e+00
   outer loop
     vertex  8.585250e+00  1.953357e+01  1.200000e+01
     vertex  8.516653e+00  1.946637e+01  1.200000e+01
     vertex  9.793803e+00  1.819795e+01  1.200000e+01
   endloop
 endfacet
 facet normal  0.000000e+00  0.000000e+00  1.000000e+00
   outer loop
     vertex  8.585250e+00  1.953357e+01  1.200000e+01
     vertex  9.793803e+00  1.819795e+01  1.200000e+01
     vertex  9.827121e+00  1.823059e+01  1.200000e+01
   endloop
 endfacet
 facet normal  0.000000e+00  0.000000e+00  1.000000e+00
   outer loop
     vertex  1.358272e+01  1.463789e+01  1.200000e+01
     vertex  1.222252e+01  1.581871e+01  1.200000e+01
     vertex  1.351695e+01  1.456793e+01  1.200000e+01
   endloop
 endfacet
 facet normal  0.000000e+00  0.000000e+00  1.000000e+00
   outer loop
     vertex  1.358272e+01  1.463789e+01  1.200000e+01
     vertex  1.225447e+01  1.585269e+01  1.200000e+01
     vertex  1.222252e+01  1.581871e+01  1.200000e+01
   endloop
 endfacet
 facet normal  0.000000e+00  0.000000e+00  1.000000e+00
   outer loop
     vertex  8.655665e+00  1.959886e+01  1.200000e+01
     vertex  9.827121e+00  1.823059e+01  1.200000e+01
     vertex  9.861323e+00  1.826231e+01  1.200000e+01
   endloop
 endfacet
 facet normal  0.000000e+00  0.000000e+00  1.000000e+00
   outer loop
     vertex  8.655665e+00  1.959886e+01  1.200000e+01
     vertex  8.585250e+00  1.953357e+01  1.200000e+01
     vertex  9.827121e+00  1.823059e+01  1.200000e+01
   endloop
 endfacet
 facet normal  0.000000e+00  0.000000e+00  1.000000e+00
   outer loop
     vertex  1.364655e+01  1.470964e+01  1.200000e+01
     vertex  1.225447e+01  1.585269e+01  1.200000e+01
     vertex  1.358272e+01  1.463789e+01  1.200000e+01
   endloop
 endfacet
 facet normal  0.000000e+00  0.000000e+00  1.000000e+00
   outer loop
     vertex  1.364655e+01  1.470964e+01  1.200000e+01
     vertex  1.228547e+01  1.588754e+01  1.200000e+01
     vertex  1.225447e+01  1.585269e+01  1.200000e+01
   endloop
 endfacet
 facet normal  0.000000e+00  0.000000e+00  1.000000e+00
   outer loop
     vertex  8.727845e+00  1.966220e+01  1.200000e+01
     vertex  9.861323e+00  1.826231e+01  1.200000e+01
     vertex  9.896382e+00  1.829307e+01  1.200000e+01
   endloop
 endfacet
 facet normal  0.000000e+00  0.000000e+00  1.000000e+00
   outer loop
     vertex  8.727845e+00  1.966220e+01  1.200000e+01
     vertex  8.655665e+00  1.959886e+01  1.200000e+01
     vertex  9.861323e+00  1.826231e+01  1.200000e+01
   endloop
 endfacet
 facet normal  0.000000e+00  0.000000e+00  1.000000e+00
   outer loop
     vertex  1.370839e+01  1.478311e+01  1.200000e+01
     vertex  1.231550e+01  1.592322e+01  1.200000e+01
     vertex  1.228547e+01  1.588754e+01  1.200000e+01
   endloop
 endfacet
 facet normal  0.000000e+00  0.000000e+00  1.000000e+00
   outer loop
     vertex  1.370839e+01  1.478311e+01  1.200000e+01
     vertex  1.228547e+01  1.588754e+01  1.200000e+01
     vertex  1.364655e+01  1.470964e+01  1.200000e+01
   endloop
 endfacet
 facet normal  0.000000e+00  0.000000e+00  1.000000e+00
   outer loop
     vertex  8.801735e+00  1.972353e+01  1.200000e+01
     vertex  9.932271e+00  1.832286e+01  1.200000e+01
     vertex  9.968964e+00  1.835165e+01  1.200000e+01
   endloop
 endfacet
 facet normal  0.000000e+00  0.000000e+00  1.000000e+00
   outer loop
     vertex  8.801735e+00  1.972353e+01  1.200000e+01
     vertex  9.896382e+00  1.829307e+01  1.200000e+01
     vertex  9.932271e+00  1.832286e+01  1.200000e+01
   endloop
 endfacet
 facet normal  0.000000e+00  0.000000e+00  1.000000e+00
   outer loop
     vertex  8.801735e+00  1.972353e+01  1.200000e+01
     vertex  8.727845e+00  1.966220e+01  1.200000e+01
     vertex  9.896382e+00  1.829307e+01  1.200000e+01
   endloop
 endfacet
 facet normal  0.000000e+00  0.000000e+00  1.000000e+00
   outer loop
     vertex  1.376819e+01  1.485824e+01  1.200000e+01
     vertex  1.234455e+01  1.595972e+01  1.200000e+01
     vertex  1.231550e+01  1.592322e+01  1.200000e+01
   endloop
 endfacet
 facet normal  0.000000e+00  0.000000e+00  1.000000e+00
   outer loop
     vertex  1.376819e+01  1.485824e+01  1.200000e+01
     vertex  1.231550e+01  1.592322e+01  1.200000e+01
     vertex  1.370839e+01  1.478311e+01  1.200000e+01
   endloop
 endfacet
 facet normal  0.000000e+00  0.000000e+00  1.000000e+00
   outer loop
     vertex  8.877280e+00  1.978281e+01  1.200000e+01
     vertex  9.968964e+00  1.835165e+01  1.200000e+01
     vertex  1.000643e+01  1.837943e+01  1.200000e+01
   endloop
 endfacet
 facet normal  0.000000e+00  0.000000e+00  1.000000e+00
   outer loop
     vertex  8.877280e+00  1.978281e+01  1.200000e+01
     vertex  8.801735e+00  1.972353e+01  1.200000e+01
     vertex  9.968964e+00  1.835165e+01  1.200000e+01
   endloop
 endfacet
 facet normal  0.000000e+00  0.000000e+00  1.000000e+00
   outer loop
     vertex  1.382590e+01  1.493499e+01  1.200000e+01
     vertex  1.237258e+01  1.599700e+01  1.200000e+01
     vertex  1.234455e+01  1.595972e+01  1.200000e+01
   endloop
 endfacet
 facet normal  0.000000e+00  0.000000e+00  1.000000e+00
   outer loop
     vertex  1.382590e+01  1.493499e+01  1.200000e+01
     vertex  1.234455e+01  1.595972e+01  1.200000e+01
     vertex  1.376819e+01  1.485824e+01  1.200000e+01
   endloop
 endfacet
 facet normal  0.000000e+00  0.000000e+00  1.000000e+00
   outer loop
     vertex  8.954423e+00  1.984000e+01  1.200000e+01
     vertex  8.877280e+00  1.978281e+01  1.200000e+01
     vertex  1.000643e+01  1.837943e+01  1.200000e+01
   endloop
 endfacet
 facet normal  0.000000e+00  0.000000e+00  1.000000e+00
   outer loop
     vertex  1.388149e+01  1.501329e+01  1.200000e+01
     vertex  1.239958e+01  1.603503e+01  1.200000e+01
     vertex  1.237258e+01  1.599700e+01  1.200000e+01
   endloop
 endfacet
 facet normal  0.000000e+00  0.000000e+00  1.000000e+00
   outer loop
     vertex  1.388149e+01  1.501329e+01  1.200000e+01
     vertex  1.237258e+01  1.599700e+01  1.200000e+01
     vertex  1.382590e+01  1.493499e+01  1.200000e+01
   endloop
 endfacet
 facet normal  0.000000e+00  0.000000e+00  1.000000e+00
   outer loop
     vertex  9.033105e+00  1.989505e+01  1.200000e+01
     vertex  1.000643e+01  1.837943e+01  1.200000e+01
     vertex  1.004465e+01  1.840617e+01  1.200000e+01
   endloop
 endfacet
 facet normal  0.000000e+00  0.000000e+00  1.000000e+00
   outer loop
     vertex  9.033105e+00  1.989505e+01  1.200000e+01
     vertex  8.954423e+00  1.984000e+01  1.200000e+01
     vertex  1.000643e+01  1.837943e+01  1.200000e+01
   endloop
 endfacet
 facet normal  0.000000e+00  0.000000e+00  1.000000e+00
   outer loop
     vertex  1.393491e+01  1.509309e+01  1.200000e+01
     vertex  1.242553e+01  1.607379e+01  1.200000e+01
     vertex  1.239958e+01  1.603503e+01  1.200000e+01
   endloop
 endfacet
 facet normal  0.000000e+00  0.000000e+00  1.000000e+00
   outer loop
     vertex  1.393491e+01  1.509309e+01  1.200000e+01
     vertex  1.239958e+01  1.603503e+01  1.200000e+01
     vertex  1.388149e+01  1.501329e+01  1.200000e+01
   endloop
 endfacet
 facet normal  0.000000e+00  0.000000e+00  1.000000e+00
   outer loop
     vertex  9.113269e+00  1.994792e+01  1.200000e+01
     vertex  1.004465e+01  1.840617e+01  1.200000e+01
     vertex  1.008359e+01  1.843185e+01  1.200000e+01
   endloop
 endfacet
 facet normal  0.000000e+00  0.000000e+00  1.000000e+00
   outer loop
     vertex  9.113269e+00  1.994792e+01  1.200000e+01
     vertex  9.033105e+00  1.989505e+01  1.200000e+01
     vertex  1.004465e+01  1.840617e+01  1.200000e+01
   endloop
 endfacet
 facet normal  0.000000e+00  0.000000e+00  1.000000e+00
   outer loop
     vertex  1.398612e+01  1.517433e+01  1.200000e+01
     vertex  1.245040e+01  1.611324e+01  1.200000e+01
     vertex  1.242553e+01  1.607379e+01  1.200000e+01
   endloop
 endfacet
 facet normal  0.000000e+00  0.000000e+00  1.000000e+00
   outer loop
     vertex  1.398612e+01  1.517433e+01  1.200000e+01
     vertex  1.242553e+01  1.607379e+01  1.200000e+01
     vertex  1.393491e+01  1.509309e+01  1.200000e+01
   endloop
 endfacet
 facet normal  0.000000e+00  0.000000e+00  1.000000e+00
   outer loop
     vertex  9.194852e+00  1.999857e+01  1.200000e+01
     vertex  1.012321e+01  1.845645e+01  1.200000e+01
     vertex  1.016350e+01  1.847996e+01  1.200000e+01
   endloop
 endfacet
 facet normal  0.000000e+00  0.000000e+00  1.000000e+00
   outer loop
     vertex  9.194852e+00  1.999857e+01  1.200000e+01
     vertex  1.008359e+01  1.843185e+01  1.200000e+01
     vertex  1.012321e+01  1.845645e+01  1.200000e+01
   endloop
 endfacet
 facet normal  0.000000e+00  0.000000e+00  1.000000e+00
   outer loop
     vertex  9.194852e+00  1.999857e+01  1.200000e+01
     vertex  9.113269e+00  1.994792e+01  1.200000e+01
     vertex  1.008359e+01  1.843185e+01  1.200000e+01
   endloop
 endfacet
 facet normal  0.000000e+00  0.000000e+00  1.000000e+00
   outer loop
     vertex  1.403508e+01  1.525694e+01  1.200000e+01
     vertex  1.247418e+01  1.615337e+01  1.200000e+01
     vertex  1.245040e+01  1.611324e+01  1.200000e+01
   endloop
 endfacet
 facet normal  0.000000e+00  0.000000e+00  1.000000e+00
   outer loop
     vertex  1.403508e+01  1.525694e+01  1.200000e+01
     vertex  1.249685e+01  1.619413e+01  1.200000e+01
     vertex  1.247418e+01  1.615337e+01  1.200000e+01
   endloop
 endfacet
 facet normal  0.000000e+00  0.000000e+00  1.000000e+00
   outer loop
     vertex  1.403508e+01  1.525694e+01  1.200000e+01
     vertex  1.245040e+01  1.611324e+01  1.200000e+01
     vertex  1.398612e+01  1.517433e+01  1.200000e+01
   endloop
 endfacet
 facet normal  0.000000e+00  0.000000e+00  1.000000e+00
   outer loop
     vertex  9.277795e+00  2.004697e+01  1.200000e+01
     vertex  9.194852e+00  1.999857e+01  1.200000e+01
     vertex  1.016350e+01  1.847996e+01  1.200000e+01
   endloop
 endfacet
 facet normal  0.000000e+00  0.000000e+00  1.000000e+00
   outer loop
     vertex  1.408176e+01  1.534086e+01  1.200000e+01
     vertex  1.249685e+01  1.619413e+01  1.200000e+01
     vertex  1.403508e+01  1.525694e+01  1.200000e+01
   endloop
 endfacet
 facet normal  0.000000e+00  0.000000e+00  1.000000e+00
   outer loop
     vertex  9.362033e+00  2.009307e+01  1.200000e+01
     vertex  1.016350e+01  1.847996e+01  1.200000e+01
     vertex  1.020442e+01  1.850235e+01  1.200000e+01
   endloop
 endfacet
 facet normal  0.000000e+00  0.000000e+00  1.000000e+00
   outer loop
     vertex  9.362033e+00  2.009307e+01  1.200000e+01
     vertex  9.277795e+00  2.004697e+01  1.200000e+01
     vertex  1.016350e+01  1.847996e+01  1.200000e+01
   endloop
 endfacet
 facet normal  0.000000e+00  0.000000e+00  1.000000e+00
   outer loop
     vertex  1.412612e+01  1.542603e+01  1.200000e+01
     vertex  1.249685e+01  1.619413e+01  1.200000e+01
     vertex  1.408176e+01  1.534086e+01  1.200000e+01
   endloop
 endfacet
 facet normal  0.000000e+00  0.000000e+00  1.000000e+00
   outer loop
     vertex  1.412612e+01  1.542603e+01  1.200000e+01
     vertex  1.251840e+01  1.623550e+01  1.200000e+01
     vertex  1.249685e+01  1.619413e+01  1.200000e+01
   endloop
 endfacet
 facet normal  0.000000e+00  0.000000e+00  1.000000e+00
   outer loop
     vertex  1.412612e+01  1.542603e+01  1.200000e+01
     vertex  1.253880e+01  1.627744e+01  1.200000e+01
     vertex  1.251840e+01  1.623550e+01  1.200000e+01
   endloop
 endfacet
 facet normal  0.000000e+00  0.000000e+00  1.000000e+00
   outer loop
     vertex  9.447505e+00  2.013684e+01  1.200000e+01
     vertex  1.024593e+01  1.852361e+01  1.200000e+01
     vertex  1.028801e+01  1.854372e+01  1.200000e+01
   endloop
 endfacet
 facet normal  0.000000e+00  0.000000e+00  1.000000e+00
   outer loop
     vertex  9.447505e+00  2.013684e+01  1.200000e+01
     vertex  1.020442e+01  1.850235e+01  1.200000e+01
     vertex  1.024593e+01  1.852361e+01  1.200000e+01
   endloop
 endfacet
 facet normal  0.000000e+00  0.000000e+00  1.000000e+00
   outer loop
     vertex  9.447505e+00  2.013684e+01  1.200000e+01
     vertex  9.362033e+00  2.009307e+01  1.200000e+01
     vertex  1.020442e+01  1.850235e+01  1.200000e+01
   endloop
 endfacet
 facet normal  0.000000e+00  0.000000e+00  1.000000e+00
   outer loop
     vertex  1.416812e+01  1.551238e+01  1.200000e+01
     vertex  1.253880e+01  1.627744e+01  1.200000e+01
     vertex  1.412612e+01  1.542603e+01  1.200000e+01
   endloop
 endfacet
 facet normal  0.000000e+00  0.000000e+00  1.000000e+00
   outer loop
     vertex  9.534146e+00  2.017825e+01  1.200000e+01
     vertex  9.447505e+00  2.013684e+01  1.200000e+01
     vertex  1.028801e+01  1.854372e+01  1.200000e+01
   endloop
 endfacet
 facet normal  0.000000e+00  0.000000e+00  1.000000e+00
   outer loop
     vertex  1.420774e+01  1.559985e+01  1.200000e+01
     vertex  1.255804e+01  1.631993e+01  1.200000e+01
     vertex  1.253880e+01  1.627744e+01  1.200000e+01
   endloop
 endfacet
 facet normal  0.000000e+00  0.000000e+00  1.000000e+00
   outer loop
     vertex  1.420774e+01  1.559985e+01  1.200000e+01
     vertex  1.253880e+01  1.627744e+01  1.200000e+01
     vertex  1.416812e+01  1.551238e+01  1.200000e+01
   endloop
 endfacet
 facet normal  0.000000e+00  0.000000e+00  1.000000e+00
   outer loop
     vertex  9.621890e+00  2.021727e+01  1.200000e+01
     vertex  9.534146e+00  2.017825e+01  1.200000e+01
     vertex  1.028801e+01  1.854372e+01  1.200000e+01
   endloop
 endfacet
 facet normal  0.000000e+00  0.000000e+00  1.000000e+00
   outer loop
     vertex  9.621890e+00  2.021727e+01  1.200000e+01
     vertex  1.028801e+01  1.854372e+01  1.200000e+01
     vertex  1.033063e+01  1.856267e+01  1.200000e+01
   endloop
 endfacet
 facet normal  0.000000e+00  0.000000e+00  1.000000e+00
   outer loop
     vertex  1.424494e+01  1.568838e+01  1.200000e+01
     vertex  1.257612e+01  1.636293e+01  1.200000e+01
     vertex  1.255804e+01  1.631993e+01  1.200000e+01
   endloop
 endfacet
 facet normal  0.000000e+00  0.000000e+00  1.000000e+00
   outer loop
     vertex  1.424494e+01  1.568838e+01  1.200000e+01
     vertex  1.259300e+01  1.640641e+01  1.200000e+01
     vertex  1.257612e+01  1.636293e+01  1.200000e+01
   endloop
 endfacet
 facet normal  0.000000e+00  0.000000e+00  1.000000e+00
   outer loop
     vertex  1.424494e+01  1.568838e+01  1.200000e+01
     vertex  1.255804e+01  1.631993e+01  1.200000e+01
     vertex  1.420774e+01  1.559985e+01  1.200000e+01
   endloop
 endfacet
 facet normal  0.000000e+00  0.000000e+00  1.000000e+00
   outer loop
     vertex  9.710671e+00  2.025386e+01  1.200000e+01
     vertex  9.621890e+00  2.021727e+01  1.200000e+01
     vertex  1.033063e+01  1.856267e+01  1.200000e+01
   endloop
 endfacet
 facet normal  0.000000e+00  0.000000e+00  1.000000e+00
   outer loop
     vertex  9.710671e+00  2.025386e+01  1.200000e+01
     vertex  1.033063e+01  1.856267e+01  1.200000e+01
     vertex  1.037375e+01  1.858045e+01  1.200000e+01
   endloop
 endfacet
 facet normal  0.000000e+00  0.000000e+00  1.000000e+00
   outer loop
     vertex  1.427971e+01  1.577790e+01  1.200000e+01
     vertex  1.259300e+01  1.640641e+01  1.200000e+01
     vertex  1.424494e+01  1.568838e+01  1.200000e+01
   endloop
 endfacet
 facet normal  0.000000e+00  0.000000e+00  1.000000e+00
   outer loop
     vertex  9.800423e+00  2.028801e+01  1.200000e+01
     vertex  9.710671e+00  2.025386e+01  1.200000e+01
     vertex  1.037375e+01  1.858045e+01  1.200000e+01
   endloop
 endfacet
 facet normal  0.000000e+00  0.000000e+00  1.000000e+00
   outer loop
     vertex  9.800423e+00  2.028801e+01  1.200000e+01
     vertex  1.037375e+01  1.858045e+01  1.200000e+01
     vertex  1.041735e+01  1.859703e+01  1.200000e+01
   endloop
 endfacet
 facet normal  0.000000e+00  0.000000e+00  1.000000e+00
   outer loop
     vertex  1.431200e+01  1.586833e+01  1.200000e+01
     vertex  1.259300e+01  1.640641e+01  1.200000e+01
     vertex  1.427971e+01  1.577790e+01  1.200000e+01
   endloop
 endfacet
 facet normal  0.000000e+00  0.000000e+00  1.000000e+00
   outer loop
     vertex  1.431200e+01  1.586833e+01  1.200000e+01
     vertex  1.260868e+01  1.645033e+01  1.200000e+01
     vertex  1.259300e+01  1.640641e+01  1.200000e+01
   endloop
 endfacet
 facet normal  0.000000e+00  0.000000e+00  1.000000e+00
   outer loop
     vertex  9.891078e+00  2.031968e+01  1.200000e+01
     vertex  9.800423e+00  2.028801e+01  1.200000e+01
     vertex  1.041735e+01  1.859703e+01  1.200000e+01
   endloop
 endfacet
 facet normal  0.000000e+00  0.000000e+00  1.000000e+00
   outer loop
     vertex  9.891078e+00  2.031968e+01  1.200000e+01
     vertex  1.046138e+01  1.861242e+01  1.200000e+01
     vertex  1.050582e+01  1.862659e+01  1.200000e+01
   endloop
 endfacet
 facet normal  0.000000e+00  0.000000e+00  1.000000e+00
   outer loop
     vertex  9.891078e+00  2.031968e+01  1.200000e+01
     vertex  1.041735e+01  1.859703e+01  1.200000e+01
     vertex  1.046138e+01  1.861242e+01  1.200000e+01
   endloop
 endfacet
 facet normal  0.000000e+00  0.000000e+00  1.000000e+00
   outer loop
     vertex  1.434180e+01  1.595962e+01  1.200000e+01
     vertex  1.260868e+01  1.645033e+01  1.200000e+01
     vertex  1.431200e+01  1.586833e+01  1.200000e+01
   endloop
 endfacet
 facet normal  0.000000e+00  0.000000e+00  1.000000e+00
   outer loop
     vertex  1.434180e+01  1.595962e+01  1.200000e+01
     vertex  1.262316e+01  1.649467e+01  1.200000e+01
     vertex  1.260868e+01  1.645033e+01  1.200000e+01
   endloop
 endfacet
 facet normal  0.000000e+00  0.000000e+00  1.000000e+00
   outer loop
     vertex  9.982568e+00  2.034886e+01  1.200000e+01
     vertex  9.891078e+00  2.031968e+01  1.200000e+01
     vertex  1.050582e+01  1.862659e+01  1.200000e+01
   endloop
 endfacet
 facet normal  0.000000e+00  0.000000e+00  1.000000e+00
   outer loop
     vertex  1.436908e+01  1.605169e+01  1.200000e+01
     vertex  1.262316e+01  1.649467e+01  1.200000e+01
     vertex  1.434180e+01  1.595962e+01  1.200000e+01
   endloop
 endfacet
 facet normal  0.000000e+00  0.000000e+00  1.000000e+00
   outer loop
     vertex  1.436908e+01  1.605169e+01  1.200000e+01
     vertex  1.263641e+01  1.653939e+01  1.200000e+01
     vertex  1.262316e+01  1.649467e+01  1.200000e+01
   endloop
 endfacet
 facet normal  0.000000e+00  0.000000e+00  1.000000e+00
   outer loop
     vertex  1.007482e+01  2.037551e+01  1.200000e+01
     vertex  9.982568e+00  2.034886e+01  1.200000e+01
     vertex  1.050582e+01  1.862659e+01  1.200000e+01
   endloop
 endfacet
 facet normal  0.000000e+00  0.000000e+00  1.000000e+00
   outer loop
     vertex  1.007482e+01  2.037551e+01  1.200000e+01
     vertex  1.055063e+01  1.863953e+01  1.200000e+01
     vertex  1.059578e+01  1.865124e+01  1.200000e+01
   endloop
 endfacet
 facet normal  0.000000e+00  0.000000e+00  1.000000e+00
   outer loop
     vertex  1.007482e+01  2.037551e+01  1.200000e+01
     vertex  1.050582e+01  1.862659e+01  1.200000e+01
     vertex  1.055063e+01  1.863953e+01  1.200000e+01
   endloop
 endfacet
 facet normal  0.000000e+00  0.000000e+00  1.000000e+00
   outer loop
     vertex  1.439383e+01  1.614448e+01  1.200000e+01
     vertex  1.264843e+01  1.658446e+01  1.200000e+01
     vertex  1.263641e+01  1.653939e+01  1.200000e+01
   endloop
 endfacet
 facet normal  0.000000e+00  0.000000e+00  1.000000e+00
   outer loop
     vertex  1.439383e+01  1.614448e+01  1.200000e+01
     vertex  1.263641e+01  1.653939e+01  1.200000e+01
     vertex  1.436908e+01  1.605169e+01  1.200000e+01
   endloop
 endfacet
 facet normal  0.000000e+00  0.000000e+00  1.000000e+00
   outer loop
     vertex  1.016778e+01  2.039962e+01  1.200000e+01
     vertex  1.007482e+01  2.037551e+01  1.200000e+01
     vertex  1.059578e+01  1.865124e+01  1.200000e+01
   endloop
 endfacet
 facet normal  0.000000e+00  0.000000e+00  1.000000e+00
   outer loop
     vertex  1.441602e+01  1.623790e+01  1.200000e+01
     vertex  1.264843e+01  1.658446e+01  1.200000e+01
     vertex  1.439383e+01  1.614448e+01  1.200000e+01
   endloop
 endfacet
 facet normal  0.000000e+00  0.000000e+00  1.000000e+00
   outer loop
     vertex  1.441602e+01  1.623790e+01  1.200000e+01
     vertex  1.265921e+01  1.662984e+01  1.200000e+01
     vertex  1.264843e+01  1.658446e+01  1.200000e+01
   endloop
 endfacet
 facet normal  0.000000e+00  0.000000e+00  1.000000e+00
   outer loop
     vertex  1.026135e+01  2.042117e+01  1.200000e+01
     vertex  1.016778e+01  2.039962e+01  1.200000e+01
     vertex  1.059578e+01  1.865124e+01  1.200000e+01
   endloop
 endfacet
 facet normal  0.000000e+00  0.000000e+00  1.000000e+00
   outer loop
     vertex  1.026135e+01  2.042117e+01  1.200000e+01
     vertex  1.064123e+01  1.866171e+01  1.200000e+01
     vertex  1.068695e+01  1.867093e+01  1.200000e+01
   endloop
 endfacet
 facet normal  0.000000e+00  0.000000e+00  1.000000e+00
   outer loop
     vertex  1.026135e+01  2.042117e+01  1.200000e+01
     vertex  1.059578e+01  1.865124e+01  1.200000e+01
     vertex  1.064123e+01  1.866171e+01  1.200000e+01
   endloop
 endfacet
 facet normal  0.000000e+00  0.000000e+00  1.000000e+00
   outer loop
     vertex  1.443564e+01  1.633191e+01  1.200000e+01
     vertex  1.266874e+01  1.667550e+01  1.200000e+01
     vertex  1.265921e+01  1.662984e+01  1.200000e+01
   endloop
 endfacet
 facet normal  0.000000e+00  0.000000e+00  1.000000e+00
   outer loop
     vertex  1.443564e+01  1.633191e+01  1.200000e+01
     vertex  1.265921e+01  1.662984e+01  1.200000e+01
     vertex  1.441602e+01  1.623790e+01  1.200000e+01
   endloop
 endfacet
 facet normal  0.000000e+00  0.000000e+00  1.000000e+00
   outer loop
     vertex  1.035549e+01  2.044015e+01  1.200000e+01
     vertex  1.026135e+01  2.042117e+01  1.200000e+01
     vertex  1.068695e+01  1.867093e+01  1.200000e+01
   endloop
 endfacet
 facet normal  0.000000e+00  0.000000e+00  1.000000e+00
   outer loop
     vertex  1.445268e+01  1.642641e+01  1.200000e+01
     vertex  1.266874e+01  1.667550e+01  1.200000e+01
     vertex  1.443564e+01  1.633191e+01  1.200000e+01
   endloop
 endfacet
 facet normal  0.000000e+00  0.000000e+00  1.000000e+00
   outer loop
     vertex  1.445268e+01  1.642641e+01  1.200000e+01
     vertex  1.267702e+01  1.672140e+01  1.200000e+01
     vertex  1.266874e+01  1.667550e+01  1.200000e+01
   endloop
 endfacet
 facet normal  0.000000e+00  0.000000e+00  1.000000e+00
   outer loop
     vertex  1.445268e+01  1.642641e+01  1.200000e+01
     vertex  1.268403e+01  1.676751e+01  1.200000e+01
     vertex  1.267702e+01  1.672140e+01  1.200000e+01
   endloop
 endfacet
 facet normal  0.000000e+00  0.000000e+00  1.000000e+00
   outer loop
     vertex  1.045011e+01  2.045653e+01  1.200000e+01
     vertex  1.035549e+01  2.044015e+01  1.200000e+01
     vertex  1.068695e+01  1.867093e+01  1.200000e+01
   endloop
 endfacet
 facet normal  0.000000e+00  0.000000e+00  1.000000e+00
   outer loop
     vertex  1.045011e+01  2.045653e+01  1.200000e+01
     vertex  1.068695e+01  1.867093e+01  1.200000e+01
     vertex  1.073291e+01  1.867889e+01  1.200000e+01
   endloop
 endfacet
 facet normal  0.000000e+00  0.000000e+00  1.000000e+00
   outer loop
     vertex  1.446712e+01  1.652135e+01  1.200000e+01
     vertex  1.268403e+01  1.676751e+01  1.200000e+01
     vertex  1.445268e+01  1.642641e+01  1.200000e+01
   endloop
 endfacet
 facet normal  0.000000e+00  0.000000e+00  1.000000e+00
   outer loop
     vertex  1.054514e+01  2.047032e+01  1.200000e+01
     vertex  1.045011e+01  2.045653e+01  1.200000e+01
     vertex  1.073291e+01  1.867889e+01  1.200000e+01
   endloop
 endfacet
 facet normal  0.000000e+00  0.000000e+00  1.000000e+00
   outer loop
     vertex  1.054514e+01  2.047032e+01  1.200000e+01
     vertex  1.073291e+01  1.867889e+01  1.200000e+01
     vertex  1.077907e+01  1.868558e+01  1.200000e+01
   endloop
 endfacet
 facet normal  0.000000e+00  0.000000e+00  1.000000e+00
   outer loop
     vertex  1.447894e+01  1.661665e+01  1.200000e+01
     vertex  1.268403e+01  1.676751e+01  1.200000e+01
     vertex  1.446712e+01  1.652135e+01  1.200000e+01
   endloop
 endfacet
 facet normal  0.000000e+00  0.000000e+00  1.000000e+00
   outer loop
     vertex  1.447894e+01  1.661665e+01  1.200000e+01
     vertex  1.268977e+01  1.681380e+01  1.200000e+01
     vertex  1.268403e+01  1.676751e+01  1.200000e+01
   endloop
 endfacet
 facet normal  0.000000e+00  0.000000e+00  1.000000e+00
   outer loop
     vertex  1.064052e+01  2.048149e+01  1.200000e+01
     vertex  1.054514e+01  2.047032e+01  1.200000e+01
     vertex  1.077907e+01  1.868558e+01  1.200000e+01
   endloop
 endfacet
 facet normal  0.000000e+00  0.000000e+00  1.000000e+00
   outer loop
     vertex  1.064052e+01  2.048149e+01  1.200000e+01
     vertex  1.077907e+01  1.868558e+01  1.200000e+01
     vertex  1.082539e+01  1.869101e+01  1.200000e+01
   endloop
 endfacet
 facet normal  0.000000e+00  0.000000e+00  1.000000e+00
   outer loop
     vertex  1.448815e+01  1.671223e+01  1.200000e+01
     vertex  1.268977e+01  1.681380e+01  1.200000e+01
     vertex  1.447894e+01  1.661665e+01  1.200000e+01
   endloop
 endfacet
 facet normal  0.000000e+00  0.000000e+00  1.000000e+00
   outer loop
     vertex  1.448815e+01  1.671223e+01  1.200000e+01
     vertex  1.269424e+01  1.686023e+01  1.200000e+01
     vertex  1.268977e+01  1.681380e+01  1.200000e+01
   endloop
 endfacet
 facet normal  0.000000e+00  0.000000e+00  1.000000e+00
   outer loop
     vertex  1.073616e+01  2.049004e+01  1.200000e+01
     vertex  1.064052e+01  2.048149e+01  1.200000e+01
     vertex  1.082539e+01  1.869101e+01  1.200000e+01
   endloop
 endfacet
 facet normal  0.000000e+00  0.000000e+00  1.000000e+00
   outer loop
     vertex  1.073616e+01  2.049004e+01  1.200000e+01
     vertex  1.087185e+01  1.869516e+01  1.200000e+01
     vertex  1.091840e+01  1.869804e+01  1.200000e+01
   endloop
 endfacet
 facet normal  0.000000e+00  0.000000e+00  1.000000e+00
   outer loop
     vertex  1.073616e+01  2.049004e+01  1.200000e+01
     vertex  1.082539e+01  1.869101e+01  1.200000e+01
     vertex  1.087185e+01  1.869516e+01  1.200000e+01
   endloop
 endfacet
 facet normal  0.000000e+00  0.000000e+00  1.000000e+00
   outer loop
     vertex  1.449473e+01  1.680803e+01  1.200000e+01
     vertex  1.269744e+01  1.690676e+01  1.200000e+01
     vertex  1.269424e+01  1.686023e+01  1.200000e+01
   endloop
 endfacet
 facet normal  0.000000e+00  0.000000e+00  1.000000e+00
   outer loop
     vertex  1.449473e+01  1.680803e+01  1.200000e+01
     vertex  1.269936e+01  1.695336e+01  1.200000e+01
     vertex  1.269744e+01  1.690676e+01  1.200000e+01
   endloop
 endfacet
 facet normal  0.000000e+00  0.000000e+00  1.000000e+00
   outer loop
     vertex  1.449473e+01  1.680803e+01  1.200000e+01
     vertex  1.269424e+01  1.686023e+01  1.200000e+01
     vertex  1.448815e+01  1.671223e+01  1.200000e+01
   endloop
 endfacet
 facet normal  0.000000e+00  0.000000e+00  1.000000e+00
   outer loop
     vertex  1.083201e+01  2.049597e+01  1.200000e+01
     vertex  1.073616e+01  2.049004e+01  1.200000e+01
     vertex  1.091840e+01  1.869804e+01  1.200000e+01
   endloop
 endfacet
 facet normal  0.000000e+00  0.000000e+00  1.000000e+00
   outer loop
     vertex  1.449868e+01  1.690398e+01  1.200000e+01
     vertex  1.269936e+01  1.695336e+01  1.200000e+01
     vertex  1.449473e+01  1.680803e+01  1.200000e+01
   endloop
 endfacet
 facet normal  0.000000e+00  0.000000e+00  1.000000e+00
   outer loop
     vertex  1.092798e+01  2.049926e+01  1.200000e+01
     vertex  1.083201e+01  2.049597e+01  1.200000e+01
     vertex  1.091840e+01  1.869804e+01  1.200000e+01
   endloop
 endfacet
 facet normal  0.000000e+00  0.000000e+00  1.000000e+00
   outer loop
     vertex  1.092798e+01  2.049926e+01  1.200000e+01
     vertex  1.091840e+01  1.869804e+01  1.200000e+01
     vertex  1.096502e+01  1.869964e+01  1.200000e+01
   endloop
 endfacet
 facet normal  0.000000e+00  0.000000e+00  1.000000e+00
   outer loop
     vertex  1.450000e+01  1.700000e+01  1.200000e+01
     vertex  1.269936e+01  1.695336e+01  1.200000e+01
     vertex  1.449868e+01  1.690398e+01  1.200000e+01
   endloop
 endfacet
 facet normal  0.000000e+00  0.000000e+00  1.000000e+00
   outer loop
     vertex  1.450000e+01  1.700000e+01  1.200000e+01
     vertex  1.270000e+01  1.700000e+01  1.200000e+01
     vertex  1.269936e+01  1.695336e+01  1.200000e+01
   endloop
 endfacet
 facet normal  0.000000e+00  0.000000e+00  1.000000e+00
   outer loop
     vertex  1.102401e+01  2.049992e+01  1.200000e+01
     vertex  1.092798e+01  2.049926e+01  1.200000e+01
     vertex  1.096502e+01  1.869964e+01  1.200000e+01
   endloop
 endfacet
 facet normal  0.000000e+00  0.000000e+00  1.000000e+00
   outer loop
     vertex  1.102401e+01  2.049992e+01  1.200000e+01
     vertex  1.096502e+01  1.869964e+01  1.200000e+01
     vertex  1.101166e+01  1.869996e+01  1.200000e+01
   endloop
 endfacet
 facet normal  0.000000e+00  0.000000e+00  1.000000e+00
   outer loop
     vertex  1.449868e+01  1.709602e+01  1.200000e+01
     vertex  1.269936e+01  1.704664e+01  1.200000e+01
     vertex  1.270000e+01  1.700000e+01  1.200000e+01
   endloop
 endfacet
 facet normal  0.000000e+00  0.000000e+00  1.000000e+00
   outer loop
     vertex  1.449868e+01  1.709602e+01  1.200000e+01
     vertex  1.270000e+01  1.700000e+01  1.200000e+01
     vertex  1.450000e+01  1.700000e+01  1.200000e+01
   endloop
 endfacet
 facet normal  0.000000e+00  0.000000e+00  1.000000e+00
   outer loop
     vertex  1.112002e+01  2.049794e+01  1.200000e+01
     vertex  1.102401e+01  2.049992e+01  1.200000e+01
     vertex  1.101166e+01  1.869996e+01  1.200000e+01
   endloop
 endfacet
 facet normal  0.000000e+00  0.000000e+00  1.000000e+00
   outer loop
     vertex  1.112002e+01  2.049794e+01  1.200000e+01
     vertex  1.101166e+01  1.869996e+01  1.200000e+01
     vertex  1.105829e+01  1.869900e+01  1.200000e+01
   endloop
 endfacet
 facet normal  0.000000e+00  0.000000e+00  1.000000e+00
   outer loop
     vertex  1.449473e+01  1.719197e+01  1.200000e+01
     vertex  1.269744e+01  1.709324e+01  1.200000e+01
     vertex  1.269936e+01  1.704664e+01  1.200000e+01
   endloop
 endfacet
 facet normal  0.000000e+00  0.000000e+00  1.000000e+00
   outer loop
     vertex  1.449473e+01  1.719197e+01  1.200000e+01
     vertex  1.269424e+01  1.713977e+01  1.200000e+01
     vertex  1.269744e+01  1.709324e+01  1.200000e+01
   endloop
 endfacet
 facet normal  0.000000e+00  0.000000e+00  1.000000e+00
   outer loop
     vertex  1.449473e+01  1.719197e+01  1.200000e+01
     vertex  1.269936e+01  1.704664e+01  1.200000e+01
     vertex  1.449868e+01  1.709602e+01  1.200000e+01
   endloop
 endfacet
 facet normal  0.000000e+00  0.000000e+00  1.000000e+00
   outer loop
     vertex  1.121593e+01  2.049333e+01  1.200000e+01
     vertex  1.112002e+01  2.049794e+01  1.200000e+01
     vertex  1.105829e+01  1.869900e+01  1.200000e+01
   endloop
 endfacet
 facet normal  0.000000e+00  0.000000e+00  1.000000e+00
   outer loop
     vertex  1.121593e+01  2.049333e+01  1.200000e+01
     vertex  1.105829e+01  1.869900e+01  1.200000e+01
     vertex  1.110488e+01  1.869676e+01  1.200000e+01
   endloop
 endfacet
 facet normal  0.000000e+00  0.000000e+00  1.000000e+00
   outer loop
     vertex  1.448815e+01  1.728777e+01  1.200000e+01
     vertex  1.269424e+01  1.713977e+01  1.200000e+01
     vertex  1.449473e+01  1.719197e+01  1.200000e+01
   endloop
 endfacet
 facet normal  0.000000e+00  0.000000e+00  1.000000e+00
   outer loop
     vertex  1.131169e+01  2.048609e+01  1.200000e+01
     vertex  1.121593e+01  2.049333e+01  1.200000e+01
     vertex  1.110488e+01  1.869676e+01  1.200000e+01
   endloop
 endfacet
 facet normal  0.000000e+00  0.000000e+00  1.000000e+00
   outer loop
     vertex  1.131169e+01  2.048609e+01  1.200000e+01
     vertex  1.115139e+01  1.869325e+01  1.200000e+01
     vertex  1.119779e+01  1.868846e+01  1.200000e+01
   endloop
 endfacet
 facet normal  0.000000e+00  0.000000e+00  1.000000e+00
   outer loop
     vertex  1.131169e+01  2.048609e+01  1.200000e+01
     vertex  1.110488e+01  1.869676e+01  1.200000e+01
     vertex  1.115139e+01  1.869325e+01  1.200000e+01
   endloop
 endfacet
 facet normal  0.000000e+00  0.000000e+00  1.000000e+00
   outer loop
     vertex  1.447894e+01  1.738335e+01  1.200000e+01
     vertex  1.268977e+01  1.718620e+01  1.200000e+01
     vertex  1.269424e+01  1.713977e+01  1.200000e+01
   endloop
 endfacet
 facet normal  0.000000e+00  0.000000e+00  1.000000e+00
   outer loop
     vertex  1.447894e+01  1.738335e+01  1.200000e+01
     vertex  1.268403e+01  1.723249e+01  1.200000e+01
     vertex  1.268977e+01  1.718620e+01  1.200000e+01
   endloop
 endfacet
 facet normal  0.000000e+00  0.000000e+00  1.000000e+00
   outer loop
     vertex  1.447894e+01  1.738335e+01  1.200000e+01
     vertex  1.269424e+01  1.713977e+01  1.200000e+01
     vertex  1.448815e+01  1.728777e+01  1.200000e+01
   endloop
 endfacet
 facet normal  0.000000e+00  0.000000e+00  1.000000e+00
   outer loop
     vertex  1.140721e+01  2.047623e+01  1.200000e+01
     vertex  1.131169e+01  2.048609e+01  1.200000e+01
     vertex  1.119779e+01  1.868846e+01  1.200000e+01
   endloop
 endfacet
 facet normal  0.000000e+00  0.000000e+00  1.000000e+00
   outer loop
     vertex  1.446712e+01  1.747865e+01  1.200000e+01
     vertex  1.267702e+01  1.727860e+01  1.200000e+01
     vertex  1.268403e+01  1.723249e+01  1.200000e+01
   endloop
 endfacet
 facet normal  0.000000e+00  0.000000e+00  1.000000e+00
   outer loop
     vertex  1.446712e+01  1.747865e+01  1.200000e+01
     vertex  1.268403e+01  1.723249e+01  1.200000e+01
     vertex  1.447894e+01  1.738335e+01  1.200000e+01
   endloop
 endfacet
 facet normal  0.000000e+00  0.000000e+00  1.000000e+00
   outer loop
     vertex  1.150242e+01  2.046375e+01  1.200000e+01
     vertex  1.140721e+01  2.047623e+01  1.200000e+01
     vertex  1.119779e+01  1.868846e+01  1.200000e+01
   endloop
 endfacet
 facet normal  0.000000e+00  0.000000e+00  1.000000e+00
   outer loop
     vertex  1.150242e+01  2.046375e+01  1.200000e+01
     vertex  1.124403e+01  1.868239e+01  1.200000e+01
     vertex  1.129010e+01  1.867507e+01  1.200000e+01
   endloop
 endfacet
 facet normal  0.000000e+00  0.000000e+00  1.000000e+00
   outer loop
     vertex  1.150242e+01  2.046375e+01  1.200000e+01
     vertex  1.119779e+01  1.868846e+01  1.200000e+01
     vertex  1.124403e+01  1.868239e+01  1.200000e+01
   endloop
 endfacet
 facet normal  0.000000e+00  0.000000e+00  1.000000e+00
   outer loop
     vertex  1.445268e+01  1.757359e+01  1.200000e+01
     vertex  1.267702e+01  1.727860e+01  1.200000e+01
     vertex  1.446712e+01  1.747865e+01  1.200000e+01
   endloop
 endfacet
 facet normal  0.000000e+00  0.000000e+00  1.000000e+00
   outer loop
     vertex  1.159726e+01  2.044866e+01  1.200000e+01
     vertex  1.150242e+01  2.046375e+01  1.200000e+01
     vertex  1.129010e+01  1.867507e+01  1.200000e+01
   endloop
 endfacet
 facet normal  0.000000e+00  0.000000e+00  1.000000e+00
   outer loop
     vertex  1.159726e+01  2.044866e+01  1.200000e+01
     vertex  1.129010e+01  1.867507e+01  1.200000e+01
     vertex  1.133594e+01  1.866648e+01  1.200000e+01
   endloop
 endfacet
 facet normal  0.000000e+00  0.000000e+00  1.000000e+00
   outer loop
     vertex  1.443564e+01  1.766809e+01  1.200000e+01
     vertex  1.266874e+01  1.732450e+01  1.200000e+01
     vertex  1.267702e+01  1.727860e+01  1.200000e+01
   endloop
 endfacet
 facet normal  0.000000e+00  0.000000e+00  1.000000e+00
   outer loop
     vertex  1.443564e+01  1.766809e+01  1.200000e+01
     vertex  1.265921e+01  1.737016e+01  1.200000e+01
     vertex  1.266874e+01  1.732450e+01  1.200000e+01
   endloop
 endfacet
 facet normal  0.000000e+00  0.000000e+00  1.000000e+00
   outer loop
     vertex  1.443564e+01  1.766809e+01  1.200000e+01
     vertex  1.267702e+01  1.727860e+01  1.200000e+01
     vertex  1.445268e+01  1.757359e+01  1.200000e+01
   endloop
 endfacet
 facet normal  0.000000e+00  0.000000e+00  1.000000e+00
   outer loop
     vertex  1.169164e+01  2.043098e+01  1.200000e+01
     vertex  1.159726e+01  2.044866e+01  1.200000e+01
     vertex  1.133594e+01  1.866648e+01  1.200000e+01
   endloop
 endfacet
 facet normal  0.000000e+00  0.000000e+00  1.000000e+00
   outer loop
     vertex  1.441602e+01  1.776210e+01  1.200000e+01
     vertex  1.265921e+01  1.737016e+01  1.200000e+01
     vertex  1.443564e+01  1.766809e+01  1.200000e+01
   endloop
 endfacet
 facet normal  0.000000e+00  0.000000e+00  1.000000e+00
   outer loop
     vertex  1.178551e+01  2.041071e+01  1.200000e+01
     vertex  1.133594e+01  1.866648e+01  1.200000e+01
     vertex  1.138153e+01  1.865663e+01  1.200000e+01
   endloop
 endfacet
 facet normal  0.000000e+00  0.000000e+00  1.000000e+00
   outer loop
     vertex  1.178551e+01  2.041071e+01  1.200000e+01
     vertex  1.169164e+01  2.043098e+01  1.200000e+01
     vertex  1.133594e+01  1.866648e+01  1.200000e+01
   endloop
 endfacet
 facet normal  0.000000e+00  0.000000e+00  1.000000e+00
   outer loop
     vertex  1.439383e+01  1.785552e+01  1.200000e+01
     vertex  1.264843e+01  1.741554e+01  1.200000e+01
     vertex  1.265921e+01  1.737016e+01  1.200000e+01
   endloop
 endfacet
 facet normal  0.000000e+00  0.000000e+00  1.000000e+00
   outer loop
     vertex  1.439383e+01  1.785552e+01  1.200000e+01
     vertex  1.265921e+01  1.737016e+01  1.200000e+01
     vertex  1.441602e+01  1.776210e+01  1.200000e+01
   endloop
 endfacet
 facet normal  0.000000e+00  0.000000e+00  1.000000e+00
   outer loop
     vertex  1.187878e+01  2.038788e+01  1.200000e+01
     vertex  1.142684e+01  1.864554e+01  1.200000e+01
     vertex  1.147182e+01  1.863321e+01  1.200000e+01
   endloop
 endfacet
 facet normal  0.000000e+00  0.000000e+00  1.000000e+00
   outer loop
     vertex  1.187878e+01  2.038788e+01  1.200000e+01
     vertex  1.138153e+01  1.865663e+01  1.200000e+01
     vertex  1.142684e+01  1.864554e+01  1.200000e+01
   endloop
 endfacet
 facet normal  0.000000e+00  0.000000e+00  1.000000e+00
   outer loop
     vertex  1.187878e+01  2.038788e+01  1.200000e+01
     vertex  1.178551e+01  2.041071e+01  1.200000e+01
     vertex  1.138153e+01  1.865663e+01  1.200000e+01
   endloop
 endfacet
 facet normal  0.000000e+00  0.000000e+00  1.000000e+00
   outer loop
     vertex  1.436908e+01  1.794831e+01  1.200000e+01
     vertex  1.264843e+01  1.741554e+01  1.200000e+01
     vertex  1.439383e+01  1.785552e+01  1.200000e+01
   endloop
 endfacet
 facet normal  0.000000e+00  0.000000e+00  1.000000e+00
   outer loop
     vertex  1.436908e+01  1.794831e+01  1.200000e+01
     vertex  1.263641e+01  1.746061e+01  1.200000e+01
     vertex  1.264843e+01  1.741554e+01  1.200000e+01
   endloop
 endfacet
 facet normal  0.000000e+00  0.000000e+00  1.000000e+00
   outer loop
     vertex  1.436908e+01  1.794831e+01  1.200000e+01
     vertex  1.262316e+01  1.750533e+01  1.200000e+01
     vertex  1.263641e+01  1.746061e+01  1.200000e+01
   endloop
 endfacet
 facet normal  0.000000e+00  0.000000e+00  1.000000e+00
   outer loop
     vertex  1.197140e+01  2.036250e+01  1.200000e+01
     vertex  1.147182e+01  1.863321e+01  1.200000e+01
     vertex  1.151645e+01  1.861965e+01  1.200000e+01
   endloop
 endfacet
 facet normal  0.000000e+00  0.000000e+00  1.000000e+00
   outer loop
     vertex  1.197140e+01  2.036250e+01  1.200000e+01
     vertex  1.187878e+01  2.038788e+01  1.200000e+01
     vertex  1.147182e+01  1.863321e+01  1.200000e+01
   endloop
 endfacet
 facet normal  0.000000e+00  0.000000e+00  1.000000e+00
   outer loop
     vertex  1.434180e+01  1.804038e+01  1.200000e+01
     vertex  1.262316e+01  1.750533e+01  1.200000e+01
     vertex  1.436908e+01  1.794831e+01  1.200000e+01
   endloop
 endfacet
 facet normal  0.000000e+00  0.000000e+00  1.000000e+00
   outer loop
     vertex  1.206328e+01  2.033458e+01  1.200000e+01
     vertex  1.197140e+01  2.036250e+01  1.200000e+01
     vertex  1.151645e+01  1.861965e+01  1.200000e+01
   endloop
 endfacet
 facet normal  0.000000e+00  0.000000e+00  1.000000e+00
   outer loop
     vertex  1.431200e+01  1.813167e+01  1.200000e+01
     vertex  1.260868e+01  1.754967e+01  1.200000e+01
     vertex  1.262316e+01  1.750533e+01  1.200000e+01
   endloop
 endfacet
 facet normal  0.000000e+00  0.000000e+00  1.000000e+00
   outer loop
     vertex  1.431200e+01  1.813167e+01  1.200000e+01
     vertex  1.262316e+01  1.750533e+01  1.200000e+01
     vertex  1.434180e+01  1.804038e+01  1.200000e+01
   endloop
 endfacet
 facet normal  0.000000e+00  0.000000e+00  1.000000e+00
   outer loop
     vertex  1.215436e+01  2.030416e+01  1.200000e+01
     vertex  1.206328e+01  2.033458e+01  1.200000e+01
     vertex  1.151645e+01  1.861965e+01  1.200000e+01
   endloop
 endfacet
 facet normal  0.000000e+00  0.000000e+00  1.000000e+00
   outer loop
     vertex  1.215436e+01  2.030416e+01  1.200000e+01
     vertex  1.151645e+01  1.861965e+01  1.200000e+01
     vertex  1.156069e+01  1.860488e+01  1.200000e+01
   endloop
 endfacet
 facet normal  0.000000e+00  0.000000e+00  1.000000e+00
   outer loop
     vertex  1.427971e+01  1.822210e+01  1.200000e+01
     vertex  1.259300e+01  1.759359e+01  1.200000e+01
     vertex  1.260868e+01  1.754967e+01  1.200000e+01
   endloop
 endfacet
 facet normal  0.000000e+00  0.000000e+00  1.000000e+00
   outer loop
     vertex  1.427971e+01  1.822210e+01  1.200000e+01
     vertex  1.260868e+01  1.754967e+01  1.200000e+01
     vertex  1.431200e+01  1.813167e+01  1.200000e+01
   endloop
 endfacet
 facet normal  0.000000e+00  0.000000e+00  1.000000e+00
   outer loop
     vertex  1.224457e+01  2.027125e+01  1.200000e+01
     vertex  1.215436e+01  2.030416e+01  1.200000e+01
     vertex  1.156069e+01  1.860488e+01  1.200000e+01
   endloop
 endfacet
 facet normal  0.000000e+00  0.000000e+00  1.000000e+00
   outer loop
     vertex  1.224457e+01  2.027125e+01  1.200000e+01
     vertex  1.156069e+01  1.860488e+01  1.200000e+01
     vertex  1.160451e+01  1.858889e+01  1.200000e+01
   endloop
 endfacet
 facet normal  0.000000e+00  0.000000e+00  1.000000e+00
   outer loop
     vertex  1.424494e+01  1.831162e+01  1.200000e+01
     vertex  1.257612e+01  1.763707e+01  1.200000e+01
     vertex  1.259300e+01  1.759359e+01  1.200000e+01
   endloop
 endfacet
 facet normal  0.000000e+00  0.000000e+00  1.000000e+00
   outer loop
     vertex  1.424494e+01  1.831162e+01  1.200000e+01
     vertex  1.259300e+01  1.759359e+01  1.200000e+01
     vertex  1.427971e+01  1.822210e+01  1.200000e+01
   endloop
 endfacet
 facet normal  0.000000e+00  0.000000e+00  1.000000e+00
   outer loop
     vertex  1.233384e+01  2.023587e+01  1.200000e+01
     vertex  1.224457e+01  2.027125e+01  1.200000e+01
     vertex  1.160451e+01  1.858889e+01  1.200000e+01
   endloop
 endfacet
 facet normal  0.000000e+00  0.000000e+00  1.000000e+00
   outer loop
     vertex  1.233384e+01  2.023587e+01  1.200000e+01
     vertex  1.160451e+01  1.858889e+01  1.200000e+01
     vertex  1.164787e+01  1.857171e+01  1.200000e+01
   endloop
 endfacet
 facet normal  0.000000e+00  0.000000e+00  1.000000e+00
   outer loop
     vertex  1.420774e+01  1.840015e+01  1.200000e+01
     vertex  1.257612e+01  1.763707e+01  1.200000e+01
     vertex  1.424494e+01  1.831162e+01  1.200000e+01
   endloop
 endfacet
 facet normal  0.000000e+00  0.000000e+00  1.000000e+00
   outer loop
     vertex  1.420774e+01  1.840015e+01  1.200000e+01
     vertex  1.255804e+01  1.768007e+01  1.200000e+01
     vertex  1.257612e+01  1.763707e+01  1.200000e+01
   endloop
 endfacet
 facet normal  0.000000e+00  0.000000e+00  1.000000e+00
   outer loop
     vertex  1.420774e+01  1.840015e+01  1.200000e+01
     vertex  1.253880e+01  1.772256e+01  1.200000e+01
     vertex  1.255804e+01  1.768007e+01  1.200000e+01
   endloop
 endfacet
 facet normal  0.000000e+00  0.000000e+00  1.000000e+00
   outer loop
     vertex  1.242212e+01  2.019806e+01  1.200000e+01
     vertex  1.233384e+01  2.023587e+01  1.200000e+01
     vertex  1.164787e+01  1.857171e+01  1.200000e+01
   endloop
 endfacet
 facet normal  0.000000e+00  0.000000e+00  1.000000e+00
   outer loop
     vertex  1.242212e+01  2.019806e+01  1.200000e+01
     vertex  1.169074e+01  1.855334e+01  1.200000e+01
     vertex  1.173310e+01  1.853381e+01  1.200000e+01
   endloop
 endfacet
 facet normal  0.000000e+00  0.000000e+00  1.000000e+00
   outer loop
     vertex  1.242212e+01  2.019806e+01  1.200000e+01
     vertex  1.164787e+01  1.857171e+01  1.200000e+01
     vertex  1.169074e+01  1.855334e+01  1.200000e+01
   endloop
 endfacet
 facet normal  0.000000e+00  0.000000e+00  1.000000e+00
   outer loop
     vertex  1.416812e+01  1.848762e+01  1.200000e+01
     vertex  1.253880e+01  1.772256e+01  1.200000e+01
     vertex  1.420774e+01  1.840015e+01  1.200000e+01
   endloop
 endfacet
 facet normal  0.000000e+00  0.000000e+00  1.000000e+00
   outer loop
     vertex  1.250932e+01  2.015784e+01  1.200000e+01
     vertex  1.242212e+01  2.019806e+01  1.200000e+01
     vertex  1.173310e+01  1.853381e+01  1.200000e+01
   endloop
 endfacet
 facet normal  0.000000e+00  0.000000e+00  1.000000e+00
   outer loop
     vertex  1.250932e+01  2.015784e+01  1.200000e+01
     vertex  1.173310e+01  1.853381e+01  1.200000e+01
     vertex  1.177490e+01  1.851312e+01  1.200000e+01
   endloop
 endfacet
 facet normal  0.000000e+00  0.000000e+00  1.000000e+00
   outer loop
     vertex  1.412612e+01  1.857397e+01  1.200000e+01
     vertex  1.251840e+01  1.776450e+01  1.200000e+01
     vertex  1.253880e+01  1.772256e+01  1.200000e+01
   endloop
 endfacet
 facet normal  0.000000e+00  0.000000e+00  1.000000e+00
   outer loop
     vertex  1.412612e+01  1.857397e+01  1.200000e+01
     vertex  1.253880e+01  1.772256e+01  1.200000e+01
     vertex  1.416812e+01  1.848762e+01  1.200000e+01
   endloop
 endfacet
 facet normal  0.000000e+00  0.000000e+00  1.000000e+00
   outer loop
     vertex  1.259538e+01  2.011525e+01  1.200000e+01
     vertex  1.250932e+01  2.015784e+01  1.200000e+01
     vertex  1.177490e+01  1.851312e+01  1.200000e+01
   endloop
 endfacet
 facet normal  0.000000e+00  0.000000e+00  1.000000e+00
   outer loop
     vertex  1.408176e+01  1.865914e+01  1.200000e+01
     vertex  1.249685e+01  1.780587e+01  1.200000e+01
     vertex  1.251840e+01  1.776450e+01  1.200000e+01
   endloop
 endfacet
 facet normal  0.000000e+00  0.000000e+00  1.000000e+00
   outer loop
     vertex  1.408176e+01  1.865914e+01  1.200000e+01
     vertex  1.251840e+01  1.776450e+01  1.200000e+01
     vertex  1.412612e+01  1.857397e+01  1.200000e+01
   endloop
 endfacet
 facet normal  0.000000e+00  0.000000e+00  1.000000e+00
   outer loop
     vertex  1.268024e+01  2.007031e+01  1.200000e+01
     vertex  1.259538e+01  2.011525e+01  1.200000e+01
     vertex  1.177490e+01  1.851312e+01  1.200000e+01
   endloop
 endfacet
 facet normal  0.000000e+00  0.000000e+00  1.000000e+00
   outer loop
     vertex  1.268024e+01  2.007031e+01  1.200000e+01
     vertex  1.177490e+01  1.851312e+01  1.200000e+01
     vertex  1.181612e+01  1.849129e+01  1.200000e+01
   endloop
 endfacet
 facet normal  0.000000e+00  0.000000e+00  1.000000e+00
   outer loop
     vertex  1.403508e+01  1.874306e+01  1.200000e+01
     vertex  1.249685e+01  1.780587e+01  1.200000e+01
     vertex  1.408176e+01  1.865914e+01  1.200000e+01
   endloop
 endfacet
 facet normal  0.000000e+00  0.000000e+00  1.000000e+00
   outer loop
     vertex  1.403508e+01  1.874306e+01  1.200000e+01
     vertex  1.247418e+01  1.784663e+01  1.200000e+01
     vertex  1.249685e+01  1.780587e+01  1.200000e+01
   endloop
 endfacet
 facet normal  0.000000e+00  0.000000e+00  1.000000e+00
   outer loop
     vertex  1.403508e+01  1.874306e+01  1.200000e+01
     vertex  1.245040e+01  1.788676e+01  1.200000e+01
     vertex  1.247418e+01  1.784663e+01  1.200000e+01
   endloop
 endfacet
 facet normal  0.000000e+00  0.000000e+00  1.000000e+00
   outer loop
     vertex  1.276384e+01  2.002305e+01  1.200000e+01
     vertex  1.268024e+01  2.007031e+01  1.200000e+01
     vertex  1.181612e+01  1.849129e+01  1.200000e+01
   endloop
 endfacet
 facet normal  0.000000e+00  0.000000e+00  1.000000e+00
   outer loop
     vertex  1.276384e+01  2.002305e+01  1.200000e+01
     vertex  1.181612e+01  1.849129e+01  1.200000e+01
     vertex  1.185672e+01  1.846834e+01  1.200000e+01
   endloop
 endfacet
 facet normal  0.000000e+00  0.000000e+00  1.000000e+00
   outer loop
     vertex  1.398612e+01  1.882567e+01  1.200000e+01
     vertex  1.242553e+01  1.792621e+01  1.200000e+01
     vertex  1.245040e+01  1.788676e+01  1.200000e+01
   endloop
 endfacet
 facet normal  0.000000e+00  0.000000e+00  1.000000e+00
   outer loop
     vertex  1.398612e+01  1.882567e+01  1.200000e+01
     vertex  1.245040e+01  1.788676e+01  1.200000e+01
     vertex  1.403508e+01  1.874306e+01  1.200000e+01
   endloop
 endfacet
 facet normal  0.000000e+00  0.000000e+00  1.000000e+00
   outer loop
     vertex  1.284611e+01  1.997353e+01  1.200000e+01
     vertex  1.276384e+01  2.002305e+01  1.200000e+01
     vertex  1.185672e+01  1.846834e+01  1.200000e+01
   endloop
 endfacet
 facet normal  0.000000e+00  0.000000e+00  1.000000e+00
   outer loop
     vertex  1.284611e+01  1.997353e+01  1.200000e+01
     vertex  1.189668e+01  1.844428e+01  1.200000e+01
     vertex  1.193597e+01  1.841914e+01  1.200000e+01
   endloop
 endfacet
 facet normal  0.000000e+00  0.000000e+00  1.000000e+00
   outer loop
     vertex  1.284611e+01  1.997353e+01  1.200000e+01
     vertex  1.185672e+01  1.846834e+01  1.200000e+01
     vertex  1.189668e+01  1.844428e+01  1.200000e+01
   endloop
 endfacet
 facet normal  0.000000e+00  0.000000e+00  1.000000e+00
   outer loop
     vertex  1.393491e+01  1.890691e+01  1.200000e+01
     vertex  1.242553e+01  1.792621e+01  1.200000e+01
     vertex  1.398612e+01  1.882567e+01  1.200000e+01
   endloop
 endfacet
 facet normal  0.000000e+00  0.000000e+00  1.000000e+00
   outer loop
     vertex  1.292699e+01  1.992176e+01  1.200000e+01
     vertex  1.284611e+01  1.997353e+01  1.200000e+01
     vertex  1.193597e+01  1.841914e+01  1.200000e+01
   endloop
 endfacet
 facet normal  0.000000e+00  0.000000e+00  1.000000e+00
   outer loop
     vertex  1.388149e+01  1.898671e+01  1.200000e+01
     vertex  1.242553e+01  1.792621e+01  1.200000e+01
     vertex  1.393491e+01  1.890691e+01  1.200000e+01
   endloop
 endfacet
 facet normal  0.000000e+00  0.000000e+00  1.000000e+00
   outer loop
     vertex  1.388149e+01  1.898671e+01  1.200000e+01
     vertex  1.239958e+01  1.796497e+01  1.200000e+01
     vertex  1.242553e+01  1.792621e+01  1.200000e+01
   endloop
 endfacet
 facet normal  0.000000e+00  0.000000e+00  1.000000e+00
   outer loop
     vertex  1.300642e+01  1.986780e+01  1.200000e+01
     vertex  1.292699e+01  1.992176e+01  1.200000e+01
     vertex  1.193597e+01  1.841914e+01  1.200000e+01
   endloop
 endfacet
 facet normal  0.000000e+00  0.000000e+00  1.000000e+00
   outer loop
     vertex  1.300642e+01  1.986780e+01  1.200000e+01
     vertex  1.193597e+01  1.841914e+01  1.200000e+01
     vertex  1.197455e+01  1.839293e+01  1.200000e+01
   endloop
 endfacet
 facet normal  0.000000e+00  0.000000e+00  1.000000e+00
   outer loop
     vertex  1.382590e+01  1.906501e+01  1.200000e+01
     vertex  1.239958e+01  1.796497e+01  1.200000e+01
     vertex  1.388149e+01  1.898671e+01  1.200000e+01
   endloop
 endfacet
 facet normal  0.000000e+00  0.000000e+00  1.000000e+00
   outer loop
     vertex  1.382590e+01  1.906501e+01  1.200000e+01
     vertex  1.237258e+01  1.800300e+01  1.200000e+01
     vertex  1.239958e+01  1.796497e+01  1.200000e+01
   endloop
 endfacet
 facet normal  0.000000e+00  0.000000e+00  1.000000e+00
   outer loop
     vertex  1.308434e+01  1.981167e+01  1.200000e+01
     vertex  1.300642e+01  1.986780e+01  1.200000e+01
     vertex  1.197455e+01  1.839293e+01  1.200000e+01
   endloop
 endfacet
 facet normal  0.000000e+00  0.000000e+00  1.000000e+00
   outer loop
     vertex  1.308434e+01  1.981167e+01  1.200000e+01
     vertex  1.197455e+01  1.839293e+01  1.200000e+01
     vertex  1.201240e+01  1.836567e+01  1.200000e+01
   endloop
 endfacet
 facet normal  0.000000e+00  0.000000e+00  1.000000e+00
   outer loop
     vertex  1.376819e+01  1.914176e+01  1.200000e+01
     vertex  1.237258e+01  1.800300e+01  1.200000e+01
     vertex  1.382590e+01  1.906501e+01  1.200000e+01
   endloop
 endfacet
 facet normal  0.000000e+00  0.000000e+00  1.000000e+00
   outer loop
     vertex  1.376819e+01  1.914176e+01  1.200000e+01
     vertex  1.234455e+01  1.804028e+01  1.200000e+01
     vertex  1.237258e+01  1.800300e+01  1.200000e+01
   endloop
 endfacet
 facet normal  0.000000e+00  0.000000e+00  1.000000e+00
   outer loop
     vertex  1.316070e+01  1.975343e+01  1.200000e+01
     vertex  1.308434e+01  1.981167e+01  1.200000e+01
     vertex  1.201240e+01  1.836567e+01  1.200000e+01
   endloop
 endfacet
 facet normal  0.000000e+00  0.000000e+00  1.000000e+00
   outer loop
     vertex  1.316070e+01  1.975343e+01  1.200000e+01
     vertex  1.201240e+01  1.836567e+01  1.200000e+01
     vertex  1.204948e+01  1.833738e+01  1.200000e+01
   endloop
 endfacet
 facet normal  0.000000e+00  0.000000e+00  1.000000e+00
   outer loop
     vertex  1.370839e+01  1.921689e+01  1.200000e+01
     vertex  1.234455e+01  1.804028e+01  1.200000e+01
     vertex  1.376819e+01  1.914176e+01  1.200000e+01
   endloop
 endfacet
 facet normal  0.000000e+00  0.000000e+00  1.000000e+00
   outer loop
     vertex  1.370839e+01  1.921689e+01  1.200000e+01
     vertex  1.231550e+01  1.807678e+01  1.200000e+01
     vertex  1.234455e+01  1.804028e+01  1.200000e+01
   endloop
 endfacet
 facet normal  0.000000e+00  0.000000e+00  1.000000e+00
   outer loop
     vertex  1.323542e+01  1.969312e+01  1.200000e+01
     vertex  1.316070e+01  1.975343e+01  1.200000e+01
     vertex  1.204948e+01  1.833738e+01  1.200000e+01
   endloop
 endfacet
 facet normal  0.000000e+00  0.000000e+00  1.000000e+00
   outer loop
     vertex  1.323542e+01  1.969312e+01  1.200000e+01
     vertex  1.208578e+01  1.830809e+01  1.200000e+01
     vertex  1.212125e+01  1.827781e+01  1.200000e+01
   endloop
 endfacet
 facet normal  0.000000e+00  0.000000e+00  1.000000e+00
   outer loop
     vertex  1.323542e+01  1.969312e+01  1.200000e+01
     vertex  1.204948e+01  1.833738e+01  1.200000e+01
     vertex  1.208578e+01  1.830809e+01  1.200000e+01
   endloop
 endfacet
 facet normal  0.000000e+00  0.000000e+00  1.000000e+00
   outer loop
     vertex  1.364655e+01  1.929036e+01  1.200000e+01
     vertex  1.231550e+01  1.807678e+01  1.200000e+01
     vertex  1.370839e+01  1.921689e+01  1.200000e+01
   endloop
 endfacet
 facet normal  0.000000e+00  0.000000e+00  1.000000e+00
   outer loop
     vertex  1.364655e+01  1.929036e+01  1.200000e+01
     vertex  1.228547e+01  1.811246e+01  1.200000e+01
     vertex  1.231550e+01  1.807678e+01  1.200000e+01
   endloop
 endfacet
 facet normal  0.000000e+00  0.000000e+00  1.000000e+00
   outer loop
     vertex  1.330846e+01  1.963078e+01  1.200000e+01
     vertex  1.323542e+01  1.969312e+01  1.200000e+01
     vertex  1.212125e+01  1.827781e+01  1.200000e+01
   endloop
 endfacet
 facet normal  0.000000e+00  0.000000e+00  1.000000e+00
   outer loop
     vertex  1.358272e+01  1.936211e+01  1.200000e+01
     vertex  1.228547e+01  1.811246e+01  1.200000e+01
     vertex  1.364655e+01  1.929036e+01  1.200000e+01
   endloop
 endfacet
 facet normal  0.000000e+00  0.000000e+00  1.000000e+00
   outer loop
     vertex  1.358272e+01  1.936211e+01  1.200000e+01
     vertex  1.225447e+01  1.814731e+01  1.200000e+01
     vertex  1.228547e+01  1.811246e+01  1.200000e+01
   endloop
 endfacet
 facet normal  0.000000e+00  0.000000e+00  1.000000e+00
   outer loop
     vertex  1.337977e+01  1.956646e+01  1.200000e+01
     vertex  1.330846e+01  1.963078e+01  1.200000e+01
     vertex  1.212125e+01  1.827781e+01  1.200000e+01
   endloop
 endfacet
 facet normal  0.000000e+00  0.000000e+00  1.000000e+00
   outer loop
     vertex  1.337977e+01  1.956646e+01  1.200000e+01
     vertex  1.212125e+01  1.827781e+01  1.200000e+01
     vertex  1.215589e+01  1.824657e+01  1.200000e+01
   endloop
 endfacet
 facet normal  0.000000e+00  0.000000e+00  1.000000e+00
   outer loop
     vertex  1.351695e+01  1.943207e+01  1.200000e+01
     vertex  1.222252e+01  1.818129e+01  1.200000e+01
     vertex  1.225447e+01  1.814731e+01  1.200000e+01
   endloop
 endfacet
 facet normal  0.000000e+00  0.000000e+00  1.000000e+00
   outer loop
     vertex  1.351695e+01  1.943207e+01  1.200000e+01
     vertex  1.225447e+01  1.814731e+01  1.200000e+01
     vertex  1.358272e+01  1.936211e+01  1.200000e+01
   endloop
 endfacet
 facet normal  0.000000e+00  0.000000e+00  1.000000e+00
   outer loop
     vertex  1.344928e+01  1.950021e+01  1.200000e+01
     vertex  1.218965e+01  1.821439e+01  1.200000e+01
     vertex  1.222252e+01  1.818129e+01  1.200000e+01
   endloop
 endfacet
 facet normal  0.000000e+00  0.000000e+00  1.000000e+00
   outer loop
     vertex  1.344928e+01  1.950021e+01  1.200000e+01
     vertex  1.215589e+01  1.824657e+01  1.200000e+01
     vertex  1.218965e+01  1.821439e+01  1.200000e+01
   endloop
 endfacet
 facet normal  0.000000e+00  0.000000e+00  1.000000e+00
   outer loop
     vertex  1.344928e+01  1.950021e+01  1.200000e+01
     vertex  1.222252e+01  1.818129e+01  1.200000e+01
     vertex  1.351695e+01  1.943207e+01  1.200000e+01
   endloop
 endfacet
 facet normal  0.000000e+00  0.000000e+00  1.000000e+00
   outer loop
     vertex  1.344928e+01  1.950021e+01  1.200000e+01
     vertex  1.337977e+01  1.956646e+01  1.200000e+01
     vertex  1.215589e+01  1.824657e+01  1.200000e+01
   endloop
 endfacet
endsolid
