solid 
 facet normal  9.639268e-17  9.839695e-17 -1.000000e+00
   outer loop
     vertex -4.385546e+01  3.670520e+01  1.421085e-14
     vertex  9.000000e+01  5.000000e+01  2.842171e-14
     vertex -4.372807e+01  3.658040e+01  1.421085e-14
   endloop
 endfacet
 facet normal  9.687339e-17  9.360664e-17 -1.000000e+00
   outer loop
     vertex -4.360415e+01  3.645216e+01  1.421085e-14
     vertex -4.372807e+01  3.658040e+01  1.421085e-14
     vertex  9.000000e+01  5.000000e+01  2.842171e-14
   endloop
 endfacet
 facet normal  9.589408e-17  1.034170e-16 -1.000000e+00
   outer loop
     vertex -4.398624e+01  3.682646e+01  1.421085e-14
     vertex  9.000000e+01  5.000000e+01  2.842171e-14
     vertex -4.385546e+01  3.670520e+01  1.421085e-14
   endloop
 endfacet
 facet normal  9.733813e-17  8.902352e-17 -1.000000e+00
   outer loop
     vertex -4.348379e+01  3.632056e+01  1.421085e-14
     vertex -4.360415e+01  3.645216e+01  1.421085e-14
     vertex  9.000000e+01  5.000000e+01  2.842171e-14
   endloop
 endfacet
 facet normal  9.537543e-17  1.086922e-16 -1.000000e+00
   outer loop
     vertex -4.412028e+01  3.694409e+01  1.421085e-14
     vertex  9.000000e+01  5.000000e+01  2.842171e-14
     vertex -4.398624e+01  3.682646e+01  1.421085e-14
   endloop
 endfacet
 facet normal  9.778862e-17  8.462762e-17 -1.000000e+00
   outer loop
     vertex -4.336709e+01  3.618570e+01  1.421085e-14
     vertex -4.348379e+01  3.632056e+01  1.421085e-14
     vertex  9.000000e+01  5.000000e+01  2.842171e-14
   endloop
 endfacet
 facet normal  9.483426e-17  1.142514e-16 -1.000000e+00
   outer loop
     vertex -4.425751e+01  3.705799e+01  1.421085e-14
     vertex  9.000000e+01  5.000000e+01  2.842171e-14
     vertex -4.412028e+01  3.694409e+01  1.421085e-14
   endloop
 endfacet
 facet normal  9.822641e-17  8.040113e-17 -1.000000e+00
   outer loop
     vertex -4.325413e+01  3.604770e+01  1.421085e-14
     vertex -4.336709e+01  3.618570e+01  1.421085e-14
     vertex  9.000000e+01  5.000000e+01  2.842171e-14
   endloop
 endfacet
 facet normal  9.426778e-17  1.201280e-16 -1.000000e+00
   outer loop
     vertex -4.439781e+01  3.716808e+01  1.421085e-14
     vertex  9.000000e+01  5.000000e+01  2.842171e-14
     vertex -4.425751e+01  3.705799e+01  1.421085e-14
   endloop
 endfacet
 facet normal  9.865287e-17  7.632810e-17 -1.000000e+00
   outer loop
     vertex -4.314500e+01  3.590665e+01  1.421085e-14
     vertex -4.325413e+01  3.604770e+01  1.421085e-14
     vertex  9.000000e+01  5.000000e+01  2.842171e-14
   endloop
 endfacet
 facet normal  9.367279e-17  1.263597e-16 -1.000000e+00
   outer loop
     vertex -4.454107e+01  3.727429e+01  1.421085e-14
     vertex  9.000000e+01  5.000000e+01  2.842171e-14
     vertex -4.439781e+01  3.716808e+01  1.421085e-14
   endloop
 endfacet
 facet normal  9.906928e-17  7.239418e-17 -1.000000e+00
   outer loop
     vertex -4.303978e+01  3.576266e+01  1.421085e-14
     vertex -4.314500e+01  3.590665e+01  1.421085e-14
     vertex  9.000000e+01  5.000000e+01  2.842171e-14
   endloop
 endfacet
 facet normal  9.304559e-17  1.329907e-16 -1.000000e+00
   outer loop
     vertex -4.468720e+01  3.737652e+01  1.421085e-14
     vertex  9.000000e+01  5.000000e+01  2.842171e-14
     vertex -4.454107e+01  3.727429e+01  1.421085e-14
   endloop
 endfacet
 facet normal  9.947677e-17  6.858639e-17 -1.000000e+00
   outer loop
     vertex -4.293855e+01  3.561584e+01  1.421085e-14
     vertex -4.303978e+01  3.576266e+01  1.421085e-14
     vertex  9.000000e+01  5.000000e+01  2.842171e-14
   endloop
 endfacet
 facet normal  9.238190e-17  1.400720e-16 -1.000000e+00
   outer loop
     vertex -4.483607e+01  3.747471e+01  1.421085e-14
     vertex  9.000000e+01  5.000000e+01  2.842171e-14
     vertex -4.468720e+01  3.737652e+01  1.421085e-14
   endloop
 endfacet
 facet normal  9.987640e-17  6.489297e-17 -1.000000e+00
   outer loop
     vertex -4.284138e+01  3.546629e+01  1.421085e-14
     vertex -4.293855e+01  3.561584e+01  1.421085e-14
     vertex  9.000000e+01  5.000000e+01  2.842171e-14
   endloop
 endfacet
 facet normal  9.167672e-17  1.476633e-16 -1.000000e+00
   outer loop
     vertex -4.498758e+01  3.756878e+01  1.421085e-14
     vertex  9.000000e+01  5.000000e+01  2.842171e-14
     vertex -4.483607e+01  3.747471e+01  1.421085e-14
   endloop
 endfacet
 facet normal  1.002691e-16  6.130319e-17 -1.000000e+00
   outer loop
     vertex -4.274836e+01  3.531414e+01  1.421085e-14
     vertex -4.284138e+01  3.546629e+01  1.421085e-14
     vertex  9.000000e+01  5.000000e+01  2.842171e-14
   endloop
 endfacet
 facet normal  9.092416e-17  1.558352e-16 -1.000000e+00
   outer loop
     vertex -4.514162e+01  3.765865e+01  1.421085e-14
     vertex  9.000000e+01  5.000000e+01  2.842171e-14
     vertex -4.498758e+01  3.756878e+01  1.421085e-14
   endloop
 endfacet
 facet normal  1.006559e-16  5.780726e-17 -1.000000e+00
   outer loop
     vertex -4.265954e+01  3.515949e+01  1.421085e-14
     vertex -4.274836e+01  3.531414e+01  1.421085e-14
     vertex  9.000000e+01  5.000000e+01  2.842171e-14
   endloop
 endfacet
 facet normal  9.011726e-17  1.646711e-16 -1.000000e+00
   outer loop
     vertex -4.529806e+01  3.774427e+01  1.421085e-14
     vertex  9.000000e+01  5.000000e+01  2.842171e-14
     vertex -4.514162e+01  3.765865e+01  1.421085e-14
   endloop
 endfacet
 facet normal  1.010375e-16  5.439614e-17 -1.000000e+00
   outer loop
     vertex -4.257500e+01  3.500246e+01  1.421085e-14
     vertex -4.265954e+01  3.515949e+01  1.421085e-14
     vertex  9.000000e+01  5.000000e+01  2.842171e-14
   endloop
 endfacet
 facet normal  8.924767e-17  1.742709e-16 -1.000000e+00
   outer loop
     vertex -4.545680e+01  3.782556e+01  1.421085e-14
     vertex  9.000000e+01  5.000000e+01  2.842171e-14
     vertex -4.529806e+01  3.774427e+01  1.421085e-14
   endloop
 endfacet
 facet normal  1.014147e-16  5.106151e-17 -1.000000e+00
   outer loop
     vertex -4.249480e+01  3.484318e+01  1.421085e-14
     vertex -4.257500e+01  3.500246e+01  1.421085e-14
     vertex  9.000000e+01  5.000000e+01  2.842171e-14
   endloop
 endfacet
 facet normal  8.830536e-17  1.847554e-16 -1.000000e+00
   outer loop
     vertex -4.561770e+01  3.790246e+01  1.421085e-14
     vertex  9.000000e+01  5.000000e+01  2.842171e-14
     vertex -4.545680e+01  3.782556e+01  1.421085e-14
   endloop
 endfacet
 facet normal  1.017883e-16  4.779565e-17 -1.000000e+00
   outer loop
     vertex -4.241900e+01  3.468175e+01  1.421085e-14
     vertex -4.249480e+01  3.484318e+01  1.421085e-14
     vertex  9.000000e+01  5.000000e+01  2.842171e-14
   endloop
 endfacet
 facet normal  8.727810e-17  1.962713e-16 -1.000000e+00
   outer loop
     vertex -4.578065e+01  3.797493e+01  1.421085e-14
     vertex  9.000000e+01  5.000000e+01  2.842171e-14
     vertex -4.561770e+01  3.790246e+01  1.421085e-14
   endloop
 endfacet
 facet normal  1.021590e-16  4.459138e-17 -1.000000e+00
   outer loop
     vertex -4.234766e+01  3.451830e+01  1.421085e-14
     vertex -4.241900e+01  3.468175e+01  1.421085e-14
     vertex  9.000000e+01  5.000000e+01  2.842171e-14
   endloop
 endfacet
 facet normal  8.615086e-17  2.089996e-16 -1.000000e+00
   outer loop
     vertex -4.594553e+01  3.804289e+01  1.421085e-14
     vertex  9.000000e+01  5.000000e+01  2.842171e-14
     vertex -4.578065e+01  3.797493e+01  1.421085e-14
   endloop
 endfacet
 facet normal  1.025274e-16  4.144194e-17 -1.000000e+00
   outer loop
     vertex -4.228083e+01  3.435296e+01  1.421085e-14
     vertex -4.234766e+01  3.451830e+01  1.421085e-14
     vertex  9.000000e+01  5.000000e+01  2.842171e-14
   endloop
 endfacet
 facet normal  8.490491e-17  2.231653e-16 -1.000000e+00
   outer loop
     vertex -4.611221e+01  3.810631e+01  1.421085e-14
     vertex  9.000000e+01  5.000000e+01  2.842171e-14
     vertex -4.594553e+01  3.804289e+01  1.421085e-14
   endloop
 endfacet
 facet normal  1.028942e-16  3.834102e-17 -1.000000e+00
   outer loop
     vertex -4.221856e+01  3.418585e+01  1.421085e-14
     vertex -4.228083e+01  3.435296e+01  1.421085e-14
     vertex  9.000000e+01  5.000000e+01  2.842171e-14
   endloop
 endfacet
 facet normal  8.351666e-17  2.390525e-16 -1.000000e+00
   outer loop
     vertex -4.628057e+01  3.816512e+01  1.421085e-14
     vertex  9.000000e+01  5.000000e+01  2.842171e-14
     vertex -4.611221e+01  3.810631e+01  1.421085e-14
   endloop
 endfacet
 facet normal  1.032600e-16  3.528260e-17 -1.000000e+00
   outer loop
     vertex -4.216089e+01  3.401709e+01  1.421085e-14
     vertex -4.221856e+01  3.418585e+01  1.421085e-14
     vertex  9.000000e+01  5.000000e+01  2.842171e-14
   endloop
 endfacet
 facet normal  8.195590e-17  2.570249e-16 -1.000000e+00
   outer loop
     vertex -4.645048e+01  3.821930e+01  1.421085e-14
     vertex  9.000000e+01  5.000000e+01  2.842171e-14
     vertex -4.628057e+01  3.816512e+01  1.421085e-14
   endloop
 endfacet
 facet normal  1.036254e-16  3.226100e-17 -1.000000e+00
   outer loop
     vertex -4.210788e+01  3.384681e+01  1.421085e-14
     vertex -4.216089e+01  3.401709e+01  1.421085e-14
     vertex  9.000000e+01  5.000000e+01  2.842171e-14
   endloop
 endfacet
 facet normal  8.018335e-17  2.775556e-16 -1.000000e+00
   outer loop
     vertex -4.662181e+01  3.826880e+01  1.421085e-14
     vertex  9.000000e+01  5.000000e+01  2.842171e-14
     vertex -4.645048e+01  3.821930e+01  1.421085e-14
   endloop
 endfacet
 facet normal  1.039911e-16  2.927077e-17 -1.000000e+00
   outer loop
     vertex -4.205956e+01  3.367514e+01  1.421085e-14
     vertex -4.210788e+01  3.384681e+01  1.421085e-14
     vertex  9.000000e+01  5.000000e+01  2.842171e-14
   endloop
 endfacet
 facet normal  7.814693e-17  3.012717e-16 -1.000000e+00
   outer loop
     vertex -4.679444e+01  3.831358e+01  1.421085e-14
     vertex  9.000000e+01  5.000000e+01  2.842171e-14
     vertex -4.662181e+01  3.826880e+01  1.421085e-14
   endloop
 endfacet
 facet normal  1.043575e-16  2.630666e-17 -1.000000e+00
   outer loop
     vertex -4.201597e+01  3.350222e+01  1.421085e-14
     vertex -4.205956e+01  3.367514e+01  1.421085e-14
     vertex  9.000000e+01  5.000000e+01  2.842171e-14
   endloop
 endfacet
 facet normal  7.577611e-17  3.290232e-16 -1.000000e+00
   outer loop
     vertex -4.696823e+01  3.835360e+01  1.421085e-14
     vertex  9.000000e+01  5.000000e+01  2.842171e-14
     vertex -4.679444e+01  3.831358e+01  1.421085e-14
   endloop
 endfacet
 facet normal  1.047253e-16  2.336362e-17 -1.000000e+00
   outer loop
     vertex -4.197714e+01  3.332816e+01  1.421085e-14
     vertex -4.201597e+01  3.350222e+01  1.421085e-14
     vertex  9.000000e+01  5.000000e+01  2.842171e-14
   endloop
 endfacet
 facet normal  7.297289e-17  3.619906e-16 -1.000000e+00
   outer loop
     vertex -4.714305e+01  3.838884e+01  1.421085e-14
     vertex  9.000000e+01  5.000000e+01  2.842171e-14
     vertex -4.696823e+01  3.835360e+01  1.421085e-14
   endloop
 endfacet
 facet normal  1.050950e-16  2.043671e-17 -1.000000e+00
   outer loop
     vertex -4.194310e+01  3.315310e+01  1.421085e-14
     vertex -4.197714e+01  3.332816e+01  1.421085e-14
     vertex  9.000000e+01  5.000000e+01  2.842171e-14
   endloop
 endfacet
 facet normal  1.054673e-16  1.752111e-17 -1.000000e+00
   outer loop
     vertex -4.191387e+01  3.297717e+01  1.421085e-14
     vertex -4.194310e+01  3.315310e+01  1.421085e-14
     vertex  9.000000e+01  5.000000e+01  2.842171e-14
   endloop
 endfacet
 facet normal  1.058427e-16  1.461207e-17 -1.000000e+00
   outer loop
     vertex -4.188948e+01  3.280051e+01  1.421085e-14
     vertex -4.191387e+01  3.297717e+01  1.421085e-14
     vertex  9.000000e+01  5.000000e+01  2.842171e-14
   endloop
 endfacet
 facet normal  1.062218e-16  1.170487e-17 -1.000000e+00
   outer loop
     vertex -4.186995e+01  3.262324e+01  1.421085e-14
     vertex -4.188948e+01  3.280051e+01  1.421085e-14
     vertex  9.000000e+01  5.000000e+01  2.842171e-14
   endloop
 endfacet
 facet normal  1.066053e-16  8.794814e-18 -1.000000e+00
   outer loop
     vertex -4.185529e+01  3.244551e+01  1.421085e-14
     vertex -4.186995e+01  3.262324e+01  1.421085e-14
     vertex  9.000000e+01  5.000000e+01  2.842171e-14
   endloop
 endfacet
 facet normal  1.069937e-16  5.877177e-18 -1.000000e+00
   outer loop
     vertex -4.184550e+01  3.226744e+01  1.421085e-14
     vertex -4.185529e+01  3.244551e+01  1.421085e-14
     vertex  9.000000e+01  5.000000e+01  2.842171e-14
   endloop
 endfacet
 facet normal  1.073878e-16  2.947190e-18 -1.000000e+00
   outer loop
     vertex -4.184061e+01  3.208917e+01  1.421085e-14
     vertex -4.184550e+01  3.226744e+01  1.421085e-14
     vertex  9.000000e+01  5.000000e+01  2.842171e-14
   endloop
 endfacet
 facet normal  1.077881e-16  0.000000e+00 -1.000000e+00
   outer loop
     vertex -4.184061e+01  3.191083e+01  1.421085e-14
     vertex -4.184061e+01  3.208917e+01  1.421085e-14
     vertex  9.000000e+01  5.000000e+01  2.842171e-14
   endloop
 endfacet
 facet normal  1.081956e-16 -2.969360e-18 -1.000000e+00
   outer loop
     vertex -4.184550e+01  3.173256e+01  1.421085e-14
     vertex -4.184061e+01  3.191083e+01  1.421085e-14
     vertex  9.000000e+01  5.000000e+01  2.842171e-14
   endloop
 endfacet
 facet normal  1.086107e-16 -5.966002e-18 -1.000000e+00
   outer loop
     vertex -4.185529e+01  3.155449e+01  1.421085e-14
     vertex -4.184550e+01  3.173256e+01  1.421085e-14
     vertex  9.000000e+01  5.000000e+01  2.842171e-14
   endloop
 endfacet
 facet normal  1.090345e-16 -8.995224e-18 -1.000000e+00
   outer loop
     vertex -4.186995e+01  3.137676e+01  1.421085e-14
     vertex -4.185529e+01  3.155449e+01  1.421085e-14
     vertex  9.000000e+01  5.000000e+01  2.842171e-14
   endloop
 endfacet
 facet normal  1.094677e-16 -1.206254e-17 -1.000000e+00
   outer loop
     vertex -4.188948e+01  3.119949e+01  1.421085e-14
     vertex -4.186995e+01  3.137676e+01  1.421085e-14
     vertex  9.000000e+01  5.000000e+01  2.842171e-14
   endloop
 endfacet
 facet normal  1.099112e-16 -1.517375e-17 -1.000000e+00
   outer loop
     vertex -4.191387e+01  3.102283e+01  1.421085e-14
     vertex -4.188948e+01  3.119949e+01  1.421085e-14
     vertex  9.000000e+01  5.000000e+01  2.842171e-14
   endloop
 endfacet
 facet normal  0.000000e+00  0.000000e+00 -1.000000e+00
   outer loop
     vertex -4.385546e+01  1.270520e+01  1.421085e-14
     vertex -4.372807e+01  2.741960e+01  1.421085e-14
     vertex -4.372807e+01  1.258040e+01  1.421085e-14
   endloop
 endfacet
 facet normal  0.000000e+00  0.000000e+00 -1.000000e+00
   outer loop
     vertex -4.385546e+01  1.270520e+01  1.421085e-14
     vertex -4.385546e+01  2.729480e+01  1.421085e-14
     vertex -4.372807e+01  2.741960e+01  1.421085e-14
   endloop
 endfacet
 facet normal  0.000000e+00  0.000000e+00 -1.000000e+00
   outer loop
     vertex -4.360415e+01  1.245216e+01  1.421085e-14
     vertex -4.372807e+01  1.258040e+01  1.421085e-14
     vertex -4.372807e+01  2.741960e+01  1.421085e-14
   endloop
 endfacet
 facet normal  0.000000e+00  0.000000e+00 -1.000000e+00
   outer loop
     vertex -4.360415e+01  1.245216e+01  1.421085e-14
     vertex -4.372807e+01  2.741960e+01  1.421085e-14
     vertex -4.360415e+01  2.754784e+01  1.421085e-14
   endloop
 endfacet
 facet normal  0.000000e+00  0.000000e+00 -1.000000e+00
   outer loop
     vertex -4.398624e+01  1.282646e+01  1.421085e-14
     vertex -4.398624e+01  2.717354e+01  1.421085e-14
     vertex -4.385546e+01  2.729480e+01  1.421085e-14
   endloop
 endfacet
 facet normal  0.000000e+00  0.000000e+00 -1.000000e+00
   outer loop
     vertex -4.398624e+01  1.282646e+01  1.421085e-14
     vertex -4.385546e+01  2.729480e+01  1.421085e-14
     vertex -4.385546e+01  1.270520e+01  1.421085e-14
   endloop
 endfacet
 facet normal  0.000000e+00  0.000000e+00 -1.000000e+00
   outer loop
     vertex -4.398624e+01  1.282646e+01  1.421085e-14
     vertex -4.412028e+01  2.705591e+01  1.421085e-14
     vertex -4.398624e+01  2.717354e+01  1.421085e-14
   endloop
 endfacet
 facet normal  0.000000e+00  0.000000e+00 -1.000000e+00
   outer loop
     vertex -4.348379e+01  1.232056e+01  1.421085e-14
     vertex -4.360415e+01  1.245216e+01  1.421085e-14
     vertex -4.360415e+01  2.754784e+01  1.421085e-14
   endloop
 endfacet
 facet normal  0.000000e+00  0.000000e+00 -1.000000e+00
   outer loop
     vertex -4.348379e+01  1.232056e+01  1.421085e-14
     vertex -4.360415e+01  2.754784e+01  1.421085e-14
     vertex -4.348379e+01  2.767944e+01  1.421085e-14
   endloop
 endfacet
 facet normal  0.000000e+00  0.000000e+00 -1.000000e+00
   outer loop
     vertex -4.412028e+01  1.294409e+01  1.421085e-14
     vertex -4.425751e+01  2.694201e+01  1.421085e-14
     vertex -4.412028e+01  2.705591e+01  1.421085e-14
   endloop
 endfacet
 facet normal  0.000000e+00  0.000000e+00 -1.000000e+00
   outer loop
     vertex -4.412028e+01  1.294409e+01  1.421085e-14
     vertex -4.412028e+01  2.705591e+01  1.421085e-14
     vertex -4.398624e+01  1.282646e+01  1.421085e-14
   endloop
 endfacet
 facet normal  0.000000e+00  0.000000e+00 -1.000000e+00
   outer loop
     vertex -4.336709e+01  1.218570e+01  1.421085e-14
     vertex -4.348379e+01  2.767944e+01  1.421085e-14
     vertex -4.336709e+01  2.781430e+01  1.421085e-14
   endloop
 endfacet
 facet normal  0.000000e+00  0.000000e+00 -1.000000e+00
   outer loop
     vertex -4.336709e+01  1.218570e+01  1.421085e-14
     vertex -4.348379e+01  1.232056e+01  1.421085e-14
     vertex -4.348379e+01  2.767944e+01  1.421085e-14
   endloop
 endfacet
 facet normal  0.000000e+00  0.000000e+00 -1.000000e+00
   outer loop
     vertex -4.425751e+01  1.305799e+01  1.421085e-14
     vertex -4.425751e+01  2.694201e+01  1.421085e-14
     vertex -4.412028e+01  1.294409e+01  1.421085e-14
   endloop
 endfacet
 facet normal  0.000000e+00  0.000000e+00 -1.000000e+00
   outer loop
     vertex -4.325413e+01  1.204770e+01  1.421085e-14
     vertex -4.336709e+01  2.781430e+01  1.421085e-14
     vertex -4.325413e+01  2.795230e+01  1.421085e-14
   endloop
 endfacet
 facet normal  0.000000e+00  0.000000e+00 -1.000000e+00
   outer loop
     vertex -4.325413e+01  1.204770e+01  1.421085e-14
     vertex -4.336709e+01  1.218570e+01  1.421085e-14
     vertex -4.336709e+01  2.781430e+01  1.421085e-14
   endloop
 endfacet
 facet normal  0.000000e+00  0.000000e+00 -1.000000e+00
   outer loop
     vertex -4.439781e+01  1.316808e+01  1.421085e-14
     vertex -4.439781e+01  2.683192e+01  1.421085e-14
     vertex -4.425751e+01  2.694201e+01  1.421085e-14
   endloop
 endfacet
 facet normal  0.000000e+00  0.000000e+00 -1.000000e+00
   outer loop
     vertex -4.439781e+01  1.316808e+01  1.421085e-14
     vertex -4.425751e+01  2.694201e+01  1.421085e-14
     vertex -4.425751e+01  1.305799e+01  1.421085e-14
   endloop
 endfacet
 facet normal  0.000000e+00  0.000000e+00 -1.000000e+00
   outer loop
     vertex -4.314500e+01  1.190665e+01  1.421085e-14
     vertex -4.325413e+01  2.795230e+01  1.421085e-14
     vertex -4.314500e+01  2.809335e+01  1.421085e-14
   endloop
 endfacet
 facet normal  0.000000e+00  0.000000e+00 -1.000000e+00
   outer loop
     vertex -4.314500e+01  1.190665e+01  1.421085e-14
     vertex -4.325413e+01  1.204770e+01  1.421085e-14
     vertex -4.325413e+01  2.795230e+01  1.421085e-14
   endloop
 endfacet
 facet normal  0.000000e+00  0.000000e+00 -1.000000e+00
   outer loop
     vertex -4.454107e+01  1.327429e+01  1.421085e-14
     vertex -4.454107e+01  2.672571e+01  1.421085e-14
     vertex -4.439781e+01  2.683192e+01  1.421085e-14
   endloop
 endfacet
 facet normal  0.000000e+00  0.000000e+00 -1.000000e+00
   outer loop
     vertex -4.454107e+01  1.327429e+01  1.421085e-14
     vertex -4.468720e+01  2.662348e+01  1.421085e-14
     vertex -4.454107e+01  2.672571e+01  1.421085e-14
   endloop
 endfacet
 facet normal  0.000000e+00  0.000000e+00 -1.000000e+00
   outer loop
     vertex -4.454107e+01  1.327429e+01  1.421085e-14
     vertex -4.439781e+01  2.683192e+01  1.421085e-14
     vertex -4.439781e+01  1.316808e+01  1.421085e-14
   endloop
 endfacet
 facet normal  0.000000e+00  0.000000e+00 -1.000000e+00
   outer loop
     vertex -4.303978e+01  1.176266e+01  1.421085e-14
     vertex -4.314500e+01  2.809335e+01  1.421085e-14
     vertex -4.303978e+01  2.823734e+01  1.421085e-14
   endloop
 endfacet
 facet normal  0.000000e+00  0.000000e+00 -1.000000e+00
   outer loop
     vertex -4.303978e+01  1.176266e+01  1.421085e-14
     vertex -4.314500e+01  1.190665e+01  1.421085e-14
     vertex -4.314500e+01  2.809335e+01  1.421085e-14
   endloop
 endfacet
 facet normal  0.000000e+00  0.000000e+00 -1.000000e+00
   outer loop
     vertex -4.468720e+01  1.337652e+01  1.421085e-14
     vertex -4.468720e+01  2.662348e+01  1.421085e-14
     vertex -4.454107e+01  1.327429e+01  1.421085e-14
   endloop
 endfacet
 facet normal  0.000000e+00  0.000000e+00 -1.000000e+00
   outer loop
     vertex -4.293855e+01  1.161584e+01  1.421085e-14
     vertex -4.303978e+01  2.823734e+01  1.421085e-14
     vertex -4.293855e+01  2.838416e+01  1.421085e-14
   endloop
 endfacet
 facet normal  0.000000e+00  0.000000e+00 -1.000000e+00
   outer loop
     vertex -4.293855e+01  1.161584e+01  1.421085e-14
     vertex -4.303978e+01  1.176266e+01  1.421085e-14
     vertex -4.303978e+01  2.823734e+01  1.421085e-14
   endloop
 endfacet
 facet normal  0.000000e+00  0.000000e+00 -1.000000e+00
   outer loop
     vertex -4.483607e+01  1.347471e+01  1.421085e-14
     vertex -4.468720e+01  2.662348e+01  1.421085e-14
     vertex -4.468720e+01  1.337652e+01  1.421085e-14
   endloop
 endfacet
 facet normal  0.000000e+00  0.000000e+00 -1.000000e+00
   outer loop
     vertex -4.483607e+01  1.347471e+01  1.421085e-14
     vertex -4.483607e+01  2.652529e+01  1.421085e-14
     vertex -4.468720e+01  2.662348e+01  1.421085e-14
   endloop
 endfacet
 facet normal  0.000000e+00  0.000000e+00 -1.000000e+00
   outer loop
     vertex -4.284138e+01  1.146629e+01  1.421085e-14
     vertex -4.293855e+01  2.838416e+01  1.421085e-14
     vertex -4.284138e+01  2.853371e+01  1.421085e-14
   endloop
 endfacet
 facet normal  0.000000e+00  0.000000e+00 -1.000000e+00
   outer loop
     vertex -4.284138e+01  1.146629e+01  1.421085e-14
     vertex -4.293855e+01  1.161584e+01  1.421085e-14
     vertex -4.293855e+01  2.838416e+01  1.421085e-14
   endloop
 endfacet
 facet normal  0.000000e+00  0.000000e+00 -1.000000e+00
   outer loop
     vertex -4.498758e+01  1.356878e+01  1.421085e-14
     vertex -4.483607e+01  2.652529e+01  1.421085e-14
     vertex -4.483607e+01  1.347471e+01  1.421085e-14
   endloop
 endfacet
 facet normal  0.000000e+00  0.000000e+00 -1.000000e+00
   outer loop
     vertex -4.498758e+01  1.356878e+01  1.421085e-14
     vertex -4.498758e+01  2.643122e+01  1.421085e-14
     vertex -4.483607e+01  2.652529e+01  1.421085e-14
   endloop
 endfacet
 facet normal  0.000000e+00  0.000000e+00 -1.000000e+00
   outer loop
     vertex -4.274836e+01  1.131414e+01  1.421085e-14
     vertex -4.284138e+01  2.853371e+01  1.421085e-14
     vertex -4.274836e+01  2.868586e+01  1.421085e-14
   endloop
 endfacet
 facet normal  0.000000e+00  0.000000e+00 -1.000000e+00
   outer loop
     vertex -4.274836e+01  1.131414e+01  1.421085e-14
     vertex -4.284138e+01  1.146629e+01  1.421085e-14
     vertex -4.284138e+01  2.853371e+01  1.421085e-14
   endloop
 endfacet
 facet normal  0.000000e+00  0.000000e+00 -1.000000e+00
   outer loop
     vertex -4.514162e+01  1.365865e+01  1.421085e-14
     vertex -4.498758e+01  2.643122e+01  1.421085e-14
     vertex -4.498758e+01  1.356878e+01  1.421085e-14
   endloop
 endfacet
 facet normal  0.000000e+00  0.000000e+00 -1.000000e+00
   outer loop
     vertex -4.514162e+01  1.365865e+01  1.421085e-14
     vertex -4.514162e+01  2.634135e+01  1.421085e-14
     vertex -4.498758e+01  2.643122e+01  1.421085e-14
   endloop
 endfacet
 facet normal  0.000000e+00  0.000000e+00 -1.000000e+00
   outer loop
     vertex -4.265954e+01  1.115949e+01  1.421085e-14
     vertex -4.274836e+01  1.131414e+01  1.421085e-14
     vertex -4.274836e+01  2.868586e+01  1.421085e-14
   endloop
 endfacet
 facet normal  0.000000e+00  0.000000e+00 -1.000000e+00
   outer loop
     vertex -4.265954e+01  1.115949e+01  1.421085e-14
     vertex -4.274836e+01  2.868586e+01  1.421085e-14
     vertex -4.265954e+01  2.884051e+01  1.421085e-14
   endloop
 endfacet
 facet normal  0.000000e+00  0.000000e+00 -1.000000e+00
   outer loop
     vertex -4.529806e+01  1.374427e+01  1.421085e-14
     vertex -4.514162e+01  2.634135e+01  1.421085e-14
     vertex -4.514162e+01  1.365865e+01  1.421085e-14
   endloop
 endfacet
 facet normal  0.000000e+00  0.000000e+00 -1.000000e+00
   outer loop
     vertex -4.529806e+01  1.374427e+01  1.421085e-14
     vertex -4.529806e+01  2.625573e+01  1.421085e-14
     vertex -4.514162e+01  2.634135e+01  1.421085e-14
   endloop
 endfacet
 facet normal  0.000000e+00  0.000000e+00 -1.000000e+00
   outer loop
     vertex -4.257500e+01  1.100246e+01  1.421085e-14
     vertex -4.265954e+01  2.884051e+01  1.421085e-14
     vertex -4.257500e+01  2.899754e+01  1.421085e-14
   endloop
 endfacet
 facet normal  0.000000e+00  0.000000e+00 -1.000000e+00
   outer loop
     vertex -4.257500e+01  1.100246e+01  1.421085e-14
     vertex -4.265954e+01  1.115949e+01  1.421085e-14
     vertex -4.265954e+01  2.884051e+01  1.421085e-14
   endloop
 endfacet
 facet normal  0.000000e+00  0.000000e+00 -1.000000e+00
   outer loop
     vertex -4.545680e+01  1.382556e+01  1.421085e-14
     vertex -4.545680e+01  2.617444e+01  1.421085e-14
     vertex -4.529806e+01  2.625573e+01  1.421085e-14
   endloop
 endfacet
 facet normal  0.000000e+00  0.000000e+00 -1.000000e+00
   outer loop
     vertex -4.545680e+01  1.382556e+01  1.421085e-14
     vertex -4.561770e+01  2.609754e+01  1.421085e-14
     vertex -4.545680e+01  2.617444e+01  1.421085e-14
   endloop
 endfacet
 facet normal  0.000000e+00  0.000000e+00 -1.000000e+00
   outer loop
     vertex -4.545680e+01  1.382556e+01  1.421085e-14
     vertex -4.529806e+01  2.625573e+01  1.421085e-14
     vertex -4.529806e+01  1.374427e+01  1.421085e-14
   endloop
 endfacet
 facet normal  0.000000e+00  0.000000e+00 -1.000000e+00
   outer loop
     vertex -4.249480e+01  1.084318e+01  1.421085e-14
     vertex -4.249480e+01  2.915682e+01  1.421085e-14
     vertex -4.241900e+01  2.931825e+01  1.421085e-14
   endloop
 endfacet
 facet normal  0.000000e+00  0.000000e+00 -1.000000e+00
   outer loop
     vertex -4.249480e+01  1.084318e+01  1.421085e-14
     vertex -4.257500e+01  2.899754e+01  1.421085e-14
     vertex -4.249480e+01  2.915682e+01  1.421085e-14
   endloop
 endfacet
 facet normal  0.000000e+00  0.000000e+00 -1.000000e+00
   outer loop
     vertex -4.249480e+01  1.084318e+01  1.421085e-14
     vertex -4.257500e+01  1.100246e+01  1.421085e-14
     vertex -4.257500e+01  2.899754e+01  1.421085e-14
   endloop
 endfacet
 facet normal  0.000000e+00  0.000000e+00 -1.000000e+00
   outer loop
     vertex -4.561770e+01  1.390246e+01  1.421085e-14
     vertex -4.561770e+01  2.609754e+01  1.421085e-14
     vertex -4.545680e+01  1.382556e+01  1.421085e-14
   endloop
 endfacet
 facet normal  0.000000e+00  0.000000e+00 -1.000000e+00
   outer loop
     vertex -4.561770e+01  1.390246e+01  1.421085e-14
     vertex -4.578065e+01  2.602507e+01  1.421085e-14
     vertex -4.561770e+01  2.609754e+01  1.421085e-14
   endloop
 endfacet
 facet normal  0.000000e+00  0.000000e+00 -1.000000e+00
   outer loop
     vertex -4.241900e+01  1.068175e+01  1.421085e-14
     vertex -4.249480e+01  1.084318e+01  1.421085e-14
     vertex -4.241900e+01  2.931825e+01  1.421085e-14
   endloop
 endfacet
 facet normal  0.000000e+00  0.000000e+00 -1.000000e+00
   outer loop
     vertex -4.241900e+01  1.068175e+01  1.421085e-14
     vertex -4.241900e+01  2.931825e+01  1.421085e-14
     vertex -4.234766e+01  2.948170e+01  1.421085e-14
   endloop
 endfacet
 facet normal  0.000000e+00  0.000000e+00 -1.000000e+00
   outer loop
     vertex -4.578065e+01  1.397493e+01  1.421085e-14
     vertex -4.578065e+01  2.602507e+01  1.421085e-14
     vertex -4.561770e+01  1.390246e+01  1.421085e-14
   endloop
 endfacet
 facet normal  0.000000e+00  0.000000e+00 -1.000000e+00
   outer loop
     vertex -4.234766e+01  1.051830e+01  1.421085e-14
     vertex -4.241900e+01  1.068175e+01  1.421085e-14
     vertex -4.234766e+01  2.948170e+01  1.421085e-14
   endloop
 endfacet
 facet normal  0.000000e+00  0.000000e+00 -1.000000e+00
   outer loop
     vertex -4.234766e+01  1.051830e+01  1.421085e-14
     vertex -4.234766e+01  2.948170e+01  1.421085e-14
     vertex -4.228083e+01  2.964704e+01  1.421085e-14
   endloop
 endfacet
 facet normal  0.000000e+00  0.000000e+00 -1.000000e+00
   outer loop
     vertex -4.594553e+01  1.404289e+01  1.421085e-14
     vertex -4.594553e+01  2.595711e+01  1.421085e-14
     vertex -4.578065e+01  2.602507e+01  1.421085e-14
   endloop
 endfacet
 facet normal  0.000000e+00  0.000000e+00 -1.000000e+00
   outer loop
     vertex -4.594553e+01  1.404289e+01  1.421085e-14
     vertex -4.578065e+01  2.602507e+01  1.421085e-14
     vertex -4.578065e+01  1.397493e+01  1.421085e-14
   endloop
 endfacet
 facet normal  0.000000e+00  0.000000e+00 -1.000000e+00
   outer loop
     vertex -4.228083e+01  1.035296e+01  1.421085e-14
     vertex -4.234766e+01  1.051830e+01  1.421085e-14
     vertex -4.228083e+01  2.964704e+01  1.421085e-14
   endloop
 endfacet
 facet normal  0.000000e+00  0.000000e+00 -1.000000e+00
   outer loop
     vertex -4.611221e+01  1.410631e+01  1.421085e-14
     vertex -4.594553e+01  2.595711e+01  1.421085e-14
     vertex -4.594553e+01  1.404289e+01  1.421085e-14
   endloop
 endfacet
 facet normal  0.000000e+00  0.000000e+00 -1.000000e+00
   outer loop
     vertex -4.611221e+01  1.410631e+01  1.421085e-14
     vertex -4.611221e+01  2.589369e+01  1.421085e-14
     vertex -4.594553e+01  2.595711e+01  1.421085e-14
   endloop
 endfacet
 facet normal  0.000000e+00  0.000000e+00 -1.000000e+00
   outer loop
     vertex -4.611221e+01  1.410631e+01  1.421085e-14
     vertex -4.628057e+01  2.583488e+01  1.421085e-14
     vertex -4.611221e+01  2.589369e+01  1.421085e-14
   endloop
 endfacet
 facet normal  0.000000e+00  0.000000e+00 -1.000000e+00
   outer loop
     vertex -4.221856e+01  1.018585e+01  1.421085e-14
     vertex -4.228083e+01  2.964704e+01  1.421085e-14
     vertex -4.221856e+01  2.981415e+01  1.421085e-14
   endloop
 endfacet
 facet normal  0.000000e+00  0.000000e+00 -1.000000e+00
   outer loop
     vertex -4.221856e+01  1.018585e+01  1.421085e-14
     vertex -4.228083e+01  1.035296e+01  1.421085e-14
     vertex -4.228083e+01  2.964704e+01  1.421085e-14
   endloop
 endfacet
 facet normal  0.000000e+00  0.000000e+00 -1.000000e+00
   outer loop
     vertex -4.628057e+01  1.416512e+01  1.421085e-14
     vertex -4.628057e+01  2.583488e+01  1.421085e-14
     vertex -4.611221e+01  1.410631e+01  1.421085e-14
   endloop
 endfacet
 facet normal  0.000000e+00  0.000000e+00 -1.000000e+00
   outer loop
     vertex -4.216089e+01  1.001709e+01  1.421085e-14
     vertex -4.216089e+01  2.998291e+01  1.421085e-14
     vertex -4.210788e+01  3.015319e+01  1.421085e-14
   endloop
 endfacet
 facet normal  0.000000e+00  0.000000e+00 -1.000000e+00
   outer loop
     vertex -4.216089e+01  1.001709e+01  1.421085e-14
     vertex -4.221856e+01  2.981415e+01  1.421085e-14
     vertex -4.216089e+01  2.998291e+01  1.421085e-14
   endloop
 endfacet
 facet normal  0.000000e+00  0.000000e+00 -1.000000e+00
   outer loop
     vertex -4.216089e+01  1.001709e+01  1.421085e-14
     vertex -4.221856e+01  1.018585e+01  1.421085e-14
     vertex -4.221856e+01  2.981415e+01  1.421085e-14
   endloop
 endfacet
 facet normal  0.000000e+00  0.000000e+00 -1.000000e+00
   outer loop
     vertex -4.645048e+01  1.421930e+01  1.421085e-14
     vertex -4.628057e+01  2.583488e+01  1.421085e-14
     vertex -4.628057e+01  1.416512e+01  1.421085e-14
   endloop
 endfacet
 facet normal  0.000000e+00  0.000000e+00 -1.000000e+00
   outer loop
     vertex -4.645048e+01  1.421930e+01  1.421085e-14
     vertex -4.645048e+01  2.578070e+01  1.421085e-14
     vertex -4.628057e+01  2.583488e+01  1.421085e-14
   endloop
 endfacet
 facet normal  0.000000e+00  0.000000e+00 -1.000000e+00
   outer loop
     vertex -4.210788e+01  9.846812e+00  1.421085e-14
     vertex -4.216089e+01  1.001709e+01  1.421085e-14
     vertex -4.210788e+01  3.015319e+01  1.421085e-14
   endloop
 endfacet
 facet normal  0.000000e+00  0.000000e+00 -1.000000e+00
   outer loop
     vertex -4.662181e+01  1.426880e+01  1.421085e-14
     vertex -4.645048e+01  2.578070e+01  1.421085e-14
     vertex -4.645048e+01  1.421930e+01  1.421085e-14
   endloop
 endfacet
 facet normal  0.000000e+00  0.000000e+00 -1.000000e+00
   outer loop
     vertex -4.662181e+01  1.426880e+01  1.421085e-14
     vertex -4.662181e+01  2.573120e+01  1.421085e-14
     vertex -4.645048e+01  2.578070e+01  1.421085e-14
   endloop
 endfacet
 facet normal  0.000000e+00  0.000000e+00 -1.000000e+00
   outer loop
     vertex -4.662181e+01  1.426880e+01  1.421085e-14
     vertex -4.679444e+01  2.568642e+01  1.421085e-14
     vertex -4.662181e+01  2.573120e+01  1.421085e-14
   endloop
 endfacet
 facet normal  0.000000e+00  0.000000e+00 -1.000000e+00
   outer loop
     vertex -4.205956e+01  9.675145e+00  1.421085e-14
     vertex -4.205956e+01  3.032486e+01  1.421085e-14
     vertex -4.201597e+01  3.049778e+01  1.421085e-14
   endloop
 endfacet
 facet normal  0.000000e+00  0.000000e+00 -1.000000e+00
   outer loop
     vertex -4.205956e+01  9.675145e+00  1.421085e-14
     vertex -4.210788e+01  3.015319e+01  1.421085e-14
     vertex -4.205956e+01  3.032486e+01  1.421085e-14
   endloop
 endfacet
 facet normal  0.000000e+00  0.000000e+00 -1.000000e+00
   outer loop
     vertex -4.205956e+01  9.675145e+00  1.421085e-14
     vertex -4.210788e+01  9.846812e+00  1.421085e-14
     vertex -4.210788e+01  3.015319e+01  1.421085e-14
   endloop
 endfacet
 facet normal  0.000000e+00  0.000000e+00 -1.000000e+00
   outer loop
     vertex -4.679444e+01  1.431358e+01  1.421085e-14
     vertex -4.679444e+01  2.568642e+01  1.421085e-14
     vertex -4.662181e+01  1.426880e+01  1.421085e-14
   endloop
 endfacet
 facet normal  0.000000e+00  0.000000e+00 -1.000000e+00
   outer loop
     vertex -4.201597e+01  9.502217e+00  1.421085e-14
     vertex -4.205956e+01  9.675145e+00  1.421085e-14
     vertex -4.201597e+01  3.049778e+01  1.421085e-14
   endloop
 endfacet
 facet normal  0.000000e+00  0.000000e+00 -1.000000e+00
   outer loop
     vertex -4.696823e+01  1.435360e+01  1.421085e-14
     vertex -4.679444e+01  2.568642e+01  1.421085e-14
     vertex -4.679444e+01  1.431358e+01  1.421085e-14
   endloop
 endfacet
 facet normal  0.000000e+00  0.000000e+00 -1.000000e+00
   outer loop
     vertex -4.696823e+01  1.435360e+01  1.421085e-14
     vertex -4.696823e+01  2.564640e+01  1.421085e-14
     vertex -4.679444e+01  2.568642e+01  1.421085e-14
   endloop
 endfacet
 facet normal  0.000000e+00  0.000000e+00 -1.000000e+00
   outer loop
     vertex -4.197714e+01  9.328157e+00  1.421085e-14
     vertex -4.201597e+01  3.049778e+01  1.421085e-14
     vertex -4.197714e+01  3.067184e+01  1.421085e-14
   endloop
 endfacet
 facet normal  0.000000e+00  0.000000e+00 -1.000000e+00
   outer loop
     vertex -4.197714e+01  9.328157e+00  1.421085e-14
     vertex -4.201597e+01  9.502217e+00  1.421085e-14
     vertex -4.201597e+01  3.049778e+01  1.421085e-14
   endloop
 endfacet
 facet normal  0.000000e+00  0.000000e+00 -1.000000e+00
   outer loop
     vertex -4.714305e+01  1.438884e+01  1.421085e-14
     vertex -4.696823e+01  2.564640e+01  1.421085e-14
     vertex -4.696823e+01  1.435360e+01  1.421085e-14
   endloop
 endfacet
 facet normal  0.000000e+00  0.000000e+00 -1.000000e+00
   outer loop
     vertex -4.714305e+01  1.438884e+01  1.421085e-14
     vertex -4.714305e+01  2.561116e+01  1.421085e-14
     vertex -4.696823e+01  2.564640e+01  1.421085e-14
   endloop
 endfacet
 facet normal  0.000000e+00  0.000000e+00 -1.000000e+00
   outer loop
     vertex -4.714305e+01  1.438884e+01  1.421085e-14
     vertex -4.731877e+01  2.558072e+01  1.421085e-14
     vertex -4.714305e+01  2.561116e+01  1.421085e-14
   endloop
 endfacet
 facet normal  0.000000e+00  0.000000e+00 -1.000000e+00
   outer loop
     vertex -4.194310e+01  9.153099e+00  1.421085e-14
     vertex -4.197714e+01  3.067184e+01  1.421085e-14
     vertex -4.194310e+01  3.084690e+01  1.421085e-14
   endloop
 endfacet
 facet normal  0.000000e+00  0.000000e+00 -1.000000e+00
   outer loop
     vertex -4.194310e+01  9.153099e+00  1.421085e-14
     vertex -4.197714e+01  9.328157e+00  1.421085e-14
     vertex -4.197714e+01  3.067184e+01  1.421085e-14
   endloop
 endfacet
 facet normal  0.000000e+00  0.000000e+00 -1.000000e+00
   outer loop
     vertex -4.731877e+01  1.441928e+01  1.421085e-14
     vertex -4.731877e+01  2.558072e+01  1.421085e-14
     vertex -4.714305e+01  1.438884e+01  1.421085e-14
   endloop
 endfacet
 facet normal  0.000000e+00  0.000000e+00 -1.000000e+00
   outer loop
     vertex -4.191387e+01  8.977172e+00  1.421085e-14
     vertex -4.194310e+01  9.153099e+00  1.421085e-14
     vertex -4.194310e+01  3.084690e+01  1.421085e-14
   endloop
 endfacet
 facet normal  0.000000e+00  0.000000e+00 -1.000000e+00
   outer loop
     vertex -4.191387e+01  8.977172e+00  1.421085e-14
     vertex -4.194310e+01  3.084690e+01  1.421085e-14
     vertex -4.191387e+01  3.102283e+01  1.421085e-14
   endloop
 endfacet
 facet normal  1.077283e-16  2.777710e-31 -1.000000e+00
   outer loop
     vertex -4.191387e+01  8.977172e+00  1.421085e-14
     vertex -4.191387e+01  3.102283e+01  1.421085e-14
     vertex  9.000000e+01  5.000000e+01  2.842171e-14
   endloop
 endfacet
 facet normal  0.000000e+00  0.000000e+00 -1.000000e+00
   outer loop
     vertex -4.749526e+01  1.444488e+01  1.421085e-14
     vertex -4.731877e+01  2.558072e+01  1.421085e-14
     vertex -4.731877e+01  1.441928e+01  1.421085e-14
   endloop
 endfacet
 facet normal  0.000000e+00  0.000000e+00 -1.000000e+00
   outer loop
     vertex -4.749526e+01  1.444488e+01  1.421085e-14
     vertex -4.749526e+01  2.555512e+01  1.421085e-14
     vertex -4.731877e+01  2.558072e+01  1.421085e-14
   endloop
 endfacet
 facet normal  0.000000e+00  0.000000e+00 -1.000000e+00
   outer loop
     vertex -4.749526e+01  1.444488e+01  1.421085e-14
     vertex -4.767239e+01  2.553438e+01  1.421085e-14
     vertex -4.749526e+01  2.555512e+01  1.421085e-14
   endloop
 endfacet
 facet normal  1.032936e-16  1.426016e-17 -1.000000e+00
   outer loop
     vertex -4.188948e+01  8.800509e+00  1.421085e-14
     vertex -4.191387e+01  8.977172e+00  1.421085e-14
     vertex  9.000000e+01  5.000000e+01  2.842171e-14
   endloop
 endfacet
 facet normal  0.000000e+00  0.000000e+00 -1.000000e+00
   outer loop
     vertex -4.767239e+01  1.446562e+01  1.421085e-14
     vertex -4.767239e+01  2.553438e+01  1.421085e-14
     vertex -4.749526e+01  1.444488e+01  1.421085e-14
   endloop
 endfacet
 facet normal  1.041627e-16  1.147798e-17 -1.000000e+00
   outer loop
     vertex -4.186995e+01  8.623244e+00  1.421085e-14
     vertex -4.188948e+01  8.800509e+00  1.421085e-14
     vertex  9.000000e+01  5.000000e+01  2.842171e-14
   endloop
 endfacet
 facet normal  0.000000e+00  0.000000e+00 -1.000000e+00
   outer loop
     vertex -4.785002e+01  1.448151e+01  1.421085e-14
     vertex -4.767239e+01  2.553438e+01  1.421085e-14
     vertex -4.767239e+01  1.446562e+01  1.421085e-14
   endloop
 endfacet
 facet normal  0.000000e+00  0.000000e+00 -1.000000e+00
   outer loop
     vertex -4.785002e+01  1.448151e+01  1.421085e-14
     vertex -4.785002e+01  2.551849e+01  1.421085e-14
     vertex -4.767239e+01  2.553438e+01  1.421085e-14
   endloop
 endfacet
 facet normal  0.000000e+00  0.000000e+00 -1.000000e+00
   outer loop
     vertex -4.785002e+01  1.448151e+01  1.421085e-14
     vertex -4.802802e+01  2.550749e+01  1.421085e-14
     vertex -4.785002e+01  2.551849e+01  1.421085e-14
   endloop
 endfacet
 facet normal  1.050450e-16  8.666095e-18 -1.000000e+00
   outer loop
     vertex -4.185529e+01  8.445510e+00  1.421085e-14
     vertex -4.186995e+01  8.623244e+00  1.421085e-14
     vertex  9.000000e+01  5.000000e+01  2.842171e-14
   endloop
 endfacet
 facet normal  0.000000e+00  0.000000e+00 -1.000000e+00
   outer loop
     vertex -4.802802e+01  1.449251e+01  1.421085e-14
     vertex -4.802802e+01  2.550749e+01  1.421085e-14
     vertex -4.785002e+01  1.448151e+01  1.421085e-14
   endloop
 endfacet
 facet normal  1.059421e-16  5.819416e-18 -1.000000e+00
   outer loop
     vertex -4.184550e+01  8.267440e+00  1.421085e-14
     vertex -4.185529e+01  8.445510e+00  1.421085e-14
     vertex  9.000000e+01  5.000000e+01  2.842171e-14
   endloop
 endfacet
 facet normal  0.000000e+00  0.000000e+00 -1.000000e+00
   outer loop
     vertex -4.820625e+01  1.449862e+01  1.421085e-14
     vertex -4.802802e+01  2.550749e+01  1.421085e-14
     vertex -4.802802e+01  1.449251e+01  1.421085e-14
   endloop
 endfacet
 facet normal  0.000000e+00  0.000000e+00 -1.000000e+00
   outer loop
     vertex -4.820625e+01  1.449862e+01  1.421085e-14
     vertex -4.820625e+01  2.550138e+01  1.421085e-14
     vertex -4.802802e+01  2.550749e+01  1.421085e-14
   endloop
 endfacet
 facet normal  1.068559e-16  2.932594e-18 -1.000000e+00
   outer loop
     vertex -4.184061e+01  8.089169e+00  1.421085e-14
     vertex -4.184550e+01  8.267440e+00  1.421085e-14
     vertex  9.000000e+01  5.000000e+01  2.842171e-14
   endloop
 endfacet
 facet normal  0.000000e+00  0.000000e+00 -1.000000e+00
   outer loop
     vertex -4.838459e+01  1.449985e+01  1.421085e-14
     vertex -4.820625e+01  2.550138e+01  1.421085e-14
     vertex -4.820625e+01  1.449862e+01  1.421085e-14
   endloop
 endfacet
 facet normal  0.000000e+00  0.000000e+00 -1.000000e+00
   outer loop
     vertex -4.838459e+01  1.449985e+01  1.421085e-14
     vertex -4.838459e+01  2.550015e+01  1.421085e-14
     vertex -4.820625e+01  2.550138e+01  1.421085e-14
   endloop
 endfacet
 facet normal  1.077881e-16  0.000000e+00 -1.000000e+00
   outer loop
     vertex -4.184061e+01  7.910831e+00  1.421085e-14
     vertex -4.184061e+01  8.089169e+00  1.421085e-14
     vertex  9.000000e+01  5.000000e+01  2.842171e-14
   endloop
 endfacet
 facet normal  0.000000e+00  0.000000e+00 -1.000000e+00
   outer loop
     vertex -4.856289e+01  1.449618e+01  1.421085e-14
     vertex -4.856289e+01  2.550382e+01  1.421085e-14
     vertex -4.838459e+01  2.550015e+01  1.421085e-14
   endloop
 endfacet
 facet normal  0.000000e+00  0.000000e+00 -1.000000e+00
   outer loop
     vertex -4.856289e+01  1.449618e+01  1.421085e-14
     vertex -4.838459e+01  2.550015e+01  1.421085e-14
     vertex -4.838459e+01  1.449985e+01  1.421085e-14
   endloop
 endfacet
 facet normal  1.087409e-16 -2.984325e-18 -1.000000e+00
   outer loop
     vertex -4.184550e+01  7.732560e+00  1.421085e-14
     vertex -4.184061e+01  7.910831e+00  1.421085e-14
     vertex  9.000000e+01  5.000000e+01  2.842171e-14
   endloop
 endfacet
 facet normal  0.000000e+00  0.000000e+00 -1.000000e+00
   outer loop
     vertex -4.874102e+01  1.448762e+01  1.421085e-14
     vertex -4.856289e+01  2.550382e+01  1.421085e-14
     vertex -4.856289e+01  1.449618e+01  1.421085e-14
   endloop
 endfacet
 facet normal  0.000000e+00  0.000000e+00 -1.000000e+00
   outer loop
     vertex -4.874102e+01  1.448762e+01  1.421085e-14
     vertex -4.874102e+01  2.551238e+01  1.421085e-14
     vertex -4.856289e+01  2.550382e+01  1.421085e-14
   endloop
 endfacet
 facet normal  0.000000e+00  0.000000e+00 -1.000000e+00
   outer loop
     vertex -4.891885e+01  1.447417e+01  1.421085e-14
     vertex -4.874102e+01  2.551238e+01  1.421085e-14
     vertex -4.874102e+01  1.448762e+01  1.421085e-14
   endloop
 endfacet
 facet normal  0.000000e+00  0.000000e+00 -1.000000e+00
   outer loop
     vertex -4.891885e+01  1.447417e+01  1.421085e-14
     vertex -4.891885e+01  2.552583e+01  1.421085e-14
     vertex -4.874102e+01  2.551238e+01  1.421085e-14
   endloop
 endfacet
 facet normal  0.000000e+00  0.000000e+00 -1.000000e+00
   outer loop
     vertex -4.909624e+01  1.445586e+01  1.421085e-14
     vertex -4.891885e+01  2.552583e+01  1.421085e-14
     vertex -4.891885e+01  1.447417e+01  1.421085e-14
   endloop
 endfacet
 facet normal  0.000000e+00  0.000000e+00 -1.000000e+00
   outer loop
     vertex -4.909624e+01  1.445586e+01  1.421085e-14
     vertex -4.909624e+01  2.554414e+01  1.421085e-14
     vertex -4.891885e+01  2.552583e+01  1.421085e-14
   endloop
 endfacet
 facet normal  0.000000e+00  0.000000e+00 -1.000000e+00
   outer loop
     vertex -4.927307e+01  1.443268e+01  1.421085e-14
     vertex -4.909624e+01  2.554414e+01  1.421085e-14
     vertex -4.909624e+01  1.445586e+01  1.421085e-14
   endloop
 endfacet
 facet normal  0.000000e+00  0.000000e+00 -1.000000e+00
   outer loop
     vertex -4.927307e+01  1.443268e+01  1.421085e-14
     vertex -4.927307e+01  2.556732e+01  1.421085e-14
     vertex -4.909624e+01  2.554414e+01  1.421085e-14
   endloop
 endfacet
 facet normal  0.000000e+00  0.000000e+00 -1.000000e+00
   outer loop
     vertex -4.944919e+01  1.440466e+01  1.421085e-14
     vertex -4.927307e+01  2.556732e+01  1.421085e-14
     vertex -4.927307e+01  1.443268e+01  1.421085e-14
   endloop
 endfacet
 facet normal  0.000000e+00  0.000000e+00 -1.000000e+00
   outer loop
     vertex -4.944919e+01  1.440466e+01  1.421085e-14
     vertex -4.944919e+01  2.559534e+01  1.421085e-14
     vertex -4.927307e+01  2.556732e+01  1.421085e-14
   endloop
 endfacet
 facet normal  0.000000e+00  0.000000e+00 -1.000000e+00
   outer loop
     vertex -4.962448e+01  1.437182e+01  1.421085e-14
     vertex -4.962448e+01  2.562818e+01  1.421085e-14
     vertex -4.944919e+01  2.559534e+01  1.421085e-14
   endloop
 endfacet
 facet normal  0.000000e+00  0.000000e+00 -1.000000e+00
   outer loop
     vertex -4.962448e+01  1.437182e+01  1.421085e-14
     vertex -4.944919e+01  2.559534e+01  1.421085e-14
     vertex -4.944919e+01  1.440466e+01  1.421085e-14
   endloop
 endfacet
 facet normal  0.000000e+00  0.000000e+00 -1.000000e+00
   outer loop
     vertex -4.979880e+01  1.433418e+01  1.421085e-14
     vertex -4.979880e+01  2.566582e+01  1.421085e-14
     vertex -4.962448e+01  2.562818e+01  1.421085e-14
   endloop
 endfacet
 facet normal  0.000000e+00  0.000000e+00 -1.000000e+00
   outer loop
     vertex -4.979880e+01  1.433418e+01  1.421085e-14
     vertex -4.997203e+01  2.570822e+01  1.421085e-14
     vertex -4.979880e+01  2.566582e+01  1.421085e-14
   endloop
 endfacet
 facet normal  0.000000e+00  0.000000e+00 -1.000000e+00
   outer loop
     vertex -4.979880e+01  1.433418e+01  1.421085e-14
     vertex -4.962448e+01  2.562818e+01  1.421085e-14
     vertex -4.962448e+01  1.437182e+01  1.421085e-14
   endloop
 endfacet
 facet normal  0.000000e+00  0.000000e+00 -1.000000e+00
   outer loop
     vertex -4.997203e+01  1.429178e+01  1.421085e-14
     vertex -4.997203e+01  2.570822e+01  1.421085e-14
     vertex -4.979880e+01  1.433418e+01  1.421085e-14
   endloop
 endfacet
 facet normal  0.000000e+00  0.000000e+00 -1.000000e+00
   outer loop
     vertex -5.014402e+01  1.424464e+01  1.421085e-14
     vertex -5.014402e+01  2.575536e+01  1.421085e-14
     vertex -4.997203e+01  2.570822e+01  1.421085e-14
   endloop
 endfacet
 facet normal  0.000000e+00  0.000000e+00 -1.000000e+00
   outer loop
     vertex -5.014402e+01  1.424464e+01  1.421085e-14
     vertex -5.031466e+01  2.580720e+01  1.421085e-14
     vertex -5.014402e+01  2.575536e+01  1.421085e-14
   endloop
 endfacet
 facet normal  0.000000e+00  0.000000e+00 -1.000000e+00
   outer loop
     vertex -5.014402e+01  1.424464e+01  1.421085e-14
     vertex -4.997203e+01  2.570822e+01  1.421085e-14
     vertex -4.997203e+01  1.429178e+01  1.421085e-14
   endloop
 endfacet
 facet normal  0.000000e+00  0.000000e+00 -1.000000e+00
   outer loop
     vertex -5.031466e+01  1.419280e+01  1.421085e-14
     vertex -5.031466e+01  2.580720e+01  1.421085e-14
     vertex -5.014402e+01  1.424464e+01  1.421085e-14
   endloop
 endfacet
 facet normal  0.000000e+00  0.000000e+00 -1.000000e+00
   outer loop
     vertex -5.048381e+01  1.413629e+01  1.421085e-14
     vertex -5.031466e+01  2.580720e+01  1.421085e-14
     vertex -5.031466e+01  1.419280e+01  1.421085e-14
   endloop
 endfacet
 facet normal  0.000000e+00  0.000000e+00 -1.000000e+00
   outer loop
     vertex -5.048381e+01  1.413629e+01  1.421085e-14
     vertex -5.048381e+01  2.586371e+01  1.421085e-14
     vertex -5.031466e+01  2.580720e+01  1.421085e-14
   endloop
 endfacet
 facet normal  0.000000e+00  0.000000e+00 -1.000000e+00
   outer loop
     vertex -5.065134e+01  1.407517e+01  1.421085e-14
     vertex -5.048381e+01  2.586371e+01  1.421085e-14
     vertex -5.048381e+01  1.413629e+01  1.421085e-14
   endloop
 endfacet
 facet normal  0.000000e+00  0.000000e+00 -1.000000e+00
   outer loop
     vertex -5.065134e+01  1.407517e+01  1.421085e-14
     vertex -5.065134e+01  2.592483e+01  1.421085e-14
     vertex -5.048381e+01  2.586371e+01  1.421085e-14
   endloop
 endfacet
 facet normal  0.000000e+00  0.000000e+00 -1.000000e+00
   outer loop
     vertex -5.065134e+01  1.407517e+01  1.421085e-14
     vertex -5.081714e+01  2.599053e+01  1.421085e-14
     vertex -5.065134e+01  2.592483e+01  1.421085e-14
   endloop
 endfacet
 facet normal  0.000000e+00  0.000000e+00 -1.000000e+00
   outer loop
     vertex -5.081714e+01  1.400947e+01  1.421085e-14
     vertex -5.081714e+01  2.599053e+01  1.421085e-14
     vertex -5.065134e+01  1.407517e+01  1.421085e-14
   endloop
 endfacet
 facet normal  0.000000e+00  0.000000e+00 -1.000000e+00
   outer loop
     vertex -5.081714e+01  1.400947e+01  1.421085e-14
     vertex -5.098107e+01  2.606075e+01  1.421085e-14
     vertex -5.081714e+01  2.599053e+01  1.421085e-14
   endloop
 endfacet
 facet normal  0.000000e+00  0.000000e+00 -1.000000e+00
   outer loop
     vertex -5.098107e+01  1.393925e+01  1.421085e-14
     vertex -5.098107e+01  2.606075e+01  1.421085e-14
     vertex -5.081714e+01  1.400947e+01  1.421085e-14
   endloop
 endfacet
 facet normal  0.000000e+00  0.000000e+00 -1.000000e+00
   outer loop
     vertex -5.114302e+01  1.386456e+01  1.421085e-14
     vertex -5.098107e+01  2.606075e+01  1.421085e-14
     vertex -5.098107e+01  1.393925e+01  1.421085e-14
   endloop
 endfacet
 facet normal  0.000000e+00  0.000000e+00 -1.000000e+00
   outer loop
     vertex -5.114302e+01  1.386456e+01  1.421085e-14
     vertex -5.114302e+01  2.613544e+01  1.421085e-14
     vertex -5.098107e+01  2.606075e+01  1.421085e-14
   endloop
 endfacet
 facet normal  0.000000e+00  0.000000e+00 -1.000000e+00
   outer loop
     vertex -5.130285e+01  1.378546e+01  1.421085e-14
     vertex -5.114302e+01  2.613544e+01  1.421085e-14
     vertex -5.114302e+01  1.386456e+01  1.421085e-14
   endloop
 endfacet
 facet normal  0.000000e+00  0.000000e+00 -1.000000e+00
   outer loop
     vertex -5.130285e+01  1.378546e+01  1.421085e-14
     vertex -5.130285e+01  2.621454e+01  1.421085e-14
     vertex -5.114302e+01  2.613544e+01  1.421085e-14
   endloop
 endfacet
 facet normal  0.000000e+00  0.000000e+00 -1.000000e+00
   outer loop
     vertex -5.146045e+01  1.370200e+01  1.421085e-14
     vertex -5.130285e+01  2.621454e+01  1.421085e-14
     vertex -5.130285e+01  1.378546e+01  1.421085e-14
   endloop
 endfacet
 facet normal  0.000000e+00  0.000000e+00 -1.000000e+00
   outer loop
     vertex -5.146045e+01  1.370200e+01  1.421085e-14
     vertex -5.146045e+01  2.629800e+01  1.421085e-14
     vertex -5.130285e+01  2.621454e+01  1.421085e-14
   endloop
 endfacet
 facet normal  0.000000e+00  0.000000e+00 -1.000000e+00
   outer loop
     vertex -5.146045e+01  1.370200e+01  1.421085e-14
     vertex -5.161571e+01  2.638576e+01  1.421085e-14
     vertex -5.146045e+01  2.629800e+01  1.421085e-14
   endloop
 endfacet
 facet normal  0.000000e+00  0.000000e+00 -1.000000e+00
   outer loop
     vertex -5.161571e+01  1.361424e+01  1.421085e-14
     vertex -5.161571e+01  2.638576e+01  1.421085e-14
     vertex -5.146045e+01  1.370200e+01  1.421085e-14
   endloop
 endfacet
 facet normal  0.000000e+00  0.000000e+00 -1.000000e+00
   outer loop
     vertex -5.161571e+01  1.361424e+01  1.421085e-14
     vertex -5.176850e+01  2.647773e+01  1.421085e-14
     vertex -5.161571e+01  2.638576e+01  1.421085e-14
   endloop
 endfacet
 facet normal  0.000000e+00  0.000000e+00 -1.000000e+00
   outer loop
     vertex -5.176850e+01  1.352227e+01  1.421085e-14
     vertex -5.176850e+01  2.647773e+01  1.421085e-14
     vertex -5.161571e+01  1.361424e+01  1.421085e-14
   endloop
 endfacet
 facet normal  0.000000e+00  0.000000e+00 -1.000000e+00
   outer loop
     vertex -5.191870e+01  1.342613e+01  1.421085e-14
     vertex -5.176850e+01  2.647773e+01  1.421085e-14
     vertex -5.176850e+01  1.352227e+01  1.421085e-14
   endloop
 endfacet
 facet normal  0.000000e+00  0.000000e+00 -1.000000e+00
   outer loop
     vertex -5.191870e+01  1.342613e+01  1.421085e-14
     vertex -5.191870e+01  2.657387e+01  1.421085e-14
     vertex -5.176850e+01  2.647773e+01  1.421085e-14
   endloop
 endfacet
 facet normal  0.000000e+00  0.000000e+00 -1.000000e+00
   outer loop
     vertex -5.206622e+01  1.332591e+01  1.421085e-14
     vertex -5.191870e+01  2.657387e+01  1.421085e-14
     vertex -5.191870e+01  1.342613e+01  1.421085e-14
   endloop
 endfacet
 facet normal  0.000000e+00  0.000000e+00 -1.000000e+00
   outer loop
     vertex -5.206622e+01  1.332591e+01  1.421085e-14
     vertex -5.206622e+01  2.667409e+01  1.421085e-14
     vertex -5.191870e+01  2.657387e+01  1.421085e-14
   endloop
 endfacet
 facet normal  0.000000e+00  0.000000e+00 -1.000000e+00
   outer loop
     vertex -5.206622e+01  1.332591e+01  1.421085e-14
     vertex -5.221093e+01  2.677832e+01  1.421085e-14
     vertex -5.206622e+01  2.667409e+01  1.421085e-14
   endloop
 endfacet
 facet normal  0.000000e+00  0.000000e+00 -1.000000e+00
   outer loop
     vertex -5.221093e+01  1.322168e+01  1.421085e-14
     vertex -5.221093e+01  2.677832e+01  1.421085e-14
     vertex -5.206622e+01  1.332591e+01  1.421085e-14
   endloop
 endfacet
 facet normal  0.000000e+00  0.000000e+00 -1.000000e+00
   outer loop
     vertex -5.235272e+01  1.311352e+01  1.421085e-14
     vertex -5.221093e+01  2.677832e+01  1.421085e-14
     vertex -5.221093e+01  1.322168e+01  1.421085e-14
   endloop
 endfacet
 facet normal  0.000000e+00  0.000000e+00 -1.000000e+00
   outer loop
     vertex -5.235272e+01  1.311352e+01  1.421085e-14
     vertex -5.235272e+01  2.688648e+01  1.421085e-14
     vertex -5.221093e+01  2.677832e+01  1.421085e-14
   endloop
 endfacet
 facet normal  0.000000e+00  0.000000e+00 -1.000000e+00
   outer loop
     vertex -5.249150e+01  1.300151e+01  1.421085e-14
     vertex -5.235272e+01  2.688648e+01  1.421085e-14
     vertex -5.235272e+01  1.311352e+01  1.421085e-14
   endloop
 endfacet
 facet normal  0.000000e+00  0.000000e+00 -1.000000e+00
   outer loop
     vertex -5.249150e+01  1.300151e+01  1.421085e-14
     vertex -5.249150e+01  2.699849e+01  1.421085e-14
     vertex -5.235272e+01  2.688648e+01  1.421085e-14
   endloop
 endfacet
 facet normal  0.000000e+00  0.000000e+00 -1.000000e+00
   outer loop
     vertex -5.262714e+01  1.288573e+01  1.421085e-14
     vertex -5.262714e+01  2.711427e+01  1.421085e-14
     vertex -5.249150e+01  2.699849e+01  1.421085e-14
   endloop
 endfacet
 facet normal  0.000000e+00  0.000000e+00 -1.000000e+00
   outer loop
     vertex -5.262714e+01  1.288573e+01  1.421085e-14
     vertex -5.249150e+01  2.699849e+01  1.421085e-14
     vertex -5.249150e+01  1.300151e+01  1.421085e-14
   endloop
 endfacet
 facet normal  0.000000e+00  0.000000e+00 -1.000000e+00
   outer loop
     vertex -5.275957e+01  1.276628e+01  1.421085e-14
     vertex -5.275957e+01  2.723372e+01  1.421085e-14
     vertex -5.262714e+01  2.711427e+01  1.421085e-14
   endloop
 endfacet
 facet normal  0.000000e+00  0.000000e+00 -1.000000e+00
   outer loop
     vertex -5.275957e+01  1.276628e+01  1.421085e-14
     vertex -5.288866e+01  2.735676e+01  1.421085e-14
     vertex -5.275957e+01  2.723372e+01  1.421085e-14
   endloop
 endfacet
 facet normal  0.000000e+00  0.000000e+00 -1.000000e+00
   outer loop
     vertex -5.275957e+01  1.276628e+01  1.421085e-14
     vertex -5.262714e+01  2.711427e+01  1.421085e-14
     vertex -5.262714e+01  1.288573e+01  1.421085e-14
   endloop
 endfacet
 facet normal  4.013577e-16 -5.506470e-18 -1.000000e+00
   outer loop
     vertex -9.000000e+01  5.000000e+01  0.000000e+00
     vertex -5.483755e+01  3.217832e+01  1.421085e-14
     vertex -5.484000e+01  3.200000e+01  1.421085e-14
   endloop
 endfacet
 facet normal  3.958860e-16 -1.630238e-17 -1.000000e+00
   outer loop
     vertex -9.000000e+01  5.000000e+01  0.000000e+00
     vertex -5.483022e+01  3.235651e+01  1.421085e-14
     vertex -5.483755e+01  3.217832e+01  1.421085e-14
   endloop
 endfacet
 facet normal  3.906021e-16 -2.683496e-17 -1.000000e+00
   outer loop
     vertex -9.000000e+01  5.000000e+01  0.000000e+00
     vertex -5.481799e+01  3.253443e+01  1.421085e-14
     vertex -5.483022e+01  3.235651e+01  1.421085e-14
   endloop
 endfacet
 facet normal  3.854897e-16 -3.713326e-17 -1.000000e+00
   outer loop
     vertex -9.000000e+01  5.000000e+01  0.000000e+00
     vertex -5.480089e+01  3.271194e+01  1.421085e-14
     vertex -5.481799e+01  3.253443e+01  1.421085e-14
   endloop
 endfacet
 facet normal  3.805335e-16 -4.722420e-17 -1.000000e+00
   outer loop
     vertex -9.000000e+01  5.000000e+01  0.000000e+00
     vertex -5.477893e+01  3.288892e+01  1.421085e-14
     vertex -5.480089e+01  3.271194e+01  1.421085e-14
   endloop
 endfacet
 facet normal  3.757197e-16 -5.713279e-17 -1.000000e+00
   outer loop
     vertex -9.000000e+01  5.000000e+01  0.000000e+00
     vertex -5.475212e+01  3.306524e+01  1.421085e-14
     vertex -5.477893e+01  3.288892e+01  1.421085e-14
   endloop
 endfacet
 facet normal  3.710355e-16 -6.688245e-17 -1.000000e+00
   outer loop
     vertex -9.000000e+01  5.000000e+01  0.000000e+00
     vertex -5.472048e+01  3.324074e+01  1.421085e-14
     vertex -5.475212e+01  3.306524e+01  1.421085e-14
   endloop
 endfacet
 facet normal  3.664690e-16 -7.649525e-17 -1.000000e+00
   outer loop
     vertex -9.000000e+01  5.000000e+01  0.000000e+00
     vertex -5.468404e+01  3.341532e+01  1.421085e-14
     vertex -5.472048e+01  3.324074e+01  1.421085e-14
   endloop
 endfacet
 facet normal  3.620093e-16 -8.599206e-17 -1.000000e+00
   outer loop
     vertex -9.000000e+01  5.000000e+01  0.000000e+00
     vertex -5.464283e+01  3.358883e+01  1.421085e-14
     vertex -5.468404e+01  3.341532e+01  1.421085e-14
   endloop
 endfacet
 facet normal  3.576459e-16 -9.539283e-17 -1.000000e+00
   outer loop
     vertex -9.000000e+01  5.000000e+01  0.000000e+00
     vertex -5.459687e+01  3.376114e+01  1.421085e-14
     vertex -5.464283e+01  3.358883e+01  1.421085e-14
   endloop
 endfacet
 facet normal  3.533692e-16 -1.047167e-16 -1.000000e+00
   outer loop
     vertex -9.000000e+01  5.000000e+01  0.000000e+00
     vertex -5.454620e+01  3.393213e+01  1.421085e-14
     vertex -5.459687e+01  3.376114e+01  1.421085e-14
   endloop
 endfacet
 facet normal  3.491700e-16 -1.139820e-16 -1.000000e+00
   outer loop
     vertex -9.000000e+01  5.000000e+01  0.000000e+00
     vertex -5.449085e+01  3.410167e+01  1.421085e-14
     vertex -5.454620e+01  3.393213e+01  1.421085e-14
   endloop
 endfacet
 facet normal  3.450398e-16 -1.232070e-16 -1.000000e+00
   outer loop
     vertex -9.000000e+01  5.000000e+01  0.000000e+00
     vertex -5.443088e+01  3.426962e+01  1.421085e-14
     vertex -5.449085e+01  3.410167e+01  1.421085e-14
   endloop
 endfacet
 facet normal  3.409702e-16 -1.324091e-16 -1.000000e+00
   outer loop
     vertex -9.000000e+01  5.000000e+01  0.000000e+00
     vertex -5.436632e+01  3.443586e+01  1.421085e-14
     vertex -5.443088e+01  3.426962e+01  1.421085e-14
   endloop
 endfacet
 facet normal  3.369532e-16 -1.416058e-16 -1.000000e+00
   outer loop
     vertex -9.000000e+01  5.000000e+01  0.000000e+00
     vertex -5.429723e+01  3.460027e+01  1.421085e-14
     vertex -5.436632e+01  3.443586e+01  1.421085e-14
   endloop
 endfacet
 facet normal  4.909230e-16  1.602555e-16 -1.000000e+00
   outer loop
     vertex -9.000000e+01  5.000000e+01  0.000000e+00
     vertex -5.454620e+01  3.006787e+01  1.421085e-14
     vertex -5.449085e+01  2.989833e+01  1.421085e-14
   endloop
 endfacet
 facet normal  3.329812e-16 -1.508145e-16 -1.000000e+00
   outer loop
     vertex -9.000000e+01  5.000000e+01  0.000000e+00
     vertex -5.422365e+01  3.476272e+01  1.421085e-14
     vertex -5.429723e+01  3.460027e+01  1.421085e-14
   endloop
 endfacet
 facet normal  4.809550e-16  1.425252e-16 -1.000000e+00
   outer loop
     vertex -9.000000e+01  5.000000e+01  0.000000e+00
     vertex -5.459687e+01  3.023886e+01  1.421085e-14
     vertex -5.454620e+01  3.006787e+01  1.421085e-14
   endloop
 endfacet
 facet normal  3.290468e-16 -1.600524e-16 -1.000000e+00
   outer loop
     vertex -9.000000e+01  5.000000e+01  0.000000e+00
     vertex -5.414564e+01  3.492310e+01  1.421085e-14
     vertex -5.422365e+01  3.476272e+01  1.421085e-14
   endloop
 endfacet
 facet normal  4.716144e-16  1.257910e-16 -1.000000e+00
   outer loop
     vertex -9.000000e+01  5.000000e+01  0.000000e+00
     vertex -5.464283e+01  3.041117e+01  1.421085e-14
     vertex -5.459687e+01  3.023886e+01  1.421085e-14
   endloop
 endfacet
 facet normal  3.251425e-16 -1.693372e-16 -1.000000e+00
   outer loop
     vertex -9.000000e+01  5.000000e+01  0.000000e+00
     vertex -5.406327e+01  3.508127e+01  1.421085e-14
     vertex -5.414564e+01  3.492310e+01  1.421085e-14
   endloop
 endfacet
 facet normal  4.628337e-16  1.099420e-16 -1.000000e+00
   outer loop
     vertex -9.000000e+01  5.000000e+01  0.000000e+00
     vertex -5.468404e+01  3.058468e+01  1.421085e-14
     vertex -5.464283e+01  3.041117e+01  1.421085e-14
   endloop
 endfacet
 facet normal  3.212612e-16 -1.786866e-16 -1.000000e+00
   outer loop
     vertex -9.000000e+01  5.000000e+01  0.000000e+00
     vertex -5.397658e+01  3.523712e+01  1.421085e-14
     vertex -5.406327e+01  3.508127e+01  1.421085e-14
   endloop
 endfacet
 facet normal  4.545541e-16  9.488176e-17 -1.000000e+00
   outer loop
     vertex -9.000000e+01  5.000000e+01  0.000000e+00
     vertex -5.472048e+01  3.075926e+01  1.421085e-14
     vertex -5.468404e+01  3.058468e+01  1.421085e-14
   endloop
 endfacet
 facet normal  3.173957e-16 -1.881189e-16 -1.000000e+00
   outer loop
     vertex -9.000000e+01  5.000000e+01  0.000000e+00
     vertex -5.388565e+01  3.539054e+01  1.421085e-14
     vertex -5.397658e+01  3.523712e+01  1.421085e-14
   endloop
 endfacet
 facet normal  4.467248e-16  8.052612e-17 -1.000000e+00
   outer loop
     vertex -9.000000e+01  5.000000e+01  0.000000e+00
     vertex -5.475212e+01  3.093476e+01  1.421085e-14
     vertex -5.472048e+01  3.075926e+01  1.421085e-14
   endloop
 endfacet
 facet normal  3.135389e-16 -1.976529e-16 -1.000000e+00
   outer loop
     vertex -9.000000e+01  5.000000e+01  0.000000e+00
     vertex -5.379055e+01  3.554140e+01  1.421085e-14
     vertex -5.388565e+01  3.539054e+01  1.421085e-14
   endloop
 endfacet
 facet normal  4.393011e-16  6.680111e-17 -1.000000e+00
   outer loop
     vertex -9.000000e+01  5.000000e+01  0.000000e+00
     vertex -5.477893e+01  3.111108e+01  1.421085e-14
     vertex -5.475212e+01  3.093476e+01  1.421085e-14
   endloop
 endfacet
 facet normal  3.096835e-16 -2.073082e-16 -1.000000e+00
   outer loop
     vertex -9.000000e+01  5.000000e+01  0.000000e+00
     vertex -5.369134e+01  3.568960e+01  1.421085e-14
     vertex -5.379055e+01  3.554140e+01  1.421085e-14
   endloop
 endfacet
 facet normal  4.322436e-16  5.364142e-17 -1.000000e+00
   outer loop
     vertex -9.000000e+01  5.000000e+01  0.000000e+00
     vertex -5.480089e+01  3.128806e+01  1.421085e-14
     vertex -5.477893e+01  3.111108e+01  1.421085e-14
   endloop
 endfacet
 facet normal  3.058222e-16 -2.171051e-16 -1.000000e+00
   outer loop
     vertex -9.000000e+01  5.000000e+01  0.000000e+00
     vertex -5.358811e+01  3.583502e+01  1.421085e-14
     vertex -5.369134e+01  3.568960e+01  1.421085e-14
   endloop
 endfacet
 facet normal  4.255176e-16  4.098905e-17 -1.000000e+00
   outer loop
     vertex -9.000000e+01  5.000000e+01  0.000000e+00
     vertex -5.481799e+01  3.146557e+01  1.421085e-14
     vertex -5.480089e+01  3.128806e+01  1.421085e-14
   endloop
 endfacet
 facet normal  3.019476e-16 -2.270651e-16 -1.000000e+00
   outer loop
     vertex -9.000000e+01  5.000000e+01  0.000000e+00
     vertex -5.348092e+01  3.597755e+01  1.421085e-14
     vertex -5.358811e+01  3.583502e+01  1.421085e-14
   endloop
 endfacet
 facet normal  4.190921e-16  2.879226e-17 -1.000000e+00
   outer loop
     vertex -9.000000e+01  5.000000e+01  0.000000e+00
     vertex -5.483022e+01  3.164349e+01  1.421085e-14
     vertex -5.481799e+01  3.146557e+01  1.421085e-14
   endloop
 endfacet
 facet normal  2.980518e-16 -2.372109e-16 -1.000000e+00
   outer loop
     vertex -9.000000e+01  5.000000e+01  0.000000e+00
     vertex -5.336987e+01  3.611709e+01  1.421085e-14
     vertex -5.348092e+01  3.597755e+01  1.421085e-14
   endloop
 endfacet
 facet normal  4.129397e-16  1.700465e-17 -1.000000e+00
   outer loop
     vertex -9.000000e+01  5.000000e+01  0.000000e+00
     vertex -5.483755e+01  3.182168e+01  1.421085e-14
     vertex -5.483022e+01  3.164349e+01  1.421085e-14
   endloop
 endfacet
 facet normal  2.941269e-16 -2.475668e-16 -1.000000e+00
   outer loop
     vertex -9.000000e+01  5.000000e+01  0.000000e+00
     vertex -5.325503e+01  3.625353e+01  1.421085e-14
     vertex -5.336987e+01  3.611709e+01  1.421085e-14
   endloop
 endfacet
 facet normal  4.070356e-16  5.584369e-18 -1.000000e+00
   outer loop
     vertex -9.000000e+01  5.000000e+01  0.000000e+00
     vertex -5.484000e+01  3.200000e+01  1.421085e-14
     vertex -5.483755e+01  3.182168e+01  1.421085e-14
   endloop
 endfacet
 facet normal  2.901645e-16 -2.581584e-16 -1.000000e+00
   outer loop
     vertex -9.000000e+01  5.000000e+01  0.000000e+00
     vertex -5.313648e+01  3.638677e+01  1.421085e-14
     vertex -5.325503e+01  3.625353e+01  1.421085e-14
   endloop
 endfacet
 facet normal  2.861558e-16 -2.690138e-16 -1.000000e+00
   outer loop
     vertex -9.000000e+01  5.000000e+01  0.000000e+00
     vertex -5.301433e+01  3.651670e+01  1.421085e-14
     vertex -5.313648e+01  3.638677e+01  1.421085e-14
   endloop
 endfacet
 facet normal  2.820913e-16 -2.801629e-16 -1.000000e+00
   outer loop
     vertex -9.000000e+01  5.000000e+01  0.000000e+00
     vertex -5.288866e+01  3.664324e+01  1.421085e-14
     vertex -5.301433e+01  3.651670e+01  1.421085e-14
   endloop
 endfacet
 facet normal  2.779611e-16 -2.916386e-16 -1.000000e+00
   outer loop
     vertex -9.000000e+01  5.000000e+01  0.000000e+00
     vertex -5.275957e+01  3.676628e+01  1.421085e-14
     vertex -5.288866e+01  3.664324e+01  1.421085e-14
   endloop
 endfacet
 facet normal  2.737544e-16 -3.034764e-16 -1.000000e+00
   outer loop
     vertex -9.000000e+01  5.000000e+01  0.000000e+00
     vertex -5.262714e+01  3.688573e+01  1.421085e-14
     vertex -5.275957e+01  3.676628e+01  1.421085e-14
   endloop
 endfacet
 facet normal  2.694596e-16 -3.157158e-16 -1.000000e+00
   outer loop
     vertex -9.000000e+01  5.000000e+01  0.000000e+00
     vertex -5.249150e+01  3.700151e+01  1.421085e-14
     vertex -5.262714e+01  3.688573e+01  1.421085e-14
   endloop
 endfacet
 facet normal  2.650639e-16 -3.284000e-16 -1.000000e+00
   outer loop
     vertex -9.000000e+01  5.000000e+01  0.000000e+00
     vertex -5.235272e+01  3.711352e+01  1.421085e-14
     vertex -5.249150e+01  3.700151e+01  1.421085e-14
   endloop
 endfacet
 facet normal  2.605535e-16 -3.415769e-16 -1.000000e+00
   outer loop
     vertex -9.000000e+01  5.000000e+01  0.000000e+00
     vertex -5.221093e+01  3.722168e+01  1.421085e-14
     vertex -5.235272e+01  3.711352e+01  1.421085e-14
   endloop
 endfacet
 facet normal  2.559130e-16 -3.553000e-16 -1.000000e+00
   outer loop
     vertex -9.000000e+01  5.000000e+01  0.000000e+00
     vertex -5.206622e+01  3.732591e+01  1.421085e-14
     vertex -5.221093e+01  3.722168e+01  1.421085e-14
   endloop
 endfacet
 facet normal  2.511255e-16 -3.696291e-16 -1.000000e+00
   outer loop
     vertex -9.000000e+01  5.000000e+01  0.000000e+00
     vertex -5.191870e+01  3.742613e+01  1.421085e-14
     vertex -5.206622e+01  3.732591e+01  1.421085e-14
   endloop
 endfacet
 facet normal  2.461720e-16 -3.846313e-16 -1.000000e+00
   outer loop
     vertex -9.000000e+01  5.000000e+01  0.000000e+00
     vertex -5.176850e+01  3.752227e+01  1.421085e-14
     vertex -5.191870e+01  3.742613e+01  1.421085e-14
   endloop
 endfacet
 facet normal  2.410312e-16 -4.003826e-16 -1.000000e+00
   outer loop
     vertex -9.000000e+01  5.000000e+01  0.000000e+00
     vertex -5.161571e+01  3.761424e+01  1.421085e-14
     vertex -5.176850e+01  3.752227e+01  1.421085e-14
   endloop
 endfacet
 facet normal  2.356791e-16 -4.169692e-16 -1.000000e+00
   outer loop
     vertex -9.000000e+01  5.000000e+01  0.000000e+00
     vertex -5.146045e+01  3.770200e+01  1.421085e-14
     vertex -5.161571e+01  3.761424e+01  1.421085e-14
   endloop
 endfacet
 facet normal  2.300884e-16 -4.344893e-16 -1.000000e+00
   outer loop
     vertex -9.000000e+01  5.000000e+01  0.000000e+00
     vertex -5.130285e+01  3.778546e+01  1.421085e-14
     vertex -5.146045e+01  3.770200e+01  1.421085e-14
   endloop
 endfacet
 facet normal  2.242280e-16 -4.530560e-16 -1.000000e+00
   outer loop
     vertex -9.000000e+01  5.000000e+01  0.000000e+00
     vertex -5.114302e+01  3.786456e+01  1.421085e-14
     vertex -5.130285e+01  3.778546e+01  1.421085e-14
   endloop
 endfacet
 facet normal  2.180619e-16 -4.727995e-16 -1.000000e+00
   outer loop
     vertex -9.000000e+01  5.000000e+01  0.000000e+00
     vertex -5.098107e+01  3.793925e+01  1.421085e-14
     vertex -5.114302e+01  3.786456e+01  1.421085e-14
   endloop
 endfacet
 facet normal  2.115487e-16 -4.938710e-16 -1.000000e+00
   outer loop
     vertex -9.000000e+01  5.000000e+01  0.000000e+00
     vertex -5.081714e+01  3.800947e+01  1.421085e-14
     vertex -5.098107e+01  3.793925e+01  1.421085e-14
   endloop
 endfacet
 facet normal  2.046399e-16 -5.164474e-16 -1.000000e+00
   outer loop
     vertex -9.000000e+01  5.000000e+01  0.000000e+00
     vertex -5.065134e+01  3.807517e+01  1.421085e-14
     vertex -5.081714e+01  3.800947e+01  1.421085e-14
   endloop
 endfacet
 facet normal  1.972789e-16 -5.407368e-16 -1.000000e+00
   outer loop
     vertex -9.000000e+01  5.000000e+01  0.000000e+00
     vertex -5.048381e+01  3.813629e+01  1.421085e-14
     vertex -5.065134e+01  3.807517e+01  1.421085e-14
   endloop
 endfacet
 facet normal  1.893984e-16 -5.669855e-16 -1.000000e+00
   outer loop
     vertex -9.000000e+01  5.000000e+01  0.000000e+00
     vertex -5.031466e+01  3.819280e+01  1.421085e-14
     vertex -5.048381e+01  3.813629e+01  1.421085e-14
   endloop
 endfacet
 facet normal  1.809182e-16 -5.954884e-16 -1.000000e+00
   outer loop
     vertex -9.000000e+01  5.000000e+01  0.000000e+00
     vertex -5.014402e+01  3.824464e+01  1.421085e-14
     vertex -5.031466e+01  3.819280e+01  1.421085e-14
   endloop
 endfacet
 facet normal  1.717419e-16 -6.266004e-16 -1.000000e+00
   outer loop
     vertex -9.000000e+01  5.000000e+01  0.000000e+00
     vertex -4.997203e+01  3.829178e+01  1.421085e-14
     vertex -5.014402e+01  3.824464e+01  1.421085e-14
   endloop
 endfacet
 facet normal  1.617521e-16 -6.607535e-16 -1.000000e+00
   outer loop
     vertex -9.000000e+01  5.000000e+01  0.000000e+00
     vertex -4.979880e+01  3.833418e+01  1.421085e-14
     vertex -4.997203e+01  3.829178e+01  1.421085e-14
   endloop
 endfacet
 facet normal  1.508047e-16 -6.984788e-16 -1.000000e+00
   outer loop
     vertex -9.000000e+01  5.000000e+01  0.000000e+00
     vertex -4.962448e+01  3.837182e+01  1.421085e-14
     vertex -4.979880e+01  3.833418e+01  1.421085e-14
   endloop
 endfacet
 facet normal  1.387208e-16 -7.404366e-16 -1.000000e+00
   outer loop
     vertex -9.000000e+01  5.000000e+01  0.000000e+00
     vertex -4.944919e+01  3.840466e+01  1.421085e-14
     vertex -4.962448e+01  3.837182e+01  1.421085e-14
   endloop
 endfacet
 facet normal  1.252750e-16 -7.874589e-16 -1.000000e+00
   outer loop
     vertex -9.000000e+01  5.000000e+01  0.000000e+00
     vertex -4.927307e+01  3.843268e+01  1.421085e-14
     vertex -4.944919e+01  3.840466e+01  1.421085e-14
   endloop
 endfacet
 facet normal  1.101794e-16 -8.406084e-16 -1.000000e+00
   outer loop
     vertex -9.000000e+01  5.000000e+01  0.000000e+00
     vertex -4.909624e+01  3.845586e+01  1.421085e-14
     vertex -4.927307e+01  3.843268e+01  1.421085e-14
   endloop
 endfacet
 facet normal  9.306036e-17 -9.012654e-16 -1.000000e+00
   outer loop
     vertex -9.000000e+01  5.000000e+01  0.000000e+00
     vertex -4.891885e+01  3.847417e+01  1.421085e-14
     vertex -4.909624e+01  3.845586e+01  1.421085e-14
   endloop
 endfacet
 facet normal  7.342366e-17 -9.712559e-16 -1.000000e+00
   outer loop
     vertex -9.000000e+01  5.000000e+01  0.000000e+00
     vertex -4.874102e+01  3.848762e+01  1.421085e-14
     vertex -4.891885e+01  3.847417e+01  1.421085e-14
   endloop
 endfacet
 facet normal  5.060160e-17 -1.053047e-15 -1.000000e+00
   outer loop
     vertex -9.000000e+01  5.000000e+01  0.000000e+00
     vertex -4.856289e+01  3.849618e+01  1.421085e-14
     vertex -4.874102e+01  3.848762e+01  1.421085e-14
   endloop
 endfacet
 facet normal  2.366937e-17 -1.150058e-15 -1.000000e+00
   outer loop
     vertex -9.000000e+01  5.000000e+01  0.000000e+00
     vertex -4.838459e+01  3.849985e+01  1.421085e-14
     vertex -4.856289e+01  3.849618e+01  1.421085e-14
   endloop
 endfacet
 facet normal -8.692086e-18 -1.267164e-15 -1.000000e+00
   outer loop
     vertex -9.000000e+01  5.000000e+01  0.000000e+00
     vertex -4.820625e+01  3.849862e+01  1.421085e-14
     vertex -4.838459e+01  3.849985e+01  1.421085e-14
   endloop
 endfacet
 facet normal -4.843137e-17 -1.411569e-15 -1.000000e+00
   outer loop
     vertex -9.000000e+01  5.000000e+01  0.000000e+00
     vertex -4.802802e+01  3.849251e+01  1.421085e-14
     vertex -4.820625e+01  3.849862e+01  1.421085e-14
   endloop
 endfacet
 facet normal -9.855336e-17 -1.594382e-15 -1.000000e+00
   outer loop
     vertex -9.000000e+01  5.000000e+01  0.000000e+00
     vertex -4.785002e+01  3.848151e+01  1.421085e-14
     vertex -4.802802e+01  3.849251e+01  1.421085e-14
   endloop
 endfacet
 facet normal -1.639474e-16 -1.833680e-15 -1.000000e+00
   outer loop
     vertex -9.000000e+01  5.000000e+01  0.000000e+00
     vertex -4.767239e+01  3.846562e+01  1.421085e-14
     vertex -4.785002e+01  3.848151e+01  1.421085e-14
   endloop
 endfacet
 facet normal -2.531400e-16 -2.160989e-15 -1.000000e+00
   outer loop
     vertex -9.000000e+01  5.000000e+01  0.000000e+00
     vertex -4.749526e+01  3.844488e+01  1.421085e-14
     vertex -4.767239e+01  3.846562e+01  1.421085e-14
   endloop
 endfacet
 facet normal -3.824491e-16 -2.636644e-15 -1.000000e+00
   outer loop
     vertex -9.000000e+01  5.000000e+01  0.000000e+00
     vertex -4.731877e+01  3.841928e+01  1.421085e-14
     vertex -4.749526e+01  3.844488e+01  1.421085e-14
   endloop
 endfacet
 facet normal -5.875224e-16 -3.392450e-15 -1.000000e+00
   outer loop
     vertex -9.000000e+01  5.000000e+01  0.000000e+00
     vertex -4.714305e+01  3.838884e+01  1.421085e-14
     vertex -4.731877e+01  3.841928e+01  1.421085e-14
   endloop
 endfacet
 facet normal  1.578984e-16 -6.410913e-16 -1.000000e+00
   outer loop
     vertex -9.000000e+01  5.000000e+01  0.000000e+00
     vertex  9.000000e+01  5.000000e+01  2.842171e-14
     vertex -4.714305e+01  3.838884e+01  1.421085e-14
   endloop
 endfacet
 facet normal  0.000000e+00  0.000000e+00 -1.000000e+00
   outer loop
     vertex -5.288866e+01  1.264324e+01  1.421085e-14
     vertex -5.288866e+01  2.735676e+01  1.421085e-14
     vertex -5.275957e+01  1.276628e+01  1.421085e-14
   endloop
 endfacet
 facet normal  0.000000e+00  0.000000e+00 -1.000000e+00
   outer loop
     vertex -5.301433e+01  1.251670e+01  1.421085e-14
     vertex -5.301433e+01  2.748330e+01  1.421085e-14
     vertex -5.288866e+01  2.735676e+01  1.421085e-14
   endloop
 endfacet
 facet normal  0.000000e+00  0.000000e+00 -1.000000e+00
   outer loop
     vertex -5.301433e+01  1.251670e+01  1.421085e-14
     vertex -5.288866e+01  2.735676e+01  1.421085e-14
     vertex -5.288866e+01  1.264324e+01  1.421085e-14
   endloop
 endfacet
 facet normal  0.000000e+00  0.000000e+00 -1.000000e+00
   outer loop
     vertex -5.313648e+01  1.238677e+01  1.421085e-14
     vertex -5.301433e+01  2.748330e+01  1.421085e-14
     vertex -5.301433e+01  1.251670e+01  1.421085e-14
   endloop
 endfacet
 facet normal  0.000000e+00  0.000000e+00 -1.000000e+00
   outer loop
     vertex -5.313648e+01  1.238677e+01  1.421085e-14
     vertex -5.313648e+01  2.761323e+01  1.421085e-14
     vertex -5.301433e+01  2.748330e+01  1.421085e-14
   endloop
 endfacet
 facet normal  0.000000e+00  0.000000e+00 -1.000000e+00
   outer loop
     vertex -5.325503e+01  1.225353e+01  1.421085e-14
     vertex -5.325503e+01  2.774647e+01  1.421085e-14
     vertex -5.313648e+01  2.761323e+01  1.421085e-14
   endloop
 endfacet
 facet normal  0.000000e+00  0.000000e+00 -1.000000e+00
   outer loop
     vertex -5.325503e+01  1.225353e+01  1.421085e-14
     vertex -5.336987e+01  2.788291e+01  1.421085e-14
     vertex -5.325503e+01  2.774647e+01  1.421085e-14
   endloop
 endfacet
 facet normal  0.000000e+00  0.000000e+00 -1.000000e+00
   outer loop
     vertex -5.325503e+01  1.225353e+01  1.421085e-14
     vertex -5.313648e+01  2.761323e+01  1.421085e-14
     vertex -5.313648e+01  1.238677e+01  1.421085e-14
   endloop
 endfacet
 facet normal  0.000000e+00  0.000000e+00 -1.000000e+00
   outer loop
     vertex -5.336987e+01  1.211709e+01  1.421085e-14
     vertex -5.336987e+01  2.788291e+01  1.421085e-14
     vertex -5.325503e+01  1.225353e+01  1.421085e-14
   endloop
 endfacet
 facet normal  0.000000e+00  0.000000e+00 -1.000000e+00
   outer loop
     vertex -5.336987e+01  1.211709e+01  1.421085e-14
     vertex -5.348092e+01  2.802245e+01  1.421085e-14
     vertex -5.336987e+01  2.788291e+01  1.421085e-14
   endloop
 endfacet
 facet normal  0.000000e+00  0.000000e+00 -1.000000e+00
   outer loop
     vertex -5.348092e+01  1.197755e+01  1.421085e-14
     vertex -5.358811e+01  2.816498e+01  1.421085e-14
     vertex -5.348092e+01  2.802245e+01  1.421085e-14
   endloop
 endfacet
 facet normal  0.000000e+00  0.000000e+00 -1.000000e+00
   outer loop
     vertex -5.348092e+01  1.197755e+01  1.421085e-14
     vertex -5.348092e+01  2.802245e+01  1.421085e-14
     vertex -5.336987e+01  1.211709e+01  1.421085e-14
   endloop
 endfacet
 facet normal  0.000000e+00  0.000000e+00 -1.000000e+00
   outer loop
     vertex -5.358811e+01  1.183502e+01  1.421085e-14
     vertex -5.358811e+01  2.816498e+01  1.421085e-14
     vertex -5.348092e+01  1.197755e+01  1.421085e-14
   endloop
 endfacet
 facet normal  0.000000e+00  0.000000e+00 -1.000000e+00
   outer loop
     vertex -5.369134e+01  1.168960e+01  1.421085e-14
     vertex -5.369134e+01  2.831040e+01  1.421085e-14
     vertex -5.358811e+01  2.816498e+01  1.421085e-14
   endloop
 endfacet
 facet normal  0.000000e+00  0.000000e+00 -1.000000e+00
   outer loop
     vertex -5.369134e+01  1.168960e+01  1.421085e-14
     vertex -5.358811e+01  2.816498e+01  1.421085e-14
     vertex -5.358811e+01  1.183502e+01  1.421085e-14
   endloop
 endfacet
 facet normal  0.000000e+00  0.000000e+00 -1.000000e+00
   outer loop
     vertex -5.379055e+01  1.154140e+01  1.421085e-14
     vertex -5.379055e+01  2.845860e+01  1.421085e-14
     vertex -5.369134e+01  2.831040e+01  1.421085e-14
   endloop
 endfacet
 facet normal  0.000000e+00  0.000000e+00 -1.000000e+00
   outer loop
     vertex -5.379055e+01  1.154140e+01  1.421085e-14
     vertex -5.369134e+01  2.831040e+01  1.421085e-14
     vertex -5.369134e+01  1.168960e+01  1.421085e-14
   endloop
 endfacet
 facet normal  0.000000e+00  0.000000e+00 -1.000000e+00
   outer loop
     vertex -5.388565e+01  1.139054e+01  1.421085e-14
     vertex -5.379055e+01  2.845860e+01  1.421085e-14
     vertex -5.379055e+01  1.154140e+01  1.421085e-14
   endloop
 endfacet
 facet normal  0.000000e+00  0.000000e+00 -1.000000e+00
   outer loop
     vertex -5.388565e+01  1.139054e+01  1.421085e-14
     vertex -5.388565e+01  2.860946e+01  1.421085e-14
     vertex -5.379055e+01  2.845860e+01  1.421085e-14
   endloop
 endfacet
 facet normal  0.000000e+00  0.000000e+00 -1.000000e+00
   outer loop
     vertex -5.388565e+01  1.139054e+01  1.421085e-14
     vertex -5.397658e+01  2.876288e+01  1.421085e-14
     vertex -5.388565e+01  2.860946e+01  1.421085e-14
   endloop
 endfacet
 facet normal  0.000000e+00  0.000000e+00 -1.000000e+00
   outer loop
     vertex -5.397658e+01  1.123712e+01  1.421085e-14
     vertex -5.397658e+01  2.876288e+01  1.421085e-14
     vertex -5.388565e+01  1.139054e+01  1.421085e-14
   endloop
 endfacet
 facet normal  0.000000e+00  0.000000e+00 -1.000000e+00
   outer loop
     vertex -5.406327e+01  1.108127e+01  1.421085e-14
     vertex -5.397658e+01  2.876288e+01  1.421085e-14
     vertex -5.397658e+01  1.123712e+01  1.421085e-14
   endloop
 endfacet
 facet normal  0.000000e+00  0.000000e+00 -1.000000e+00
   outer loop
     vertex -5.406327e+01  1.108127e+01  1.421085e-14
     vertex -5.406327e+01  2.891873e+01  1.421085e-14
     vertex -5.397658e+01  2.876288e+01  1.421085e-14
   endloop
 endfacet
 facet normal  0.000000e+00  0.000000e+00 -1.000000e+00
   outer loop
     vertex -5.414564e+01  1.092310e+01  1.421085e-14
     vertex -5.414564e+01  2.907690e+01  1.421085e-14
     vertex -5.406327e+01  2.891873e+01  1.421085e-14
   endloop
 endfacet
 facet normal  0.000000e+00  0.000000e+00 -1.000000e+00
   outer loop
     vertex -5.414564e+01  1.092310e+01  1.421085e-14
     vertex -5.406327e+01  2.891873e+01  1.421085e-14
     vertex -5.406327e+01  1.108127e+01  1.421085e-14
   endloop
 endfacet
 facet normal  0.000000e+00  0.000000e+00 -1.000000e+00
   outer loop
     vertex -5.422365e+01  1.076272e+01  1.421085e-14
     vertex -5.422365e+01  2.923728e+01  1.421085e-14
     vertex -5.414564e+01  2.907690e+01  1.421085e-14
   endloop
 endfacet
 facet normal  0.000000e+00  0.000000e+00 -1.000000e+00
   outer loop
     vertex -5.422365e+01  1.076272e+01  1.421085e-14
     vertex -5.414564e+01  2.907690e+01  1.421085e-14
     vertex -5.414564e+01  1.092310e+01  1.421085e-14
   endloop
 endfacet
 facet normal  0.000000e+00  0.000000e+00 -1.000000e+00
   outer loop
     vertex -5.429723e+01  1.060027e+01  1.421085e-14
     vertex -5.422365e+01  2.923728e+01  1.421085e-14
     vertex -5.422365e+01  1.076272e+01  1.421085e-14
   endloop
 endfacet
 facet normal  0.000000e+00  0.000000e+00 -1.000000e+00
   outer loop
     vertex -5.429723e+01  1.060027e+01  1.421085e-14
     vertex -5.429723e+01  2.939973e+01  1.421085e-14
     vertex -5.422365e+01  2.923728e+01  1.421085e-14
   endloop
 endfacet
 facet normal  0.000000e+00  0.000000e+00 -1.000000e+00
   outer loop
     vertex -5.429723e+01  1.060027e+01  1.421085e-14
     vertex -5.436632e+01  2.956414e+01  1.421085e-14
     vertex -5.429723e+01  2.939973e+01  1.421085e-14
   endloop
 endfacet
 facet normal  0.000000e+00  0.000000e+00 -1.000000e+00
   outer loop
     vertex -5.436632e+01  1.043586e+01  1.421085e-14
     vertex -5.436632e+01  2.956414e+01  1.421085e-14
     vertex -5.429723e+01  1.060027e+01  1.421085e-14
   endloop
 endfacet
 facet normal  0.000000e+00  0.000000e+00 -1.000000e+00
   outer loop
     vertex -5.443088e+01  1.026962e+01  1.421085e-14
     vertex -5.443088e+01  2.973038e+01  1.421085e-14
     vertex -5.436632e+01  2.956414e+01  1.421085e-14
   endloop
 endfacet
 facet normal  0.000000e+00  0.000000e+00 -1.000000e+00
   outer loop
     vertex -5.443088e+01  1.026962e+01  1.421085e-14
     vertex -5.436632e+01  2.956414e+01  1.421085e-14
     vertex -5.436632e+01  1.043586e+01  1.421085e-14
   endloop
 endfacet
 facet normal  0.000000e+00  0.000000e+00 -1.000000e+00
   outer loop
     vertex -5.449085e+01  1.010167e+01  1.421085e-14
     vertex -5.449085e+01  2.989833e+01  1.421085e-14
     vertex -5.443088e+01  2.973038e+01  1.421085e-14
   endloop
 endfacet
 facet normal  0.000000e+00  0.000000e+00 -1.000000e+00
   outer loop
     vertex -5.449085e+01  1.010167e+01  1.421085e-14
     vertex -5.443088e+01  2.973038e+01  1.421085e-14
     vertex -5.443088e+01  1.026962e+01  1.421085e-14
   endloop
 endfacet
 facet normal  4.002027e-16  1.149127e-30 -1.000000e+00
   outer loop
     vertex -5.449085e+01  1.010167e+01  1.421085e-14
     vertex -9.000000e+01  5.000000e+01  0.000000e+00
     vertex -5.449085e+01  2.989833e+01  1.421085e-14
   endloop
 endfacet
 facet normal  2.928054e-16 -9.558255e-17 -1.000000e+00
   outer loop
     vertex -5.454620e+01  9.932133e+00  1.421085e-14
     vertex -9.000000e+01  5.000000e+01  0.000000e+00
     vertex -5.449085e+01  1.010167e+01  1.421085e-14
   endloop
 endfacet
 facet normal  3.002668e-16 -8.898041e-17 -1.000000e+00
   outer loop
     vertex -5.459687e+01  9.761144e+00  1.421085e-14
     vertex -9.000000e+01  5.000000e+01  0.000000e+00
     vertex -5.454620e+01  9.932133e+00  1.421085e-14
   endloop
 endfacet
 facet normal  3.080222e-16 -8.215699e-17 -1.000000e+00
   outer loop
     vertex -5.464283e+01  9.588830e+00  1.421085e-14
     vertex -9.000000e+01  5.000000e+01  0.000000e+00
     vertex -5.459687e+01  9.761144e+00  1.421085e-14
   endloop
 endfacet
 facet normal  3.161024e-16 -7.508731e-17 -1.000000e+00
   outer loop
     vertex -5.468404e+01  9.415320e+00  1.421085e-14
     vertex -9.000000e+01  5.000000e+01  0.000000e+00
     vertex -5.464283e+01  9.588830e+00  1.421085e-14
   endloop
 endfacet
 facet normal  3.245418e-16 -6.774353e-17 -1.000000e+00
   outer loop
     vertex -5.472048e+01  9.240745e+00  1.421085e-14
     vertex -9.000000e+01  5.000000e+01  0.000000e+00
     vertex -5.468404e+01  9.415320e+00  1.421085e-14
   endloop
 endfacet
 facet normal  3.333789e-16 -6.009451e-17 -1.000000e+00
   outer loop
     vertex -5.475212e+01  9.065235e+00  1.421085e-14
     vertex -9.000000e+01  5.000000e+01  0.000000e+00
     vertex -5.472048e+01  9.240745e+00  1.421085e-14
   endloop
 endfacet
 facet normal  3.426572e-16 -5.210522e-17 -1.000000e+00
   outer loop
     vertex -5.477893e+01  8.888924e+00  1.421085e-14
     vertex -9.000000e+01  5.000000e+01  0.000000e+00
     vertex -5.475212e+01  9.065235e+00  1.421085e-14
   endloop
 endfacet
 facet normal  3.524259e-16 -4.373605e-17 -1.000000e+00
   outer loop
     vertex -5.480089e+01  8.711944e+00  1.421085e-14
     vertex -9.000000e+01  5.000000e+01  0.000000e+00
     vertex -5.477893e+01  8.888924e+00  1.421085e-14
   endloop
 endfacet
 facet normal  3.627413e-16 -3.494196e-17 -1.000000e+00
   outer loop
     vertex -5.481799e+01  8.534427e+00  1.421085e-14
     vertex -9.000000e+01  5.000000e+01  0.000000e+00
     vertex -5.480089e+01  8.711944e+00  1.421085e-14
   endloop
 endfacet
 facet normal  3.736674e-16 -2.567152e-17 -1.000000e+00
   outer loop
     vertex -5.483022e+01  8.356508e+00  1.421085e-14
     vertex -9.000000e+01  5.000000e+01  0.000000e+00
     vertex -5.481799e+01  8.534427e+00  1.421085e-14
   endloop
 endfacet
 facet normal  3.852784e-16 -1.586557e-17 -1.000000e+00
   outer loop
     vertex -5.483755e+01  8.178321e+00  1.421085e-14
     vertex -9.000000e+01  5.000000e+01  0.000000e+00
     vertex -5.483022e+01  8.356508e+00  1.421085e-14
   endloop
 endfacet
 facet normal  3.976597e-16 -5.455734e-18 -1.000000e+00
   outer loop
     vertex -5.484000e+01  8.000000e+00  1.421085e-14
     vertex -9.000000e+01  5.000000e+01  0.000000e+00
     vertex -5.483755e+01  8.178321e+00  1.421085e-14
   endloop
 endfacet
 facet normal  4.109110e-16  5.637537e-18 -1.000000e+00
   outer loop
     vertex -5.483755e+01  7.821679e+00  1.421085e-14
     vertex -9.000000e+01  5.000000e+01  0.000000e+00
     vertex -5.484000e+01  8.000000e+00  1.421085e-14
   endloop
 endfacet
 facet normal  4.251493e-16  1.750743e-17 -1.000000e+00
   outer loop
     vertex -5.483022e+01  7.643492e+00  1.421085e-14
     vertex -9.000000e+01  5.000000e+01  0.000000e+00
     vertex -5.483755e+01  7.821679e+00  1.421085e-14
   endloop
 endfacet
 facet normal  4.405124e-16  3.026387e-17 -1.000000e+00
   outer loop
     vertex -5.481799e+01  7.465573e+00  1.421085e-14
     vertex -9.000000e+01  5.000000e+01  0.000000e+00
     vertex -5.483022e+01  7.643492e+00  1.421085e-14
   endloop
 endfacet
 facet normal  4.571645e-16  4.403752e-17 -1.000000e+00
   outer loop
     vertex -5.480089e+01  7.288056e+00  1.421085e-14
     vertex -9.000000e+01  5.000000e+01  0.000000e+00
     vertex -5.481799e+01  7.465573e+00  1.421085e-14
   endloop
 endfacet
 facet normal  0.000000e+00  0.000000e+00 -1.000000e+00
   outer loop
     vertex -4.088996e+01 -1.260089e+01  1.421085e-14
     vertex -4.284138e+01  4.533706e+00  1.421085e-14
     vertex -4.274836e+01  4.685860e+00  1.421085e-14
   endloop
 endfacet
 facet normal  0.000000e+00  0.000000e+00 -1.000000e+00
   outer loop
     vertex -4.109575e+01 -1.239929e+01  1.421085e-14
     vertex -4.284138e+01  4.533706e+00  1.421085e-14
     vertex -4.088996e+01 -1.260089e+01  1.421085e-14
   endloop
 endfacet
 facet normal  0.000000e+00  0.000000e+00 -1.000000e+00
   outer loop
     vertex -4.109575e+01 -1.239929e+01  1.421085e-14
     vertex -4.293855e+01  4.384161e+00  1.421085e-14
     vertex -4.284138e+01  4.533706e+00  1.421085e-14
   endloop
 endfacet
 facet normal  0.000000e+00  0.000000e+00 -1.000000e+00
   outer loop
     vertex -4.109575e+01 -1.239929e+01  1.421085e-14
     vertex -4.303978e+01  4.237338e+00  1.421085e-14
     vertex -4.293855e+01  4.384161e+00  1.421085e-14
   endloop
 endfacet
 facet normal  0.000000e+00  0.000000e+00 -1.000000e+00
   outer loop
     vertex -4.068977e+01 -1.280806e+01  1.421085e-14
     vertex -4.274836e+01  4.685860e+00  1.421085e-14
     vertex -4.265954e+01  4.840508e+00  1.421085e-14
   endloop
 endfacet
 facet normal  0.000000e+00  0.000000e+00 -1.000000e+00
   outer loop
     vertex -4.068977e+01 -1.280806e+01  1.421085e-14
     vertex -4.088996e+01 -1.260089e+01  1.421085e-14
     vertex -4.274836e+01  4.685860e+00  1.421085e-14
   endloop
 endfacet
 facet normal  0.000000e+00  0.000000e+00 -1.000000e+00
   outer loop
     vertex -4.130700e+01 -1.220341e+01  1.421085e-14
     vertex -4.303978e+01  4.237338e+00  1.421085e-14
     vertex -4.109575e+01 -1.239929e+01  1.421085e-14
   endloop
 endfacet
 facet normal  0.000000e+00  0.000000e+00 -1.000000e+00
   outer loop
     vertex -4.130700e+01 -1.220341e+01  1.421085e-14
     vertex -4.314500e+01  4.093348e+00  1.421085e-14
     vertex -4.303978e+01  4.237338e+00  1.421085e-14
   endloop
 endfacet
 facet normal  0.000000e+00  0.000000e+00 -1.000000e+00
   outer loop
     vertex -4.049535e+01 -1.302064e+01  1.421085e-14
     vertex -4.068977e+01 -1.280806e+01  1.421085e-14
     vertex -4.265954e+01  4.840508e+00  1.421085e-14
   endloop
 endfacet
 facet normal  0.000000e+00  0.000000e+00 -1.000000e+00
   outer loop
     vertex -4.049535e+01 -1.302064e+01  1.421085e-14
     vertex -4.265954e+01  4.840508e+00  1.421085e-14
     vertex -4.257500e+01  4.997536e+00  1.421085e-14
   endloop
 endfacet
 facet normal  0.000000e+00  0.000000e+00 -1.000000e+00
   outer loop
     vertex -4.152353e+01 -1.201340e+01  1.421085e-14
     vertex -4.314500e+01  4.093348e+00  1.421085e-14
     vertex -4.130700e+01 -1.220341e+01  1.421085e-14
   endloop
 endfacet
 facet normal  0.000000e+00  0.000000e+00 -1.000000e+00
   outer loop
     vertex -4.152353e+01 -1.201340e+01  1.421085e-14
     vertex -4.325413e+01  3.952298e+00  1.421085e-14
     vertex -4.314500e+01  4.093348e+00  1.421085e-14
   endloop
 endfacet
 facet normal  0.000000e+00  0.000000e+00 -1.000000e+00
   outer loop
     vertex -4.030683e+01 -1.323848e+01  1.421085e-14
     vertex -4.049535e+01 -1.302064e+01  1.421085e-14
     vertex -4.257500e+01  4.997536e+00  1.421085e-14
   endloop
 endfacet
 facet normal  0.000000e+00  0.000000e+00 -1.000000e+00
   outer loop
     vertex -4.030683e+01 -1.323848e+01  1.421085e-14
     vertex -4.257500e+01  4.997536e+00  1.421085e-14
     vertex -4.249480e+01  5.156823e+00  1.421085e-14
   endloop
 endfacet
 facet normal  0.000000e+00  0.000000e+00 -1.000000e+00
   outer loop
     vertex -4.174520e+01 -1.182940e+01  1.421085e-14
     vertex -4.325413e+01  3.952298e+00  1.421085e-14
     vertex -4.152353e+01 -1.201340e+01  1.421085e-14
   endloop
 endfacet
 facet normal  0.000000e+00  0.000000e+00 -1.000000e+00
   outer loop
     vertex -4.174520e+01 -1.182940e+01  1.421085e-14
     vertex -4.336709e+01  3.814295e+00  1.421085e-14
     vertex -4.325413e+01  3.952298e+00  1.421085e-14
   endloop
 endfacet
 facet normal  0.000000e+00  0.000000e+00 -1.000000e+00
   outer loop
     vertex -4.012436e+01 -1.346140e+01  1.421085e-14
     vertex -4.030683e+01 -1.323848e+01  1.421085e-14
     vertex -4.249480e+01  5.156823e+00  1.421085e-14
   endloop
 endfacet
 facet normal  0.000000e+00  0.000000e+00 -1.000000e+00
   outer loop
     vertex -4.012436e+01 -1.346140e+01  1.421085e-14
     vertex -4.249480e+01  5.156823e+00  1.421085e-14
     vertex -4.241900e+01  5.318250e+00  1.421085e-14
   endloop
 endfacet
 facet normal  0.000000e+00  0.000000e+00 -1.000000e+00
   outer loop
     vertex -4.197184e+01 -1.165156e+01  1.421085e-14
     vertex -4.336709e+01  3.814295e+00  1.421085e-14
     vertex -4.174520e+01 -1.182940e+01  1.421085e-14
   endloop
 endfacet
 facet normal  0.000000e+00  0.000000e+00 -1.000000e+00
   outer loop
     vertex -4.197184e+01 -1.165156e+01  1.421085e-14
     vertex -4.348379e+01  3.679444e+00  1.421085e-14
     vertex -4.336709e+01  3.814295e+00  1.421085e-14
   endloop
 endfacet
 facet normal  0.000000e+00  0.000000e+00 -1.000000e+00
   outer loop
     vertex -4.197184e+01 -1.165156e+01  1.421085e-14
     vertex -4.360415e+01  3.547844e+00  1.421085e-14
     vertex -4.348379e+01  3.679444e+00  1.421085e-14
   endloop
 endfacet
 facet normal  0.000000e+00  0.000000e+00 -1.000000e+00
   outer loop
     vertex -3.994807e+01 -1.368925e+01  1.421085e-14
     vertex -4.012436e+01 -1.346140e+01  1.421085e-14
     vertex -4.241900e+01  5.318250e+00  1.421085e-14
   endloop
 endfacet
 facet normal  0.000000e+00  0.000000e+00 -1.000000e+00
   outer loop
     vertex -3.994807e+01 -1.368925e+01  1.421085e-14
     vertex -4.234766e+01  5.481697e+00  1.421085e-14
     vertex -4.228083e+01  5.647039e+00  1.421085e-14
   endloop
 endfacet
 facet normal  0.000000e+00  0.000000e+00 -1.000000e+00
   outer loop
     vertex -3.994807e+01 -1.368925e+01  1.421085e-14
     vertex -4.241900e+01  5.318250e+00  1.421085e-14
     vertex -4.234766e+01  5.481697e+00  1.421085e-14
   endloop
 endfacet
 facet normal  0.000000e+00  0.000000e+00 -1.000000e+00
   outer loop
     vertex -4.220327e+01 -1.147999e+01  1.421085e-14
     vertex -4.360415e+01  3.547844e+00  1.421085e-14
     vertex -4.197184e+01 -1.165156e+01  1.421085e-14
   endloop
 endfacet
 facet normal  0.000000e+00  0.000000e+00 -1.000000e+00
   outer loop
     vertex -4.220327e+01 -1.147999e+01  1.421085e-14
     vertex -4.372807e+01  3.419596e+00  1.421085e-14
     vertex -4.360415e+01  3.547844e+00  1.421085e-14
   endloop
 endfacet
 facet normal  0.000000e+00  0.000000e+00 -1.000000e+00
   outer loop
     vertex -3.977810e+01 -1.392185e+01  1.421085e-14
     vertex -3.994807e+01 -1.368925e+01  1.421085e-14
     vertex -4.228083e+01  5.647039e+00  1.421085e-14
   endloop
 endfacet
 facet normal  0.000000e+00  0.000000e+00 -1.000000e+00
   outer loop
     vertex -3.977810e+01 -1.392185e+01  1.421085e-14
     vertex -4.228083e+01  5.647039e+00  1.421085e-14
     vertex -4.221856e+01  5.814152e+00  1.421085e-14
   endloop
 endfacet
 facet normal  0.000000e+00  0.000000e+00 -1.000000e+00
   outer loop
     vertex -4.243932e+01 -1.131484e+01  1.421085e-14
     vertex -4.385546e+01  3.294796e+00  1.421085e-14
     vertex -4.372807e+01  3.419596e+00  1.421085e-14
   endloop
 endfacet
 facet normal  0.000000e+00  0.000000e+00 -1.000000e+00
   outer loop
     vertex -4.243932e+01 -1.131484e+01  1.421085e-14
     vertex -4.372807e+01  3.419596e+00  1.421085e-14
     vertex -4.220327e+01 -1.147999e+01  1.421085e-14
   endloop
 endfacet
 facet normal  0.000000e+00  0.000000e+00 -1.000000e+00
   outer loop
     vertex -3.961457e+01 -1.415903e+01  1.421085e-14
     vertex -3.977810e+01 -1.392185e+01  1.421085e-14
     vertex -4.221856e+01  5.814152e+00  1.421085e-14
   endloop
 endfacet
 facet normal  0.000000e+00  0.000000e+00 -1.000000e+00
   outer loop
     vertex -3.961457e+01 -1.415903e+01  1.421085e-14
     vertex -4.221856e+01  5.814152e+00  1.421085e-14
     vertex -4.216089e+01  5.982911e+00  1.421085e-14
   endloop
 endfacet
 facet normal  0.000000e+00  0.000000e+00 -1.000000e+00
   outer loop
     vertex -4.267981e+01 -1.115623e+01  1.421085e-14
     vertex -4.398624e+01  3.173538e+00  1.421085e-14
     vertex -4.385546e+01  3.294796e+00  1.421085e-14
   endloop
 endfacet
 facet normal  0.000000e+00  0.000000e+00 -1.000000e+00
   outer loop
     vertex -4.267981e+01 -1.115623e+01  1.421085e-14
     vertex -4.385546e+01  3.294796e+00  1.421085e-14
     vertex -4.243932e+01 -1.131484e+01  1.421085e-14
   endloop
 endfacet
 facet normal  0.000000e+00  0.000000e+00 -1.000000e+00
   outer loop
     vertex -3.945762e+01 -1.440060e+01  1.421085e-14
     vertex -3.961457e+01 -1.415903e+01  1.421085e-14
     vertex -4.216089e+01  5.982911e+00  1.421085e-14
   endloop
 endfacet
 facet normal  0.000000e+00  0.000000e+00 -1.000000e+00
   outer loop
     vertex -3.945762e+01 -1.440060e+01  1.421085e-14
     vertex -4.216089e+01  5.982911e+00  1.421085e-14
     vertex -4.210788e+01  6.153188e+00  1.421085e-14
   endloop
 endfacet
 facet normal  0.000000e+00  0.000000e+00 -1.000000e+00
   outer loop
     vertex -4.292456e+01 -1.100428e+01  1.421085e-14
     vertex -4.412028e+01  3.055914e+00  1.421085e-14
     vertex -4.398624e+01  3.173538e+00  1.421085e-14
   endloop
 endfacet
 facet normal  0.000000e+00  0.000000e+00 -1.000000e+00
   outer loop
     vertex -4.292456e+01 -1.100428e+01  1.421085e-14
     vertex -4.425751e+01  2.942011e+00  1.421085e-14
     vertex -4.412028e+01  3.055914e+00  1.421085e-14
   endloop
 endfacet
 facet normal  0.000000e+00  0.000000e+00 -1.000000e+00
   outer loop
     vertex -4.292456e+01 -1.100428e+01  1.421085e-14
     vertex -4.398624e+01  3.173538e+00  1.421085e-14
     vertex -4.267981e+01 -1.115623e+01  1.421085e-14
   endloop
 endfacet
 facet normal  0.000000e+00  0.000000e+00 -1.000000e+00
   outer loop
     vertex -3.930735e+01 -1.464639e+01  1.421085e-14
     vertex -3.945762e+01 -1.440060e+01  1.421085e-14
     vertex -4.210788e+01  6.153188e+00  1.421085e-14
   endloop
 endfacet
 facet normal  0.000000e+00  0.000000e+00 -1.000000e+00
   outer loop
     vertex -3.930735e+01 -1.464639e+01  1.421085e-14
     vertex -4.210788e+01  6.153188e+00  1.421085e-14
     vertex -4.205956e+01  6.324855e+00  1.421085e-14
   endloop
 endfacet
 facet normal  0.000000e+00  0.000000e+00 -1.000000e+00
   outer loop
     vertex -4.317338e+01 -1.085910e+01  1.421085e-14
     vertex -4.439781e+01  2.831915e+00  1.421085e-14
     vertex -4.425751e+01  2.942011e+00  1.421085e-14
   endloop
 endfacet
 facet normal  0.000000e+00  0.000000e+00 -1.000000e+00
   outer loop
     vertex -4.317338e+01 -1.085910e+01  1.421085e-14
     vertex -4.425751e+01  2.942011e+00  1.421085e-14
     vertex -4.292456e+01 -1.100428e+01  1.421085e-14
   endloop
 endfacet
 facet normal  0.000000e+00  0.000000e+00 -1.000000e+00
   outer loop
     vertex -3.916387e+01 -1.489621e+01  1.421085e-14
     vertex -3.930735e+01 -1.464639e+01  1.421085e-14
     vertex -4.205956e+01  6.324855e+00  1.421085e-14
   endloop
 endfacet
 facet normal  0.000000e+00  0.000000e+00 -1.000000e+00
   outer loop
     vertex -3.916387e+01 -1.489621e+01  1.421085e-14
     vertex -4.205956e+01  6.324855e+00  1.421085e-14
     vertex -4.201597e+01  6.497783e+00  1.421085e-14
   endloop
 endfacet
 facet normal  0.000000e+00  0.000000e+00 -1.000000e+00
   outer loop
     vertex -4.342610e+01 -1.072080e+01  1.421085e-14
     vertex -4.454107e+01  2.725710e+00  1.421085e-14
     vertex -4.439781e+01  2.831915e+00  1.421085e-14
   endloop
 endfacet
 facet normal  0.000000e+00  0.000000e+00 -1.000000e+00
   outer loop
     vertex -4.342610e+01 -1.072080e+01  1.421085e-14
     vertex -4.439781e+01  2.831915e+00  1.421085e-14
     vertex -4.317338e+01 -1.085910e+01  1.421085e-14
   endloop
 endfacet
 facet normal  0.000000e+00  0.000000e+00 -1.000000e+00
   outer loop
     vertex -3.902731e+01 -1.514987e+01  1.421085e-14
     vertex -3.916387e+01 -1.489621e+01  1.421085e-14
     vertex -4.201597e+01  6.497783e+00  1.421085e-14
   endloop
 endfacet
 facet normal  0.000000e+00  0.000000e+00 -1.000000e+00
   outer loop
     vertex -3.902731e+01 -1.514987e+01  1.421085e-14
     vertex -4.201597e+01  6.497783e+00  1.421085e-14
     vertex -4.197714e+01  6.671843e+00  1.421085e-14
   endloop
 endfacet
 facet normal  0.000000e+00  0.000000e+00 -1.000000e+00
   outer loop
     vertex -4.368252e+01 -1.058948e+01  1.421085e-14
     vertex -4.468720e+01  2.623475e+00  1.421085e-14
     vertex -4.454107e+01  2.725710e+00  1.421085e-14
   endloop
 endfacet
 facet normal  0.000000e+00  0.000000e+00 -1.000000e+00
   outer loop
     vertex -4.368252e+01 -1.058948e+01  1.421085e-14
     vertex -4.454107e+01  2.725710e+00  1.421085e-14
     vertex -4.342610e+01 -1.072080e+01  1.421085e-14
   endloop
 endfacet
 facet normal  0.000000e+00  0.000000e+00 -1.000000e+00
   outer loop
     vertex -3.889776e+01 -1.540718e+01  1.421085e-14
     vertex -3.902731e+01 -1.514987e+01  1.421085e-14
     vertex -4.197714e+01  6.671843e+00  1.421085e-14
   endloop
 endfacet
 facet normal  0.000000e+00  0.000000e+00 -1.000000e+00
   outer loop
     vertex -3.889776e+01 -1.540718e+01  1.421085e-14
     vertex -4.197714e+01  6.671843e+00  1.421085e-14
     vertex -4.194310e+01  6.846901e+00  1.421085e-14
   endloop
 endfacet
 facet normal  0.000000e+00  0.000000e+00 -1.000000e+00
   outer loop
     vertex -4.394244e+01 -1.046525e+01  1.421085e-14
     vertex -4.483607e+01  2.525288e+00  1.421085e-14
     vertex -4.468720e+01  2.623475e+00  1.421085e-14
   endloop
 endfacet
 facet normal  0.000000e+00  0.000000e+00 -1.000000e+00
   outer loop
     vertex -4.394244e+01 -1.046525e+01  1.421085e-14
     vertex -4.498758e+01  2.431221e+00  1.421085e-14
     vertex -4.483607e+01  2.525288e+00  1.421085e-14
   endloop
 endfacet
 facet normal  0.000000e+00  0.000000e+00 -1.000000e+00
   outer loop
     vertex -4.394244e+01 -1.046525e+01  1.421085e-14
     vertex -4.468720e+01  2.623475e+00  1.421085e-14
     vertex -4.368252e+01 -1.058948e+01  1.421085e-14
   endloop
 endfacet
 facet normal  0.000000e+00  0.000000e+00 -1.000000e+00
   outer loop
     vertex -3.877531e+01 -1.566794e+01  1.421085e-14
     vertex -4.191387e+01  7.022828e+00  1.421085e-14
     vertex -4.188948e+01  7.199491e+00  1.421085e-14
   endloop
 endfacet
 facet normal  0.000000e+00  0.000000e+00 -1.000000e+00
   outer loop
     vertex -3.877531e+01 -1.566794e+01  1.421085e-14
     vertex -4.194310e+01  6.846901e+00  1.421085e-14
     vertex -4.191387e+01  7.022828e+00  1.421085e-14
   endloop
 endfacet
 facet normal  0.000000e+00  0.000000e+00 -1.000000e+00
   outer loop
     vertex -3.877531e+01 -1.566794e+01  1.421085e-14
     vertex -3.889776e+01 -1.540718e+01  1.421085e-14
     vertex -4.194310e+01  6.846901e+00  1.421085e-14
   endloop
 endfacet
 facet normal  0.000000e+00  0.000000e+00 -1.000000e+00
   outer loop
     vertex -4.420567e+01 -1.034820e+01  1.421085e-14
     vertex -4.498758e+01  2.431221e+00  1.421085e-14
     vertex -4.394244e+01 -1.046525e+01  1.421085e-14
   endloop
 endfacet
 facet normal  0.000000e+00  0.000000e+00 -1.000000e+00
   outer loop
     vertex -4.420567e+01 -1.034820e+01  1.421085e-14
     vertex -4.514162e+01  2.341347e+00  1.421085e-14
     vertex -4.498758e+01  2.431221e+00  1.421085e-14
   endloop
 endfacet
 facet normal  0.000000e+00  0.000000e+00 -1.000000e+00
   outer loop
     vertex -3.866006e+01 -1.593197e+01  1.421085e-14
     vertex -3.877531e+01 -1.566794e+01  1.421085e-14
     vertex -4.188948e+01  7.199491e+00  1.421085e-14
   endloop
 endfacet
 facet normal  0.000000e+00  0.000000e+00 -1.000000e+00
   outer loop
     vertex -3.866006e+01 -1.593197e+01  1.421085e-14
     vertex -4.188948e+01  7.199491e+00  1.421085e-14
     vertex -4.186995e+01  7.376756e+00  1.421085e-14
   endloop
 endfacet
 facet normal  0.000000e+00  0.000000e+00 -1.000000e+00
   outer loop
     vertex -4.447201e+01 -1.023841e+01  1.421085e-14
     vertex -4.514162e+01  2.341347e+00  1.421085e-14
     vertex -4.420567e+01 -1.034820e+01  1.421085e-14
   endloop
 endfacet
 facet normal  0.000000e+00  0.000000e+00 -1.000000e+00
   outer loop
     vertex -4.447201e+01 -1.023841e+01  1.421085e-14
     vertex -4.529806e+01  2.255732e+00  1.421085e-14
     vertex -4.514162e+01  2.341347e+00  1.421085e-14
   endloop
 endfacet
 facet normal  0.000000e+00  0.000000e+00 -1.000000e+00
   outer loop
     vertex -3.855211e+01 -1.619906e+01  1.421085e-14
     vertex -4.186995e+01  7.376756e+00  1.421085e-14
     vertex -4.185529e+01  7.554490e+00  1.421085e-14
   endloop
 endfacet
 facet normal  0.000000e+00  0.000000e+00 -1.000000e+00
   outer loop
     vertex -3.855211e+01 -1.619906e+01  1.421085e-14
     vertex -3.866006e+01 -1.593197e+01  1.421085e-14
     vertex -4.186995e+01  7.376756e+00  1.421085e-14
   endloop
 endfacet
 facet normal  0.000000e+00  0.000000e+00 -1.000000e+00
   outer loop
     vertex -4.474127e+01 -1.013597e+01  1.421085e-14
     vertex -4.529806e+01  2.255732e+00  1.421085e-14
     vertex -4.447201e+01 -1.023841e+01  1.421085e-14
   endloop
 endfacet
 facet normal  0.000000e+00  0.000000e+00 -1.000000e+00
   outer loop
     vertex -4.474127e+01 -1.013597e+01  1.421085e-14
     vertex -4.545680e+01  2.174441e+00  1.421085e-14
     vertex -4.529806e+01  2.255732e+00  1.421085e-14
   endloop
 endfacet
 facet normal  0.000000e+00  0.000000e+00 -1.000000e+00
   outer loop
     vertex -4.474127e+01 -1.013597e+01  1.421085e-14
     vertex -4.561770e+01  2.097536e+00  1.421085e-14
     vertex -4.545680e+01  2.174441e+00  1.421085e-14
   endloop
 endfacet
 facet normal  0.000000e+00  0.000000e+00 -1.000000e+00
   outer loop
     vertex -3.845151e+01 -1.646901e+01  1.421085e-14
     vertex -4.185529e+01  7.554490e+00  1.421085e-14
     vertex -4.184550e+01  7.732560e+00  1.421085e-14
   endloop
 endfacet
 facet normal  0.000000e+00  0.000000e+00 -1.000000e+00
   outer loop
     vertex -3.845151e+01 -1.646901e+01  1.421085e-14
     vertex -3.855211e+01 -1.619906e+01  1.421085e-14
     vertex -4.185529e+01  7.554490e+00  1.421085e-14
   endloop
 endfacet
 facet normal  0.000000e+00  0.000000e+00 -1.000000e+00
   outer loop
     vertex -4.501323e+01 -1.004095e+01  1.421085e-14
     vertex -4.578065e+01  2.025074e+00  1.421085e-14
     vertex -4.561770e+01  2.097536e+00  1.421085e-14
   endloop
 endfacet
 facet normal  0.000000e+00  0.000000e+00 -1.000000e+00
   outer loop
     vertex -4.501323e+01 -1.004095e+01  1.421085e-14
     vertex -4.561770e+01  2.097536e+00  1.421085e-14
     vertex -4.474127e+01 -1.013597e+01  1.421085e-14
   endloop
 endfacet
 facet normal  1.030759e-16  1.468649e-17 -1.000000e+00
   outer loop
     vertex -3.835837e+01 -1.674162e+01  1.421085e-14
     vertex -4.184550e+01  7.732560e+00  1.421085e-14
     vertex  9.000000e+01  5.000000e+01  2.842171e-14
   endloop
 endfacet
 facet normal  0.000000e+00  0.000000e+00 -1.000000e+00
   outer loop
     vertex -3.835837e+01 -1.674162e+01  1.421085e-14
     vertex -3.845151e+01 -1.646901e+01  1.421085e-14
     vertex -4.184550e+01  7.732560e+00  1.421085e-14
   endloop
 endfacet
 facet normal  0.000000e+00  0.000000e+00 -1.000000e+00
   outer loop
     vertex -4.528770e+01 -9.953434e+00  1.421085e-14
     vertex -4.578065e+01  2.025074e+00  1.421085e-14
     vertex -4.501323e+01 -1.004095e+01  1.421085e-14
   endloop
 endfacet
 facet normal  0.000000e+00  0.000000e+00 -1.000000e+00
   outer loop
     vertex -4.528770e+01 -9.953434e+00  1.421085e-14
     vertex -4.594553e+01  1.957110e+00  1.421085e-14
     vertex -4.578065e+01  2.025074e+00  1.421085e-14
   endloop
 endfacet
 facet normal  9.528752e-17  2.966521e-17 -1.000000e+00
   outer loop
     vertex -3.827273e+01 -1.701669e+01  1.421085e-14
     vertex -3.835837e+01 -1.674162e+01  1.421085e-14
     vertex  9.000000e+01  5.000000e+01  2.842171e-14
   endloop
 endfacet
 facet normal  0.000000e+00  0.000000e+00 -1.000000e+00
   outer loop
     vertex -4.556447e+01 -9.873479e+00  1.421085e-14
     vertex -4.594553e+01  1.957110e+00  1.421085e-14
     vertex -4.528770e+01 -9.953434e+00  1.421085e-14
   endloop
 endfacet
 facet normal  0.000000e+00  0.000000e+00 -1.000000e+00
   outer loop
     vertex -4.556447e+01 -9.873479e+00  1.421085e-14
     vertex -4.611221e+01  1.893694e+00  1.421085e-14
     vertex -4.594553e+01  1.957110e+00  1.421085e-14
   endloop
 endfacet
 facet normal  9.658301e-17  2.718559e-17 -1.000000e+00
   outer loop
     vertex -3.819468e+01 -1.729400e+01  1.421085e-14
     vertex -3.827273e+01 -1.701669e+01  1.421085e-14
     vertex  9.000000e+01  5.000000e+01  2.842171e-14
   endloop
 endfacet
 facet normal  0.000000e+00  0.000000e+00 -1.000000e+00
   outer loop
     vertex -4.584333e+01 -9.801146e+00  1.421085e-14
     vertex -4.611221e+01  1.893694e+00  1.421085e-14
     vertex -4.556447e+01 -9.873479e+00  1.421085e-14
   endloop
 endfacet
 facet normal  0.000000e+00  0.000000e+00 -1.000000e+00
   outer loop
     vertex -4.584333e+01 -9.801146e+00  1.421085e-14
     vertex -4.628057e+01  1.834875e+00  1.421085e-14
     vertex -4.611221e+01  1.893694e+00  1.421085e-14
   endloop
 endfacet
 facet normal  0.000000e+00  0.000000e+00 -1.000000e+00
   outer loop
     vertex -4.584333e+01 -9.801146e+00  1.421085e-14
     vertex -4.645048e+01  1.780697e+00  1.421085e-14
     vertex -4.628057e+01  1.834875e+00  1.421085e-14
   endloop
 endfacet
 facet normal  1.109146e-16  0.000000e+00 -1.000000e+00
   outer loop
     vertex -3.812426e+01 -1.757334e+01  1.421085e-14
     vertex  9.000000e+01  5.000000e+01  2.842171e-14
     vertex  9.000000e+01 -5.000000e+01  2.842171e-14
   endloop
 endfacet
 facet normal  9.789902e-17  2.467860e-17 -1.000000e+00
   outer loop
     vertex -3.812426e+01 -1.757334e+01  1.421085e-14
     vertex -3.819468e+01 -1.729400e+01  1.421085e-14
     vertex  9.000000e+01  5.000000e+01  2.842171e-14
   endloop
 endfacet
 facet normal  0.000000e+00  0.000000e+00 -1.000000e+00
   outer loop
     vertex -4.612406e+01 -9.736491e+00  1.421085e-14
     vertex -4.645048e+01  1.780697e+00  1.421085e-14
     vertex -4.584333e+01 -9.801146e+00  1.421085e-14
   endloop
 endfacet
 facet normal  0.000000e+00  0.000000e+00 -1.000000e+00
   outer loop
     vertex -4.612406e+01 -9.736491e+00  1.421085e-14
     vertex -4.662181e+01  1.731201e+00  1.421085e-14
     vertex -4.645048e+01  1.780697e+00  1.421085e-14
   endloop
 endfacet
 facet normal  1.175519e-16  2.622517e-17 -1.000000e+00
   outer loop
     vertex -3.806153e+01 -1.785451e+01  1.421085e-14
     vertex -3.812426e+01 -1.757334e+01  1.421085e-14
     vertex  9.000000e+01 -5.000000e+01  2.842171e-14
   endloop
 endfacet
 facet normal  0.000000e+00  0.000000e+00 -1.000000e+00
   outer loop
     vertex -4.640647e+01 -9.679562e+00  1.421085e-14
     vertex -4.662181e+01  1.731201e+00  1.421085e-14
     vertex -4.612406e+01 -9.736491e+00  1.421085e-14
   endloop
 endfacet
 facet normal  0.000000e+00  0.000000e+00 -1.000000e+00
   outer loop
     vertex -4.640647e+01 -9.679562e+00  1.421085e-14
     vertex -4.679444e+01  1.686424e+00  1.421085e-14
     vertex -4.662181e+01  1.731201e+00  1.421085e-14
   endloop
 endfacet
 facet normal  1.166636e-16  2.268633e-17 -1.000000e+00
   outer loop
     vertex -3.800654e+01 -1.813730e+01  1.421085e-14
     vertex -3.806153e+01 -1.785451e+01  1.421085e-14
     vertex  9.000000e+01 -5.000000e+01  2.842171e-14
   endloop
 endfacet
 facet normal  0.000000e+00  0.000000e+00 -1.000000e+00
   outer loop
     vertex -4.669032e+01 -9.630402e+00  1.421085e-14
     vertex -4.679444e+01  1.686424e+00  1.421085e-14
     vertex -4.640647e+01 -9.679562e+00  1.421085e-14
   endloop
 endfacet
 facet normal  0.000000e+00  0.000000e+00 -1.000000e+00
   outer loop
     vertex -4.669032e+01 -9.630402e+00  1.421085e-14
     vertex -4.696823e+01  1.646399e+00  1.421085e-14
     vertex -4.679444e+01  1.686424e+00  1.421085e-14
   endloop
 endfacet
 facet normal  0.000000e+00  0.000000e+00 -1.000000e+00
   outer loop
     vertex -4.669032e+01 -9.630402e+00  1.421085e-14
     vertex -4.714305e+01  1.611157e+00  1.421085e-14
     vertex -4.696823e+01  1.646399e+00  1.421085e-14
   endloop
 endfacet
 facet normal  1.158054e-16  1.923857e-17 -1.000000e+00
   outer loop
     vertex -3.795933e+01 -1.842149e+01  1.421085e-14
     vertex -3.800654e+01 -1.813730e+01  1.421085e-14
     vertex  9.000000e+01 -5.000000e+01  2.842171e-14
   endloop
 endfacet
 facet normal  0.000000e+00  0.000000e+00 -1.000000e+00
   outer loop
     vertex -4.697543e+01 -9.589047e+00  1.421085e-14
     vertex -4.714305e+01  1.611157e+00  1.421085e-14
     vertex -4.669032e+01 -9.630402e+00  1.421085e-14
   endloop
 endfacet
 facet normal  0.000000e+00  0.000000e+00 -1.000000e+00
   outer loop
     vertex -4.697543e+01 -9.589047e+00  1.421085e-14
     vertex -4.731877e+01  1.580725e+00  1.421085e-14
     vertex -4.714305e+01  1.611157e+00  1.421085e-14
   endloop
 endfacet
 facet normal  1.149748e-16  1.587280e-17 -1.000000e+00
   outer loop
     vertex -3.791993e+01 -1.870687e+01  1.421085e-14
     vertex -3.795933e+01 -1.842149e+01  1.421085e-14
     vertex  9.000000e+01 -5.000000e+01  2.842171e-14
   endloop
 endfacet
 facet normal  0.000000e+00  0.000000e+00 -1.000000e+00
   outer loop
     vertex -4.726155e+01 -9.555530e+00  1.421085e-14
     vertex -4.731877e+01  1.580725e+00  1.421085e-14
     vertex -4.697543e+01 -9.589047e+00  1.421085e-14
   endloop
 endfacet
 facet normal  0.000000e+00  0.000000e+00 -1.000000e+00
   outer loop
     vertex -4.726155e+01 -9.555530e+00  1.421085e-14
     vertex -4.749526e+01  1.555124e+00  1.421085e-14
     vertex -4.731877e+01  1.580725e+00  1.421085e-14
   endloop
 endfacet
 facet normal  1.141694e-16  1.258064e-17 -1.000000e+00
   outer loop
     vertex -3.788838e+01 -1.899322e+01  1.421085e-14
     vertex -3.791993e+01 -1.870687e+01  1.421085e-14
     vertex  9.000000e+01 -5.000000e+01  2.842171e-14
   endloop
 endfacet
 facet normal  0.000000e+00  0.000000e+00 -1.000000e+00
   outer loop
     vertex -4.754849e+01 -9.529875e+00  1.421085e-14
     vertex -4.749526e+01  1.555124e+00  1.421085e-14
     vertex -4.726155e+01 -9.555530e+00  1.421085e-14
   endloop
 endfacet
 facet normal  0.000000e+00  0.000000e+00 -1.000000e+00
   outer loop
     vertex -4.754849e+01 -9.529875e+00  1.421085e-14
     vertex -4.767239e+01  1.534376e+00  1.421085e-14
     vertex -4.749526e+01  1.555124e+00  1.421085e-14
   endloop
 endfacet
 facet normal  0.000000e+00  0.000000e+00 -1.000000e+00
   outer loop
     vertex -4.754849e+01 -9.529875e+00  1.421085e-14
     vertex -4.785002e+01  1.518494e+00  1.421085e-14
     vertex -4.767239e+01  1.534376e+00  1.421085e-14
   endloop
 endfacet
 facet normal  1.133872e-16  9.354314e-18 -1.000000e+00
   outer loop
     vertex -3.786469e+01 -1.928033e+01  1.421085e-14
     vertex -3.788838e+01 -1.899322e+01  1.421085e-14
     vertex  9.000000e+01 -5.000000e+01  2.842171e-14
   endloop
 endfacet
 facet normal  0.000000e+00  0.000000e+00 -1.000000e+00
   outer loop
     vertex -4.783603e+01 -9.512102e+00  1.421085e-14
     vertex -4.785002e+01  1.518494e+00  1.421085e-14
     vertex -4.754849e+01 -9.529875e+00  1.421085e-14
   endloop
 endfacet
 facet normal  0.000000e+00  0.000000e+00 -1.000000e+00
   outer loop
     vertex -4.783603e+01 -9.512102e+00  1.421085e-14
     vertex -4.802802e+01  1.507491e+00  1.421085e-14
     vertex -4.785002e+01  1.518494e+00  1.421085e-14
   endloop
 endfacet
 facet normal  1.126261e-16  6.186567e-18 -1.000000e+00
   outer loop
     vertex -3.784889e+01 -1.956798e+01  1.421085e-14
     vertex -3.786469e+01 -1.928033e+01  1.421085e-14
     vertex  9.000000e+01 -5.000000e+01  2.842171e-14
   endloop
 endfacet
 facet normal  0.000000e+00  0.000000e+00 -1.000000e+00
   outer loop
     vertex -4.812395e+01 -9.502223e+00  1.421085e-14
     vertex -4.820625e+01  1.501376e+00  1.421085e-14
     vertex -4.802802e+01  1.507491e+00  1.421085e-14
   endloop
 endfacet
 facet normal  0.000000e+00  0.000000e+00 -1.000000e+00
   outer loop
     vertex -4.812395e+01 -9.502223e+00  1.421085e-14
     vertex -4.802802e+01  1.507491e+00  1.421085e-14
     vertex -4.783603e+01 -9.512102e+00  1.421085e-14
   endloop
 endfacet
 facet normal  1.118844e-16  3.070598e-18 -1.000000e+00
   outer loop
     vertex -3.784099e+01 -1.985596e+01  1.421085e-14
     vertex -3.784889e+01 -1.956798e+01  1.421085e-14
     vertex  9.000000e+01 -5.000000e+01  2.842171e-14
   endloop
 endfacet
 facet normal  0.000000e+00  0.000000e+00 -1.000000e+00
   outer loop
     vertex -4.841202e+01 -9.500247e+00  1.421085e-14
     vertex -4.838459e+01  1.500153e+00  1.421085e-14
     vertex -4.820625e+01  1.501376e+00  1.421085e-14
   endloop
 endfacet
 facet normal  0.000000e+00  0.000000e+00 -1.000000e+00
   outer loop
     vertex -4.841202e+01 -9.500247e+00  1.421085e-14
     vertex -4.856289e+01  1.503823e+00  1.421085e-14
     vertex -4.838459e+01  1.500153e+00  1.421085e-14
   endloop
 endfacet
 facet normal  0.000000e+00  0.000000e+00 -1.000000e+00
   outer loop
     vertex -4.841202e+01 -9.500247e+00  1.421085e-14
     vertex -4.820625e+01  1.501376e+00  1.421085e-14
     vertex -4.812395e+01 -9.502223e+00  1.421085e-14
   endloop
 endfacet
 facet normal  1.111604e-16 -5.483404e-30 -1.000000e+00
   outer loop
     vertex -3.784099e+01 -2.014404e+01  1.421085e-14
     vertex -3.784099e+01 -1.985596e+01  1.421085e-14
     vertex  9.000000e+01 -5.000000e+01  2.842171e-14
   endloop
 endfacet
 facet normal  0.000000e+00  0.000000e+00 -1.000000e+00
   outer loop
     vertex -4.870005e+01 -9.506175e+00  1.421085e-14
     vertex -4.874102e+01  1.512382e+00  1.421085e-14
     vertex -4.856289e+01  1.503823e+00  1.421085e-14
   endloop
 endfacet
 facet normal  0.000000e+00  0.000000e+00 -1.000000e+00
   outer loop
     vertex -4.870005e+01 -9.506175e+00  1.421085e-14
     vertex -4.856289e+01  1.503823e+00  1.421085e-14
     vertex -4.841202e+01 -9.500247e+00  1.421085e-14
   endloop
 endfacet
 facet normal  1.104525e-16 -3.031299e-18 -1.000000e+00
   outer loop
     vertex -3.784889e+01 -2.043202e+01  1.421085e-14
     vertex -3.784099e+01 -2.014404e+01  1.421085e-14
     vertex  9.000000e+01 -5.000000e+01  2.842171e-14
   endloop
 endfacet
 facet normal  0.000000e+00  0.000000e+00 -1.000000e+00
   outer loop
     vertex -4.898780e+01 -9.520002e+00  1.421085e-14
     vertex -4.891885e+01  1.525826e+00  1.421085e-14
     vertex -4.874102e+01  1.512382e+00  1.421085e-14
   endloop
 endfacet
 facet normal  0.000000e+00  0.000000e+00 -1.000000e+00
   outer loop
     vertex -4.898780e+01 -9.520002e+00  1.421085e-14
     vertex -4.874102e+01  1.512382e+00  1.421085e-14
     vertex -4.870005e+01 -9.506175e+00  1.421085e-14
   endloop
 endfacet
 facet normal  1.097592e-16 -6.029085e-18 -1.000000e+00
   outer loop
     vertex -3.786469e+01 -2.071967e+01  1.421085e-14
     vertex -3.784889e+01 -2.043202e+01  1.421085e-14
     vertex  9.000000e+01 -5.000000e+01  2.842171e-14
   endloop
 endfacet
 facet normal  0.000000e+00  0.000000e+00 -1.000000e+00
   outer loop
     vertex -4.927506e+01 -9.541718e+00  1.421085e-14
     vertex -4.909624e+01  1.544143e+00  1.421085e-14
     vertex -4.891885e+01  1.525826e+00  1.421085e-14
   endloop
 endfacet
 facet normal  0.000000e+00  0.000000e+00 -1.000000e+00
   outer loop
     vertex -4.927506e+01 -9.541718e+00  1.421085e-14
     vertex -4.927307e+01  1.567319e+00  1.421085e-14
     vertex -4.909624e+01  1.544143e+00  1.421085e-14
   endloop
 endfacet
 facet normal  0.000000e+00  0.000000e+00 -1.000000e+00
   outer loop
     vertex -4.927506e+01 -9.541718e+00  1.421085e-14
     vertex -4.891885e+01  1.525826e+00  1.421085e-14
     vertex -4.898780e+01 -9.520002e+00  1.421085e-14
   endloop
 endfacet
 facet normal  1.090791e-16 -8.998902e-18 -1.000000e+00
   outer loop
     vertex -3.788838e+01 -2.100678e+01  1.421085e-14
     vertex -3.786469e+01 -2.071967e+01  1.421085e-14
     vertex  9.000000e+01 -5.000000e+01  2.842171e-14
   endloop
 endfacet
 facet normal  0.000000e+00  0.000000e+00 -1.000000e+00
   outer loop
     vertex -4.956163e+01 -9.571307e+00  1.421085e-14
     vertex -4.944919e+01  1.595338e+00  1.421085e-14
     vertex -4.927307e+01  1.567319e+00  1.421085e-14
   endloop
 endfacet
 facet normal  0.000000e+00  0.000000e+00 -1.000000e+00
   outer loop
     vertex -4.956163e+01 -9.571307e+00  1.421085e-14
     vertex -4.927307e+01  1.567319e+00  1.421085e-14
     vertex -4.927506e+01 -9.541718e+00  1.421085e-14
   endloop
 endfacet
 facet normal  1.084109e-16 -1.194610e-17 -1.000000e+00
   outer loop
     vertex -3.791993e+01 -2.129313e+01  1.421085e-14
     vertex -3.788838e+01 -2.100678e+01  1.421085e-14
     vertex  9.000000e+01 -5.000000e+01  2.842171e-14
   endloop
 endfacet
 facet normal  0.000000e+00  0.000000e+00 -1.000000e+00
   outer loop
     vertex -4.984727e+01 -9.608747e+00  1.421085e-14
     vertex -4.962448e+01  1.628179e+00  1.421085e-14
     vertex -4.944919e+01  1.595338e+00  1.421085e-14
   endloop
 endfacet
 facet normal  0.000000e+00  0.000000e+00 -1.000000e+00
   outer loop
     vertex -4.984727e+01 -9.608747e+00  1.421085e-14
     vertex -4.944919e+01  1.595338e+00  1.421085e-14
     vertex -4.956163e+01 -9.571307e+00  1.421085e-14
   endloop
 endfacet
 facet normal  1.077535e-16 -1.487586e-17 -1.000000e+00
   outer loop
     vertex -3.795933e+01 -2.157851e+01  1.421085e-14
     vertex -3.791993e+01 -2.129313e+01  1.421085e-14
     vertex  9.000000e+01 -5.000000e+01  2.842171e-14
   endloop
 endfacet
 facet normal  0.000000e+00  0.000000e+00 -1.000000e+00
   outer loop
     vertex -5.013177e+01 -9.654008e+00  1.421085e-14
     vertex -4.979880e+01  1.665815e+00  1.421085e-14
     vertex -4.962448e+01  1.628179e+00  1.421085e-14
   endloop
 endfacet
 facet normal  0.000000e+00  0.000000e+00 -1.000000e+00
   outer loop
     vertex -5.013177e+01 -9.654008e+00  1.421085e-14
     vertex -4.997203e+01  1.708220e+00  1.421085e-14
     vertex -4.979880e+01  1.665815e+00  1.421085e-14
   endloop
 endfacet
 facet normal  0.000000e+00  0.000000e+00 -1.000000e+00
   outer loop
     vertex -5.013177e+01 -9.654008e+00  1.421085e-14
     vertex -4.962448e+01  1.628179e+00  1.421085e-14
     vertex -4.984727e+01 -9.608747e+00  1.421085e-14
   endloop
 endfacet
 facet normal  1.071055e-16 -1.779326e-17 -1.000000e+00
   outer loop
     vertex -3.800654e+01 -2.186270e+01  1.421085e-14
     vertex -3.795933e+01 -2.157851e+01  1.421085e-14
     vertex  9.000000e+01 -5.000000e+01  2.842171e-14
   endloop
 endfacet
 facet normal  0.000000e+00  0.000000e+00 -1.000000e+00
   outer loop
     vertex -5.041493e+01 -9.707058e+00  1.421085e-14
     vertex -5.014402e+01  1.755362e+00  1.421085e-14
     vertex -4.997203e+01  1.708220e+00  1.421085e-14
   endloop
 endfacet
 facet normal  0.000000e+00  0.000000e+00 -1.000000e+00
   outer loop
     vertex -5.041493e+01 -9.707058e+00  1.421085e-14
     vertex -4.997203e+01  1.708220e+00  1.421085e-14
     vertex -5.013177e+01 -9.654008e+00  1.421085e-14
   endloop
 endfacet
 facet normal  1.064658e-16 -2.070328e-17 -1.000000e+00
   outer loop
     vertex -3.806153e+01 -2.214549e+01  1.421085e-14
     vertex -3.800654e+01 -2.186270e+01  1.421085e-14
     vertex  9.000000e+01 -5.000000e+01  2.842171e-14
   endloop
 endfacet
 facet normal  0.000000e+00  0.000000e+00 -1.000000e+00
   outer loop
     vertex -5.069653e+01 -9.767856e+00  1.421085e-14
     vertex -5.031466e+01  1.807204e+00  1.421085e-14
     vertex -5.014402e+01  1.755362e+00  1.421085e-14
   endloop
 endfacet
 facet normal  0.000000e+00  0.000000e+00 -1.000000e+00
   outer loop
     vertex -5.069653e+01 -9.767856e+00  1.421085e-14
     vertex -5.014402e+01  1.755362e+00  1.421085e-14
     vertex -5.041493e+01 -9.707058e+00  1.421085e-14
   endloop
 endfacet
 facet normal  1.058334e-16 -2.361084e-17 -1.000000e+00
   outer loop
     vertex -3.812426e+01 -2.242666e+01  1.421085e-14
     vertex -3.806153e+01 -2.214549e+01  1.421085e-14
     vertex  9.000000e+01 -5.000000e+01  2.842171e-14
   endloop
 endfacet
 facet normal  0.000000e+00  0.000000e+00 -1.000000e+00
   outer loop
     vertex -5.097635e+01 -9.836356e+00  1.421085e-14
     vertex -5.048381e+01  1.863707e+00  1.421085e-14
     vertex -5.031466e+01  1.807204e+00  1.421085e-14
   endloop
 endfacet
 facet normal  0.000000e+00  0.000000e+00 -1.000000e+00
   outer loop
     vertex -5.097635e+01 -9.836356e+00  1.421085e-14
     vertex -5.065134e+01  1.924830e+00  1.421085e-14
     vertex -5.048381e+01  1.863707e+00  1.421085e-14
   endloop
 endfacet
 facet normal  0.000000e+00  0.000000e+00 -1.000000e+00
   outer loop
     vertex -5.097635e+01 -9.836356e+00  1.421085e-14
     vertex -5.031466e+01  1.807204e+00  1.421085e-14
     vertex -5.069653e+01 -9.767856e+00  1.421085e-14
   endloop
 endfacet
 facet normal  1.052071e-16 -2.652085e-17 -1.000000e+00
   outer loop
     vertex -3.819468e+01 -2.270600e+01  1.421085e-14
     vertex -3.812426e+01 -2.242666e+01  1.421085e-14
     vertex  9.000000e+01 -5.000000e+01  2.842171e-14
   endloop
 endfacet
 facet normal  0.000000e+00  0.000000e+00 -1.000000e+00
   outer loop
     vertex -5.125419e+01 -9.912507e+00  1.421085e-14
     vertex -5.081714e+01  1.990526e+00  1.421085e-14
     vertex -5.065134e+01  1.924830e+00  1.421085e-14
   endloop
 endfacet
 facet normal  0.000000e+00  0.000000e+00 -1.000000e+00
   outer loop
     vertex -5.125419e+01 -9.912507e+00  1.421085e-14
     vertex -5.065134e+01  1.924830e+00  1.421085e-14
     vertex -5.097635e+01 -9.836356e+00  1.421085e-14
   endloop
 endfacet
 facet normal  1.045860e-16 -2.943823e-17 -1.000000e+00
   outer loop
     vertex -3.827273e+01 -2.298331e+01  1.421085e-14
     vertex -3.819468e+01 -2.270600e+01  1.421085e-14
     vertex  9.000000e+01 -5.000000e+01  2.842171e-14
   endloop
 endfacet
 facet normal  0.000000e+00  0.000000e+00 -1.000000e+00
   outer loop
     vertex -5.152983e+01 -9.996252e+00  1.421085e-14
     vertex -5.098107e+01  2.060746e+00  1.421085e-14
     vertex -5.081714e+01  1.990526e+00  1.421085e-14
   endloop
 endfacet
 facet normal  0.000000e+00  0.000000e+00 -1.000000e+00
   outer loop
     vertex -5.152983e+01 -9.996252e+00  1.421085e-14
     vertex -5.081714e+01  1.990526e+00  1.421085e-14
     vertex -5.125419e+01 -9.912507e+00  1.421085e-14
   endloop
 endfacet
 facet normal  1.039689e-16 -3.236794e-17 -1.000000e+00
   outer loop
     vertex -3.835837e+01 -2.325838e+01  1.421085e-14
     vertex -3.827273e+01 -2.298331e+01  1.421085e-14
     vertex  9.000000e+01 -5.000000e+01  2.842171e-14
   endloop
 endfacet
 facet normal  0.000000e+00  0.000000e+00 -1.000000e+00
   outer loop
     vertex -5.180307e+01 -1.008753e+01  1.421085e-14
     vertex -5.114302e+01  2.135437e+00  1.421085e-14
     vertex -5.098107e+01  2.060746e+00  1.421085e-14
   endloop
 endfacet
 facet normal  0.000000e+00  0.000000e+00 -1.000000e+00
   outer loop
     vertex -5.180307e+01 -1.008753e+01  1.421085e-14
     vertex -5.130285e+01  2.214542e+00  1.421085e-14
     vertex -5.114302e+01  2.135437e+00  1.421085e-14
   endloop
 endfacet
 facet normal  0.000000e+00  0.000000e+00 -1.000000e+00
   outer loop
     vertex -5.180307e+01 -1.008753e+01  1.421085e-14
     vertex -5.098107e+01  2.060746e+00  1.421085e-14
     vertex -5.152983e+01 -9.996252e+00  1.421085e-14
   endloop
 endfacet
 facet normal  1.033550e-16 -3.531504e-17 -1.000000e+00
   outer loop
     vertex -3.845151e+01 -2.353099e+01  1.421085e-14
     vertex -3.835837e+01 -2.325838e+01  1.421085e-14
     vertex  9.000000e+01 -5.000000e+01  2.842171e-14
   endloop
 endfacet
 facet normal  0.000000e+00  0.000000e+00 -1.000000e+00
   outer loop
     vertex -5.207371e+01 -1.018626e+01  1.421085e-14
     vertex -5.146045e+01  2.298003e+00  1.421085e-14
     vertex -5.130285e+01  2.214542e+00  1.421085e-14
   endloop
 endfacet
 facet normal  0.000000e+00  0.000000e+00 -1.000000e+00
   outer loop
     vertex -5.207371e+01 -1.018626e+01  1.421085e-14
     vertex -5.130285e+01  2.214542e+00  1.421085e-14
     vertex -5.180307e+01 -1.008753e+01  1.421085e-14
   endloop
 endfacet
 facet normal  1.027430e-16 -3.828468e-17 -1.000000e+00
   outer loop
     vertex -3.855211e+01 -2.380094e+01  1.421085e-14
     vertex -3.845151e+01 -2.353099e+01  1.421085e-14
     vertex  9.000000e+01 -5.000000e+01  2.842171e-14
   endloop
 endfacet
 facet normal  0.000000e+00  0.000000e+00 -1.000000e+00
   outer loop
     vertex -5.234153e+01 -1.029239e+01  1.421085e-14
     vertex -5.161571e+01  2.385756e+00  1.421085e-14
     vertex -5.146045e+01  2.298003e+00  1.421085e-14
   endloop
 endfacet
 facet normal  0.000000e+00  0.000000e+00 -1.000000e+00
   outer loop
     vertex -5.234153e+01 -1.029239e+01  1.421085e-14
     vertex -5.146045e+01  2.298003e+00  1.421085e-14
     vertex -5.207371e+01 -1.018626e+01  1.421085e-14
   endloop
 endfacet
 facet normal  1.021321e-16 -4.128217e-17 -1.000000e+00
   outer loop
     vertex -3.866006e+01 -2.406803e+01  1.421085e-14
     vertex -3.855211e+01 -2.380094e+01  1.421085e-14
     vertex  9.000000e+01 -5.000000e+01  2.842171e-14
   endloop
 endfacet
 facet normal  0.000000e+00  0.000000e+00 -1.000000e+00
   outer loop
     vertex -5.260635e+01 -1.040582e+01  1.421085e-14
     vertex -5.176850e+01  2.477735e+00  1.421085e-14
     vertex -5.161571e+01  2.385756e+00  1.421085e-14
   endloop
 endfacet
 facet normal  0.000000e+00  0.000000e+00 -1.000000e+00
   outer loop
     vertex -5.260635e+01 -1.040582e+01  1.421085e-14
     vertex -5.191870e+01  2.573871e+00  1.421085e-14
     vertex -5.176850e+01  2.477735e+00  1.421085e-14
   endloop
 endfacet
 facet normal  0.000000e+00  0.000000e+00 -1.000000e+00
   outer loop
     vertex -5.260635e+01 -1.040582e+01  1.421085e-14
     vertex -5.161571e+01  2.385756e+00  1.421085e-14
     vertex -5.234153e+01 -1.029239e+01  1.421085e-14
   endloop
 endfacet
 facet normal  1.015213e-16 -4.431301e-17 -1.000000e+00
   outer loop
     vertex -3.877531e+01 -2.433206e+01  1.421085e-14
     vertex -3.866006e+01 -2.406803e+01  1.421085e-14
     vertex  9.000000e+01 -5.000000e+01  2.842171e-14
   endloop
 endfacet
 facet normal  0.000000e+00  0.000000e+00 -1.000000e+00
   outer loop
     vertex -5.286795e+01 -1.052648e+01  1.421085e-14
     vertex -5.206622e+01  2.674091e+00  1.421085e-14
     vertex -5.191870e+01  2.573871e+00  1.421085e-14
   endloop
 endfacet
 facet normal  0.000000e+00  0.000000e+00 -1.000000e+00
   outer loop
     vertex -5.286795e+01 -1.052648e+01  1.421085e-14
     vertex -5.191870e+01  2.573871e+00  1.421085e-14
     vertex -5.260635e+01 -1.040582e+01  1.421085e-14
   endloop
 endfacet
 facet normal  1.009093e-16 -4.738292e-17 -1.000000e+00
   outer loop
     vertex -3.889776e+01 -2.459282e+01  1.421085e-14
     vertex -3.877531e+01 -2.433206e+01  1.421085e-14
     vertex  9.000000e+01 -5.000000e+01  2.842171e-14
   endloop
 endfacet
 facet normal  0.000000e+00  0.000000e+00 -1.000000e+00
   outer loop
     vertex -5.312614e+01 -1.065426e+01  1.421085e-14
     vertex -5.221093e+01  2.778321e+00  1.421085e-14
     vertex -5.206622e+01  2.674091e+00  1.421085e-14
   endloop
 endfacet
 facet normal  0.000000e+00  0.000000e+00 -1.000000e+00
   outer loop
     vertex -5.312614e+01 -1.065426e+01  1.421085e-14
     vertex -5.206622e+01  2.674091e+00  1.421085e-14
     vertex -5.286795e+01 -1.052648e+01  1.421085e-14
   endloop
 endfacet
 facet normal  1.002953e-16 -5.049791e-17 -1.000000e+00
   outer loop
     vertex -3.902731e+01 -2.485013e+01  1.421085e-14
     vertex -3.889776e+01 -2.459282e+01  1.421085e-14
     vertex  9.000000e+01 -5.000000e+01  2.842171e-14
   endloop
 endfacet
 facet normal  0.000000e+00  0.000000e+00 -1.000000e+00
   outer loop
     vertex -5.338073e+01 -1.078908e+01  1.421085e-14
     vertex -5.235272e+01  2.886482e+00  1.421085e-14
     vertex -5.221093e+01  2.778321e+00  1.421085e-14
   endloop
 endfacet
 facet normal  0.000000e+00  0.000000e+00 -1.000000e+00
   outer loop
     vertex -5.338073e+01 -1.078908e+01  1.421085e-14
     vertex -5.221093e+01  2.778321e+00  1.421085e-14
     vertex -5.312614e+01 -1.065426e+01  1.421085e-14
   endloop
 endfacet
 facet normal  9.967816e-17 -5.366430e-17 -1.000000e+00
   outer loop
     vertex -3.916387e+01 -2.510379e+01  1.421085e-14
     vertex -3.902731e+01 -2.485013e+01  1.421085e-14
     vertex  9.000000e+01 -5.000000e+01  2.842171e-14
   endloop
 endfacet
 facet normal  0.000000e+00  0.000000e+00 -1.000000e+00
   outer loop
     vertex -5.363153e+01 -1.093084e+01  1.421085e-14
     vertex -5.249150e+01  2.998492e+00  1.421085e-14
     vertex -5.235272e+01  2.886482e+00  1.421085e-14
   endloop
 endfacet
 facet normal  0.000000e+00  0.000000e+00 -1.000000e+00
   outer loop
     vertex -5.363153e+01 -1.093084e+01  1.421085e-14
     vertex -5.262714e+01  3.114266e+00  1.421085e-14
     vertex -5.249150e+01  2.998492e+00  1.421085e-14
   endloop
 endfacet
 facet normal  0.000000e+00  0.000000e+00 -1.000000e+00
   outer loop
     vertex -5.363153e+01 -1.093084e+01  1.421085e-14
     vertex -5.235272e+01  2.886482e+00  1.421085e-14
     vertex -5.338073e+01 -1.078908e+01  1.421085e-14
   endloop
 endfacet
 facet normal  9.905664e-17 -5.688879e-17 -1.000000e+00
   outer loop
     vertex -3.930735e+01 -2.535361e+01  1.421085e-14
     vertex -3.916387e+01 -2.510379e+01  1.421085e-14
     vertex  9.000000e+01 -5.000000e+01  2.842171e-14
   endloop
 endfacet
 facet normal  0.000000e+00  0.000000e+00 -1.000000e+00
   outer loop
     vertex -5.387834e+01 -1.107942e+01  1.421085e-14
     vertex -5.262714e+01  3.114266e+00  1.421085e-14
     vertex -5.363153e+01 -1.093084e+01  1.421085e-14
   endloop
 endfacet
 facet normal  0.000000e+00  0.000000e+00 -1.000000e+00
   outer loop
     vertex -5.387834e+01 -1.107942e+01  1.421085e-14
     vertex -5.275957e+01  3.233719e+00  1.421085e-14
     vertex -5.262714e+01  3.114266e+00  1.421085e-14
   endloop
 endfacet
 facet normal  9.842961e-17 -6.017852e-17 -1.000000e+00
   outer loop
     vertex -3.945762e+01 -2.559940e+01  1.421085e-14
     vertex -3.930735e+01 -2.535361e+01  1.421085e-14
     vertex  9.000000e+01 -5.000000e+01  2.842171e-14
   endloop
 endfacet
 facet normal  0.000000e+00  0.000000e+00 -1.000000e+00
   outer loop
     vertex -5.412098e+01 -1.123471e+01  1.421085e-14
     vertex -5.288866e+01  3.356760e+00  1.421085e-14
     vertex -5.275957e+01  3.233719e+00  1.421085e-14
   endloop
 endfacet
 facet normal  0.000000e+00  0.000000e+00 -1.000000e+00
   outer loop
     vertex -5.412098e+01 -1.123471e+01  1.421085e-14
     vertex -5.275957e+01  3.233719e+00  1.421085e-14
     vertex -5.387834e+01 -1.107942e+01  1.421085e-14
   endloop
 endfacet
 facet normal  9.779581e-17 -6.354114e-17 -1.000000e+00
   outer loop
     vertex -3.961457e+01 -2.584097e+01  1.421085e-14
     vertex -3.945762e+01 -2.559940e+01  1.421085e-14
     vertex  9.000000e+01 -5.000000e+01  2.842171e-14
   endloop
 endfacet
 facet normal  0.000000e+00  0.000000e+00 -1.000000e+00
   outer loop
     vertex -5.435927e+01 -1.139661e+01  1.421085e-14
     vertex -5.301433e+01  3.483295e+00  1.421085e-14
     vertex -5.288866e+01  3.356760e+00  1.421085e-14
   endloop
 endfacet
 facet normal  0.000000e+00  0.000000e+00 -1.000000e+00
   outer loop
     vertex -5.435927e+01 -1.139661e+01  1.421085e-14
     vertex -5.288866e+01  3.356760e+00  1.421085e-14
     vertex -5.412098e+01 -1.123471e+01  1.421085e-14
   endloop
 endfacet
 facet normal  9.715393e-17 -6.698486e-17 -1.000000e+00
   outer loop
     vertex -3.977810e+01 -2.607815e+01  1.421085e-14
     vertex -3.961457e+01 -2.584097e+01  1.421085e-14
     vertex  9.000000e+01 -5.000000e+01  2.842171e-14
   endloop
 endfacet
 facet normal  0.000000e+00  0.000000e+00 -1.000000e+00
   outer loop
     vertex -5.459303e+01 -1.156498e+01  1.421085e-14
     vertex -5.313648e+01  3.613231e+00  1.421085e-14
     vertex -5.301433e+01  3.483295e+00  1.421085e-14
   endloop
 endfacet
 facet normal  0.000000e+00  0.000000e+00 -1.000000e+00
   outer loop
     vertex -5.459303e+01 -1.156498e+01  1.421085e-14
     vertex -5.325503e+01  3.746469e+00  1.421085e-14
     vertex -5.313648e+01  3.613231e+00  1.421085e-14
   endloop
 endfacet
 facet normal  0.000000e+00  0.000000e+00 -1.000000e+00
   outer loop
     vertex -5.459303e+01 -1.156498e+01  1.421085e-14
     vertex -5.301433e+01  3.483295e+00  1.421085e-14
     vertex -5.435927e+01 -1.139661e+01  1.421085e-14
   endloop
 endfacet
 facet normal  9.650257e-17 -7.051857e-17 -1.000000e+00
   outer loop
     vertex -3.994807e+01 -2.631075e+01  1.421085e-14
     vertex -3.977810e+01 -2.607815e+01  1.421085e-14
     vertex  9.000000e+01 -5.000000e+01  2.842171e-14
   endloop
 endfacet
 facet normal  0.000000e+00  0.000000e+00 -1.000000e+00
   outer loop
     vertex -5.482209e+01 -1.173970e+01  1.421085e-14
     vertex -5.336987e+01  3.882909e+00  1.421085e-14
     vertex -5.325503e+01  3.746469e+00  1.421085e-14
   endloop
 endfacet
 facet normal  0.000000e+00  0.000000e+00 -1.000000e+00
   outer loop
     vertex -5.482209e+01 -1.173970e+01  1.421085e-14
     vertex -5.325503e+01  3.746469e+00  1.421085e-14
     vertex -5.459303e+01 -1.156498e+01  1.421085e-14
   endloop
 endfacet
 facet normal  9.584021e-17 -7.415194e-17 -1.000000e+00
   outer loop
     vertex -4.012436e+01 -2.653860e+01  1.421085e-14
     vertex -3.994807e+01 -2.631075e+01  1.421085e-14
     vertex  9.000000e+01 -5.000000e+01  2.842171e-14
   endloop
 endfacet
 facet normal  0.000000e+00  0.000000e+00 -1.000000e+00
   outer loop
     vertex -5.504626e+01 -1.192064e+01  1.421085e-14
     vertex -5.336987e+01  3.882909e+00  1.421085e-14
     vertex -5.482209e+01 -1.173970e+01  1.421085e-14
   endloop
 endfacet
 facet normal  0.000000e+00  0.000000e+00 -1.000000e+00
   outer loop
     vertex -5.504626e+01 -1.192064e+01  1.421085e-14
     vertex -5.348092e+01  4.022449e+00  1.421085e-14
     vertex -5.336987e+01  3.882909e+00  1.421085e-14
   endloop
 endfacet
 facet normal  9.516525e-17 -7.789549e-17 -1.000000e+00
   outer loop
     vertex -4.030683e+01 -2.676152e+01  1.421085e-14
     vertex -4.012436e+01 -2.653860e+01  1.421085e-14
     vertex  9.000000e+01 -5.000000e+01  2.842171e-14
   endloop
 endfacet
 facet normal  0.000000e+00  0.000000e+00 -1.000000e+00
   outer loop
     vertex -5.526539e+01 -1.210766e+01  1.421085e-14
     vertex -5.358811e+01  4.164982e+00  1.421085e-14
     vertex -5.348092e+01  4.022449e+00  1.421085e-14
   endloop
 endfacet
 facet normal  0.000000e+00  0.000000e+00 -1.000000e+00
   outer loop
     vertex -5.526539e+01 -1.210766e+01  1.421085e-14
     vertex -5.348092e+01  4.022449e+00  1.421085e-14
     vertex -5.504626e+01 -1.192064e+01  1.421085e-14
   endloop
 endfacet
 facet normal  9.447593e-17 -8.176077e-17 -1.000000e+00
   outer loop
     vertex -4.049535e+01 -2.697936e+01  1.421085e-14
     vertex -4.030683e+01 -2.676152e+01  1.421085e-14
     vertex  9.000000e+01 -5.000000e+01  2.842171e-14
   endloop
 endfacet
 facet normal  0.000000e+00  0.000000e+00 -1.000000e+00
   outer loop
     vertex -5.547930e+01 -1.230062e+01  1.421085e-14
     vertex -5.358811e+01  4.164982e+00  1.421085e-14
     vertex -5.526539e+01 -1.210766e+01  1.421085e-14
   endloop
 endfacet
 facet normal  0.000000e+00  0.000000e+00 -1.000000e+00
   outer loop
     vertex -5.547930e+01 -1.230062e+01  1.421085e-14
     vertex -5.369134e+01  4.310402e+00  1.421085e-14
     vertex -5.358811e+01  4.164982e+00  1.421085e-14
   endloop
 endfacet
 facet normal  9.377034e-17 -8.576049e-17 -1.000000e+00
   outer loop
     vertex -4.068977e+01 -2.719194e+01  1.421085e-14
     vertex -4.049535e+01 -2.697936e+01  1.421085e-14
     vertex  9.000000e+01 -5.000000e+01  2.842171e-14
   endloop
 endfacet
 facet normal  0.000000e+00  0.000000e+00 -1.000000e+00
   outer loop
     vertex -5.568784e+01 -1.249938e+01  1.421085e-14
     vertex -5.369134e+01  4.310402e+00  1.421085e-14
     vertex -5.547930e+01 -1.230062e+01  1.421085e-14
   endloop
 endfacet
 facet normal  0.000000e+00  0.000000e+00 -1.000000e+00
   outer loop
     vertex -5.568784e+01 -1.249938e+01  1.421085e-14
     vertex -5.379055e+01  4.458600e+00  1.421085e-14
     vertex -5.369134e+01  4.310402e+00  1.421085e-14
   endloop
 endfacet
 facet normal  0.000000e+00  0.000000e+00 -1.000000e+00
   outer loop
     vertex -5.568784e+01 -1.249938e+01  1.421085e-14
     vertex -5.388565e+01  4.609463e+00  1.421085e-14
     vertex -5.379055e+01  4.458600e+00  1.421085e-14
   endloop
 endfacet
 facet normal  9.304639e-17 -8.990869e-17 -1.000000e+00
   outer loop
     vertex -4.088996e+01 -2.739911e+01  1.421085e-14
     vertex -4.068977e+01 -2.719194e+01  1.421085e-14
     vertex  9.000000e+01 -5.000000e+01  2.842171e-14
   endloop
 endfacet
 facet normal  0.000000e+00  0.000000e+00 -1.000000e+00
   outer loop
     vertex -5.589084e+01 -1.270378e+01  1.421085e-14
     vertex -5.388565e+01  4.609463e+00  1.421085e-14
     vertex -5.568784e+01 -1.249938e+01  1.421085e-14
   endloop
 endfacet
 facet normal  0.000000e+00  0.000000e+00 -1.000000e+00
   outer loop
     vertex -5.589084e+01 -1.270378e+01  1.421085e-14
     vertex -5.397658e+01  4.762879e+00  1.421085e-14
     vertex -5.388565e+01  4.609463e+00  1.421085e-14
   endloop
 endfacet
 facet normal  9.230178e-17 -9.422100e-17 -1.000000e+00
   outer loop
     vertex -4.109575e+01 -2.760071e+01  1.421085e-14
     vertex -4.088996e+01 -2.739911e+01  1.421085e-14
     vertex  9.000000e+01 -5.000000e+01  2.842171e-14
   endloop
 endfacet
 facet normal  0.000000e+00  0.000000e+00 -1.000000e+00
   outer loop
     vertex -5.608817e+01 -1.291368e+01  1.421085e-14
     vertex -5.397658e+01  4.762879e+00  1.421085e-14
     vertex -5.589084e+01 -1.270378e+01  1.421085e-14
   endloop
 endfacet
 facet normal  0.000000e+00  0.000000e+00 -1.000000e+00
   outer loop
     vertex -5.608817e+01 -1.291368e+01  1.421085e-14
     vertex -5.406327e+01  4.918732e+00  1.421085e-14
     vertex -5.397658e+01  4.762879e+00  1.421085e-14
   endloop
 endfacet
 facet normal  9.153396e-17 -9.871480e-17 -1.000000e+00
   outer loop
     vertex -4.130700e+01 -2.779659e+01  1.421085e-14
     vertex -4.109575e+01 -2.760071e+01  1.421085e-14
     vertex  9.000000e+01 -5.000000e+01  2.842171e-14
   endloop
 endfacet
 facet normal  0.000000e+00  0.000000e+00 -1.000000e+00
   outer loop
     vertex -5.627966e+01 -1.312891e+01  1.421085e-14
     vertex -5.406327e+01  4.918732e+00  1.421085e-14
     vertex -5.608817e+01 -1.291368e+01  1.421085e-14
   endloop
 endfacet
 facet normal  0.000000e+00  0.000000e+00 -1.000000e+00
   outer loop
     vertex -5.627966e+01 -1.312891e+01  1.421085e-14
     vertex -5.414564e+01  5.076904e+00  1.421085e-14
     vertex -5.406327e+01  4.918732e+00  1.421085e-14
   endloop
 endfacet
 facet normal  9.074009e-17 -1.034096e-16 -1.000000e+00
   outer loop
     vertex -4.152353e+01 -2.798660e+01  1.421085e-14
     vertex -4.130700e+01 -2.779659e+01  1.421085e-14
     vertex  9.000000e+01 -5.000000e+01  2.842171e-14
   endloop
 endfacet
 facet normal  0.000000e+00  0.000000e+00 -1.000000e+00
   outer loop
     vertex -5.646517e+01 -1.334932e+01  1.421085e-14
     vertex -5.422365e+01  5.237277e+00  1.421085e-14
     vertex -5.414564e+01  5.076904e+00  1.421085e-14
   endloop
 endfacet
 facet normal  0.000000e+00  0.000000e+00 -1.000000e+00
   outer loop
     vertex -5.646517e+01 -1.334932e+01  1.421085e-14
     vertex -5.414564e+01  5.076904e+00  1.421085e-14
     vertex -5.627966e+01 -1.312891e+01  1.421085e-14
   endloop
 endfacet
 facet normal  8.991699e-17 -1.083274e-16 -1.000000e+00
   outer loop
     vertex -4.174520e+01 -2.817060e+01  1.421085e-14
     vertex -4.152353e+01 -2.798660e+01  1.421085e-14
     vertex  9.000000e+01 -5.000000e+01  2.842171e-14
   endloop
 endfacet
 facet normal  0.000000e+00  0.000000e+00 -1.000000e+00
   outer loop
     vertex -5.664457e+01 -1.357472e+01  1.421085e-14
     vertex -5.429723e+01  5.399729e+00  1.421085e-14
     vertex -5.422365e+01  5.237277e+00  1.421085e-14
   endloop
 endfacet
 facet normal  0.000000e+00  0.000000e+00 -1.000000e+00
   outer loop
     vertex -5.664457e+01 -1.357472e+01  1.421085e-14
     vertex -5.436632e+01  5.564139e+00  1.421085e-14
     vertex -5.429723e+01  5.399729e+00  1.421085e-14
   endloop
 endfacet
 facet normal  0.000000e+00  0.000000e+00 -1.000000e+00
   outer loop
     vertex -5.664457e+01 -1.357472e+01  1.421085e-14
     vertex -5.422365e+01  5.237277e+00  1.421085e-14
     vertex -5.646517e+01 -1.334932e+01  1.421085e-14
   endloop
 endfacet
 facet normal  8.906109e-17 -1.134929e-16 -1.000000e+00
   outer loop
     vertex -4.197184e+01 -2.834844e+01  1.421085e-14
     vertex -4.174520e+01 -2.817060e+01  1.421085e-14
     vertex  9.000000e+01 -5.000000e+01  2.842171e-14
   endloop
 endfacet
 facet normal  0.000000e+00  0.000000e+00 -1.000000e+00
   outer loop
     vertex -5.681771e+01 -1.380497e+01  1.421085e-14
     vertex -5.436632e+01  5.564139e+00  1.421085e-14
     vertex -5.664457e+01 -1.357472e+01  1.421085e-14
   endloop
 endfacet
 facet normal  0.000000e+00  0.000000e+00 -1.000000e+00
   outer loop
     vertex -5.681771e+01 -1.380497e+01  1.421085e-14
     vertex -5.443088e+01  5.730382e+00  1.421085e-14
     vertex -5.436632e+01  5.564139e+00  1.421085e-14
   endloop
 endfacet
 facet normal  8.816834e-17 -1.189345e-16 -1.000000e+00
   outer loop
     vertex -4.220327e+01 -2.852001e+01  1.421085e-14
     vertex -4.197184e+01 -2.834844e+01  1.421085e-14
     vertex  9.000000e+01 -5.000000e+01  2.842171e-14
   endloop
 endfacet
 facet normal  0.000000e+00  0.000000e+00 -1.000000e+00
   outer loop
     vertex -5.698448e+01 -1.403988e+01  1.421085e-14
     vertex -5.449085e+01  5.898334e+00  1.421085e-14
     vertex -5.443088e+01  5.730382e+00  1.421085e-14
   endloop
 endfacet
 facet normal  0.000000e+00  0.000000e+00 -1.000000e+00
   outer loop
     vertex -5.698448e+01 -1.403988e+01  1.421085e-14
     vertex -5.443088e+01  5.730382e+00  1.421085e-14
     vertex -5.681771e+01 -1.380497e+01  1.421085e-14
   endloop
 endfacet
 facet normal  8.723412e-17 -1.246843e-16 -1.000000e+00
   outer loop
     vertex -4.243932e+01 -2.868516e+01  1.421085e-14
     vertex -4.220327e+01 -2.852001e+01  1.421085e-14
     vertex  9.000000e+01 -5.000000e+01  2.842171e-14
   endloop
 endfacet
 facet normal  0.000000e+00  0.000000e+00 -1.000000e+00
   outer loop
     vertex -5.714473e+01 -1.427928e+01  1.421085e-14
     vertex -5.449085e+01  5.898334e+00  1.421085e-14
     vertex -5.698448e+01 -1.403988e+01  1.421085e-14
   endloop
 endfacet
 facet normal  0.000000e+00  0.000000e+00 -1.000000e+00
   outer loop
     vertex -5.714473e+01 -1.427928e+01  1.421085e-14
     vertex -5.454620e+01  6.067867e+00  1.421085e-14
     vertex -5.449085e+01  5.898334e+00  1.421085e-14
   endloop
 endfacet
 facet normal  8.625317e-17 -1.307794e-16 -1.000000e+00
   outer loop
     vertex -4.267981e+01 -2.884377e+01  1.421085e-14
     vertex -4.243932e+01 -2.868516e+01  1.421085e-14
     vertex  9.000000e+01 -5.000000e+01  2.842171e-14
   endloop
 endfacet
 facet normal  0.000000e+00  0.000000e+00 -1.000000e+00
   outer loop
     vertex -5.729836e+01 -1.452298e+01  1.421085e-14
     vertex -5.459687e+01  6.238856e+00  1.421085e-14
     vertex -5.454620e+01  6.067867e+00  1.421085e-14
   endloop
 endfacet
 facet normal  0.000000e+00  0.000000e+00 -1.000000e+00
   outer loop
     vertex -5.729836e+01 -1.452298e+01  1.421085e-14
     vertex -5.454620e+01  6.067867e+00  1.421085e-14
     vertex -5.714473e+01 -1.427928e+01  1.421085e-14
   endloop
 endfacet
 facet normal  8.521942e-17 -1.372626e-16 -1.000000e+00
   outer loop
     vertex -4.292456e+01 -2.899572e+01  1.421085e-14
     vertex -4.267981e+01 -2.884377e+01  1.421085e-14
     vertex  9.000000e+01 -5.000000e+01  2.842171e-14
   endloop
 endfacet
 facet normal  0.000000e+00  0.000000e+00 -1.000000e+00
   outer loop
     vertex -5.744525e+01 -1.477081e+01  1.421085e-14
     vertex -5.464283e+01  6.411170e+00  1.421085e-14
     vertex -5.459687e+01  6.238856e+00  1.421085e-14
   endloop
 endfacet
 facet normal  0.000000e+00  0.000000e+00 -1.000000e+00
   outer loop
     vertex -5.744525e+01 -1.477081e+01  1.421085e-14
     vertex -5.459687e+01  6.238856e+00  1.421085e-14
     vertex -5.729836e+01 -1.452298e+01  1.421085e-14
   endloop
 endfacet
 facet normal  8.412580e-17 -1.441834e-16 -1.000000e+00
   outer loop
     vertex -4.317338e+01 -2.914090e+01  1.421085e-14
     vertex -4.292456e+01 -2.899572e+01  1.421085e-14
     vertex  9.000000e+01 -5.000000e+01  2.842171e-14
   endloop
 endfacet
 facet normal  0.000000e+00  0.000000e+00 -1.000000e+00
   outer loop
     vertex -5.758528e+01 -1.502257e+01  1.421085e-14
     vertex -5.468404e+01  6.584680e+00  1.421085e-14
     vertex -5.464283e+01  6.411170e+00  1.421085e-14
   endloop
 endfacet
 facet normal  0.000000e+00  0.000000e+00 -1.000000e+00
   outer loop
     vertex -5.758528e+01 -1.502257e+01  1.421085e-14
     vertex -5.464283e+01  6.411170e+00  1.421085e-14
     vertex -5.744525e+01 -1.477081e+01  1.421085e-14
   endloop
 endfacet
 facet normal  0.000000e+00  0.000000e+00 -1.000000e+00
   outer loop
     vertex -5.771835e+01 -1.527808e+01  1.421085e-14
     vertex -5.468404e+01  6.584680e+00  1.421085e-14
     vertex -5.758528e+01 -1.502257e+01  1.421085e-14
   endloop
 endfacet
 facet normal  0.000000e+00  0.000000e+00 -1.000000e+00
   outer loop
     vertex -5.771835e+01 -1.527808e+01  1.421085e-14
     vertex -5.472048e+01  6.759255e+00  1.421085e-14
     vertex -5.468404e+01  6.584680e+00  1.421085e-14
   endloop
 endfacet
 facet normal  0.000000e+00  0.000000e+00 -1.000000e+00
   outer loop
     vertex -5.784436e+01 -1.553714e+01  1.421085e-14
     vertex -5.475212e+01  6.934765e+00  1.421085e-14
     vertex -5.472048e+01  6.759255e+00  1.421085e-14
   endloop
 endfacet
 facet normal  0.000000e+00  0.000000e+00 -1.000000e+00
   outer loop
     vertex -5.784436e+01 -1.553714e+01  1.421085e-14
     vertex -5.477893e+01  7.111076e+00  1.421085e-14
     vertex -5.475212e+01  6.934765e+00  1.421085e-14
   endloop
 endfacet
 facet normal  0.000000e+00  0.000000e+00 -1.000000e+00
   outer loop
     vertex -5.784436e+01 -1.553714e+01  1.421085e-14
     vertex -5.472048e+01  6.759255e+00  1.421085e-14
     vertex -5.771835e+01 -1.527808e+01  1.421085e-14
   endloop
 endfacet
 facet normal  0.000000e+00  0.000000e+00 -1.000000e+00
   outer loop
     vertex -5.796322e+01 -1.579956e+01  1.421085e-14
     vertex -5.477893e+01  7.111076e+00  1.421085e-14
     vertex -5.784436e+01 -1.553714e+01  1.421085e-14
   endloop
 endfacet
 facet normal  0.000000e+00  0.000000e+00 -1.000000e+00
   outer loop
     vertex -5.796322e+01 -1.579956e+01  1.421085e-14
     vertex -5.480089e+01  7.288056e+00  1.421085e-14
     vertex -5.477893e+01  7.111076e+00  1.421085e-14
   endloop
 endfacet
 facet normal -2.860163e-16 -5.684212e-16 -1.000000e+00
   outer loop
     vertex -5.807483e+01 -1.606515e+01  2.842171e-14
     vertex -9.000000e+01  5.000000e+01  0.000000e+00
     vertex -5.480089e+01  7.288056e+00  1.421085e-14
   endloop
 endfacet
 facet normal -1.888845e-13  2.587163e-14 -1.000000e+00
   outer loop
     vertex -5.807483e+01 -1.606515e+01  2.842171e-14
     vertex -5.480089e+01  7.288056e+00  1.421085e-14
     vertex -5.796322e+01 -1.579956e+01  1.421085e-14
   endloop
 endfacet
 facet normal  4.936015e-16 -1.916805e-16 -1.000000e+00
   outer loop
     vertex -5.817912e+01 -1.633369e+01  2.842171e-14
     vertex -9.000000e+01  5.000000e+01  0.000000e+00
     vertex -5.807483e+01 -1.606515e+01  2.842171e-14
   endloop
 endfacet
 facet normal  5.120350e-16 -1.828377e-16 -1.000000e+00
   outer loop
     vertex -5.827599e+01 -1.660500e+01  2.842171e-14
     vertex -9.000000e+01  5.000000e+01  0.000000e+00
     vertex -5.817912e+01 -1.633369e+01  2.842171e-14
   endloop
 endfacet
 facet normal -2.028978e-16  1.171565e-15 -1.000000e+00
   outer loop
     vertex -9.000000e+01 -5.000000e+01  0.000000e+00
     vertex -4.669032e+01 -3.036960e+01  1.421085e-14
     vertex -4.640647e+01 -3.032044e+01  1.421085e-14
   endloop
 endfacet
 facet normal -1.544249e-16  1.064621e-15 -1.000000e+00
   outer loop
     vertex -9.000000e+01 -5.000000e+01  0.000000e+00
     vertex -4.697543e+01 -3.041095e+01  1.421085e-14
     vertex -4.669032e+01 -3.036960e+01  1.421085e-14
   endloop
 endfacet
 facet normal -1.144173e-16  9.767504e-16 -1.000000e+00
   outer loop
     vertex -9.000000e+01 -5.000000e+01  0.000000e+00
     vertex -4.726155e+01 -3.044447e+01  1.421085e-14
     vertex -4.697543e+01 -3.041095e+01  1.421085e-14
   endloop
 endfacet
 facet normal -8.075194e-17  9.031751e-16 -1.000000e+00
   outer loop
     vertex -9.000000e+01 -5.000000e+01  0.000000e+00
     vertex -4.754849e+01 -3.047013e+01  1.421085e-14
     vertex -4.726155e+01 -3.044447e+01  1.421085e-14
   endloop
 endfacet
 facet normal -5.195926e-17  8.405893e-16 -1.000000e+00
   outer loop
     vertex -9.000000e+01 -5.000000e+01  0.000000e+00
     vertex -4.783603e+01 -3.048790e+01  1.421085e-14
     vertex -4.754849e+01 -3.047013e+01  1.421085e-14
   endloop
 endfacet
 facet normal -2.698959e-17  7.866320e-16 -1.000000e+00
   outer loop
     vertex -9.000000e+01 -5.000000e+01  0.000000e+00
     vertex -4.812395e+01 -3.049778e+01  1.421085e-14
     vertex -4.783603e+01 -3.048790e+01  1.421085e-14
   endloop
 endfacet
 facet normal -5.073078e-18  7.395719e-16 -1.000000e+00
   outer loop
     vertex -9.000000e+01 -5.000000e+01  0.000000e+00
     vertex -4.841202e+01 -3.049975e+01  1.421085e-14
     vertex -4.812395e+01 -3.049778e+01  1.421085e-14
   endloop
 endfacet
 facet normal  1.436783e-17  6.981104e-16 -1.000000e+00
   outer loop
     vertex -9.000000e+01 -5.000000e+01  0.000000e+00
     vertex -4.870005e+01 -3.049383e+01  1.421085e-14
     vertex -4.841202e+01 -3.049975e+01  1.421085e-14
   endloop
 endfacet
 facet normal  3.177497e-17  6.612547e-16 -1.000000e+00
   outer loop
     vertex -9.000000e+01 -5.000000e+01  0.000000e+00
     vertex -4.898780e+01 -3.048000e+01  1.421085e-14
     vertex -4.870005e+01 -3.049383e+01  1.421085e-14
   endloop
 endfacet
 facet normal  4.749223e-17  6.282322e-16 -1.000000e+00
   outer loop
     vertex -9.000000e+01 -5.000000e+01  0.000000e+00
     vertex -4.927506e+01 -3.045828e+01  1.421085e-14
     vertex -4.898780e+01 -3.048000e+01  1.421085e-14
   endloop
 endfacet
 facet normal  6.179132e-17  5.984329e-16 -1.000000e+00
   outer loop
     vertex -9.000000e+01 -5.000000e+01  0.000000e+00
     vertex -4.956163e+01 -3.042869e+01  1.421085e-14
     vertex -4.927506e+01 -3.045828e+01  1.421085e-14
   endloop
 endfacet
 facet normal  7.488986e-17  5.713686e-16 -1.000000e+00
   outer loop
     vertex -9.000000e+01 -5.000000e+01  0.000000e+00
     vertex -4.984727e+01 -3.039125e+01  1.421085e-14
     vertex -4.956163e+01 -3.042869e+01  1.421085e-14
   endloop
 endfacet
 facet normal  8.696429e-17  5.466438e-16 -1.000000e+00
   outer loop
     vertex -9.000000e+01 -5.000000e+01  0.000000e+00
     vertex -5.013177e+01 -3.034599e+01  1.421085e-14
     vertex -4.984727e+01 -3.039125e+01  1.421085e-14
   endloop
 endfacet
 facet normal  9.815922e-17  5.239349e-16 -1.000000e+00
   outer loop
     vertex -9.000000e+01 -5.000000e+01  0.000000e+00
     vertex -5.041493e+01 -3.029294e+01  1.421085e-14
     vertex -5.013177e+01 -3.034599e+01  1.421085e-14
   endloop
 endfacet
 facet normal  1.085944e-16  5.029741e-16 -1.000000e+00
   outer loop
     vertex -9.000000e+01 -5.000000e+01  0.000000e+00
     vertex -5.069653e+01 -3.023214e+01  1.421085e-14
     vertex -5.041493e+01 -3.029294e+01  1.421085e-14
   endloop
 endfacet
 facet normal  1.183698e-16  4.835380e-16 -1.000000e+00
   outer loop
     vertex -9.000000e+01 -5.000000e+01  0.000000e+00
     vertex -5.097635e+01 -3.016364e+01  1.421085e-14
     vertex -5.069653e+01 -3.023214e+01  1.421085e-14
   endloop
 endfacet
 facet normal  1.275699e-16  4.654389e-16 -1.000000e+00
   outer loop
     vertex -9.000000e+01 -5.000000e+01  0.000000e+00
     vertex -5.125419e+01 -3.008749e+01  1.421085e-14
     vertex -5.097635e+01 -3.016364e+01  1.421085e-14
   endloop
 endfacet
 facet normal  1.362663e-16  4.485174e-16 -1.000000e+00
   outer loop
     vertex -9.000000e+01 -5.000000e+01  0.000000e+00
     vertex -5.152983e+01 -3.000375e+01  1.421085e-14
     vertex -5.125419e+01 -3.008749e+01  1.421085e-14
   endloop
 endfacet
 facet normal  1.445203e-16  4.326378e-16 -1.000000e+00
   outer loop
     vertex -9.000000e+01 -5.000000e+01  0.000000e+00
     vertex -5.180307e+01 -2.991247e+01  1.421085e-14
     vertex -5.152983e+01 -3.000375e+01  1.421085e-14
   endloop
 endfacet
 facet normal  1.523848e-16  4.176832e-16 -1.000000e+00
   outer loop
     vertex -9.000000e+01 -5.000000e+01  0.000000e+00
     vertex -5.207371e+01 -2.981374e+01  1.421085e-14
     vertex -5.180307e+01 -2.991247e+01  1.421085e-14
   endloop
 endfacet
 facet normal  1.599059e-16  4.035526e-16 -1.000000e+00
   outer loop
     vertex -9.000000e+01 -5.000000e+01  0.000000e+00
     vertex -5.234153e+01 -2.970761e+01  1.421085e-14
     vertex -5.207371e+01 -2.981374e+01  1.421085e-14
   endloop
 endfacet
 facet normal  1.671235e-16  3.901582e-16 -1.000000e+00
   outer loop
     vertex -9.000000e+01 -5.000000e+01  0.000000e+00
     vertex -5.260635e+01 -2.959418e+01  1.421085e-14
     vertex -5.234153e+01 -2.970761e+01  1.421085e-14
   endloop
 endfacet
 facet normal  1.740730e-16  3.774232e-16 -1.000000e+00
   outer loop
     vertex -9.000000e+01 -5.000000e+01  0.000000e+00
     vertex -5.286795e+01 -2.947352e+01  1.421085e-14
     vertex -5.260635e+01 -2.959418e+01  1.421085e-14
   endloop
 endfacet
 facet normal  1.807856e-16  3.652801e-16 -1.000000e+00
   outer loop
     vertex -9.000000e+01 -5.000000e+01  0.000000e+00
     vertex -5.312614e+01 -2.934574e+01  1.421085e-14
     vertex -5.286795e+01 -2.947352e+01  1.421085e-14
   endloop
 endfacet
 facet normal  1.872893e-16  3.536692e-16 -1.000000e+00
   outer loop
     vertex -9.000000e+01 -5.000000e+01  0.000000e+00
     vertex -5.338073e+01 -2.921092e+01  1.421085e-14
     vertex -5.312614e+01 -2.934574e+01  1.421085e-14
   endloop
 endfacet
 facet normal  1.936089e-16  3.425375e-16 -1.000000e+00
   outer loop
     vertex -9.000000e+01 -5.000000e+01  0.000000e+00
     vertex -5.363153e+01 -2.906916e+01  1.421085e-14
     vertex -5.338073e+01 -2.921092e+01  1.421085e-14
   endloop
 endfacet
 facet normal  1.997669e-16  3.318375e-16 -1.000000e+00
   outer loop
     vertex -9.000000e+01 -5.000000e+01  0.000000e+00
     vertex -5.387834e+01 -2.892058e+01  1.421085e-14
     vertex -5.363153e+01 -2.906916e+01  1.421085e-14
   endloop
 endfacet
 facet normal  2.057839e-16  3.215269e-16 -1.000000e+00
   outer loop
     vertex -9.000000e+01 -5.000000e+01  0.000000e+00
     vertex -5.412098e+01 -2.876529e+01  1.421085e-14
     vertex -5.387834e+01 -2.892058e+01  1.421085e-14
   endloop
 endfacet
 facet normal  2.116784e-16  3.115673e-16 -1.000000e+00
   outer loop
     vertex -9.000000e+01 -5.000000e+01  0.000000e+00
     vertex -5.435927e+01 -2.860339e+01  1.421085e-14
     vertex -5.412098e+01 -2.876529e+01  1.421085e-14
   endloop
 endfacet
 facet normal  2.174677e-16  3.019239e-16 -1.000000e+00
   outer loop
     vertex -9.000000e+01 -5.000000e+01  0.000000e+00
     vertex -5.459303e+01 -2.843502e+01  1.421085e-14
     vertex -5.435927e+01 -2.860339e+01  1.421085e-14
   endloop
 endfacet
 facet normal  2.231677e-16  2.925653e-16 -1.000000e+00
   outer loop
     vertex -9.000000e+01 -5.000000e+01  0.000000e+00
     vertex -5.482209e+01 -2.826030e+01  1.421085e-14
     vertex -5.459303e+01 -2.843502e+01  1.421085e-14
   endloop
 endfacet
 facet normal  2.287932e-16  2.834625e-16 -1.000000e+00
   outer loop
     vertex -9.000000e+01 -5.000000e+01  0.000000e+00
     vertex -5.504626e+01 -2.807936e+01  1.421085e-14
     vertex -5.482209e+01 -2.826030e+01  1.421085e-14
   endloop
 endfacet
 facet normal  2.343581e-16  2.745888e-16 -1.000000e+00
   outer loop
     vertex -9.000000e+01 -5.000000e+01  0.000000e+00
     vertex -5.526539e+01 -2.789234e+01  1.421085e-14
     vertex -5.504626e+01 -2.807936e+01  1.421085e-14
   endloop
 endfacet
 facet normal  2.398758e-16  2.659196e-16 -1.000000e+00
   outer loop
     vertex -9.000000e+01 -5.000000e+01  0.000000e+00
     vertex -5.547930e+01 -2.769938e+01  1.421085e-14
     vertex -5.526539e+01 -2.789234e+01  1.421085e-14
   endloop
 endfacet
 facet normal  2.453588e-16  2.574321e-16 -1.000000e+00
   outer loop
     vertex -9.000000e+01 -5.000000e+01  0.000000e+00
     vertex -5.568784e+01 -2.750062e+01  1.421085e-14
     vertex -5.547930e+01 -2.769938e+01  1.421085e-14
   endloop
 endfacet
 facet normal  2.508193e-16  2.491047e-16 -1.000000e+00
   outer loop
     vertex -9.000000e+01 -5.000000e+01  0.000000e+00
     vertex -5.589084e+01 -2.729622e+01  1.421085e-14
     vertex -5.568784e+01 -2.750062e+01  1.421085e-14
   endloop
 endfacet
 facet normal  2.562690e-16  2.409174e-16 -1.000000e+00
   outer loop
     vertex -9.000000e+01 -5.000000e+01  0.000000e+00
     vertex -5.608817e+01 -2.708632e+01  1.421085e-14
     vertex -5.589084e+01 -2.729622e+01  1.421085e-14
   endloop
 endfacet
 facet normal  9.243310e-16 -1.268146e-17 -1.000000e+00
   outer loop
     vertex -9.000000e+01 -5.000000e+01  0.000000e+00
     vertex -5.883605e+01 -1.971194e+01  2.842171e-14
     vertex -5.884000e+01 -2.000000e+01  2.842171e-14
   endloop
 endfacet
 facet normal  2.617194e-16  2.328509e-16 -1.000000e+00
   outer loop
     vertex -9.000000e+01 -5.000000e+01  0.000000e+00
     vertex -5.627966e+01 -2.687109e+01  1.421085e-14
     vertex -5.608817e+01 -2.708632e+01  1.421085e-14
   endloop
 endfacet
 facet normal  9.500281e-16 -3.912167e-17 -1.000000e+00
   outer loop
     vertex -9.000000e+01 -5.000000e+01  0.000000e+00
     vertex -5.882419e+01 -1.942410e+01  2.842171e-14
     vertex -5.883605e+01 -1.971194e+01  2.842171e-14
   endloop
 endfacet
 facet normal  2.671818e-16  2.248871e-16 -1.000000e+00
   outer loop
     vertex -9.000000e+01 -5.000000e+01  0.000000e+00
     vertex -5.646517e+01 -2.665068e+01  1.421085e-14
     vertex -5.627966e+01 -2.687109e+01  1.421085e-14
   endloop
 endfacet
 facet normal  9.775243e-16 -6.715739e-17 -1.000000e+00
   outer loop
     vertex -9.000000e+01 -5.000000e+01  0.000000e+00
     vertex -5.880445e+01 -1.913669e+01  2.842171e-14
     vertex -5.882419e+01 -1.942410e+01  2.842171e-14
   endloop
 endfacet
 facet normal  2.726675e-16  2.170083e-16 -1.000000e+00
   outer loop
     vertex -9.000000e+01 -5.000000e+01  0.000000e+00
     vertex -5.664457e+01 -2.642528e+01  1.421085e-14
     vertex -5.646517e+01 -2.665068e+01  1.421085e-14
   endloop
 endfacet
 facet normal  1.007056e-15 -9.700722e-17 -1.000000e+00
   outer loop
     vertex -9.000000e+01 -5.000000e+01  0.000000e+00
     vertex -5.877683e+01 -1.884994e+01  2.842171e-14
     vertex -5.880445e+01 -1.913669e+01  2.842171e-14
   endloop
 endfacet
 facet normal  2.781878e-16  2.091977e-16 -1.000000e+00
   outer loop
     vertex -9.000000e+01 -5.000000e+01  0.000000e+00
     vertex -5.681771e+01 -2.619503e+01  1.421085e-14
     vertex -5.664457e+01 -2.642528e+01  1.421085e-14
   endloop
 endfacet
 facet normal  1.038902e-15 -1.289277e-16 -1.000000e+00
   outer loop
     vertex -9.000000e+01 -5.000000e+01  0.000000e+00
     vertex -5.874135e+01 -1.856405e+01  2.842171e-14
     vertex -5.877683e+01 -1.884994e+01  2.842171e-14
   endloop
 endfacet
 facet normal  2.837541e-16  2.014388e-16 -1.000000e+00
   outer loop
     vertex -9.000000e+01 -5.000000e+01  0.000000e+00
     vertex -5.698448e+01 -2.596012e+01  1.421085e-14
     vertex -5.681771e+01 -2.619503e+01  1.421085e-14
   endloop
 endfacet
 facet normal  1.073391e-15 -1.632222e-16 -1.000000e+00
   outer loop
     vertex -9.000000e+01 -5.000000e+01  0.000000e+00
     vertex -5.869804e+01 -1.827924e+01  2.842171e-14
     vertex -5.874135e+01 -1.856405e+01  2.842171e-14
   endloop
 endfacet
 facet normal  2.893779e-16  1.937152e-16 -1.000000e+00
   outer loop
     vertex -9.000000e+01 -5.000000e+01  0.000000e+00
     vertex -5.714473e+01 -2.572072e+01  1.421085e-14
     vertex -5.698448e+01 -2.596012e+01  1.421085e-14
   endloop
 endfacet
 facet normal  1.110917e-15 -2.002526e-16 -1.000000e+00
   outer loop
     vertex -9.000000e+01 -5.000000e+01  0.000000e+00
     vertex -5.864693e+01 -1.799572e+01  2.842171e-14
     vertex -5.869804e+01 -1.827924e+01  2.842171e-14
   endloop
 endfacet
 facet normal  2.950712e-16  1.860110e-16 -1.000000e+00
   outer loop
     vertex -9.000000e+01 -5.000000e+01  0.000000e+00
     vertex -5.729836e+01 -2.547702e+01  1.421085e-14
     vertex -5.714473e+01 -2.572072e+01  1.421085e-14
   endloop
 endfacet
 facet normal  1.151953e-15 -2.404540e-16 -1.000000e+00
   outer loop
     vertex -9.000000e+01 -5.000000e+01  0.000000e+00
     vertex -5.858807e+01 -1.771371e+01  2.842171e-14
     vertex -5.864693e+01 -1.799572e+01  2.842171e-14
   endloop
 endfacet
 facet normal  3.008461e-16  1.783101e-16 -1.000000e+00
   outer loop
     vertex -9.000000e+01 -5.000000e+01  0.000000e+00
     vertex -5.744525e+01 -2.522919e+01  1.421085e-14
     vertex -5.729836e+01 -2.547702e+01  1.421085e-14
   endloop
 endfacet
 facet normal  1.197076e-15 -2.843547e-16 -1.000000e+00
   outer loop
     vertex -9.000000e+01 -5.000000e+01  0.000000e+00
     vertex -5.852149e+01 -1.743343e+01  2.842171e-14
     vertex -5.858807e+01 -1.771371e+01  2.842171e-14
   endloop
 endfacet
 facet normal  3.067155e-16  1.705963e-16 -1.000000e+00
   outer loop
     vertex -9.000000e+01 -5.000000e+01  0.000000e+00
     vertex -5.758528e+01 -2.497743e+01  1.421085e-14
     vertex -5.744525e+01 -2.522919e+01  1.421085e-14
   endloop
 endfacet
 facet normal  1.246992e-15 -3.326030e-16 -1.000000e+00
   outer loop
     vertex -9.000000e+01 -5.000000e+01  0.000000e+00
     vertex -5.844724e+01 -1.715507e+01  2.842171e-14
     vertex -5.852149e+01 -1.743343e+01  2.842171e-14
   endloop
 endfacet
 facet normal  3.126927e-16  1.628533e-16 -1.000000e+00
   outer loop
     vertex -9.000000e+01 -5.000000e+01  0.000000e+00
     vertex -5.771835e+01 -2.472192e+01  1.421085e-14
     vertex -5.758528e+01 -2.497743e+01  1.421085e-14
   endloop
 endfacet
 facet normal  1.302579e-15 -3.860036e-16 -1.000000e+00
   outer loop
     vertex -9.000000e+01 -5.000000e+01  0.000000e+00
     vertex -5.836539e+01 -1.687886e+01  2.842171e-14
     vertex -5.844724e+01 -1.715507e+01  2.842171e-14
   endloop
 endfacet
 facet normal  3.187918e-16  1.550643e-16 -1.000000e+00
   outer loop
     vertex -9.000000e+01 -5.000000e+01  0.000000e+00
     vertex -5.784436e+01 -2.446286e+01  1.421085e-14
     vertex -5.771835e+01 -2.472192e+01  1.421085e-14
   endloop
 endfacet
 facet normal  1.364943e-15 -4.455679e-16 -1.000000e+00
   outer loop
     vertex -9.000000e+01 -5.000000e+01  0.000000e+00
     vertex -5.827599e+01 -1.660500e+01  2.842171e-14
     vertex -5.836539e+01 -1.687886e+01  2.842171e-14
   endloop
 endfacet
 facet normal  3.250278e-16  1.472122e-16 -1.000000e+00
   outer loop
     vertex -9.000000e+01 -5.000000e+01  0.000000e+00
     vertex -5.796322e+01 -2.420044e+01  1.421085e-14
     vertex -5.784436e+01 -2.446286e+01  1.421085e-14
   endloop
 endfacet
 facet normal -3.186320e-14  4.011716e-14 -1.000000e+00
   outer loop
     vertex -9.000000e+01 -5.000000e+01  0.000000e+00
     vertex -5.807483e+01 -2.393485e+01  2.842171e-14
     vertex -5.796322e+01 -2.420044e+01  1.421085e-14
   endloop
 endfacet
 facet normal  6.759500e-16  2.624920e-16 -1.000000e+00
   outer loop
     vertex -9.000000e+01 -5.000000e+01  0.000000e+00
     vertex -5.817912e+01 -2.366631e+01  2.842171e-14
     vertex -5.807483e+01 -2.393485e+01  2.842171e-14
   endloop
 endfacet
 facet normal  6.894435e-16  2.461868e-16 -1.000000e+00
   outer loop
     vertex -9.000000e+01 -5.000000e+01  0.000000e+00
     vertex -5.827599e+01 -2.339500e+01  2.842171e-14
     vertex -5.817912e+01 -2.366631e+01  2.842171e-14
   endloop
 endfacet
 facet normal  7.033533e-16  2.296006e-16 -1.000000e+00
   outer loop
     vertex -9.000000e+01 -5.000000e+01  0.000000e+00
     vertex -5.836539e+01 -2.312114e+01  2.842171e-14
     vertex -5.827599e+01 -2.339500e+01  2.842171e-14
   endloop
 endfacet
 facet normal  7.177230e-16  2.126885e-16 -1.000000e+00
   outer loop
     vertex -9.000000e+01 -5.000000e+01  0.000000e+00
     vertex -5.844724e+01 -2.284493e+01  2.842171e-14
     vertex -5.836539e+01 -2.312114e+01  2.842171e-14
   endloop
 endfacet
 facet normal  7.326000e-16  1.954022e-16 -1.000000e+00
   outer loop
     vertex -9.000000e+01 -5.000000e+01  0.000000e+00
     vertex -5.852149e+01 -2.256657e+01  2.842171e-14
     vertex -5.844724e+01 -2.284493e+01  2.842171e-14
   endloop
 endfacet
 facet normal  7.480366e-16  1.776894e-16 -1.000000e+00
   outer loop
     vertex -9.000000e+01 -5.000000e+01  0.000000e+00
     vertex -5.858807e+01 -2.228629e+01  2.842171e-14
     vertex -5.852149e+01 -2.256657e+01  2.842171e-14
   endloop
 endfacet
 facet normal  7.640906e-16  1.594931e-16 -1.000000e+00
   outer loop
     vertex -9.000000e+01 -5.000000e+01  0.000000e+00
     vertex -5.864693e+01 -2.200428e+01  2.842171e-14
     vertex -5.858807e+01 -2.228629e+01  2.842171e-14
   endloop
 endfacet
 facet normal  7.808260e-16  1.407508e-16 -1.000000e+00
   outer loop
     vertex -9.000000e+01 -5.000000e+01  0.000000e+00
     vertex -5.869804e+01 -2.172076e+01  2.842171e-14
     vertex -5.864693e+01 -2.200428e+01  2.842171e-14
   endloop
 endfacet
 facet normal  7.983141e-16  1.213934e-16 -1.000000e+00
   outer loop
     vertex -9.000000e+01 -5.000000e+01  0.000000e+00
     vertex -5.874135e+01 -2.143595e+01  2.842171e-14
     vertex -5.869804e+01 -2.172076e+01  2.842171e-14
   endloop
 endfacet
 facet normal  8.166348e-16  1.013444e-16 -1.000000e+00
   outer loop
     vertex -9.000000e+01 -5.000000e+01  0.000000e+00
     vertex -5.877683e+01 -2.115006e+01  2.842171e-14
     vertex -5.874135e+01 -2.143595e+01  2.842171e-14
   endloop
 endfacet
 facet normal  8.358782e-16  8.051806e-17 -1.000000e+00
   outer loop
     vertex -9.000000e+01 -5.000000e+01  0.000000e+00
     vertex -5.880445e+01 -2.086331e+01  2.842171e-14
     vertex -5.877683e+01 -2.115006e+01  2.842171e-14
   endloop
 endfacet
 facet normal  8.561456e-16  5.881849e-17 -1.000000e+00
   outer loop
     vertex -9.000000e+01 -5.000000e+01  0.000000e+00
     vertex -5.882419e+01 -2.057590e+01  2.842171e-14
     vertex -5.880445e+01 -2.086331e+01  2.842171e-14
   endloop
 endfacet
 facet normal  8.775525e-16  3.613716e-17 -1.000000e+00
   outer loop
     vertex -9.000000e+01 -5.000000e+01  0.000000e+00
     vertex -5.883605e+01 -2.028806e+01  2.842171e-14
     vertex -5.882419e+01 -2.057590e+01  2.842171e-14
   endloop
 endfacet
 facet normal  9.002306e-16  1.235081e-17 -1.000000e+00
   outer loop
     vertex -9.000000e+01 -5.000000e+01  0.000000e+00
     vertex -5.884000e+01 -2.000000e+01  2.842171e-14
     vertex -5.883605e+01 -2.028806e+01  2.842171e-14
   endloop
 endfacet
 facet normal  8.959054e-16  0.000000e+00 -1.000000e+00
   outer loop
     vertex -9.000000e+01 -5.000000e+01  0.000000e+00
     vertex -9.000000e+01  5.000000e+01  0.000000e+00
     vertex -5.827599e+01 -1.660500e+01  2.842171e-14
   endloop
 endfacet
 facet normal  1.578984e-16  3.723409e-16 -1.000000e+00
   outer loop
     vertex -9.000000e+01 -5.000000e+01  0.000000e+00
     vertex -4.640647e+01 -3.032044e+01  1.421085e-14
     vertex  9.000000e+01 -5.000000e+01  2.842171e-14
   endloop
 endfacet
 facet normal  6.072256e-17 -3.012214e-16 -1.000000e+00
   outer loop
     vertex -4.640647e+01 -3.032044e+01  1.421085e-14
     vertex -4.612406e+01 -3.026351e+01  1.421085e-14
     vertex  9.000000e+01 -5.000000e+01  2.842171e-14
   endloop
 endfacet
 facet normal  6.406458e-17 -2.781712e-16 -1.000000e+00
   outer loop
     vertex -4.612406e+01 -3.026351e+01  1.421085e-14
     vertex -4.584333e+01 -3.019885e+01  1.421085e-14
     vertex  9.000000e+01 -5.000000e+01  2.842171e-14
   endloop
 endfacet
 facet normal  6.697527e-17 -2.582028e-16 -1.000000e+00
   outer loop
     vertex -4.584333e+01 -3.019885e+01  1.421085e-14
     vertex -4.556447e+01 -3.012652e+01  1.421085e-14
     vertex  9.000000e+01 -5.000000e+01  2.842171e-14
   endloop
 endfacet
 facet normal  6.953945e-17 -2.407116e-16 -1.000000e+00
   outer loop
     vertex -4.556447e+01 -3.012652e+01  1.421085e-14
     vertex -4.528770e+01 -3.004657e+01  1.421085e-14
     vertex  9.000000e+01 -5.000000e+01  2.842171e-14
   endloop
 endfacet
 facet normal  7.182118e-17 -2.252411e-16 -1.000000e+00
   outer loop
     vertex -4.528770e+01 -3.004657e+01  1.421085e-14
     vertex -4.501323e+01 -2.995905e+01  1.421085e-14
     vertex  9.000000e+01 -5.000000e+01  2.842171e-14
   endloop
 endfacet
 facet normal  7.386977e-17 -2.114399e-16 -1.000000e+00
   outer loop
     vertex -4.501323e+01 -2.995905e+01  1.421085e-14
     vertex -4.474127e+01 -2.986403e+01  1.421085e-14
     vertex  9.000000e+01 -5.000000e+01  2.842171e-14
   endloop
 endfacet
 facet normal  7.572381e-17 -1.990335e-16 -1.000000e+00
   outer loop
     vertex -4.474127e+01 -2.986403e+01  1.421085e-14
     vertex -4.447201e+01 -2.976159e+01  1.421085e-14
     vertex  9.000000e+01 -5.000000e+01  2.842171e-14
   endloop
 endfacet
 facet normal  7.741389e-17 -1.878039e-16 -1.000000e+00
   outer loop
     vertex -4.447201e+01 -2.976159e+01  1.421085e-14
     vertex -4.420567e+01 -2.965180e+01  1.421085e-14
     vertex  9.000000e+01 -5.000000e+01  2.842171e-14
   endloop
 endfacet
 facet normal  7.896465e-17 -1.775760e-16 -1.000000e+00
   outer loop
     vertex -4.420567e+01 -2.965180e+01  1.421085e-14
     vertex -4.394244e+01 -2.953475e+01  1.421085e-14
     vertex  9.000000e+01 -5.000000e+01  2.842171e-14
   endloop
 endfacet
 facet normal  8.039609e-17 -1.682074e-16 -1.000000e+00
   outer loop
     vertex -4.394244e+01 -2.953475e+01  1.421085e-14
     vertex -4.368252e+01 -2.941052e+01  1.421085e-14
     vertex  9.000000e+01 -5.000000e+01  2.842171e-14
   endloop
 endfacet
 facet normal  8.172470e-17 -1.595811e-16 -1.000000e+00
   outer loop
     vertex -4.368252e+01 -2.941052e+01  1.421085e-14
     vertex -4.342610e+01 -2.927920e+01  1.421085e-14
     vertex  9.000000e+01 -5.000000e+01  2.842171e-14
   endloop
 endfacet
 facet normal  8.296412e-17 -1.516001e-16 -1.000000e+00
   outer loop
     vertex -4.342610e+01 -2.927920e+01  1.421085e-14
     vertex -4.317338e+01 -2.914090e+01  1.421085e-14
     vertex  9.000000e+01 -5.000000e+01  2.842171e-14
   endloop
 endfacet
 facet normal  7.071068e-01 -0.000000e+00  7.071068e-01
   outer loop
     vertex  8.400000e+01  4.000000e+01  6.000000e+00
     vertex  9.000000e+01  5.000000e+01  2.842171e-14
     vertex  8.400000e+01  5.000000e+01  6.000000e+00
   endloop
 endfacet
 facet normal  7.071068e-01  0.000000e+00  7.071068e-01
   outer loop
     vertex  8.200000e+01 -3.900000e+01  8.000000e+00
     vertex  7.800000e+01  4.000000e+01  1.200000e+01
     vertex  7.800000e+01 -3.900000e+01  1.200000e+01
   endloop
 endfacet
 facet normal  7.071068e-01  0.000000e+00  7.071068e-01
   outer loop
     vertex  8.200000e+01 -3.900000e+01  8.000000e+00
     vertex  8.400000e+01  4.000000e+01  6.000000e+00
     vertex  7.800000e+01  4.000000e+01  1.200000e+01
   endloop
 endfacet
 facet normal  7.071068e-01  0.000000e+00  7.071068e-01
   outer loop
     vertex  9.000000e+01 -5.000000e+01  2.842171e-14
     vertex  8.200000e+01 -3.900000e+01  8.000000e+00
     vertex  8.200000e+01 -5.000000e+01  8.000000e+00
   endloop
 endfacet
 facet normal  7.071068e-01 -0.000000e+00  7.071068e-01
   outer loop
     vertex  9.000000e+01 -5.000000e+01  2.842171e-14
     vertex  9.000000e+01  5.000000e+01  2.842171e-14
     vertex  8.400000e+01  4.000000e+01  6.000000e+00
   endloop
 endfacet
 facet normal  7.071068e-01  0.000000e+00  7.071068e-01
   outer loop
     vertex  9.000000e+01 -5.000000e+01  2.842171e-14
     vertex  8.400000e+01  4.000000e+01  6.000000e+00
     vertex  8.200000e+01 -3.900000e+01  8.000000e+00
   endloop
 endfacet
 facet normal  0.000000e+00 -1.000000e+00  0.000000e+00
   outer loop
     vertex -8.200000e+01 -5.000000e+01  8.000000e+00
     vertex  9.000000e+01 -5.000000e+01  2.842171e-14
     vertex  8.200000e+01 -5.000000e+01  8.000000e+00
   endloop
 endfacet
 facet normal  0.000000e+00 -1.000000e+00  0.000000e+00
   outer loop
     vertex -9.000000e+01 -5.000000e+01  0.000000e+00
     vertex  9.000000e+01 -5.000000e+01  2.842171e-14
     vertex -8.200000e+01 -5.000000e+01  8.000000e+00
   endloop
 endfacet
 facet normal  0.000000e+00  1.000000e+00  0.000000e+00
   outer loop
     vertex -9.000000e+01  5.000000e+01  0.000000e+00
     vertex  8.400000e+01  5.000000e+01  6.000000e+00
     vertex  9.000000e+01  5.000000e+01  2.842171e-14
   endloop
 endfacet
 facet normal  0.000000e+00  1.000000e+00  0.000000e+00
   outer loop
     vertex -9.000000e+01  5.000000e+01  0.000000e+00
     vertex -8.400000e+01  5.000000e+01  6.000000e+00
     vertex  8.400000e+01  5.000000e+01  6.000000e+00
   endloop
 endfacet
 facet normal -7.071068e-01  0.000000e+00  7.071068e-01
   outer loop
     vertex -8.400000e+01  4.000000e+01  6.000000e+00
     vertex -8.400000e+01  5.000000e+01  6.000000e+00
     vertex -9.000000e+01  5.000000e+01  0.000000e+00
   endloop
 endfacet
 facet normal -7.071068e-01  0.000000e+00  7.071068e-01
   outer loop
     vertex -9.000000e+01 -5.000000e+01  0.000000e+00
     vertex -8.400000e+01  4.000000e+01  6.000000e+00
     vertex -9.000000e+01  5.000000e+01  0.000000e+00
   endloop
 endfacet
 facet normal -7.071068e-01  0.000000e+00  7.071068e-01
   outer loop
     vertex -8.200000e+01 -3.900000e+01  8.000000e+00
     vertex -7.800000e+01  4.000000e+01  1.200000e+01
     vertex -8.400000e+01  4.000000e+01  6.000000e+00
   endloop
 endfacet
 facet normal -7.071068e-01 -1.229186e-16  7.071068e-01
   outer loop
     vertex -8.200000e+01 -3.900000e+01  8.000000e+00
     vertex -8.400000e+01  4.000000e+01  6.000000e+00
     vertex -9.000000e+01 -5.000000e+01  0.000000e+00
   endloop
 endfacet
 facet normal -7.071068e-01  0.000000e+00  7.071068e-01
   outer loop
     vertex -7.800000e+01 -3.900000e+01  1.200000e+01
     vertex -7.800000e+01  4.000000e+01  1.200000e+01
     vertex -8.200000e+01 -3.900000e+01  8.000000e+00
   endloop
 endfacet
 facet normal -7.071068e-01  0.000000e+00  7.071068e-01
   outer loop
     vertex -8.200000e+01 -5.000000e+01  8.000000e+00
     vertex -8.200000e+01 -3.900000e+01  8.000000e+00
     vertex -9.000000e+01 -5.000000e+01  0.000000e+00
   endloop
 endfacet
 facet normal  9.999059e-01 -1.371831e-02  7.104754e-15
   outer loop
     vertex -5.483755e+01  3.217832e+01  1.421085e-14
     vertex -5.484000e+01  3.200000e+01  1.200000e+01
     vertex -5.484000e+01  3.200000e+01  1.421085e-14
   endloop
 endfacet
 facet normal  9.999059e-01 -1.371831e-02  7.104759e-15
   outer loop
     vertex -5.483755e+01  3.217832e+01  1.421085e-14
     vertex -5.483755e+01  3.217832e+01  1.200000e+01
     vertex -5.484000e+01  3.200000e+01  1.200000e+01
   endloop
 endfacet
 facet normal  9.991532e-01 -4.114462e-02  2.366470e-15
   outer loop
     vertex -5.483022e+01  3.235651e+01  1.421085e-14
     vertex -5.483022e+01  3.235651e+01  1.200000e+01
     vertex -5.483755e+01  3.217832e+01  1.200000e+01
   endloop
 endfacet
 facet normal  9.991532e-01 -4.114462e-02  7.099410e-15
   outer loop
     vertex -5.483022e+01  3.235651e+01  1.421085e-14
     vertex -5.483755e+01  3.217832e+01  1.200000e+01
     vertex -5.483755e+01  3.217832e+01  1.421085e-14
   endloop
 endfacet
 facet normal  9.976484e-01 -6.853995e-02  7.088718e-15
   outer loop
     vertex -5.481799e+01  3.253443e+01  1.421085e-14
     vertex -5.481799e+01  3.253443e+01  1.200000e+01
     vertex -5.483022e+01  3.235651e+01  1.200000e+01
   endloop
 endfacet
 facet normal  9.976484e-01 -6.853995e-02  2.362890e-15
   outer loop
     vertex -5.481799e+01  3.253443e+01  1.421085e-14
     vertex -5.483022e+01  3.235651e+01  1.200000e+01
     vertex -5.483022e+01  3.235651e+01  1.421085e-14
   endloop
 endfacet
 facet normal  9.953925e-01 -9.588368e-02  7.072689e-15
   outer loop
     vertex -5.480089e+01  3.271194e+01  1.421085e-14
     vertex -5.480089e+01  3.271194e+01  1.200000e+01
     vertex -5.481799e+01  3.253443e+01  1.200000e+01
   endloop
 endfacet
 facet normal  9.923874e-01 -1.231552e-01  7.051337e-15
   outer loop
     vertex -5.480089e+01  3.271194e+01  1.421085e-14
     vertex -5.477893e+01  3.288892e+01  1.200000e+01
     vertex -5.480089e+01  3.271194e+01  1.200000e+01
   endloop
 endfacet
 facet normal  9.953925e-01 -9.588368e-02  7.072660e-15
   outer loop
     vertex -5.480089e+01  3.271194e+01  1.421085e-14
     vertex -5.481799e+01  3.253443e+01  1.200000e+01
     vertex -5.481799e+01  3.253443e+01  1.421085e-14
   endloop
 endfacet
 facet normal  9.923874e-01 -1.231552e-01  2.350446e-15
   outer loop
     vertex -5.477893e+01  3.288892e+01  1.421085e-14
     vertex -5.477893e+01  3.288892e+01  1.200000e+01
     vertex -5.480089e+01  3.271194e+01  1.421085e-14
   endloop
 endfacet
 facet normal  9.886353e-01 -1.503341e-01  2.341559e-15
   outer loop
     vertex -5.475212e+01  3.306524e+01  1.421085e-14
     vertex -5.475212e+01  3.306524e+01  1.200000e+01
     vertex -5.477893e+01  3.288892e+01  1.200000e+01
   endloop
 endfacet
 facet normal  9.841389e-01 -1.773998e-01  2.330909e-15
   outer loop
     vertex -5.475212e+01  3.306524e+01  1.421085e-14
     vertex -5.472048e+01  3.324074e+01  1.200000e+01
     vertex -5.475212e+01  3.306524e+01  1.200000e+01
   endloop
 endfacet
 facet normal  9.886353e-01 -1.503341e-01  2.341409e-15
   outer loop
     vertex -5.475212e+01  3.306524e+01  1.421085e-14
     vertex -5.477893e+01  3.288892e+01  1.200000e+01
     vertex -5.477893e+01  3.288892e+01  1.421085e-14
   endloop
 endfacet
 facet normal  9.841389e-01 -1.773998e-01  6.992727e-15
   outer loop
     vertex -5.472048e+01  3.324074e+01  1.421085e-14
     vertex -5.472048e+01  3.324074e+01  1.200000e+01
     vertex -5.475212e+01  3.306524e+01  1.421085e-14
   endloop
 endfacet
 facet normal  9.789017e-01 -2.043319e-01  2.318505e-15
   outer loop
     vertex -5.468404e+01  3.341532e+01  1.421085e-14
     vertex -5.468404e+01  3.341532e+01  1.200000e+01
     vertex -5.472048e+01  3.324074e+01  1.200000e+01
   endloop
 endfacet
 facet normal  9.789017e-01 -2.043319e-01  6.955326e-15
   outer loop
     vertex -5.468404e+01  3.341532e+01  1.421085e-14
     vertex -5.472048e+01  3.324074e+01  1.200000e+01
     vertex -5.472048e+01  3.324074e+01  1.421085e-14
   endloop
 endfacet
 facet normal  9.729276e-01 -2.311102e-01  6.913066e-15
   outer loop
     vertex -5.464283e+01  3.358883e+01  1.421085e-14
     vertex -5.464283e+01  3.358883e+01  1.200000e+01
     vertex -5.468404e+01  3.341532e+01  1.200000e+01
   endloop
 endfacet
 facet normal  9.729276e-01 -2.311102e-01  2.304121e-15
   outer loop
     vertex -5.464283e+01  3.358883e+01  1.421085e-14
     vertex -5.468404e+01  3.341532e+01  1.200000e+01
     vertex -5.468404e+01  3.341532e+01  1.421085e-14
   endloop
 endfacet
 facet normal  9.662211e-01 -2.577146e-01  6.865755e-15
   outer loop
     vertex -5.459687e+01  3.376114e+01  1.421085e-14
     vertex -5.464283e+01  3.358883e+01  1.200000e+01
     vertex -5.464283e+01  3.358883e+01  1.421085e-14
   endloop
 endfacet
 facet normal  9.662211e-01 -2.577146e-01  2.288471e-15
   outer loop
     vertex -5.459687e+01  3.376114e+01  1.421085e-14
     vertex -5.459687e+01  3.376114e+01  1.200000e+01
     vertex -5.464283e+01  3.358883e+01  1.200000e+01
   endloop
 endfacet
 facet normal  9.587873e-01 -2.841250e-01  2.270864e-15
   outer loop
     vertex -5.459687e+01  3.376114e+01  1.421085e-14
     vertex -5.454620e+01  3.393213e+01  1.200000e+01
     vertex -5.459687e+01  3.376114e+01  1.200000e+01
   endloop
 endfacet
 facet normal  9.587873e-01 -2.841250e-01  2.270864e-15
   outer loop
     vertex -5.454620e+01  3.393213e+01  1.421085e-14
     vertex -5.454620e+01  3.393213e+01  1.200000e+01
     vertex -5.459687e+01  3.376114e+01  1.421085e-14
   endloop
 endfacet
 facet normal  9.506317e-01 -3.103214e-01  2.251548e-15
   outer loop
     vertex -5.454620e+01  3.393213e+01  1.421085e-14
     vertex -5.449085e+01  3.410167e+01  1.200000e+01
     vertex -5.454620e+01  3.393213e+01  1.200000e+01
   endloop
 endfacet
 facet normal  9.506317e-01 -3.103214e-01  6.754644e-15
   outer loop
     vertex -5.449085e+01  3.410167e+01  1.421085e-14
     vertex -5.449085e+01  3.410167e+01  1.200000e+01
     vertex -5.454620e+01  3.393213e+01  1.421085e-14
   endloop
 endfacet
 facet normal  9.417605e-01 -3.362843e-01  6.691611e-15
   outer loop
     vertex -5.449085e+01  3.410167e+01  1.421085e-14
     vertex -5.443088e+01  3.426962e+01  1.200000e+01
     vertex -5.449085e+01  3.410167e+01  1.200000e+01
   endloop
 endfacet
 facet normal  9.417605e-01 -3.362843e-01  6.691611e-15
   outer loop
     vertex -5.443088e+01  3.426962e+01  1.421085e-14
     vertex -5.443088e+01  3.426962e+01  1.200000e+01
     vertex -5.449085e+01  3.410167e+01  1.421085e-14
   endloop
 endfacet
 facet normal  9.321804e-01 -3.619940e-01  6.623387e-15
   outer loop
     vertex -5.436632e+01  3.443586e+01  1.421085e-14
     vertex -5.443088e+01  3.426962e+01  1.200000e+01
     vertex -5.443088e+01  3.426962e+01  1.421085e-14
   endloop
 endfacet
 facet normal  9.321804e-01 -3.619940e-01  2.207847e-15
   outer loop
     vertex -5.436632e+01  3.443586e+01  1.421085e-14
     vertex -5.436632e+01  3.443586e+01  1.200000e+01
     vertex -5.443088e+01  3.426962e+01  1.200000e+01
   endloop
 endfacet
 facet normal  9.218986e-01 -3.874313e-01  2.183748e-15
   outer loop
     vertex -5.429723e+01  3.460027e+01  1.421085e-14
     vertex -5.436632e+01  3.443586e+01  1.200000e+01
     vertex -5.436632e+01  3.443586e+01  1.421085e-14
   endloop
 endfacet
 facet normal  9.218986e-01 -3.874313e-01  2.183494e-15
   outer loop
     vertex -5.429723e+01  3.460027e+01  1.421085e-14
     vertex -5.429723e+01  3.460027e+01  1.200000e+01
     vertex -5.436632e+01  3.443586e+01  1.200000e+01
   endloop
 endfacet
 facet normal  9.109228e-01 -4.125769e-01  2.157809e-15
   outer loop
     vertex -5.422365e+01  3.476272e+01  1.421085e-14
     vertex -5.429723e+01  3.460027e+01  1.200000e+01
     vertex -5.429723e+01  3.460027e+01  1.421085e-14
   endloop
 endfacet
 facet normal  9.109228e-01 -4.125769e-01  6.472496e-15
   outer loop
     vertex -5.422365e+01  3.476272e+01  1.421085e-14
     vertex -5.422365e+01  3.476272e+01  1.200000e+01
     vertex -5.429723e+01  3.460027e+01  1.200000e+01
   endloop
 endfacet
 facet normal  8.992613e-01 -4.374119e-01  6.389935e-15
   outer loop
     vertex -5.414564e+01  3.492310e+01  1.421085e-14
     vertex -5.422365e+01  3.476272e+01  1.200000e+01
     vertex -5.422365e+01  3.476272e+01  1.421085e-14
   endloop
 endfacet
 facet normal  8.992613e-01 -4.374119e-01  6.389636e-15
   outer loop
     vertex -5.414564e+01  3.492310e+01  1.421085e-14
     vertex -5.414564e+01  3.492310e+01  1.200000e+01
     vertex -5.422365e+01  3.476272e+01  1.200000e+01
   endloop
 endfacet
 facet normal  8.869228e-01 -4.619176e-01  6.301580e-15
   outer loop
     vertex -5.406327e+01  3.508127e+01  1.421085e-14
     vertex -5.414564e+01  3.492310e+01  1.200000e+01
     vertex -5.414564e+01  3.492310e+01  1.421085e-14
   endloop
 endfacet
 facet normal  8.869228e-01 -4.619176e-01  6.301966e-15
   outer loop
     vertex -5.406327e+01  3.508127e+01  1.421085e-14
     vertex -5.406327e+01  3.508127e+01  1.200000e+01
     vertex -5.414564e+01  3.492310e+01  1.200000e+01
   endloop
 endfacet
 facet normal  8.739167e-01 -4.860756e-01  6.209982e-15
   outer loop
     vertex -5.397658e+01  3.523712e+01  1.421085e-14
     vertex -5.406327e+01  3.508127e+01  1.200000e+01
     vertex -5.406327e+01  3.508127e+01  1.421085e-14
   endloop
 endfacet
 facet normal  8.739167e-01 -4.860756e-01  2.069851e-15
   outer loop
     vertex -5.397658e+01  3.523712e+01  1.421085e-14
     vertex -5.397658e+01  3.523712e+01  1.200000e+01
     vertex -5.406327e+01  3.508127e+01  1.200000e+01
   endloop
 endfacet
 facet normal  8.602528e-01 -5.098678e-01  2.037840e-15
   outer loop
     vertex -5.388565e+01  3.539054e+01  1.421085e-14
     vertex -5.397658e+01  3.523712e+01  1.200000e+01
     vertex -5.397658e+01  3.523712e+01  1.421085e-14
   endloop
 endfacet
 facet normal  8.602528e-01 -5.098678e-01  6.112464e-15
   outer loop
     vertex -5.388565e+01  3.539054e+01  1.421085e-14
     vertex -5.388565e+01  3.539054e+01  1.200000e+01
     vertex -5.397658e+01  3.523712e+01  1.200000e+01
   endloop
 endfacet
 facet normal  8.459413e-01 -5.332761e-01  6.010575e-15
   outer loop
     vertex -5.379055e+01  3.554140e+01  1.421085e-14
     vertex -5.388565e+01  3.539054e+01  1.200000e+01
     vertex -5.388565e+01  3.539054e+01  1.421085e-14
   endloop
 endfacet
 facet normal  8.459413e-01 -5.332761e-01  6.010774e-15
   outer loop
     vertex -5.379055e+01  3.554140e+01  1.421085e-14
     vertex -5.379055e+01  3.554140e+01  1.200000e+01
     vertex -5.388565e+01  3.539054e+01  1.200000e+01
   endloop
 endfacet
 facet normal  8.309929e-01 -5.562829e-01  5.904560e-15
   outer loop
     vertex -5.369134e+01  3.568960e+01  1.421085e-14
     vertex -5.369134e+01  3.568960e+01  1.200000e+01
     vertex -5.379055e+01  3.554140e+01  1.200000e+01
   endloop
 endfacet
 facet normal  8.309929e-01 -5.562829e-01  5.904387e-15
   outer loop
     vertex -5.369134e+01  3.568960e+01  1.421085e-14
     vertex -5.379055e+01  3.554140e+01  1.200000e+01
     vertex -5.379055e+01  3.554140e+01  1.421085e-14
   endloop
 endfacet
 facet normal  8.154191e-01 -5.788711e-01  5.793901e-15
   outer loop
     vertex -5.358811e+01  3.583502e+01  1.421085e-14
     vertex -5.358811e+01  3.583502e+01  1.200000e+01
     vertex -5.369134e+01  3.568960e+01  1.200000e+01
   endloop
 endfacet
 facet normal  8.154191e-01 -5.788711e-01  5.793335e-15
   outer loop
     vertex -5.358811e+01  3.583502e+01  1.421085e-14
     vertex -5.369134e+01  3.568960e+01  1.200000e+01
     vertex -5.369134e+01  3.568960e+01  1.421085e-14
   endloop
 endfacet
 facet normal  7.992314e-01 -6.010234e-01  1.892960e-15
   outer loop
     vertex -5.348092e+01  3.597755e+01  1.421085e-14
     vertex -5.348092e+01  3.597755e+01  1.200000e+01
     vertex -5.358811e+01  3.583502e+01  1.200000e+01
   endloop
 endfacet
 facet normal  7.992314e-01 -6.010234e-01  5.679041e-15
   outer loop
     vertex -5.348092e+01  3.597755e+01  1.421085e-14
     vertex -5.358811e+01  3.583502e+01  1.200000e+01
     vertex -5.358811e+01  3.583502e+01  1.421085e-14
   endloop
 endfacet
 facet normal  7.824421e-01 -6.227234e-01  1.853195e-15
   outer loop
     vertex -5.336987e+01  3.611709e+01  1.421085e-14
     vertex -5.336987e+01  3.611709e+01  1.200000e+01
     vertex -5.348092e+01  3.597755e+01  1.200000e+01
   endloop
 endfacet
 facet normal  7.824421e-01 -6.227234e-01  1.853024e-15
   outer loop
     vertex -5.336987e+01  3.611709e+01  1.421085e-14
     vertex -5.348092e+01  3.597755e+01  1.200000e+01
     vertex -5.348092e+01  3.597755e+01  1.421085e-14
   endloop
 endfacet
 facet normal  7.650637e-01 -6.439545e-01  1.812035e-15
   outer loop
     vertex -5.325503e+01  3.625353e+01  1.421085e-14
     vertex -5.325503e+01  3.625353e+01  1.200000e+01
     vertex -5.336987e+01  3.611709e+01  1.200000e+01
   endloop
 endfacet
 facet normal  7.650637e-01 -6.439545e-01  1.812494e-15
   outer loop
     vertex -5.325503e+01  3.625353e+01  1.421085e-14
     vertex -5.336987e+01  3.611709e+01  1.200000e+01
     vertex -5.336987e+01  3.611709e+01  1.421085e-14
   endloop
 endfacet
 facet normal  7.471095e-01 -6.647010e-01  1.769511e-15
   outer loop
     vertex -5.313648e+01  3.638677e+01  1.421085e-14
     vertex -5.313648e+01  3.638677e+01  1.200000e+01
     vertex -5.325503e+01  3.625353e+01  1.200000e+01
   endloop
 endfacet
 facet normal  7.285929e-01 -6.849470e-01  1.725655e-15
   outer loop
     vertex -5.313648e+01  3.638677e+01  1.421085e-14
     vertex -5.301433e+01  3.651670e+01  1.200000e+01
     vertex -5.313648e+01  3.638677e+01  1.200000e+01
   endloop
 endfacet
 facet normal  7.471095e-01 -6.647010e-01  1.770343e-15
   outer loop
     vertex -5.313648e+01  3.638677e+01  1.421085e-14
     vertex -5.325503e+01  3.625353e+01  1.200000e+01
     vertex -5.325503e+01  3.625353e+01  1.421085e-14
   endloop
 endfacet
 facet normal  7.285929e-01 -6.849470e-01  1.725655e-15
   outer loop
     vertex -5.301433e+01  3.651670e+01  1.421085e-14
     vertex -5.301433e+01  3.651670e+01  1.200000e+01
     vertex -5.313648e+01  3.638677e+01  1.421085e-14
   endloop
 endfacet
 facet normal  7.095278e-01 -7.046775e-01  5.041498e-15
   outer loop
     vertex -5.288866e+01  3.664324e+01  1.421085e-14
     vertex -5.288866e+01  3.664324e+01  1.200000e+01
     vertex -5.301433e+01  3.651670e+01  1.200000e+01
   endloop
 endfacet
 facet normal  6.899286e-01 -7.238775e-01  4.902237e-15
   outer loop
     vertex -5.288866e+01  3.664324e+01  1.421085e-14
     vertex -5.275957e+01  3.676628e+01  1.200000e+01
     vertex -5.288866e+01  3.664324e+01  1.200000e+01
   endloop
 endfacet
 facet normal  7.095278e-01 -7.046775e-01  1.679557e-15
   outer loop
     vertex -5.288866e+01  3.664324e+01  1.421085e-14
     vertex -5.301433e+01  3.651670e+01  1.200000e+01
     vertex -5.301433e+01  3.651670e+01  1.421085e-14
   endloop
 endfacet
 facet normal  6.899286e-01 -7.238775e-01  4.902237e-15
   outer loop
     vertex -5.275957e+01  3.676628e+01  1.421085e-14
     vertex -5.275957e+01  3.676628e+01  1.200000e+01
     vertex -5.288866e+01  3.664324e+01  1.421085e-14
   endloop
 endfacet
 facet normal  6.698100e-01 -7.425325e-01  4.759286e-15
   outer loop
     vertex -5.262714e+01  3.688573e+01  1.421085e-14
     vertex -5.262714e+01  3.688573e+01  1.200000e+01
     vertex -5.275957e+01  3.676628e+01  1.200000e+01
   endloop
 endfacet
 facet normal  6.698100e-01 -7.425325e-01  4.759824e-15
   outer loop
     vertex -5.262714e+01  3.688573e+01  1.421085e-14
     vertex -5.275957e+01  3.676628e+01  1.200000e+01
     vertex -5.275957e+01  3.676628e+01  1.421085e-14
   endloop
 endfacet
 facet normal  6.491872e-01 -7.606287e-01  1.537584e-15
   outer loop
     vertex -5.249150e+01  3.700151e+01  1.421085e-14
     vertex -5.249150e+01  3.700151e+01  1.200000e+01
     vertex -5.262714e+01  3.688573e+01  1.200000e+01
   endloop
 endfacet
 facet normal  6.280757e-01 -7.781522e-01  1.487582e-15
   outer loop
     vertex -5.249150e+01  3.700151e+01  1.421085e-14
     vertex -5.235272e+01  3.711352e+01  1.200000e+01
     vertex -5.249150e+01  3.700151e+01  1.200000e+01
   endloop
 endfacet
 facet normal  6.491872e-01 -7.606287e-01  4.612296e-15
   outer loop
     vertex -5.249150e+01  3.700151e+01  1.421085e-14
     vertex -5.262714e+01  3.688573e+01  1.200000e+01
     vertex -5.262714e+01  3.688573e+01  1.421085e-14
   endloop
 endfacet
 facet normal  6.064915e-01 -7.950900e-01  4.309381e-15
   outer loop
     vertex -5.235272e+01  3.711352e+01  1.421085e-14
     vertex -5.221093e+01  3.722168e+01  1.200000e+01
     vertex -5.235272e+01  3.711352e+01  1.200000e+01
   endloop
 endfacet
 facet normal  6.280757e-01 -7.781522e-01  4.462747e-15
   outer loop
     vertex -5.235272e+01  3.711352e+01  1.421085e-14
     vertex -5.235272e+01  3.711352e+01  1.200000e+01
     vertex -5.249150e+01  3.700151e+01  1.421085e-14
   endloop
 endfacet
 facet normal  6.064915e-01 -7.950900e-01  4.309381e-15
   outer loop
     vertex -5.221093e+01  3.722168e+01  1.421085e-14
     vertex -5.221093e+01  3.722168e+01  1.200000e+01
     vertex -5.235272e+01  3.711352e+01  1.421085e-14
   endloop
 endfacet
 facet normal  5.844507e-01 -8.114292e-01  4.152687e-15
   outer loop
     vertex -5.206622e+01  3.732591e+01  1.421085e-14
     vertex -5.221093e+01  3.722168e+01  1.200000e+01
     vertex -5.221093e+01  3.722168e+01  1.421085e-14
   endloop
 endfacet
 facet normal  5.844507e-01 -8.114292e-01  4.152772e-15
   outer loop
     vertex -5.206622e+01  3.732591e+01  1.421085e-14
     vertex -5.206622e+01  3.732591e+01  1.200000e+01
     vertex -5.221093e+01  3.722168e+01  1.200000e+01
   endloop
 endfacet
 facet normal  5.619699e-01 -8.271577e-01  1.331012e-15
   outer loop
     vertex -5.191870e+01  3.742613e+01  1.421085e-14
     vertex -5.191870e+01  3.742613e+01  1.200000e+01
     vertex -5.206622e+01  3.732591e+01  1.200000e+01
   endloop
 endfacet
 facet normal  5.619699e-01 -8.271577e-01  3.993000e-15
   outer loop
     vertex -5.191870e+01  3.742613e+01  1.421085e-14
     vertex -5.206622e+01  3.732591e+01  1.200000e+01
     vertex -5.206622e+01  3.732591e+01  1.421085e-14
   endloop
 endfacet
 facet normal  5.390661e-01 -8.422635e-01  1.276690e-15
   outer loop
     vertex -5.176850e+01  3.752227e+01  1.421085e-14
     vertex -5.191870e+01  3.742613e+01  1.200000e+01
     vertex -5.191870e+01  3.742613e+01  1.421085e-14
   endloop
 endfacet
 facet normal  5.390661e-01 -8.422635e-01  1.276765e-15
   outer loop
     vertex -5.176850e+01  3.752227e+01  1.421085e-14
     vertex -5.176850e+01  3.752227e+01  1.200000e+01
     vertex -5.191870e+01  3.742613e+01  1.200000e+01
   endloop
 endfacet
 facet normal  5.157565e-01 -8.567352e-01  1.221569e-15
   outer loop
     vertex -5.161571e+01  3.761424e+01  1.421085e-14
     vertex -5.176850e+01  3.752227e+01  1.200000e+01
     vertex -5.176850e+01  3.752227e+01  1.421085e-14
   endloop
 endfacet
 facet normal  5.157565e-01 -8.567352e-01  1.221557e-15
   outer loop
     vertex -5.161571e+01  3.761424e+01  1.421085e-14
     vertex -5.161571e+01  3.761424e+01  1.200000e+01
     vertex -5.176850e+01  3.752227e+01  1.200000e+01
   endloop
 endfacet
 facet normal  4.920587e-01 -8.705620e-01  1.165638e-15
   outer loop
     vertex -5.146045e+01  3.770200e+01  1.421085e-14
     vertex -5.161571e+01  3.761424e+01  1.200000e+01
     vertex -5.161571e+01  3.761424e+01  1.421085e-14
   endloop
 endfacet
 facet normal  4.920587e-01 -8.705620e-01  3.496287e-15
   outer loop
     vertex -5.146045e+01  3.770200e+01  1.421085e-14
     vertex -5.146045e+01  3.770200e+01  1.200000e+01
     vertex -5.161571e+01  3.761424e+01  1.200000e+01
   endloop
 endfacet
 facet normal  4.679904e-01 -8.837335e-01  3.325879e-15
   outer loop
     vertex -5.130285e+01  3.778546e+01  1.421085e-14
     vertex -5.146045e+01  3.770200e+01  1.200000e+01
     vertex -5.146045e+01  3.770200e+01  1.421085e-14
   endloop
 endfacet
 facet normal  4.679904e-01 -8.837335e-01  1.108424e-15
   outer loop
     vertex -5.130285e+01  3.778546e+01  1.421085e-14
     vertex -5.130285e+01  3.778546e+01  1.200000e+01
     vertex -5.146045e+01  3.770200e+01  1.200000e+01
   endloop
 endfacet
 facet normal  4.435699e-01 -8.962398e-01  1.050533e-15
   outer loop
     vertex -5.114302e+01  3.786456e+01  1.421085e-14
     vertex -5.130285e+01  3.778546e+01  1.200000e+01
     vertex -5.130285e+01  3.778546e+01  1.421085e-14
   endloop
 endfacet
 facet normal  4.435699e-01 -8.962398e-01  1.050585e-15
   outer loop
     vertex -5.114302e+01  3.786456e+01  1.421085e-14
     vertex -5.114302e+01  3.786456e+01  1.200000e+01
     vertex -5.130285e+01  3.778546e+01  1.200000e+01
   endloop
 endfacet
 facet normal  4.188155e-01 -9.080714e-01  9.921705e-16
   outer loop
     vertex -5.098107e+01  3.793925e+01  1.421085e-14
     vertex -5.114302e+01  3.786456e+01  1.200000e+01
     vertex -5.114302e+01  3.786456e+01  1.421085e-14
   endloop
 endfacet
 facet normal  4.188155e-01 -9.080714e-01  2.975863e-15
   outer loop
     vertex -5.098107e+01  3.793925e+01  1.421085e-14
     vertex -5.098107e+01  3.793925e+01  1.200000e+01
     vertex -5.114302e+01  3.786456e+01  1.200000e+01
   endloop
 endfacet
 facet normal  3.937458e-01 -9.192194e-01  2.797370e-15
   outer loop
     vertex -5.081714e+01  3.800947e+01  1.421085e-14
     vertex -5.098107e+01  3.793925e+01  1.200000e+01
     vertex -5.098107e+01  3.793925e+01  1.421085e-14
   endloop
 endfacet
 facet normal  3.937458e-01 -9.192194e-01  2.797732e-15
   outer loop
     vertex -5.081714e+01  3.800947e+01  1.421085e-14
     vertex -5.081714e+01  3.800947e+01  1.200000e+01
     vertex -5.098107e+01  3.793925e+01  1.200000e+01
   endloop
 endfacet
 facet normal  3.683796e-01 -9.296754e-01  2.617417e-15
   outer loop
     vertex -5.065134e+01  3.807517e+01  1.421085e-14
     vertex -5.081714e+01  3.800947e+01  1.200000e+01
     vertex -5.081714e+01  3.800947e+01  1.421085e-14
   endloop
 endfacet
 facet normal  3.683796e-01 -9.296754e-01  8.724983e-16
   outer loop
     vertex -5.065134e+01  3.807517e+01  1.421085e-14
     vertex -5.065134e+01  3.807517e+01  1.200000e+01
     vertex -5.081714e+01  3.800947e+01  1.200000e+01
   endloop
 endfacet
 facet normal  3.427362e-01 -9.394317e-01  8.117625e-16
   outer loop
     vertex -5.065134e+01  3.807517e+01  1.421085e-14
     vertex -5.048381e+01  3.813629e+01  1.200000e+01
     vertex -5.065134e+01  3.807517e+01  1.200000e+01
   endloop
 endfacet
 facet normal  3.427362e-01 -9.394317e-01  8.117625e-16
   outer loop
     vertex -5.048381e+01  3.813629e+01  1.421085e-14
     vertex -5.048381e+01  3.813629e+01  1.200000e+01
     vertex -5.065134e+01  3.807517e+01  1.421085e-14
   endloop
 endfacet
 facet normal  3.168348e-01 -9.484807e-01  7.498020e-16
   outer loop
     vertex -5.031466e+01  3.819280e+01  1.421085e-14
     vertex -5.048381e+01  3.813629e+01  1.200000e+01
     vertex -5.048381e+01  3.813629e+01  1.421085e-14
   endloop
 endfacet
 facet normal  3.168348e-01 -9.484807e-01  2.251247e-15
   outer loop
     vertex -5.031466e+01  3.819280e+01  1.421085e-14
     vertex -5.031466e+01  3.819280e+01  1.200000e+01
     vertex -5.048381e+01  3.813629e+01  1.200000e+01
   endloop
 endfacet
 facet normal  2.906949e-01 -9.568158e-01  2.065401e-15
   outer loop
     vertex -5.014402e+01  3.824464e+01  1.421085e-14
     vertex -5.031466e+01  3.819280e+01  1.200000e+01
     vertex -5.031466e+01  3.819280e+01  1.421085e-14
   endloop
 endfacet
 facet normal  2.906949e-01 -9.568158e-01  2.065512e-15
   outer loop
     vertex -5.014402e+01  3.824464e+01  1.421085e-14
     vertex -5.014402e+01  3.824464e+01  1.200000e+01
     vertex -5.031466e+01  3.819280e+01  1.200000e+01
   endloop
 endfacet
 facet normal  2.643362e-01 -9.644306e-01  1.878153e-15
   outer loop
     vertex -4.997203e+01  3.829178e+01  1.421085e-14
     vertex -5.014402e+01  3.824464e+01  1.200000e+01
     vertex -5.014402e+01  3.824464e+01  1.421085e-14
   endloop
 endfacet
 facet normal  2.643362e-01 -9.644306e-01  6.260738e-16
   outer loop
     vertex -4.997203e+01  3.829178e+01  1.421085e-14
     vertex -4.997203e+01  3.829178e+01  1.200000e+01
     vertex -5.014402e+01  3.824464e+01  1.200000e+01
   endloop
 endfacet
 facet normal  2.377784e-01 -9.713194e-01  5.633648e-16
   outer loop
     vertex -4.979880e+01  3.833418e+01  1.421085e-14
     vertex -4.997203e+01  3.829178e+01  1.200000e+01
     vertex -4.997203e+01  3.829178e+01  1.421085e-14
   endloop
 endfacet
 facet normal  2.377784e-01 -9.713194e-01  1.689517e-15
   outer loop
     vertex -4.979880e+01  3.833418e+01  1.421085e-14
     vertex -4.979880e+01  3.833418e+01  1.200000e+01
     vertex -4.997203e+01  3.829178e+01  1.200000e+01
   endloop
 endfacet
 facet normal  2.110417e-01 -9.774771e-01  1.499604e-15
   outer loop
     vertex -4.962448e+01  3.837182e+01  1.421085e-14
     vertex -4.979880e+01  3.833418e+01  1.200000e+01
     vertex -4.979880e+01  3.833418e+01  1.421085e-14
   endloop
 endfacet
 facet normal  2.110417e-01 -9.774771e-01  4.998472e-16
   outer loop
     vertex -4.962448e+01  3.837182e+01  1.421085e-14
     vertex -4.962448e+01  3.837182e+01  1.200000e+01
     vertex -4.979880e+01  3.833418e+01  1.200000e+01
   endloop
 endfacet
 facet normal  1.841461e-01 -9.828989e-01  4.361011e-16
   outer loop
     vertex -4.944919e+01  3.840466e+01  1.421085e-14
     vertex -4.962448e+01  3.837182e+01  1.200000e+01
     vertex -4.962448e+01  3.837182e+01  1.421085e-14
   endloop
 endfacet
 facet normal  1.841461e-01 -9.828989e-01  1.308437e-15
   outer loop
     vertex -4.944919e+01  3.840466e+01  1.421085e-14
     vertex -4.944919e+01  3.840466e+01  1.200000e+01
     vertex -4.962448e+01  3.837182e+01  1.200000e+01
   endloop
 endfacet
 facet normal  1.571119e-01 -9.875808e-01  1.116347e-15
   outer loop
     vertex -4.944919e+01  3.840466e+01  1.421085e-14
     vertex -4.927307e+01  3.843268e+01  1.200000e+01
     vertex -4.944919e+01  3.840466e+01  1.200000e+01
   endloop
 endfacet
 facet normal  1.571119e-01 -9.875808e-01  3.721158e-16
   outer loop
     vertex -4.927307e+01  3.843268e+01  1.421085e-14
     vertex -4.927307e+01  3.843268e+01  1.200000e+01
     vertex -4.944919e+01  3.840466e+01  1.421085e-14
   endloop
 endfacet
 facet normal  1.299594e-01 -9.915193e-01  3.078058e-16
   outer loop
     vertex -4.927307e+01  3.843268e+01  1.421085e-14
     vertex -4.909624e+01  3.845586e+01  1.200000e+01
     vertex -4.927307e+01  3.843268e+01  1.200000e+01
   endloop
 endfacet
 facet normal  1.299594e-01 -9.915193e-01  3.078058e-16
   outer loop
     vertex -4.909624e+01  3.845586e+01  1.421085e-14
     vertex -4.909624e+01  3.845586e+01  1.200000e+01
     vertex -4.927307e+01  3.843268e+01  1.421085e-14
   endloop
 endfacet
 facet normal  1.027091e-01 -9.947114e-01  2.431790e-16
   outer loop
     vertex -4.891885e+01  3.847417e+01  1.421085e-14
     vertex -4.909624e+01  3.845586e+01  1.200000e+01
     vertex -4.909624e+01  3.845586e+01  1.421085e-14
   endloop
 endfacet
 facet normal  1.027091e-01 -9.947114e-01  7.297924e-16
   outer loop
     vertex -4.891885e+01  3.847417e+01  1.421085e-14
     vertex -4.891885e+01  3.847417e+01  1.200000e+01
     vertex -4.909624e+01  3.845586e+01  1.200000e+01
   endloop
 endfacet
 facet normal  7.538152e-02 -9.971548e-01  5.356018e-16
   outer loop
     vertex -4.874102e+01  3.848762e+01  1.421085e-14
     vertex -4.891885e+01  3.847417e+01  1.200000e+01
     vertex -4.891885e+01  3.847417e+01  1.421085e-14
   endloop
 endfacet
 facet normal  7.538152e-02 -9.971548e-01  5.356179e-16
   outer loop
     vertex -4.874102e+01  3.848762e+01  1.421085e-14
     vertex -4.874102e+01  3.848762e+01  1.200000e+01
     vertex -4.891885e+01  3.847417e+01  1.200000e+01
   endloop
 endfacet
 facet normal  4.799716e-02 -9.988475e-01  3.410586e-16
   outer loop
     vertex -4.856289e+01  3.849618e+01  1.421085e-14
     vertex -4.874102e+01  3.848762e+01  1.200000e+01
     vertex -4.874102e+01  3.848762e+01  1.421085e-14
   endloop
 endfacet
 facet normal  4.799716e-02 -9.988475e-01  3.410403e-16
   outer loop
     vertex -4.856289e+01  3.849618e+01  1.421085e-14
     vertex -4.856289e+01  3.849618e+01  1.200000e+01
     vertex -4.874102e+01  3.848762e+01  1.200000e+01
   endloop
 endfacet
 facet normal  2.057667e-02 -9.997883e-01  1.462060e-16
   outer loop
     vertex -4.838459e+01  3.849985e+01  1.421085e-14
     vertex -4.838459e+01  3.849985e+01  1.200000e+01
     vertex -4.856289e+01  3.849618e+01  1.200000e+01
   endloop
 endfacet
 facet normal  2.057667e-02 -9.997883e-01  1.462114e-16
   outer loop
     vertex -4.838459e+01  3.849985e+01  1.421085e-14
     vertex -4.856289e+01  3.849618e+01  1.200000e+01
     vertex -4.856289e+01  3.849618e+01  1.421085e-14
   endloop
 endfacet
 facet normal -6.859319e-03 -9.999765e-01 -4.873839e-17
   outer loop
     vertex -4.838459e+01  3.849985e+01  1.421085e-14
     vertex -4.820625e+01  3.849862e+01  1.200000e+01
     vertex -4.838459e+01  3.849985e+01  1.200000e+01
   endloop
 endfacet
 facet normal -6.859319e-03 -9.999765e-01 -4.873839e-17
   outer loop
     vertex -4.820625e+01  3.849862e+01  1.421085e-14
     vertex -4.820625e+01  3.849862e+01  1.200000e+01
     vertex -4.838459e+01  3.849985e+01  1.421085e-14
   endloop
 endfacet
 facet normal -3.429014e-02 -9.994119e-01 -8.121537e-17
   outer loop
     vertex -4.802802e+01  3.849251e+01  1.421085e-14
     vertex -4.802802e+01  3.849251e+01  1.200000e+01
     vertex -4.820625e+01  3.849862e+01  1.200000e+01
   endloop
 endfacet
 facet normal -3.429014e-02 -9.994119e-01 -2.435843e-16
   outer loop
     vertex -4.802802e+01  3.849251e+01  1.421085e-14
     vertex -4.820625e+01  3.849862e+01  1.200000e+01
     vertex -4.820625e+01  3.849862e+01  1.421085e-14
   endloop
 endfacet
 facet normal -6.169515e-02 -9.980950e-01 -4.383704e-16
   outer loop
     vertex -4.785002e+01  3.848151e+01  1.421085e-14
     vertex -4.785002e+01  3.848151e+01  1.200000e+01
     vertex -4.802802e+01  3.849251e+01  1.200000e+01
   endloop
 endfacet
 facet normal -8.905371e-02 -9.960268e-01 -6.327647e-16
   outer loop
     vertex -4.785002e+01  3.848151e+01  1.421085e-14
     vertex -4.767239e+01  3.846562e+01  1.200000e+01
     vertex -4.785002e+01  3.848151e+01  1.200000e+01
   endloop
 endfacet
 facet normal -6.169515e-02 -9.980950e-01 -1.461101e-16
   outer loop
     vertex -4.785002e+01  3.848151e+01  1.421085e-14
     vertex -4.802802e+01  3.849251e+01  1.200000e+01
     vertex -4.802802e+01  3.849251e+01  1.421085e-14
   endloop
 endfacet
 facet normal -8.905371e-02 -9.960268e-01 -2.109216e-16
   outer loop
     vertex -4.767239e+01  3.846562e+01  1.421085e-14
     vertex -4.767239e+01  3.846562e+01  1.200000e+01
     vertex -4.785002e+01  3.848151e+01  1.421085e-14
   endloop
 endfacet
 facet normal -1.163452e-01 -9.932088e-01 -2.756029e-16
   outer loop
     vertex -4.749526e+01  3.844488e+01  1.421085e-14
     vertex -4.767239e+01  3.846562e+01  1.200000e+01
     vertex -4.767239e+01  3.846562e+01  1.421085e-14
   endloop
 endfacet
 facet normal -1.163452e-01 -9.932088e-01 -8.266827e-16
   outer loop
     vertex -4.749526e+01  3.844488e+01  1.421085e-14
     vertex -4.749526e+01  3.844488e+01  1.200000e+01
     vertex -4.767239e+01  3.846562e+01  1.200000e+01
   endloop
 endfacet
 facet normal -1.435492e-01 -9.896432e-01 -1.020136e-15
   outer loop
     vertex -4.731877e+01  3.841928e+01  1.421085e-14
     vertex -4.749526e+01  3.844488e+01  1.200000e+01
     vertex -4.749526e+01  3.844488e+01  1.421085e-14
   endloop
 endfacet
 facet normal -1.435492e-01 -9.896432e-01 -3.399928e-16
   outer loop
     vertex -4.731877e+01  3.841928e+01  1.421085e-14
     vertex -4.731877e+01  3.841928e+01  1.200000e+01
     vertex -4.749526e+01  3.844488e+01  1.200000e+01
   endloop
 endfacet
 facet normal -1.706451e-01 -9.853326e-01 -4.041687e-16
   outer loop
     vertex -4.731877e+01  3.841928e+01  1.421085e-14
     vertex -4.714305e+01  3.838884e+01  1.200000e+01
     vertex -4.731877e+01  3.841928e+01  1.200000e+01
   endloop
 endfacet
 facet normal -1.706451e-01 -9.853326e-01 -4.041687e-16
   outer loop
     vertex -4.714305e+01  3.838884e+01  1.421085e-14
     vertex -4.714305e+01  3.838884e+01  1.200000e+01
     vertex -4.731877e+01  3.841928e+01  1.421085e-14
   endloop
 endfacet
 facet normal -1.976125e-01 -9.802802e-01 -4.681197e-16
   outer loop
     vertex -4.696823e+01  3.835360e+01  1.421085e-14
     vertex -4.714305e+01  3.838884e+01  1.200000e+01
     vertex -4.714305e+01  3.838884e+01  1.421085e-14
   endloop
 endfacet
 facet normal -1.976125e-01 -9.802802e-01 -1.404121e-15
   outer loop
     vertex -4.696823e+01  3.835360e+01  1.421085e-14
     vertex -4.696823e+01  3.835360e+01  1.200000e+01
     vertex -4.714305e+01  3.838884e+01  1.200000e+01
   endloop
 endfacet
 facet normal -2.244312e-01 -9.744899e-01 -1.594849e-15
   outer loop
     vertex -4.679444e+01  3.831358e+01  1.421085e-14
     vertex -4.696823e+01  3.835360e+01  1.200000e+01
     vertex -4.696823e+01  3.835360e+01  1.421085e-14
   endloop
 endfacet
 facet normal -2.244312e-01 -9.744899e-01 -1.594680e-15
   outer loop
     vertex -4.679444e+01  3.831358e+01  1.421085e-14
     vertex -4.679444e+01  3.831358e+01  1.200000e+01
     vertex -4.696823e+01  3.835360e+01  1.200000e+01
   endloop
 endfacet
 facet normal -2.510809e-01 -9.679661e-01 -1.784037e-15
   outer loop
     vertex -4.679444e+01  3.831358e+01  1.421085e-14
     vertex -4.662181e+01  3.826880e+01  1.200000e+01
     vertex -4.679444e+01  3.831358e+01  1.200000e+01
   endloop
 endfacet
 facet normal -2.510809e-01 -9.679661e-01 -1.784037e-15
   outer loop
     vertex -4.662181e+01  3.826880e+01  1.421085e-14
     vertex -4.662181e+01  3.826880e+01  1.200000e+01
     vertex -4.679444e+01  3.831358e+01  1.421085e-14
   endloop
 endfacet
 facet normal -2.775416e-01 -9.607136e-01 -1.972182e-15
   outer loop
     vertex -4.645048e+01  3.821930e+01  1.421085e-14
     vertex -4.662181e+01  3.826880e+01  1.200000e+01
     vertex -4.662181e+01  3.826880e+01  1.421085e-14
   endloop
 endfacet
 facet normal -2.775416e-01 -9.607136e-01 -1.972052e-15
   outer loop
     vertex -4.645048e+01  3.821930e+01  1.421085e-14
     vertex -4.645048e+01  3.821930e+01  1.200000e+01
     vertex -4.662181e+01  3.826880e+01  1.200000e+01
   endloop
 endfacet
 facet normal -3.037934e-01 -9.527379e-01 -2.158619e-15
   outer loop
     vertex -4.628057e+01  3.816512e+01  1.421085e-14
     vertex -4.645048e+01  3.821930e+01  1.200000e+01
     vertex -4.645048e+01  3.821930e+01  1.421085e-14
   endloop
 endfacet
 facet normal -3.037934e-01 -9.527379e-01 -2.158582e-15
   outer loop
     vertex -4.628057e+01  3.816512e+01  1.421085e-14
     vertex -4.628057e+01  3.816512e+01  1.200000e+01
     vertex -4.645048e+01  3.821930e+01  1.200000e+01
   endloop
 endfacet
 facet normal -3.298166e-01 -9.440450e-01 -2.343435e-15
   outer loop
     vertex -4.611221e+01  3.810631e+01  1.421085e-14
     vertex -4.628057e+01  3.816512e+01  1.200000e+01
     vertex -4.628057e+01  3.816512e+01  1.421085e-14
   endloop
 endfacet
 facet normal -3.298166e-01 -9.440450e-01 -2.343488e-15
   outer loop
     vertex -4.611221e+01  3.810631e+01  1.421085e-14
     vertex -4.611221e+01  3.810631e+01  1.200000e+01
     vertex -4.628057e+01  3.816512e+01  1.200000e+01
   endloop
 endfacet
 facet normal -3.555914e-01 -9.346415e-01 -2.526629e-15
   outer loop
     vertex -4.611221e+01  3.810631e+01  1.421085e-14
     vertex -4.594553e+01  3.804289e+01  1.200000e+01
     vertex -4.611221e+01  3.810631e+01  1.200000e+01
   endloop
 endfacet
 facet normal -3.555914e-01 -9.346415e-01 -2.526629e-15
   outer loop
     vertex -4.594553e+01  3.804289e+01  1.421085e-14
     vertex -4.594553e+01  3.804289e+01  1.200000e+01
     vertex -4.611221e+01  3.810631e+01  1.421085e-14
   endloop
 endfacet
 facet normal -4.063188e-01 -9.137314e-01 -9.623563e-16
   outer loop
     vertex -4.578065e+01  3.797493e+01  1.421085e-14
     vertex -4.561770e+01  3.790246e+01  1.200000e+01
     vertex -4.578065e+01  3.797493e+01  1.200000e+01
   endloop
 endfacet
 facet normal -3.810986e-01 -9.245344e-01 -2.707393e-15
   outer loop
     vertex -4.578065e+01  3.797493e+01  1.421085e-14
     vertex -4.594553e+01  3.804289e+01  1.200000e+01
     vertex -4.594553e+01  3.804289e+01  1.421085e-14
   endloop
 endfacet
 facet normal -3.810986e-01 -9.245344e-01 -9.026227e-16
   outer loop
     vertex -4.578065e+01  3.797493e+01  1.421085e-14
     vertex -4.578065e+01  3.797493e+01  1.200000e+01
     vertex -4.594553e+01  3.804289e+01  1.200000e+01
   endloop
 endfacet
 facet normal -4.063188e-01 -9.137314e-01 -9.623563e-16
   outer loop
     vertex -4.561770e+01  3.790246e+01  1.421085e-14
     vertex -4.561770e+01  3.790246e+01  1.200000e+01
     vertex -4.578065e+01  3.797493e+01  1.421085e-14
   endloop
 endfacet
 facet normal -4.312333e-01 -9.022405e-01 -1.021366e-15
   outer loop
     vertex -4.545680e+01  3.782556e+01  1.421085e-14
     vertex -4.545680e+01  3.782556e+01  1.200000e+01
     vertex -4.561770e+01  3.790246e+01  1.200000e+01
   endloop
 endfacet
 facet normal -4.312333e-01 -9.022405e-01 -1.021352e-15
   outer loop
     vertex -4.545680e+01  3.782556e+01  1.421085e-14
     vertex -4.561770e+01  3.790246e+01  1.200000e+01
     vertex -4.561770e+01  3.790246e+01  1.421085e-14
   endloop
 endfacet
 facet normal -4.558231e-01 -8.900704e-01 -3.238818e-15
   outer loop
     vertex -4.529806e+01  3.774427e+01  1.421085e-14
     vertex -4.529806e+01  3.774427e+01  1.200000e+01
     vertex -4.545680e+01  3.782556e+01  1.200000e+01
   endloop
 endfacet
 facet normal -4.800697e-01 -8.772303e-01 -3.411101e-15
   outer loop
     vertex -4.529806e+01  3.774427e+01  1.421085e-14
     vertex -4.514162e+01  3.765865e+01  1.200000e+01
     vertex -4.529806e+01  3.774427e+01  1.200000e+01
   endloop
 endfacet
 facet normal -4.558231e-01 -8.900704e-01 -1.078904e-15
   outer loop
     vertex -4.529806e+01  3.774427e+01  1.421085e-14
     vertex -4.545680e+01  3.782556e+01  1.200000e+01
     vertex -4.545680e+01  3.782556e+01  1.421085e-14
   endloop
 endfacet
 facet normal -4.800697e-01 -8.772303e-01 -1.137034e-15
   outer loop
     vertex -4.514162e+01  3.765865e+01  1.421085e-14
     vertex -4.514162e+01  3.765865e+01  1.200000e+01
     vertex -4.529806e+01  3.774427e+01  1.421085e-14
   endloop
 endfacet
 facet normal -5.039550e-01 -8.637299e-01 -3.580816e-15
   outer loop
     vertex -4.498758e+01  3.756878e+01  1.421085e-14
     vertex -4.498758e+01  3.756878e+01  1.200000e+01
     vertex -4.514162e+01  3.765865e+01  1.200000e+01
   endloop
 endfacet
 facet normal -5.039550e-01 -8.637299e-01 -1.193199e-15
   outer loop
     vertex -4.498758e+01  3.756878e+01  1.421085e-14
     vertex -4.514162e+01  3.765865e+01  1.200000e+01
     vertex -4.514162e+01  3.765865e+01  1.421085e-14
   endloop
 endfacet
 facet normal -5.274609e-01 -8.495793e-01 -3.747835e-15
   outer loop
     vertex -4.483607e+01  3.747471e+01  1.421085e-14
     vertex -4.483607e+01  3.747471e+01  1.200000e+01
     vertex -4.498758e+01  3.756878e+01  1.200000e+01
   endloop
 endfacet
 facet normal -5.505698e-01 -8.347891e-01 -3.912034e-15
   outer loop
     vertex -4.483607e+01  3.747471e+01  1.421085e-14
     vertex -4.468720e+01  3.737652e+01  1.200000e+01
     vertex -4.483607e+01  3.747471e+01  1.200000e+01
   endloop
 endfacet
 facet normal -5.274609e-01 -8.495793e-01 -3.748200e-15
   outer loop
     vertex -4.483607e+01  3.747471e+01  1.421085e-14
     vertex -4.498758e+01  3.756878e+01  1.200000e+01
     vertex -4.498758e+01  3.756878e+01  1.421085e-14
   endloop
 endfacet
 facet normal -5.505698e-01 -8.347891e-01 -3.912034e-15
   outer loop
     vertex -4.468720e+01  3.737652e+01  1.421085e-14
     vertex -4.468720e+01  3.737652e+01  1.200000e+01
     vertex -4.483607e+01  3.747471e+01  1.421085e-14
   endloop
 endfacet
 facet normal -5.732642e-01 -8.193706e-01 -4.073287e-15
   outer loop
     vertex -4.454107e+01  3.727429e+01  1.421085e-14
     vertex -4.454107e+01  3.727429e+01  1.200000e+01
     vertex -4.468720e+01  3.737652e+01  1.200000e+01
   endloop
 endfacet
 facet normal -5.732642e-01 -8.193706e-01 -4.073249e-15
   outer loop
     vertex -4.454107e+01  3.727429e+01  1.421085e-14
     vertex -4.468720e+01  3.737652e+01  1.200000e+01
     vertex -4.468720e+01  3.737652e+01  1.421085e-14
   endloop
 endfacet
 facet normal -5.955271e-01 -8.033352e-01 -4.231475e-15
   outer loop
     vertex -4.439781e+01  3.716808e+01  1.421085e-14
     vertex -4.439781e+01  3.716808e+01  1.200000e+01
     vertex -4.454107e+01  3.727429e+01  1.200000e+01
   endloop
 endfacet
 facet normal -6.173417e-01 -7.866951e-01 -4.386477e-15
   outer loop
     vertex -4.439781e+01  3.716808e+01  1.421085e-14
     vertex -4.425751e+01  3.705799e+01  1.200000e+01
     vertex -4.439781e+01  3.716808e+01  1.200000e+01
   endloop
 endfacet
 facet normal -5.955271e-01 -8.033352e-01 -4.232126e-15
   outer loop
     vertex -4.439781e+01  3.716808e+01  1.421085e-14
     vertex -4.454107e+01  3.727429e+01  1.200000e+01
     vertex -4.454107e+01  3.727429e+01  1.421085e-14
   endloop
 endfacet
 facet normal -6.173417e-01 -7.866951e-01 -1.462159e-15
   outer loop
     vertex -4.425751e+01  3.705799e+01  1.421085e-14
     vertex -4.425751e+01  3.705799e+01  1.200000e+01
     vertex -4.439781e+01  3.716808e+01  1.421085e-14
   endloop
 endfacet
 facet normal -6.386916e-01 -7.694628e-01 -4.538177e-15
   outer loop
     vertex -4.412028e+01  3.694409e+01  1.421085e-14
     vertex -4.412028e+01  3.694409e+01  1.200000e+01
     vertex -4.425751e+01  3.705799e+01  1.200000e+01
   endloop
 endfacet
 facet normal -6.386916e-01 -7.694628e-01 -1.514195e-15
   outer loop
     vertex -4.412028e+01  3.694409e+01  1.421085e-14
     vertex -4.425751e+01  3.705799e+01  1.200000e+01
     vertex -4.425751e+01  3.705799e+01  1.421085e-14
   endloop
 endfacet
 facet normal -6.595607e-01 -7.516513e-01 -4.686460e-15
   outer loop
     vertex -4.398624e+01  3.682646e+01  1.421085e-14
     vertex -4.398624e+01  3.682646e+01  1.200000e+01
     vertex -4.412028e+01  3.694409e+01  1.200000e+01
   endloop
 endfacet
 facet normal -6.595607e-01 -7.516513e-01 -4.685250e-15
   outer loop
     vertex -4.398624e+01  3.682646e+01  1.421085e-14
     vertex -4.412028e+01  3.694409e+01  1.200000e+01
     vertex -4.412028e+01  3.694409e+01  1.421085e-14
   endloop
 endfacet
 facet normal -6.799333e-01 -7.332740e-01 -1.610405e-15
   outer loop
     vertex -4.385546e+01  3.670520e+01  1.421085e-14
     vertex -4.385546e+01  3.670520e+01  1.200000e+01
     vertex -4.398624e+01  3.682646e+01  1.200000e+01
   endloop
 endfacet
 facet normal -6.997940e-01 -7.143447e-01 -1.657445e-15
   outer loop
     vertex -4.385546e+01  3.670520e+01  1.421085e-14
     vertex -4.372807e+01  3.658040e+01  1.200000e+01
     vertex -4.385546e+01  3.670520e+01  1.200000e+01
   endloop
 endfacet
 facet normal -6.799333e-01 -7.332740e-01 -4.831157e-15
   outer loop
     vertex -4.385546e+01  3.670520e+01  1.421085e-14
     vertex -4.398624e+01  3.682646e+01  1.200000e+01
     vertex -4.398624e+01  3.682646e+01  1.421085e-14
   endloop
 endfacet
 facet normal -6.997940e-01 -7.143447e-01 -4.972336e-15
   outer loop
     vertex -4.372807e+01  3.658040e+01  1.421085e-14
     vertex -4.372807e+01  3.658040e+01  1.200000e+01
     vertex -4.385546e+01  3.670520e+01  1.421085e-14
   endloop
 endfacet
 facet normal -7.191280e-01 -6.948776e-01 -5.109712e-15
   outer loop
     vertex -4.372807e+01  3.658040e+01  1.421085e-14
     vertex -4.360415e+01  3.645216e+01  1.200000e+01
     vertex -4.372807e+01  3.658040e+01  1.200000e+01
   endloop
 endfacet
 facet normal -7.191280e-01 -6.948776e-01 -1.703237e-15
   outer loop
     vertex -4.360415e+01  3.645216e+01  1.421085e-14
     vertex -4.360415e+01  3.645216e+01  1.200000e+01
     vertex -4.372807e+01  3.658040e+01  1.421085e-14
   endloop
 endfacet
 facet normal -7.379206e-01 -6.748875e-01 -1.747747e-15
   outer loop
     vertex -4.360415e+01  3.645216e+01  1.421085e-14
     vertex -4.348379e+01  3.632056e+01  1.200000e+01
     vertex -4.360415e+01  3.645216e+01  1.200000e+01
   endloop
 endfacet
 facet normal -7.379206e-01 -6.748875e-01 -5.243241e-15
   outer loop
     vertex -4.348379e+01  3.632056e+01  1.421085e-14
     vertex -4.348379e+01  3.632056e+01  1.200000e+01
     vertex -4.360415e+01  3.645216e+01  1.421085e-14
   endloop
 endfacet
 facet normal -7.561578e-01 -6.543893e-01 -5.372636e-15
   outer loop
     vertex -4.336709e+01  3.618570e+01  1.421085e-14
     vertex -4.348379e+01  3.632056e+01  1.200000e+01
     vertex -4.348379e+01  3.632056e+01  1.421085e-14
   endloop
 endfacet
 facet normal -7.561578e-01 -6.543893e-01 -1.790941e-15
   outer loop
     vertex -4.336709e+01  3.618570e+01  1.421085e-14
     vertex -4.336709e+01  3.618570e+01  1.200000e+01
     vertex -4.348379e+01  3.632056e+01  1.200000e+01
   endloop
 endfacet
 facet normal -7.738257e-01 -6.333986e-01 -1.832787e-15
   outer loop
     vertex -4.336709e+01  3.618570e+01  1.421085e-14
     vertex -4.325413e+01  3.604770e+01  1.200000e+01
     vertex -4.336709e+01  3.618570e+01  1.200000e+01
   endloop
 endfacet
 facet normal -7.738257e-01 -6.333986e-01 -5.498362e-15
   outer loop
     vertex -4.325413e+01  3.604770e+01  1.421085e-14
     vertex -4.325413e+01  3.604770e+01  1.200000e+01
     vertex -4.336709e+01  3.618570e+01  1.421085e-14
   endloop
 endfacet
 facet normal -7.909112e-01 -6.119310e-01 -1.873254e-15
   outer loop
     vertex -4.314500e+01  3.590665e+01  1.421085e-14
     vertex -4.314500e+01  3.590665e+01  1.200000e+01
     vertex -4.325413e+01  3.604770e+01  1.200000e+01
   endloop
 endfacet
 facet normal -7.909112e-01 -6.119310e-01 -5.619868e-15
   outer loop
     vertex -4.314500e+01  3.590665e+01  1.421085e-14
     vertex -4.325413e+01  3.604770e+01  1.200000e+01
     vertex -4.325413e+01  3.604770e+01  1.421085e-14
   endloop
 endfacet
 facet normal -8.074012e-01 -5.900028e-01 -1.912198e-15
   outer loop
     vertex -4.303978e+01  3.576266e+01  1.421085e-14
     vertex -4.314500e+01  3.590665e+01  1.200000e+01
     vertex -4.314500e+01  3.590665e+01  1.421085e-14
   endloop
 endfacet
 facet normal -8.074012e-01 -5.900028e-01 -1.912310e-15
   outer loop
     vertex -4.303978e+01  3.576266e+01  1.421085e-14
     vertex -4.303978e+01  3.576266e+01  1.200000e+01
     vertex -4.314500e+01  3.590665e+01  1.200000e+01
   endloop
 endfacet
 facet normal -8.232835e-01 -5.676304e-01 -1.949927e-15
   outer loop
     vertex -4.303978e+01  3.576266e+01  1.421085e-14
     vertex -4.293855e+01  3.561584e+01  1.200000e+01
     vertex -4.303978e+01  3.576266e+01  1.200000e+01
   endloop
 endfacet
 facet normal -8.385460e-01 -5.448308e-01 -5.958228e-15
   outer loop
     vertex -4.293855e+01  3.561584e+01  1.421085e-14
     vertex -4.284138e+01  3.546629e+01  1.200000e+01
     vertex -4.293855e+01  3.561584e+01  1.200000e+01
   endloop
 endfacet
 facet normal -8.232835e-01 -5.676304e-01 -5.849781e-15
   outer loop
     vertex -4.293855e+01  3.561584e+01  1.421085e-14
     vertex -4.293855e+01  3.561584e+01  1.200000e+01
     vertex -4.303978e+01  3.576266e+01  1.421085e-14
   endloop
 endfacet
 facet normal -8.385460e-01 -5.448308e-01 -5.958228e-15
   outer loop
     vertex -4.284138e+01  3.546629e+01  1.421085e-14
     vertex -4.284138e+01  3.546629e+01  1.200000e+01
     vertex -4.293855e+01  3.561584e+01  1.421085e-14
   endloop
 endfacet
 facet normal -8.531773e-01 -5.216210e-01 -6.062189e-15
   outer loop
     vertex -4.274836e+01  3.531414e+01  1.421085e-14
     vertex -4.274836e+01  3.531414e+01  1.200000e+01
     vertex -4.284138e+01  3.546629e+01  1.200000e+01
   endloop
 endfacet
 facet normal -8.671664e-01 -4.980186e-01 -6.161588e-15
   outer loop
     vertex -4.274836e+01  3.531414e+01  1.421085e-14
     vertex -4.265954e+01  3.515949e+01  1.200000e+01
     vertex -4.274836e+01  3.531414e+01  1.200000e+01
   endloop
 endfacet
 facet normal -8.531773e-01 -5.216210e-01 -6.061643e-15
   outer loop
     vertex -4.274836e+01  3.531414e+01  1.421085e-14
     vertex -4.284138e+01  3.546629e+01  1.200000e+01
     vertex -4.284138e+01  3.546629e+01  1.421085e-14
   endloop
 endfacet
 facet normal -8.671664e-01 -4.980186e-01 -2.053863e-15
   outer loop
     vertex -4.265954e+01  3.515949e+01  1.421085e-14
     vertex -4.265954e+01  3.515949e+01  1.200000e+01
     vertex -4.274836e+01  3.531414e+01  1.421085e-14
   endloop
 endfacet
 facet normal -8.805026e-01 -4.740412e-01 -2.085449e-15
   outer loop
     vertex -4.257500e+01  3.500246e+01  1.421085e-14
     vertex -4.257500e+01  3.500246e+01  1.200000e+01
     vertex -4.265954e+01  3.515949e+01  1.200000e+01
   endloop
 endfacet
 facet normal -8.805026e-01 -4.740412e-01 -2.085666e-15
   outer loop
     vertex -4.257500e+01  3.500246e+01  1.421085e-14
     vertex -4.265954e+01  3.515949e+01  1.200000e+01
     vertex -4.265954e+01  3.515949e+01  1.421085e-14
   endloop
 endfacet
 facet normal -8.931761e-01 -4.497071e-01 -6.346398e-15
   outer loop
     vertex -4.249480e+01  3.484318e+01  1.421085e-14
     vertex -4.249480e+01  3.484318e+01  1.200000e+01
     vertex -4.257500e+01  3.500246e+01  1.200000e+01
   endloop
 endfacet
 facet normal -9.051772e-01 -4.250344e-01 -6.431671e-15
   outer loop
     vertex -4.249480e+01  3.484318e+01  1.421085e-14
     vertex -4.241900e+01  3.468175e+01  1.200000e+01
     vertex -4.249480e+01  3.484318e+01  1.200000e+01
   endloop
 endfacet
 facet normal -8.931761e-01 -4.497071e-01 -2.114847e-15
   outer loop
     vertex -4.249480e+01  3.484318e+01  1.421085e-14
     vertex -4.257500e+01  3.500246e+01  1.200000e+01
     vertex -4.257500e+01  3.500246e+01  1.421085e-14
   endloop
 endfacet
 facet normal -9.051772e-01 -4.250344e-01 -6.431671e-15
   outer loop
     vertex -4.241900e+01  3.468175e+01  1.421085e-14
     vertex -4.241900e+01  3.468175e+01  1.200000e+01
     vertex -4.249480e+01  3.484318e+01  1.421085e-14
   endloop
 endfacet
 facet normal -9.164969e-01 -4.000417e-01 -6.512102e-15
   outer loop
     vertex -4.234766e+01  3.451830e+01  1.421085e-14
     vertex -4.234766e+01  3.451830e+01  1.200000e+01
     vertex -4.241900e+01  3.468175e+01  1.200000e+01
   endloop
 endfacet
 facet normal -9.164969e-01 -4.000417e-01 -6.512335e-15
   outer loop
     vertex -4.234766e+01  3.451830e+01  1.421085e-14
     vertex -4.241900e+01  3.468175e+01  1.200000e+01
     vertex -4.241900e+01  3.468175e+01  1.421085e-14
   endloop
 endfacet
 facet normal -9.271267e-01 -3.747479e-01 -6.587632e-15
   outer loop
     vertex -4.228083e+01  3.435296e+01  1.421085e-14
     vertex -4.228083e+01  3.435296e+01  1.200000e+01
     vertex -4.234766e+01  3.451830e+01  1.200000e+01
   endloop
 endfacet
 facet normal -9.370586e-01 -3.491720e-01 -6.658202e-15
   outer loop
     vertex -4.228083e+01  3.435296e+01  1.421085e-14
     vertex -4.221856e+01  3.418585e+01  1.200000e+01
     vertex -4.228083e+01  3.435296e+01  1.200000e+01
   endloop
 endfacet
 facet normal -9.271267e-01 -3.747479e-01 -6.587720e-15
   outer loop
     vertex -4.228083e+01  3.435296e+01  1.421085e-14
     vertex -4.234766e+01  3.451830e+01  1.200000e+01
     vertex -4.234766e+01  3.451830e+01  1.421085e-14
   endloop
 endfacet
 facet normal -9.370586e-01 -3.491720e-01 -6.658202e-15
   outer loop
     vertex -4.221856e+01  3.418585e+01  1.421085e-14
     vertex -4.221856e+01  3.418585e+01  1.200000e+01
     vertex -4.228083e+01  3.435296e+01  1.421085e-14
   endloop
 endfacet
 facet normal -9.462851e-01 -3.233333e-01 -6.723760e-15
   outer loop
     vertex -4.216089e+01  3.401709e+01  1.421085e-14
     vertex -4.216089e+01  3.401709e+01  1.200000e+01
     vertex -4.221856e+01  3.418585e+01  1.200000e+01
   endloop
 endfacet
 facet normal -9.462851e-01 -3.233333e-01 -6.723901e-15
   outer loop
     vertex -4.216089e+01  3.401709e+01  1.421085e-14
     vertex -4.221856e+01  3.418585e+01  1.200000e+01
     vertex -4.221856e+01  3.418585e+01  1.421085e-14
   endloop
 endfacet
 facet normal -9.547993e-01 -2.972512e-01 -6.784257e-15
   outer loop
     vertex -4.210788e+01  3.384681e+01  1.421085e-14
     vertex -4.210788e+01  3.384681e+01  1.200000e+01
     vertex -4.216089e+01  3.401709e+01  1.200000e+01
   endloop
 endfacet
 facet normal -9.625948e-01 -2.709453e-01 -6.839647e-15
   outer loop
     vertex -4.210788e+01  3.384681e+01  1.421085e-14
     vertex -4.205956e+01  3.367514e+01  1.200000e+01
     vertex -4.210788e+01  3.384681e+01  1.200000e+01
   endloop
 endfacet
 facet normal -9.547993e-01 -2.972512e-01 -6.783885e-15
   outer loop
     vertex -4.210788e+01  3.384681e+01  1.421085e-14
     vertex -4.216089e+01  3.401709e+01  1.200000e+01
     vertex -4.216089e+01  3.401709e+01  1.421085e-14
   endloop
 endfacet
 facet normal -9.625948e-01 -2.709453e-01 -2.279882e-15
   outer loop
     vertex -4.205956e+01  3.367514e+01  1.421085e-14
     vertex -4.205956e+01  3.367514e+01  1.200000e+01
     vertex -4.210788e+01  3.384681e+01  1.421085e-14
   endloop
 endfacet
 facet normal -9.696656e-01 -2.444354e-01 -2.296629e-15
   outer loop
     vertex -4.201597e+01  3.350222e+01  1.421085e-14
     vertex -4.201597e+01  3.350222e+01  1.200000e+01
     vertex -4.205956e+01  3.367514e+01  1.200000e+01
   endloop
 endfacet
 facet normal -9.696656e-01 -2.444354e-01 -2.296421e-15
   outer loop
     vertex -4.201597e+01  3.350222e+01  1.421085e-14
     vertex -4.205956e+01  3.367514e+01  1.200000e+01
     vertex -4.205956e+01  3.367514e+01  1.421085e-14
   endloop
 endfacet
 facet normal -9.760065e-01 -2.177416e-01 -6.934943e-15
   outer loop
     vertex -4.197714e+01  3.332816e+01  1.421085e-14
     vertex -4.197714e+01  3.332816e+01  1.200000e+01
     vertex -4.201597e+01  3.350222e+01  1.200000e+01
   endloop
 endfacet
 facet normal -9.816126e-01 -1.908838e-01 -6.974777e-15
   outer loop
     vertex -4.197714e+01  3.332816e+01  1.421085e-14
     vertex -4.194310e+01  3.315310e+01  1.200000e+01
     vertex -4.197714e+01  3.332816e+01  1.200000e+01
   endloop
 endfacet
 facet normal -9.760065e-01 -2.177416e-01 -2.311822e-15
   outer loop
     vertex -4.197714e+01  3.332816e+01  1.421085e-14
     vertex -4.201597e+01  3.350222e+01  1.200000e+01
     vertex -4.201597e+01  3.350222e+01  1.421085e-14
   endloop
 endfacet
 facet normal -9.816126e-01 -1.908838e-01 -6.974777e-15
   outer loop
     vertex -4.194310e+01  3.315310e+01  1.421085e-14
     vertex -4.194310e+01  3.315310e+01  1.200000e+01
     vertex -4.197714e+01  3.332816e+01  1.421085e-14
   endloop
 endfacet
 facet normal -9.864799e-01 -1.638824e-01 -7.009361e-15
   outer loop
     vertex -4.191387e+01  3.297717e+01  1.421085e-14
     vertex -4.191387e+01  3.297717e+01  1.200000e+01
     vertex -4.194310e+01  3.315310e+01  1.200000e+01
   endloop
 endfacet
 facet normal -9.864799e-01 -1.638824e-01 -7.009231e-15
   outer loop
     vertex -4.191387e+01  3.297717e+01  1.421085e-14
     vertex -4.194310e+01  3.315310e+01  1.200000e+01
     vertex -4.194310e+01  3.315310e+01  1.421085e-14
   endloop
 endfacet
 facet normal -9.906046e-01 -1.367575e-01 -7.038669e-15
   outer loop
     vertex -4.188948e+01  3.280051e+01  1.421085e-14
     vertex -4.188948e+01  3.280051e+01  1.200000e+01
     vertex -4.191387e+01  3.297717e+01  1.200000e+01
   endloop
 endfacet
 facet normal -9.939835e-01 -1.095298e-01 -7.062678e-15
   outer loop
     vertex -4.188948e+01  3.280051e+01  1.421085e-14
     vertex -4.186995e+01  3.262324e+01  1.200000e+01
     vertex -4.188948e+01  3.280051e+01  1.200000e+01
   endloop
 endfacet
 facet normal -9.906046e-01 -1.367575e-01 -7.038412e-15
   outer loop
     vertex -4.188948e+01  3.280051e+01  1.421085e-14
     vertex -4.191387e+01  3.297717e+01  1.200000e+01
     vertex -4.191387e+01  3.297717e+01  1.421085e-14
   endloop
 endfacet
 facet normal -9.939835e-01 -1.095298e-01 -7.062678e-15
   outer loop
     vertex -4.186995e+01  3.262324e+01  1.421085e-14
     vertex -4.186995e+01  3.262324e+01  1.200000e+01
     vertex -4.188948e+01  3.280051e+01  1.421085e-14
   endloop
 endfacet
 facet normal -9.966142e-01 -8.221955e-02 -7.081374e-15
   outer loop
     vertex -4.185529e+01  3.244551e+01  1.421085e-14
     vertex -4.186995e+01  3.262324e+01  1.200000e+01
     vertex -4.186995e+01  3.262324e+01  1.421085e-14
   endloop
 endfacet
 facet normal -9.966142e-01 -8.221955e-02 -2.360457e-15
   outer loop
     vertex -4.185529e+01  3.244551e+01  1.421085e-14
     vertex -4.185529e+01  3.244551e+01  1.200000e+01
     vertex -4.186995e+01  3.262324e+01  1.200000e+01
   endloop
 endfacet
 facet normal -9.984947e-01 -5.484744e-02 -2.364911e-15
   outer loop
     vertex -4.185529e+01  3.244551e+01  1.421085e-14
     vertex -4.184550e+01  3.226744e+01  1.200000e+01
     vertex -4.185529e+01  3.244551e+01  1.200000e+01
   endloop
 endfacet
 facet normal -9.984947e-01 -5.484744e-02 -2.364911e-15
   outer loop
     vertex -4.184550e+01  3.226744e+01  1.421085e-14
     vertex -4.184550e+01  3.226744e+01  1.200000e+01
     vertex -4.185529e+01  3.244551e+01  1.421085e-14
   endloop
 endfacet
 facet normal -9.996236e-01 -2.743405e-02 -2.367584e-15
   outer loop
     vertex -4.184550e+01  3.226744e+01  1.421085e-14
     vertex -4.184061e+01  3.208917e+01  1.200000e+01
     vertex -4.184550e+01  3.226744e+01  1.200000e+01
   endloop
 endfacet
 facet normal -9.996236e-01 -2.743405e-02 -2.367584e-15
   outer loop
     vertex -4.184061e+01  3.208917e+01  1.421085e-14
     vertex -4.184061e+01  3.208917e+01  1.200000e+01
     vertex -4.184550e+01  3.226744e+01  1.421085e-14
   endloop
 endfacet
 facet normal -1.000000e+00  0.000000e+00 -2.368476e-15
   outer loop
     vertex -4.184061e+01  3.208917e+01  1.421085e-14
     vertex -4.184061e+01  3.191083e+01  1.200000e+01
     vertex -4.184061e+01  3.208917e+01  1.200000e+01
   endloop
 endfacet
 facet normal -1.000000e+00  0.000000e+00 -2.368476e-15
   outer loop
     vertex -4.184061e+01  3.191083e+01  1.421085e-14
     vertex -4.184061e+01  3.191083e+01  1.200000e+01
     vertex -4.184061e+01  3.208917e+01  1.421085e-14
   endloop
 endfacet
 facet normal -9.996236e-01  2.743405e-02 -2.367551e-15
   outer loop
     vertex -4.184550e+01  3.173256e+01  1.421085e-14
     vertex -4.184061e+01  3.191083e+01  1.200000e+01
     vertex -4.184061e+01  3.191083e+01  1.421085e-14
   endloop
 endfacet
 facet normal -9.996236e-01  2.743405e-02 -2.367584e-15
   outer loop
     vertex -4.184550e+01  3.173256e+01  1.421085e-14
     vertex -4.184550e+01  3.173256e+01  1.200000e+01
     vertex -4.184061e+01  3.191083e+01  1.200000e+01
   endloop
 endfacet
 facet normal -9.984947e-01  5.484744e-02 -2.364916e-15
   outer loop
     vertex -4.185529e+01  3.155449e+01  1.421085e-14
     vertex -4.184550e+01  3.173256e+01  1.200000e+01
     vertex -4.184550e+01  3.173256e+01  1.421085e-14
   endloop
 endfacet
 facet normal -9.984947e-01  5.484744e-02 -2.364911e-15
   outer loop
     vertex -4.185529e+01  3.155449e+01  1.421085e-14
     vertex -4.185529e+01  3.155449e+01  1.200000e+01
     vertex -4.184550e+01  3.173256e+01  1.200000e+01
   endloop
 endfacet
 facet normal -9.966142e-01  8.221955e-02 -2.360458e-15
   outer loop
     vertex -4.186995e+01  3.137676e+01  1.421085e-14
     vertex -4.185529e+01  3.155449e+01  1.200000e+01
     vertex -4.185529e+01  3.155449e+01  1.421085e-14
   endloop
 endfacet
 facet normal -9.966142e-01  8.221955e-02 -7.081370e-15
   outer loop
     vertex -4.186995e+01  3.137676e+01  1.421085e-14
     vertex -4.186995e+01  3.137676e+01  1.200000e+01
     vertex -4.185529e+01  3.155449e+01  1.200000e+01
   endloop
 endfacet
 facet normal -9.939835e-01  1.095298e-01 -7.062678e-15
   outer loop
     vertex -4.186995e+01  3.137676e+01  1.421085e-14
     vertex -4.188948e+01  3.119949e+01  1.200000e+01
     vertex -4.186995e+01  3.137676e+01  1.200000e+01
   endloop
 endfacet
 facet normal -9.939835e-01  1.095298e-01 -7.062678e-15
   outer loop
     vertex -4.188948e+01  3.119949e+01  1.421085e-14
     vertex -4.188948e+01  3.119949e+01  1.200000e+01
     vertex -4.186995e+01  3.137676e+01  1.421085e-14
   endloop
 endfacet
 facet normal -9.906046e-01  1.367575e-01 -7.038669e-15
   outer loop
     vertex -4.188948e+01  3.119949e+01  1.421085e-14
     vertex -4.191387e+01  3.102283e+01  1.200000e+01
     vertex -4.188948e+01  3.119949e+01  1.200000e+01
   endloop
 endfacet
 facet normal -9.906046e-01  1.367575e-01 -2.346223e-15
   outer loop
     vertex -4.191387e+01  3.102283e+01  1.421085e-14
     vertex -4.191387e+01  3.102283e+01  1.200000e+01
     vertex -4.188948e+01  3.119949e+01  1.421085e-14
   endloop
 endfacet
 facet normal -9.864799e-01  1.638824e-01 -2.336454e-15
   outer loop
     vertex -4.191387e+01  3.102283e+01  1.421085e-14
     vertex -4.194310e+01  3.084690e+01  1.200000e+01
     vertex -4.191387e+01  3.102283e+01  1.200000e+01
   endloop
 endfacet
 facet normal -9.864799e-01  1.638824e-01 -2.336454e-15
   outer loop
     vertex -4.194310e+01  3.084690e+01  1.421085e-14
     vertex -4.194310e+01  3.084690e+01  1.200000e+01
     vertex -4.191387e+01  3.102283e+01  1.421085e-14
   endloop
 endfacet
 facet normal -9.816126e-01  1.908838e-01 -2.325197e-15
   outer loop
     vertex -4.197714e+01  3.067184e+01  1.421085e-14
     vertex -4.194310e+01  3.084690e+01  1.200000e+01
     vertex -4.194310e+01  3.084690e+01  1.421085e-14
   endloop
 endfacet
 facet normal -9.816126e-01  1.908838e-01 -6.974777e-15
   outer loop
     vertex -4.197714e+01  3.067184e+01  1.421085e-14
     vertex -4.197714e+01  3.067184e+01  1.200000e+01
     vertex -4.194310e+01  3.084690e+01  1.200000e+01
   endloop
 endfacet
 facet normal -9.760065e-01  2.177416e-01 -6.934943e-15
   outer loop
     vertex -4.197714e+01  3.067184e+01  1.421085e-14
     vertex -4.201597e+01  3.049778e+01  1.200000e+01
     vertex -4.197714e+01  3.067184e+01  1.200000e+01
   endloop
 endfacet
 facet normal -9.760065e-01  2.177416e-01 -2.311648e-15
   outer loop
     vertex -4.201597e+01  3.049778e+01  1.421085e-14
     vertex -4.201597e+01  3.049778e+01  1.200000e+01
     vertex -4.197714e+01  3.067184e+01  1.421085e-14
   endloop
 endfacet
 facet normal -9.696656e-01  2.444354e-01 -6.889888e-15
   outer loop
     vertex -4.205956e+01  3.032486e+01  1.421085e-14
     vertex -4.205956e+01  3.032486e+01  1.200000e+01
     vertex -4.201597e+01  3.049778e+01  1.200000e+01
   endloop
 endfacet
 facet normal -9.625948e-01  2.709453e-01 -6.839647e-15
   outer loop
     vertex -4.205956e+01  3.032486e+01  1.421085e-14
     vertex -4.210788e+01  3.015319e+01  1.200000e+01
     vertex -4.205956e+01  3.032486e+01  1.200000e+01
   endloop
 endfacet
 facet normal -9.696656e-01  2.444354e-01 -2.296826e-15
   outer loop
     vertex -4.205956e+01  3.032486e+01  1.421085e-14
     vertex -4.201597e+01  3.049778e+01  1.200000e+01
     vertex -4.201597e+01  3.049778e+01  1.421085e-14
   endloop
 endfacet
 facet normal -9.625948e-01  2.709453e-01 -6.839647e-15
   outer loop
     vertex -4.210788e+01  3.015319e+01  1.421085e-14
     vertex -4.210788e+01  3.015319e+01  1.200000e+01
     vertex -4.205956e+01  3.032486e+01  1.421085e-14
   endloop
 endfacet
 facet normal -9.547993e-01  2.972512e-01 -6.784257e-15
   outer loop
     vertex -4.216089e+01  2.998291e+01  1.421085e-14
     vertex -4.216089e+01  2.998291e+01  1.200000e+01
     vertex -4.210788e+01  3.015319e+01  1.200000e+01
   endloop
 endfacet
 facet normal -9.547993e-01  2.972512e-01 -6.784695e-15
   outer loop
     vertex -4.216089e+01  2.998291e+01  1.421085e-14
     vertex -4.210788e+01  3.015319e+01  1.200000e+01
     vertex -4.210788e+01  3.015319e+01  1.421085e-14
   endloop
 endfacet
 facet normal -9.462851e-01  3.233333e-01 -2.241253e-15
   outer loop
     vertex -4.221856e+01  2.981415e+01  1.421085e-14
     vertex -4.221856e+01  2.981415e+01  1.200000e+01
     vertex -4.216089e+01  2.998291e+01  1.200000e+01
   endloop
 endfacet
 facet normal -9.370586e-01  3.491720e-01 -2.219401e-15
   outer loop
     vertex -4.221856e+01  2.981415e+01  1.421085e-14
     vertex -4.228083e+01  2.964704e+01  1.200000e+01
     vertex -4.221856e+01  2.981415e+01  1.200000e+01
   endloop
 endfacet
 facet normal -9.462851e-01  3.233333e-01 -6.723090e-15
   outer loop
     vertex -4.221856e+01  2.981415e+01  1.421085e-14
     vertex -4.216089e+01  2.998291e+01  1.200000e+01
     vertex -4.216089e+01  2.998291e+01  1.421085e-14
   endloop
 endfacet
 facet normal -9.370586e-01  3.491720e-01 -2.219401e-15
   outer loop
     vertex -4.228083e+01  2.964704e+01  1.421085e-14
     vertex -4.228083e+01  2.964704e+01  1.200000e+01
     vertex -4.221856e+01  2.981415e+01  1.421085e-14
   endloop
 endfacet
 facet normal -9.271267e-01  3.747479e-01 -2.195877e-15
   outer loop
     vertex -4.234766e+01  2.948170e+01  1.421085e-14
     vertex -4.234766e+01  2.948170e+01  1.200000e+01
     vertex -4.228083e+01  2.964704e+01  1.200000e+01
   endloop
 endfacet
 facet normal -9.271267e-01  3.747479e-01 -2.195907e-15
   outer loop
     vertex -4.234766e+01  2.948170e+01  1.421085e-14
     vertex -4.228083e+01  2.964704e+01  1.200000e+01
     vertex -4.228083e+01  2.964704e+01  1.421085e-14
   endloop
 endfacet
 facet normal -9.164969e-01  4.000417e-01 -2.170701e-15
   outer loop
     vertex -4.241900e+01  2.931825e+01  1.421085e-14
     vertex -4.241900e+01  2.931825e+01  1.200000e+01
     vertex -4.234766e+01  2.948170e+01  1.200000e+01
   endloop
 endfacet
 facet normal -9.051772e-01  4.250344e-01 -2.143890e-15
   outer loop
     vertex -4.241900e+01  2.931825e+01  1.421085e-14
     vertex -4.249480e+01  2.915682e+01  1.200000e+01
     vertex -4.241900e+01  2.931825e+01  1.200000e+01
   endloop
 endfacet
 facet normal -9.164969e-01  4.000417e-01 -2.170778e-15
   outer loop
     vertex -4.241900e+01  2.931825e+01  1.421085e-14
     vertex -4.234766e+01  2.948170e+01  1.200000e+01
     vertex -4.234766e+01  2.948170e+01  1.421085e-14
   endloop
 endfacet
 facet normal -8.931761e-01  4.497071e-01 -2.115466e-15
   outer loop
     vertex -4.249480e+01  2.915682e+01  1.421085e-14
     vertex -4.257500e+01  2.899754e+01  1.200000e+01
     vertex -4.249480e+01  2.915682e+01  1.200000e+01
   endloop
 endfacet
 facet normal -9.051772e-01  4.250344e-01 -2.143890e-15
   outer loop
     vertex -4.249480e+01  2.915682e+01  1.421085e-14
     vertex -4.249480e+01  2.915682e+01  1.200000e+01
     vertex -4.241900e+01  2.931825e+01  1.421085e-14
   endloop
 endfacet
 facet normal -8.931761e-01  4.497071e-01 -2.115466e-15
   outer loop
     vertex -4.257500e+01  2.899754e+01  1.421085e-14
     vertex -4.257500e+01  2.899754e+01  1.200000e+01
     vertex -4.249480e+01  2.915682e+01  1.421085e-14
   endloop
 endfacet
 facet normal -8.805026e-01  4.740412e-01 -6.256348e-15
   outer loop
     vertex -4.265954e+01  2.884051e+01  1.421085e-14
     vertex -4.265954e+01  2.884051e+01  1.200000e+01
     vertex -4.257500e+01  2.899754e+01  1.200000e+01
   endloop
 endfacet
 facet normal -8.805026e-01  4.740412e-01 -2.085666e-15
   outer loop
     vertex -4.265954e+01  2.884051e+01  1.421085e-14
     vertex -4.257500e+01  2.899754e+01  1.200000e+01
     vertex -4.257500e+01  2.899754e+01  1.421085e-14
   endloop
 endfacet
 facet normal -8.671664e-01  4.980186e-01 -2.053863e-15
   outer loop
     vertex -4.274836e+01  2.868586e+01  1.421085e-14
     vertex -4.274836e+01  2.868586e+01  1.200000e+01
     vertex -4.265954e+01  2.884051e+01  1.200000e+01
   endloop
 endfacet
 facet normal -8.531773e-01  5.216210e-01 -2.020730e-15
   outer loop
     vertex -4.274836e+01  2.868586e+01  1.421085e-14
     vertex -4.284138e+01  2.853371e+01  1.200000e+01
     vertex -4.274836e+01  2.868586e+01  1.200000e+01
   endloop
 endfacet
 facet normal -8.671664e-01  4.980186e-01 -6.161346e-15
   outer loop
     vertex -4.274836e+01  2.868586e+01  1.421085e-14
     vertex -4.265954e+01  2.884051e+01  1.200000e+01
     vertex -4.265954e+01  2.884051e+01  1.421085e-14
   endloop
 endfacet
 facet normal -8.531773e-01  5.216210e-01 -2.020730e-15
   outer loop
     vertex -4.284138e+01  2.853371e+01  1.421085e-14
     vertex -4.284138e+01  2.853371e+01  1.200000e+01
     vertex -4.274836e+01  2.868586e+01  1.421085e-14
   endloop
 endfacet
 facet normal -8.385460e-01  5.448308e-01 -1.985962e-15
   outer loop
     vertex -4.293855e+01  2.838416e+01  1.421085e-14
     vertex -4.284138e+01  2.853371e+01  1.200000e+01
     vertex -4.284138e+01  2.853371e+01  1.421085e-14
   endloop
 endfacet
 facet normal -8.385460e-01  5.448308e-01 -1.986076e-15
   outer loop
     vertex -4.293855e+01  2.838416e+01  1.421085e-14
     vertex -4.293855e+01  2.838416e+01  1.200000e+01
     vertex -4.284138e+01  2.853371e+01  1.200000e+01
   endloop
 endfacet
 facet normal -8.232835e-01  5.676304e-01 -1.949927e-15
   outer loop
     vertex -4.293855e+01  2.838416e+01  1.421085e-14
     vertex -4.303978e+01  2.823734e+01  1.200000e+01
     vertex -4.293855e+01  2.838416e+01  1.200000e+01
   endloop
 endfacet
 facet normal -8.232835e-01  5.676304e-01 -5.849781e-15
   outer loop
     vertex -4.303978e+01  2.823734e+01  1.421085e-14
     vertex -4.303978e+01  2.823734e+01  1.200000e+01
     vertex -4.293855e+01  2.838416e+01  1.421085e-14
   endloop
 endfacet
 facet normal -8.074012e-01  5.900028e-01 -5.736931e-15
   outer loop
     vertex -4.303978e+01  2.823734e+01  1.421085e-14
     vertex -4.314500e+01  2.809335e+01  1.200000e+01
     vertex -4.303978e+01  2.823734e+01  1.200000e+01
   endloop
 endfacet
 facet normal -8.074012e-01  5.900028e-01 -5.736931e-15
   outer loop
     vertex -4.314500e+01  2.809335e+01  1.421085e-14
     vertex -4.314500e+01  2.809335e+01  1.200000e+01
     vertex -4.303978e+01  2.823734e+01  1.421085e-14
   endloop
 endfacet
 facet normal -7.909112e-01  6.119310e-01 -5.619868e-15
   outer loop
     vertex -4.325413e+01  2.795230e+01  1.421085e-14
     vertex -4.314500e+01  2.809335e+01  1.200000e+01
     vertex -4.314500e+01  2.809335e+01  1.421085e-14
   endloop
 endfacet
 facet normal -7.909112e-01  6.119310e-01 -1.873254e-15
   outer loop
     vertex -4.325413e+01  2.795230e+01  1.421085e-14
     vertex -4.325413e+01  2.795230e+01  1.200000e+01
     vertex -4.314500e+01  2.809335e+01  1.200000e+01
   endloop
 endfacet
 facet normal -7.738257e-01  6.333986e-01 -1.832787e-15
   outer loop
     vertex -4.325413e+01  2.795230e+01  1.421085e-14
     vertex -4.336709e+01  2.781430e+01  1.200000e+01
     vertex -4.325413e+01  2.795230e+01  1.200000e+01
   endloop
 endfacet
 facet normal -7.738257e-01  6.333986e-01 -5.498362e-15
   outer loop
     vertex -4.336709e+01  2.781430e+01  1.421085e-14
     vertex -4.336709e+01  2.781430e+01  1.200000e+01
     vertex -4.325413e+01  2.795230e+01  1.421085e-14
   endloop
 endfacet
 facet normal -7.561578e-01  6.543893e-01 -5.372636e-15
   outer loop
     vertex -4.348379e+01  2.767944e+01  1.421085e-14
     vertex -4.336709e+01  2.781430e+01  1.200000e+01
     vertex -4.336709e+01  2.781430e+01  1.421085e-14
   endloop
 endfacet
 facet normal -7.561578e-01  6.543893e-01 -1.790941e-15
   outer loop
     vertex -4.348379e+01  2.767944e+01  1.421085e-14
     vertex -4.348379e+01  2.767944e+01  1.200000e+01
     vertex -4.336709e+01  2.781430e+01  1.200000e+01
   endloop
 endfacet
 facet normal -7.379206e-01  6.748875e-01 -1.747747e-15
   outer loop
     vertex -4.348379e+01  2.767944e+01  1.421085e-14
     vertex -4.360415e+01  2.754784e+01  1.200000e+01
     vertex -4.348379e+01  2.767944e+01  1.200000e+01
   endloop
 endfacet
 facet normal -7.379206e-01  6.748875e-01 -5.243241e-15
   outer loop
     vertex -4.360415e+01  2.754784e+01  1.421085e-14
     vertex -4.360415e+01  2.754784e+01  1.200000e+01
     vertex -4.348379e+01  2.767944e+01  1.421085e-14
   endloop
 endfacet
 facet normal -7.191280e-01  6.948776e-01 -5.109712e-15
   outer loop
     vertex -4.360415e+01  2.754784e+01  1.421085e-14
     vertex -4.372807e+01  2.741960e+01  1.200000e+01
     vertex -4.360415e+01  2.754784e+01  1.200000e+01
   endloop
 endfacet
 facet normal -7.191280e-01  6.948776e-01 -1.703237e-15
   outer loop
     vertex -4.372807e+01  2.741960e+01  1.421085e-14
     vertex -4.372807e+01  2.741960e+01  1.200000e+01
     vertex -4.360415e+01  2.754784e+01  1.421085e-14
   endloop
 endfacet
 facet normal -6.997940e-01  7.143447e-01 -1.657445e-15
   outer loop
     vertex -4.372807e+01  2.741960e+01  1.421085e-14
     vertex -4.385546e+01  2.729480e+01  1.200000e+01
     vertex -4.372807e+01  2.741960e+01  1.200000e+01
   endloop
 endfacet
 facet normal -6.997940e-01  7.143447e-01 -1.657445e-15
   outer loop
     vertex -4.385546e+01  2.729480e+01  1.421085e-14
     vertex -4.385546e+01  2.729480e+01  1.200000e+01
     vertex -4.372807e+01  2.741960e+01  1.421085e-14
   endloop
 endfacet
 facet normal -6.799333e-01  7.332740e-01 -1.609845e-15
   outer loop
     vertex -4.398624e+01  2.717354e+01  1.421085e-14
     vertex -4.385546e+01  2.729480e+01  1.200000e+01
     vertex -4.385546e+01  2.729480e+01  1.421085e-14
   endloop
 endfacet
 facet normal -6.799333e-01  7.332740e-01 -4.831216e-15
   outer loop
     vertex -4.398624e+01  2.717354e+01  1.421085e-14
     vertex -4.398624e+01  2.717354e+01  1.200000e+01
     vertex -4.385546e+01  2.729480e+01  1.200000e+01
   endloop
 endfacet
 facet normal -6.595607e-01  7.516513e-01 -4.686871e-15
   outer loop
     vertex -4.412028e+01  2.705591e+01  1.421085e-14
     vertex -4.398624e+01  2.717354e+01  1.200000e+01
     vertex -4.398624e+01  2.717354e+01  1.421085e-14
   endloop
 endfacet
 facet normal -6.595607e-01  7.516513e-01 -1.562153e-15
   outer loop
     vertex -4.412028e+01  2.705591e+01  1.421085e-14
     vertex -4.412028e+01  2.705591e+01  1.200000e+01
     vertex -4.398624e+01  2.717354e+01  1.200000e+01
   endloop
 endfacet
 facet normal -6.386916e-01  7.694628e-01 -1.512726e-15
   outer loop
     vertex -4.412028e+01  2.705591e+01  1.421085e-14
     vertex -4.425751e+01  2.694201e+01  1.200000e+01
     vertex -4.412028e+01  2.705591e+01  1.200000e+01
   endloop
 endfacet
 facet normal -6.386916e-01  7.694628e-01 -4.538177e-15
   outer loop
     vertex -4.425751e+01  2.694201e+01  1.421085e-14
     vertex -4.425751e+01  2.694201e+01  1.200000e+01
     vertex -4.412028e+01  2.705591e+01  1.421085e-14
   endloop
 endfacet
 facet normal -6.173417e-01  7.866951e-01 -4.386139e-15
   outer loop
     vertex -4.439781e+01  2.683192e+01  1.421085e-14
     vertex -4.425751e+01  2.694201e+01  1.200000e+01
     vertex -4.425751e+01  2.694201e+01  1.421085e-14
   endloop
 endfacet
 facet normal -6.173417e-01  7.866951e-01 -1.462159e-15
   outer loop
     vertex -4.439781e+01  2.683192e+01  1.421085e-14
     vertex -4.439781e+01  2.683192e+01  1.200000e+01
     vertex -4.425751e+01  2.694201e+01  1.200000e+01
   endloop
 endfacet
 facet normal -5.955271e-01  8.033352e-01 -1.410492e-15
   outer loop
     vertex -4.439781e+01  2.683192e+01  1.421085e-14
     vertex -4.454107e+01  2.672571e+01  1.200000e+01
     vertex -4.439781e+01  2.683192e+01  1.200000e+01
   endloop
 endfacet
 facet normal -5.955271e-01  8.033352e-01 -1.410492e-15
   outer loop
     vertex -4.454107e+01  2.672571e+01  1.421085e-14
     vertex -4.454107e+01  2.672571e+01  1.200000e+01
     vertex -4.439781e+01  2.683192e+01  1.421085e-14
   endloop
 endfacet
 facet normal -5.732642e-01  8.193706e-01 -1.357762e-15
   outer loop
     vertex -4.454107e+01  2.672571e+01  1.421085e-14
     vertex -4.468720e+01  2.662348e+01  1.200000e+01
     vertex -4.454107e+01  2.672571e+01  1.200000e+01
   endloop
 endfacet
 facet normal -5.732642e-01  8.193706e-01 -1.357762e-15
   outer loop
     vertex -4.468720e+01  2.662348e+01  1.421085e-14
     vertex -4.468720e+01  2.662348e+01  1.200000e+01
     vertex -4.454107e+01  2.672571e+01  1.421085e-14
   endloop
 endfacet
 facet normal -5.505698e-01  8.347891e-01 -1.304011e-15
   outer loop
     vertex -4.468720e+01  2.662348e+01  1.421085e-14
     vertex -4.483607e+01  2.652529e+01  1.200000e+01
     vertex -4.468720e+01  2.662348e+01  1.200000e+01
   endloop
 endfacet
 facet normal -5.505698e-01  8.347891e-01 -1.304011e-15
   outer loop
     vertex -4.483607e+01  2.652529e+01  1.421085e-14
     vertex -4.483607e+01  2.652529e+01  1.200000e+01
     vertex -4.468720e+01  2.662348e+01  1.421085e-14
   endloop
 endfacet
 facet normal -5.274609e-01  8.495793e-01 -1.249130e-15
   outer loop
     vertex -4.498758e+01  2.643122e+01  1.421085e-14
     vertex -4.483607e+01  2.652529e+01  1.200000e+01
     vertex -4.483607e+01  2.652529e+01  1.421085e-14
   endloop
 endfacet
 facet normal -5.274609e-01  8.495793e-01 -1.249278e-15
   outer loop
     vertex -4.498758e+01  2.643122e+01  1.421085e-14
     vertex -4.498758e+01  2.643122e+01  1.200000e+01
     vertex -4.483607e+01  2.652529e+01  1.200000e+01
   endloop
 endfacet
 facet normal -5.039550e-01  8.637299e-01 -1.193605e-15
   outer loop
     vertex -4.498758e+01  2.643122e+01  1.421085e-14
     vertex -4.514162e+01  2.634135e+01  1.200000e+01
     vertex -4.498758e+01  2.643122e+01  1.200000e+01
   endloop
 endfacet
 facet normal -5.039550e-01  8.637299e-01 -3.580816e-15
   outer loop
     vertex -4.514162e+01  2.634135e+01  1.421085e-14
     vertex -4.514162e+01  2.634135e+01  1.200000e+01
     vertex -4.498758e+01  2.643122e+01  1.421085e-14
   endloop
 endfacet
 facet normal -4.800697e-01  8.772303e-01 -3.411802e-15
   outer loop
     vertex -4.529806e+01  2.625573e+01  1.421085e-14
     vertex -4.514162e+01  2.634135e+01  1.200000e+01
     vertex -4.514162e+01  2.634135e+01  1.421085e-14
   endloop
 endfacet
 facet normal -4.800697e-01  8.772303e-01 -3.411101e-15
   outer loop
     vertex -4.529806e+01  2.625573e+01  1.421085e-14
     vertex -4.529806e+01  2.625573e+01  1.200000e+01
     vertex -4.514162e+01  2.634135e+01  1.200000e+01
   endloop
 endfacet
 facet normal -4.558231e-01  8.900704e-01 -3.238818e-15
   outer loop
     vertex -4.529806e+01  2.625573e+01  1.421085e-14
     vertex -4.545680e+01  2.617444e+01  1.200000e+01
     vertex -4.529806e+01  2.625573e+01  1.200000e+01
   endloop
 endfacet
 facet normal -4.558231e-01  8.900704e-01 -3.238818e-15
   outer loop
     vertex -4.545680e+01  2.617444e+01  1.421085e-14
     vertex -4.545680e+01  2.617444e+01  1.200000e+01
     vertex -4.529806e+01  2.625573e+01  1.421085e-14
   endloop
 endfacet
 facet normal -4.312333e-01  9.022405e-01 -3.064056e-15
   outer loop
     vertex -4.561770e+01  2.609754e+01  1.421085e-14
     vertex -4.545680e+01  2.617444e+01  1.200000e+01
     vertex -4.545680e+01  2.617444e+01  1.421085e-14
   endloop
 endfacet
 facet normal -4.312333e-01  9.022405e-01 -1.021366e-15
   outer loop
     vertex -4.561770e+01  2.609754e+01  1.421085e-14
     vertex -4.561770e+01  2.609754e+01  1.200000e+01
     vertex -4.545680e+01  2.617444e+01  1.200000e+01
   endloop
 endfacet
 facet normal -4.063188e-01  9.137314e-01 -9.629890e-16
   outer loop
     vertex -4.578065e+01  2.602507e+01  1.421085e-14
     vertex -4.561770e+01  2.609754e+01  1.200000e+01
     vertex -4.561770e+01  2.609754e+01  1.421085e-14
   endloop
 endfacet
 facet normal -4.063188e-01  9.137314e-01 -2.887069e-15
   outer loop
     vertex -4.578065e+01  2.602507e+01  1.421085e-14
     vertex -4.578065e+01  2.602507e+01  1.200000e+01
     vertex -4.561770e+01  2.609754e+01  1.200000e+01
   endloop
 endfacet
 facet normal -3.810986e-01  9.245344e-01 -2.707868e-15
   outer loop
     vertex -4.578065e+01  2.602507e+01  1.421085e-14
     vertex -4.594553e+01  2.595711e+01  1.200000e+01
     vertex -4.578065e+01  2.602507e+01  1.200000e+01
   endloop
 endfacet
 facet normal -3.810986e-01  9.245344e-01 -9.026227e-16
   outer loop
     vertex -4.594553e+01  2.595711e+01  1.421085e-14
     vertex -4.594553e+01  2.595711e+01  1.200000e+01
     vertex -4.578065e+01  2.602507e+01  1.421085e-14
   endloop
 endfacet
 facet normal -3.555914e-01  9.346415e-01 -2.526629e-15
   outer loop
     vertex -4.611221e+01  2.589369e+01  1.421085e-14
     vertex -4.611221e+01  2.589369e+01  1.200000e+01
     vertex -4.594553e+01  2.595711e+01  1.200000e+01
   endloop
 endfacet
 facet normal -3.555914e-01  9.346415e-01 -8.422101e-16
   outer loop
     vertex -4.611221e+01  2.589369e+01  1.421085e-14
     vertex -4.594553e+01  2.595711e+01  1.200000e+01
     vertex -4.594553e+01  2.595711e+01  1.421085e-14
   endloop
 endfacet
 facet normal -3.298166e-01  9.440450e-01 -7.811625e-16
   outer loop
     vertex -4.628057e+01  2.583488e+01  1.421085e-14
     vertex -4.628057e+01  2.583488e+01  1.200000e+01
     vertex -4.611221e+01  2.589369e+01  1.200000e+01
   endloop
 endfacet
 facet normal -3.037934e-01  9.527379e-01 -7.195274e-16
   outer loop
     vertex -4.628057e+01  2.583488e+01  1.421085e-14
     vertex -4.645048e+01  2.578070e+01  1.200000e+01
     vertex -4.628057e+01  2.583488e+01  1.200000e+01
   endloop
 endfacet
 facet normal -3.298166e-01  9.440450e-01 -2.343435e-15
   outer loop
     vertex -4.628057e+01  2.583488e+01  1.421085e-14
     vertex -4.611221e+01  2.589369e+01  1.200000e+01
     vertex -4.611221e+01  2.589369e+01  1.421085e-14
   endloop
 endfacet
 facet normal -2.775416e-01  9.607136e-01 -6.573507e-16
   outer loop
     vertex -4.645048e+01  2.578070e+01  1.421085e-14
     vertex -4.662181e+01  2.573120e+01  1.200000e+01
     vertex -4.645048e+01  2.578070e+01  1.200000e+01
   endloop
 endfacet
 facet normal -3.037934e-01  9.527379e-01 -7.195274e-16
   outer loop
     vertex -4.645048e+01  2.578070e+01  1.421085e-14
     vertex -4.645048e+01  2.578070e+01  1.200000e+01
     vertex -4.628057e+01  2.583488e+01  1.421085e-14
   endloop
 endfacet
 facet normal -2.775416e-01  9.607136e-01 -6.573507e-16
   outer loop
     vertex -4.662181e+01  2.573120e+01  1.421085e-14
     vertex -4.662181e+01  2.573120e+01  1.200000e+01
     vertex -4.645048e+01  2.578070e+01  1.421085e-14
   endloop
 endfacet
 facet normal -2.510809e-01  9.679661e-01 -5.945728e-16
   outer loop
     vertex -4.679444e+01  2.568642e+01  1.421085e-14
     vertex -4.662181e+01  2.573120e+01  1.200000e+01
     vertex -4.662181e+01  2.573120e+01  1.421085e-14
   endloop
 endfacet
 facet normal -2.510809e-01  9.679661e-01 -5.946791e-16
   outer loop
     vertex -4.679444e+01  2.568642e+01  1.421085e-14
     vertex -4.679444e+01  2.568642e+01  1.200000e+01
     vertex -4.662181e+01  2.573120e+01  1.200000e+01
   endloop
 endfacet
 facet normal -2.244312e-01  9.744899e-01 -5.315598e-16
   outer loop
     vertex -4.679444e+01  2.568642e+01  1.421085e-14
     vertex -4.696823e+01  2.564640e+01  1.200000e+01
     vertex -4.679444e+01  2.568642e+01  1.200000e+01
   endloop
 endfacet
 facet normal -2.244312e-01  9.744899e-01 -1.594680e-15
   outer loop
     vertex -4.696823e+01  2.564640e+01  1.421085e-14
     vertex -4.696823e+01  2.564640e+01  1.200000e+01
     vertex -4.679444e+01  2.568642e+01  1.421085e-14
   endloop
 endfacet
 facet normal -1.976125e-01  9.802802e-01 -1.404359e-15
   outer loop
     vertex -4.714305e+01  2.561116e+01  1.421085e-14
     vertex -4.696823e+01  2.564640e+01  1.200000e+01
     vertex -4.696823e+01  2.564640e+01  1.421085e-14
   endloop
 endfacet
 facet normal -1.976125e-01  9.802802e-01 -4.680405e-16
   outer loop
     vertex -4.714305e+01  2.561116e+01  1.421085e-14
     vertex -4.714305e+01  2.561116e+01  1.200000e+01
     vertex -4.696823e+01  2.564640e+01  1.200000e+01
   endloop
 endfacet
 facet normal -1.706451e-01  9.853326e-01 -4.041687e-16
   outer loop
     vertex -4.714305e+01  2.561116e+01  1.421085e-14
     vertex -4.731877e+01  2.558072e+01  1.200000e+01
     vertex -4.714305e+01  2.561116e+01  1.200000e+01
   endloop
 endfacet
 facet normal -1.706451e-01  9.853326e-01 -4.041687e-16
   outer loop
     vertex -4.731877e+01  2.558072e+01  1.421085e-14
     vertex -4.731877e+01  2.558072e+01  1.200000e+01
     vertex -4.714305e+01  2.561116e+01  1.421085e-14
   endloop
 endfacet
 facet normal -1.435492e-01  9.896432e-01 -3.399928e-16
   outer loop
     vertex -4.731877e+01  2.558072e+01  1.421085e-14
     vertex -4.749526e+01  2.555512e+01  1.200000e+01
     vertex -4.731877e+01  2.558072e+01  1.200000e+01
   endloop
 endfacet
 facet normal -1.435492e-01  9.896432e-01 -1.019978e-15
   outer loop
     vertex -4.749526e+01  2.555512e+01  1.421085e-14
     vertex -4.749526e+01  2.555512e+01  1.200000e+01
     vertex -4.731877e+01  2.558072e+01  1.421085e-14
   endloop
 endfacet
 facet normal -1.163452e-01  9.932088e-01 -8.266827e-16
   outer loop
     vertex -4.749526e+01  2.555512e+01  1.421085e-14
     vertex -4.767239e+01  2.553438e+01  1.200000e+01
     vertex -4.749526e+01  2.555512e+01  1.200000e+01
   endloop
 endfacet
 facet normal -1.163452e-01  9.932088e-01 -2.755609e-16
   outer loop
     vertex -4.767239e+01  2.553438e+01  1.421085e-14
     vertex -4.767239e+01  2.553438e+01  1.200000e+01
     vertex -4.749526e+01  2.555512e+01  1.421085e-14
   endloop
 endfacet
 facet normal -8.905371e-02  9.960268e-01 -2.109578e-16
   outer loop
     vertex -4.785002e+01  2.551849e+01  1.421085e-14
     vertex -4.767239e+01  2.553438e+01  1.200000e+01
     vertex -4.767239e+01  2.553438e+01  1.421085e-14
   endloop
 endfacet
 facet normal -8.905371e-02  9.960268e-01 -6.327647e-16
   outer loop
     vertex -4.785002e+01  2.551849e+01  1.421085e-14
     vertex -4.785002e+01  2.551849e+01  1.200000e+01
     vertex -4.767239e+01  2.553438e+01  1.200000e+01
   endloop
 endfacet
 facet normal -6.169515e-02  9.980950e-01 -4.383704e-16
   outer loop
     vertex -4.785002e+01  2.551849e+01  1.421085e-14
     vertex -4.802802e+01  2.550749e+01  1.200000e+01
     vertex -4.785002e+01  2.551849e+01  1.200000e+01
   endloop
 endfacet
 facet normal -6.169515e-02  9.980950e-01 -1.461235e-16
   outer loop
     vertex -4.802802e+01  2.550749e+01  1.421085e-14
     vertex -4.802802e+01  2.550749e+01  1.200000e+01
     vertex -4.785002e+01  2.551849e+01  1.421085e-14
   endloop
 endfacet
 facet normal -3.429014e-02  9.994119e-01 -8.126233e-17
   outer loop
     vertex -4.820625e+01  2.550138e+01  1.421085e-14
     vertex -4.802802e+01  2.550749e+01  1.200000e+01
     vertex -4.802802e+01  2.550749e+01  1.421085e-14
   endloop
 endfacet
 facet normal -3.429014e-02  9.994119e-01 -2.436461e-16
   outer loop
     vertex -4.820625e+01  2.550138e+01  1.421085e-14
     vertex -4.820625e+01  2.550138e+01  1.200000e+01
     vertex -4.802802e+01  2.550749e+01  1.200000e+01
   endloop
 endfacet
 facet normal -6.859319e-03  9.999765e-01 -4.873839e-17
   outer loop
     vertex -4.820625e+01  2.550138e+01  1.421085e-14
     vertex -4.838459e+01  2.550015e+01  1.200000e+01
     vertex -4.820625e+01  2.550138e+01  1.200000e+01
   endloop
 endfacet
 facet normal -6.859319e-03  9.999765e-01 -4.873839e-17
   outer loop
     vertex -4.838459e+01  2.550015e+01  1.421085e-14
     vertex -4.838459e+01  2.550015e+01  1.200000e+01
     vertex -4.820625e+01  2.550138e+01  1.421085e-14
   endloop
 endfacet
 facet normal  4.799716e-02  9.988475e-01  3.410403e-16
   outer loop
     vertex -4.856289e+01  2.550382e+01  1.421085e-14
     vertex -4.874102e+01  2.551238e+01  1.200000e+01
     vertex -4.856289e+01  2.550382e+01  1.200000e+01
   endloop
 endfacet
 facet normal  2.057667e-02  9.997883e-01  1.462114e-16
   outer loop
     vertex -4.856289e+01  2.550382e+01  1.421085e-14
     vertex -4.838459e+01  2.550015e+01  1.200000e+01
     vertex -4.838459e+01  2.550015e+01  1.421085e-14
   endloop
 endfacet
 facet normal  2.057667e-02  9.997883e-01  1.462060e-16
   outer loop
     vertex -4.856289e+01  2.550382e+01  1.421085e-14
     vertex -4.856289e+01  2.550382e+01  1.200000e+01
     vertex -4.838459e+01  2.550015e+01  1.200000e+01
   endloop
 endfacet
 facet normal  4.799716e-02  9.988475e-01  3.410403e-16
   outer loop
     vertex -4.874102e+01  2.551238e+01  1.421085e-14
     vertex -4.874102e+01  2.551238e+01  1.200000e+01
     vertex -4.856289e+01  2.550382e+01  1.421085e-14
   endloop
 endfacet
 facet normal  7.538152e-02  9.971548e-01  5.356179e-16
   outer loop
     vertex -4.891885e+01  2.552583e+01  1.421085e-14
     vertex -4.891885e+01  2.552583e+01  1.200000e+01
     vertex -4.874102e+01  2.551238e+01  1.200000e+01
   endloop
 endfacet
 facet normal  7.538152e-02  9.971548e-01  5.356018e-16
   outer loop
     vertex -4.891885e+01  2.552583e+01  1.421085e-14
     vertex -4.874102e+01  2.551238e+01  1.200000e+01
     vertex -4.874102e+01  2.551238e+01  1.421085e-14
   endloop
 endfacet
 facet normal  1.027091e-01  9.947114e-01  2.432641e-16
   outer loop
     vertex -4.909624e+01  2.554414e+01  1.421085e-14
     vertex -4.909624e+01  2.554414e+01  1.200000e+01
     vertex -4.891885e+01  2.552583e+01  1.200000e+01
   endloop
 endfacet
 facet normal  1.027091e-01  9.947114e-01  7.297398e-16
   outer loop
     vertex -4.909624e+01  2.554414e+01  1.421085e-14
     vertex -4.891885e+01  2.552583e+01  1.200000e+01
     vertex -4.891885e+01  2.552583e+01  1.421085e-14
   endloop
 endfacet
 facet normal  1.299594e-01  9.915193e-01  9.234174e-16
   outer loop
     vertex -4.927307e+01  2.556732e+01  1.421085e-14
     vertex -4.927307e+01  2.556732e+01  1.200000e+01
     vertex -4.909624e+01  2.554414e+01  1.200000e+01
   endloop
 endfacet
 facet normal  1.299594e-01  9.915193e-01  3.076215e-16
   outer loop
     vertex -4.927307e+01  2.556732e+01  1.421085e-14
     vertex -4.909624e+01  2.554414e+01  1.200000e+01
     vertex -4.909624e+01  2.554414e+01  1.421085e-14
   endloop
 endfacet
 facet normal  1.571119e-01  9.875808e-01  1.116347e-15
   outer loop
     vertex -4.944919e+01  2.559534e+01  1.421085e-14
     vertex -4.944919e+01  2.559534e+01  1.200000e+01
     vertex -4.927307e+01  2.556732e+01  1.200000e+01
   endloop
 endfacet
 facet normal  1.841461e-01  9.828989e-01  1.308437e-15
   outer loop
     vertex -4.944919e+01  2.559534e+01  1.421085e-14
     vertex -4.962448e+01  2.562818e+01  1.200000e+01
     vertex -4.944919e+01  2.559534e+01  1.200000e+01
   endloop
 endfacet
 facet normal  1.571119e-01  9.875808e-01  1.116192e-15
   outer loop
     vertex -4.944919e+01  2.559534e+01  1.421085e-14
     vertex -4.927307e+01  2.556732e+01  1.200000e+01
     vertex -4.927307e+01  2.556732e+01  1.421085e-14
   endloop
 endfacet
 facet normal  2.110417e-01  9.774771e-01  4.998472e-16
   outer loop
     vertex -4.962448e+01  2.562818e+01  1.421085e-14
     vertex -4.979880e+01  2.566582e+01  1.200000e+01
     vertex -4.962448e+01  2.562818e+01  1.200000e+01
   endloop
 endfacet
 facet normal  1.841461e-01  9.828989e-01  4.361456e-16
   outer loop
     vertex -4.962448e+01  2.562818e+01  1.421085e-14
     vertex -4.962448e+01  2.562818e+01  1.200000e+01
     vertex -4.944919e+01  2.559534e+01  1.421085e-14
   endloop
 endfacet
 facet normal  2.377784e-01  9.713194e-01  1.689517e-15
   outer loop
     vertex -4.979880e+01  2.566582e+01  1.421085e-14
     vertex -4.997203e+01  2.570822e+01  1.200000e+01
     vertex -4.979880e+01  2.566582e+01  1.200000e+01
   endloop
 endfacet
 facet normal  2.110417e-01  9.774771e-01  1.499542e-15
   outer loop
     vertex -4.979880e+01  2.566582e+01  1.421085e-14
     vertex -4.979880e+01  2.566582e+01  1.200000e+01
     vertex -4.962448e+01  2.562818e+01  1.421085e-14
   endloop
 endfacet
 facet normal  2.643362e-01  9.644306e-01  1.878221e-15
   outer loop
     vertex -4.997203e+01  2.570822e+01  1.421085e-14
     vertex -5.014402e+01  2.575536e+01  1.200000e+01
     vertex -4.997203e+01  2.570822e+01  1.200000e+01
   endloop
 endfacet
 facet normal  2.377784e-01  9.713194e-01  1.689517e-15
   outer loop
     vertex -4.997203e+01  2.570822e+01  1.421085e-14
     vertex -4.997203e+01  2.570822e+01  1.200000e+01
     vertex -4.979880e+01  2.566582e+01  1.421085e-14
   endloop
 endfacet
 facet normal  2.643362e-01  9.644306e-01  6.260738e-16
   outer loop
     vertex -5.014402e+01  2.575536e+01  1.421085e-14
     vertex -5.014402e+01  2.575536e+01  1.200000e+01
     vertex -4.997203e+01  2.570822e+01  1.421085e-14
   endloop
 endfacet
 facet normal  2.906949e-01  9.568158e-01  6.885038e-16
   outer loop
     vertex -5.031466e+01  2.580720e+01  1.421085e-14
     vertex -5.031466e+01  2.580720e+01  1.200000e+01
     vertex -5.014402e+01  2.575536e+01  1.200000e+01
   endloop
 endfacet
 facet normal  2.906949e-01  9.568158e-01  6.890073e-16
   outer loop
     vertex -5.031466e+01  2.580720e+01  1.421085e-14
     vertex -5.014402e+01  2.575536e+01  1.200000e+01
     vertex -5.014402e+01  2.575536e+01  1.421085e-14
   endloop
 endfacet
 facet normal  3.168348e-01  9.484807e-01  7.504156e-16
   outer loop
     vertex -5.048381e+01  2.586371e+01  1.421085e-14
     vertex -5.048381e+01  2.586371e+01  1.200000e+01
     vertex -5.031466e+01  2.580720e+01  1.200000e+01
   endloop
 endfacet
 facet normal  3.427362e-01  9.394317e-01  8.117625e-16
   outer loop
     vertex -5.048381e+01  2.586371e+01  1.421085e-14
     vertex -5.065134e+01  2.592483e+01  1.200000e+01
     vertex -5.048381e+01  2.586371e+01  1.200000e+01
   endloop
 endfacet
 facet normal  3.168348e-01  9.484807e-01  7.498020e-16
   outer loop
     vertex -5.048381e+01  2.586371e+01  1.421085e-14
     vertex -5.031466e+01  2.580720e+01  1.200000e+01
     vertex -5.031466e+01  2.580720e+01  1.421085e-14
   endloop
 endfacet
 facet normal  3.427362e-01  9.394317e-01  8.117625e-16
   outer loop
     vertex -5.065134e+01  2.592483e+01  1.421085e-14
     vertex -5.065134e+01  2.592483e+01  1.200000e+01
     vertex -5.048381e+01  2.586371e+01  1.421085e-14
   endloop
 endfacet
 facet normal  3.683796e-01  9.296754e-01  8.724983e-16
   outer loop
     vertex -5.081714e+01  2.599053e+01  1.421085e-14
     vertex -5.081714e+01  2.599053e+01  1.200000e+01
     vertex -5.065134e+01  2.592483e+01  1.200000e+01
   endloop
 endfacet
 facet normal  3.683796e-01  9.296754e-01  8.722022e-16
   outer loop
     vertex -5.081714e+01  2.599053e+01  1.421085e-14
     vertex -5.065134e+01  2.592483e+01  1.200000e+01
     vertex -5.065134e+01  2.592483e+01  1.421085e-14
   endloop
 endfacet
 facet normal  3.937458e-01  9.192194e-01  9.329969e-16
   outer loop
     vertex -5.098107e+01  2.606075e+01  1.421085e-14
     vertex -5.081714e+01  2.599053e+01  1.200000e+01
     vertex -5.081714e+01  2.599053e+01  1.421085e-14
   endloop
 endfacet
 facet normal  3.937458e-01  9.192194e-01  9.325773e-16
   outer loop
     vertex -5.098107e+01  2.606075e+01  1.421085e-14
     vertex -5.098107e+01  2.606075e+01  1.200000e+01
     vertex -5.081714e+01  2.599053e+01  1.200000e+01
   endloop
 endfacet
 facet normal  4.188155e-01  9.080714e-01  9.919543e-16
   outer loop
     vertex -5.098107e+01  2.606075e+01  1.421085e-14
     vertex -5.114302e+01  2.613544e+01  1.200000e+01
     vertex -5.098107e+01  2.606075e+01  1.200000e+01
   endloop
 endfacet
 facet normal  4.188155e-01  9.080714e-01  9.919543e-16
   outer loop
     vertex -5.114302e+01  2.613544e+01  1.421085e-14
     vertex -5.114302e+01  2.613544e+01  1.200000e+01
     vertex -5.098107e+01  2.606075e+01  1.421085e-14
   endloop
 endfacet
 facet normal  4.435699e-01  8.962398e-01  3.151754e-15
   outer loop
     vertex -5.130285e+01  2.621454e+01  1.421085e-14
     vertex -5.130285e+01  2.621454e+01  1.200000e+01
     vertex -5.114302e+01  2.613544e+01  1.200000e+01
   endloop
 endfacet
 facet normal  4.679904e-01  8.837335e-01  3.325272e-15
   outer loop
     vertex -5.130285e+01  2.621454e+01  1.421085e-14
     vertex -5.146045e+01  2.629800e+01  1.200000e+01
     vertex -5.130285e+01  2.621454e+01  1.200000e+01
   endloop
 endfacet
 facet normal  4.435699e-01  8.962398e-01  1.050533e-15
   outer loop
     vertex -5.130285e+01  2.621454e+01  1.421085e-14
     vertex -5.114302e+01  2.613544e+01  1.200000e+01
     vertex -5.114302e+01  2.613544e+01  1.421085e-14
   endloop
 endfacet
 facet normal  4.679904e-01  8.837335e-01  1.108424e-15
   outer loop
     vertex -5.146045e+01  2.629800e+01  1.421085e-14
     vertex -5.146045e+01  2.629800e+01  1.200000e+01
     vertex -5.130285e+01  2.621454e+01  1.421085e-14
   endloop
 endfacet
 facet normal  4.920587e-01  8.705620e-01  1.165429e-15
   outer loop
     vertex -5.146045e+01  2.629800e+01  1.421085e-14
     vertex -5.161571e+01  2.638576e+01  1.200000e+01
     vertex -5.146045e+01  2.629800e+01  1.200000e+01
   endloop
 endfacet
 facet normal  4.920587e-01  8.705620e-01  3.496287e-15
   outer loop
     vertex -5.161571e+01  2.638576e+01  1.421085e-14
     vertex -5.161571e+01  2.638576e+01  1.200000e+01
     vertex -5.146045e+01  2.629800e+01  1.421085e-14
   endloop
 endfacet
 facet normal  5.157565e-01  8.567352e-01  3.664670e-15
   outer loop
     vertex -5.161571e+01  2.638576e+01  1.421085e-14
     vertex -5.176850e+01  2.647773e+01  1.200000e+01
     vertex -5.161571e+01  2.638576e+01  1.200000e+01
   endloop
 endfacet
 facet normal  5.157565e-01  8.567352e-01  3.664670e-15
   outer loop
     vertex -5.176850e+01  2.647773e+01  1.421085e-14
     vertex -5.176850e+01  2.647773e+01  1.200000e+01
     vertex -5.161571e+01  2.638576e+01  1.421085e-14
   endloop
 endfacet
 facet normal  5.390661e-01  8.422635e-01  3.830295e-15
   outer loop
     vertex -5.191870e+01  2.657387e+01  1.421085e-14
     vertex -5.191870e+01  2.657387e+01  1.200000e+01
     vertex -5.176850e+01  2.647773e+01  1.200000e+01
   endloop
 endfacet
 facet normal  5.390661e-01  8.422635e-01  3.830070e-15
   outer loop
     vertex -5.191870e+01  2.657387e+01  1.421085e-14
     vertex -5.176850e+01  2.647773e+01  1.200000e+01
     vertex -5.176850e+01  2.647773e+01  1.421085e-14
   endloop
 endfacet
 facet normal  5.619699e-01  8.271577e-01  3.993036e-15
   outer loop
     vertex -5.206622e+01  2.667409e+01  1.421085e-14
     vertex -5.206622e+01  2.667409e+01  1.200000e+01
     vertex -5.191870e+01  2.657387e+01  1.200000e+01
   endloop
 endfacet
 facet normal  5.844507e-01  8.114292e-01  4.152772e-15
   outer loop
     vertex -5.206622e+01  2.667409e+01  1.421085e-14
     vertex -5.221093e+01  2.677832e+01  1.200000e+01
     vertex -5.206622e+01  2.667409e+01  1.200000e+01
   endloop
 endfacet
 facet normal  5.619699e-01  8.271577e-01  3.993000e-15
   outer loop
     vertex -5.206622e+01  2.667409e+01  1.421085e-14
     vertex -5.191870e+01  2.657387e+01  1.200000e+01
     vertex -5.191870e+01  2.657387e+01  1.421085e-14
   endloop
 endfacet
 facet normal  5.844507e-01  8.114292e-01  1.384257e-15
   outer loop
     vertex -5.221093e+01  2.677832e+01  1.421085e-14
     vertex -5.221093e+01  2.677832e+01  1.200000e+01
     vertex -5.206622e+01  2.667409e+01  1.421085e-14
   endloop
 endfacet
 facet normal  6.064915e-01  7.950900e-01  4.309381e-15
   outer loop
     vertex -5.235272e+01  2.688648e+01  1.421085e-14
     vertex -5.235272e+01  2.688648e+01  1.200000e+01
     vertex -5.221093e+01  2.677832e+01  1.200000e+01
   endloop
 endfacet
 facet normal  6.280757e-01  7.781522e-01  4.462747e-15
   outer loop
     vertex -5.235272e+01  2.688648e+01  1.421085e-14
     vertex -5.249150e+01  2.699849e+01  1.200000e+01
     vertex -5.235272e+01  2.688648e+01  1.200000e+01
   endloop
 endfacet
 facet normal  6.064915e-01  7.950900e-01  1.436378e-15
   outer loop
     vertex -5.235272e+01  2.688648e+01  1.421085e-14
     vertex -5.221093e+01  2.677832e+01  1.200000e+01
     vertex -5.221093e+01  2.677832e+01  1.421085e-14
   endloop
 endfacet
 facet normal  6.280757e-01  7.781522e-01  1.487582e-15
   outer loop
     vertex -5.249150e+01  2.699849e+01  1.421085e-14
     vertex -5.249150e+01  2.699849e+01  1.200000e+01
     vertex -5.235272e+01  2.688648e+01  1.421085e-14
   endloop
 endfacet
 facet normal  6.491872e-01  7.606287e-01  1.537584e-15
   outer loop
     vertex -5.249150e+01  2.699849e+01  1.421085e-14
     vertex -5.262714e+01  2.711427e+01  1.200000e+01
     vertex -5.249150e+01  2.699849e+01  1.200000e+01
   endloop
 endfacet
 facet normal  6.491872e-01  7.606287e-01  1.537584e-15
   outer loop
     vertex -5.262714e+01  2.711427e+01  1.421085e-14
     vertex -5.262714e+01  2.711427e+01  1.200000e+01
     vertex -5.249150e+01  2.699849e+01  1.421085e-14
   endloop
 endfacet
 facet normal  6.698100e-01  7.425325e-01  4.759286e-15
   outer loop
     vertex -5.275957e+01  2.723372e+01  1.421085e-14
     vertex -5.275957e+01  2.723372e+01  1.200000e+01
     vertex -5.262714e+01  2.711427e+01  1.200000e+01
   endloop
 endfacet
 facet normal  6.698100e-01  7.425325e-01  1.587149e-15
   outer loop
     vertex -5.275957e+01  2.723372e+01  1.421085e-14
     vertex -5.262714e+01  2.711427e+01  1.200000e+01
     vertex -5.262714e+01  2.711427e+01  1.421085e-14
   endloop
 endfacet
 facet normal  6.899286e-01  7.238775e-01  1.634079e-15
   outer loop
     vertex -5.288866e+01  2.735676e+01  1.421085e-14
     vertex -5.288866e+01  2.735676e+01  1.200000e+01
     vertex -5.275957e+01  2.723372e+01  1.200000e+01
   endloop
 endfacet
 facet normal  6.899286e-01  7.238775e-01  4.902490e-15
   outer loop
     vertex -5.288866e+01  2.735676e+01  1.421085e-14
     vertex -5.275957e+01  2.723372e+01  1.200000e+01
     vertex -5.275957e+01  2.723372e+01  1.421085e-14
   endloop
 endfacet
 facet normal  7.095278e-01  7.046775e-01  1.680499e-15
   outer loop
     vertex -5.301433e+01  2.748330e+01  1.421085e-14
     vertex -5.301433e+01  2.748330e+01  1.200000e+01
     vertex -5.288866e+01  2.735676e+01  1.200000e+01
   endloop
 endfacet
 facet normal  7.095278e-01  7.046775e-01  1.679557e-15
   outer loop
     vertex -5.301433e+01  2.748330e+01  1.421085e-14
     vertex -5.288866e+01  2.735676e+01  1.200000e+01
     vertex -5.288866e+01  2.735676e+01  1.421085e-14
   endloop
 endfacet
 facet normal  7.285929e-01  6.849470e-01  5.176964e-15
   outer loop
     vertex -5.313648e+01  2.761323e+01  1.421085e-14
     vertex -5.313648e+01  2.761323e+01  1.200000e+01
     vertex -5.301433e+01  2.748330e+01  1.200000e+01
   endloop
 endfacet
 facet normal  7.285929e-01  6.849470e-01  1.726571e-15
   outer loop
     vertex -5.313648e+01  2.761323e+01  1.421085e-14
     vertex -5.301433e+01  2.748330e+01  1.200000e+01
     vertex -5.301433e+01  2.748330e+01  1.421085e-14
   endloop
 endfacet
 facet normal  7.471095e-01  6.647010e-01  5.308532e-15
   outer loop
     vertex -5.325503e+01  2.774647e+01  1.421085e-14
     vertex -5.325503e+01  2.774647e+01  1.200000e+01
     vertex -5.313648e+01  2.761323e+01  1.200000e+01
   endloop
 endfacet
 facet normal  7.471095e-01  6.647010e-01  5.309409e-15
   outer loop
     vertex -5.325503e+01  2.774647e+01  1.421085e-14
     vertex -5.313648e+01  2.761323e+01  1.200000e+01
     vertex -5.313648e+01  2.761323e+01  1.421085e-14
   endloop
 endfacet
 facet normal  7.650637e-01  6.439545e-01  5.436105e-15
   outer loop
     vertex -5.336987e+01  2.788291e+01  1.421085e-14
     vertex -5.336987e+01  2.788291e+01  1.200000e+01
     vertex -5.325503e+01  2.774647e+01  1.200000e+01
   endloop
 endfacet
 facet normal  7.650637e-01  6.439545e-01  5.435862e-15
   outer loop
     vertex -5.336987e+01  2.788291e+01  1.421085e-14
     vertex -5.325503e+01  2.774647e+01  1.200000e+01
     vertex -5.325503e+01  2.774647e+01  1.421085e-14
   endloop
 endfacet
 facet normal  7.824421e-01  6.227234e-01  5.559585e-15
   outer loop
     vertex -5.348092e+01  2.802245e+01  1.421085e-14
     vertex -5.348092e+01  2.802245e+01  1.200000e+01
     vertex -5.336987e+01  2.788291e+01  1.200000e+01
   endloop
 endfacet
 facet normal  7.824421e-01  6.227234e-01  5.559073e-15
   outer loop
     vertex -5.348092e+01  2.802245e+01  1.421085e-14
     vertex -5.336987e+01  2.788291e+01  1.200000e+01
     vertex -5.336987e+01  2.788291e+01  1.421085e-14
   endloop
 endfacet
 facet normal  7.992314e-01  6.010234e-01  1.892960e-15
   outer loop
     vertex -5.358811e+01  2.816498e+01  1.421085e-14
     vertex -5.358811e+01  2.816498e+01  1.200000e+01
     vertex -5.348092e+01  2.802245e+01  1.200000e+01
   endloop
 endfacet
 facet normal  7.992314e-01  6.010234e-01  5.678231e-15
   outer loop
     vertex -5.358811e+01  2.816498e+01  1.421085e-14
     vertex -5.348092e+01  2.802245e+01  1.200000e+01
     vertex -5.348092e+01  2.802245e+01  1.421085e-14
   endloop
 endfacet
 facet normal  8.154191e-01  5.788711e-01  1.931300e-15
   outer loop
     vertex -5.369134e+01  2.831040e+01  1.421085e-14
     vertex -5.369134e+01  2.831040e+01  1.200000e+01
     vertex -5.358811e+01  2.816498e+01  1.200000e+01
   endloop
 endfacet
 facet normal  8.309929e-01  5.562829e-01  1.968187e-15
   outer loop
     vertex -5.369134e+01  2.831040e+01  1.421085e-14
     vertex -5.379055e+01  2.845860e+01  1.200000e+01
     vertex -5.369134e+01  2.831040e+01  1.200000e+01
   endloop
 endfacet
 facet normal  8.154191e-01  5.788711e-01  1.931652e-15
   outer loop
     vertex -5.369134e+01  2.831040e+01  1.421085e-14
     vertex -5.358811e+01  2.816498e+01  1.200000e+01
     vertex -5.358811e+01  2.816498e+01  1.421085e-14
   endloop
 endfacet
 facet normal  8.309929e-01  5.562829e-01  1.968187e-15
   outer loop
     vertex -5.379055e+01  2.845860e+01  1.421085e-14
     vertex -5.379055e+01  2.845860e+01  1.200000e+01
     vertex -5.369134e+01  2.831040e+01  1.421085e-14
   endloop
 endfacet
 facet normal  8.459413e-01  5.332761e-01  2.003591e-15
   outer loop
     vertex -5.388565e+01  2.860946e+01  1.421085e-14
     vertex -5.388565e+01  2.860946e+01  1.200000e+01
     vertex -5.379055e+01  2.845860e+01  1.200000e+01
   endloop
 endfacet
 facet normal  8.602528e-01  5.098678e-01  2.037488e-15
   outer loop
     vertex -5.388565e+01  2.860946e+01  1.421085e-14
     vertex -5.397658e+01  2.876288e+01  1.200000e+01
     vertex -5.388565e+01  2.860946e+01  1.200000e+01
   endloop
 endfacet
 facet normal  8.459413e-01  5.332761e-01  2.003795e-15
   outer loop
     vertex -5.388565e+01  2.860946e+01  1.421085e-14
     vertex -5.379055e+01  2.845860e+01  1.200000e+01
     vertex -5.379055e+01  2.845860e+01  1.421085e-14
   endloop
 endfacet
 facet normal  8.602528e-01  5.098678e-01  6.112464e-15
   outer loop
     vertex -5.397658e+01  2.876288e+01  1.421085e-14
     vertex -5.397658e+01  2.876288e+01  1.200000e+01
     vertex -5.388565e+01  2.860946e+01  1.421085e-14
   endloop
 endfacet
 facet normal  8.739167e-01  4.860756e-01  2.069851e-15
   outer loop
     vertex -5.406327e+01  2.891873e+01  1.421085e-14
     vertex -5.406327e+01  2.891873e+01  1.200000e+01
     vertex -5.397658e+01  2.876288e+01  1.200000e+01
   endloop
 endfacet
 facet normal  8.739167e-01  4.860756e-01  6.209982e-15
   outer loop
     vertex -5.406327e+01  2.891873e+01  1.421085e-14
     vertex -5.397658e+01  2.876288e+01  1.200000e+01
     vertex -5.397658e+01  2.876288e+01  1.421085e-14
   endloop
 endfacet
 facet normal  8.869228e-01  4.619176e-01  2.100256e-15
   outer loop
     vertex -5.414564e+01  2.907690e+01  1.421085e-14
     vertex -5.406327e+01  2.891873e+01  1.200000e+01
     vertex -5.406327e+01  2.891873e+01  1.421085e-14
   endloop
 endfacet
 facet normal  8.869228e-01  4.619176e-01  2.100655e-15
   outer loop
     vertex -5.414564e+01  2.907690e+01  1.421085e-14
     vertex -5.414564e+01  2.907690e+01  1.200000e+01
     vertex -5.406327e+01  2.891873e+01  1.200000e+01
   endloop
 endfacet
 facet normal  8.992613e-01  4.374119e-01  2.129879e-15
   outer loop
     vertex -5.414564e+01  2.907690e+01  1.421085e-14
     vertex -5.422365e+01  2.923728e+01  1.200000e+01
     vertex -5.414564e+01  2.907690e+01  1.200000e+01
   endloop
 endfacet
 facet normal  8.992613e-01  4.374119e-01  6.389636e-15
   outer loop
     vertex -5.422365e+01  2.923728e+01  1.421085e-14
     vertex -5.422365e+01  2.923728e+01  1.200000e+01
     vertex -5.414564e+01  2.907690e+01  1.421085e-14
   endloop
 endfacet
 facet normal  9.109228e-01  4.125769e-01  6.472616e-15
   outer loop
     vertex -5.429723e+01  2.939973e+01  1.421085e-14
     vertex -5.422365e+01  2.923728e+01  1.200000e+01
     vertex -5.422365e+01  2.923728e+01  1.421085e-14
   endloop
 endfacet
 facet normal  9.109228e-01  4.125769e-01  6.472496e-15
   outer loop
     vertex -5.429723e+01  2.939973e+01  1.421085e-14
     vertex -5.429723e+01  2.939973e+01  1.200000e+01
     vertex -5.422365e+01  2.923728e+01  1.200000e+01
   endloop
 endfacet
 facet normal  9.218986e-01  3.874313e-01  6.550433e-15
   outer loop
     vertex -5.436632e+01  2.956414e+01  1.421085e-14
     vertex -5.429723e+01  2.939973e+01  1.200000e+01
     vertex -5.429723e+01  2.939973e+01  1.421085e-14
   endloop
 endfacet
 facet normal  9.218986e-01  3.874313e-01  6.550483e-15
   outer loop
     vertex -5.436632e+01  2.956414e+01  1.421085e-14
     vertex -5.436632e+01  2.956414e+01  1.200000e+01
     vertex -5.429723e+01  2.939973e+01  1.200000e+01
   endloop
 endfacet
 facet normal  9.321804e-01  3.619940e-01  6.623387e-15
   outer loop
     vertex -5.443088e+01  2.973038e+01  1.421085e-14
     vertex -5.436632e+01  2.956414e+01  1.200000e+01
     vertex -5.436632e+01  2.956414e+01  1.421085e-14
   endloop
 endfacet
 facet normal  9.321804e-01  3.619940e-01  2.207847e-15
   outer loop
     vertex -5.443088e+01  2.973038e+01  1.421085e-14
     vertex -5.443088e+01  2.973038e+01  1.200000e+01
     vertex -5.436632e+01  2.956414e+01  1.200000e+01
   endloop
 endfacet
 facet normal  9.417605e-01  3.362843e-01  2.230762e-15
   outer loop
     vertex -5.449085e+01  2.989833e+01  1.421085e-14
     vertex -5.443088e+01  2.973038e+01  1.200000e+01
     vertex -5.443088e+01  2.973038e+01  1.421085e-14
   endloop
 endfacet
 facet normal  9.417605e-01  3.362843e-01  2.230537e-15
   outer loop
     vertex -5.449085e+01  2.989833e+01  1.421085e-14
     vertex -5.449085e+01  2.989833e+01  1.200000e+01
     vertex -5.443088e+01  2.973038e+01  1.200000e+01
   endloop
 endfacet
 facet normal  9.506317e-01  3.103214e-01  2.251838e-15
   outer loop
     vertex -5.454620e+01  3.006787e+01  1.421085e-14
     vertex -5.449085e+01  2.989833e+01  1.200000e+01
     vertex -5.449085e+01  2.989833e+01  1.421085e-14
   endloop
 endfacet
 facet normal  9.506317e-01  3.103214e-01  6.754644e-15
   outer loop
     vertex -5.454620e+01  3.006787e+01  1.421085e-14
     vertex -5.454620e+01  3.006787e+01  1.200000e+01
     vertex -5.449085e+01  2.989833e+01  1.200000e+01
   endloop
 endfacet
 facet normal  9.587873e-01  2.841250e-01  6.812593e-15
   outer loop
     vertex -5.454620e+01  3.006787e+01  1.421085e-14
     vertex -5.459687e+01  3.023886e+01  1.200000e+01
     vertex -5.454620e+01  3.006787e+01  1.200000e+01
   endloop
 endfacet
 facet normal  9.587873e-01  2.841250e-01  6.812593e-15
   outer loop
     vertex -5.459687e+01  3.023886e+01  1.421085e-14
     vertex -5.459687e+01  3.023886e+01  1.200000e+01
     vertex -5.454620e+01  3.006787e+01  1.421085e-14
   endloop
 endfacet
 facet normal  9.662211e-01  2.577146e-01  6.864944e-15
   outer loop
     vertex -5.464283e+01  3.041117e+01  1.421085e-14
     vertex -5.459687e+01  3.023886e+01  1.200000e+01
     vertex -5.459687e+01  3.023886e+01  1.421085e-14
   endloop
 endfacet
 facet normal  9.662211e-01  2.577146e-01  6.865414e-15
   outer loop
     vertex -5.464283e+01  3.041117e+01  1.421085e-14
     vertex -5.464283e+01  3.041117e+01  1.200000e+01
     vertex -5.459687e+01  3.023886e+01  1.200000e+01
   endloop
 endfacet
 facet normal  9.729276e-01  2.311102e-01  6.913175e-15
   outer loop
     vertex -5.468404e+01  3.058468e+01  1.421085e-14
     vertex -5.464283e+01  3.041117e+01  1.200000e+01
     vertex -5.464283e+01  3.041117e+01  1.421085e-14
   endloop
 endfacet
 facet normal  9.729276e-01  2.311102e-01  6.913066e-15
   outer loop
     vertex -5.468404e+01  3.058468e+01  1.421085e-14
     vertex -5.468404e+01  3.058468e+01  1.200000e+01
     vertex -5.464283e+01  3.041117e+01  1.200000e+01
   endloop
 endfacet
 facet normal  9.789017e-01  2.043319e-01  6.955731e-15
   outer loop
     vertex -5.472048e+01  3.075926e+01  1.421085e-14
     vertex -5.468404e+01  3.058468e+01  1.200000e+01
     vertex -5.468404e+01  3.058468e+01  1.421085e-14
   endloop
 endfacet
 facet normal  9.789017e-01  2.043319e-01  6.955515e-15
   outer loop
     vertex -5.472048e+01  3.075926e+01  1.421085e-14
     vertex -5.472048e+01  3.075926e+01  1.200000e+01
     vertex -5.468404e+01  3.058468e+01  1.200000e+01
   endloop
 endfacet
 facet normal  9.841389e-01  1.773998e-01  6.992613e-15
   outer loop
     vertex -5.475212e+01  3.093476e+01  1.421085e-14
     vertex -5.472048e+01  3.075926e+01  1.200000e+01
     vertex -5.472048e+01  3.075926e+01  1.421085e-14
   endloop
 endfacet
 facet normal  9.841389e-01  1.773998e-01  6.992727e-15
   outer loop
     vertex -5.475212e+01  3.093476e+01  1.421085e-14
     vertex -5.475212e+01  3.093476e+01  1.200000e+01
     vertex -5.472048e+01  3.075926e+01  1.200000e+01
   endloop
 endfacet
 facet normal  9.886353e-01  1.503341e-01  7.025037e-15
   outer loop
     vertex -5.477893e+01  3.111108e+01  1.421085e-14
     vertex -5.475212e+01  3.093476e+01  1.200000e+01
     vertex -5.475212e+01  3.093476e+01  1.421085e-14
   endloop
 endfacet
 facet normal  9.886353e-01  1.503341e-01  2.341559e-15
   outer loop
     vertex -5.477893e+01  3.111108e+01  1.421085e-14
     vertex -5.477893e+01  3.111108e+01  1.200000e+01
     vertex -5.475212e+01  3.093476e+01  1.200000e+01
   endloop
 endfacet
 facet normal  9.923874e-01  1.231552e-01  2.350446e-15
   outer loop
     vertex -5.477893e+01  3.111108e+01  1.421085e-14
     vertex -5.480089e+01  3.128806e+01  1.200000e+01
     vertex -5.477893e+01  3.111108e+01  1.200000e+01
   endloop
 endfacet
 facet normal  9.923874e-01  1.231552e-01  7.051337e-15
   outer loop
     vertex -5.480089e+01  3.128806e+01  1.421085e-14
     vertex -5.480089e+01  3.128806e+01  1.200000e+01
     vertex -5.477893e+01  3.111108e+01  1.421085e-14
   endloop
 endfacet
 facet normal  9.953925e-01  9.588368e-02  7.072689e-15
   outer loop
     vertex -5.481799e+01  3.146557e+01  1.421085e-14
     vertex -5.481799e+01  3.146557e+01  1.200000e+01
     vertex -5.480089e+01  3.128806e+01  1.200000e+01
   endloop
 endfacet
 facet normal  9.976484e-01  6.853995e-02  7.088718e-15
   outer loop
     vertex -5.481799e+01  3.146557e+01  1.421085e-14
     vertex -5.483022e+01  3.164349e+01  1.200000e+01
     vertex -5.481799e+01  3.146557e+01  1.200000e+01
   endloop
 endfacet
 facet normal  9.953925e-01  9.588368e-02  7.072660e-15
   outer loop
     vertex -5.481799e+01  3.146557e+01  1.421085e-14
     vertex -5.480089e+01  3.128806e+01  1.200000e+01
     vertex -5.480089e+01  3.128806e+01  1.421085e-14
   endloop
 endfacet
 facet normal  9.976484e-01  6.853995e-02  2.362906e-15
   outer loop
     vertex -5.483022e+01  3.164349e+01  1.421085e-14
     vertex -5.483022e+01  3.164349e+01  1.200000e+01
     vertex -5.481799e+01  3.146557e+01  1.421085e-14
   endloop
 endfacet
 facet normal  9.991532e-01  4.114462e-02  2.366470e-15
   outer loop
     vertex -5.483755e+01  3.182168e+01  1.421085e-14
     vertex -5.483755e+01  3.182168e+01  1.200000e+01
     vertex -5.483022e+01  3.164349e+01  1.200000e+01
   endloop
 endfacet
 facet normal  9.991532e-01  4.114462e-02  2.366436e-15
   outer loop
     vertex -5.483755e+01  3.182168e+01  1.421085e-14
     vertex -5.483022e+01  3.164349e+01  1.200000e+01
     vertex -5.483022e+01  3.164349e+01  1.421085e-14
   endloop
 endfacet
 facet normal  9.999059e-01  1.371831e-02  7.104759e-15
   outer loop
     vertex -5.484000e+01  3.200000e+01  1.421085e-14
     vertex -5.484000e+01  3.200000e+01  1.200000e+01
     vertex -5.483755e+01  3.182168e+01  1.200000e+01
   endloop
 endfacet
 facet normal  9.999059e-01  1.371831e-02  2.368235e-15
   outer loop
     vertex -5.484000e+01  3.200000e+01  1.421085e-14
     vertex -5.483755e+01  3.182168e+01  1.200000e+01
     vertex -5.483755e+01  3.182168e+01  1.421085e-14
   endloop
 endfacet
 facet normal  9.999059e-01 -1.371831e-02  7.104754e-15
   outer loop
     vertex -5.483755e+01  8.178321e+00  1.421085e-14
     vertex -5.484000e+01  8.000000e+00  1.200000e+01
     vertex -5.484000e+01  8.000000e+00  1.421085e-14
   endloop
 endfacet
 facet normal  9.999059e-01 -1.371831e-02  7.104759e-15
   outer loop
     vertex -5.483755e+01  8.178321e+00  1.421085e-14
     vertex -5.483755e+01  8.178321e+00  1.200000e+01
     vertex -5.484000e+01  8.000000e+00  1.200000e+01
   endloop
 endfacet
 facet normal  9.991532e-01 -4.114462e-02  2.366470e-15
   outer loop
     vertex -5.483022e+01  8.356508e+00  1.421085e-14
     vertex -5.483022e+01  8.356508e+00  1.200000e+01
     vertex -5.483755e+01  8.178321e+00  1.200000e+01
   endloop
 endfacet
 facet normal  9.991532e-01 -4.114462e-02  7.099410e-15
   outer loop
     vertex -5.483022e+01  8.356508e+00  1.421085e-14
     vertex -5.483755e+01  8.178321e+00  1.200000e+01
     vertex -5.483755e+01  8.178321e+00  1.421085e-14
   endloop
 endfacet
 facet normal  9.976484e-01 -6.853995e-02  7.088718e-15
   outer loop
     vertex -5.481799e+01  8.534427e+00  1.421085e-14
     vertex -5.481799e+01  8.534427e+00  1.200000e+01
     vertex -5.483022e+01  8.356508e+00  1.200000e+01
   endloop
 endfacet
 facet normal  9.976484e-01 -6.853995e-02  2.362890e-15
   outer loop
     vertex -5.481799e+01  8.534427e+00  1.421085e-14
     vertex -5.483022e+01  8.356508e+00  1.200000e+01
     vertex -5.483022e+01  8.356508e+00  1.421085e-14
   endloop
 endfacet
 facet normal  9.953925e-01 -9.588368e-02  7.072689e-15
   outer loop
     vertex -5.480089e+01  8.711944e+00  1.421085e-14
     vertex -5.480089e+01  8.711944e+00  1.200000e+01
     vertex -5.481799e+01  8.534427e+00  1.200000e+01
   endloop
 endfacet
 facet normal  9.923874e-01 -1.231552e-01  7.051337e-15
   outer loop
     vertex -5.480089e+01  8.711944e+00  1.421085e-14
     vertex -5.477893e+01  8.888924e+00  1.200000e+01
     vertex -5.480089e+01  8.711944e+00  1.200000e+01
   endloop
 endfacet
 facet normal  9.953925e-01 -9.588368e-02  7.072660e-15
   outer loop
     vertex -5.480089e+01  8.711944e+00  1.421085e-14
     vertex -5.481799e+01  8.534427e+00  1.200000e+01
     vertex -5.481799e+01  8.534427e+00  1.421085e-14
   endloop
 endfacet
 facet normal  9.923874e-01 -1.231552e-01  2.350446e-15
   outer loop
     vertex -5.477893e+01  8.888924e+00  1.421085e-14
     vertex -5.477893e+01  8.888924e+00  1.200000e+01
     vertex -5.480089e+01  8.711944e+00  1.421085e-14
   endloop
 endfacet
 facet normal  9.886353e-01 -1.503341e-01  2.341559e-15
   outer loop
     vertex -5.475212e+01  9.065235e+00  1.421085e-14
     vertex -5.475212e+01  9.065235e+00  1.200000e+01
     vertex -5.477893e+01  8.888924e+00  1.200000e+01
   endloop
 endfacet
 facet normal  9.841389e-01 -1.773998e-01  2.330909e-15
   outer loop
     vertex -5.475212e+01  9.065235e+00  1.421085e-14
     vertex -5.472048e+01  9.240745e+00  1.200000e+01
     vertex -5.475212e+01  9.065235e+00  1.200000e+01
   endloop
 endfacet
 facet normal  9.886353e-01 -1.503341e-01  2.341814e-15
   outer loop
     vertex -5.475212e+01  9.065235e+00  1.421085e-14
     vertex -5.477893e+01  8.888924e+00  1.200000e+01
     vertex -5.477893e+01  8.888924e+00  1.421085e-14
   endloop
 endfacet
 facet normal  9.841389e-01 -1.773998e-01  6.992727e-15
   outer loop
     vertex -5.472048e+01  9.240745e+00  1.421085e-14
     vertex -5.472048e+01  9.240745e+00  1.200000e+01
     vertex -5.475212e+01  9.065235e+00  1.421085e-14
   endloop
 endfacet
 facet normal  9.789017e-01 -2.043319e-01  2.318505e-15
   outer loop
     vertex -5.468404e+01  9.415320e+00  1.421085e-14
     vertex -5.468404e+01  9.415320e+00  1.200000e+01
     vertex -5.472048e+01  9.240745e+00  1.200000e+01
   endloop
 endfacet
 facet normal  9.789017e-01 -2.043319e-01  6.955731e-15
   outer loop
     vertex -5.468404e+01  9.415320e+00  1.421085e-14
     vertex -5.472048e+01  9.240745e+00  1.200000e+01
     vertex -5.472048e+01  9.240745e+00  1.421085e-14
   endloop
 endfacet
 facet normal  9.729276e-01 -2.311102e-01  6.913066e-15
   outer loop
     vertex -5.464283e+01  9.588830e+00  1.421085e-14
     vertex -5.464283e+01  9.588830e+00  1.200000e+01
     vertex -5.468404e+01  9.415320e+00  1.200000e+01
   endloop
 endfacet
 facet normal  9.729276e-01 -2.311102e-01  2.304527e-15
   outer loop
     vertex -5.464283e+01  9.588830e+00  1.421085e-14
     vertex -5.468404e+01  9.415320e+00  1.200000e+01
     vertex -5.468404e+01  9.415320e+00  1.421085e-14
   endloop
 endfacet
 facet normal  9.662211e-01 -2.577146e-01  6.865755e-15
   outer loop
     vertex -5.459687e+01  9.761144e+00  1.421085e-14
     vertex -5.464283e+01  9.588830e+00  1.200000e+01
     vertex -5.464283e+01  9.588830e+00  1.421085e-14
   endloop
 endfacet
 facet normal  9.662211e-01 -2.577146e-01  2.288471e-15
   outer loop
     vertex -5.459687e+01  9.761144e+00  1.421085e-14
     vertex -5.459687e+01  9.761144e+00  1.200000e+01
     vertex -5.464283e+01  9.588830e+00  1.200000e+01
   endloop
 endfacet
 facet normal  9.587873e-01 -2.841250e-01  2.270864e-15
   outer loop
     vertex -5.459687e+01  9.761144e+00  1.421085e-14
     vertex -5.454620e+01  9.932133e+00  1.200000e+01
     vertex -5.459687e+01  9.761144e+00  1.200000e+01
   endloop
 endfacet
 facet normal  9.587873e-01 -2.841250e-01  2.270864e-15
   outer loop
     vertex -5.454620e+01  9.932133e+00  1.421085e-14
     vertex -5.454620e+01  9.932133e+00  1.200000e+01
     vertex -5.459687e+01  9.761144e+00  1.421085e-14
   endloop
 endfacet
 facet normal  9.506317e-01 -3.103214e-01  2.251548e-15
   outer loop
     vertex -5.454620e+01  9.932133e+00  1.421085e-14
     vertex -5.449085e+01  1.010167e+01  1.200000e+01
     vertex -5.454620e+01  9.932133e+00  1.200000e+01
   endloop
 endfacet
 facet normal  9.506317e-01 -3.103214e-01  6.754644e-15
   outer loop
     vertex -5.449085e+01  1.010167e+01  1.421085e-14
     vertex -5.449085e+01  1.010167e+01  1.200000e+01
     vertex -5.454620e+01  9.932133e+00  1.421085e-14
   endloop
 endfacet
 facet normal  9.417605e-01 -3.362843e-01  6.691611e-15
   outer loop
     vertex -5.449085e+01  1.010167e+01  1.421085e-14
     vertex -5.443088e+01  1.026962e+01  1.200000e+01
     vertex -5.449085e+01  1.010167e+01  1.200000e+01
   endloop
 endfacet
 facet normal  9.417605e-01 -3.362843e-01  6.691611e-15
   outer loop
     vertex -5.443088e+01  1.026962e+01  1.421085e-14
     vertex -5.443088e+01  1.026962e+01  1.200000e+01
     vertex -5.449085e+01  1.010167e+01  1.421085e-14
   endloop
 endfacet
 facet normal  9.321804e-01 -3.619940e-01  6.623387e-15
   outer loop
     vertex -5.436632e+01  1.043586e+01  1.421085e-14
     vertex -5.443088e+01  1.026962e+01  1.200000e+01
     vertex -5.443088e+01  1.026962e+01  1.421085e-14
   endloop
 endfacet
 facet normal  9.321804e-01 -3.619940e-01  2.207847e-15
   outer loop
     vertex -5.436632e+01  1.043586e+01  1.421085e-14
     vertex -5.436632e+01  1.043586e+01  1.200000e+01
     vertex -5.443088e+01  1.026962e+01  1.200000e+01
   endloop
 endfacet
 facet normal  9.218986e-01 -3.874313e-01  2.183748e-15
   outer loop
     vertex -5.429723e+01  1.060027e+01  1.421085e-14
     vertex -5.436632e+01  1.043586e+01  1.200000e+01
     vertex -5.436632e+01  1.043586e+01  1.421085e-14
   endloop
 endfacet
 facet normal  9.218986e-01 -3.874313e-01  2.183494e-15
   outer loop
     vertex -5.429723e+01  1.060027e+01  1.421085e-14
     vertex -5.429723e+01  1.060027e+01  1.200000e+01
     vertex -5.436632e+01  1.043586e+01  1.200000e+01
   endloop
 endfacet
 facet normal  9.109228e-01 -4.125769e-01  2.156998e-15
   outer loop
     vertex -5.422365e+01  1.076272e+01  1.421085e-14
     vertex -5.429723e+01  1.060027e+01  1.200000e+01
     vertex -5.429723e+01  1.060027e+01  1.421085e-14
   endloop
 endfacet
 facet normal  9.109228e-01 -4.125769e-01  6.472496e-15
   outer loop
     vertex -5.422365e+01  1.076272e+01  1.421085e-14
     vertex -5.422365e+01  1.076272e+01  1.200000e+01
     vertex -5.429723e+01  1.060027e+01  1.200000e+01
   endloop
 endfacet
 facet normal  8.992613e-01 -4.374119e-01  6.389935e-15
   outer loop
     vertex -5.414564e+01  1.092310e+01  1.421085e-14
     vertex -5.422365e+01  1.076272e+01  1.200000e+01
     vertex -5.422365e+01  1.076272e+01  1.421085e-14
   endloop
 endfacet
 facet normal  8.992613e-01 -4.374119e-01  6.389636e-15
   outer loop
     vertex -5.414564e+01  1.092310e+01  1.421085e-14
     vertex -5.414564e+01  1.092310e+01  1.200000e+01
     vertex -5.422365e+01  1.076272e+01  1.200000e+01
   endloop
 endfacet
 facet normal  8.869228e-01 -4.619176e-01  6.302390e-15
   outer loop
     vertex -5.406327e+01  1.108127e+01  1.421085e-14
     vertex -5.414564e+01  1.092310e+01  1.200000e+01
     vertex -5.414564e+01  1.092310e+01  1.421085e-14
   endloop
 endfacet
 facet normal  8.869228e-01 -4.619176e-01  6.301966e-15
   outer loop
     vertex -5.406327e+01  1.108127e+01  1.421085e-14
     vertex -5.406327e+01  1.108127e+01  1.200000e+01
     vertex -5.414564e+01  1.092310e+01  1.200000e+01
   endloop
 endfacet
 facet normal  8.739167e-01 -4.860756e-01  6.209172e-15
   outer loop
     vertex -5.397658e+01  1.123712e+01  1.421085e-14
     vertex -5.406327e+01  1.108127e+01  1.200000e+01
     vertex -5.406327e+01  1.108127e+01  1.421085e-14
   endloop
 endfacet
 facet normal  8.739167e-01 -4.860756e-01  2.069851e-15
   outer loop
     vertex -5.397658e+01  1.123712e+01  1.421085e-14
     vertex -5.397658e+01  1.123712e+01  1.200000e+01
     vertex -5.406327e+01  1.108127e+01  1.200000e+01
   endloop
 endfacet
 facet normal  8.602528e-01 -5.098678e-01  2.037840e-15
   outer loop
     vertex -5.388565e+01  1.139054e+01  1.421085e-14
     vertex -5.397658e+01  1.123712e+01  1.200000e+01
     vertex -5.397658e+01  1.123712e+01  1.421085e-14
   endloop
 endfacet
 facet normal  8.602528e-01 -5.098678e-01  6.112464e-15
   outer loop
     vertex -5.388565e+01  1.139054e+01  1.421085e-14
     vertex -5.388565e+01  1.139054e+01  1.200000e+01
     vertex -5.397658e+01  1.123712e+01  1.200000e+01
   endloop
 endfacet
 facet normal  8.459413e-01 -5.332761e-01  6.010575e-15
   outer loop
     vertex -5.379055e+01  1.154140e+01  1.421085e-14
     vertex -5.388565e+01  1.139054e+01  1.200000e+01
     vertex -5.388565e+01  1.139054e+01  1.421085e-14
   endloop
 endfacet
 facet normal  8.459413e-01 -5.332761e-01  6.010774e-15
   outer loop
     vertex -5.379055e+01  1.154140e+01  1.421085e-14
     vertex -5.379055e+01  1.154140e+01  1.200000e+01
     vertex -5.388565e+01  1.139054e+01  1.200000e+01
   endloop
 endfacet
 facet normal  8.309929e-01 -5.562829e-01  5.904560e-15
   outer loop
     vertex -5.369134e+01  1.168960e+01  1.421085e-14
     vertex -5.369134e+01  1.168960e+01  1.200000e+01
     vertex -5.379055e+01  1.154140e+01  1.200000e+01
   endloop
 endfacet
 facet normal  8.309929e-01 -5.562829e-01  5.904387e-15
   outer loop
     vertex -5.369134e+01  1.168960e+01  1.421085e-14
     vertex -5.379055e+01  1.154140e+01  1.200000e+01
     vertex -5.379055e+01  1.154140e+01  1.421085e-14
   endloop
 endfacet
 facet normal  8.154191e-01 -5.788711e-01  5.793901e-15
   outer loop
     vertex -5.358811e+01  1.183502e+01  1.421085e-14
     vertex -5.358811e+01  1.183502e+01  1.200000e+01
     vertex -5.369134e+01  1.168960e+01  1.200000e+01
   endloop
 endfacet
 facet normal  8.154191e-01 -5.788711e-01  5.794146e-15
   outer loop
     vertex -5.358811e+01  1.183502e+01  1.421085e-14
     vertex -5.369134e+01  1.168960e+01  1.200000e+01
     vertex -5.369134e+01  1.168960e+01  1.421085e-14
   endloop
 endfacet
 facet normal  7.992314e-01 -6.010234e-01  1.892960e-15
   outer loop
     vertex -5.348092e+01  1.197755e+01  1.421085e-14
     vertex -5.348092e+01  1.197755e+01  1.200000e+01
     vertex -5.358811e+01  1.183502e+01  1.200000e+01
   endloop
 endfacet
 facet normal  7.992314e-01 -6.010234e-01  5.679041e-15
   outer loop
     vertex -5.348092e+01  1.197755e+01  1.421085e-14
     vertex -5.358811e+01  1.183502e+01  1.200000e+01
     vertex -5.358811e+01  1.183502e+01  1.421085e-14
   endloop
 endfacet
 facet normal  7.824421e-01 -6.227234e-01  1.853195e-15
   outer loop
     vertex -5.336987e+01  1.211709e+01  1.421085e-14
     vertex -5.336987e+01  1.211709e+01  1.200000e+01
     vertex -5.348092e+01  1.197755e+01  1.200000e+01
   endloop
 endfacet
 facet normal  7.824421e-01 -6.227234e-01  1.853835e-15
   outer loop
     vertex -5.336987e+01  1.211709e+01  1.421085e-14
     vertex -5.348092e+01  1.197755e+01  1.200000e+01
     vertex -5.348092e+01  1.197755e+01  1.421085e-14
   endloop
 endfacet
 facet normal  7.650637e-01 -6.439545e-01  1.812035e-15
   outer loop
     vertex -5.325503e+01  1.225353e+01  1.421085e-14
     vertex -5.325503e+01  1.225353e+01  1.200000e+01
     vertex -5.336987e+01  1.211709e+01  1.200000e+01
   endloop
 endfacet
 facet normal  7.650637e-01 -6.439545e-01  1.810873e-15
   outer loop
     vertex -5.325503e+01  1.225353e+01  1.421085e-14
     vertex -5.336987e+01  1.211709e+01  1.200000e+01
     vertex -5.336987e+01  1.211709e+01  1.421085e-14
   endloop
 endfacet
 facet normal  7.471095e-01 -6.647010e-01  1.769511e-15
   outer loop
     vertex -5.313648e+01  1.238677e+01  1.421085e-14
     vertex -5.313648e+01  1.238677e+01  1.200000e+01
     vertex -5.325503e+01  1.225353e+01  1.200000e+01
   endloop
 endfacet
 facet normal  7.285929e-01 -6.849470e-01  1.725655e-15
   outer loop
     vertex -5.313648e+01  1.238677e+01  1.421085e-14
     vertex -5.301433e+01  1.251670e+01  1.200000e+01
     vertex -5.313648e+01  1.238677e+01  1.200000e+01
   endloop
 endfacet
 facet normal  7.471095e-01 -6.647010e-01  1.770343e-15
   outer loop
     vertex -5.313648e+01  1.238677e+01  1.421085e-14
     vertex -5.325503e+01  1.225353e+01  1.200000e+01
     vertex -5.325503e+01  1.225353e+01  1.421085e-14
   endloop
 endfacet
 facet normal  7.285929e-01 -6.849470e-01  1.725655e-15
   outer loop
     vertex -5.301433e+01  1.251670e+01  1.421085e-14
     vertex -5.301433e+01  1.251670e+01  1.200000e+01
     vertex -5.313648e+01  1.238677e+01  1.421085e-14
   endloop
 endfacet
 facet normal  7.095278e-01 -7.046775e-01  5.041498e-15
   outer loop
     vertex -5.288866e+01  1.264324e+01  1.421085e-14
     vertex -5.288866e+01  1.264324e+01  1.200000e+01
     vertex -5.301433e+01  1.251670e+01  1.200000e+01
   endloop
 endfacet
 facet normal  6.899286e-01 -7.238775e-01  4.902237e-15
   outer loop
     vertex -5.288866e+01  1.264324e+01  1.421085e-14
     vertex -5.275957e+01  1.276628e+01  1.200000e+01
     vertex -5.288866e+01  1.264324e+01  1.200000e+01
   endloop
 endfacet
 facet normal  7.095278e-01 -7.046775e-01  1.679557e-15
   outer loop
     vertex -5.288866e+01  1.264324e+01  1.421085e-14
     vertex -5.301433e+01  1.251670e+01  1.200000e+01
     vertex -5.301433e+01  1.251670e+01  1.421085e-14
   endloop
 endfacet
 facet normal  6.899286e-01 -7.238775e-01  4.902237e-15
   outer loop
     vertex -5.275957e+01  1.276628e+01  1.421085e-14
     vertex -5.275957e+01  1.276628e+01  1.200000e+01
     vertex -5.288866e+01  1.264324e+01  1.421085e-14
   endloop
 endfacet
 facet normal  6.698100e-01 -7.425325e-01  4.759286e-15
   outer loop
     vertex -5.262714e+01  1.288573e+01  1.421085e-14
     vertex -5.262714e+01  1.288573e+01  1.200000e+01
     vertex -5.275957e+01  1.276628e+01  1.200000e+01
   endloop
 endfacet
 facet normal  6.698100e-01 -7.425325e-01  4.759824e-15
   outer loop
     vertex -5.262714e+01  1.288573e+01  1.421085e-14
     vertex -5.275957e+01  1.276628e+01  1.200000e+01
     vertex -5.275957e+01  1.276628e+01  1.421085e-14
   endloop
 endfacet
 facet normal  6.491872e-01 -7.606287e-01  1.537584e-15
   outer loop
     vertex -5.249150e+01  1.300151e+01  1.421085e-14
     vertex -5.249150e+01  1.300151e+01  1.200000e+01
     vertex -5.262714e+01  1.288573e+01  1.200000e+01
   endloop
 endfacet
 facet normal  6.280757e-01 -7.781522e-01  1.487582e-15
   outer loop
     vertex -5.249150e+01  1.300151e+01  1.421085e-14
     vertex -5.235272e+01  1.311352e+01  1.200000e+01
     vertex -5.249150e+01  1.300151e+01  1.200000e+01
   endloop
 endfacet
 facet normal  6.491872e-01 -7.606287e-01  4.612296e-15
   outer loop
     vertex -5.249150e+01  1.300151e+01  1.421085e-14
     vertex -5.262714e+01  1.288573e+01  1.200000e+01
     vertex -5.262714e+01  1.288573e+01  1.421085e-14
   endloop
 endfacet
 facet normal  6.064915e-01 -7.950900e-01  4.309381e-15
   outer loop
     vertex -5.235272e+01  1.311352e+01  1.421085e-14
     vertex -5.221093e+01  1.322168e+01  1.200000e+01
     vertex -5.235272e+01  1.311352e+01  1.200000e+01
   endloop
 endfacet
 facet normal  6.280757e-01 -7.781522e-01  4.462747e-15
   outer loop
     vertex -5.235272e+01  1.311352e+01  1.421085e-14
     vertex -5.235272e+01  1.311352e+01  1.200000e+01
     vertex -5.249150e+01  1.300151e+01  1.421085e-14
   endloop
 endfacet
 facet normal  6.064915e-01 -7.950900e-01  4.309381e-15
   outer loop
     vertex -5.221093e+01  1.322168e+01  1.421085e-14
     vertex -5.221093e+01  1.322168e+01  1.200000e+01
     vertex -5.235272e+01  1.311352e+01  1.421085e-14
   endloop
 endfacet
 facet normal  5.844507e-01 -8.114292e-01  4.153498e-15
   outer loop
     vertex -5.206622e+01  1.332591e+01  1.421085e-14
     vertex -5.221093e+01  1.322168e+01  1.200000e+01
     vertex -5.221093e+01  1.322168e+01  1.421085e-14
   endloop
 endfacet
 facet normal  5.844507e-01 -8.114292e-01  4.152772e-15
   outer loop
     vertex -5.206622e+01  1.332591e+01  1.421085e-14
     vertex -5.206622e+01  1.332591e+01  1.200000e+01
     vertex -5.221093e+01  1.322168e+01  1.200000e+01
   endloop
 endfacet
 facet normal  5.619699e-01 -8.271577e-01  1.331012e-15
   outer loop
     vertex -5.191870e+01  1.342613e+01  1.421085e-14
     vertex -5.191870e+01  1.342613e+01  1.200000e+01
     vertex -5.206622e+01  1.332591e+01  1.200000e+01
   endloop
 endfacet
 facet normal  5.619699e-01 -8.271577e-01  3.993000e-15
   outer loop
     vertex -5.191870e+01  1.342613e+01  1.421085e-14
     vertex -5.206622e+01  1.332591e+01  1.200000e+01
     vertex -5.206622e+01  1.332591e+01  1.421085e-14
   endloop
 endfacet
 facet normal  5.390661e-01 -8.422635e-01  1.276690e-15
   outer loop
     vertex -5.176850e+01  1.352227e+01  1.421085e-14
     vertex -5.191870e+01  1.342613e+01  1.200000e+01
     vertex -5.191870e+01  1.342613e+01  1.421085e-14
   endloop
 endfacet
 facet normal  5.390661e-01 -8.422635e-01  1.276765e-15
   outer loop
     vertex -5.176850e+01  1.352227e+01  1.421085e-14
     vertex -5.176850e+01  1.352227e+01  1.200000e+01
     vertex -5.191870e+01  1.342613e+01  1.200000e+01
   endloop
 endfacet
 facet normal  5.157565e-01 -8.567352e-01  1.221569e-15
   outer loop
     vertex -5.161571e+01  1.361424e+01  1.421085e-14
     vertex -5.176850e+01  1.352227e+01  1.200000e+01
     vertex -5.176850e+01  1.352227e+01  1.421085e-14
   endloop
 endfacet
 facet normal  5.157565e-01 -8.567352e-01  1.221557e-15
   outer loop
     vertex -5.161571e+01  1.361424e+01  1.421085e-14
     vertex -5.161571e+01  1.361424e+01  1.200000e+01
     vertex -5.176850e+01  1.352227e+01  1.200000e+01
   endloop
 endfacet
 facet normal  4.920587e-01 -8.705620e-01  1.165638e-15
   outer loop
     vertex -5.146045e+01  1.370200e+01  1.421085e-14
     vertex -5.161571e+01  1.361424e+01  1.200000e+01
     vertex -5.161571e+01  1.361424e+01  1.421085e-14
   endloop
 endfacet
 facet normal  4.920587e-01 -8.705620e-01  3.496287e-15
   outer loop
     vertex -5.146045e+01  1.370200e+01  1.421085e-14
     vertex -5.146045e+01  1.370200e+01  1.200000e+01
     vertex -5.161571e+01  1.361424e+01  1.200000e+01
   endloop
 endfacet
 facet normal  4.679904e-01 -8.837335e-01  3.325068e-15
   outer loop
     vertex -5.130285e+01  1.378546e+01  1.421085e-14
     vertex -5.146045e+01  1.370200e+01  1.200000e+01
     vertex -5.146045e+01  1.370200e+01  1.421085e-14
   endloop
 endfacet
 facet normal  4.679904e-01 -8.837335e-01  1.108424e-15
   outer loop
     vertex -5.130285e+01  1.378546e+01  1.421085e-14
     vertex -5.130285e+01  1.378546e+01  1.200000e+01
     vertex -5.146045e+01  1.370200e+01  1.200000e+01
   endloop
 endfacet
 facet normal  4.435699e-01 -8.962398e-01  1.050533e-15
   outer loop
     vertex -5.114302e+01  1.386456e+01  1.421085e-14
     vertex -5.130285e+01  1.378546e+01  1.200000e+01
     vertex -5.130285e+01  1.378546e+01  1.421085e-14
   endloop
 endfacet
 facet normal  4.435699e-01 -8.962398e-01  1.050585e-15
   outer loop
     vertex -5.114302e+01  1.386456e+01  1.421085e-14
     vertex -5.114302e+01  1.386456e+01  1.200000e+01
     vertex -5.130285e+01  1.378546e+01  1.200000e+01
   endloop
 endfacet
 facet normal  4.188155e-01 -9.080714e-01  9.913599e-16
   outer loop
     vertex -5.098107e+01  1.393925e+01  1.421085e-14
     vertex -5.114302e+01  1.386456e+01  1.200000e+01
     vertex -5.114302e+01  1.386456e+01  1.421085e-14
   endloop
 endfacet
 facet normal  4.188155e-01 -9.080714e-01  2.975863e-15
   outer loop
     vertex -5.098107e+01  1.393925e+01  1.421085e-14
     vertex -5.098107e+01  1.393925e+01  1.200000e+01
     vertex -5.114302e+01  1.386456e+01  1.200000e+01
   endloop
 endfacet
 facet normal  3.937458e-01 -9.192194e-01  2.797370e-15
   outer loop
     vertex -5.081714e+01  1.400947e+01  1.421085e-14
     vertex -5.098107e+01  1.393925e+01  1.200000e+01
     vertex -5.098107e+01  1.393925e+01  1.421085e-14
   endloop
 endfacet
 facet normal  3.937458e-01 -9.192194e-01  2.797732e-15
   outer loop
     vertex -5.081714e+01  1.400947e+01  1.421085e-14
     vertex -5.081714e+01  1.400947e+01  1.200000e+01
     vertex -5.098107e+01  1.393925e+01  1.200000e+01
   endloop
 endfacet
 facet normal  3.683796e-01 -9.296754e-01  2.617417e-15
   outer loop
     vertex -5.065134e+01  1.407517e+01  1.421085e-14
     vertex -5.081714e+01  1.400947e+01  1.200000e+01
     vertex -5.081714e+01  1.400947e+01  1.421085e-14
   endloop
 endfacet
 facet normal  3.683796e-01 -9.296754e-01  8.724983e-16
   outer loop
     vertex -5.065134e+01  1.407517e+01  1.421085e-14
     vertex -5.065134e+01  1.407517e+01  1.200000e+01
     vertex -5.081714e+01  1.400947e+01  1.200000e+01
   endloop
 endfacet
 facet normal  3.427362e-01 -9.394317e-01  8.117625e-16
   outer loop
     vertex -5.065134e+01  1.407517e+01  1.421085e-14
     vertex -5.048381e+01  1.413629e+01  1.200000e+01
     vertex -5.065134e+01  1.407517e+01  1.200000e+01
   endloop
 endfacet
 facet normal  3.427362e-01 -9.394317e-01  8.117625e-16
   outer loop
     vertex -5.048381e+01  1.413629e+01  1.421085e-14
     vertex -5.048381e+01  1.413629e+01  1.200000e+01
     vertex -5.065134e+01  1.407517e+01  1.421085e-14
   endloop
 endfacet
 facet normal  3.168348e-01 -9.484807e-01  7.498020e-16
   outer loop
     vertex -5.031466e+01  1.419280e+01  1.421085e-14
     vertex -5.048381e+01  1.413629e+01  1.200000e+01
     vertex -5.048381e+01  1.413629e+01  1.421085e-14
   endloop
 endfacet
 facet normal  3.168348e-01 -9.484807e-01  2.251247e-15
   outer loop
     vertex -5.031466e+01  1.419280e+01  1.421085e-14
     vertex -5.031466e+01  1.419280e+01  1.200000e+01
     vertex -5.048381e+01  1.413629e+01  1.200000e+01
   endloop
 endfacet
 facet normal  2.906949e-01 -9.568158e-01  2.065401e-15
   outer loop
     vertex -5.014402e+01  1.424464e+01  1.421085e-14
     vertex -5.031466e+01  1.419280e+01  1.200000e+01
     vertex -5.031466e+01  1.419280e+01  1.421085e-14
   endloop
 endfacet
 facet normal  2.906949e-01 -9.568158e-01  2.065512e-15
   outer loop
     vertex -5.014402e+01  1.424464e+01  1.421085e-14
     vertex -5.014402e+01  1.424464e+01  1.200000e+01
     vertex -5.031466e+01  1.419280e+01  1.200000e+01
   endloop
 endfacet
 facet normal  2.643362e-01 -9.644306e-01  1.878153e-15
   outer loop
     vertex -4.997203e+01  1.429178e+01  1.421085e-14
     vertex -5.014402e+01  1.424464e+01  1.200000e+01
     vertex -5.014402e+01  1.424464e+01  1.421085e-14
   endloop
 endfacet
 facet normal  2.643362e-01 -9.644306e-01  6.260738e-16
   outer loop
     vertex -4.997203e+01  1.429178e+01  1.421085e-14
     vertex -4.997203e+01  1.429178e+01  1.200000e+01
     vertex -5.014402e+01  1.424464e+01  1.200000e+01
   endloop
 endfacet
 facet normal  2.377784e-01 -9.713194e-01  5.633648e-16
   outer loop
     vertex -4.979880e+01  1.433418e+01  1.421085e-14
     vertex -4.997203e+01  1.429178e+01  1.200000e+01
     vertex -4.997203e+01  1.429178e+01  1.421085e-14
   endloop
 endfacet
 facet normal  2.377784e-01 -9.713194e-01  1.689517e-15
   outer loop
     vertex -4.979880e+01  1.433418e+01  1.421085e-14
     vertex -4.979880e+01  1.433418e+01  1.200000e+01
     vertex -4.997203e+01  1.429178e+01  1.200000e+01
   endloop
 endfacet
 facet normal  2.110417e-01 -9.774771e-01  1.499604e-15
   outer loop
     vertex -4.962448e+01  1.437182e+01  1.421085e-14
     vertex -4.979880e+01  1.433418e+01  1.200000e+01
     vertex -4.979880e+01  1.433418e+01  1.421085e-14
   endloop
 endfacet
 facet normal  2.110417e-01 -9.774771e-01  4.998472e-16
   outer loop
     vertex -4.962448e+01  1.437182e+01  1.421085e-14
     vertex -4.962448e+01  1.437182e+01  1.200000e+01
     vertex -4.979880e+01  1.433418e+01  1.200000e+01
   endloop
 endfacet
 facet normal  1.841461e-01 -9.828989e-01  4.361011e-16
   outer loop
     vertex -4.944919e+01  1.440466e+01  1.421085e-14
     vertex -4.962448e+01  1.437182e+01  1.200000e+01
     vertex -4.962448e+01  1.437182e+01  1.421085e-14
   endloop
 endfacet
 facet normal  1.841461e-01 -9.828989e-01  1.308437e-15
   outer loop
     vertex -4.944919e+01  1.440466e+01  1.421085e-14
     vertex -4.944919e+01  1.440466e+01  1.200000e+01
     vertex -4.962448e+01  1.437182e+01  1.200000e+01
   endloop
 endfacet
 facet normal  1.571119e-01 -9.875808e-01  1.116347e-15
   outer loop
     vertex -4.944919e+01  1.440466e+01  1.421085e-14
     vertex -4.927307e+01  1.443268e+01  1.200000e+01
     vertex -4.944919e+01  1.440466e+01  1.200000e+01
   endloop
 endfacet
 facet normal  1.571119e-01 -9.875808e-01  3.721158e-16
   outer loop
     vertex -4.927307e+01  1.443268e+01  1.421085e-14
     vertex -4.927307e+01  1.443268e+01  1.200000e+01
     vertex -4.944919e+01  1.440466e+01  1.421085e-14
   endloop
 endfacet
 facet normal  1.299594e-01 -9.915193e-01  3.078058e-16
   outer loop
     vertex -4.927307e+01  1.443268e+01  1.421085e-14
     vertex -4.909624e+01  1.445586e+01  1.200000e+01
     vertex -4.927307e+01  1.443268e+01  1.200000e+01
   endloop
 endfacet
 facet normal  1.299594e-01 -9.915193e-01  3.078058e-16
   outer loop
     vertex -4.909624e+01  1.445586e+01  1.421085e-14
     vertex -4.909624e+01  1.445586e+01  1.200000e+01
     vertex -4.927307e+01  1.443268e+01  1.421085e-14
   endloop
 endfacet
 facet normal  1.027091e-01 -9.947114e-01  2.431790e-16
   outer loop
     vertex -4.891885e+01  1.447417e+01  1.421085e-14
     vertex -4.909624e+01  1.445586e+01  1.200000e+01
     vertex -4.909624e+01  1.445586e+01  1.421085e-14
   endloop
 endfacet
 facet normal  1.027091e-01 -9.947114e-01  7.297924e-16
   outer loop
     vertex -4.891885e+01  1.447417e+01  1.421085e-14
     vertex -4.891885e+01  1.447417e+01  1.200000e+01
     vertex -4.909624e+01  1.445586e+01  1.200000e+01
   endloop
 endfacet
 facet normal  7.538152e-02 -9.971548e-01  5.356018e-16
   outer loop
     vertex -4.874102e+01  1.448762e+01  1.421085e-14
     vertex -4.891885e+01  1.447417e+01  1.200000e+01
     vertex -4.891885e+01  1.447417e+01  1.421085e-14
   endloop
 endfacet
 facet normal  7.538152e-02 -9.971548e-01  5.356179e-16
   outer loop
     vertex -4.874102e+01  1.448762e+01  1.421085e-14
     vertex -4.874102e+01  1.448762e+01  1.200000e+01
     vertex -4.891885e+01  1.447417e+01  1.200000e+01
   endloop
 endfacet
 facet normal  4.799716e-02 -9.988475e-01  3.410586e-16
   outer loop
     vertex -4.856289e+01  1.449618e+01  1.421085e-14
     vertex -4.874102e+01  1.448762e+01  1.200000e+01
     vertex -4.874102e+01  1.448762e+01  1.421085e-14
   endloop
 endfacet
 facet normal  4.799716e-02 -9.988475e-01  3.410403e-16
   outer loop
     vertex -4.856289e+01  1.449618e+01  1.421085e-14
     vertex -4.856289e+01  1.449618e+01  1.200000e+01
     vertex -4.874102e+01  1.448762e+01  1.200000e+01
   endloop
 endfacet
 facet normal  2.057667e-02 -9.997883e-01  1.462060e-16
   outer loop
     vertex -4.838459e+01  1.449985e+01  1.421085e-14
     vertex -4.838459e+01  1.449985e+01  1.200000e+01
     vertex -4.856289e+01  1.449618e+01  1.200000e+01
   endloop
 endfacet
 facet normal  2.057667e-02 -9.997883e-01  1.462114e-16
   outer loop
     vertex -4.838459e+01  1.449985e+01  1.421085e-14
     vertex -4.856289e+01  1.449618e+01  1.200000e+01
     vertex -4.856289e+01  1.449618e+01  1.421085e-14
   endloop
 endfacet
 facet normal -6.859319e-03 -9.999765e-01 -4.873839e-17
   outer loop
     vertex -4.838459e+01  1.449985e+01  1.421085e-14
     vertex -4.820625e+01  1.449862e+01  1.200000e+01
     vertex -4.838459e+01  1.449985e+01  1.200000e+01
   endloop
 endfacet
 facet normal -6.859319e-03 -9.999765e-01 -4.873839e-17
   outer loop
     vertex -4.820625e+01  1.449862e+01  1.421085e-14
     vertex -4.820625e+01  1.449862e+01  1.200000e+01
     vertex -4.838459e+01  1.449985e+01  1.421085e-14
   endloop
 endfacet
 facet normal -3.429014e-02 -9.994119e-01 -8.121537e-17
   outer loop
     vertex -4.802802e+01  1.449251e+01  1.421085e-14
     vertex -4.802802e+01  1.449251e+01  1.200000e+01
     vertex -4.820625e+01  1.449862e+01  1.200000e+01
   endloop
 endfacet
 facet normal -3.429014e-02 -9.994119e-01 -2.435843e-16
   outer loop
     vertex -4.802802e+01  1.449251e+01  1.421085e-14
     vertex -4.820625e+01  1.449862e+01  1.200000e+01
     vertex -4.820625e+01  1.449862e+01  1.421085e-14
   endloop
 endfacet
 facet normal -6.169515e-02 -9.980950e-01 -4.383704e-16
   outer loop
     vertex -4.785002e+01  1.448151e+01  1.421085e-14
     vertex -4.785002e+01  1.448151e+01  1.200000e+01
     vertex -4.802802e+01  1.449251e+01  1.200000e+01
   endloop
 endfacet
 facet normal -8.905371e-02 -9.960268e-01 -6.327647e-16
   outer loop
     vertex -4.785002e+01  1.448151e+01  1.421085e-14
     vertex -4.767239e+01  1.446562e+01  1.200000e+01
     vertex -4.785002e+01  1.448151e+01  1.200000e+01
   endloop
 endfacet
 facet normal -6.169515e-02 -9.980950e-01 -1.461101e-16
   outer loop
     vertex -4.785002e+01  1.448151e+01  1.421085e-14
     vertex -4.802802e+01  1.449251e+01  1.200000e+01
     vertex -4.802802e+01  1.449251e+01  1.421085e-14
   endloop
 endfacet
 facet normal -8.905371e-02 -9.960268e-01 -2.109216e-16
   outer loop
     vertex -4.767239e+01  1.446562e+01  1.421085e-14
     vertex -4.767239e+01  1.446562e+01  1.200000e+01
     vertex -4.785002e+01  1.448151e+01  1.421085e-14
   endloop
 endfacet
 facet normal -1.163452e-01 -9.932088e-01 -2.756029e-16
   outer loop
     vertex -4.749526e+01  1.444488e+01  1.421085e-14
     vertex -4.767239e+01  1.446562e+01  1.200000e+01
     vertex -4.767239e+01  1.446562e+01  1.421085e-14
   endloop
 endfacet
 facet normal -1.163452e-01 -9.932088e-01 -8.266827e-16
   outer loop
     vertex -4.749526e+01  1.444488e+01  1.421085e-14
     vertex -4.749526e+01  1.444488e+01  1.200000e+01
     vertex -4.767239e+01  1.446562e+01  1.200000e+01
   endloop
 endfacet
 facet normal -1.435492e-01 -9.896432e-01 -1.020136e-15
   outer loop
     vertex -4.731877e+01  1.441928e+01  1.421085e-14
     vertex -4.749526e+01  1.444488e+01  1.200000e+01
     vertex -4.749526e+01  1.444488e+01  1.421085e-14
   endloop
 endfacet
 facet normal -1.435492e-01 -9.896432e-01 -3.399928e-16
   outer loop
     vertex -4.731877e+01  1.441928e+01  1.421085e-14
     vertex -4.731877e+01  1.441928e+01  1.200000e+01
     vertex -4.749526e+01  1.444488e+01  1.200000e+01
   endloop
 endfacet
 facet normal -1.706451e-01 -9.853326e-01 -4.041687e-16
   outer loop
     vertex -4.731877e+01  1.441928e+01  1.421085e-14
     vertex -4.714305e+01  1.438884e+01  1.200000e+01
     vertex -4.731877e+01  1.441928e+01  1.200000e+01
   endloop
 endfacet
 facet normal -1.706451e-01 -9.853326e-01 -4.041687e-16
   outer loop
     vertex -4.714305e+01  1.438884e+01  1.421085e-14
     vertex -4.714305e+01  1.438884e+01  1.200000e+01
     vertex -4.731877e+01  1.441928e+01  1.421085e-14
   endloop
 endfacet
 facet normal -1.976125e-01 -9.802802e-01 -4.681197e-16
   outer loop
     vertex -4.696823e+01  1.435360e+01  1.421085e-14
     vertex -4.714305e+01  1.438884e+01  1.200000e+01
     vertex -4.714305e+01  1.438884e+01  1.421085e-14
   endloop
 endfacet
 facet normal -1.976125e-01 -9.802802e-01 -1.404121e-15
   outer loop
     vertex -4.696823e+01  1.435360e+01  1.421085e-14
     vertex -4.696823e+01  1.435360e+01  1.200000e+01
     vertex -4.714305e+01  1.438884e+01  1.200000e+01
   endloop
 endfacet
 facet normal -2.244312e-01 -9.744899e-01 -1.594849e-15
   outer loop
     vertex -4.679444e+01  1.431358e+01  1.421085e-14
     vertex -4.696823e+01  1.435360e+01  1.200000e+01
     vertex -4.696823e+01  1.435360e+01  1.421085e-14
   endloop
 endfacet
 facet normal -2.244312e-01 -9.744899e-01 -1.594680e-15
   outer loop
     vertex -4.679444e+01  1.431358e+01  1.421085e-14
     vertex -4.679444e+01  1.431358e+01  1.200000e+01
     vertex -4.696823e+01  1.435360e+01  1.200000e+01
   endloop
 endfacet
 facet normal -2.510809e-01 -9.679661e-01 -1.784037e-15
   outer loop
     vertex -4.679444e+01  1.431358e+01  1.421085e-14
     vertex -4.662181e+01  1.426880e+01  1.200000e+01
     vertex -4.679444e+01  1.431358e+01  1.200000e+01
   endloop
 endfacet
 facet normal -2.510809e-01 -9.679661e-01 -1.784037e-15
   outer loop
     vertex -4.662181e+01  1.426880e+01  1.421085e-14
     vertex -4.662181e+01  1.426880e+01  1.200000e+01
     vertex -4.679444e+01  1.431358e+01  1.421085e-14
   endloop
 endfacet
 facet normal -2.775416e-01 -9.607136e-01 -1.972182e-15
   outer loop
     vertex -4.645048e+01  1.421930e+01  1.421085e-14
     vertex -4.662181e+01  1.426880e+01  1.200000e+01
     vertex -4.662181e+01  1.426880e+01  1.421085e-14
   endloop
 endfacet
 facet normal -2.775416e-01 -9.607136e-01 -1.972052e-15
   outer loop
     vertex -4.645048e+01  1.421930e+01  1.421085e-14
     vertex -4.645048e+01  1.421930e+01  1.200000e+01
     vertex -4.662181e+01  1.426880e+01  1.200000e+01
   endloop
 endfacet
 facet normal -3.037934e-01 -9.527379e-01 -2.158619e-15
   outer loop
     vertex -4.628057e+01  1.416512e+01  1.421085e-14
     vertex -4.645048e+01  1.421930e+01  1.200000e+01
     vertex -4.645048e+01  1.421930e+01  1.421085e-14
   endloop
 endfacet
 facet normal -3.037934e-01 -9.527379e-01 -2.158582e-15
   outer loop
     vertex -4.628057e+01  1.416512e+01  1.421085e-14
     vertex -4.628057e+01  1.416512e+01  1.200000e+01
     vertex -4.645048e+01  1.421930e+01  1.200000e+01
   endloop
 endfacet
 facet normal -3.298166e-01 -9.440450e-01 -2.343435e-15
   outer loop
     vertex -4.611221e+01  1.410631e+01  1.421085e-14
     vertex -4.628057e+01  1.416512e+01  1.200000e+01
     vertex -4.628057e+01  1.416512e+01  1.421085e-14
   endloop
 endfacet
 facet normal -3.298166e-01 -9.440450e-01 -2.343488e-15
   outer loop
     vertex -4.611221e+01  1.410631e+01  1.421085e-14
     vertex -4.611221e+01  1.410631e+01  1.200000e+01
     vertex -4.628057e+01  1.416512e+01  1.200000e+01
   endloop
 endfacet
 facet normal -3.555914e-01 -9.346415e-01 -2.526629e-15
   outer loop
     vertex -4.611221e+01  1.410631e+01  1.421085e-14
     vertex -4.594553e+01  1.404289e+01  1.200000e+01
     vertex -4.611221e+01  1.410631e+01  1.200000e+01
   endloop
 endfacet
 facet normal -3.555914e-01 -9.346415e-01 -2.526629e-15
   outer loop
     vertex -4.594553e+01  1.404289e+01  1.421085e-14
     vertex -4.594553e+01  1.404289e+01  1.200000e+01
     vertex -4.611221e+01  1.410631e+01  1.421085e-14
   endloop
 endfacet
 facet normal -4.063188e-01 -9.137314e-01 -9.623563e-16
   outer loop
     vertex -4.578065e+01  1.397493e+01  1.421085e-14
     vertex -4.561770e+01  1.390246e+01  1.200000e+01
     vertex -4.578065e+01  1.397493e+01  1.200000e+01
   endloop
 endfacet
 facet normal -3.810986e-01 -9.245344e-01 -2.708204e-15
   outer loop
     vertex -4.578065e+01  1.397493e+01  1.421085e-14
     vertex -4.594553e+01  1.404289e+01  1.200000e+01
     vertex -4.594553e+01  1.404289e+01  1.421085e-14
   endloop
 endfacet
 facet normal -3.810986e-01 -9.245344e-01 -9.026227e-16
   outer loop
     vertex -4.578065e+01  1.397493e+01  1.421085e-14
     vertex -4.578065e+01  1.397493e+01  1.200000e+01
     vertex -4.594553e+01  1.404289e+01  1.200000e+01
   endloop
 endfacet
 facet normal -4.063188e-01 -9.137314e-01 -9.623563e-16
   outer loop
     vertex -4.561770e+01  1.390246e+01  1.421085e-14
     vertex -4.561770e+01  1.390246e+01  1.200000e+01
     vertex -4.578065e+01  1.397493e+01  1.421085e-14
   endloop
 endfacet
 facet normal -4.312333e-01 -9.022405e-01 -1.021366e-15
   outer loop
     vertex -4.545680e+01  1.382556e+01  1.421085e-14
     vertex -4.545680e+01  1.382556e+01  1.200000e+01
     vertex -4.561770e+01  1.390246e+01  1.200000e+01
   endloop
 endfacet
 facet normal -4.312333e-01 -9.022405e-01 -1.021352e-15
   outer loop
     vertex -4.545680e+01  1.382556e+01  1.421085e-14
     vertex -4.561770e+01  1.390246e+01  1.200000e+01
     vertex -4.561770e+01  1.390246e+01  1.421085e-14
   endloop
 endfacet
 facet normal -4.558231e-01 -8.900704e-01 -3.238818e-15
   outer loop
     vertex -4.529806e+01  1.374427e+01  1.421085e-14
     vertex -4.529806e+01  1.374427e+01  1.200000e+01
     vertex -4.545680e+01  1.382556e+01  1.200000e+01
   endloop
 endfacet
 facet normal -4.800697e-01 -8.772303e-01 -3.411101e-15
   outer loop
     vertex -4.529806e+01  1.374427e+01  1.421085e-14
     vertex -4.514162e+01  1.365865e+01  1.200000e+01
     vertex -4.529806e+01  1.374427e+01  1.200000e+01
   endloop
 endfacet
 facet normal -4.558231e-01 -8.900704e-01 -1.079715e-15
   outer loop
     vertex -4.529806e+01  1.374427e+01  1.421085e-14
     vertex -4.545680e+01  1.382556e+01  1.200000e+01
     vertex -4.545680e+01  1.382556e+01  1.421085e-14
   endloop
 endfacet
 facet normal -4.800697e-01 -8.772303e-01 -1.137034e-15
   outer loop
     vertex -4.514162e+01  1.365865e+01  1.421085e-14
     vertex -4.514162e+01  1.365865e+01  1.200000e+01
     vertex -4.529806e+01  1.374427e+01  1.421085e-14
   endloop
 endfacet
 facet normal -5.039550e-01 -8.637299e-01 -3.580816e-15
   outer loop
     vertex -4.498758e+01  1.356878e+01  1.421085e-14
     vertex -4.498758e+01  1.356878e+01  1.200000e+01
     vertex -4.514162e+01  1.365865e+01  1.200000e+01
   endloop
 endfacet
 facet normal -5.039550e-01 -8.637299e-01 -1.193199e-15
   outer loop
     vertex -4.498758e+01  1.356878e+01  1.421085e-14
     vertex -4.514162e+01  1.365865e+01  1.200000e+01
     vertex -4.514162e+01  1.365865e+01  1.421085e-14
   endloop
 endfacet
 facet normal -5.274609e-01 -8.495793e-01 -3.747835e-15
   outer loop
     vertex -4.483607e+01  1.347471e+01  1.421085e-14
     vertex -4.483607e+01  1.347471e+01  1.200000e+01
     vertex -4.498758e+01  1.356878e+01  1.200000e+01
   endloop
 endfacet
 facet normal -5.505698e-01 -8.347891e-01 -3.912034e-15
   outer loop
     vertex -4.483607e+01  1.347471e+01  1.421085e-14
     vertex -4.468720e+01  1.337652e+01  1.200000e+01
     vertex -4.483607e+01  1.347471e+01  1.200000e+01
   endloop
 endfacet
 facet normal -5.274609e-01 -8.495793e-01 -3.748200e-15
   outer loop
     vertex -4.483607e+01  1.347471e+01  1.421085e-14
     vertex -4.498758e+01  1.356878e+01  1.200000e+01
     vertex -4.498758e+01  1.356878e+01  1.421085e-14
   endloop
 endfacet
 facet normal -5.505698e-01 -8.347891e-01 -3.912034e-15
   outer loop
     vertex -4.468720e+01  1.337652e+01  1.421085e-14
     vertex -4.468720e+01  1.337652e+01  1.200000e+01
     vertex -4.483607e+01  1.347471e+01  1.421085e-14
   endloop
 endfacet
 facet normal -5.732642e-01 -8.193706e-01 -4.073287e-15
   outer loop
     vertex -4.454107e+01  1.327429e+01  1.421085e-14
     vertex -4.454107e+01  1.327429e+01  1.200000e+01
     vertex -4.468720e+01  1.337652e+01  1.200000e+01
   endloop
 endfacet
 facet normal -5.732642e-01 -8.193706e-01 -4.073249e-15
   outer loop
     vertex -4.454107e+01  1.327429e+01  1.421085e-14
     vertex -4.468720e+01  1.337652e+01  1.200000e+01
     vertex -4.468720e+01  1.337652e+01  1.421085e-14
   endloop
 endfacet
 facet normal -5.955271e-01 -8.033352e-01 -4.231475e-15
   outer loop
     vertex -4.439781e+01  1.316808e+01  1.421085e-14
     vertex -4.439781e+01  1.316808e+01  1.200000e+01
     vertex -4.454107e+01  1.327429e+01  1.200000e+01
   endloop
 endfacet
 facet normal -6.173417e-01 -7.866951e-01 -4.386477e-15
   outer loop
     vertex -4.439781e+01  1.316808e+01  1.421085e-14
     vertex -4.425751e+01  1.305799e+01  1.200000e+01
     vertex -4.439781e+01  1.316808e+01  1.200000e+01
   endloop
 endfacet
 facet normal -5.955271e-01 -8.033352e-01 -4.231315e-15
   outer loop
     vertex -4.439781e+01  1.316808e+01  1.421085e-14
     vertex -4.454107e+01  1.327429e+01  1.200000e+01
     vertex -4.454107e+01  1.327429e+01  1.421085e-14
   endloop
 endfacet
 facet normal -6.173417e-01 -7.866951e-01 -1.462159e-15
   outer loop
     vertex -4.425751e+01  1.305799e+01  1.421085e-14
     vertex -4.425751e+01  1.305799e+01  1.200000e+01
     vertex -4.439781e+01  1.316808e+01  1.421085e-14
   endloop
 endfacet
 facet normal -6.386916e-01 -7.694628e-01 -4.538177e-15
   outer loop
     vertex -4.412028e+01  1.294409e+01  1.421085e-14
     vertex -4.412028e+01  1.294409e+01  1.200000e+01
     vertex -4.425751e+01  1.305799e+01  1.200000e+01
   endloop
 endfacet
 facet normal -6.386916e-01 -7.694628e-01 -1.514195e-15
   outer loop
     vertex -4.412028e+01  1.294409e+01  1.421085e-14
     vertex -4.425751e+01  1.305799e+01  1.200000e+01
     vertex -4.425751e+01  1.305799e+01  1.421085e-14
   endloop
 endfacet
 facet normal -6.595607e-01 -7.516513e-01 -4.686460e-15
   outer loop
     vertex -4.398624e+01  1.282646e+01  1.421085e-14
     vertex -4.398624e+01  1.282646e+01  1.200000e+01
     vertex -4.412028e+01  1.294409e+01  1.200000e+01
   endloop
 endfacet
 facet normal -6.595607e-01 -7.516513e-01 -4.686871e-15
   outer loop
     vertex -4.398624e+01  1.282646e+01  1.421085e-14
     vertex -4.412028e+01  1.294409e+01  1.200000e+01
     vertex -4.412028e+01  1.294409e+01  1.421085e-14
   endloop
 endfacet
 facet normal -6.799333e-01 -7.332740e-01 -1.610405e-15
   outer loop
     vertex -4.385546e+01  1.270520e+01  1.421085e-14
     vertex -4.385546e+01  1.270520e+01  1.200000e+01
     vertex -4.398624e+01  1.282646e+01  1.200000e+01
   endloop
 endfacet
 facet normal -6.997940e-01 -7.143447e-01 -1.657445e-15
   outer loop
     vertex -4.385546e+01  1.270520e+01  1.421085e-14
     vertex -4.372807e+01  1.258040e+01  1.200000e+01
     vertex -4.385546e+01  1.270520e+01  1.200000e+01
   endloop
 endfacet
 facet normal -6.799333e-01 -7.332740e-01 -4.831157e-15
   outer loop
     vertex -4.385546e+01  1.270520e+01  1.421085e-14
     vertex -4.398624e+01  1.282646e+01  1.200000e+01
     vertex -4.398624e+01  1.282646e+01  1.421085e-14
   endloop
 endfacet
 facet normal -6.997940e-01 -7.143447e-01 -4.972336e-15
   outer loop
     vertex -4.372807e+01  1.258040e+01  1.421085e-14
     vertex -4.372807e+01  1.258040e+01  1.200000e+01
     vertex -4.385546e+01  1.270520e+01  1.421085e-14
   endloop
 endfacet
 facet normal -7.191280e-01 -6.948776e-01 -5.109712e-15
   outer loop
     vertex -4.372807e+01  1.258040e+01  1.421085e-14
     vertex -4.360415e+01  1.245216e+01  1.200000e+01
     vertex -4.372807e+01  1.258040e+01  1.200000e+01
   endloop
 endfacet
 facet normal -7.191280e-01 -6.948776e-01 -1.703237e-15
   outer loop
     vertex -4.360415e+01  1.245216e+01  1.421085e-14
     vertex -4.360415e+01  1.245216e+01  1.200000e+01
     vertex -4.372807e+01  1.258040e+01  1.421085e-14
   endloop
 endfacet
 facet normal -7.379206e-01 -6.748875e-01 -1.747747e-15
   outer loop
     vertex -4.360415e+01  1.245216e+01  1.421085e-14
     vertex -4.348379e+01  1.232056e+01  1.200000e+01
     vertex -4.360415e+01  1.245216e+01  1.200000e+01
   endloop
 endfacet
 facet normal -7.379206e-01 -6.748875e-01 -5.243241e-15
   outer loop
     vertex -4.348379e+01  1.232056e+01  1.421085e-14
     vertex -4.348379e+01  1.232056e+01  1.200000e+01
     vertex -4.360415e+01  1.245216e+01  1.421085e-14
   endloop
 endfacet
 facet normal -7.561578e-01 -6.543893e-01 -5.372636e-15
   outer loop
     vertex -4.336709e+01  1.218570e+01  1.421085e-14
     vertex -4.348379e+01  1.232056e+01  1.200000e+01
     vertex -4.348379e+01  1.232056e+01  1.421085e-14
   endloop
 endfacet
 facet normal -7.561578e-01 -6.543893e-01 -1.790941e-15
   outer loop
     vertex -4.336709e+01  1.218570e+01  1.421085e-14
     vertex -4.336709e+01  1.218570e+01  1.200000e+01
     vertex -4.348379e+01  1.232056e+01  1.200000e+01
   endloop
 endfacet
 facet normal -7.738257e-01 -6.333986e-01 -1.832787e-15
   outer loop
     vertex -4.336709e+01  1.218570e+01  1.421085e-14
     vertex -4.325413e+01  1.204770e+01  1.200000e+01
     vertex -4.336709e+01  1.218570e+01  1.200000e+01
   endloop
 endfacet
 facet normal -7.738257e-01 -6.333986e-01 -5.498362e-15
   outer loop
     vertex -4.325413e+01  1.204770e+01  1.421085e-14
     vertex -4.325413e+01  1.204770e+01  1.200000e+01
     vertex -4.336709e+01  1.218570e+01  1.421085e-14
   endloop
 endfacet
 facet normal -7.909112e-01 -6.119310e-01 -1.873254e-15
   outer loop
     vertex -4.314500e+01  1.190665e+01  1.421085e-14
     vertex -4.314500e+01  1.190665e+01  1.200000e+01
     vertex -4.325413e+01  1.204770e+01  1.200000e+01
   endloop
 endfacet
 facet normal -7.909112e-01 -6.119310e-01 -5.619868e-15
   outer loop
     vertex -4.314500e+01  1.190665e+01  1.421085e-14
     vertex -4.325413e+01  1.204770e+01  1.200000e+01
     vertex -4.325413e+01  1.204770e+01  1.421085e-14
   endloop
 endfacet
 facet normal -8.074012e-01 -5.900028e-01 -1.912198e-15
   outer loop
     vertex -4.303978e+01  1.176266e+01  1.421085e-14
     vertex -4.314500e+01  1.190665e+01  1.200000e+01
     vertex -4.314500e+01  1.190665e+01  1.421085e-14
   endloop
 endfacet
 facet normal -8.074012e-01 -5.900028e-01 -1.912310e-15
   outer loop
     vertex -4.303978e+01  1.176266e+01  1.421085e-14
     vertex -4.303978e+01  1.176266e+01  1.200000e+01
     vertex -4.314500e+01  1.190665e+01  1.200000e+01
   endloop
 endfacet
 facet normal -8.232835e-01 -5.676304e-01 -1.949927e-15
   outer loop
     vertex -4.303978e+01  1.176266e+01  1.421085e-14
     vertex -4.293855e+01  1.161584e+01  1.200000e+01
     vertex -4.303978e+01  1.176266e+01  1.200000e+01
   endloop
 endfacet
 facet normal -8.385460e-01 -5.448308e-01 -5.958228e-15
   outer loop
     vertex -4.293855e+01  1.161584e+01  1.421085e-14
     vertex -4.284138e+01  1.146629e+01  1.200000e+01
     vertex -4.293855e+01  1.161584e+01  1.200000e+01
   endloop
 endfacet
 facet normal -8.232835e-01 -5.676304e-01 -5.849781e-15
   outer loop
     vertex -4.293855e+01  1.161584e+01  1.421085e-14
     vertex -4.293855e+01  1.161584e+01  1.200000e+01
     vertex -4.303978e+01  1.176266e+01  1.421085e-14
   endloop
 endfacet
 facet normal -8.385460e-01 -5.448308e-01 -5.958228e-15
   outer loop
     vertex -4.284138e+01  1.146629e+01  1.421085e-14
     vertex -4.284138e+01  1.146629e+01  1.200000e+01
     vertex -4.293855e+01  1.161584e+01  1.421085e-14
   endloop
 endfacet
 facet normal -8.531773e-01 -5.216210e-01 -6.062189e-15
   outer loop
     vertex -4.274836e+01  1.131414e+01  1.421085e-14
     vertex -4.274836e+01  1.131414e+01  1.200000e+01
     vertex -4.284138e+01  1.146629e+01  1.200000e+01
   endloop
 endfacet
 facet normal -8.671664e-01 -4.980186e-01 -6.161588e-15
   outer loop
     vertex -4.274836e+01  1.131414e+01  1.421085e-14
     vertex -4.265954e+01  1.115949e+01  1.200000e+01
     vertex -4.274836e+01  1.131414e+01  1.200000e+01
   endloop
 endfacet
 facet normal -8.531773e-01 -5.216210e-01 -6.061643e-15
   outer loop
     vertex -4.274836e+01  1.131414e+01  1.421085e-14
     vertex -4.284138e+01  1.146629e+01  1.200000e+01
     vertex -4.284138e+01  1.146629e+01  1.421085e-14
   endloop
 endfacet
 facet normal -8.671664e-01 -4.980186e-01 -2.053863e-15
   outer loop
     vertex -4.265954e+01  1.115949e+01  1.421085e-14
     vertex -4.265954e+01  1.115949e+01  1.200000e+01
     vertex -4.274836e+01  1.131414e+01  1.421085e-14
   endloop
 endfacet
 facet normal -8.805026e-01 -4.740412e-01 -2.085449e-15
   outer loop
     vertex -4.257500e+01  1.100246e+01  1.421085e-14
     vertex -4.257500e+01  1.100246e+01  1.200000e+01
     vertex -4.265954e+01  1.115949e+01  1.200000e+01
   endloop
 endfacet
 facet normal -8.805026e-01 -4.740412e-01 -2.085666e-15
   outer loop
     vertex -4.257500e+01  1.100246e+01  1.421085e-14
     vertex -4.265954e+01  1.115949e+01  1.200000e+01
     vertex -4.265954e+01  1.115949e+01  1.421085e-14
   endloop
 endfacet
 facet normal -8.931761e-01 -4.497071e-01 -6.346398e-15
   outer loop
     vertex -4.249480e+01  1.084318e+01  1.421085e-14
     vertex -4.249480e+01  1.084318e+01  1.200000e+01
     vertex -4.257500e+01  1.100246e+01  1.200000e+01
   endloop
 endfacet
 facet normal -9.051772e-01 -4.250344e-01 -6.431671e-15
   outer loop
     vertex -4.249480e+01  1.084318e+01  1.421085e-14
     vertex -4.241900e+01  1.068175e+01  1.200000e+01
     vertex -4.249480e+01  1.084318e+01  1.200000e+01
   endloop
 endfacet
 facet normal -8.931761e-01 -4.497071e-01 -2.114847e-15
   outer loop
     vertex -4.249480e+01  1.084318e+01  1.421085e-14
     vertex -4.257500e+01  1.100246e+01  1.200000e+01
     vertex -4.257500e+01  1.100246e+01  1.421085e-14
   endloop
 endfacet
 facet normal -9.051772e-01 -4.250344e-01 -6.431671e-15
   outer loop
     vertex -4.241900e+01  1.068175e+01  1.421085e-14
     vertex -4.241900e+01  1.068175e+01  1.200000e+01
     vertex -4.249480e+01  1.084318e+01  1.421085e-14
   endloop
 endfacet
 facet normal -9.164969e-01 -4.000417e-01 -6.512102e-15
   outer loop
     vertex -4.234766e+01  1.051830e+01  1.421085e-14
     vertex -4.234766e+01  1.051830e+01  1.200000e+01
     vertex -4.241900e+01  1.068175e+01  1.200000e+01
   endloop
 endfacet
 facet normal -9.164969e-01 -4.000417e-01 -6.511524e-15
   outer loop
     vertex -4.234766e+01  1.051830e+01  1.421085e-14
     vertex -4.241900e+01  1.068175e+01  1.200000e+01
     vertex -4.241900e+01  1.068175e+01  1.421085e-14
   endloop
 endfacet
 facet normal -9.271267e-01 -3.747479e-01 -6.587632e-15
   outer loop
     vertex -4.228083e+01  1.035296e+01  1.421085e-14
     vertex -4.228083e+01  1.035296e+01  1.200000e+01
     vertex -4.234766e+01  1.051830e+01  1.200000e+01
   endloop
 endfacet
 facet normal -9.370586e-01 -3.491720e-01 -6.658202e-15
   outer loop
     vertex -4.228083e+01  1.035296e+01  1.421085e-14
     vertex -4.221856e+01  1.018585e+01  1.200000e+01
     vertex -4.228083e+01  1.035296e+01  1.200000e+01
   endloop
 endfacet
 facet normal -9.271267e-01 -3.747479e-01 -6.587720e-15
   outer loop
     vertex -4.228083e+01  1.035296e+01  1.421085e-14
     vertex -4.234766e+01  1.051830e+01  1.200000e+01
     vertex -4.234766e+01  1.051830e+01  1.421085e-14
   endloop
 endfacet
 facet normal -9.370586e-01 -3.491720e-01 -6.658202e-15
   outer loop
     vertex -4.221856e+01  1.018585e+01  1.421085e-14
     vertex -4.221856e+01  1.018585e+01  1.200000e+01
     vertex -4.228083e+01  1.035296e+01  1.421085e-14
   endloop
 endfacet
 facet normal -9.462851e-01 -3.233333e-01 -6.723760e-15
   outer loop
     vertex -4.216089e+01  1.001709e+01  1.421085e-14
     vertex -4.216089e+01  1.001709e+01  1.200000e+01
     vertex -4.221856e+01  1.018585e+01  1.200000e+01
   endloop
 endfacet
 facet normal -9.462851e-01 -3.233333e-01 -6.723901e-15
   outer loop
     vertex -4.216089e+01  1.001709e+01  1.421085e-14
     vertex -4.221856e+01  1.018585e+01  1.200000e+01
     vertex -4.221856e+01  1.018585e+01  1.421085e-14
   endloop
 endfacet
 facet normal -9.547993e-01 -2.972512e-01 -6.784257e-15
   outer loop
     vertex -4.210788e+01  9.846812e+00  1.421085e-14
     vertex -4.210788e+01  9.846812e+00  1.200000e+01
     vertex -4.216089e+01  1.001709e+01  1.200000e+01
   endloop
 endfacet
 facet normal -9.625948e-01 -2.709453e-01 -6.839647e-15
   outer loop
     vertex -4.210788e+01  9.846812e+00  1.421085e-14
     vertex -4.205956e+01  9.675145e+00  1.200000e+01
     vertex -4.210788e+01  9.846812e+00  1.200000e+01
   endloop
 endfacet
 facet normal -9.547993e-01 -2.972512e-01 -6.783885e-15
   outer loop
     vertex -4.210788e+01  9.846812e+00  1.421085e-14
     vertex -4.216089e+01  1.001709e+01  1.200000e+01
     vertex -4.216089e+01  1.001709e+01  1.421085e-14
   endloop
 endfacet
 facet normal -9.625948e-01 -2.709453e-01 -2.279882e-15
   outer loop
     vertex -4.205956e+01  9.675145e+00  1.421085e-14
     vertex -4.205956e+01  9.675145e+00  1.200000e+01
     vertex -4.210788e+01  9.846812e+00  1.421085e-14
   endloop
 endfacet
 facet normal -9.696656e-01 -2.444354e-01 -2.296629e-15
   outer loop
     vertex -4.201597e+01  9.502217e+00  1.421085e-14
     vertex -4.201597e+01  9.502217e+00  1.200000e+01
     vertex -4.205956e+01  9.675145e+00  1.200000e+01
   endloop
 endfacet
 facet normal -9.696656e-01 -2.444354e-01 -2.296421e-15
   outer loop
     vertex -4.201597e+01  9.502217e+00  1.421085e-14
     vertex -4.205956e+01  9.675145e+00  1.200000e+01
     vertex -4.205956e+01  9.675145e+00  1.421085e-14
   endloop
 endfacet
 facet normal -9.760065e-01 -2.177416e-01 -6.934943e-15
   outer loop
     vertex -4.197714e+01  9.328157e+00  1.421085e-14
     vertex -4.197714e+01  9.328157e+00  1.200000e+01
     vertex -4.201597e+01  9.502217e+00  1.200000e+01
   endloop
 endfacet
 facet normal -9.816126e-01 -1.908838e-01 -6.974777e-15
   outer loop
     vertex -4.197714e+01  9.328157e+00  1.421085e-14
     vertex -4.194310e+01  9.153099e+00  1.200000e+01
     vertex -4.197714e+01  9.328157e+00  1.200000e+01
   endloop
 endfacet
 facet normal -9.760065e-01 -2.177416e-01 -2.311822e-15
   outer loop
     vertex -4.197714e+01  9.328157e+00  1.421085e-14
     vertex -4.201597e+01  9.502217e+00  1.200000e+01
     vertex -4.201597e+01  9.502217e+00  1.421085e-14
   endloop
 endfacet
 facet normal -9.816126e-01 -1.908838e-01 -6.974777e-15
   outer loop
     vertex -4.194310e+01  9.153099e+00  1.421085e-14
     vertex -4.194310e+01  9.153099e+00  1.200000e+01
     vertex -4.197714e+01  9.328157e+00  1.421085e-14
   endloop
 endfacet
 facet normal -9.864799e-01 -1.638824e-01 -7.009361e-15
   outer loop
     vertex -4.191387e+01  8.977172e+00  1.421085e-14
     vertex -4.191387e+01  8.977172e+00  1.200000e+01
     vertex -4.194310e+01  9.153099e+00  1.200000e+01
   endloop
 endfacet
 facet normal -9.864799e-01 -1.638824e-01 -7.009231e-15
   outer loop
     vertex -4.191387e+01  8.977172e+00  1.421085e-14
     vertex -4.194310e+01  9.153099e+00  1.200000e+01
     vertex -4.194310e+01  9.153099e+00  1.421085e-14
   endloop
 endfacet
 facet normal -9.906046e-01 -1.367575e-01 -7.038669e-15
   outer loop
     vertex -4.188948e+01  8.800509e+00  1.421085e-14
     vertex -4.188948e+01  8.800509e+00  1.200000e+01
     vertex -4.191387e+01  8.977172e+00  1.200000e+01
   endloop
 endfacet
 facet normal -9.939835e-01 -1.095298e-01 -7.062678e-15
   outer loop
     vertex -4.188948e+01  8.800509e+00  1.421085e-14
     vertex -4.186995e+01  8.623244e+00  1.200000e+01
     vertex -4.188948e+01  8.800509e+00  1.200000e+01
   endloop
 endfacet
 facet normal -9.906046e-01 -1.367575e-01 -7.038412e-15
   outer loop
     vertex -4.188948e+01  8.800509e+00  1.421085e-14
     vertex -4.191387e+01  8.977172e+00  1.200000e+01
     vertex -4.191387e+01  8.977172e+00  1.421085e-14
   endloop
 endfacet
 facet normal -9.939835e-01 -1.095298e-01 -7.062678e-15
   outer loop
     vertex -4.186995e+01  8.623244e+00  1.421085e-14
     vertex -4.186995e+01  8.623244e+00  1.200000e+01
     vertex -4.188948e+01  8.800509e+00  1.421085e-14
   endloop
 endfacet
 facet normal -9.966142e-01 -8.221955e-02 -7.081374e-15
   outer loop
     vertex -4.185529e+01  8.445510e+00  1.421085e-14
     vertex -4.186995e+01  8.623244e+00  1.200000e+01
     vertex -4.186995e+01  8.623244e+00  1.421085e-14
   endloop
 endfacet
 facet normal -9.966142e-01 -8.221955e-02 -2.360457e-15
   outer loop
     vertex -4.185529e+01  8.445510e+00  1.421085e-14
     vertex -4.185529e+01  8.445510e+00  1.200000e+01
     vertex -4.186995e+01  8.623244e+00  1.200000e+01
   endloop
 endfacet
 facet normal -9.984947e-01 -5.484744e-02 -2.364911e-15
   outer loop
     vertex -4.185529e+01  8.445510e+00  1.421085e-14
     vertex -4.184550e+01  8.267440e+00  1.200000e+01
     vertex -4.185529e+01  8.445510e+00  1.200000e+01
   endloop
 endfacet
 facet normal -9.984947e-01 -5.484744e-02 -2.364911e-15
   outer loop
     vertex -4.184550e+01  8.267440e+00  1.421085e-14
     vertex -4.184550e+01  8.267440e+00  1.200000e+01
     vertex -4.185529e+01  8.445510e+00  1.421085e-14
   endloop
 endfacet
 facet normal -9.996236e-01 -2.743405e-02 -2.367584e-15
   outer loop
     vertex -4.184550e+01  8.267440e+00  1.421085e-14
     vertex -4.184061e+01  8.089169e+00  1.200000e+01
     vertex -4.184550e+01  8.267440e+00  1.200000e+01
   endloop
 endfacet
 facet normal -9.996236e-01 -2.743405e-02 -2.367584e-15
   outer loop
     vertex -4.184061e+01  8.089169e+00  1.421085e-14
     vertex -4.184061e+01  8.089169e+00  1.200000e+01
     vertex -4.184550e+01  8.267440e+00  1.421085e-14
   endloop
 endfacet
 facet normal -1.000000e+00  0.000000e+00 -2.368476e-15
   outer loop
     vertex -4.184061e+01  8.089169e+00  1.421085e-14
     vertex -4.184061e+01  7.910831e+00  1.200000e+01
     vertex -4.184061e+01  8.089169e+00  1.200000e+01
   endloop
 endfacet
 facet normal -1.000000e+00  0.000000e+00 -2.368476e-15
   outer loop
     vertex -4.184061e+01  7.910831e+00  1.421085e-14
     vertex -4.184061e+01  7.910831e+00  1.200000e+01
     vertex -4.184061e+01  8.089169e+00  1.421085e-14
   endloop
 endfacet
 facet normal -9.996236e-01  2.743405e-02 -2.367601e-15
   outer loop
     vertex -4.184550e+01  7.732560e+00  1.421085e-14
     vertex -4.184061e+01  7.910831e+00  1.200000e+01
     vertex -4.184061e+01  7.910831e+00  1.421085e-14
   endloop
 endfacet
 facet normal -9.996236e-01  2.743405e-02 -2.367584e-15
   outer loop
     vertex -4.184550e+01  7.732560e+00  1.421085e-14
     vertex -4.184550e+01  7.732560e+00  1.200000e+01
     vertex -4.184061e+01  7.910831e+00  1.200000e+01
   endloop
 endfacet
 facet normal -9.984947e-01  5.484744e-02 -2.364916e-15
   outer loop
     vertex -4.185529e+01  7.554490e+00  1.421085e-14
     vertex -4.184550e+01  7.732560e+00  1.200000e+01
     vertex -4.184550e+01  7.732560e+00  1.421085e-14
   endloop
 endfacet
 facet normal -9.984947e-01  5.484744e-02 -2.364911e-15
   outer loop
     vertex -4.185529e+01  7.554490e+00  1.421085e-14
     vertex -4.185529e+01  7.554490e+00  1.200000e+01
     vertex -4.184550e+01  7.732560e+00  1.200000e+01
   endloop
 endfacet
 facet normal -9.966142e-01  8.221955e-02 -2.360458e-15
   outer loop
     vertex -4.186995e+01  7.376756e+00  1.421085e-14
     vertex -4.185529e+01  7.554490e+00  1.200000e+01
     vertex -4.185529e+01  7.554490e+00  1.421085e-14
   endloop
 endfacet
 facet normal -9.966142e-01  8.221955e-02 -7.081370e-15
   outer loop
     vertex -4.186995e+01  7.376756e+00  1.421085e-14
     vertex -4.186995e+01  7.376756e+00  1.200000e+01
     vertex -4.185529e+01  7.554490e+00  1.200000e+01
   endloop
 endfacet
 facet normal -9.939835e-01  1.095298e-01 -7.062678e-15
   outer loop
     vertex -4.186995e+01  7.376756e+00  1.421085e-14
     vertex -4.188948e+01  7.199491e+00  1.200000e+01
     vertex -4.186995e+01  7.376756e+00  1.200000e+01
   endloop
 endfacet
 facet normal -9.939835e-01  1.095298e-01 -7.062678e-15
   outer loop
     vertex -4.188948e+01  7.199491e+00  1.421085e-14
     vertex -4.188948e+01  7.199491e+00  1.200000e+01
     vertex -4.186995e+01  7.376756e+00  1.421085e-14
   endloop
 endfacet
 facet normal -9.906046e-01  1.367575e-01 -7.038669e-15
   outer loop
     vertex -4.188948e+01  7.199491e+00  1.421085e-14
     vertex -4.191387e+01  7.022828e+00  1.200000e+01
     vertex -4.188948e+01  7.199491e+00  1.200000e+01
   endloop
 endfacet
 facet normal -9.906046e-01  1.367575e-01 -2.346223e-15
   outer loop
     vertex -4.191387e+01  7.022828e+00  1.421085e-14
     vertex -4.191387e+01  7.022828e+00  1.200000e+01
     vertex -4.188948e+01  7.199491e+00  1.421085e-14
   endloop
 endfacet
 facet normal -9.864799e-01  1.638824e-01 -2.336454e-15
   outer loop
     vertex -4.191387e+01  7.022828e+00  1.421085e-14
     vertex -4.194310e+01  6.846901e+00  1.200000e+01
     vertex -4.191387e+01  7.022828e+00  1.200000e+01
   endloop
 endfacet
 facet normal -9.864799e-01  1.638824e-01 -2.336454e-15
   outer loop
     vertex -4.194310e+01  6.846901e+00  1.421085e-14
     vertex -4.194310e+01  6.846901e+00  1.200000e+01
     vertex -4.191387e+01  7.022828e+00  1.421085e-14
   endloop
 endfacet
 facet normal -9.816126e-01  1.908838e-01 -2.325197e-15
   outer loop
     vertex -4.197714e+01  6.671843e+00  1.421085e-14
     vertex -4.194310e+01  6.846901e+00  1.200000e+01
     vertex -4.194310e+01  6.846901e+00  1.421085e-14
   endloop
 endfacet
 facet normal -9.816126e-01  1.908838e-01 -6.974777e-15
   outer loop
     vertex -4.197714e+01  6.671843e+00  1.421085e-14
     vertex -4.197714e+01  6.671843e+00  1.200000e+01
     vertex -4.194310e+01  6.846901e+00  1.200000e+01
   endloop
 endfacet
 facet normal -9.760065e-01  2.177416e-01 -6.934943e-15
   outer loop
     vertex -4.197714e+01  6.671843e+00  1.421085e-14
     vertex -4.201597e+01  6.497783e+00  1.200000e+01
     vertex -4.197714e+01  6.671843e+00  1.200000e+01
   endloop
 endfacet
 facet normal -9.760065e-01  2.177416e-01 -2.311648e-15
   outer loop
     vertex -4.201597e+01  6.497783e+00  1.421085e-14
     vertex -4.201597e+01  6.497783e+00  1.200000e+01
     vertex -4.197714e+01  6.671843e+00  1.421085e-14
   endloop
 endfacet
 facet normal -9.696656e-01  2.444354e-01 -6.889888e-15
   outer loop
     vertex -4.205956e+01  6.324855e+00  1.421085e-14
     vertex -4.205956e+01  6.324855e+00  1.200000e+01
     vertex -4.201597e+01  6.497783e+00  1.200000e+01
   endloop
 endfacet
 facet normal -9.625948e-01  2.709453e-01 -6.839647e-15
   outer loop
     vertex -4.205956e+01  6.324855e+00  1.421085e-14
     vertex -4.210788e+01  6.153188e+00  1.200000e+01
     vertex -4.205956e+01  6.324855e+00  1.200000e+01
   endloop
 endfacet
 facet normal -9.696656e-01  2.444354e-01 -2.296826e-15
   outer loop
     vertex -4.205956e+01  6.324855e+00  1.421085e-14
     vertex -4.201597e+01  6.497783e+00  1.200000e+01
     vertex -4.201597e+01  6.497783e+00  1.421085e-14
   endloop
 endfacet
 facet normal -9.625948e-01  2.709453e-01 -6.839647e-15
   outer loop
     vertex -4.210788e+01  6.153188e+00  1.421085e-14
     vertex -4.210788e+01  6.153188e+00  1.200000e+01
     vertex -4.205956e+01  6.324855e+00  1.421085e-14
   endloop
 endfacet
 facet normal -9.547993e-01  2.972512e-01 -6.784257e-15
   outer loop
     vertex -4.216089e+01  5.982911e+00  1.421085e-14
     vertex -4.216089e+01  5.982911e+00  1.200000e+01
     vertex -4.210788e+01  6.153188e+00  1.200000e+01
   endloop
 endfacet
 facet normal -9.547993e-01  2.972512e-01 -6.784695e-15
   outer loop
     vertex -4.216089e+01  5.982911e+00  1.421085e-14
     vertex -4.210788e+01  6.153188e+00  1.200000e+01
     vertex -4.210788e+01  6.153188e+00  1.421085e-14
   endloop
 endfacet
 facet normal -9.462851e-01  3.233333e-01 -2.241253e-15
   outer loop
     vertex -4.221856e+01  5.814152e+00  1.421085e-14
     vertex -4.221856e+01  5.814152e+00  1.200000e+01
     vertex -4.216089e+01  5.982911e+00  1.200000e+01
   endloop
 endfacet
 facet normal -9.370586e-01  3.491720e-01 -2.219401e-15
   outer loop
     vertex -4.221856e+01  5.814152e+00  1.421085e-14
     vertex -4.228083e+01  5.647039e+00  1.200000e+01
     vertex -4.221856e+01  5.814152e+00  1.200000e+01
   endloop
 endfacet
 facet normal -9.462851e-01  3.233333e-01 -6.723901e-15
   outer loop
     vertex -4.221856e+01  5.814152e+00  1.421085e-14
     vertex -4.216089e+01  5.982911e+00  1.200000e+01
     vertex -4.216089e+01  5.982911e+00  1.421085e-14
   endloop
 endfacet
 facet normal -9.370586e-01  3.491720e-01 -2.219401e-15
   outer loop
     vertex -4.228083e+01  5.647039e+00  1.421085e-14
     vertex -4.228083e+01  5.647039e+00  1.200000e+01
     vertex -4.221856e+01  5.814152e+00  1.421085e-14
   endloop
 endfacet
 facet normal -9.271267e-01  3.747479e-01 -2.195877e-15
   outer loop
     vertex -4.234766e+01  5.481697e+00  1.421085e-14
     vertex -4.234766e+01  5.481697e+00  1.200000e+01
     vertex -4.228083e+01  5.647039e+00  1.200000e+01
   endloop
 endfacet
 facet normal -9.271267e-01  3.747479e-01 -2.195907e-15
   outer loop
     vertex -4.234766e+01  5.481697e+00  1.421085e-14
     vertex -4.228083e+01  5.647039e+00  1.200000e+01
     vertex -4.228083e+01  5.647039e+00  1.421085e-14
   endloop
 endfacet
 facet normal -9.164969e-01  4.000417e-01 -2.170701e-15
   outer loop
     vertex -4.241900e+01  5.318250e+00  1.421085e-14
     vertex -4.241900e+01  5.318250e+00  1.200000e+01
     vertex -4.234766e+01  5.481697e+00  1.200000e+01
   endloop
 endfacet
 facet normal -9.051772e-01  4.250344e-01 -2.143890e-15
   outer loop
     vertex -4.241900e+01  5.318250e+00  1.421085e-14
     vertex -4.249480e+01  5.156823e+00  1.200000e+01
     vertex -4.241900e+01  5.318250e+00  1.200000e+01
   endloop
 endfacet
 facet normal -9.164969e-01  4.000417e-01 -2.170778e-15
   outer loop
     vertex -4.241900e+01  5.318250e+00  1.421085e-14
     vertex -4.234766e+01  5.481697e+00  1.200000e+01
     vertex -4.234766e+01  5.481697e+00  1.421085e-14
   endloop
 endfacet
 facet normal -8.931761e-01  4.497071e-01 -2.115466e-15
   outer loop
     vertex -4.249480e+01  5.156823e+00  1.421085e-14
     vertex -4.257500e+01  4.997536e+00  1.200000e+01
     vertex -4.249480e+01  5.156823e+00  1.200000e+01
   endloop
 endfacet
 facet normal -9.051772e-01  4.250344e-01 -2.143890e-15
   outer loop
     vertex -4.249480e+01  5.156823e+00  1.421085e-14
     vertex -4.249480e+01  5.156823e+00  1.200000e+01
     vertex -4.241900e+01  5.318250e+00  1.421085e-14
   endloop
 endfacet
 facet normal -8.931761e-01  4.497071e-01 -2.115466e-15
   outer loop
     vertex -4.257500e+01  4.997536e+00  1.421085e-14
     vertex -4.257500e+01  4.997536e+00  1.200000e+01
     vertex -4.249480e+01  5.156823e+00  1.421085e-14
   endloop
 endfacet
 facet normal -8.805026e-01  4.740412e-01 -6.256348e-15
   outer loop
     vertex -4.265954e+01  4.840508e+00  1.421085e-14
     vertex -4.265954e+01  4.840508e+00  1.200000e+01
     vertex -4.257500e+01  4.997536e+00  1.200000e+01
   endloop
 endfacet
 facet normal -8.805026e-01  4.740412e-01 -2.085666e-15
   outer loop
     vertex -4.265954e+01  4.840508e+00  1.421085e-14
     vertex -4.257500e+01  4.997536e+00  1.200000e+01
     vertex -4.257500e+01  4.997536e+00  1.421085e-14
   endloop
 endfacet
 facet normal -8.671664e-01  4.980186e-01 -2.053863e-15
   outer loop
     vertex -4.274836e+01  4.685860e+00  1.421085e-14
     vertex -4.274836e+01  4.685860e+00  1.200000e+01
     vertex -4.265954e+01  4.840508e+00  1.200000e+01
   endloop
 endfacet
 facet normal -8.531773e-01  5.216210e-01 -2.020730e-15
   outer loop
     vertex -4.274836e+01  4.685860e+00  1.421085e-14
     vertex -4.284138e+01  4.533706e+00  1.200000e+01
     vertex -4.274836e+01  4.685860e+00  1.200000e+01
   endloop
 endfacet
 facet normal -8.671664e-01  4.980186e-01 -6.161346e-15
   outer loop
     vertex -4.274836e+01  4.685860e+00  1.421085e-14
     vertex -4.265954e+01  4.840508e+00  1.200000e+01
     vertex -4.265954e+01  4.840508e+00  1.421085e-14
   endloop
 endfacet
 facet normal -8.531773e-01  5.216210e-01 -2.020730e-15
   outer loop
     vertex -4.284138e+01  4.533706e+00  1.421085e-14
     vertex -4.284138e+01  4.533706e+00  1.200000e+01
     vertex -4.274836e+01  4.685860e+00  1.421085e-14
   endloop
 endfacet
 facet normal -8.385460e-01  5.448308e-01 -1.985962e-15
   outer loop
     vertex -4.293855e+01  4.384161e+00  1.421085e-14
     vertex -4.284138e+01  4.533706e+00  1.200000e+01
     vertex -4.284138e+01  4.533706e+00  1.421085e-14
   endloop
 endfacet
 facet normal -8.385460e-01  5.448308e-01 -1.986076e-15
   outer loop
     vertex -4.293855e+01  4.384161e+00  1.421085e-14
     vertex -4.293855e+01  4.384161e+00  1.200000e+01
     vertex -4.284138e+01  4.533706e+00  1.200000e+01
   endloop
 endfacet
 facet normal -8.232835e-01  5.676304e-01 -1.949927e-15
   outer loop
     vertex -4.293855e+01  4.384161e+00  1.421085e-14
     vertex -4.303978e+01  4.237338e+00  1.200000e+01
     vertex -4.293855e+01  4.384161e+00  1.200000e+01
   endloop
 endfacet
 facet normal -8.232835e-01  5.676304e-01 -5.849781e-15
   outer loop
     vertex -4.303978e+01  4.237338e+00  1.421085e-14
     vertex -4.303978e+01  4.237338e+00  1.200000e+01
     vertex -4.293855e+01  4.384161e+00  1.421085e-14
   endloop
 endfacet
 facet normal -8.074012e-01  5.900028e-01 -5.736931e-15
   outer loop
     vertex -4.303978e+01  4.237338e+00  1.421085e-14
     vertex -4.314500e+01  4.093348e+00  1.200000e+01
     vertex -4.303978e+01  4.237338e+00  1.200000e+01
   endloop
 endfacet
 facet normal -8.074012e-01  5.900028e-01 -5.736931e-15
   outer loop
     vertex -4.314500e+01  4.093348e+00  1.421085e-14
     vertex -4.314500e+01  4.093348e+00  1.200000e+01
     vertex -4.303978e+01  4.237338e+00  1.421085e-14
   endloop
 endfacet
 facet normal -7.909112e-01  6.119310e-01 -5.619868e-15
   outer loop
     vertex -4.325413e+01  3.952298e+00  1.421085e-14
     vertex -4.314500e+01  4.093348e+00  1.200000e+01
     vertex -4.314500e+01  4.093348e+00  1.421085e-14
   endloop
 endfacet
 facet normal -7.909112e-01  6.119310e-01 -1.873254e-15
   outer loop
     vertex -4.325413e+01  3.952298e+00  1.421085e-14
     vertex -4.325413e+01  3.952298e+00  1.200000e+01
     vertex -4.314500e+01  4.093348e+00  1.200000e+01
   endloop
 endfacet
 facet normal -7.738257e-01  6.333986e-01 -1.832787e-15
   outer loop
     vertex -4.325413e+01  3.952298e+00  1.421085e-14
     vertex -4.336709e+01  3.814295e+00  1.200000e+01
     vertex -4.325413e+01  3.952298e+00  1.200000e+01
   endloop
 endfacet
 facet normal -7.738257e-01  6.333986e-01 -5.498362e-15
   outer loop
     vertex -4.336709e+01  3.814295e+00  1.421085e-14
     vertex -4.336709e+01  3.814295e+00  1.200000e+01
     vertex -4.325413e+01  3.952298e+00  1.421085e-14
   endloop
 endfacet
 facet normal -7.561578e-01  6.543893e-01 -5.372636e-15
   outer loop
     vertex -4.348379e+01  3.679444e+00  1.421085e-14
     vertex -4.336709e+01  3.814295e+00  1.200000e+01
     vertex -4.336709e+01  3.814295e+00  1.421085e-14
   endloop
 endfacet
 facet normal -7.561578e-01  6.543893e-01 -1.790941e-15
   outer loop
     vertex -4.348379e+01  3.679444e+00  1.421085e-14
     vertex -4.348379e+01  3.679444e+00  1.200000e+01
     vertex -4.336709e+01  3.814295e+00  1.200000e+01
   endloop
 endfacet
 facet normal -7.379206e-01  6.748875e-01 -1.747747e-15
   outer loop
     vertex -4.348379e+01  3.679444e+00  1.421085e-14
     vertex -4.360415e+01  3.547844e+00  1.200000e+01
     vertex -4.348379e+01  3.679444e+00  1.200000e+01
   endloop
 endfacet
 facet normal -7.379206e-01  6.748875e-01 -5.243241e-15
   outer loop
     vertex -4.360415e+01  3.547844e+00  1.421085e-14
     vertex -4.360415e+01  3.547844e+00  1.200000e+01
     vertex -4.348379e+01  3.679444e+00  1.421085e-14
   endloop
 endfacet
 facet normal -7.191280e-01  6.948776e-01 -5.109712e-15
   outer loop
     vertex -4.360415e+01  3.547844e+00  1.421085e-14
     vertex -4.372807e+01  3.419596e+00  1.200000e+01
     vertex -4.360415e+01  3.547844e+00  1.200000e+01
   endloop
 endfacet
 facet normal -7.191280e-01  6.948776e-01 -1.703237e-15
   outer loop
     vertex -4.372807e+01  3.419596e+00  1.421085e-14
     vertex -4.372807e+01  3.419596e+00  1.200000e+01
     vertex -4.360415e+01  3.547844e+00  1.421085e-14
   endloop
 endfacet
 facet normal -6.997940e-01  7.143447e-01 -1.657445e-15
   outer loop
     vertex -4.372807e+01  3.419596e+00  1.421085e-14
     vertex -4.385546e+01  3.294796e+00  1.200000e+01
     vertex -4.372807e+01  3.419596e+00  1.200000e+01
   endloop
 endfacet
 facet normal -6.997940e-01  7.143447e-01 -1.657445e-15
   outer loop
     vertex -4.385546e+01  3.294796e+00  1.421085e-14
     vertex -4.385546e+01  3.294796e+00  1.200000e+01
     vertex -4.372807e+01  3.419596e+00  1.421085e-14
   endloop
 endfacet
 facet normal -6.799333e-01  7.332740e-01 -1.609845e-15
   outer loop
     vertex -4.398624e+01  3.173538e+00  1.421085e-14
     vertex -4.385546e+01  3.294796e+00  1.200000e+01
     vertex -4.385546e+01  3.294796e+00  1.421085e-14
   endloop
 endfacet
 facet normal -6.799333e-01  7.332740e-01 -4.831216e-15
   outer loop
     vertex -4.398624e+01  3.173538e+00  1.421085e-14
     vertex -4.398624e+01  3.173538e+00  1.200000e+01
     vertex -4.385546e+01  3.294796e+00  1.200000e+01
   endloop
 endfacet
 facet normal -6.595607e-01  7.516513e-01 -4.686871e-15
   outer loop
     vertex -4.412028e+01  3.055914e+00  1.421085e-14
     vertex -4.398624e+01  3.173538e+00  1.200000e+01
     vertex -4.398624e+01  3.173538e+00  1.421085e-14
   endloop
 endfacet
 facet normal -6.595607e-01  7.516513e-01 -1.562153e-15
   outer loop
     vertex -4.412028e+01  3.055914e+00  1.421085e-14
     vertex -4.412028e+01  3.055914e+00  1.200000e+01
     vertex -4.398624e+01  3.173538e+00  1.200000e+01
   endloop
 endfacet
 facet normal -6.386916e-01  7.694628e-01 -1.512726e-15
   outer loop
     vertex -4.412028e+01  3.055914e+00  1.421085e-14
     vertex -4.425751e+01  2.942011e+00  1.200000e+01
     vertex -4.412028e+01  3.055914e+00  1.200000e+01
   endloop
 endfacet
 facet normal -6.386916e-01  7.694628e-01 -4.538177e-15
   outer loop
     vertex -4.425751e+01  2.942011e+00  1.421085e-14
     vertex -4.425751e+01  2.942011e+00  1.200000e+01
     vertex -4.412028e+01  3.055914e+00  1.421085e-14
   endloop
 endfacet
 facet normal -6.173417e-01  7.866951e-01 -4.386139e-15
   outer loop
     vertex -4.439781e+01  2.831915e+00  1.421085e-14
     vertex -4.425751e+01  2.942011e+00  1.200000e+01
     vertex -4.425751e+01  2.942011e+00  1.421085e-14
   endloop
 endfacet
 facet normal -6.173417e-01  7.866951e-01 -1.462159e-15
   outer loop
     vertex -4.439781e+01  2.831915e+00  1.421085e-14
     vertex -4.439781e+01  2.831915e+00  1.200000e+01
     vertex -4.425751e+01  2.942011e+00  1.200000e+01
   endloop
 endfacet
 facet normal -5.955271e-01  8.033352e-01 -1.410492e-15
   outer loop
     vertex -4.439781e+01  2.831915e+00  1.421085e-14
     vertex -4.454107e+01  2.725710e+00  1.200000e+01
     vertex -4.439781e+01  2.831915e+00  1.200000e+01
   endloop
 endfacet
 facet normal -5.955271e-01  8.033352e-01 -1.410492e-15
   outer loop
     vertex -4.454107e+01  2.725710e+00  1.421085e-14
     vertex -4.454107e+01  2.725710e+00  1.200000e+01
     vertex -4.439781e+01  2.831915e+00  1.421085e-14
   endloop
 endfacet
 facet normal -5.732642e-01  8.193706e-01 -1.357762e-15
   outer loop
     vertex -4.454107e+01  2.725710e+00  1.421085e-14
     vertex -4.468720e+01  2.623475e+00  1.200000e+01
     vertex -4.454107e+01  2.725710e+00  1.200000e+01
   endloop
 endfacet
 facet normal -5.732642e-01  8.193706e-01 -1.357762e-15
   outer loop
     vertex -4.468720e+01  2.623475e+00  1.421085e-14
     vertex -4.468720e+01  2.623475e+00  1.200000e+01
     vertex -4.454107e+01  2.725710e+00  1.421085e-14
   endloop
 endfacet
 facet normal -5.505698e-01  8.347891e-01 -1.304011e-15
   outer loop
     vertex -4.468720e+01  2.623475e+00  1.421085e-14
     vertex -4.483607e+01  2.525288e+00  1.200000e+01
     vertex -4.468720e+01  2.623475e+00  1.200000e+01
   endloop
 endfacet
 facet normal -5.505698e-01  8.347891e-01 -1.304011e-15
   outer loop
     vertex -4.483607e+01  2.525288e+00  1.421085e-14
     vertex -4.483607e+01  2.525288e+00  1.200000e+01
     vertex -4.468720e+01  2.623475e+00  1.421085e-14
   endloop
 endfacet
 facet normal -5.274609e-01  8.495793e-01 -1.249130e-15
   outer loop
     vertex -4.498758e+01  2.431221e+00  1.421085e-14
     vertex -4.483607e+01  2.525288e+00  1.200000e+01
     vertex -4.483607e+01  2.525288e+00  1.421085e-14
   endloop
 endfacet
 facet normal -5.274609e-01  8.495793e-01 -1.249278e-15
   outer loop
     vertex -4.498758e+01  2.431221e+00  1.421085e-14
     vertex -4.498758e+01  2.431221e+00  1.200000e+01
     vertex -4.483607e+01  2.525288e+00  1.200000e+01
   endloop
 endfacet
 facet normal -5.039550e-01  8.637299e-01 -1.193605e-15
   outer loop
     vertex -4.498758e+01  2.431221e+00  1.421085e-14
     vertex -4.514162e+01  2.341347e+00  1.200000e+01
     vertex -4.498758e+01  2.431221e+00  1.200000e+01
   endloop
 endfacet
 facet normal -5.039550e-01  8.637299e-01 -3.580816e-15
   outer loop
     vertex -4.514162e+01  2.341347e+00  1.421085e-14
     vertex -4.514162e+01  2.341347e+00  1.200000e+01
     vertex -4.498758e+01  2.431221e+00  1.421085e-14
   endloop
 endfacet
 facet normal -4.800697e-01  8.772303e-01 -3.411802e-15
   outer loop
     vertex -4.529806e+01  2.255732e+00  1.421085e-14
     vertex -4.514162e+01  2.341347e+00  1.200000e+01
     vertex -4.514162e+01  2.341347e+00  1.421085e-14
   endloop
 endfacet
 facet normal -4.800697e-01  8.772303e-01 -3.411101e-15
   outer loop
     vertex -4.529806e+01  2.255732e+00  1.421085e-14
     vertex -4.529806e+01  2.255732e+00  1.200000e+01
     vertex -4.514162e+01  2.341347e+00  1.200000e+01
   endloop
 endfacet
 facet normal -4.558231e-01  8.900704e-01 -3.238818e-15
   outer loop
     vertex -4.529806e+01  2.255732e+00  1.421085e-14
     vertex -4.545680e+01  2.174441e+00  1.200000e+01
     vertex -4.529806e+01  2.255732e+00  1.200000e+01
   endloop
 endfacet
 facet normal -4.558231e-01  8.900704e-01 -3.238818e-15
   outer loop
     vertex -4.545680e+01  2.174441e+00  1.421085e-14
     vertex -4.545680e+01  2.174441e+00  1.200000e+01
     vertex -4.529806e+01  2.255732e+00  1.421085e-14
   endloop
 endfacet
 facet normal -4.312333e-01  9.022405e-01 -3.064056e-15
   outer loop
     vertex -4.561770e+01  2.097536e+00  1.421085e-14
     vertex -4.545680e+01  2.174441e+00  1.200000e+01
     vertex -4.545680e+01  2.174441e+00  1.421085e-14
   endloop
 endfacet
 facet normal -4.312333e-01  9.022405e-01 -1.021366e-15
   outer loop
     vertex -4.561770e+01  2.097536e+00  1.421085e-14
     vertex -4.561770e+01  2.097536e+00  1.200000e+01
     vertex -4.545680e+01  2.174441e+00  1.200000e+01
   endloop
 endfacet
 facet normal -4.063188e-01  9.137314e-01 -9.629890e-16
   outer loop
     vertex -4.578065e+01  2.025074e+00  1.421085e-14
     vertex -4.561770e+01  2.097536e+00  1.200000e+01
     vertex -4.561770e+01  2.097536e+00  1.421085e-14
   endloop
 endfacet
 facet normal -4.063188e-01  9.137314e-01 -2.887069e-15
   outer loop
     vertex -4.578065e+01  2.025074e+00  1.421085e-14
     vertex -4.578065e+01  2.025074e+00  1.200000e+01
     vertex -4.561770e+01  2.097536e+00  1.200000e+01
   endloop
 endfacet
 facet normal -3.810986e-01  9.245344e-01 -2.707868e-15
   outer loop
     vertex -4.578065e+01  2.025074e+00  1.421085e-14
     vertex -4.594553e+01  1.957110e+00  1.200000e+01
     vertex -4.578065e+01  2.025074e+00  1.200000e+01
   endloop
 endfacet
 facet normal -3.810986e-01  9.245344e-01 -9.026227e-16
   outer loop
     vertex -4.594553e+01  1.957110e+00  1.421085e-14
     vertex -4.594553e+01  1.957110e+00  1.200000e+01
     vertex -4.578065e+01  2.025074e+00  1.421085e-14
   endloop
 endfacet
 facet normal -3.555914e-01  9.346415e-01 -2.526629e-15
   outer loop
     vertex -4.611221e+01  1.893694e+00  1.421085e-14
     vertex -4.611221e+01  1.893694e+00  1.200000e+01
     vertex -4.594553e+01  1.957110e+00  1.200000e+01
   endloop
 endfacet
 facet normal -3.555914e-01  9.346415e-01 -8.422101e-16
   outer loop
     vertex -4.611221e+01  1.893694e+00  1.421085e-14
     vertex -4.594553e+01  1.957110e+00  1.200000e+01
     vertex -4.594553e+01  1.957110e+00  1.421085e-14
   endloop
 endfacet
 facet normal -3.298166e-01  9.440450e-01 -7.811625e-16
   outer loop
     vertex -4.628057e+01  1.834875e+00  1.421085e-14
     vertex -4.628057e+01  1.834875e+00  1.200000e+01
     vertex -4.611221e+01  1.893694e+00  1.200000e+01
   endloop
 endfacet
 facet normal -3.037934e-01  9.527379e-01 -7.195274e-16
   outer loop
     vertex -4.628057e+01  1.834875e+00  1.421085e-14
     vertex -4.645048e+01  1.780697e+00  1.200000e+01
     vertex -4.628057e+01  1.834875e+00  1.200000e+01
   endloop
 endfacet
 facet normal -3.298166e-01  9.440450e-01 -2.343435e-15
   outer loop
     vertex -4.628057e+01  1.834875e+00  1.421085e-14
     vertex -4.611221e+01  1.893694e+00  1.200000e+01
     vertex -4.611221e+01  1.893694e+00  1.421085e-14
   endloop
 endfacet
 facet normal -2.775416e-01  9.607136e-01 -6.573507e-16
   outer loop
     vertex -4.645048e+01  1.780697e+00  1.421085e-14
     vertex -4.662181e+01  1.731201e+00  1.200000e+01
     vertex -4.645048e+01  1.780697e+00  1.200000e+01
   endloop
 endfacet
 facet normal -3.037934e-01  9.527379e-01 -7.195274e-16
   outer loop
     vertex -4.645048e+01  1.780697e+00  1.421085e-14
     vertex -4.645048e+01  1.780697e+00  1.200000e+01
     vertex -4.628057e+01  1.834875e+00  1.421085e-14
   endloop
 endfacet
 facet normal -2.775416e-01  9.607136e-01 -6.573507e-16
   outer loop
     vertex -4.662181e+01  1.731201e+00  1.421085e-14
     vertex -4.662181e+01  1.731201e+00  1.200000e+01
     vertex -4.645048e+01  1.780697e+00  1.421085e-14
   endloop
 endfacet
 facet normal -2.510809e-01  9.679661e-01 -5.945728e-16
   outer loop
     vertex -4.679444e+01  1.686424e+00  1.421085e-14
     vertex -4.662181e+01  1.731201e+00  1.200000e+01
     vertex -4.662181e+01  1.731201e+00  1.421085e-14
   endloop
 endfacet
 facet normal -2.510809e-01  9.679661e-01 -5.946791e-16
   outer loop
     vertex -4.679444e+01  1.686424e+00  1.421085e-14
     vertex -4.679444e+01  1.686424e+00  1.200000e+01
     vertex -4.662181e+01  1.731201e+00  1.200000e+01
   endloop
 endfacet
 facet normal -2.244312e-01  9.744899e-01 -5.315598e-16
   outer loop
     vertex -4.679444e+01  1.686424e+00  1.421085e-14
     vertex -4.696823e+01  1.646399e+00  1.200000e+01
     vertex -4.679444e+01  1.686424e+00  1.200000e+01
   endloop
 endfacet
 facet normal -2.244312e-01  9.744899e-01 -1.594680e-15
   outer loop
     vertex -4.696823e+01  1.646399e+00  1.421085e-14
     vertex -4.696823e+01  1.646399e+00  1.200000e+01
     vertex -4.679444e+01  1.686424e+00  1.421085e-14
   endloop
 endfacet
 facet normal -1.976125e-01  9.802802e-01 -1.403954e-15
   outer loop
     vertex -4.714305e+01  1.611157e+00  1.421085e-14
     vertex -4.696823e+01  1.646399e+00  1.200000e+01
     vertex -4.696823e+01  1.646399e+00  1.421085e-14
   endloop
 endfacet
 facet normal -1.976125e-01  9.802802e-01 -4.680405e-16
   outer loop
     vertex -4.714305e+01  1.611157e+00  1.421085e-14
     vertex -4.714305e+01  1.611157e+00  1.200000e+01
     vertex -4.696823e+01  1.646399e+00  1.200000e+01
   endloop
 endfacet
 facet normal -1.706451e-01  9.853326e-01 -4.041687e-16
   outer loop
     vertex -4.714305e+01  1.611157e+00  1.421085e-14
     vertex -4.731877e+01  1.580725e+00  1.200000e+01
     vertex -4.714305e+01  1.611157e+00  1.200000e+01
   endloop
 endfacet
 facet normal -1.706451e-01  9.853326e-01 -4.041687e-16
   outer loop
     vertex -4.731877e+01  1.580725e+00  1.421085e-14
     vertex -4.731877e+01  1.580725e+00  1.200000e+01
     vertex -4.714305e+01  1.611157e+00  1.421085e-14
   endloop
 endfacet
 facet normal -1.435492e-01  9.896432e-01 -3.399928e-16
   outer loop
     vertex -4.731877e+01  1.580725e+00  1.421085e-14
     vertex -4.749526e+01  1.555124e+00  1.200000e+01
     vertex -4.731877e+01  1.580725e+00  1.200000e+01
   endloop
 endfacet
 facet normal -1.435492e-01  9.896432e-01 -1.019978e-15
   outer loop
     vertex -4.749526e+01  1.555124e+00  1.421085e-14
     vertex -4.749526e+01  1.555124e+00  1.200000e+01
     vertex -4.731877e+01  1.580725e+00  1.421085e-14
   endloop
 endfacet
 facet normal -1.163452e-01  9.932088e-01 -8.266827e-16
   outer loop
     vertex -4.749526e+01  1.555124e+00  1.421085e-14
     vertex -4.767239e+01  1.534376e+00  1.200000e+01
     vertex -4.749526e+01  1.555124e+00  1.200000e+01
   endloop
 endfacet
 facet normal -1.163452e-01  9.932088e-01 -2.755609e-16
   outer loop
     vertex -4.767239e+01  1.534376e+00  1.421085e-14
     vertex -4.767239e+01  1.534376e+00  1.200000e+01
     vertex -4.749526e+01  1.555124e+00  1.421085e-14
   endloop
 endfacet
 facet normal -8.905371e-02  9.960268e-01 -2.109578e-16
   outer loop
     vertex -4.785002e+01  1.518494e+00  1.421085e-14
     vertex -4.767239e+01  1.534376e+00  1.200000e+01
     vertex -4.767239e+01  1.534376e+00  1.421085e-14
   endloop
 endfacet
 facet normal -8.905371e-02  9.960268e-01 -6.327647e-16
   outer loop
     vertex -4.785002e+01  1.518494e+00  1.421085e-14
     vertex -4.785002e+01  1.518494e+00  1.200000e+01
     vertex -4.767239e+01  1.534376e+00  1.200000e+01
   endloop
 endfacet
 facet normal -6.169515e-02  9.980950e-01 -4.383704e-16
   outer loop
     vertex -4.785002e+01  1.518494e+00  1.421085e-14
     vertex -4.802802e+01  1.507491e+00  1.200000e+01
     vertex -4.785002e+01  1.518494e+00  1.200000e+01
   endloop
 endfacet
 facet normal -6.169515e-02  9.980950e-01 -1.461235e-16
   outer loop
     vertex -4.802802e+01  1.507491e+00  1.421085e-14
     vertex -4.802802e+01  1.507491e+00  1.200000e+01
     vertex -4.785002e+01  1.518494e+00  1.421085e-14
   endloop
 endfacet
 facet normal -3.429014e-02  9.994119e-01 -8.126233e-17
   outer loop
     vertex -4.820625e+01  1.501376e+00  1.421085e-14
     vertex -4.802802e+01  1.507491e+00  1.200000e+01
     vertex -4.802802e+01  1.507491e+00  1.421085e-14
   endloop
 endfacet
 facet normal -3.429014e-02  9.994119e-01 -2.436461e-16
   outer loop
     vertex -4.820625e+01  1.501376e+00  1.421085e-14
     vertex -4.820625e+01  1.501376e+00  1.200000e+01
     vertex -4.802802e+01  1.507491e+00  1.200000e+01
   endloop
 endfacet
 facet normal -6.859319e-03  9.999765e-01 -4.873839e-17
   outer loop
     vertex -4.820625e+01  1.501376e+00  1.421085e-14
     vertex -4.838459e+01  1.500153e+00  1.200000e+01
     vertex -4.820625e+01  1.501376e+00  1.200000e+01
   endloop
 endfacet
 facet normal -6.859319e-03  9.999765e-01 -4.873839e-17
   outer loop
     vertex -4.838459e+01  1.500153e+00  1.421085e-14
     vertex -4.838459e+01  1.500153e+00  1.200000e+01
     vertex -4.820625e+01  1.501376e+00  1.421085e-14
   endloop
 endfacet
 facet normal  4.799716e-02  9.988475e-01  3.410403e-16
   outer loop
     vertex -4.856289e+01  1.503823e+00  1.421085e-14
     vertex -4.874102e+01  1.512382e+00  1.200000e+01
     vertex -4.856289e+01  1.503823e+00  1.200000e+01
   endloop
 endfacet
 facet normal  2.057667e-02  9.997883e-01  1.462114e-16
   outer loop
     vertex -4.856289e+01  1.503823e+00  1.421085e-14
     vertex -4.838459e+01  1.500153e+00  1.200000e+01
     vertex -4.838459e+01  1.500153e+00  1.421085e-14
   endloop
 endfacet
 facet normal  2.057667e-02  9.997883e-01  1.462060e-16
   outer loop
     vertex -4.856289e+01  1.503823e+00  1.421085e-14
     vertex -4.856289e+01  1.503823e+00  1.200000e+01
     vertex -4.838459e+01  1.500153e+00  1.200000e+01
   endloop
 endfacet
 facet normal  4.799716e-02  9.988475e-01  3.410403e-16
   outer loop
     vertex -4.874102e+01  1.512382e+00  1.421085e-14
     vertex -4.874102e+01  1.512382e+00  1.200000e+01
     vertex -4.856289e+01  1.503823e+00  1.421085e-14
   endloop
 endfacet
 facet normal  7.538152e-02  9.971548e-01  5.356179e-16
   outer loop
     vertex -4.891885e+01  1.525826e+00  1.421085e-14
     vertex -4.891885e+01  1.525826e+00  1.200000e+01
     vertex -4.874102e+01  1.512382e+00  1.200000e+01
   endloop
 endfacet
 facet normal  7.538152e-02  9.971548e-01  5.356018e-16
   outer loop
     vertex -4.891885e+01  1.525826e+00  1.421085e-14
     vertex -4.874102e+01  1.512382e+00  1.200000e+01
     vertex -4.874102e+01  1.512382e+00  1.421085e-14
   endloop
 endfacet
 facet normal  1.027091e-01  9.947114e-01  2.432641e-16
   outer loop
     vertex -4.909624e+01  1.544143e+00  1.421085e-14
     vertex -4.909624e+01  1.544143e+00  1.200000e+01
     vertex -4.891885e+01  1.525826e+00  1.200000e+01
   endloop
 endfacet
 facet normal  1.027091e-01  9.947114e-01  7.297398e-16
   outer loop
     vertex -4.909624e+01  1.544143e+00  1.421085e-14
     vertex -4.891885e+01  1.525826e+00  1.200000e+01
     vertex -4.891885e+01  1.525826e+00  1.421085e-14
   endloop
 endfacet
 facet normal  1.299594e-01  9.915193e-01  9.234174e-16
   outer loop
     vertex -4.927307e+01  1.567319e+00  1.421085e-14
     vertex -4.927307e+01  1.567319e+00  1.200000e+01
     vertex -4.909624e+01  1.544143e+00  1.200000e+01
   endloop
 endfacet
 facet normal  1.299594e-01  9.915193e-01  3.076215e-16
   outer loop
     vertex -4.927307e+01  1.567319e+00  1.421085e-14
     vertex -4.909624e+01  1.544143e+00  1.200000e+01
     vertex -4.909624e+01  1.544143e+00  1.421085e-14
   endloop
 endfacet
 facet normal  1.571119e-01  9.875808e-01  1.116347e-15
   outer loop
     vertex -4.944919e+01  1.595338e+00  1.421085e-14
     vertex -4.944919e+01  1.595338e+00  1.200000e+01
     vertex -4.927307e+01  1.567319e+00  1.200000e+01
   endloop
 endfacet
 facet normal  1.841461e-01  9.828989e-01  1.308437e-15
   outer loop
     vertex -4.944919e+01  1.595338e+00  1.421085e-14
     vertex -4.962448e+01  1.628179e+00  1.200000e+01
     vertex -4.944919e+01  1.595338e+00  1.200000e+01
   endloop
 endfacet
 facet normal  1.571119e-01  9.875808e-01  1.116192e-15
   outer loop
     vertex -4.944919e+01  1.595338e+00  1.421085e-14
     vertex -4.927307e+01  1.567319e+00  1.200000e+01
     vertex -4.927307e+01  1.567319e+00  1.421085e-14
   endloop
 endfacet
 facet normal  2.110417e-01  9.774771e-01  4.998472e-16
   outer loop
     vertex -4.962448e+01  1.628179e+00  1.421085e-14
     vertex -4.979880e+01  1.665815e+00  1.200000e+01
     vertex -4.962448e+01  1.628179e+00  1.200000e+01
   endloop
 endfacet
 facet normal  1.841461e-01  9.828989e-01  4.361456e-16
   outer loop
     vertex -4.962448e+01  1.628179e+00  1.421085e-14
     vertex -4.962448e+01  1.628179e+00  1.200000e+01
     vertex -4.944919e+01  1.595338e+00  1.421085e-14
   endloop
 endfacet
 facet normal  2.377784e-01  9.713194e-01  1.689517e-15
   outer loop
     vertex -4.979880e+01  1.665815e+00  1.421085e-14
     vertex -4.997203e+01  1.708220e+00  1.200000e+01
     vertex -4.979880e+01  1.665815e+00  1.200000e+01
   endloop
 endfacet
 facet normal  2.110417e-01  9.774771e-01  1.499542e-15
   outer loop
     vertex -4.979880e+01  1.665815e+00  1.421085e-14
     vertex -4.979880e+01  1.665815e+00  1.200000e+01
     vertex -4.962448e+01  1.628179e+00  1.421085e-14
   endloop
 endfacet
 facet normal  2.643362e-01  9.644306e-01  1.878221e-15
   outer loop
     vertex -4.997203e+01  1.708220e+00  1.421085e-14
     vertex -5.014402e+01  1.755362e+00  1.200000e+01
     vertex -4.997203e+01  1.708220e+00  1.200000e+01
   endloop
 endfacet
 facet normal  2.377784e-01  9.713194e-01  1.689517e-15
   outer loop
     vertex -4.997203e+01  1.708220e+00  1.421085e-14
     vertex -4.997203e+01  1.708220e+00  1.200000e+01
     vertex -4.979880e+01  1.665815e+00  1.421085e-14
   endloop
 endfacet
 facet normal  2.643362e-01  9.644306e-01  6.260738e-16
   outer loop
     vertex -5.014402e+01  1.755362e+00  1.421085e-14
     vertex -5.014402e+01  1.755362e+00  1.200000e+01
     vertex -4.997203e+01  1.708220e+00  1.421085e-14
   endloop
 endfacet
 facet normal  2.906949e-01  9.568158e-01  6.885038e-16
   outer loop
     vertex -5.031466e+01  1.807204e+00  1.421085e-14
     vertex -5.031466e+01  1.807204e+00  1.200000e+01
     vertex -5.014402e+01  1.755362e+00  1.200000e+01
   endloop
 endfacet
 facet normal  2.906949e-01  9.568158e-01  6.890073e-16
   outer loop
     vertex -5.031466e+01  1.807204e+00  1.421085e-14
     vertex -5.014402e+01  1.755362e+00  1.200000e+01
     vertex -5.014402e+01  1.755362e+00  1.421085e-14
   endloop
 endfacet
 facet normal  3.168348e-01  9.484807e-01  7.504156e-16
   outer loop
     vertex -5.048381e+01  1.863707e+00  1.421085e-14
     vertex -5.048381e+01  1.863707e+00  1.200000e+01
     vertex -5.031466e+01  1.807204e+00  1.200000e+01
   endloop
 endfacet
 facet normal  3.427362e-01  9.394317e-01  8.117625e-16
   outer loop
     vertex -5.048381e+01  1.863707e+00  1.421085e-14
     vertex -5.065134e+01  1.924830e+00  1.200000e+01
     vertex -5.048381e+01  1.863707e+00  1.200000e+01
   endloop
 endfacet
 facet normal  3.168348e-01  9.484807e-01  7.506126e-16
   outer loop
     vertex -5.048381e+01  1.863707e+00  1.421085e-14
     vertex -5.031466e+01  1.807204e+00  1.200000e+01
     vertex -5.031466e+01  1.807204e+00  1.421085e-14
   endloop
 endfacet
 facet normal  3.427362e-01  9.394317e-01  8.117625e-16
   outer loop
     vertex -5.065134e+01  1.924830e+00  1.421085e-14
     vertex -5.065134e+01  1.924830e+00  1.200000e+01
     vertex -5.048381e+01  1.863707e+00  1.421085e-14
   endloop
 endfacet
 facet normal  3.683796e-01  9.296754e-01  8.724983e-16
   outer loop
     vertex -5.081714e+01  1.990526e+00  1.421085e-14
     vertex -5.081714e+01  1.990526e+00  1.200000e+01
     vertex -5.065134e+01  1.924830e+00  1.200000e+01
   endloop
 endfacet
 facet normal  3.683796e-01  9.296754e-01  8.722022e-16
   outer loop
     vertex -5.081714e+01  1.990526e+00  1.421085e-14
     vertex -5.065134e+01  1.924830e+00  1.200000e+01
     vertex -5.065134e+01  1.924830e+00  1.421085e-14
   endloop
 endfacet
 facet normal  3.937458e-01  9.192194e-01  9.329969e-16
   outer loop
     vertex -5.098107e+01  2.060746e+00  1.421085e-14
     vertex -5.081714e+01  1.990526e+00  1.200000e+01
     vertex -5.081714e+01  1.990526e+00  1.421085e-14
   endloop
 endfacet
 facet normal  3.937458e-01  9.192194e-01  9.325773e-16
   outer loop
     vertex -5.098107e+01  2.060746e+00  1.421085e-14
     vertex -5.098107e+01  2.060746e+00  1.200000e+01
     vertex -5.081714e+01  1.990526e+00  1.200000e+01
   endloop
 endfacet
 facet normal  4.188155e-01  9.080714e-01  9.919543e-16
   outer loop
     vertex -5.098107e+01  2.060746e+00  1.421085e-14
     vertex -5.114302e+01  2.135437e+00  1.200000e+01
     vertex -5.098107e+01  2.060746e+00  1.200000e+01
   endloop
 endfacet
 facet normal  4.188155e-01  9.080714e-01  9.919543e-16
   outer loop
     vertex -5.114302e+01  2.135437e+00  1.421085e-14
     vertex -5.114302e+01  2.135437e+00  1.200000e+01
     vertex -5.098107e+01  2.060746e+00  1.421085e-14
   endloop
 endfacet
 facet normal  4.435699e-01  8.962398e-01  3.151754e-15
   outer loop
     vertex -5.130285e+01  2.214542e+00  1.421085e-14
     vertex -5.130285e+01  2.214542e+00  1.200000e+01
     vertex -5.114302e+01  2.135437e+00  1.200000e+01
   endloop
 endfacet
 facet normal  4.679904e-01  8.837335e-01  3.325272e-15
   outer loop
     vertex -5.130285e+01  2.214542e+00  1.421085e-14
     vertex -5.146045e+01  2.298003e+00  1.200000e+01
     vertex -5.130285e+01  2.214542e+00  1.200000e+01
   endloop
 endfacet
 facet normal  4.435699e-01  8.962398e-01  1.050533e-15
   outer loop
     vertex -5.130285e+01  2.214542e+00  1.421085e-14
     vertex -5.114302e+01  2.135437e+00  1.200000e+01
     vertex -5.114302e+01  2.135437e+00  1.421085e-14
   endloop
 endfacet
 facet normal  4.679904e-01  8.837335e-01  1.108424e-15
   outer loop
     vertex -5.146045e+01  2.298003e+00  1.421085e-14
     vertex -5.146045e+01  2.298003e+00  1.200000e+01
     vertex -5.130285e+01  2.214542e+00  1.421085e-14
   endloop
 endfacet
 facet normal  4.920587e-01  8.705620e-01  1.165429e-15
   outer loop
     vertex -5.146045e+01  2.298003e+00  1.421085e-14
     vertex -5.161571e+01  2.385756e+00  1.200000e+01
     vertex -5.146045e+01  2.298003e+00  1.200000e+01
   endloop
 endfacet
 facet normal  4.920587e-01  8.705620e-01  3.496287e-15
   outer loop
     vertex -5.161571e+01  2.385756e+00  1.421085e-14
     vertex -5.161571e+01  2.385756e+00  1.200000e+01
     vertex -5.146045e+01  2.298003e+00  1.421085e-14
   endloop
 endfacet
 facet normal  5.157565e-01  8.567352e-01  3.664670e-15
   outer loop
     vertex -5.161571e+01  2.385756e+00  1.421085e-14
     vertex -5.176850e+01  2.477735e+00  1.200000e+01
     vertex -5.161571e+01  2.385756e+00  1.200000e+01
   endloop
 endfacet
 facet normal  5.157565e-01  8.567352e-01  3.664670e-15
   outer loop
     vertex -5.176850e+01  2.477735e+00  1.421085e-14
     vertex -5.176850e+01  2.477735e+00  1.200000e+01
     vertex -5.161571e+01  2.385756e+00  1.421085e-14
   endloop
 endfacet
 facet normal  5.390661e-01  8.422635e-01  3.830295e-15
   outer loop
     vertex -5.191870e+01  2.573871e+00  1.421085e-14
     vertex -5.191870e+01  2.573871e+00  1.200000e+01
     vertex -5.176850e+01  2.477735e+00  1.200000e+01
   endloop
 endfacet
 facet normal  5.390661e-01  8.422635e-01  3.830070e-15
   outer loop
     vertex -5.191870e+01  2.573871e+00  1.421085e-14
     vertex -5.176850e+01  2.477735e+00  1.200000e+01
     vertex -5.176850e+01  2.477735e+00  1.421085e-14
   endloop
 endfacet
 facet normal  5.619699e-01  8.271577e-01  3.993036e-15
   outer loop
     vertex -5.206622e+01  2.674091e+00  1.421085e-14
     vertex -5.206622e+01  2.674091e+00  1.200000e+01
     vertex -5.191870e+01  2.573871e+00  1.200000e+01
   endloop
 endfacet
 facet normal  5.844507e-01  8.114292e-01  4.152772e-15
   outer loop
     vertex -5.206622e+01  2.674091e+00  1.421085e-14
     vertex -5.221093e+01  2.778321e+00  1.200000e+01
     vertex -5.206622e+01  2.674091e+00  1.200000e+01
   endloop
 endfacet
 facet normal  5.619699e-01  8.271577e-01  3.993000e-15
   outer loop
     vertex -5.206622e+01  2.674091e+00  1.421085e-14
     vertex -5.191870e+01  2.573871e+00  1.200000e+01
     vertex -5.191870e+01  2.573871e+00  1.421085e-14
   endloop
 endfacet
 facet normal  5.844507e-01  8.114292e-01  1.384257e-15
   outer loop
     vertex -5.221093e+01  2.778321e+00  1.421085e-14
     vertex -5.221093e+01  2.778321e+00  1.200000e+01
     vertex -5.206622e+01  2.674091e+00  1.421085e-14
   endloop
 endfacet
 facet normal  6.064915e-01  7.950900e-01  4.309381e-15
   outer loop
     vertex -5.235272e+01  2.886482e+00  1.421085e-14
     vertex -5.235272e+01  2.886482e+00  1.200000e+01
     vertex -5.221093e+01  2.778321e+00  1.200000e+01
   endloop
 endfacet
 facet normal  6.280757e-01  7.781522e-01  4.462747e-15
   outer loop
     vertex -5.235272e+01  2.886482e+00  1.421085e-14
     vertex -5.249150e+01  2.998492e+00  1.200000e+01
     vertex -5.235272e+01  2.886482e+00  1.200000e+01
   endloop
 endfacet
 facet normal  6.064915e-01  7.950900e-01  1.436378e-15
   outer loop
     vertex -5.235272e+01  2.886482e+00  1.421085e-14
     vertex -5.221093e+01  2.778321e+00  1.200000e+01
     vertex -5.221093e+01  2.778321e+00  1.421085e-14
   endloop
 endfacet
 facet normal  6.280757e-01  7.781522e-01  1.487582e-15
   outer loop
     vertex -5.249150e+01  2.998492e+00  1.421085e-14
     vertex -5.249150e+01  2.998492e+00  1.200000e+01
     vertex -5.235272e+01  2.886482e+00  1.421085e-14
   endloop
 endfacet
 facet normal  6.491872e-01  7.606287e-01  1.537584e-15
   outer loop
     vertex -5.249150e+01  2.998492e+00  1.421085e-14
     vertex -5.262714e+01  3.114266e+00  1.200000e+01
     vertex -5.249150e+01  2.998492e+00  1.200000e+01
   endloop
 endfacet
 facet normal  6.491872e-01  7.606287e-01  1.537584e-15
   outer loop
     vertex -5.262714e+01  3.114266e+00  1.421085e-14
     vertex -5.262714e+01  3.114266e+00  1.200000e+01
     vertex -5.249150e+01  2.998492e+00  1.421085e-14
   endloop
 endfacet
 facet normal  6.698100e-01  7.425325e-01  4.759286e-15
   outer loop
     vertex -5.275957e+01  3.233719e+00  1.421085e-14
     vertex -5.275957e+01  3.233719e+00  1.200000e+01
     vertex -5.262714e+01  3.114266e+00  1.200000e+01
   endloop
 endfacet
 facet normal  6.698100e-01  7.425325e-01  1.585527e-15
   outer loop
     vertex -5.275957e+01  3.233719e+00  1.421085e-14
     vertex -5.262714e+01  3.114266e+00  1.200000e+01
     vertex -5.262714e+01  3.114266e+00  1.421085e-14
   endloop
 endfacet
 facet normal  6.899286e-01  7.238775e-01  1.634079e-15
   outer loop
     vertex -5.288866e+01  3.356760e+00  1.421085e-14
     vertex -5.288866e+01  3.356760e+00  1.200000e+01
     vertex -5.275957e+01  3.233719e+00  1.200000e+01
   endloop
 endfacet
 facet normal  6.899286e-01  7.238775e-01  4.902490e-15
   outer loop
     vertex -5.288866e+01  3.356760e+00  1.421085e-14
     vertex -5.275957e+01  3.233719e+00  1.200000e+01
     vertex -5.275957e+01  3.233719e+00  1.421085e-14
   endloop
 endfacet
 facet normal  7.095278e-01  7.046775e-01  1.680499e-15
   outer loop
     vertex -5.301433e+01  3.483295e+00  1.421085e-14
     vertex -5.301433e+01  3.483295e+00  1.200000e+01
     vertex -5.288866e+01  3.356760e+00  1.200000e+01
   endloop
 endfacet
 facet normal  7.095278e-01  7.046775e-01  1.681178e-15
   outer loop
     vertex -5.301433e+01  3.483295e+00  1.421085e-14
     vertex -5.288866e+01  3.356760e+00  1.200000e+01
     vertex -5.288866e+01  3.356760e+00  1.421085e-14
   endloop
 endfacet
 facet normal  7.285929e-01  6.849470e-01  5.176964e-15
   outer loop
     vertex -5.313648e+01  3.613231e+00  1.421085e-14
     vertex -5.313648e+01  3.613231e+00  1.200000e+01
     vertex -5.301433e+01  3.483295e+00  1.200000e+01
   endloop
 endfacet
 facet normal  7.285929e-01  6.849470e-01  1.726571e-15
   outer loop
     vertex -5.313648e+01  3.613231e+00  1.421085e-14
     vertex -5.301433e+01  3.483295e+00  1.200000e+01
     vertex -5.301433e+01  3.483295e+00  1.421085e-14
   endloop
 endfacet
 facet normal  7.471095e-01  6.647010e-01  5.308532e-15
   outer loop
     vertex -5.325503e+01  3.746469e+00  1.421085e-14
     vertex -5.325503e+01  3.746469e+00  1.200000e+01
     vertex -5.313648e+01  3.613231e+00  1.200000e+01
   endloop
 endfacet
 facet normal  7.471095e-01  6.647010e-01  5.307788e-15
   outer loop
     vertex -5.325503e+01  3.746469e+00  1.421085e-14
     vertex -5.313648e+01  3.613231e+00  1.200000e+01
     vertex -5.313648e+01  3.613231e+00  1.421085e-14
   endloop
 endfacet
 facet normal  7.650637e-01  6.439545e-01  5.436105e-15
   outer loop
     vertex -5.336987e+01  3.882909e+00  1.421085e-14
     vertex -5.336987e+01  3.882909e+00  1.200000e+01
     vertex -5.325503e+01  3.746469e+00  1.200000e+01
   endloop
 endfacet
 facet normal  7.650637e-01  6.439545e-01  5.435862e-15
   outer loop
     vertex -5.336987e+01  3.882909e+00  1.421085e-14
     vertex -5.325503e+01  3.746469e+00  1.200000e+01
     vertex -5.325503e+01  3.746469e+00  1.421085e-14
   endloop
 endfacet
 facet normal  7.824421e-01  6.227234e-01  5.559585e-15
   outer loop
     vertex -5.348092e+01  4.022449e+00  1.421085e-14
     vertex -5.348092e+01  4.022449e+00  1.200000e+01
     vertex -5.336987e+01  3.882909e+00  1.200000e+01
   endloop
 endfacet
 facet normal  7.824421e-01  6.227234e-01  5.559073e-15
   outer loop
     vertex -5.348092e+01  4.022449e+00  1.421085e-14
     vertex -5.336987e+01  3.882909e+00  1.200000e+01
     vertex -5.336987e+01  3.882909e+00  1.421085e-14
   endloop
 endfacet
 facet normal  7.992314e-01  6.010234e-01  1.892960e-15
   outer loop
     vertex -5.358811e+01  4.164982e+00  1.421085e-14
     vertex -5.358811e+01  4.164982e+00  1.200000e+01
     vertex -5.348092e+01  4.022449e+00  1.200000e+01
   endloop
 endfacet
 facet normal  7.992314e-01  6.010234e-01  5.678231e-15
   outer loop
     vertex -5.358811e+01  4.164982e+00  1.421085e-14
     vertex -5.348092e+01  4.022449e+00  1.200000e+01
     vertex -5.348092e+01  4.022449e+00  1.421085e-14
   endloop
 endfacet
 facet normal  8.154191e-01  5.788711e-01  1.931300e-15
   outer loop
     vertex -5.369134e+01  4.310402e+00  1.421085e-14
     vertex -5.369134e+01  4.310402e+00  1.200000e+01
     vertex -5.358811e+01  4.164982e+00  1.200000e+01
   endloop
 endfacet
 facet normal  8.309929e-01  5.562829e-01  1.968187e-15
   outer loop
     vertex -5.369134e+01  4.310402e+00  1.421085e-14
     vertex -5.379055e+01  4.458600e+00  1.200000e+01
     vertex -5.369134e+01  4.310402e+00  1.200000e+01
   endloop
 endfacet
 facet normal  8.154191e-01  5.788711e-01  1.931652e-15
   outer loop
     vertex -5.369134e+01  4.310402e+00  1.421085e-14
     vertex -5.358811e+01  4.164982e+00  1.200000e+01
     vertex -5.358811e+01  4.164982e+00  1.421085e-14
   endloop
 endfacet
 facet normal  8.309929e-01  5.562829e-01  1.968187e-15
   outer loop
     vertex -5.379055e+01  4.458600e+00  1.421085e-14
     vertex -5.379055e+01  4.458600e+00  1.200000e+01
     vertex -5.369134e+01  4.310402e+00  1.421085e-14
   endloop
 endfacet
 facet normal  8.459413e-01  5.332761e-01  2.003591e-15
   outer loop
     vertex -5.388565e+01  4.609463e+00  1.421085e-14
     vertex -5.388565e+01  4.609463e+00  1.200000e+01
     vertex -5.379055e+01  4.458600e+00  1.200000e+01
   endloop
 endfacet
 facet normal  8.602528e-01  5.098678e-01  2.037488e-15
   outer loop
     vertex -5.388565e+01  4.609463e+00  1.421085e-14
     vertex -5.397658e+01  4.762879e+00  1.200000e+01
     vertex -5.388565e+01  4.609463e+00  1.200000e+01
   endloop
 endfacet
 facet normal  8.459413e-01  5.332761e-01  2.003795e-15
   outer loop
     vertex -5.388565e+01  4.609463e+00  1.421085e-14
     vertex -5.379055e+01  4.458600e+00  1.200000e+01
     vertex -5.379055e+01  4.458600e+00  1.421085e-14
   endloop
 endfacet
 facet normal  8.602528e-01  5.098678e-01  6.112464e-15
   outer loop
     vertex -5.397658e+01  4.762879e+00  1.421085e-14
     vertex -5.397658e+01  4.762879e+00  1.200000e+01
     vertex -5.388565e+01  4.609463e+00  1.421085e-14
   endloop
 endfacet
 facet normal  8.739167e-01  4.860756e-01  2.069851e-15
   outer loop
     vertex -5.406327e+01  4.918732e+00  1.421085e-14
     vertex -5.406327e+01  4.918732e+00  1.200000e+01
     vertex -5.397658e+01  4.762879e+00  1.200000e+01
   endloop
 endfacet
 facet normal  8.739167e-01  4.860756e-01  6.209172e-15
   outer loop
     vertex -5.406327e+01  4.918732e+00  1.421085e-14
     vertex -5.397658e+01  4.762879e+00  1.200000e+01
     vertex -5.397658e+01  4.762879e+00  1.421085e-14
   endloop
 endfacet
 facet normal  8.869228e-01  4.619176e-01  2.101067e-15
   outer loop
     vertex -5.414564e+01  5.076904e+00  1.421085e-14
     vertex -5.406327e+01  4.918732e+00  1.200000e+01
     vertex -5.406327e+01  4.918732e+00  1.421085e-14
   endloop
 endfacet
 facet normal  8.869228e-01  4.619176e-01  2.100655e-15
   outer loop
     vertex -5.414564e+01  5.076904e+00  1.421085e-14
     vertex -5.414564e+01  5.076904e+00  1.200000e+01
     vertex -5.406327e+01  4.918732e+00  1.200000e+01
   endloop
 endfacet
 facet normal  8.992613e-01  4.374119e-01  2.129879e-15
   outer loop
     vertex -5.414564e+01  5.076904e+00  1.421085e-14
     vertex -5.422365e+01  5.237277e+00  1.200000e+01
     vertex -5.414564e+01  5.076904e+00  1.200000e+01
   endloop
 endfacet
 facet normal  8.992613e-01  4.374119e-01  6.389636e-15
   outer loop
     vertex -5.422365e+01  5.237277e+00  1.421085e-14
     vertex -5.422365e+01  5.237277e+00  1.200000e+01
     vertex -5.414564e+01  5.076904e+00  1.421085e-14
   endloop
 endfacet
 facet normal  9.109228e-01  4.125769e-01  6.471805e-15
   outer loop
     vertex -5.429723e+01  5.399729e+00  1.421085e-14
     vertex -5.422365e+01  5.237277e+00  1.200000e+01
     vertex -5.422365e+01  5.237277e+00  1.421085e-14
   endloop
 endfacet
 facet normal  9.109228e-01  4.125769e-01  6.472496e-15
   outer loop
     vertex -5.429723e+01  5.399729e+00  1.421085e-14
     vertex -5.429723e+01  5.399729e+00  1.200000e+01
     vertex -5.422365e+01  5.237277e+00  1.200000e+01
   endloop
 endfacet
 facet normal  9.218986e-01  3.874313e-01  6.550433e-15
   outer loop
     vertex -5.436632e+01  5.564139e+00  1.421085e-14
     vertex -5.429723e+01  5.399729e+00  1.200000e+01
     vertex -5.429723e+01  5.399729e+00  1.421085e-14
   endloop
 endfacet
 facet normal  9.218986e-01  3.874313e-01  6.550483e-15
   outer loop
     vertex -5.436632e+01  5.564139e+00  1.421085e-14
     vertex -5.436632e+01  5.564139e+00  1.200000e+01
     vertex -5.429723e+01  5.399729e+00  1.200000e+01
   endloop
 endfacet
 facet normal  9.321804e-01  3.619940e-01  6.623387e-15
   outer loop
     vertex -5.443088e+01  5.730382e+00  1.421085e-14
     vertex -5.436632e+01  5.564139e+00  1.200000e+01
     vertex -5.436632e+01  5.564139e+00  1.421085e-14
   endloop
 endfacet
 facet normal  9.321804e-01  3.619940e-01  2.207847e-15
   outer loop
     vertex -5.443088e+01  5.730382e+00  1.421085e-14
     vertex -5.443088e+01  5.730382e+00  1.200000e+01
     vertex -5.436632e+01  5.564139e+00  1.200000e+01
   endloop
 endfacet
 facet normal  9.417605e-01  3.362843e-01  2.230762e-15
   outer loop
     vertex -5.449085e+01  5.898334e+00  1.421085e-14
     vertex -5.443088e+01  5.730382e+00  1.200000e+01
     vertex -5.443088e+01  5.730382e+00  1.421085e-14
   endloop
 endfacet
 facet normal  9.417605e-01  3.362843e-01  2.230537e-15
   outer loop
     vertex -5.449085e+01  5.898334e+00  1.421085e-14
     vertex -5.449085e+01  5.898334e+00  1.200000e+01
     vertex -5.443088e+01  5.730382e+00  1.200000e+01
   endloop
 endfacet
 facet normal  9.506317e-01  3.103214e-01  2.251838e-15
   outer loop
     vertex -5.454620e+01  6.067867e+00  1.421085e-14
     vertex -5.449085e+01  5.898334e+00  1.200000e+01
     vertex -5.449085e+01  5.898334e+00  1.421085e-14
   endloop
 endfacet
 facet normal  9.506317e-01  3.103214e-01  6.754644e-15
   outer loop
     vertex -5.454620e+01  6.067867e+00  1.421085e-14
     vertex -5.454620e+01  6.067867e+00  1.200000e+01
     vertex -5.449085e+01  5.898334e+00  1.200000e+01
   endloop
 endfacet
 facet normal  9.587873e-01  2.841250e-01  6.812593e-15
   outer loop
     vertex -5.454620e+01  6.067867e+00  1.421085e-14
     vertex -5.459687e+01  6.238856e+00  1.200000e+01
     vertex -5.454620e+01  6.067867e+00  1.200000e+01
   endloop
 endfacet
 facet normal  9.587873e-01  2.841250e-01  6.812593e-15
   outer loop
     vertex -5.459687e+01  6.238856e+00  1.421085e-14
     vertex -5.459687e+01  6.238856e+00  1.200000e+01
     vertex -5.454620e+01  6.067867e+00  1.421085e-14
   endloop
 endfacet
 facet normal  9.662211e-01  2.577146e-01  6.864944e-15
   outer loop
     vertex -5.464283e+01  6.411170e+00  1.421085e-14
     vertex -5.459687e+01  6.238856e+00  1.200000e+01
     vertex -5.459687e+01  6.238856e+00  1.421085e-14
   endloop
 endfacet
 facet normal  9.662211e-01  2.577146e-01  6.865414e-15
   outer loop
     vertex -5.464283e+01  6.411170e+00  1.421085e-14
     vertex -5.464283e+01  6.411170e+00  1.200000e+01
     vertex -5.459687e+01  6.238856e+00  1.200000e+01
   endloop
 endfacet
 facet normal  9.729276e-01  2.311102e-01  6.913175e-15
   outer loop
     vertex -5.468404e+01  6.584680e+00  1.421085e-14
     vertex -5.464283e+01  6.411170e+00  1.200000e+01
     vertex -5.464283e+01  6.411170e+00  1.421085e-14
   endloop
 endfacet
 facet normal  9.729276e-01  2.311102e-01  6.913066e-15
   outer loop
     vertex -5.468404e+01  6.584680e+00  1.421085e-14
     vertex -5.468404e+01  6.584680e+00  1.200000e+01
     vertex -5.464283e+01  6.411170e+00  1.200000e+01
   endloop
 endfacet
 facet normal  9.789017e-01  2.043319e-01  6.955326e-15
   outer loop
     vertex -5.472048e+01  6.759255e+00  1.421085e-14
     vertex -5.468404e+01  6.584680e+00  1.200000e+01
     vertex -5.468404e+01  6.584680e+00  1.421085e-14
   endloop
 endfacet
 facet normal  9.789017e-01  2.043319e-01  6.955515e-15
   outer loop
     vertex -5.472048e+01  6.759255e+00  1.421085e-14
     vertex -5.472048e+01  6.759255e+00  1.200000e+01
     vertex -5.468404e+01  6.584680e+00  1.200000e+01
   endloop
 endfacet
 facet normal  9.841389e-01  1.773998e-01  6.992613e-15
   outer loop
     vertex -5.475212e+01  6.934765e+00  1.421085e-14
     vertex -5.472048e+01  6.759255e+00  1.200000e+01
     vertex -5.472048e+01  6.759255e+00  1.421085e-14
   endloop
 endfacet
 facet normal  9.841389e-01  1.773998e-01  6.992727e-15
   outer loop
     vertex -5.475212e+01  6.934765e+00  1.421085e-14
     vertex -5.475212e+01  6.934765e+00  1.200000e+01
     vertex -5.472048e+01  6.759255e+00  1.200000e+01
   endloop
 endfacet
 facet normal  9.886353e-01  1.503341e-01  7.024632e-15
   outer loop
     vertex -5.477893e+01  7.111076e+00  1.421085e-14
     vertex -5.475212e+01  6.934765e+00  1.200000e+01
     vertex -5.475212e+01  6.934765e+00  1.421085e-14
   endloop
 endfacet
 facet normal  9.886353e-01  1.503341e-01  2.341559e-15
   outer loop
     vertex -5.477893e+01  7.111076e+00  1.421085e-14
     vertex -5.477893e+01  7.111076e+00  1.200000e+01
     vertex -5.475212e+01  6.934765e+00  1.200000e+01
   endloop
 endfacet
 facet normal  9.923874e-01  1.231552e-01  2.350446e-15
   outer loop
     vertex -5.477893e+01  7.111076e+00  1.421085e-14
     vertex -5.480089e+01  7.288056e+00  1.200000e+01
     vertex -5.477893e+01  7.111076e+00  1.200000e+01
   endloop
 endfacet
 facet normal  9.923874e-01  1.231552e-01  7.051337e-15
   outer loop
     vertex -5.480089e+01  7.288056e+00  1.421085e-14
     vertex -5.480089e+01  7.288056e+00  1.200000e+01
     vertex -5.477893e+01  7.111076e+00  1.421085e-14
   endloop
 endfacet
 facet normal  9.953925e-01  9.588368e-02  7.072689e-15
   outer loop
     vertex -5.481799e+01  7.465573e+00  1.421085e-14
     vertex -5.481799e+01  7.465573e+00  1.200000e+01
     vertex -5.480089e+01  7.288056e+00  1.200000e+01
   endloop
 endfacet
 facet normal  9.976484e-01  6.853995e-02  7.088718e-15
   outer loop
     vertex -5.481799e+01  7.465573e+00  1.421085e-14
     vertex -5.483022e+01  7.643492e+00  1.200000e+01
     vertex -5.481799e+01  7.465573e+00  1.200000e+01
   endloop
 endfacet
 facet normal  9.953925e-01  9.588368e-02  7.072660e-15
   outer loop
     vertex -5.481799e+01  7.465573e+00  1.421085e-14
     vertex -5.480089e+01  7.288056e+00  1.200000e+01
     vertex -5.480089e+01  7.288056e+00  1.421085e-14
   endloop
 endfacet
 facet normal  9.976484e-01  6.853995e-02  2.362906e-15
   outer loop
     vertex -5.483022e+01  7.643492e+00  1.421085e-14
     vertex -5.483022e+01  7.643492e+00  1.200000e+01
     vertex -5.481799e+01  7.465573e+00  1.421085e-14
   endloop
 endfacet
 facet normal  9.991532e-01  4.114462e-02  2.366470e-15
   outer loop
     vertex -5.483755e+01  7.821679e+00  1.421085e-14
     vertex -5.483755e+01  7.821679e+00  1.200000e+01
     vertex -5.483022e+01  7.643492e+00  1.200000e+01
   endloop
 endfacet
 facet normal  9.991532e-01  4.114462e-02  2.366436e-15
   outer loop
     vertex -5.483755e+01  7.821679e+00  1.421085e-14
     vertex -5.483022e+01  7.643492e+00  1.200000e+01
     vertex -5.483022e+01  7.643492e+00  1.421085e-14
   endloop
 endfacet
 facet normal  9.999059e-01  1.371831e-02  7.104759e-15
   outer loop
     vertex -5.484000e+01  8.000000e+00  1.421085e-14
     vertex -5.484000e+01  8.000000e+00  1.200000e+01
     vertex -5.483755e+01  7.821679e+00  1.200000e+01
   endloop
 endfacet
 facet normal  9.999059e-01  1.371831e-02  2.368260e-15
   outer loop
     vertex -5.484000e+01  8.000000e+00  1.421085e-14
     vertex -5.483755e+01  7.821679e+00  1.200000e+01
     vertex -5.483755e+01  7.821679e+00  1.421085e-14
   endloop
 endfacet
 facet normal  9.999059e-01 -1.371831e-02  7.104770e-15
   outer loop
     vertex -5.883605e+01 -1.971194e+01  2.842171e-14
     vertex -5.884000e+01 -2.000000e+01  1.200000e+01
     vertex -5.884000e+01 -2.000000e+01  2.842171e-14
   endloop
 endfacet
 facet normal  9.999059e-01 -1.371831e-02  2.368253e-15
   outer loop
     vertex -5.883605e+01 -1.971194e+01  2.842171e-14
     vertex -5.883605e+01 -1.971194e+01  1.200000e+01
     vertex -5.884000e+01 -2.000000e+01  1.200000e+01
   endloop
 endfacet
 facet normal  9.991532e-01 -4.114462e-02  7.099410e-15
   outer loop
     vertex -5.882419e+01 -1.942410e+01  2.842171e-14
     vertex -5.882419e+01 -1.942410e+01  1.200000e+01
     vertex -5.883605e+01 -1.971194e+01  1.200000e+01
   endloop
 endfacet
 facet normal  9.991532e-01 -4.114462e-02  2.366479e-15
   outer loop
     vertex -5.882419e+01 -1.942410e+01  2.842171e-14
     vertex -5.883605e+01 -1.971194e+01  1.200000e+01
     vertex -5.883605e+01 -1.971194e+01  2.842171e-14
   endloop
 endfacet
 facet normal  9.976484e-01 -6.853995e-02  2.362906e-15
   outer loop
     vertex -5.880445e+01 -1.913669e+01  2.842171e-14
     vertex -5.880445e+01 -1.913669e+01  1.200000e+01
     vertex -5.882419e+01 -1.942410e+01  1.200000e+01
   endloop
 endfacet
 facet normal  9.976484e-01 -6.853995e-02  7.088901e-15
   outer loop
     vertex -5.880445e+01 -1.913669e+01  2.842171e-14
     vertex -5.882419e+01 -1.942410e+01  1.200000e+01
     vertex -5.882419e+01 -1.942410e+01  2.842171e-14
   endloop
 endfacet
 facet normal  9.953925e-01 -9.588368e-02  7.072689e-15
   outer loop
     vertex -5.877683e+01 -1.884994e+01  2.842171e-14
     vertex -5.877683e+01 -1.884994e+01  1.200000e+01
     vertex -5.880445e+01 -1.913669e+01  1.200000e+01
   endloop
 endfacet
 facet normal  9.923874e-01 -1.231552e-01  7.051337e-15
   outer loop
     vertex -5.877683e+01 -1.884994e+01  2.842171e-14
     vertex -5.874135e+01 -1.856405e+01  1.200000e+01
     vertex -5.877683e+01 -1.884994e+01  1.200000e+01
   endloop
 endfacet
 facet normal  9.953925e-01 -9.588368e-02  2.357447e-15
   outer loop
     vertex -5.877683e+01 -1.884994e+01  2.842171e-14
     vertex -5.880445e+01 -1.913669e+01  1.200000e+01
     vertex -5.880445e+01 -1.913669e+01  2.842171e-14
   endloop
 endfacet
 facet normal  9.923874e-01 -1.231552e-01  7.051337e-15
   outer loop
     vertex -5.874135e+01 -1.856405e+01  2.842171e-14
     vertex -5.874135e+01 -1.856405e+01  1.200000e+01
     vertex -5.877683e+01 -1.884994e+01  2.842171e-14
   endloop
 endfacet
 facet normal  9.886353e-01 -1.503341e-01  2.341559e-15
   outer loop
     vertex -5.869804e+01 -1.827924e+01  2.842171e-14
     vertex -5.869804e+01 -1.827924e+01  1.200000e+01
     vertex -5.874135e+01 -1.856405e+01  1.200000e+01
   endloop
 endfacet
 facet normal  9.841389e-01 -1.773998e-01  2.330909e-15
   outer loop
     vertex -5.869804e+01 -1.827924e+01  2.842171e-14
     vertex -5.864693e+01 -1.799572e+01  1.200000e+01
     vertex -5.869804e+01 -1.827924e+01  1.200000e+01
   endloop
 endfacet
 facet normal  9.886353e-01 -1.503341e-01  7.024671e-15
   outer loop
     vertex -5.869804e+01 -1.827924e+01  2.842171e-14
     vertex -5.874135e+01 -1.856405e+01  1.200000e+01
     vertex -5.874135e+01 -1.856405e+01  2.842171e-14
   endloop
 endfacet
 facet normal  9.841389e-01 -1.773998e-01  2.330909e-15
   outer loop
     vertex -5.864693e+01 -1.799572e+01  2.842171e-14
     vertex -5.864693e+01 -1.799572e+01  1.200000e+01
     vertex -5.869804e+01 -1.827924e+01  2.842171e-14
   endloop
 endfacet
 facet normal  9.789017e-01 -2.043319e-01  2.318505e-15
   outer loop
     vertex -5.858807e+01 -1.771371e+01  2.842171e-14
     vertex -5.858807e+01 -1.771371e+01  1.200000e+01
     vertex -5.864693e+01 -1.799572e+01  1.200000e+01
   endloop
 endfacet
 facet normal  9.789017e-01 -2.043319e-01  2.318307e-15
   outer loop
     vertex -5.858807e+01 -1.771371e+01  2.842171e-14
     vertex -5.864693e+01 -1.799572e+01  1.200000e+01
     vertex -5.864693e+01 -1.799572e+01  2.842171e-14
   endloop
 endfacet
 facet normal  9.729276e-01 -2.311102e-01  6.913066e-15
   outer loop
     vertex -5.852149e+01 -1.743343e+01  2.842171e-14
     vertex -5.852149e+01 -1.743343e+01  1.200000e+01
     vertex -5.858807e+01 -1.771371e+01  1.200000e+01
   endloop
 endfacet
 facet normal  9.729276e-01 -2.311102e-01  2.304257e-15
   outer loop
     vertex -5.852149e+01 -1.743343e+01  2.842171e-14
     vertex -5.858807e+01 -1.771371e+01  1.200000e+01
     vertex -5.858807e+01 -1.771371e+01  2.842171e-14
   endloop
 endfacet
 facet normal  9.662211e-01 -2.577146e-01  6.865601e-15
   outer loop
     vertex -5.844724e+01 -1.715507e+01  2.842171e-14
     vertex -5.852149e+01 -1.743343e+01  1.200000e+01
     vertex -5.852149e+01 -1.743343e+01  2.842171e-14
   endloop
 endfacet
 facet normal  9.662211e-01 -2.577146e-01  6.865414e-15
   outer loop
     vertex -5.844724e+01 -1.715507e+01  2.842171e-14
     vertex -5.844724e+01 -1.715507e+01  1.200000e+01
     vertex -5.852149e+01 -1.743343e+01  1.200000e+01
   endloop
 endfacet
 facet normal  9.587873e-01 -2.841250e-01  6.812593e-15
   outer loop
     vertex -5.844724e+01 -1.715507e+01  2.842171e-14
     vertex -5.836539e+01 -1.687886e+01  1.200000e+01
     vertex -5.844724e+01 -1.715507e+01  1.200000e+01
   endloop
 endfacet
 facet normal  9.587873e-01 -2.841250e-01  2.270864e-15
   outer loop
     vertex -5.836539e+01 -1.687886e+01  2.842171e-14
     vertex -5.836539e+01 -1.687886e+01  1.200000e+01
     vertex -5.844724e+01 -1.715507e+01  2.842171e-14
   endloop
 endfacet
 facet normal  9.506317e-01 -3.103214e-01  2.251548e-15
   outer loop
     vertex -5.836539e+01 -1.687886e+01  2.842171e-14
     vertex -5.827599e+01 -1.660500e+01  1.200000e+01
     vertex -5.836539e+01 -1.687886e+01  1.200000e+01
   endloop
 endfacet
 facet normal  9.506317e-01 -3.103214e-01  6.754644e-15
   outer loop
     vertex -5.827599e+01 -1.660500e+01  2.842171e-14
     vertex -5.827599e+01 -1.660500e+01  1.200000e+01
     vertex -5.836539e+01 -1.687886e+01  2.842171e-14
   endloop
 endfacet
 facet normal  9.417605e-01 -3.362843e-01  6.691611e-15
   outer loop
     vertex -5.827599e+01 -1.660500e+01  2.842171e-14
     vertex -5.817912e+01 -1.633369e+01  1.200000e+01
     vertex -5.827599e+01 -1.660500e+01  1.200000e+01
   endloop
 endfacet
 facet normal  9.417605e-01 -3.362843e-01  6.691611e-15
   outer loop
     vertex -5.817912e+01 -1.633369e+01  2.842171e-14
     vertex -5.817912e+01 -1.633369e+01  1.200000e+01
     vertex -5.827599e+01 -1.660500e+01  2.842171e-14
   endloop
 endfacet
 facet normal  9.321804e-01 -3.619940e-01  6.623734e-15
   outer loop
     vertex -5.807483e+01 -1.606515e+01  2.842171e-14
     vertex -5.817912e+01 -1.633369e+01  1.200000e+01
     vertex -5.817912e+01 -1.633369e+01  2.842171e-14
   endloop
 endfacet
 facet normal  9.321804e-01 -3.619940e-01  2.207847e-15
   outer loop
     vertex -5.807483e+01 -1.606515e+01  2.842171e-14
     vertex -5.807483e+01 -1.606515e+01  1.200000e+01
     vertex -5.817912e+01 -1.633369e+01  1.200000e+01
   endloop
 endfacet
 facet normal  9.218986e-01 -3.874313e-01  2.182821e-15
   outer loop
     vertex -5.796322e+01 -1.579956e+01  1.421085e-14
     vertex -5.807483e+01 -1.606515e+01  1.200000e+01
     vertex -5.807483e+01 -1.606515e+01  2.842171e-14
   endloop
 endfacet
 facet normal  9.218986e-01 -3.874313e-01  2.183494e-15
   outer loop
     vertex -5.796322e+01 -1.579956e+01  1.421085e-14
     vertex -5.796322e+01 -1.579956e+01  1.200000e+01
     vertex -5.807483e+01 -1.606515e+01  1.200000e+01
   endloop
 endfacet
 facet normal  9.109228e-01 -4.125769e-01  2.156728e-15
   outer loop
     vertex -5.784436e+01 -1.553714e+01  1.421085e-14
     vertex -5.796322e+01 -1.579956e+01  1.200000e+01
     vertex -5.796322e+01 -1.579956e+01  1.421085e-14
   endloop
 endfacet
 facet normal  9.109228e-01 -4.125769e-01  6.472496e-15
   outer loop
     vertex -5.784436e+01 -1.553714e+01  1.421085e-14
     vertex -5.784436e+01 -1.553714e+01  1.200000e+01
     vertex -5.796322e+01 -1.579956e+01  1.200000e+01
   endloop
 endfacet
 facet normal  8.992613e-01 -4.374119e-01  6.388892e-15
   outer loop
     vertex -5.771835e+01 -1.527808e+01  1.421085e-14
     vertex -5.784436e+01 -1.553714e+01  1.200000e+01
     vertex -5.784436e+01 -1.553714e+01  1.421085e-14
   endloop
 endfacet
 facet normal  8.992613e-01 -4.374119e-01  6.389636e-15
   outer loop
     vertex -5.771835e+01 -1.527808e+01  1.421085e-14
     vertex -5.771835e+01 -1.527808e+01  1.200000e+01
     vertex -5.784436e+01 -1.553714e+01  1.200000e+01
   endloop
 endfacet
 facet normal  8.869228e-01 -4.619176e-01  6.302583e-15
   outer loop
     vertex -5.758528e+01 -1.502257e+01  1.421085e-14
     vertex -5.771835e+01 -1.527808e+01  1.200000e+01
     vertex -5.771835e+01 -1.527808e+01  1.421085e-14
   endloop
 endfacet
 facet normal  8.869228e-01 -4.619176e-01  2.100655e-15
   outer loop
     vertex -5.758528e+01 -1.502257e+01  1.421085e-14
     vertex -5.758528e+01 -1.502257e+01  1.200000e+01
     vertex -5.771835e+01 -1.527808e+01  1.200000e+01
   endloop
 endfacet
 facet normal  8.739167e-01 -4.860756e-01  2.069415e-15
   outer loop
     vertex -5.744525e+01 -1.477081e+01  1.421085e-14
     vertex -5.758528e+01 -1.502257e+01  1.200000e+01
     vertex -5.758528e+01 -1.502257e+01  1.421085e-14
   endloop
 endfacet
 facet normal  8.739167e-01 -4.860756e-01  2.069851e-15
   outer loop
     vertex -5.744525e+01 -1.477081e+01  1.421085e-14
     vertex -5.744525e+01 -1.477081e+01  1.200000e+01
     vertex -5.758528e+01 -1.502257e+01  1.200000e+01
   endloop
 endfacet
 facet normal  8.602528e-01 -5.098678e-01  2.037300e-15
   outer loop
     vertex -5.729836e+01 -1.452298e+01  1.421085e-14
     vertex -5.744525e+01 -1.477081e+01  1.200000e+01
     vertex -5.744525e+01 -1.477081e+01  1.421085e-14
   endloop
 endfacet
 facet normal  8.602528e-01 -5.098678e-01  6.112464e-15
   outer loop
     vertex -5.729836e+01 -1.452298e+01  1.421085e-14
     vertex -5.729836e+01 -1.452298e+01  1.200000e+01
     vertex -5.744525e+01 -1.477081e+01  1.200000e+01
   endloop
 endfacet
 facet normal  8.459413e-01 -5.332761e-01  6.009533e-15
   outer loop
     vertex -5.714473e+01 -1.427928e+01  1.421085e-14
     vertex -5.729836e+01 -1.452298e+01  1.200000e+01
     vertex -5.729836e+01 -1.452298e+01  1.421085e-14
   endloop
 endfacet
 facet normal  8.459413e-01 -5.332761e-01  6.010774e-15
   outer loop
     vertex -5.714473e+01 -1.427928e+01  1.421085e-14
     vertex -5.714473e+01 -1.427928e+01  1.200000e+01
     vertex -5.729836e+01 -1.452298e+01  1.200000e+01
   endloop
 endfacet
 facet normal  8.309929e-01 -5.562829e-01  5.904560e-15
   outer loop
     vertex -5.698448e+01 -1.403988e+01  1.421085e-14
     vertex -5.698448e+01 -1.403988e+01  1.200000e+01
     vertex -5.714473e+01 -1.427928e+01  1.200000e+01
   endloop
 endfacet
 facet normal  8.309929e-01 -5.562829e-01  5.905159e-15
   outer loop
     vertex -5.698448e+01 -1.403988e+01  1.421085e-14
     vertex -5.714473e+01 -1.427928e+01  1.200000e+01
     vertex -5.714473e+01 -1.427928e+01  1.421085e-14
   endloop
 endfacet
 facet normal  8.154191e-01 -5.788711e-01  5.793901e-15
   outer loop
     vertex -5.681771e+01 -1.380497e+01  1.421085e-14
     vertex -5.681771e+01 -1.380497e+01  1.200000e+01
     vertex -5.698448e+01 -1.403988e+01  1.200000e+01
   endloop
 endfacet
 facet normal  8.154191e-01 -5.788711e-01  5.794764e-15
   outer loop
     vertex -5.681771e+01 -1.380497e+01  1.421085e-14
     vertex -5.698448e+01 -1.403988e+01  1.200000e+01
     vertex -5.698448e+01 -1.403988e+01  1.421085e-14
   endloop
 endfacet
 facet normal  7.992314e-01 -6.010234e-01  1.892960e-15
   outer loop
     vertex -5.664457e+01 -1.357472e+01  1.421085e-14
     vertex -5.664457e+01 -1.357472e+01  1.200000e+01
     vertex -5.681771e+01 -1.380497e+01  1.200000e+01
   endloop
 endfacet
 facet normal  7.992314e-01 -6.010234e-01  5.678346e-15
   outer loop
     vertex -5.664457e+01 -1.357472e+01  1.421085e-14
     vertex -5.681771e+01 -1.380497e+01  1.200000e+01
     vertex -5.681771e+01 -1.380497e+01  1.421085e-14
   endloop
 endfacet
 facet normal  7.824421e-01 -6.227234e-01  5.559585e-15
   outer loop
     vertex -5.646517e+01 -1.334932e+01  1.421085e-14
     vertex -5.646517e+01 -1.334932e+01  1.200000e+01
     vertex -5.664457e+01 -1.357472e+01  1.200000e+01
   endloop
 endfacet
 facet normal  7.824421e-01 -6.227234e-01  1.852638e-15
   outer loop
     vertex -5.646517e+01 -1.334932e+01  1.421085e-14
     vertex -5.664457e+01 -1.357472e+01  1.200000e+01
     vertex -5.664457e+01 -1.357472e+01  1.421085e-14
   endloop
 endfacet
 facet normal  7.650637e-01 -6.439545e-01  1.812035e-15
   outer loop
     vertex -5.627966e+01 -1.312891e+01  1.421085e-14
     vertex -5.627966e+01 -1.312891e+01  1.200000e+01
     vertex -5.646517e+01 -1.334932e+01  1.200000e+01
   endloop
 endfacet
 facet normal  7.650637e-01 -6.439545e-01  5.435476e-15
   outer loop
     vertex -5.627966e+01 -1.312891e+01  1.421085e-14
     vertex -5.646517e+01 -1.334932e+01  1.200000e+01
     vertex -5.646517e+01 -1.334932e+01  1.421085e-14
   endloop
 endfacet
 facet normal  7.471095e-01 -6.647010e-01  1.769511e-15
   outer loop
     vertex -5.608817e+01 -1.291368e+01  1.421085e-14
     vertex -5.608817e+01 -1.291368e+01  1.200000e+01
     vertex -5.627966e+01 -1.312891e+01  1.200000e+01
   endloop
 endfacet
 facet normal  7.285929e-01 -6.849470e-01  1.725655e-15
   outer loop
     vertex -5.608817e+01 -1.291368e+01  1.421085e-14
     vertex -5.589084e+01 -1.270378e+01  1.200000e+01
     vertex -5.608817e+01 -1.291368e+01  1.200000e+01
   endloop
 endfacet
 facet normal  7.471095e-01 -6.647010e-01  1.768336e-15
   outer loop
     vertex -5.608817e+01 -1.291368e+01  1.421085e-14
     vertex -5.627966e+01 -1.312891e+01  1.200000e+01
     vertex -5.627966e+01 -1.312891e+01  1.421085e-14
   endloop
 endfacet
 facet normal  7.285929e-01 -6.849470e-01  1.725655e-15
   outer loop
     vertex -5.589084e+01 -1.270378e+01  1.421085e-14
     vertex -5.589084e+01 -1.270378e+01  1.200000e+01
     vertex -5.608817e+01 -1.291368e+01  1.421085e-14
   endloop
 endfacet
 facet normal  7.095278e-01 -7.046775e-01  1.680499e-15
   outer loop
     vertex -5.568784e+01 -1.249938e+01  1.421085e-14
     vertex -5.568784e+01 -1.249938e+01  1.200000e+01
     vertex -5.589084e+01 -1.270378e+01  1.200000e+01
   endloop
 endfacet
 facet normal  6.899286e-01 -7.238775e-01  1.634079e-15
   outer loop
     vertex -5.568784e+01 -1.249938e+01  1.421085e-14
     vertex -5.547930e+01 -1.230062e+01  1.200000e+01
     vertex -5.568784e+01 -1.249938e+01  1.200000e+01
   endloop
 endfacet
 facet normal  7.095278e-01 -7.046775e-01  1.680020e-15
   outer loop
     vertex -5.568784e+01 -1.249938e+01  1.421085e-14
     vertex -5.589084e+01 -1.270378e+01  1.200000e+01
     vertex -5.589084e+01 -1.270378e+01  1.421085e-14
   endloop
 endfacet
 facet normal  6.899286e-01 -7.238775e-01  4.902237e-15
   outer loop
     vertex -5.547930e+01 -1.230062e+01  1.421085e-14
     vertex -5.547930e+01 -1.230062e+01  1.200000e+01
     vertex -5.568784e+01 -1.249938e+01  1.421085e-14
   endloop
 endfacet
 facet normal  6.698100e-01 -7.425325e-01  4.759286e-15
   outer loop
     vertex -5.526539e+01 -1.210766e+01  1.421085e-14
     vertex -5.526539e+01 -1.210766e+01  1.200000e+01
     vertex -5.547930e+01 -1.230062e+01  1.200000e+01
   endloop
 endfacet
 facet normal  6.698100e-01 -7.425325e-01  4.759052e-15
   outer loop
     vertex -5.526539e+01 -1.210766e+01  1.421085e-14
     vertex -5.547930e+01 -1.230062e+01  1.200000e+01
     vertex -5.547930e+01 -1.230062e+01  1.421085e-14
   endloop
 endfacet
 facet normal  6.491872e-01 -7.606287e-01  4.612753e-15
   outer loop
     vertex -5.504626e+01 -1.192064e+01  1.421085e-14
     vertex -5.504626e+01 -1.192064e+01  1.200000e+01
     vertex -5.526539e+01 -1.210766e+01  1.200000e+01
   endloop
 endfacet
 facet normal  6.280757e-01 -7.781522e-01  4.462747e-15
   outer loop
     vertex -5.504626e+01 -1.192064e+01  1.421085e-14
     vertex -5.482209e+01 -1.173970e+01  1.200000e+01
     vertex -5.504626e+01 -1.192064e+01  1.200000e+01
   endloop
 endfacet
 facet normal  6.491872e-01 -7.606287e-01  4.612527e-15
   outer loop
     vertex -5.504626e+01 -1.192064e+01  1.421085e-14
     vertex -5.526539e+01 -1.210766e+01  1.200000e+01
     vertex -5.526539e+01 -1.210766e+01  1.421085e-14
   endloop
 endfacet
 facet normal  6.064915e-01 -7.950900e-01  4.309381e-15
   outer loop
     vertex -5.482209e+01 -1.173970e+01  1.421085e-14
     vertex -5.459303e+01 -1.156498e+01  1.200000e+01
     vertex -5.482209e+01 -1.173970e+01  1.200000e+01
   endloop
 endfacet
 facet normal  6.280757e-01 -7.781522e-01  4.462747e-15
   outer loop
     vertex -5.482209e+01 -1.173970e+01  1.421085e-14
     vertex -5.482209e+01 -1.173970e+01  1.200000e+01
     vertex -5.504626e+01 -1.192064e+01  1.421085e-14
   endloop
 endfacet
 facet normal  6.064915e-01 -7.950900e-01  1.436460e-15
   outer loop
     vertex -5.459303e+01 -1.156498e+01  1.421085e-14
     vertex -5.459303e+01 -1.156498e+01  1.200000e+01
     vertex -5.482209e+01 -1.173970e+01  1.421085e-14
   endloop
 endfacet
 facet normal  5.844507e-01 -8.114292e-01  1.384963e-15
   outer loop
     vertex -5.435927e+01 -1.139661e+01  1.421085e-14
     vertex -5.459303e+01 -1.156498e+01  1.200000e+01
     vertex -5.459303e+01 -1.156498e+01  1.421085e-14
   endloop
 endfacet
 facet normal  5.844507e-01 -8.114292e-01  4.152772e-15
   outer loop
     vertex -5.435927e+01 -1.139661e+01  1.421085e-14
     vertex -5.435927e+01 -1.139661e+01  1.200000e+01
     vertex -5.459303e+01 -1.156498e+01  1.200000e+01
   endloop
 endfacet
 facet normal  5.619699e-01 -8.271577e-01  1.331012e-15
   outer loop
     vertex -5.412098e+01 -1.123471e+01  1.421085e-14
     vertex -5.412098e+01 -1.123471e+01  1.200000e+01
     vertex -5.435927e+01 -1.139661e+01  1.200000e+01
   endloop
 endfacet
 facet normal  5.619699e-01 -8.271577e-01  3.992305e-15
   outer loop
     vertex -5.412098e+01 -1.123471e+01  1.421085e-14
     vertex -5.435927e+01 -1.139661e+01  1.200000e+01
     vertex -5.435927e+01 -1.139661e+01  1.421085e-14
   endloop
 endfacet
 facet normal  5.390661e-01 -8.422635e-01  1.276574e-15
   outer loop
     vertex -5.387834e+01 -1.107942e+01  1.421085e-14
     vertex -5.412098e+01 -1.123471e+01  1.200000e+01
     vertex -5.412098e+01 -1.123471e+01  1.421085e-14
   endloop
 endfacet
 facet normal  5.390661e-01 -8.422635e-01  3.830295e-15
   outer loop
     vertex -5.387834e+01 -1.107942e+01  1.421085e-14
     vertex -5.387834e+01 -1.107942e+01  1.200000e+01
     vertex -5.412098e+01 -1.123471e+01  1.200000e+01
   endloop
 endfacet
 facet normal  5.157565e-01 -8.567352e-01  3.665133e-15
   outer loop
     vertex -5.363153e+01 -1.093084e+01  1.421085e-14
     vertex -5.387834e+01 -1.107942e+01  1.200000e+01
     vertex -5.387834e+01 -1.107942e+01  1.421085e-14
   endloop
 endfacet
 facet normal  5.157565e-01 -8.567352e-01  1.221557e-15
   outer loop
     vertex -5.363153e+01 -1.093084e+01  1.421085e-14
     vertex -5.363153e+01 -1.093084e+01  1.200000e+01
     vertex -5.387834e+01 -1.107942e+01  1.200000e+01
   endloop
 endfacet
 facet normal  4.920587e-01 -8.705620e-01  1.166179e-15
   outer loop
     vertex -5.338073e+01 -1.078908e+01  1.421085e-14
     vertex -5.363153e+01 -1.093084e+01  1.200000e+01
     vertex -5.363153e+01 -1.093084e+01  1.421085e-14
   endloop
 endfacet
 facet normal  4.920587e-01 -8.705620e-01  3.496287e-15
   outer loop
     vertex -5.338073e+01 -1.078908e+01  1.421085e-14
     vertex -5.338073e+01 -1.078908e+01  1.200000e+01
     vertex -5.363153e+01 -1.093084e+01  1.200000e+01
   endloop
 endfacet
 facet normal  4.679904e-01 -8.837335e-01  3.325917e-15
   outer loop
     vertex -5.312614e+01 -1.065426e+01  1.421085e-14
     vertex -5.338073e+01 -1.078908e+01  1.200000e+01
     vertex -5.338073e+01 -1.078908e+01  1.421085e-14
   endloop
 endfacet
 facet normal  4.679904e-01 -8.837335e-01  3.325272e-15
   outer loop
     vertex -5.312614e+01 -1.065426e+01  1.421085e-14
     vertex -5.312614e+01 -1.065426e+01  1.200000e+01
     vertex -5.338073e+01 -1.078908e+01  1.200000e+01
   endloop
 endfacet
 facet normal  4.435699e-01 -8.962398e-01  3.151292e-15
   outer loop
     vertex -5.286795e+01 -1.052648e+01  1.421085e-14
     vertex -5.312614e+01 -1.065426e+01  1.200000e+01
     vertex -5.312614e+01 -1.065426e+01  1.421085e-14
   endloop
 endfacet
 facet normal  4.435699e-01 -8.962398e-01  1.050585e-15
   outer loop
     vertex -5.286795e+01 -1.052648e+01  1.421085e-14
     vertex -5.286795e+01 -1.052648e+01  1.200000e+01
     vertex -5.312614e+01 -1.065426e+01  1.200000e+01
   endloop
 endfacet
 facet normal  4.188155e-01 -9.080714e-01  9.915529e-16
   outer loop
     vertex -5.260635e+01 -1.040582e+01  1.421085e-14
     vertex -5.286795e+01 -1.052648e+01  1.200000e+01
     vertex -5.286795e+01 -1.052648e+01  1.421085e-14
   endloop
 endfacet
 facet normal  4.188155e-01 -9.080714e-01  2.975863e-15
   outer loop
     vertex -5.260635e+01 -1.040582e+01  1.421085e-14
     vertex -5.260635e+01 -1.040582e+01  1.200000e+01
     vertex -5.286795e+01 -1.052648e+01  1.200000e+01
   endloop
 endfacet
 facet normal  3.937458e-01 -9.192194e-01  2.797022e-15
   outer loop
     vertex -5.234153e+01 -1.029239e+01  1.421085e-14
     vertex -5.260635e+01 -1.040582e+01  1.200000e+01
     vertex -5.260635e+01 -1.040582e+01  1.421085e-14
   endloop
 endfacet
 facet normal  3.937458e-01 -9.192194e-01  2.797732e-15
   outer loop
     vertex -5.234153e+01 -1.029239e+01  1.421085e-14
     vertex -5.234153e+01 -1.029239e+01  1.200000e+01
     vertex -5.260635e+01 -1.040582e+01  1.200000e+01
   endloop
 endfacet
 facet normal  3.683796e-01 -9.296754e-01  2.617378e-15
   outer loop
     vertex -5.207371e+01 -1.018626e+01  1.421085e-14
     vertex -5.234153e+01 -1.029239e+01  1.200000e+01
     vertex -5.234153e+01 -1.029239e+01  1.421085e-14
   endloop
 endfacet
 facet normal  3.683796e-01 -9.296754e-01  2.617495e-15
   outer loop
     vertex -5.207371e+01 -1.018626e+01  1.421085e-14
     vertex -5.207371e+01 -1.018626e+01  1.200000e+01
     vertex -5.234153e+01 -1.029239e+01  1.200000e+01
   endloop
 endfacet
 facet normal  3.427362e-01 -9.394317e-01  2.435287e-15
   outer loop
     vertex -5.207371e+01 -1.018626e+01  1.421085e-14
     vertex -5.180307e+01 -1.008753e+01  1.200000e+01
     vertex -5.207371e+01 -1.018626e+01  1.200000e+01
   endloop
 endfacet
 facet normal  3.427362e-01 -9.394317e-01  2.435287e-15
   outer loop
     vertex -5.180307e+01 -1.008753e+01  1.421085e-14
     vertex -5.180307e+01 -1.008753e+01  1.200000e+01
     vertex -5.207371e+01 -1.018626e+01  1.421085e-14
   endloop
 endfacet
 facet normal  3.168348e-01 -9.484807e-01  2.251066e-15
   outer loop
     vertex -5.152983e+01 -9.996252e+00  1.421085e-14
     vertex -5.180307e+01 -1.008753e+01  1.200000e+01
     vertex -5.180307e+01 -1.008753e+01  1.421085e-14
   endloop
 endfacet
 facet normal  3.168348e-01 -9.484807e-01  7.504156e-16
   outer loop
     vertex -5.152983e+01 -9.996252e+00  1.421085e-14
     vertex -5.152983e+01 -9.996252e+00  1.200000e+01
     vertex -5.180307e+01 -1.008753e+01  1.200000e+01
   endloop
 endfacet
 facet normal  2.906949e-01 -9.568158e-01  6.884669e-16
   outer loop
     vertex -5.125419e+01 -9.912507e+00  1.421085e-14
     vertex -5.152983e+01 -9.996252e+00  1.200000e+01
     vertex -5.152983e+01 -9.996252e+00  1.421085e-14
   endloop
 endfacet
 facet normal  2.906949e-01 -9.568158e-01  2.065512e-15
   outer loop
     vertex -5.125419e+01 -9.912507e+00  1.421085e-14
     vertex -5.125419e+01 -9.912507e+00  1.200000e+01
     vertex -5.152983e+01 -9.996252e+00  1.200000e+01
   endloop
 endfacet
 facet normal  2.643362e-01 -9.644306e-01  1.878732e-15
   outer loop
     vertex -5.097635e+01 -9.836356e+00  1.421085e-14
     vertex -5.125419e+01 -9.912507e+00  1.200000e+01
     vertex -5.125419e+01 -9.912507e+00  1.421085e-14
   endloop
 endfacet
 facet normal  2.643362e-01 -9.644306e-01  1.878221e-15
   outer loop
     vertex -5.097635e+01 -9.836356e+00  1.421085e-14
     vertex -5.097635e+01 -9.836356e+00  1.200000e+01
     vertex -5.125419e+01 -9.912507e+00  1.200000e+01
   endloop
 endfacet
 facet normal  2.377784e-01 -9.713194e-01  1.689052e-15
   outer loop
     vertex -5.069653e+01 -9.767856e+00  1.421085e-14
     vertex -5.097635e+01 -9.836356e+00  1.200000e+01
     vertex -5.097635e+01 -9.836356e+00  1.421085e-14
   endloop
 endfacet
 facet normal  2.377784e-01 -9.713194e-01  5.631725e-16
   outer loop
     vertex -5.069653e+01 -9.767856e+00  1.421085e-14
     vertex -5.069653e+01 -9.767856e+00  1.200000e+01
     vertex -5.097635e+01 -9.836356e+00  1.200000e+01
   endloop
 endfacet
 facet normal  2.110417e-01 -9.774771e-01  4.997908e-16
   outer loop
     vertex -5.041493e+01 -9.707058e+00  1.421085e-14
     vertex -5.069653e+01 -9.767856e+00  1.200000e+01
     vertex -5.069653e+01 -9.767856e+00  1.421085e-14
   endloop
 endfacet
 facet normal  2.110417e-01 -9.774771e-01  1.499542e-15
   outer loop
     vertex -5.041493e+01 -9.707058e+00  1.421085e-14
     vertex -5.041493e+01 -9.707058e+00  1.200000e+01
     vertex -5.069653e+01 -9.767856e+00  1.200000e+01
   endloop
 endfacet
 facet normal  1.841461e-01 -9.828989e-01  1.308187e-15
   outer loop
     vertex -5.013177e+01 -9.654008e+00  1.421085e-14
     vertex -5.041493e+01 -9.707058e+00  1.200000e+01
     vertex -5.041493e+01 -9.707058e+00  1.421085e-14
   endloop
 endfacet
 facet normal  1.841461e-01 -9.828989e-01  1.308437e-15
   outer loop
     vertex -5.013177e+01 -9.654008e+00  1.421085e-14
     vertex -5.013177e+01 -9.654008e+00  1.200000e+01
     vertex -5.041493e+01 -9.707058e+00  1.200000e+01
   endloop
 endfacet
 facet normal  1.571119e-01 -9.875808e-01  1.116347e-15
   outer loop
     vertex -5.013177e+01 -9.654008e+00  1.421085e-14
     vertex -4.984727e+01 -9.608747e+00  1.200000e+01
     vertex -5.013177e+01 -9.654008e+00  1.200000e+01
   endloop
 endfacet
 facet normal  1.571119e-01 -9.875808e-01  1.116347e-15
   outer loop
     vertex -4.984727e+01 -9.608747e+00  1.421085e-14
     vertex -4.984727e+01 -9.608747e+00  1.200000e+01
     vertex -5.013177e+01 -9.654008e+00  1.421085e-14
   endloop
 endfacet
 facet normal  1.299594e-01 -9.915193e-01  9.234174e-16
   outer loop
     vertex -4.984727e+01 -9.608747e+00  1.421085e-14
     vertex -4.956163e+01 -9.571307e+00  1.200000e+01
     vertex -4.984727e+01 -9.608747e+00  1.200000e+01
   endloop
 endfacet
 facet normal  1.299594e-01 -9.915193e-01  9.234174e-16
   outer loop
     vertex -4.956163e+01 -9.571307e+00  1.421085e-14
     vertex -4.956163e+01 -9.571307e+00  1.200000e+01
     vertex -4.984727e+01 -9.608747e+00  1.421085e-14
   endloop
 endfacet
 facet normal  1.027091e-01 -9.947114e-01  7.296143e-16
   outer loop
     vertex -4.927506e+01 -9.541718e+00  1.421085e-14
     vertex -4.956163e+01 -9.571307e+00  1.200000e+01
     vertex -4.956163e+01 -9.571307e+00  1.421085e-14
   endloop
 endfacet
 facet normal  1.027091e-01 -9.947114e-01  2.432641e-16
   outer loop
     vertex -4.927506e+01 -9.541718e+00  1.421085e-14
     vertex -4.927506e+01 -9.541718e+00  1.200000e+01
     vertex -4.956163e+01 -9.571307e+00  1.200000e+01
   endloop
 endfacet
 facet normal  7.538152e-02 -9.971548e-01  1.783892e-16
   outer loop
     vertex -4.898780e+01 -9.520002e+00  1.421085e-14
     vertex -4.927506e+01 -9.541718e+00  1.200000e+01
     vertex -4.927506e+01 -9.541718e+00  1.421085e-14
   endloop
 endfacet
 facet normal  7.538152e-02 -9.971548e-01  5.356179e-16
   outer loop
     vertex -4.898780e+01 -9.520002e+00  1.421085e-14
     vertex -4.898780e+01 -9.520002e+00  1.200000e+01
     vertex -4.927506e+01 -9.541718e+00  1.200000e+01
   endloop
 endfacet
 facet normal  4.799716e-02 -9.988475e-01  3.409718e-16
   outer loop
     vertex -4.870005e+01 -9.506175e+00  1.421085e-14
     vertex -4.898780e+01 -9.520002e+00  1.200000e+01
     vertex -4.898780e+01 -9.520002e+00  1.421085e-14
   endloop
 endfacet
 facet normal  4.799716e-02 -9.988475e-01  3.410403e-16
   outer loop
     vertex -4.870005e+01 -9.506175e+00  1.421085e-14
     vertex -4.870005e+01 -9.506175e+00  1.200000e+01
     vertex -4.898780e+01 -9.520002e+00  1.200000e+01
   endloop
 endfacet
 facet normal  2.057667e-02 -9.997883e-01  1.462060e-16
   outer loop
     vertex -4.841202e+01 -9.500247e+00  1.421085e-14
     vertex -4.841202e+01 -9.500247e+00  1.200000e+01
     vertex -4.870005e+01 -9.506175e+00  1.200000e+01
   endloop
 endfacet
 facet normal  2.057667e-02 -9.997883e-01  1.462114e-16
   outer loop
     vertex -4.841202e+01 -9.500247e+00  1.421085e-14
     vertex -4.870005e+01 -9.506175e+00  1.200000e+01
     vertex -4.870005e+01 -9.506175e+00  1.421085e-14
   endloop
 endfacet
 facet normal -6.859319e-03 -9.999765e-01 -4.873839e-17
   outer loop
     vertex -4.841202e+01 -9.500247e+00  1.421085e-14
     vertex -4.812395e+01 -9.502223e+00  1.200000e+01
     vertex -4.841202e+01 -9.500247e+00  1.200000e+01
   endloop
 endfacet
 facet normal -6.859319e-03 -9.999765e-01 -4.873839e-17
   outer loop
     vertex -4.812395e+01 -9.502223e+00  1.421085e-14
     vertex -4.812395e+01 -9.502223e+00  1.200000e+01
     vertex -4.841202e+01 -9.500247e+00  1.421085e-14
   endloop
 endfacet
 facet normal -3.429014e-02 -9.994119e-01 -2.436461e-16
   outer loop
     vertex -4.783603e+01 -9.512102e+00  1.421085e-14
     vertex -4.783603e+01 -9.512102e+00  1.200000e+01
     vertex -4.812395e+01 -9.502223e+00  1.200000e+01
   endloop
 endfacet
 facet normal -3.429014e-02 -9.994119e-01 -2.436229e-16
   outer loop
     vertex -4.783603e+01 -9.512102e+00  1.421085e-14
     vertex -4.812395e+01 -9.502223e+00  1.200000e+01
     vertex -4.812395e+01 -9.502223e+00  1.421085e-14
   endloop
 endfacet
 facet normal -6.169515e-02 -9.980950e-01 -1.461235e-16
   outer loop
     vertex -4.754849e+01 -9.529875e+00  1.421085e-14
     vertex -4.754849e+01 -9.529875e+00  1.200000e+01
     vertex -4.783603e+01 -9.512102e+00  1.200000e+01
   endloop
 endfacet
 facet normal -8.905371e-02 -9.960268e-01 -2.109216e-16
   outer loop
     vertex -4.754849e+01 -9.529875e+00  1.421085e-14
     vertex -4.726155e+01 -9.555530e+00  1.200000e+01
     vertex -4.754849e+01 -9.529875e+00  1.200000e+01
   endloop
 endfacet
 facet normal -6.169515e-02 -9.980950e-01 -4.383206e-16
   outer loop
     vertex -4.754849e+01 -9.529875e+00  1.421085e-14
     vertex -4.783603e+01 -9.512102e+00  1.200000e+01
     vertex -4.783603e+01 -9.512102e+00  1.421085e-14
   endloop
 endfacet
 facet normal -8.905371e-02 -9.960268e-01 -2.109216e-16
   outer loop
     vertex -4.726155e+01 -9.555530e+00  1.421085e-14
     vertex -4.726155e+01 -9.555530e+00  1.200000e+01
     vertex -4.754849e+01 -9.529875e+00  1.421085e-14
   endloop
 endfacet
 facet normal -1.163452e-01 -9.932088e-01 -2.754871e-16
   outer loop
     vertex -4.697543e+01 -9.589047e+00  1.421085e-14
     vertex -4.726155e+01 -9.555530e+00  1.200000e+01
     vertex -4.726155e+01 -9.555530e+00  1.421085e-14
   endloop
 endfacet
 facet normal -1.163452e-01 -9.932088e-01 -2.755609e-16
   outer loop
     vertex -4.697543e+01 -9.589047e+00  1.421085e-14
     vertex -4.697543e+01 -9.589047e+00  1.200000e+01
     vertex -4.726155e+01 -9.555530e+00  1.200000e+01
   endloop
 endfacet
 facet normal -1.435492e-01 -9.896432e-01 -3.397173e-16
   outer loop
     vertex -4.669032e+01 -9.630402e+00  1.421085e-14
     vertex -4.697543e+01 -9.589047e+00  1.200000e+01
     vertex -4.697543e+01 -9.589047e+00  1.421085e-14
   endloop
 endfacet
 facet normal -1.435492e-01 -9.896432e-01 -3.399928e-16
   outer loop
     vertex -4.669032e+01 -9.630402e+00  1.421085e-14
     vertex -4.669032e+01 -9.630402e+00  1.200000e+01
     vertex -4.697543e+01 -9.589047e+00  1.200000e+01
   endloop
 endfacet
 facet normal -1.706451e-01 -9.853326e-01 -4.041687e-16
   outer loop
     vertex -4.669032e+01 -9.630402e+00  1.421085e-14
     vertex -4.640647e+01 -9.679562e+00  1.200000e+01
     vertex -4.669032e+01 -9.630402e+00  1.200000e+01
   endloop
 endfacet
 facet normal -1.706451e-01 -9.853326e-01 -1.212506e-15
   outer loop
     vertex -4.640647e+01 -9.679562e+00  1.421085e-14
     vertex -4.640647e+01 -9.679562e+00  1.200000e+01
     vertex -4.669032e+01 -9.630402e+00  1.421085e-14
   endloop
 endfacet
 facet normal -1.976125e-01 -9.802802e-01 -1.404031e-15
   outer loop
     vertex -4.612406e+01 -9.736491e+00  1.421085e-14
     vertex -4.640647e+01 -9.679562e+00  1.200000e+01
     vertex -4.640647e+01 -9.679562e+00  1.421085e-14
   endloop
 endfacet
 facet normal -1.976125e-01 -9.802802e-01 -1.404121e-15
   outer loop
     vertex -4.612406e+01 -9.736491e+00  1.421085e-14
     vertex -4.612406e+01 -9.736491e+00  1.200000e+01
     vertex -4.640647e+01 -9.679562e+00  1.200000e+01
   endloop
 endfacet
 facet normal -2.244312e-01 -9.744899e-01 -1.594714e-15
   outer loop
     vertex -4.584333e+01 -9.801146e+00  1.421085e-14
     vertex -4.612406e+01 -9.736491e+00  1.200000e+01
     vertex -4.612406e+01 -9.736491e+00  1.421085e-14
   endloop
 endfacet
 facet normal -2.244312e-01 -9.744899e-01 -5.315598e-16
   outer loop
     vertex -4.584333e+01 -9.801146e+00  1.421085e-14
     vertex -4.584333e+01 -9.801146e+00  1.200000e+01
     vertex -4.612406e+01 -9.736491e+00  1.200000e+01
   endloop
 endfacet
 facet normal -2.510809e-01 -9.679661e-01 -5.946791e-16
   outer loop
     vertex -4.584333e+01 -9.801146e+00  1.421085e-14
     vertex -4.556447e+01 -9.873479e+00  1.200000e+01
     vertex -4.584333e+01 -9.801146e+00  1.200000e+01
   endloop
 endfacet
 facet normal -2.510809e-01 -9.679661e-01 -1.784037e-15
   outer loop
     vertex -4.556447e+01 -9.873479e+00  1.421085e-14
     vertex -4.556447e+01 -9.873479e+00  1.200000e+01
     vertex -4.584333e+01 -9.801146e+00  1.421085e-14
   endloop
 endfacet
 facet normal -2.775416e-01 -9.607136e-01 -1.972066e-15
   outer loop
     vertex -4.528770e+01 -9.953434e+00  1.421085e-14
     vertex -4.556447e+01 -9.873479e+00  1.200000e+01
     vertex -4.556447e+01 -9.873479e+00  1.421085e-14
   endloop
 endfacet
 facet normal -2.775416e-01 -9.607136e-01 -6.573507e-16
   outer loop
     vertex -4.528770e+01 -9.953434e+00  1.421085e-14
     vertex -4.528770e+01 -9.953434e+00  1.200000e+01
     vertex -4.556447e+01 -9.873479e+00  1.200000e+01
   endloop
 endfacet
 facet normal -3.037934e-01 -9.527379e-01 -7.195784e-16
   outer loop
     vertex -4.501323e+01 -1.004095e+01  1.421085e-14
     vertex -4.528770e+01 -9.953434e+00  1.200000e+01
     vertex -4.528770e+01 -9.953434e+00  1.421085e-14
   endloop
 endfacet
 facet normal -3.037934e-01 -9.527379e-01 -2.158582e-15
   outer loop
     vertex -4.501323e+01 -1.004095e+01  1.421085e-14
     vertex -4.501323e+01 -1.004095e+01  1.200000e+01
     vertex -4.528770e+01 -9.953434e+00  1.200000e+01
   endloop
 endfacet
 facet normal -3.298166e-01 -9.440450e-01 -2.343397e-15
   outer loop
     vertex -4.474127e+01 -1.013597e+01  1.421085e-14
     vertex -4.501323e+01 -1.004095e+01  1.200000e+01
     vertex -4.501323e+01 -1.004095e+01  1.421085e-14
   endloop
 endfacet
 facet normal -3.298166e-01 -9.440450e-01 -7.811625e-16
   outer loop
     vertex -4.474127e+01 -1.013597e+01  1.421085e-14
     vertex -4.474127e+01 -1.013597e+01  1.200000e+01
     vertex -4.501323e+01 -1.004095e+01  1.200000e+01
   endloop
 endfacet
 facet normal -3.555914e-01 -9.346415e-01 -8.422096e-16
   outer loop
     vertex -4.474127e+01 -1.013597e+01  1.421085e-14
     vertex -4.447201e+01 -1.023841e+01  1.200000e+01
     vertex -4.474127e+01 -1.013597e+01  1.200000e+01
   endloop
 endfacet
 facet normal -3.555914e-01 -9.346415e-01 -8.422096e-16
   outer loop
     vertex -4.447201e+01 -1.023841e+01  1.421085e-14
     vertex -4.447201e+01 -1.023841e+01  1.200000e+01
     vertex -4.474127e+01 -1.013597e+01  1.421085e-14
   endloop
 endfacet
 facet normal -4.063188e-01 -9.137314e-01 -9.623563e-16
   outer loop
     vertex -4.420567e+01 -1.034820e+01  1.421085e-14
     vertex -4.394244e+01 -1.046525e+01  1.200000e+01
     vertex -4.420567e+01 -1.034820e+01  1.200000e+01
   endloop
 endfacet
 facet normal -3.810986e-01 -9.245344e-01 -9.022328e-16
   outer loop
     vertex -4.420567e+01 -1.034820e+01  1.421085e-14
     vertex -4.447201e+01 -1.023841e+01  1.200000e+01
     vertex -4.447201e+01 -1.023841e+01  1.421085e-14
   endloop
 endfacet
 facet normal -3.810986e-01 -9.245344e-01 -9.026227e-16
   outer loop
     vertex -4.420567e+01 -1.034820e+01  1.421085e-14
     vertex -4.420567e+01 -1.034820e+01  1.200000e+01
     vertex -4.447201e+01 -1.023841e+01  1.200000e+01
   endloop
 endfacet
 facet normal -4.063188e-01 -9.137314e-01 -2.887069e-15
   outer loop
     vertex -4.394244e+01 -1.046525e+01  1.421085e-14
     vertex -4.394244e+01 -1.046525e+01  1.200000e+01
     vertex -4.420567e+01 -1.034820e+01  1.421085e-14
   endloop
 endfacet
 facet normal -4.312333e-01 -9.022405e-01 -3.064097e-15
   outer loop
     vertex -4.368252e+01 -1.058948e+01  1.421085e-14
     vertex -4.368252e+01 -1.058948e+01  1.200000e+01
     vertex -4.394244e+01 -1.046525e+01  1.200000e+01
   endloop
 endfacet
 facet normal -4.312333e-01 -9.022405e-01 -3.064982e-15
   outer loop
     vertex -4.368252e+01 -1.058948e+01  1.421085e-14
     vertex -4.394244e+01 -1.046525e+01  1.200000e+01
     vertex -4.394244e+01 -1.046525e+01  1.421085e-14
   endloop
 endfacet
 facet normal -4.558231e-01 -8.900704e-01 -3.238818e-15
   outer loop
     vertex -4.342610e+01 -1.072080e+01  1.421085e-14
     vertex -4.342610e+01 -1.072080e+01  1.200000e+01
     vertex -4.368252e+01 -1.058948e+01  1.200000e+01
   endloop
 endfacet
 facet normal -4.800697e-01 -8.772303e-01 -3.411101e-15
   outer loop
     vertex -4.342610e+01 -1.072080e+01  1.421085e-14
     vertex -4.317338e+01 -1.085910e+01  1.200000e+01
     vertex -4.342610e+01 -1.072080e+01  1.200000e+01
   endloop
 endfacet
 facet normal -4.558231e-01 -8.900704e-01 -3.239608e-15
   outer loop
     vertex -4.342610e+01 -1.072080e+01  1.421085e-14
     vertex -4.368252e+01 -1.058948e+01  1.200000e+01
     vertex -4.368252e+01 -1.058948e+01  1.421085e-14
   endloop
 endfacet
 facet normal -4.800697e-01 -8.772303e-01 -3.411101e-15
   outer loop
     vertex -4.317338e+01 -1.085910e+01  1.421085e-14
     vertex -4.317338e+01 -1.085910e+01  1.200000e+01
     vertex -4.342610e+01 -1.072080e+01  1.421085e-14
   endloop
 endfacet
 facet normal -5.039550e-01 -8.637299e-01 -3.580816e-15
   outer loop
     vertex -4.292456e+01 -1.100428e+01  1.421085e-14
     vertex -4.292456e+01 -1.100428e+01  1.200000e+01
     vertex -4.317338e+01 -1.085910e+01  1.200000e+01
   endloop
 endfacet
 facet normal -5.039550e-01 -8.637299e-01 -3.580831e-15
   outer loop
     vertex -4.292456e+01 -1.100428e+01  1.421085e-14
     vertex -4.317338e+01 -1.085910e+01  1.200000e+01
     vertex -4.317338e+01 -1.085910e+01  1.421085e-14
   endloop
 endfacet
 facet normal -5.274609e-01 -8.495793e-01 -3.747835e-15
   outer loop
     vertex -4.267981e+01 -1.115623e+01  1.421085e-14
     vertex -4.267981e+01 -1.115623e+01  1.200000e+01
     vertex -4.292456e+01 -1.100428e+01  1.200000e+01
   endloop
 endfacet
 facet normal -5.505698e-01 -8.347891e-01 -3.912034e-15
   outer loop
     vertex -4.267981e+01 -1.115623e+01  1.421085e-14
     vertex -4.243932e+01 -1.131484e+01  1.200000e+01
     vertex -4.267981e+01 -1.115623e+01  1.200000e+01
   endloop
 endfacet
 facet normal -5.274609e-01 -8.495793e-01 -3.747428e-15
   outer loop
     vertex -4.267981e+01 -1.115623e+01  1.421085e-14
     vertex -4.292456e+01 -1.100428e+01  1.200000e+01
     vertex -4.292456e+01 -1.100428e+01  1.421085e-14
   endloop
 endfacet
 facet normal -5.505698e-01 -8.347891e-01 -3.912034e-15
   outer loop
     vertex -4.243932e+01 -1.131484e+01  1.421085e-14
     vertex -4.243932e+01 -1.131484e+01  1.200000e+01
     vertex -4.267981e+01 -1.115623e+01  1.421085e-14
   endloop
 endfacet
 facet normal -5.732642e-01 -8.193706e-01 -1.357762e-15
   outer loop
     vertex -4.220327e+01 -1.147999e+01  1.421085e-14
     vertex -4.220327e+01 -1.147999e+01  1.200000e+01
     vertex -4.243932e+01 -1.131484e+01  1.200000e+01
   endloop
 endfacet
 facet normal -5.732642e-01 -8.193706e-01 -4.072593e-15
   outer loop
     vertex -4.220327e+01 -1.147999e+01  1.421085e-14
     vertex -4.243932e+01 -1.131484e+01  1.200000e+01
     vertex -4.243932e+01 -1.131484e+01  1.421085e-14
   endloop
 endfacet
 facet normal -5.955271e-01 -8.033352e-01 -1.410492e-15
   outer loop
     vertex -4.197184e+01 -1.165156e+01  1.421085e-14
     vertex -4.197184e+01 -1.165156e+01  1.200000e+01
     vertex -4.220327e+01 -1.147999e+01  1.200000e+01
   endloop
 endfacet
 facet normal -6.173417e-01 -7.866951e-01 -1.462159e-15
   outer loop
     vertex -4.197184e+01 -1.165156e+01  1.421085e-14
     vertex -4.174520e+01 -1.182940e+01  1.200000e+01
     vertex -4.197184e+01 -1.165156e+01  1.200000e+01
   endloop
 endfacet
 facet normal -5.955271e-01 -8.033352e-01 -1.409049e-15
   outer loop
     vertex -4.197184e+01 -1.165156e+01  1.421085e-14
     vertex -4.220327e+01 -1.147999e+01  1.200000e+01
     vertex -4.220327e+01 -1.147999e+01  1.421085e-14
   endloop
 endfacet
 facet normal -6.173417e-01 -7.866951e-01 -1.462159e-15
   outer loop
     vertex -4.174520e+01 -1.182940e+01  1.421085e-14
     vertex -4.174520e+01 -1.182940e+01  1.200000e+01
     vertex -4.197184e+01 -1.165156e+01  1.421085e-14
   endloop
 endfacet
 facet normal -6.386916e-01 -7.694628e-01 -4.538177e-15
   outer loop
     vertex -4.152353e+01 -1.201340e+01  1.421085e-14
     vertex -4.152353e+01 -1.201340e+01  1.200000e+01
     vertex -4.174520e+01 -1.182940e+01  1.200000e+01
   endloop
 endfacet
 facet normal -6.386916e-01 -7.694628e-01 -1.511416e-15
   outer loop
     vertex -4.152353e+01 -1.201340e+01  1.421085e-14
     vertex -4.174520e+01 -1.182940e+01  1.200000e+01
     vertex -4.174520e+01 -1.182940e+01  1.421085e-14
   endloop
 endfacet
 facet normal -6.595607e-01 -7.516513e-01 -1.562153e-15
   outer loop
     vertex -4.130700e+01 -1.220341e+01  1.421085e-14
     vertex -4.130700e+01 -1.220341e+01  1.200000e+01
     vertex -4.152353e+01 -1.201340e+01  1.200000e+01
   endloop
 endfacet
 facet normal -6.595607e-01 -7.516513e-01 -4.686794e-15
   outer loop
     vertex -4.130700e+01 -1.220341e+01  1.421085e-14
     vertex -4.152353e+01 -1.201340e+01  1.200000e+01
     vertex -4.152353e+01 -1.201340e+01  1.421085e-14
   endloop
 endfacet
 facet normal -6.799333e-01 -7.332740e-01 -1.610405e-15
   outer loop
     vertex -4.109575e+01 -1.239929e+01  1.421085e-14
     vertex -4.109575e+01 -1.239929e+01  1.200000e+01
     vertex -4.130700e+01 -1.220341e+01  1.200000e+01
   endloop
 endfacet
 facet normal -6.997940e-01 -7.143447e-01 -1.657445e-15
   outer loop
     vertex -4.109575e+01 -1.239929e+01  1.421085e-14
     vertex -4.088996e+01 -1.260089e+01  1.200000e+01
     vertex -4.109575e+01 -1.239929e+01  1.200000e+01
   endloop
 endfacet
 facet normal -6.799333e-01 -7.332740e-01 -1.609768e-15
   outer loop
     vertex -4.109575e+01 -1.239929e+01  1.421085e-14
     vertex -4.130700e+01 -1.220341e+01  1.200000e+01
     vertex -4.130700e+01 -1.220341e+01  1.421085e-14
   endloop
 endfacet
 facet normal -6.997940e-01 -7.143447e-01 -4.972336e-15
   outer loop
     vertex -4.088996e+01 -1.260089e+01  1.421085e-14
     vertex -4.088996e+01 -1.260089e+01  1.200000e+01
     vertex -4.109575e+01 -1.239929e+01  1.421085e-14
   endloop
 endfacet
 facet normal -7.191280e-01 -6.948776e-01 -5.109712e-15
   outer loop
     vertex -4.088996e+01 -1.260089e+01  1.421085e-14
     vertex -4.068977e+01 -1.280806e+01  1.200000e+01
     vertex -4.088996e+01 -1.260089e+01  1.200000e+01
   endloop
 endfacet
 facet normal -7.191280e-01 -6.948776e-01 -5.109712e-15
   outer loop
     vertex -4.068977e+01 -1.280806e+01  1.421085e-14
     vertex -4.068977e+01 -1.280806e+01  1.200000e+01
     vertex -4.088996e+01 -1.260089e+01  1.421085e-14
   endloop
 endfacet
 facet normal -7.379206e-01 -6.748875e-01 -5.243241e-15
   outer loop
     vertex -4.068977e+01 -1.280806e+01  1.421085e-14
     vertex -4.049535e+01 -1.302064e+01  1.200000e+01
     vertex -4.068977e+01 -1.280806e+01  1.200000e+01
   endloop
 endfacet
 facet normal -7.379206e-01 -6.748875e-01 -1.747747e-15
   outer loop
     vertex -4.049535e+01 -1.302064e+01  1.421085e-14
     vertex -4.049535e+01 -1.302064e+01  1.200000e+01
     vertex -4.068977e+01 -1.280806e+01  1.421085e-14
   endloop
 endfacet
 facet normal -7.561578e-01 -6.543893e-01 -1.792423e-15
   outer loop
     vertex -4.030683e+01 -1.323848e+01  1.421085e-14
     vertex -4.049535e+01 -1.302064e+01  1.200000e+01
     vertex -4.049535e+01 -1.302064e+01  1.421085e-14
   endloop
 endfacet
 facet normal -7.561578e-01 -6.543893e-01 -5.372824e-15
   outer loop
     vertex -4.030683e+01 -1.323848e+01  1.421085e-14
     vertex -4.030683e+01 -1.323848e+01  1.200000e+01
     vertex -4.049535e+01 -1.302064e+01  1.200000e+01
   endloop
 endfacet
 facet normal -7.738257e-01 -6.333986e-01 -5.498362e-15
   outer loop
     vertex -4.030683e+01 -1.323848e+01  1.421085e-14
     vertex -4.012436e+01 -1.346140e+01  1.200000e+01
     vertex -4.030683e+01 -1.323848e+01  1.200000e+01
   endloop
 endfacet
 facet normal -7.738257e-01 -6.333986e-01 -1.832787e-15
   outer loop
     vertex -4.012436e+01 -1.346140e+01  1.421085e-14
     vertex -4.012436e+01 -1.346140e+01  1.200000e+01
     vertex -4.030683e+01 -1.323848e+01  1.421085e-14
   endloop
 endfacet
 facet normal -7.909112e-01 -6.119310e-01 -1.873254e-15
   outer loop
     vertex -3.994807e+01 -1.368925e+01  1.421085e-14
     vertex -3.994807e+01 -1.368925e+01  1.200000e+01
     vertex -4.012436e+01 -1.346140e+01  1.200000e+01
   endloop
 endfacet
 facet normal -7.909112e-01 -6.119310e-01 -1.872710e-15
   outer loop
     vertex -3.994807e+01 -1.368925e+01  1.421085e-14
     vertex -4.012436e+01 -1.346140e+01  1.200000e+01
     vertex -4.012436e+01 -1.346140e+01  1.421085e-14
   endloop
 endfacet
 facet normal -8.074012e-01 -5.900028e-01 -1.912854e-15
   outer loop
     vertex -3.977810e+01 -1.392185e+01  1.421085e-14
     vertex -3.994807e+01 -1.368925e+01  1.200000e+01
     vertex -3.994807e+01 -1.368925e+01  1.421085e-14
   endloop
 endfacet
 facet normal -8.074012e-01 -5.900028e-01 -1.912310e-15
   outer loop
     vertex -3.977810e+01 -1.392185e+01  1.421085e-14
     vertex -3.977810e+01 -1.392185e+01  1.200000e+01
     vertex -3.994807e+01 -1.368925e+01  1.200000e+01
   endloop
 endfacet
 facet normal -8.232835e-01 -5.676304e-01 -1.949927e-15
   outer loop
     vertex -3.977810e+01 -1.392185e+01  1.421085e-14
     vertex -3.961457e+01 -1.415903e+01  1.200000e+01
     vertex -3.977810e+01 -1.392185e+01  1.200000e+01
   endloop
 endfacet
 facet normal -8.385460e-01 -5.448308e-01 -1.986076e-15
   outer loop
     vertex -3.961457e+01 -1.415903e+01  1.421085e-14
     vertex -3.945762e+01 -1.440060e+01  1.200000e+01
     vertex -3.961457e+01 -1.415903e+01  1.200000e+01
   endloop
 endfacet
 facet normal -8.232835e-01 -5.676304e-01 -1.949927e-15
   outer loop
     vertex -3.961457e+01 -1.415903e+01  1.421085e-14
     vertex -3.961457e+01 -1.415903e+01  1.200000e+01
     vertex -3.977810e+01 -1.392185e+01  1.421085e-14
   endloop
 endfacet
 facet normal -8.385460e-01 -5.448308e-01 -1.986076e-15
   outer loop
     vertex -3.945762e+01 -1.440060e+01  1.421085e-14
     vertex -3.945762e+01 -1.440060e+01  1.200000e+01
     vertex -3.961457e+01 -1.415903e+01  1.421085e-14
   endloop
 endfacet
 facet normal -8.531773e-01 -5.216210e-01 -2.020730e-15
   outer loop
     vertex -3.930735e+01 -1.464639e+01  1.421085e-14
     vertex -3.930735e+01 -1.464639e+01  1.200000e+01
     vertex -3.945762e+01 -1.440060e+01  1.200000e+01
   endloop
 endfacet
 facet normal -8.671664e-01 -4.980186e-01 -2.053863e-15
   outer loop
     vertex -3.930735e+01 -1.464639e+01  1.421085e-14
     vertex -3.916387e+01 -1.489621e+01  1.200000e+01
     vertex -3.930735e+01 -1.464639e+01  1.200000e+01
   endloop
 endfacet
 facet normal -8.531773e-01 -5.216210e-01 -2.021242e-15
   outer loop
     vertex -3.930735e+01 -1.464639e+01  1.421085e-14
     vertex -3.945762e+01 -1.440060e+01  1.200000e+01
     vertex -3.945762e+01 -1.440060e+01  1.421085e-14
   endloop
 endfacet
 facet normal -8.671664e-01 -4.980186e-01 -2.053863e-15
   outer loop
     vertex -3.916387e+01 -1.489621e+01  1.421085e-14
     vertex -3.916387e+01 -1.489621e+01  1.200000e+01
     vertex -3.930735e+01 -1.464639e+01  1.421085e-14
   endloop
 endfacet
 facet normal -8.805026e-01 -4.740412e-01 -6.256348e-15
   outer loop
     vertex -3.902731e+01 -1.514987e+01  1.421085e-14
     vertex -3.902731e+01 -1.514987e+01  1.200000e+01
     vertex -3.916387e+01 -1.489621e+01  1.200000e+01
   endloop
 endfacet
 facet normal -8.805026e-01 -4.740412e-01 -2.085473e-15
   outer loop
     vertex -3.902731e+01 -1.514987e+01  1.421085e-14
     vertex -3.916387e+01 -1.489621e+01  1.200000e+01
     vertex -3.916387e+01 -1.489621e+01  1.421085e-14
   endloop
 endfacet
 facet normal -8.931761e-01 -4.497071e-01 -2.115466e-15
   outer loop
     vertex -3.889776e+01 -1.540718e+01  1.421085e-14
     vertex -3.889776e+01 -1.540718e+01  1.200000e+01
     vertex -3.902731e+01 -1.514987e+01  1.200000e+01
   endloop
 endfacet
 facet normal -9.051772e-01 -4.250344e-01 -2.143890e-15
   outer loop
     vertex -3.889776e+01 -1.540718e+01  1.421085e-14
     vertex -3.877531e+01 -1.566794e+01  1.200000e+01
     vertex -3.889776e+01 -1.540718e+01  1.200000e+01
   endloop
 endfacet
 facet normal -8.931761e-01 -4.497071e-01 -6.346741e-15
   outer loop
     vertex -3.889776e+01 -1.540718e+01  1.421085e-14
     vertex -3.902731e+01 -1.514987e+01  1.200000e+01
     vertex -3.902731e+01 -1.514987e+01  1.421085e-14
   endloop
 endfacet
 facet normal -9.051772e-01 -4.250344e-01 -2.143890e-15
   outer loop
     vertex -3.877531e+01 -1.566794e+01  1.421085e-14
     vertex -3.877531e+01 -1.566794e+01  1.200000e+01
     vertex -3.889776e+01 -1.540718e+01  1.421085e-14
   endloop
 endfacet
 facet normal -9.164969e-01 -4.000417e-01 -2.170701e-15
   outer loop
     vertex -3.866006e+01 -1.593197e+01  1.421085e-14
     vertex -3.866006e+01 -1.593197e+01  1.200000e+01
     vertex -3.877531e+01 -1.566794e+01  1.200000e+01
   endloop
 endfacet
 facet normal -9.164969e-01 -4.000417e-01 -2.170778e-15
   outer loop
     vertex -3.866006e+01 -1.593197e+01  1.421085e-14
     vertex -3.877531e+01 -1.566794e+01  1.200000e+01
     vertex -3.877531e+01 -1.566794e+01  1.421085e-14
   endloop
 endfacet
 facet normal -9.271267e-01 -3.747479e-01 -2.195877e-15
   outer loop
     vertex -3.855211e+01 -1.619906e+01  1.421085e-14
     vertex -3.855211e+01 -1.619906e+01  1.200000e+01
     vertex -3.866006e+01 -1.593197e+01  1.200000e+01
   endloop
 endfacet
 facet normal -9.370586e-01 -3.491720e-01 -2.219401e-15
   outer loop
     vertex -3.855211e+01 -1.619906e+01  1.421085e-14
     vertex -3.845151e+01 -1.646901e+01  1.200000e+01
     vertex -3.855211e+01 -1.619906e+01  1.200000e+01
   endloop
 endfacet
 facet normal -9.271267e-01 -3.747479e-01 -2.195868e-15
   outer loop
     vertex -3.855211e+01 -1.619906e+01  1.421085e-14
     vertex -3.866006e+01 -1.593197e+01  1.200000e+01
     vertex -3.866006e+01 -1.593197e+01  1.421085e-14
   endloop
 endfacet
 facet normal -9.370586e-01 -3.491720e-01 -6.658202e-15
   outer loop
     vertex -3.845151e+01 -1.646901e+01  1.421085e-14
     vertex -3.845151e+01 -1.646901e+01  1.200000e+01
     vertex -3.855211e+01 -1.619906e+01  1.421085e-14
   endloop
 endfacet
 facet normal -9.462851e-01 -3.233333e-01 -6.723760e-15
   outer loop
     vertex -3.835837e+01 -1.674162e+01  1.421085e-14
     vertex -3.835837e+01 -1.674162e+01  1.200000e+01
     vertex -3.845151e+01 -1.646901e+01  1.200000e+01
   endloop
 endfacet
 facet normal -9.462851e-01 -3.233333e-01 -6.724094e-15
   outer loop
     vertex -3.835837e+01 -1.674162e+01  1.421085e-14
     vertex -3.845151e+01 -1.646901e+01  1.200000e+01
     vertex -3.845151e+01 -1.646901e+01  1.421085e-14
   endloop
 endfacet
 facet normal -9.547993e-01 -2.972512e-01 -6.784257e-15
   outer loop
     vertex -3.827273e+01 -1.701669e+01  1.421085e-14
     vertex -3.827273e+01 -1.701669e+01  1.200000e+01
     vertex -3.835837e+01 -1.674162e+01  1.200000e+01
   endloop
 endfacet
 facet normal -9.625948e-01 -2.709453e-01 -6.839647e-15
   outer loop
     vertex -3.827273e+01 -1.701669e+01  1.421085e-14
     vertex -3.819468e+01 -1.729400e+01  1.200000e+01
     vertex -3.827273e+01 -1.701669e+01  1.200000e+01
   endloop
 endfacet
 facet normal -9.547993e-01 -2.972512e-01 -6.784309e-15
   outer loop
     vertex -3.827273e+01 -1.701669e+01  1.421085e-14
     vertex -3.835837e+01 -1.674162e+01  1.200000e+01
     vertex -3.835837e+01 -1.674162e+01  1.421085e-14
   endloop
 endfacet
 facet normal -9.625948e-01 -2.709453e-01 -6.839647e-15
   outer loop
     vertex -3.819468e+01 -1.729400e+01  1.421085e-14
     vertex -3.819468e+01 -1.729400e+01  1.200000e+01
     vertex -3.827273e+01 -1.701669e+01  1.421085e-14
   endloop
 endfacet
 facet normal -9.696656e-01 -2.444354e-01 -2.296629e-15
   outer loop
     vertex -3.812426e+01 -1.757334e+01  1.421085e-14
     vertex -3.812426e+01 -1.757334e+01  1.200000e+01
     vertex -3.819468e+01 -1.729400e+01  1.200000e+01
   endloop
 endfacet
 facet normal -9.696656e-01 -2.444354e-01 -6.889687e-15
   outer loop
     vertex -3.812426e+01 -1.757334e+01  1.421085e-14
     vertex -3.819468e+01 -1.729400e+01  1.200000e+01
     vertex -3.819468e+01 -1.729400e+01  1.421085e-14
   endloop
 endfacet
 facet normal -9.760065e-01 -2.177416e-01 -6.934943e-15
   outer loop
     vertex -3.806153e+01 -1.785451e+01  1.421085e-14
     vertex -3.806153e+01 -1.785451e+01  1.200000e+01
     vertex -3.812426e+01 -1.757334e+01  1.200000e+01
   endloop
 endfacet
 facet normal -9.816126e-01 -1.908838e-01 -6.974777e-15
   outer loop
     vertex -3.806153e+01 -1.785451e+01  1.421085e-14
     vertex -3.800654e+01 -1.813730e+01  1.200000e+01
     vertex -3.806153e+01 -1.785451e+01  1.200000e+01
   endloop
 endfacet
 facet normal -9.760065e-01 -2.177416e-01 -2.312285e-15
   outer loop
     vertex -3.806153e+01 -1.785451e+01  1.421085e-14
     vertex -3.812426e+01 -1.757334e+01  1.200000e+01
     vertex -3.812426e+01 -1.757334e+01  1.421085e-14
   endloop
 endfacet
 facet normal -9.816126e-01 -1.908838e-01 -6.974777e-15
   outer loop
     vertex -3.800654e+01 -1.813730e+01  1.421085e-14
     vertex -3.800654e+01 -1.813730e+01  1.200000e+01
     vertex -3.806153e+01 -1.785451e+01  1.421085e-14
   endloop
 endfacet
 facet normal -9.864799e-01 -1.638824e-01  0.000000e+00
   outer loop
     vertex -3.795933e+01 -1.842149e+01  1.421085e-14
     vertex -3.795933e+01 -1.842149e+01  1.200000e+01
     vertex -3.800654e+01 -1.813730e+01  1.200000e+01
   endloop
 endfacet
 facet normal -9.864799e-01 -1.638824e-01 -7.009115e-15
   outer loop
     vertex -3.795933e+01 -1.842149e+01  1.421085e-14
     vertex -3.800654e+01 -1.813730e+01  1.200000e+01
     vertex -3.800654e+01 -1.813730e+01  1.421085e-14
   endloop
 endfacet
 facet normal -9.906046e-01 -1.367575e-01  0.000000e+00
   outer loop
     vertex -3.791993e+01 -1.870687e+01  1.421085e-14
     vertex -3.791993e+01 -1.870687e+01  1.200000e+01
     vertex -3.795933e+01 -1.842149e+01  1.200000e+01
   endloop
 endfacet
 facet normal -9.939835e-01 -1.095298e-01  0.000000e+00
   outer loop
     vertex -3.791993e+01 -1.870687e+01  1.421085e-14
     vertex -3.788838e+01 -1.899322e+01  1.200000e+01
     vertex -3.791993e+01 -1.870687e+01  1.200000e+01
   endloop
 endfacet
 facet normal -9.906046e-01 -1.367575e-01  0.000000e+00
   outer loop
     vertex -3.791993e+01 -1.870687e+01  1.421085e-14
     vertex -3.795933e+01 -1.842149e+01  1.200000e+01
     vertex -3.795933e+01 -1.842149e+01  1.421085e-14
   endloop
 endfacet
 facet normal -9.939835e-01 -1.095298e-01  0.000000e+00
   outer loop
     vertex -3.788838e+01 -1.899322e+01  1.421085e-14
     vertex -3.788838e+01 -1.899322e+01  1.200000e+01
     vertex -3.791993e+01 -1.870687e+01  1.421085e-14
   endloop
 endfacet
 facet normal -9.966142e-01 -8.221955e-02  0.000000e+00
   outer loop
     vertex -3.786469e+01 -1.928033e+01  1.421085e-14
     vertex -3.788838e+01 -1.899322e+01  1.200000e+01
     vertex -3.788838e+01 -1.899322e+01  1.421085e-14
   endloop
 endfacet
 facet normal -9.966142e-01 -8.221955e-02  0.000000e+00
   outer loop
     vertex -3.786469e+01 -1.928033e+01  1.421085e-14
     vertex -3.786469e+01 -1.928033e+01  1.200000e+01
     vertex -3.788838e+01 -1.899322e+01  1.200000e+01
   endloop
 endfacet
 facet normal -9.984947e-01 -5.484744e-02  0.000000e+00
   outer loop
     vertex -3.786469e+01 -1.928033e+01  1.421085e-14
     vertex -3.784889e+01 -1.956798e+01  1.200000e+01
     vertex -3.786469e+01 -1.928033e+01  1.200000e+01
   endloop
 endfacet
 facet normal -9.984947e-01 -5.484744e-02  0.000000e+00
   outer loop
     vertex -3.784889e+01 -1.956798e+01  1.421085e-14
     vertex -3.784889e+01 -1.956798e+01  1.200000e+01
     vertex -3.786469e+01 -1.928033e+01  1.421085e-14
   endloop
 endfacet
 facet normal -9.996236e-01 -2.743405e-02  0.000000e+00
   outer loop
     vertex -3.784889e+01 -1.956798e+01  1.421085e-14
     vertex -3.784099e+01 -1.985596e+01  1.200000e+01
     vertex -3.784889e+01 -1.956798e+01  1.200000e+01
   endloop
 endfacet
 facet normal -9.996236e-01 -2.743405e-02  0.000000e+00
   outer loop
     vertex -3.784099e+01 -1.985596e+01  1.421085e-14
     vertex -3.784099e+01 -1.985596e+01  1.200000e+01
     vertex -3.784889e+01 -1.956798e+01  1.421085e-14
   endloop
 endfacet
 facet normal -1.000000e+00  4.932875e-14  0.000000e+00
   outer loop
     vertex -3.784099e+01 -1.985596e+01  1.421085e-14
     vertex -3.784099e+01 -2.014404e+01  1.200000e+01
     vertex -3.784099e+01 -1.985596e+01  1.200000e+01
   endloop
 endfacet
 facet normal -1.000000e+00  4.932875e-14  0.000000e+00
   outer loop
     vertex -3.784099e+01 -2.014404e+01  1.421085e-14
     vertex -3.784099e+01 -2.014404e+01  1.200000e+01
     vertex -3.784099e+01 -1.985596e+01  1.421085e-14
   endloop
 endfacet
 facet normal -9.996236e-01  2.743405e-02  0.000000e+00
   outer loop
     vertex -3.784889e+01 -2.043202e+01  1.421085e-14
     vertex -3.784099e+01 -2.014404e+01  1.200000e+01
     vertex -3.784099e+01 -2.014404e+01  1.421085e-14
   endloop
 endfacet
 facet normal -9.996236e-01  2.743405e-02  0.000000e+00
   outer loop
     vertex -3.784889e+01 -2.043202e+01  1.421085e-14
     vertex -3.784889e+01 -2.043202e+01  1.200000e+01
     vertex -3.784099e+01 -2.014404e+01  1.200000e+01
   endloop
 endfacet
 facet normal -9.984947e-01  5.484744e-02  0.000000e+00
   outer loop
     vertex -3.786469e+01 -2.071967e+01  1.421085e-14
     vertex -3.784889e+01 -2.043202e+01  1.200000e+01
     vertex -3.784889e+01 -2.043202e+01  1.421085e-14
   endloop
 endfacet
 facet normal -9.984947e-01  5.484744e-02  0.000000e+00
   outer loop
     vertex -3.786469e+01 -2.071967e+01  1.421085e-14
     vertex -3.786469e+01 -2.071967e+01  1.200000e+01
     vertex -3.784889e+01 -2.043202e+01  1.200000e+01
   endloop
 endfacet
 facet normal -9.966142e-01  8.221955e-02  0.000000e+00
   outer loop
     vertex -3.788838e+01 -2.100678e+01  1.421085e-14
     vertex -3.786469e+01 -2.071967e+01  1.200000e+01
     vertex -3.786469e+01 -2.071967e+01  1.421085e-14
   endloop
 endfacet
 facet normal -9.966142e-01  8.221955e-02  0.000000e+00
   outer loop
     vertex -3.788838e+01 -2.100678e+01  1.421085e-14
     vertex -3.788838e+01 -2.100678e+01  1.200000e+01
     vertex -3.786469e+01 -2.071967e+01  1.200000e+01
   endloop
 endfacet
 facet normal -9.939835e-01  1.095298e-01  0.000000e+00
   outer loop
     vertex -3.788838e+01 -2.100678e+01  1.421085e-14
     vertex -3.791993e+01 -2.129313e+01  1.200000e+01
     vertex -3.788838e+01 -2.100678e+01  1.200000e+01
   endloop
 endfacet
 facet normal -9.939835e-01  1.095298e-01  0.000000e+00
   outer loop
     vertex -3.791993e+01 -2.129313e+01  1.421085e-14
     vertex -3.791993e+01 -2.129313e+01  1.200000e+01
     vertex -3.788838e+01 -2.100678e+01  1.421085e-14
   endloop
 endfacet
 facet normal -9.906046e-01  1.367575e-01  0.000000e+00
   outer loop
     vertex -3.791993e+01 -2.129313e+01  1.421085e-14
     vertex -3.795933e+01 -2.157851e+01  1.200000e+01
     vertex -3.791993e+01 -2.129313e+01  1.200000e+01
   endloop
 endfacet
 facet normal -9.906046e-01  1.367575e-01  0.000000e+00
   outer loop
     vertex -3.795933e+01 -2.157851e+01  1.421085e-14
     vertex -3.795933e+01 -2.157851e+01  1.200000e+01
     vertex -3.791993e+01 -2.129313e+01  1.421085e-14
   endloop
 endfacet
 facet normal -9.864799e-01  1.638824e-01  0.000000e+00
   outer loop
     vertex -3.795933e+01 -2.157851e+01  1.421085e-14
     vertex -3.800654e+01 -2.186270e+01  1.200000e+01
     vertex -3.795933e+01 -2.157851e+01  1.200000e+01
   endloop
 endfacet
 facet normal -9.864799e-01  1.638824e-01 -2.336454e-15
   outer loop
     vertex -3.800654e+01 -2.186270e+01  1.421085e-14
     vertex -3.800654e+01 -2.186270e+01  1.200000e+01
     vertex -3.795933e+01 -2.157851e+01  1.421085e-14
   endloop
 endfacet
 facet normal -9.816126e-01  1.908838e-01 -2.324830e-15
   outer loop
     vertex -3.806153e+01 -2.214549e+01  1.421085e-14
     vertex -3.800654e+01 -2.186270e+01  1.200000e+01
     vertex -3.800654e+01 -2.186270e+01  1.421085e-14
   endloop
 endfacet
 facet normal -9.816126e-01  1.908838e-01 -2.324926e-15
   outer loop
     vertex -3.806153e+01 -2.214549e+01  1.421085e-14
     vertex -3.806153e+01 -2.214549e+01  1.200000e+01
     vertex -3.800654e+01 -2.186270e+01  1.200000e+01
   endloop
 endfacet
 facet normal -9.760065e-01  2.177416e-01 -2.311648e-15
   outer loop
     vertex -3.806153e+01 -2.214549e+01  1.421085e-14
     vertex -3.812426e+01 -2.242666e+01  1.200000e+01
     vertex -3.806153e+01 -2.214549e+01  1.200000e+01
   endloop
 endfacet
 facet normal -9.760065e-01  2.177416e-01 -6.934943e-15
   outer loop
     vertex -3.812426e+01 -2.242666e+01  1.421085e-14
     vertex -3.812426e+01 -2.242666e+01  1.200000e+01
     vertex -3.806153e+01 -2.214549e+01  1.421085e-14
   endloop
 endfacet
 facet normal -9.696656e-01  2.444354e-01 -6.889888e-15
   outer loop
     vertex -3.819468e+01 -2.270600e+01  1.421085e-14
     vertex -3.819468e+01 -2.270600e+01  1.200000e+01
     vertex -3.812426e+01 -2.242666e+01  1.200000e+01
   endloop
 endfacet
 facet normal -9.625948e-01  2.709453e-01 -6.839647e-15
   outer loop
     vertex -3.819468e+01 -2.270600e+01  1.421085e-14
     vertex -3.827273e+01 -2.298331e+01  1.200000e+01
     vertex -3.819468e+01 -2.270600e+01  1.200000e+01
   endloop
 endfacet
 facet normal -9.696656e-01  2.444354e-01 -6.889687e-15
   outer loop
     vertex -3.819468e+01 -2.270600e+01  1.421085e-14
     vertex -3.812426e+01 -2.242666e+01  1.200000e+01
     vertex -3.812426e+01 -2.242666e+01  1.421085e-14
   endloop
 endfacet
 facet normal -9.625948e-01  2.709453e-01 -2.279882e-15
   outer loop
     vertex -3.827273e+01 -2.298331e+01  1.421085e-14
     vertex -3.827273e+01 -2.298331e+01  1.200000e+01
     vertex -3.819468e+01 -2.270600e+01  1.421085e-14
   endloop
 endfacet
 facet normal -9.547993e-01  2.972512e-01 -2.261419e-15
   outer loop
     vertex -3.835837e+01 -2.325838e+01  1.421085e-14
     vertex -3.835837e+01 -2.325838e+01  1.200000e+01
     vertex -3.827273e+01 -2.298331e+01  1.200000e+01
   endloop
 endfacet
 facet normal -9.547993e-01  2.972512e-01 -2.262105e-15
   outer loop
     vertex -3.835837e+01 -2.325838e+01  1.421085e-14
     vertex -3.827273e+01 -2.298331e+01  1.200000e+01
     vertex -3.827273e+01 -2.298331e+01  1.421085e-14
   endloop
 endfacet
 facet normal -9.462851e-01  3.233333e-01 -2.241253e-15
   outer loop
     vertex -3.845151e+01 -2.353099e+01  1.421085e-14
     vertex -3.845151e+01 -2.353099e+01  1.200000e+01
     vertex -3.835837e+01 -2.325838e+01  1.200000e+01
   endloop
 endfacet
 facet normal -9.370586e-01  3.491720e-01 -2.219401e-15
   outer loop
     vertex -3.845151e+01 -2.353099e+01  1.421085e-14
     vertex -3.855211e+01 -2.380094e+01  1.200000e+01
     vertex -3.845151e+01 -2.353099e+01  1.200000e+01
   endloop
 endfacet
 facet normal -9.462851e-01  3.233333e-01 -2.241030e-15
   outer loop
     vertex -3.845151e+01 -2.353099e+01  1.421085e-14
     vertex -3.835837e+01 -2.325838e+01  1.200000e+01
     vertex -3.835837e+01 -2.325838e+01  1.421085e-14
   endloop
 endfacet
 facet normal -9.370586e-01  3.491720e-01 -6.658202e-15
   outer loop
     vertex -3.855211e+01 -2.380094e+01  1.421085e-14
     vertex -3.855211e+01 -2.380094e+01  1.200000e+01
     vertex -3.845151e+01 -2.353099e+01  1.421085e-14
   endloop
 endfacet
 facet normal -9.271267e-01  3.747479e-01 -6.587632e-15
   outer loop
     vertex -3.866006e+01 -2.406803e+01  1.421085e-14
     vertex -3.866006e+01 -2.406803e+01  1.200000e+01
     vertex -3.855211e+01 -2.380094e+01  1.200000e+01
   endloop
 endfacet
 facet normal -9.271267e-01  3.747479e-01 -6.587604e-15
   outer loop
     vertex -3.866006e+01 -2.406803e+01  1.421085e-14
     vertex -3.855211e+01 -2.380094e+01  1.200000e+01
     vertex -3.855211e+01 -2.380094e+01  1.421085e-14
   endloop
 endfacet
 facet normal -9.164969e-01  4.000417e-01 -6.512102e-15
   outer loop
     vertex -3.877531e+01 -2.433206e+01  1.421085e-14
     vertex -3.877531e+01 -2.433206e+01  1.200000e+01
     vertex -3.866006e+01 -2.406803e+01  1.200000e+01
   endloop
 endfacet
 facet normal -9.051772e-01  4.250344e-01 -6.431671e-15
   outer loop
     vertex -3.877531e+01 -2.433206e+01  1.421085e-14
     vertex -3.889776e+01 -2.459282e+01  1.200000e+01
     vertex -3.877531e+01 -2.433206e+01  1.200000e+01
   endloop
 endfacet
 facet normal -9.164969e-01  4.000417e-01 -6.512335e-15
   outer loop
     vertex -3.877531e+01 -2.433206e+01  1.421085e-14
     vertex -3.866006e+01 -2.406803e+01  1.200000e+01
     vertex -3.866006e+01 -2.406803e+01  1.421085e-14
   endloop
 endfacet
 facet normal -8.931761e-01  4.497071e-01 -6.346398e-15
   outer loop
     vertex -3.889776e+01 -2.459282e+01  1.421085e-14
     vertex -3.902731e+01 -2.485013e+01  1.200000e+01
     vertex -3.889776e+01 -2.459282e+01  1.200000e+01
   endloop
 endfacet
 facet normal -9.051772e-01  4.250344e-01 -6.431671e-15
   outer loop
     vertex -3.889776e+01 -2.459282e+01  1.421085e-14
     vertex -3.889776e+01 -2.459282e+01  1.200000e+01
     vertex -3.877531e+01 -2.433206e+01  1.421085e-14
   endloop
 endfacet
 facet normal -8.931761e-01  4.497071e-01 -2.115466e-15
   outer loop
     vertex -3.902731e+01 -2.485013e+01  1.421085e-14
     vertex -3.902731e+01 -2.485013e+01  1.200000e+01
     vertex -3.889776e+01 -2.459282e+01  1.421085e-14
   endloop
 endfacet
 facet normal -8.805026e-01  4.740412e-01 -2.085449e-15
   outer loop
     vertex -3.916387e+01 -2.510379e+01  1.421085e-14
     vertex -3.916387e+01 -2.510379e+01  1.200000e+01
     vertex -3.902731e+01 -2.485013e+01  1.200000e+01
   endloop
 endfacet
 facet normal -8.805026e-01  4.740412e-01 -2.085473e-15
   outer loop
     vertex -3.916387e+01 -2.510379e+01  1.421085e-14
     vertex -3.902731e+01 -2.485013e+01  1.200000e+01
     vertex -3.902731e+01 -2.485013e+01  1.421085e-14
   endloop
 endfacet
 facet normal -8.671664e-01  4.980186e-01 -2.053863e-15
   outer loop
     vertex -3.930735e+01 -2.535361e+01  1.421085e-14
     vertex -3.930735e+01 -2.535361e+01  1.200000e+01
     vertex -3.916387e+01 -2.510379e+01  1.200000e+01
   endloop
 endfacet
 facet normal -8.531773e-01  5.216210e-01 -2.020730e-15
   outer loop
     vertex -3.930735e+01 -2.535361e+01  1.421085e-14
     vertex -3.945762e+01 -2.559940e+01  1.200000e+01
     vertex -3.930735e+01 -2.535361e+01  1.200000e+01
   endloop
 endfacet
 facet normal -8.671664e-01  4.980186e-01 -2.055365e-15
   outer loop
     vertex -3.930735e+01 -2.535361e+01  1.421085e-14
     vertex -3.916387e+01 -2.510379e+01  1.200000e+01
     vertex -3.916387e+01 -2.510379e+01  1.421085e-14
   endloop
 endfacet
 facet normal -8.531773e-01  5.216210e-01 -2.020730e-15
   outer loop
     vertex -3.945762e+01 -2.559940e+01  1.421085e-14
     vertex -3.945762e+01 -2.559940e+01  1.200000e+01
     vertex -3.930735e+01 -2.535361e+01  1.421085e-14
   endloop
 endfacet
 facet normal -8.385460e-01  5.448308e-01 -1.985113e-15
   outer loop
     vertex -3.961457e+01 -2.584097e+01  1.421085e-14
     vertex -3.945762e+01 -2.559940e+01  1.200000e+01
     vertex -3.945762e+01 -2.559940e+01  1.421085e-14
   endloop
 endfacet
 facet normal -8.385460e-01  5.448308e-01 -1.986076e-15
   outer loop
     vertex -3.961457e+01 -2.584097e+01  1.421085e-14
     vertex -3.961457e+01 -2.584097e+01  1.200000e+01
     vertex -3.945762e+01 -2.559940e+01  1.200000e+01
   endloop
 endfacet
 facet normal -8.232835e-01  5.676304e-01 -1.949927e-15
   outer loop
     vertex -3.961457e+01 -2.584097e+01  1.421085e-14
     vertex -3.977810e+01 -2.607815e+01  1.200000e+01
     vertex -3.961457e+01 -2.584097e+01  1.200000e+01
   endloop
 endfacet
 facet normal -8.232835e-01  5.676304e-01 -1.949927e-15
   outer loop
     vertex -3.977810e+01 -2.607815e+01  1.421085e-14
     vertex -3.977810e+01 -2.607815e+01  1.200000e+01
     vertex -3.961457e+01 -2.584097e+01  1.421085e-14
   endloop
 endfacet
 facet normal -8.074012e-01  5.900028e-01 -1.912310e-15
   outer loop
     vertex -3.977810e+01 -2.607815e+01  1.421085e-14
     vertex -3.994807e+01 -2.631075e+01  1.200000e+01
     vertex -3.977810e+01 -2.607815e+01  1.200000e+01
   endloop
 endfacet
 facet normal -8.074012e-01  5.900028e-01 -1.912310e-15
   outer loop
     vertex -3.994807e+01 -2.631075e+01  1.421085e-14
     vertex -3.994807e+01 -2.631075e+01  1.200000e+01
     vertex -3.977810e+01 -2.607815e+01  1.421085e-14
   endloop
 endfacet
 facet normal -7.909112e-01  6.119310e-01 -1.874717e-15
   outer loop
     vertex -4.012436e+01 -2.653860e+01  1.421085e-14
     vertex -3.994807e+01 -2.631075e+01  1.200000e+01
     vertex -3.994807e+01 -2.631075e+01  1.421085e-14
   endloop
 endfacet
 facet normal -7.909112e-01  6.119310e-01 -1.873254e-15
   outer loop
     vertex -4.012436e+01 -2.653860e+01  1.421085e-14
     vertex -4.012436e+01 -2.653860e+01  1.200000e+01
     vertex -3.994807e+01 -2.631075e+01  1.200000e+01
   endloop
 endfacet
 facet normal -7.738257e-01  6.333986e-01 -1.832787e-15
   outer loop
     vertex -4.012436e+01 -2.653860e+01  1.421085e-14
     vertex -4.030683e+01 -2.676152e+01  1.200000e+01
     vertex -4.012436e+01 -2.653860e+01  1.200000e+01
   endloop
 endfacet
 facet normal -7.738257e-01  6.333986e-01 -5.498362e-15
   outer loop
     vertex -4.030683e+01 -2.676152e+01  1.421085e-14
     vertex -4.030683e+01 -2.676152e+01  1.200000e+01
     vertex -4.012436e+01 -2.653860e+01  1.421085e-14
   endloop
 endfacet
 facet normal -7.561578e-01  6.543893e-01 -5.373253e-15
   outer loop
     vertex -4.049535e+01 -2.697936e+01  1.421085e-14
     vertex -4.030683e+01 -2.676152e+01  1.200000e+01
     vertex -4.030683e+01 -2.676152e+01  1.421085e-14
   endloop
 endfacet
 facet normal -7.561578e-01  6.543893e-01 -1.790941e-15
   outer loop
     vertex -4.049535e+01 -2.697936e+01  1.421085e-14
     vertex -4.049535e+01 -2.697936e+01  1.200000e+01
     vertex -4.030683e+01 -2.676152e+01  1.200000e+01
   endloop
 endfacet
 facet normal -7.379206e-01  6.748875e-01 -1.747747e-15
   outer loop
     vertex -4.049535e+01 -2.697936e+01  1.421085e-14
     vertex -4.068977e+01 -2.719194e+01  1.200000e+01
     vertex -4.049535e+01 -2.697936e+01  1.200000e+01
   endloop
 endfacet
 facet normal -7.379206e-01  6.748875e-01 -5.243241e-15
   outer loop
     vertex -4.068977e+01 -2.719194e+01  1.421085e-14
     vertex -4.068977e+01 -2.719194e+01  1.200000e+01
     vertex -4.049535e+01 -2.697936e+01  1.421085e-14
   endloop
 endfacet
 facet normal -7.191280e-01  6.948776e-01 -5.109712e-15
   outer loop
     vertex -4.068977e+01 -2.719194e+01  1.421085e-14
     vertex -4.088996e+01 -2.739911e+01  1.200000e+01
     vertex -4.068977e+01 -2.719194e+01  1.200000e+01
   endloop
 endfacet
 facet normal -7.191280e-01  6.948776e-01 -5.109712e-15
   outer loop
     vertex -4.088996e+01 -2.739911e+01  1.421085e-14
     vertex -4.088996e+01 -2.739911e+01  1.200000e+01
     vertex -4.068977e+01 -2.719194e+01  1.421085e-14
   endloop
 endfacet
 facet normal -6.997940e-01  7.143447e-01 -4.972336e-15
   outer loop
     vertex -4.088996e+01 -2.739911e+01  1.421085e-14
     vertex -4.109575e+01 -2.760071e+01  1.200000e+01
     vertex -4.088996e+01 -2.739911e+01  1.200000e+01
   endloop
 endfacet
 facet normal -6.997940e-01  7.143447e-01 -4.972336e-15
   outer loop
     vertex -4.109575e+01 -2.760071e+01  1.421085e-14
     vertex -4.109575e+01 -2.760071e+01  1.200000e+01
     vertex -4.088996e+01 -2.739911e+01  1.421085e-14
   endloop
 endfacet
 facet normal -6.799333e-01  7.332740e-01 -4.831311e-15
   outer loop
     vertex -4.130700e+01 -2.779659e+01  1.421085e-14
     vertex -4.109575e+01 -2.760071e+01  1.200000e+01
     vertex -4.109575e+01 -2.760071e+01  1.421085e-14
   endloop
 endfacet
 facet normal -6.799333e-01  7.332740e-01 -1.610405e-15
   outer loop
     vertex -4.130700e+01 -2.779659e+01  1.421085e-14
     vertex -4.130700e+01 -2.779659e+01  1.200000e+01
     vertex -4.109575e+01 -2.760071e+01  1.200000e+01
   endloop
 endfacet
 facet normal -6.595607e-01  7.516513e-01 -1.561595e-15
   outer loop
     vertex -4.152353e+01 -2.798660e+01  1.421085e-14
     vertex -4.130700e+01 -2.779659e+01  1.200000e+01
     vertex -4.130700e+01 -2.779659e+01  1.421085e-14
   endloop
 endfacet
 facet normal -6.595607e-01  7.516513e-01 -4.686460e-15
   outer loop
     vertex -4.152353e+01 -2.798660e+01  1.421085e-14
     vertex -4.152353e+01 -2.798660e+01  1.200000e+01
     vertex -4.130700e+01 -2.779659e+01  1.200000e+01
   endloop
 endfacet
 facet normal -6.386916e-01  7.694628e-01 -4.538177e-15
   outer loop
     vertex -4.152353e+01 -2.798660e+01  1.421085e-14
     vertex -4.174520e+01 -2.817060e+01  1.200000e+01
     vertex -4.152353e+01 -2.798660e+01  1.200000e+01
   endloop
 endfacet
 facet normal -6.386916e-01  7.694628e-01 -4.538177e-15
   outer loop
     vertex -4.174520e+01 -2.817060e+01  1.421085e-14
     vertex -4.174520e+01 -2.817060e+01  1.200000e+01
     vertex -4.152353e+01 -2.798660e+01  1.421085e-14
   endloop
 endfacet
 facet normal -6.173417e-01  7.866951e-01 -4.385715e-15
   outer loop
     vertex -4.197184e+01 -2.834844e+01  1.421085e-14
     vertex -4.174520e+01 -2.817060e+01  1.200000e+01
     vertex -4.174520e+01 -2.817060e+01  1.421085e-14
   endloop
 endfacet
 facet normal -6.173417e-01  7.866951e-01 -1.462159e-15
   outer loop
     vertex -4.197184e+01 -2.834844e+01  1.421085e-14
     vertex -4.197184e+01 -2.834844e+01  1.200000e+01
     vertex -4.174520e+01 -2.817060e+01  1.200000e+01
   endloop
 endfacet
 facet normal -5.955271e-01  8.033352e-01 -1.410492e-15
   outer loop
     vertex -4.197184e+01 -2.834844e+01  1.421085e-14
     vertex -4.220327e+01 -2.852001e+01  1.200000e+01
     vertex -4.197184e+01 -2.834844e+01  1.200000e+01
   endloop
 endfacet
 facet normal -5.955271e-01  8.033352e-01 -1.410492e-15
   outer loop
     vertex -4.220327e+01 -2.852001e+01  1.421085e-14
     vertex -4.220327e+01 -2.852001e+01  1.200000e+01
     vertex -4.197184e+01 -2.834844e+01  1.421085e-14
   endloop
 endfacet
 facet normal -5.732642e-01  8.193706e-01 -1.357762e-15
   outer loop
     vertex -4.220327e+01 -2.852001e+01  1.421085e-14
     vertex -4.243932e+01 -2.868516e+01  1.200000e+01
     vertex -4.220327e+01 -2.852001e+01  1.200000e+01
   endloop
 endfacet
 facet normal -5.732642e-01  8.193706e-01 -4.073287e-15
   outer loop
     vertex -4.243932e+01 -2.868516e+01  1.421085e-14
     vertex -4.243932e+01 -2.868516e+01  1.200000e+01
     vertex -4.220327e+01 -2.852001e+01  1.421085e-14
   endloop
 endfacet
 facet normal -5.505698e-01  8.347891e-01 -3.912034e-15
   outer loop
     vertex -4.243932e+01 -2.868516e+01  1.421085e-14
     vertex -4.267981e+01 -2.884377e+01  1.200000e+01
     vertex -4.243932e+01 -2.868516e+01  1.200000e+01
   endloop
 endfacet
 facet normal -5.505698e-01  8.347891e-01 -3.912034e-15
   outer loop
     vertex -4.267981e+01 -2.884377e+01  1.421085e-14
     vertex -4.267981e+01 -2.884377e+01  1.200000e+01
     vertex -4.243932e+01 -2.868516e+01  1.421085e-14
   endloop
 endfacet
 facet normal -5.274609e-01  8.495793e-01 -3.747428e-15
   outer loop
     vertex -4.292456e+01 -2.899572e+01  1.421085e-14
     vertex -4.267981e+01 -2.884377e+01  1.200000e+01
     vertex -4.267981e+01 -2.884377e+01  1.421085e-14
   endloop
 endfacet
 facet normal -5.274609e-01  8.495793e-01 -3.747835e-15
   outer loop
     vertex -4.292456e+01 -2.899572e+01  1.421085e-14
     vertex -4.292456e+01 -2.899572e+01  1.200000e+01
     vertex -4.267981e+01 -2.884377e+01  1.200000e+01
   endloop
 endfacet
 facet normal -5.039550e-01  8.637299e-01 -3.580816e-15
   outer loop
     vertex -4.292456e+01 -2.899572e+01  1.421085e-14
     vertex -4.317338e+01 -2.914090e+01  1.200000e+01
     vertex -4.292456e+01 -2.899572e+01  1.200000e+01
   endloop
 endfacet
 facet normal -5.039550e-01  8.637299e-01 -1.193605e-15
   outer loop
     vertex -4.317338e+01 -2.914090e+01  1.421085e-14
     vertex -4.317338e+01 -2.914090e+01  1.200000e+01
     vertex -4.292456e+01 -2.899572e+01  1.421085e-14
   endloop
 endfacet
 facet normal -4.800697e-01  8.772303e-01 -1.138078e-15
   outer loop
     vertex -4.342610e+01 -2.927920e+01  1.421085e-14
     vertex -4.317338e+01 -2.914090e+01  1.200000e+01
     vertex -4.317338e+01 -2.914090e+01  1.421085e-14
   endloop
 endfacet
 facet normal -4.800697e-01  8.772303e-01 -3.411101e-15
   outer loop
     vertex -4.342610e+01 -2.927920e+01  1.421085e-14
     vertex -4.342610e+01 -2.927920e+01  1.200000e+01
     vertex -4.317338e+01 -2.914090e+01  1.200000e+01
   endloop
 endfacet
 facet normal -4.558231e-01  8.900704e-01 -3.238818e-15
   outer loop
     vertex -4.342610e+01 -2.927920e+01  1.421085e-14
     vertex -4.368252e+01 -2.941052e+01  1.200000e+01
     vertex -4.342610e+01 -2.927920e+01  1.200000e+01
   endloop
 endfacet
 facet normal -4.558231e-01  8.900704e-01 -1.079606e-15
   outer loop
     vertex -4.368252e+01 -2.941052e+01  1.421085e-14
     vertex -4.368252e+01 -2.941052e+01  1.200000e+01
     vertex -4.342610e+01 -2.927920e+01  1.421085e-14
   endloop
 endfacet
 facet normal -4.312333e-01  9.022405e-01 -1.021661e-15
   outer loop
     vertex -4.394244e+01 -2.953475e+01  1.421085e-14
     vertex -4.368252e+01 -2.941052e+01  1.200000e+01
     vertex -4.368252e+01 -2.941052e+01  1.421085e-14
   endloop
 endfacet
 facet normal -4.312333e-01  9.022405e-01 -1.021366e-15
   outer loop
     vertex -4.394244e+01 -2.953475e+01  1.421085e-14
     vertex -4.394244e+01 -2.953475e+01  1.200000e+01
     vertex -4.368252e+01 -2.941052e+01  1.200000e+01
   endloop
 endfacet
 facet normal -4.063188e-01  9.137314e-01 -9.624486e-16
   outer loop
     vertex -4.420567e+01 -2.965180e+01  1.421085e-14
     vertex -4.394244e+01 -2.953475e+01  1.200000e+01
     vertex -4.394244e+01 -2.953475e+01  1.421085e-14
   endloop
 endfacet
 facet normal -4.063188e-01  9.137314e-01 -2.887069e-15
   outer loop
     vertex -4.420567e+01 -2.965180e+01  1.421085e-14
     vertex -4.420567e+01 -2.965180e+01  1.200000e+01
     vertex -4.394244e+01 -2.953475e+01  1.200000e+01
   endloop
 endfacet
 facet normal -3.810986e-01  9.245344e-01 -2.707868e-15
   outer loop
     vertex -4.420567e+01 -2.965180e+01  1.421085e-14
     vertex -4.447201e+01 -2.976159e+01  1.200000e+01
     vertex -4.420567e+01 -2.965180e+01  1.200000e+01
   endloop
 endfacet
 facet normal -3.810986e-01  9.245344e-01 -9.026227e-16
   outer loop
     vertex -4.447201e+01 -2.976159e+01  1.421085e-14
     vertex -4.447201e+01 -2.976159e+01  1.200000e+01
     vertex -4.420567e+01 -2.965180e+01  1.421085e-14
   endloop
 endfacet
 facet normal -3.555914e-01  9.346415e-01 -2.526629e-15
   outer loop
     vertex -4.474127e+01 -2.986403e+01  1.421085e-14
     vertex -4.474127e+01 -2.986403e+01  1.200000e+01
     vertex -4.447201e+01 -2.976159e+01  1.200000e+01
   endloop
 endfacet
 facet normal -3.555914e-01  9.346415e-01 -8.420171e-16
   outer loop
     vertex -4.474127e+01 -2.986403e+01  1.421085e-14
     vertex -4.447201e+01 -2.976159e+01  1.200000e+01
     vertex -4.447201e+01 -2.976159e+01  1.421085e-14
   endloop
 endfacet
 facet normal -3.298166e-01  9.440450e-01 -7.811625e-16
   outer loop
     vertex -4.501323e+01 -2.995905e+01  1.421085e-14
     vertex -4.501323e+01 -2.995905e+01  1.200000e+01
     vertex -4.474127e+01 -2.986403e+01  1.200000e+01
   endloop
 endfacet
 facet normal -3.037934e-01  9.527379e-01 -7.195274e-16
   outer loop
     vertex -4.501323e+01 -2.995905e+01  1.421085e-14
     vertex -4.528770e+01 -3.004657e+01  1.200000e+01
     vertex -4.501323e+01 -2.995905e+01  1.200000e+01
   endloop
 endfacet
 facet normal -3.298166e-01  9.440450e-01 -2.343397e-15
   outer loop
     vertex -4.501323e+01 -2.995905e+01  1.421085e-14
     vertex -4.474127e+01 -2.986403e+01  1.200000e+01
     vertex -4.474127e+01 -2.986403e+01  1.421085e-14
   endloop
 endfacet
 facet normal -2.775416e-01  9.607136e-01 -6.573507e-16
   outer loop
     vertex -4.528770e+01 -3.004657e+01  1.421085e-14
     vertex -4.556447e+01 -3.012652e+01  1.200000e+01
     vertex -4.528770e+01 -3.004657e+01  1.200000e+01
   endloop
 endfacet
 facet normal -3.037934e-01  9.527379e-01 -7.195274e-16
   outer loop
     vertex -4.528770e+01 -3.004657e+01  1.421085e-14
     vertex -4.528770e+01 -3.004657e+01  1.200000e+01
     vertex -4.501323e+01 -2.995905e+01  1.421085e-14
   endloop
 endfacet
 facet normal -2.775416e-01  9.607136e-01 -1.972052e-15
   outer loop
     vertex -4.556447e+01 -3.012652e+01  1.421085e-14
     vertex -4.556447e+01 -3.012652e+01  1.200000e+01
     vertex -4.528770e+01 -3.004657e+01  1.421085e-14
   endloop
 endfacet
 facet normal -2.510809e-01  9.679661e-01 -1.784394e-15
   outer loop
     vertex -4.584333e+01 -3.019885e+01  1.421085e-14
     vertex -4.556447e+01 -3.012652e+01  1.200000e+01
     vertex -4.556447e+01 -3.012652e+01  1.421085e-14
   endloop
 endfacet
 facet normal -2.510809e-01  9.679661e-01 -1.784037e-15
   outer loop
     vertex -4.584333e+01 -3.019885e+01  1.421085e-14
     vertex -4.584333e+01 -3.019885e+01  1.200000e+01
     vertex -4.556447e+01 -3.012652e+01  1.200000e+01
   endloop
 endfacet
 facet normal -2.244312e-01  9.744899e-01 -1.594680e-15
   outer loop
     vertex -4.584333e+01 -3.019885e+01  1.421085e-14
     vertex -4.612406e+01 -3.026351e+01  1.200000e+01
     vertex -4.584333e+01 -3.019885e+01  1.200000e+01
   endloop
 endfacet
 facet normal -2.244312e-01  9.744899e-01 -5.315598e-16
   outer loop
     vertex -4.612406e+01 -3.026351e+01  1.421085e-14
     vertex -4.612406e+01 -3.026351e+01  1.200000e+01
     vertex -4.584333e+01 -3.019885e+01  1.421085e-14
   endloop
 endfacet
 facet normal -1.976125e-01  9.802802e-01 -4.686794e-16
   outer loop
     vertex -4.640647e+01 -3.032044e+01  1.421085e-14
     vertex -4.612406e+01 -3.026351e+01  1.200000e+01
     vertex -4.612406e+01 -3.026351e+01  1.421085e-14
   endloop
 endfacet
 facet normal -1.976125e-01  9.802802e-01 -4.680405e-16
   outer loop
     vertex -4.640647e+01 -3.032044e+01  1.421085e-14
     vertex -4.640647e+01 -3.032044e+01  1.200000e+01
     vertex -4.612406e+01 -3.026351e+01  1.200000e+01
   endloop
 endfacet
 facet normal -1.706451e-01  9.853326e-01 -4.041687e-16
   outer loop
     vertex -4.640647e+01 -3.032044e+01  1.421085e-14
     vertex -4.669032e+01 -3.036960e+01  1.200000e+01
     vertex -4.640647e+01 -3.032044e+01  1.200000e+01
   endloop
 endfacet
 facet normal -1.706451e-01  9.853326e-01 -1.212506e-15
   outer loop
     vertex -4.669032e+01 -3.036960e+01  1.421085e-14
     vertex -4.669032e+01 -3.036960e+01  1.200000e+01
     vertex -4.640647e+01 -3.032044e+01  1.421085e-14
   endloop
 endfacet
 facet normal -1.435492e-01  9.896432e-01 -1.019978e-15
   outer loop
     vertex -4.669032e+01 -3.036960e+01  1.421085e-14
     vertex -4.697543e+01 -3.041095e+01  1.200000e+01
     vertex -4.669032e+01 -3.036960e+01  1.200000e+01
   endloop
 endfacet
 facet normal -1.435492e-01  9.896432e-01 -1.019978e-15
   outer loop
     vertex -4.697543e+01 -3.041095e+01  1.421085e-14
     vertex -4.697543e+01 -3.041095e+01  1.200000e+01
     vertex -4.669032e+01 -3.036960e+01  1.421085e-14
   endloop
 endfacet
 facet normal -1.163452e-01  9.932088e-01 -8.266827e-16
   outer loop
     vertex -4.697543e+01 -3.041095e+01  1.421085e-14
     vertex -4.726155e+01 -3.044447e+01  1.200000e+01
     vertex -4.697543e+01 -3.041095e+01  1.200000e+01
   endloop
 endfacet
 facet normal -1.163452e-01  9.932088e-01 -2.755609e-16
   outer loop
     vertex -4.726155e+01 -3.044447e+01  1.421085e-14
     vertex -4.726155e+01 -3.044447e+01  1.200000e+01
     vertex -4.697543e+01 -3.041095e+01  1.421085e-14
   endloop
 endfacet
 facet normal -8.905371e-02  9.960268e-01 -2.110061e-16
   outer loop
     vertex -4.754849e+01 -3.047013e+01  1.421085e-14
     vertex -4.726155e+01 -3.044447e+01  1.200000e+01
     vertex -4.726155e+01 -3.044447e+01  1.421085e-14
   endloop
 endfacet
 facet normal -8.905371e-02  9.960268e-01 -6.327647e-16
   outer loop
     vertex -4.754849e+01 -3.047013e+01  1.421085e-14
     vertex -4.754849e+01 -3.047013e+01  1.200000e+01
     vertex -4.726155e+01 -3.044447e+01  1.200000e+01
   endloop
 endfacet
 facet normal -6.169515e-02  9.980950e-01 -4.383704e-16
   outer loop
     vertex -4.754849e+01 -3.047013e+01  1.421085e-14
     vertex -4.783603e+01 -3.048790e+01  1.200000e+01
     vertex -4.754849e+01 -3.047013e+01  1.200000e+01
   endloop
 endfacet
 facet normal -6.169515e-02  9.980950e-01 -4.383704e-16
   outer loop
     vertex -4.783603e+01 -3.048790e+01  1.421085e-14
     vertex -4.783603e+01 -3.048790e+01  1.200000e+01
     vertex -4.754849e+01 -3.047013e+01  1.421085e-14
   endloop
 endfacet
 facet normal -3.429014e-02  9.994119e-01 -2.436229e-16
   outer loop
     vertex -4.812395e+01 -3.049778e+01  1.421085e-14
     vertex -4.783603e+01 -3.048790e+01  1.200000e+01
     vertex -4.783603e+01 -3.048790e+01  1.421085e-14
   endloop
 endfacet
 facet normal -3.429014e-02  9.994119e-01 -8.121537e-17
   outer loop
     vertex -4.812395e+01 -3.049778e+01  1.421085e-14
     vertex -4.812395e+01 -3.049778e+01  1.200000e+01
     vertex -4.783603e+01 -3.048790e+01  1.200000e+01
   endloop
 endfacet
 facet normal -6.859319e-03  9.999765e-01 -1.624613e-17
   outer loop
     vertex -4.812395e+01 -3.049778e+01  1.421085e-14
     vertex -4.841202e+01 -3.049975e+01  1.200000e+01
     vertex -4.812395e+01 -3.049778e+01  1.200000e+01
   endloop
 endfacet
 facet normal -6.859319e-03  9.999765e-01 -1.624613e-17
   outer loop
     vertex -4.841202e+01 -3.049975e+01  1.421085e-14
     vertex -4.841202e+01 -3.049975e+01  1.200000e+01
     vertex -4.812395e+01 -3.049778e+01  1.421085e-14
   endloop
 endfacet
 facet normal  4.799716e-02  9.988475e-01  1.136801e-16
   outer loop
     vertex -4.870005e+01 -3.049383e+01  1.421085e-14
     vertex -4.898780e+01 -3.048000e+01  1.200000e+01
     vertex -4.870005e+01 -3.049383e+01  1.200000e+01
   endloop
 endfacet
 facet normal  2.057667e-02  9.997883e-01  4.873713e-17
   outer loop
     vertex -4.870005e+01 -3.049383e+01  1.421085e-14
     vertex -4.841202e+01 -3.049975e+01  1.200000e+01
     vertex -4.841202e+01 -3.049975e+01  1.421085e-14
   endloop
 endfacet
 facet normal  2.057667e-02  9.997883e-01  4.873533e-17
   outer loop
     vertex -4.870005e+01 -3.049383e+01  1.421085e-14
     vertex -4.870005e+01 -3.049383e+01  1.200000e+01
     vertex -4.841202e+01 -3.049975e+01  1.200000e+01
   endloop
 endfacet
 facet normal  4.799716e-02  9.988475e-01  1.136801e-16
   outer loop
     vertex -4.898780e+01 -3.048000e+01  1.421085e-14
     vertex -4.898780e+01 -3.048000e+01  1.200000e+01
     vertex -4.870005e+01 -3.049383e+01  1.421085e-14
   endloop
 endfacet
 facet normal  7.538152e-02  9.971548e-01  5.356179e-16
   outer loop
     vertex -4.927506e+01 -3.045828e+01  1.421085e-14
     vertex -4.927506e+01 -3.045828e+01  1.200000e+01
     vertex -4.898780e+01 -3.048000e+01  1.200000e+01
   endloop
 endfacet
 facet normal  7.538152e-02  9.971548e-01  1.783892e-16
   outer loop
     vertex -4.927506e+01 -3.045828e+01  1.421085e-14
     vertex -4.898780e+01 -3.048000e+01  1.200000e+01
     vertex -4.898780e+01 -3.048000e+01  1.421085e-14
   endloop
 endfacet
 facet normal  1.027091e-01  9.947114e-01  2.432641e-16
   outer loop
     vertex -4.956163e+01 -3.042869e+01  1.421085e-14
     vertex -4.956163e+01 -3.042869e+01  1.200000e+01
     vertex -4.927506e+01 -3.045828e+01  1.200000e+01
   endloop
 endfacet
 facet normal  1.027091e-01  9.947114e-01  7.296143e-16
   outer loop
     vertex -4.956163e+01 -3.042869e+01  1.421085e-14
     vertex -4.927506e+01 -3.045828e+01  1.200000e+01
     vertex -4.927506e+01 -3.045828e+01  1.421085e-14
   endloop
 endfacet
 facet normal  1.299594e-01  9.915193e-01  3.078058e-16
   outer loop
     vertex -4.984727e+01 -3.039125e+01  1.421085e-14
     vertex -4.984727e+01 -3.039125e+01  1.200000e+01
     vertex -4.956163e+01 -3.042869e+01  1.200000e+01
   endloop
 endfacet
 facet normal  1.299594e-01  9.915193e-01  3.076022e-16
   outer loop
     vertex -4.984727e+01 -3.039125e+01  1.421085e-14
     vertex -4.956163e+01 -3.042869e+01  1.200000e+01
     vertex -4.956163e+01 -3.042869e+01  1.421085e-14
   endloop
 endfacet
 facet normal  1.571119e-01  9.875808e-01  1.116347e-15
   outer loop
     vertex -5.013177e+01 -3.034599e+01  1.421085e-14
     vertex -5.013177e+01 -3.034599e+01  1.200000e+01
     vertex -4.984727e+01 -3.039125e+01  1.200000e+01
   endloop
 endfacet
 facet normal  1.841461e-01  9.828989e-01  1.308437e-15
   outer loop
     vertex -5.013177e+01 -3.034599e+01  1.421085e-14
     vertex -5.041493e+01 -3.029294e+01  1.200000e+01
     vertex -5.013177e+01 -3.034599e+01  1.200000e+01
   endloop
 endfacet
 facet normal  1.571119e-01  9.875808e-01  3.723341e-16
   outer loop
     vertex -5.013177e+01 -3.034599e+01  1.421085e-14
     vertex -4.984727e+01 -3.039125e+01  1.200000e+01
     vertex -4.984727e+01 -3.039125e+01  1.421085e-14
   endloop
 endfacet
 facet normal  2.110417e-01  9.774771e-01  1.499542e-15
   outer loop
     vertex -5.041493e+01 -3.029294e+01  1.421085e-14
     vertex -5.069653e+01 -3.023214e+01  1.200000e+01
     vertex -5.041493e+01 -3.029294e+01  1.200000e+01
   endloop
 endfacet
 facet normal  1.841461e-01  9.828989e-01  1.308437e-15
   outer loop
     vertex -5.041493e+01 -3.029294e+01  1.421085e-14
     vertex -5.041493e+01 -3.029294e+01  1.200000e+01
     vertex -5.013177e+01 -3.034599e+01  1.421085e-14
   endloop
 endfacet
 facet normal  2.377784e-01  9.713194e-01  1.689517e-15
   outer loop
     vertex -5.069653e+01 -3.023214e+01  1.421085e-14
     vertex -5.097635e+01 -3.016364e+01  1.200000e+01
     vertex -5.069653e+01 -3.023214e+01  1.200000e+01
   endloop
 endfacet
 facet normal  2.110417e-01  9.774771e-01  1.499542e-15
   outer loop
     vertex -5.069653e+01 -3.023214e+01  1.421085e-14
     vertex -5.069653e+01 -3.023214e+01  1.200000e+01
     vertex -5.041493e+01 -3.029294e+01  1.421085e-14
   endloop
 endfacet
 facet normal  2.643362e-01  9.644306e-01  1.878221e-15
   outer loop
     vertex -5.097635e+01 -3.016364e+01  1.421085e-14
     vertex -5.125419e+01 -3.008749e+01  1.200000e+01
     vertex -5.097635e+01 -3.016364e+01  1.200000e+01
   endloop
 endfacet
 facet normal  2.377784e-01  9.713194e-01  1.689517e-15
   outer loop
     vertex -5.097635e+01 -3.016364e+01  1.421085e-14
     vertex -5.097635e+01 -3.016364e+01  1.200000e+01
     vertex -5.069653e+01 -3.023214e+01  1.421085e-14
   endloop
 endfacet
 facet normal  2.643362e-01  9.644306e-01  1.878221e-15
   outer loop
     vertex -5.125419e+01 -3.008749e+01  1.421085e-14
     vertex -5.125419e+01 -3.008749e+01  1.200000e+01
     vertex -5.097635e+01 -3.016364e+01  1.421085e-14
   endloop
 endfacet
 facet normal  2.906949e-01  9.568158e-01  2.065512e-15
   outer loop
     vertex -5.152983e+01 -3.000375e+01  1.421085e-14
     vertex -5.152983e+01 -3.000375e+01  1.200000e+01
     vertex -5.125419e+01 -3.008749e+01  1.200000e+01
   endloop
 endfacet
 facet normal  2.906949e-01  9.568158e-01  2.065401e-15
   outer loop
     vertex -5.152983e+01 -3.000375e+01  1.421085e-14
     vertex -5.125419e+01 -3.008749e+01  1.200000e+01
     vertex -5.125419e+01 -3.008749e+01  1.421085e-14
   endloop
 endfacet
 facet normal  3.168348e-01  9.484807e-01  2.251247e-15
   outer loop
     vertex -5.180307e+01 -2.991247e+01  1.421085e-14
     vertex -5.180307e+01 -2.991247e+01  1.200000e+01
     vertex -5.152983e+01 -3.000375e+01  1.200000e+01
   endloop
 endfacet
 facet normal  3.427362e-01  9.394317e-01  2.435287e-15
   outer loop
     vertex -5.180307e+01 -2.991247e+01  1.421085e-14
     vertex -5.207371e+01 -2.981374e+01  1.200000e+01
     vertex -5.180307e+01 -2.991247e+01  1.200000e+01
   endloop
 endfacet
 facet normal  3.168348e-01  9.484807e-01  2.252070e-15
   outer loop
     vertex -5.180307e+01 -2.991247e+01  1.421085e-14
     vertex -5.152983e+01 -3.000375e+01  1.200000e+01
     vertex -5.152983e+01 -3.000375e+01  1.421085e-14
   endloop
 endfacet
 facet normal  3.427362e-01  9.394317e-01  8.117625e-16
   outer loop
     vertex -5.207371e+01 -2.981374e+01  1.421085e-14
     vertex -5.207371e+01 -2.981374e+01  1.200000e+01
     vertex -5.180307e+01 -2.991247e+01  1.421085e-14
   endloop
 endfacet
 facet normal  3.683796e-01  9.296754e-01  2.617495e-15
   outer loop
     vertex -5.234153e+01 -2.970761e+01  1.421085e-14
     vertex -5.234153e+01 -2.970761e+01  1.200000e+01
     vertex -5.207371e+01 -2.981374e+01  1.200000e+01
   endloop
 endfacet
 facet normal  3.683796e-01  9.296754e-01  8.721250e-16
   outer loop
     vertex -5.234153e+01 -2.970761e+01  1.421085e-14
     vertex -5.207371e+01 -2.981374e+01  1.200000e+01
     vertex -5.207371e+01 -2.981374e+01  1.421085e-14
   endloop
 endfacet
 facet normal  3.937458e-01  9.192194e-01  2.798026e-15
   outer loop
     vertex -5.260635e+01 -2.959418e+01  1.421085e-14
     vertex -5.234153e+01 -2.970761e+01  1.200000e+01
     vertex -5.234153e+01 -2.970761e+01  1.421085e-14
   endloop
 endfacet
 facet normal  3.937458e-01  9.192194e-01  2.797732e-15
   outer loop
     vertex -5.260635e+01 -2.959418e+01  1.421085e-14
     vertex -5.260635e+01 -2.959418e+01  1.200000e+01
     vertex -5.234153e+01 -2.970761e+01  1.200000e+01
   endloop
 endfacet
 facet normal  4.188155e-01  9.080714e-01  2.975863e-15
   outer loop
     vertex -5.260635e+01 -2.959418e+01  1.421085e-14
     vertex -5.286795e+01 -2.947352e+01  1.200000e+01
     vertex -5.260635e+01 -2.959418e+01  1.200000e+01
   endloop
 endfacet
 facet normal  4.188155e-01  9.080714e-01  9.919543e-16
   outer loop
     vertex -5.286795e+01 -2.947352e+01  1.421085e-14
     vertex -5.286795e+01 -2.947352e+01  1.200000e+01
     vertex -5.260635e+01 -2.959418e+01  1.421085e-14
   endloop
 endfacet
 facet normal  4.435699e-01  8.962398e-01  1.050585e-15
   outer loop
     vertex -5.312614e+01 -2.934574e+01  1.421085e-14
     vertex -5.312614e+01 -2.934574e+01  1.200000e+01
     vertex -5.286795e+01 -2.947352e+01  1.200000e+01
   endloop
 endfacet
 facet normal  4.679904e-01  8.837335e-01  1.108424e-15
   outer loop
     vertex -5.312614e+01 -2.934574e+01  1.421085e-14
     vertex -5.338073e+01 -2.921092e+01  1.200000e+01
     vertex -5.312614e+01 -2.934574e+01  1.200000e+01
   endloop
 endfacet
 facet normal  4.435699e-01  8.962398e-01  1.049761e-15
   outer loop
     vertex -5.312614e+01 -2.934574e+01  1.421085e-14
     vertex -5.286795e+01 -2.947352e+01  1.200000e+01
     vertex -5.286795e+01 -2.947352e+01  1.421085e-14
   endloop
 endfacet
 facet normal  4.679904e-01  8.837335e-01  1.108424e-15
   outer loop
     vertex -5.338073e+01 -2.921092e+01  1.421085e-14
     vertex -5.338073e+01 -2.921092e+01  1.200000e+01
     vertex -5.312614e+01 -2.934574e+01  1.421085e-14
   endloop
 endfacet
 facet normal  4.920587e-01  8.705620e-01  1.165429e-15
   outer loop
     vertex -5.338073e+01 -2.921092e+01  1.421085e-14
     vertex -5.363153e+01 -2.906916e+01  1.200000e+01
     vertex -5.338073e+01 -2.921092e+01  1.200000e+01
   endloop
 endfacet
 facet normal  4.920587e-01  8.705620e-01  3.496287e-15
   outer loop
     vertex -5.363153e+01 -2.906916e+01  1.421085e-14
     vertex -5.363153e+01 -2.906916e+01  1.200000e+01
     vertex -5.338073e+01 -2.921092e+01  1.421085e-14
   endloop
 endfacet
 facet normal  5.157565e-01  8.567352e-01  3.664670e-15
   outer loop
     vertex -5.363153e+01 -2.906916e+01  1.421085e-14
     vertex -5.387834e+01 -2.892058e+01  1.200000e+01
     vertex -5.363153e+01 -2.906916e+01  1.200000e+01
   endloop
 endfacet
 facet normal  5.157565e-01  8.567352e-01  3.664670e-15
   outer loop
     vertex -5.387834e+01 -2.892058e+01  1.421085e-14
     vertex -5.387834e+01 -2.892058e+01  1.200000e+01
     vertex -5.363153e+01 -2.906916e+01  1.421085e-14
   endloop
 endfacet
 facet normal  5.390661e-01  8.422635e-01  3.830295e-15
   outer loop
     vertex -5.412098e+01 -2.876529e+01  1.421085e-14
     vertex -5.412098e+01 -2.876529e+01  1.200000e+01
     vertex -5.387834e+01 -2.892058e+01  1.200000e+01
   endloop
 endfacet
 facet normal  5.390661e-01  8.422635e-01  3.829723e-15
   outer loop
     vertex -5.412098e+01 -2.876529e+01  1.421085e-14
     vertex -5.387834e+01 -2.892058e+01  1.200000e+01
     vertex -5.387834e+01 -2.892058e+01  1.421085e-14
   endloop
 endfacet
 facet normal  5.619699e-01  8.271577e-01  1.331012e-15
   outer loop
     vertex -5.435927e+01 -2.860339e+01  1.421085e-14
     vertex -5.435927e+01 -2.860339e+01  1.200000e+01
     vertex -5.412098e+01 -2.876529e+01  1.200000e+01
   endloop
 endfacet
 facet normal  5.844507e-01  8.114292e-01  1.384257e-15
   outer loop
     vertex -5.435927e+01 -2.860339e+01  1.421085e-14
     vertex -5.459303e+01 -2.843502e+01  1.200000e+01
     vertex -5.435927e+01 -2.860339e+01  1.200000e+01
   endloop
 endfacet
 facet normal  5.619699e-01  8.271577e-01  3.992305e-15
   outer loop
     vertex -5.435927e+01 -2.860339e+01  1.421085e-14
     vertex -5.412098e+01 -2.876529e+01  1.200000e+01
     vertex -5.412098e+01 -2.876529e+01  1.421085e-14
   endloop
 endfacet
 facet normal  5.844507e-01  8.114292e-01  4.152772e-15
   outer loop
     vertex -5.459303e+01 -2.843502e+01  1.421085e-14
     vertex -5.459303e+01 -2.843502e+01  1.200000e+01
     vertex -5.435927e+01 -2.860339e+01  1.421085e-14
   endloop
 endfacet
 facet normal  6.064915e-01  7.950900e-01  4.309381e-15
   outer loop
     vertex -5.482209e+01 -2.826030e+01  1.421085e-14
     vertex -5.482209e+01 -2.826030e+01  1.200000e+01
     vertex -5.459303e+01 -2.843502e+01  1.200000e+01
   endloop
 endfacet
 facet normal  6.280757e-01  7.781522e-01  4.462747e-15
   outer loop
     vertex -5.482209e+01 -2.826030e+01  1.421085e-14
     vertex -5.504626e+01 -2.807936e+01  1.200000e+01
     vertex -5.482209e+01 -2.826030e+01  1.200000e+01
   endloop
 endfacet
 facet normal  6.064915e-01  7.950900e-01  4.309441e-15
   outer loop
     vertex -5.482209e+01 -2.826030e+01  1.421085e-14
     vertex -5.459303e+01 -2.843502e+01  1.200000e+01
     vertex -5.459303e+01 -2.843502e+01  1.421085e-14
   endloop
 endfacet
 facet normal  6.280757e-01  7.781522e-01  4.462747e-15
   outer loop
     vertex -5.504626e+01 -2.807936e+01  1.421085e-14
     vertex -5.504626e+01 -2.807936e+01  1.200000e+01
     vertex -5.482209e+01 -2.826030e+01  1.421085e-14
   endloop
 endfacet
 facet normal  6.491872e-01  7.606287e-01  4.612753e-15
   outer loop
     vertex -5.504626e+01 -2.807936e+01  1.421085e-14
     vertex -5.526539e+01 -2.789234e+01  1.200000e+01
     vertex -5.504626e+01 -2.807936e+01  1.200000e+01
   endloop
 endfacet
 facet normal  6.491872e-01  7.606287e-01  4.612753e-15
   outer loop
     vertex -5.526539e+01 -2.789234e+01  1.421085e-14
     vertex -5.526539e+01 -2.789234e+01  1.200000e+01
     vertex -5.504626e+01 -2.807936e+01  1.421085e-14
   endloop
 endfacet
 facet normal  6.698100e-01  7.425325e-01  4.759286e-15
   outer loop
     vertex -5.547930e+01 -2.769938e+01  1.421085e-14
     vertex -5.547930e+01 -2.769938e+01  1.200000e+01
     vertex -5.526539e+01 -2.789234e+01  1.200000e+01
   endloop
 endfacet
 facet normal  6.698100e-01  7.425325e-01  4.761060e-15
   outer loop
     vertex -5.547930e+01 -2.769938e+01  1.421085e-14
     vertex -5.526539e+01 -2.789234e+01  1.200000e+01
     vertex -5.526539e+01 -2.789234e+01  1.421085e-14
   endloop
 endfacet
 facet normal  6.899286e-01  7.238775e-01  1.634079e-15
   outer loop
     vertex -5.568784e+01 -2.750062e+01  1.421085e-14
     vertex -5.568784e+01 -2.750062e+01  1.200000e+01
     vertex -5.547930e+01 -2.769938e+01  1.200000e+01
   endloop
 endfacet
 facet normal  6.899286e-01  7.238775e-01  4.901563e-15
   outer loop
     vertex -5.568784e+01 -2.750062e+01  1.421085e-14
     vertex -5.547930e+01 -2.769938e+01  1.200000e+01
     vertex -5.547930e+01 -2.769938e+01  1.421085e-14
   endloop
 endfacet
 facet normal  7.095278e-01  7.046775e-01  1.680499e-15
   outer loop
     vertex -5.589084e+01 -2.729622e+01  1.421085e-14
     vertex -5.589084e+01 -2.729622e+01  1.200000e+01
     vertex -5.568784e+01 -2.750062e+01  1.200000e+01
   endloop
 endfacet
 facet normal  7.095278e-01  7.046775e-01  1.680020e-15
   outer loop
     vertex -5.589084e+01 -2.729622e+01  1.421085e-14
     vertex -5.568784e+01 -2.750062e+01  1.200000e+01
     vertex -5.568784e+01 -2.750062e+01  1.421085e-14
   endloop
 endfacet
 facet normal  7.285929e-01  6.849470e-01  1.725655e-15
   outer loop
     vertex -5.608817e+01 -2.708632e+01  1.421085e-14
     vertex -5.608817e+01 -2.708632e+01  1.200000e+01
     vertex -5.589084e+01 -2.729622e+01  1.200000e+01
   endloop
 endfacet
 facet normal  7.285929e-01  6.849470e-01  1.724178e-15
   outer loop
     vertex -5.608817e+01 -2.708632e+01  1.421085e-14
     vertex -5.589084e+01 -2.729622e+01  1.200000e+01
     vertex -5.589084e+01 -2.729622e+01  1.421085e-14
   endloop
 endfacet
 facet normal  7.471095e-01  6.647010e-01  1.769511e-15
   outer loop
     vertex -5.627966e+01 -2.687109e+01  1.421085e-14
     vertex -5.627966e+01 -2.687109e+01  1.200000e+01
     vertex -5.608817e+01 -2.708632e+01  1.200000e+01
   endloop
 endfacet
 facet normal  7.471095e-01  6.647010e-01  1.770343e-15
   outer loop
     vertex -5.627966e+01 -2.687109e+01  1.421085e-14
     vertex -5.608817e+01 -2.708632e+01  1.200000e+01
     vertex -5.608817e+01 -2.708632e+01  1.421085e-14
   endloop
 endfacet
 facet normal  7.650637e-01  6.439545e-01  5.436105e-15
   outer loop
     vertex -5.646517e+01 -2.665068e+01  1.421085e-14
     vertex -5.646517e+01 -2.665068e+01  1.200000e+01
     vertex -5.627966e+01 -2.687109e+01  1.200000e+01
   endloop
 endfacet
 facet normal  7.650637e-01  6.439545e-01  1.812494e-15
   outer loop
     vertex -5.646517e+01 -2.665068e+01  1.421085e-14
     vertex -5.627966e+01 -2.687109e+01  1.200000e+01
     vertex -5.627966e+01 -2.687109e+01  1.421085e-14
   endloop
 endfacet
 facet normal  7.824421e-01  6.227234e-01  1.853195e-15
   outer loop
     vertex -5.664457e+01 -2.642528e+01  1.421085e-14
     vertex -5.664457e+01 -2.642528e+01  1.200000e+01
     vertex -5.646517e+01 -2.665068e+01  1.200000e+01
   endloop
 endfacet
 facet normal  7.824421e-01  6.227234e-01  5.559922e-15
   outer loop
     vertex -5.664457e+01 -2.642528e+01  1.421085e-14
     vertex -5.646517e+01 -2.665068e+01  1.200000e+01
     vertex -5.646517e+01 -2.665068e+01  1.421085e-14
   endloop
 endfacet
 facet normal  7.992314e-01  6.010234e-01  5.678881e-15
   outer loop
     vertex -5.681771e+01 -2.619503e+01  1.421085e-14
     vertex -5.681771e+01 -2.619503e+01  1.200000e+01
     vertex -5.664457e+01 -2.642528e+01  1.200000e+01
   endloop
 endfacet
 facet normal  7.992314e-01  6.010234e-01  1.894789e-15
   outer loop
     vertex -5.681771e+01 -2.619503e+01  1.421085e-14
     vertex -5.664457e+01 -2.642528e+01  1.200000e+01
     vertex -5.664457e+01 -2.642528e+01  1.421085e-14
   endloop
 endfacet
 facet normal  8.154191e-01  5.788711e-01  5.793901e-15
   outer loop
     vertex -5.698448e+01 -2.596012e+01  1.421085e-14
     vertex -5.698448e+01 -2.596012e+01  1.200000e+01
     vertex -5.681771e+01 -2.619503e+01  1.200000e+01
   endloop
 endfacet
 facet normal  8.309929e-01  5.562829e-01  5.904560e-15
   outer loop
     vertex -5.698448e+01 -2.596012e+01  1.421085e-14
     vertex -5.714473e+01 -2.572072e+01  1.200000e+01
     vertex -5.698448e+01 -2.596012e+01  1.200000e+01
   endloop
 endfacet
 facet normal  8.154191e-01  5.788711e-01  5.794764e-15
   outer loop
     vertex -5.698448e+01 -2.596012e+01  1.421085e-14
     vertex -5.681771e+01 -2.619503e+01  1.200000e+01
     vertex -5.681771e+01 -2.619503e+01  1.421085e-14
   endloop
 endfacet
 facet normal  8.309929e-01  5.562829e-01  5.904560e-15
   outer loop
     vertex -5.714473e+01 -2.572072e+01  1.421085e-14
     vertex -5.714473e+01 -2.572072e+01  1.200000e+01
     vertex -5.698448e+01 -2.596012e+01  1.421085e-14
   endloop
 endfacet
 facet normal  8.459413e-01  5.332761e-01  6.010774e-15
   outer loop
     vertex -5.729836e+01 -2.547702e+01  1.421085e-14
     vertex -5.729836e+01 -2.547702e+01  1.200000e+01
     vertex -5.714473e+01 -2.572072e+01  1.200000e+01
   endloop
 endfacet
 facet normal  8.602528e-01  5.098678e-01  6.112464e-15
   outer loop
     vertex -5.729836e+01 -2.547702e+01  1.421085e-14
     vertex -5.744525e+01 -2.522919e+01  1.200000e+01
     vertex -5.729836e+01 -2.547702e+01  1.200000e+01
   endloop
 endfacet
 facet normal  8.459413e-01  5.332761e-01  6.011540e-15
   outer loop
     vertex -5.729836e+01 -2.547702e+01  1.421085e-14
     vertex -5.714473e+01 -2.572072e+01  1.200000e+01
     vertex -5.714473e+01 -2.572072e+01  1.421085e-14
   endloop
 endfacet
 facet normal  8.602528e-01  5.098678e-01  2.037488e-15
   outer loop
     vertex -5.744525e+01 -2.522919e+01  1.421085e-14
     vertex -5.744525e+01 -2.522919e+01  1.200000e+01
     vertex -5.729836e+01 -2.547702e+01  1.421085e-14
   endloop
 endfacet
 facet normal  8.739167e-01  4.860756e-01  2.069851e-15
   outer loop
     vertex -5.758528e+01 -2.497743e+01  1.421085e-14
     vertex -5.758528e+01 -2.497743e+01  1.200000e+01
     vertex -5.744525e+01 -2.522919e+01  1.200000e+01
   endloop
 endfacet
 facet normal  8.739167e-01  4.860756e-01  2.069415e-15
   outer loop
     vertex -5.758528e+01 -2.497743e+01  1.421085e-14
     vertex -5.744525e+01 -2.522919e+01  1.200000e+01
     vertex -5.744525e+01 -2.522919e+01  1.421085e-14
   endloop
 endfacet
 facet normal  8.869228e-01  4.619176e-01  2.101530e-15
   outer loop
     vertex -5.771835e+01 -2.472192e+01  1.421085e-14
     vertex -5.758528e+01 -2.497743e+01  1.200000e+01
     vertex -5.758528e+01 -2.497743e+01  1.421085e-14
   endloop
 endfacet
 facet normal  8.869228e-01  4.619176e-01  2.100655e-15
   outer loop
     vertex -5.771835e+01 -2.472192e+01  1.421085e-14
     vertex -5.771835e+01 -2.472192e+01  1.200000e+01
     vertex -5.758528e+01 -2.497743e+01  1.200000e+01
   endloop
 endfacet
 facet normal  8.992613e-01  4.374119e-01  2.129879e-15
   outer loop
     vertex -5.771835e+01 -2.472192e+01  1.421085e-14
     vertex -5.784436e+01 -2.446286e+01  1.200000e+01
     vertex -5.771835e+01 -2.472192e+01  1.200000e+01
   endloop
 endfacet
 facet normal  8.992613e-01  4.374119e-01  2.129879e-15
   outer loop
     vertex -5.784436e+01 -2.446286e+01  1.421085e-14
     vertex -5.784436e+01 -2.446286e+01  1.200000e+01
     vertex -5.771835e+01 -2.472192e+01  1.421085e-14
   endloop
 endfacet
 facet normal  9.109228e-01  4.125769e-01  2.157732e-15
   outer loop
     vertex -5.796322e+01 -2.420044e+01  1.421085e-14
     vertex -5.784436e+01 -2.446286e+01  1.200000e+01
     vertex -5.784436e+01 -2.446286e+01  1.421085e-14
   endloop
 endfacet
 facet normal  9.109228e-01  4.125769e-01  6.472496e-15
   outer loop
     vertex -5.796322e+01 -2.420044e+01  1.421085e-14
     vertex -5.796322e+01 -2.420044e+01  1.200000e+01
     vertex -5.784436e+01 -2.446286e+01  1.200000e+01
   endloop
 endfacet
 facet normal  9.218986e-01  3.874313e-01  6.550471e-15
   outer loop
     vertex -5.807483e+01 -2.393485e+01  2.842171e-14
     vertex -5.796322e+01 -2.420044e+01  1.200000e+01
     vertex -5.796322e+01 -2.420044e+01  1.421085e-14
   endloop
 endfacet
 facet normal  9.218986e-01  3.874313e-01  6.550483e-15
   outer loop
     vertex -5.807483e+01 -2.393485e+01  2.842171e-14
     vertex -5.807483e+01 -2.393485e+01  1.200000e+01
     vertex -5.796322e+01 -2.420044e+01  1.200000e+01
   endloop
 endfacet
 facet normal  9.321804e-01  3.619940e-01  6.622730e-15
   outer loop
     vertex -5.817912e+01 -2.366631e+01  2.842171e-14
     vertex -5.807483e+01 -2.393485e+01  1.200000e+01
     vertex -5.807483e+01 -2.393485e+01  2.842171e-14
   endloop
 endfacet
 facet normal  9.321804e-01  3.619940e-01  2.207847e-15
   outer loop
     vertex -5.817912e+01 -2.366631e+01  2.842171e-14
     vertex -5.817912e+01 -2.366631e+01  1.200000e+01
     vertex -5.807483e+01 -2.393485e+01  1.200000e+01
   endloop
 endfacet
 facet normal  9.417605e-01  3.362843e-01  2.230994e-15
   outer loop
     vertex -5.827599e+01 -2.339500e+01  2.842171e-14
     vertex -5.817912e+01 -2.366631e+01  1.200000e+01
     vertex -5.817912e+01 -2.366631e+01  2.842171e-14
   endloop
 endfacet
 facet normal  9.417605e-01  3.362843e-01  2.230537e-15
   outer loop
     vertex -5.827599e+01 -2.339500e+01  2.842171e-14
     vertex -5.827599e+01 -2.339500e+01  1.200000e+01
     vertex -5.817912e+01 -2.366631e+01  1.200000e+01
   endloop
 endfacet
 facet normal  9.506317e-01  3.103214e-01  2.252070e-15
   outer loop
     vertex -5.836539e+01 -2.312114e+01  2.842171e-14
     vertex -5.827599e+01 -2.339500e+01  1.200000e+01
     vertex -5.827599e+01 -2.339500e+01  2.842171e-14
   endloop
 endfacet
 facet normal  9.506317e-01  3.103214e-01  6.754644e-15
   outer loop
     vertex -5.836539e+01 -2.312114e+01  2.842171e-14
     vertex -5.836539e+01 -2.312114e+01  1.200000e+01
     vertex -5.827599e+01 -2.339500e+01  1.200000e+01
   endloop
 endfacet
 facet normal  9.587873e-01  2.841250e-01  6.812593e-15
   outer loop
     vertex -5.836539e+01 -2.312114e+01  2.842171e-14
     vertex -5.844724e+01 -2.284493e+01  1.200000e+01
     vertex -5.836539e+01 -2.312114e+01  1.200000e+01
   endloop
 endfacet
 facet normal  9.587873e-01  2.841250e-01  2.270864e-15
   outer loop
     vertex -5.844724e+01 -2.284493e+01  2.842171e-14
     vertex -5.844724e+01 -2.284493e+01  1.200000e+01
     vertex -5.836539e+01 -2.312114e+01  2.842171e-14
   endloop
 endfacet
 facet normal  9.662211e-01  2.577146e-01  2.288199e-15
   outer loop
     vertex -5.852149e+01 -2.256657e+01  2.842171e-14
     vertex -5.844724e+01 -2.284493e+01  1.200000e+01
     vertex -5.844724e+01 -2.284493e+01  2.842171e-14
   endloop
 endfacet
 facet normal  9.662211e-01  2.577146e-01  6.865414e-15
   outer loop
     vertex -5.852149e+01 -2.256657e+01  2.842171e-14
     vertex -5.852149e+01 -2.256657e+01  1.200000e+01
     vertex -5.844724e+01 -2.284493e+01  1.200000e+01
   endloop
 endfacet
 facet normal  9.729276e-01  2.311102e-01  6.912770e-15
   outer loop
     vertex -5.858807e+01 -2.228629e+01  2.842171e-14
     vertex -5.852149e+01 -2.256657e+01  1.200000e+01
     vertex -5.852149e+01 -2.256657e+01  2.842171e-14
   endloop
 endfacet
 facet normal  9.729276e-01  2.311102e-01  2.304355e-15
   outer loop
     vertex -5.858807e+01 -2.228629e+01  2.842171e-14
     vertex -5.858807e+01 -2.228629e+01  1.200000e+01
     vertex -5.852149e+01 -2.256657e+01  1.200000e+01
   endloop
 endfacet
 facet normal  9.789017e-01  2.043319e-01  2.318307e-15
   outer loop
     vertex -5.864693e+01 -2.200428e+01  2.842171e-14
     vertex -5.858807e+01 -2.228629e+01  1.200000e+01
     vertex -5.858807e+01 -2.228629e+01  2.842171e-14
   endloop
 endfacet
 facet normal  9.789017e-01  2.043319e-01  2.318505e-15
   outer loop
     vertex -5.864693e+01 -2.200428e+01  2.842171e-14
     vertex -5.864693e+01 -2.200428e+01  1.200000e+01
     vertex -5.858807e+01 -2.228629e+01  1.200000e+01
   endloop
 endfacet
 facet normal  9.841389e-01  1.773998e-01  2.330852e-15
   outer loop
     vertex -5.869804e+01 -2.172076e+01  2.842171e-14
     vertex -5.864693e+01 -2.200428e+01  1.200000e+01
     vertex -5.864693e+01 -2.200428e+01  2.842171e-14
   endloop
 endfacet
 facet normal  9.841389e-01  1.773998e-01  2.330909e-15
   outer loop
     vertex -5.869804e+01 -2.172076e+01  2.842171e-14
     vertex -5.869804e+01 -2.172076e+01  1.200000e+01
     vertex -5.864693e+01 -2.200428e+01  1.200000e+01
   endloop
 endfacet
 facet normal  9.886353e-01  1.503341e-01  2.341891e-15
   outer loop
     vertex -5.874135e+01 -2.143595e+01  2.842171e-14
     vertex -5.869804e+01 -2.172076e+01  1.200000e+01
     vertex -5.869804e+01 -2.172076e+01  2.842171e-14
   endloop
 endfacet
 facet normal  9.886353e-01  1.503341e-01  2.341559e-15
   outer loop
     vertex -5.874135e+01 -2.143595e+01  2.842171e-14
     vertex -5.874135e+01 -2.143595e+01  1.200000e+01
     vertex -5.869804e+01 -2.172076e+01  1.200000e+01
   endloop
 endfacet
 facet normal  9.923874e-01  1.231552e-01  2.350446e-15
   outer loop
     vertex -5.874135e+01 -2.143595e+01  2.842171e-14
     vertex -5.877683e+01 -2.115006e+01  1.200000e+01
     vertex -5.874135e+01 -2.143595e+01  1.200000e+01
   endloop
 endfacet
 facet normal  9.923874e-01  1.231552e-01  7.051337e-15
   outer loop
     vertex -5.877683e+01 -2.115006e+01  2.842171e-14
     vertex -5.877683e+01 -2.115006e+01  1.200000e+01
     vertex -5.874135e+01 -2.143595e+01  2.842171e-14
   endloop
 endfacet
 facet normal  9.953925e-01  9.588368e-02  2.357563e-15
   outer loop
     vertex -5.880445e+01 -2.086331e+01  2.842171e-14
     vertex -5.880445e+01 -2.086331e+01  1.200000e+01
     vertex -5.877683e+01 -2.115006e+01  1.200000e+01
   endloop
 endfacet
 facet normal  9.976484e-01  6.853995e-02  2.362906e-15
   outer loop
     vertex -5.880445e+01 -2.086331e+01  2.842171e-14
     vertex -5.882419e+01 -2.057590e+01  1.200000e+01
     vertex -5.880445e+01 -2.086331e+01  1.200000e+01
   endloop
 endfacet
 facet normal  9.953925e-01  9.588368e-02  7.072843e-15
   outer loop
     vertex -5.880445e+01 -2.086331e+01  2.842171e-14
     vertex -5.877683e+01 -2.115006e+01  1.200000e+01
     vertex -5.877683e+01 -2.115006e+01  2.842171e-14
   endloop
 endfacet
 facet normal  9.976484e-01  6.853995e-02  7.088718e-15
   outer loop
     vertex -5.882419e+01 -2.057590e+01  2.842171e-14
     vertex -5.882419e+01 -2.057590e+01  1.200000e+01
     vertex -5.880445e+01 -2.086331e+01  2.842171e-14
   endloop
 endfacet
 facet normal  9.991532e-01  4.114462e-02  2.366470e-15
   outer loop
     vertex -5.883605e+01 -2.028806e+01  2.842171e-14
     vertex -5.883605e+01 -2.028806e+01  1.200000e+01
     vertex -5.882419e+01 -2.057590e+01  1.200000e+01
   endloop
 endfacet
 facet normal  9.991532e-01  4.114462e-02  7.099313e-15
   outer loop
     vertex -5.883605e+01 -2.028806e+01  2.842171e-14
     vertex -5.882419e+01 -2.057590e+01  1.200000e+01
     vertex -5.882419e+01 -2.057590e+01  2.842171e-14
   endloop
 endfacet
 facet normal  9.999059e-01  1.371831e-02  7.104759e-15
   outer loop
     vertex -5.884000e+01 -2.000000e+01  2.842171e-14
     vertex -5.884000e+01 -2.000000e+01  1.200000e+01
     vertex -5.883605e+01 -2.028806e+01  1.200000e+01
   endloop
 endfacet
 facet normal  9.999059e-01  1.371831e-02  2.368236e-15
   outer loop
     vertex -5.884000e+01 -2.000000e+01  2.842171e-14
     vertex -5.883605e+01 -2.028806e+01  1.200000e+01
     vertex -5.883605e+01 -2.028806e+01  2.842171e-14
   endloop
 endfacet
 facet normal  0.000000e+00 -1.000000e+00  0.000000e+00
   outer loop
     vertex -1.480000e+01 -3.900000e+01  9.000000e+00
     vertex  8.200000e+01 -3.900000e+01  8.000000e+00
     vertex  7.800000e+01 -3.900000e+01  1.200000e+01
   endloop
 endfacet
 facet normal  0.000000e+00 -1.000000e+00  0.000000e+00
   outer loop
     vertex -1.480000e+01 -3.900000e+01  9.000000e+00
     vertex  7.800000e+01 -3.900000e+01  1.200000e+01
     vertex -1.480000e+01 -3.900000e+01  1.200000e+01
   endloop
 endfacet
 facet normal  0.000000e+00 -1.000000e+00  0.000000e+00
   outer loop
     vertex -7.800000e+01 -3.900000e+01  1.200000e+01
     vertex -2.420000e+01 -3.900000e+01  9.000000e+00
     vertex -2.420000e+01 -3.900000e+01  1.200000e+01
   endloop
 endfacet
 facet normal  0.000000e+00 -1.000000e+00  0.000000e+00
   outer loop
     vertex -8.200000e+01 -3.900000e+01  8.000000e+00
     vertex -2.420000e+01 -3.900000e+01  9.000000e+00
     vertex -7.800000e+01 -3.900000e+01  1.200000e+01
   endloop
 endfacet
 facet normal  0.000000e+00 -1.000000e+00  0.000000e+00
   outer loop
     vertex  8.200000e+01 -3.900000e+01  8.000000e+00
     vertex -2.420000e+01 -3.900000e+01  9.000000e+00
     vertex -8.200000e+01 -3.900000e+01  8.000000e+00
   endloop
 endfacet
 facet normal  0.000000e+00 -1.000000e+00  0.000000e+00
   outer loop
     vertex  8.200000e+01 -3.900000e+01  8.000000e+00
     vertex -1.480000e+01 -3.900000e+01  9.000000e+00
     vertex -2.420000e+01 -3.900000e+01  9.000000e+00
   endloop
 endfacet
 facet normal  0.000000e+00  0.000000e+00  1.000000e+00
   outer loop
     vertex -8.200000e+01 -5.000000e+01  8.000000e+00
     vertex  8.200000e+01 -5.000000e+01  8.000000e+00
     vertex  8.200000e+01 -3.900000e+01  8.000000e+00
   endloop
 endfacet
 facet normal -0.000000e+00  0.000000e+00  1.000000e+00
   outer loop
     vertex -8.200000e+01 -3.900000e+01  8.000000e+00
     vertex -8.200000e+01 -5.000000e+01  8.000000e+00
     vertex  8.200000e+01 -3.900000e+01  8.000000e+00
   endloop
 endfacet
 facet normal -0.000000e+00  0.000000e+00  1.000000e+00
   outer loop
     vertex -8.400000e+01  5.000000e+01  6.000000e+00
     vertex  8.400000e+01  4.000000e+01  6.000000e+00
     vertex  8.400000e+01  5.000000e+01  6.000000e+00
   endloop
 endfacet
 facet normal  0.000000e+00  0.000000e+00  1.000000e+00
   outer loop
     vertex -8.400000e+01  5.000000e+01  6.000000e+00
     vertex -8.400000e+01  4.000000e+01  6.000000e+00
     vertex  8.400000e+01  4.000000e+01  6.000000e+00
   endloop
 endfacet
 facet normal -0.000000e+00  1.000000e+00  0.000000e+00
   outer loop
     vertex -1.480000e+01  4.000000e+01  9.000000e+00
     vertex  7.800000e+01  4.000000e+01  1.200000e+01
     vertex  8.400000e+01  4.000000e+01  6.000000e+00
   endloop
 endfacet
 facet normal  0.000000e+00  1.000000e+00  0.000000e+00
   outer loop
     vertex -1.480000e+01  4.000000e+01  9.000000e+00
     vertex -1.480000e+01  4.000000e+01  1.200000e+01
     vertex  7.800000e+01  4.000000e+01  1.200000e+01
   endloop
 endfacet
 facet normal  0.000000e+00  1.000000e+00  0.000000e+00
   outer loop
     vertex -7.800000e+01  4.000000e+01  1.200000e+01
     vertex -2.420000e+01  4.000000e+01  1.200000e+01
     vertex -2.420000e+01  4.000000e+01  9.000000e+00
   endloop
 endfacet
 facet normal  0.000000e+00  1.000000e+00  0.000000e+00
   outer loop
     vertex -8.400000e+01  4.000000e+01  6.000000e+00
     vertex -7.800000e+01  4.000000e+01  1.200000e+01
     vertex -2.420000e+01  4.000000e+01  9.000000e+00
   endloop
 endfacet
 facet normal  0.000000e+00  1.000000e+00  0.000000e+00
   outer loop
     vertex  8.400000e+01  4.000000e+01  6.000000e+00
     vertex -8.400000e+01  4.000000e+01  6.000000e+00
     vertex -2.420000e+01  4.000000e+01  9.000000e+00
   endloop
 endfacet
 facet normal  0.000000e+00  1.000000e+00  0.000000e+00
   outer loop
     vertex  8.400000e+01  4.000000e+01  6.000000e+00
     vertex -2.420000e+01  4.000000e+01  9.000000e+00
     vertex -1.480000e+01  4.000000e+01  9.000000e+00
   endloop
 endfacet
 facet normal -1.531342e-16  0.000000e+00  1.000000e+00
   outer loop
     vertex  7.800000e+01 -3.900000e+01  1.200000e+01
     vertex -1.480000e+01  4.000000e+01  1.200000e+01
     vertex -1.480000e+01 -3.900000e+01  1.200000e+01
   endloop
 endfacet
 facet normal -1.531342e-16  0.000000e+00  1.000000e+00
   outer loop
     vertex  7.800000e+01 -3.900000e+01  1.200000e+01
     vertex  7.800000e+01  4.000000e+01  1.200000e+01
     vertex -1.480000e+01  4.000000e+01  1.200000e+01
   endloop
 endfacet
 facet normal  4.995879e-16 -4.961728e-16  1.000000e+00
   outer loop
     vertex -5.301433e+01  3.651670e+01  1.200000e+01
     vertex -5.288866e+01  3.664324e+01  1.200000e+01
     vertex -7.800000e+01  4.000000e+01  1.200000e+01
   endloop
 endfacet
 facet normal  4.963056e-16 -5.207271e-16  1.000000e+00
   outer loop
     vertex -5.275957e+01  3.676628e+01  1.200000e+01
     vertex -7.800000e+01  4.000000e+01  1.200000e+01
     vertex -5.288866e+01  3.664324e+01  1.200000e+01
   endloop
 endfacet
 facet normal  5.028558e-16 -4.727326e-16  1.000000e+00
   outer loop
     vertex -5.313648e+01  3.638677e+01  1.200000e+01
     vertex -5.301433e+01  3.651670e+01  1.200000e+01
     vertex -7.800000e+01  4.000000e+01  1.200000e+01
   endloop
 endfacet
 facet normal  4.930003e-16 -5.465263e-16  1.000000e+00
   outer loop
     vertex -5.262714e+01  3.688573e+01  1.200000e+01
     vertex -7.800000e+01  4.000000e+01  1.200000e+01
     vertex -5.275957e+01  3.676628e+01  1.200000e+01
   endloop
 endfacet
 facet normal  5.061171e-16 -4.502908e-16  1.000000e+00
   outer loop
     vertex -5.325503e+01  3.625353e+01  1.200000e+01
     vertex -5.313648e+01  3.638677e+01  1.200000e+01
     vertex -7.800000e+01  4.000000e+01  1.200000e+01
   endloop
 endfacet
 facet normal  4.896626e-16 -5.737196e-16  1.000000e+00
   outer loop
     vertex -5.249150e+01  3.700151e+01  1.200000e+01
     vertex -7.800000e+01  4.000000e+01  1.200000e+01
     vertex -5.262714e+01  3.688573e+01  1.200000e+01
   endloop
 endfacet
 facet normal  5.093792e-16 -4.287447e-16  1.000000e+00
   outer loop
     vertex -5.336987e+01  3.611709e+01  1.200000e+01
     vertex -5.325503e+01  3.625353e+01  1.200000e+01
     vertex -7.800000e+01  4.000000e+01  1.200000e+01
   endloop
 endfacet
 facet normal  4.862822e-16 -6.024776e-16  1.000000e+00
   outer loop
     vertex -5.235272e+01  3.711352e+01  1.200000e+01
     vertex -7.800000e+01  4.000000e+01  1.200000e+01
     vertex -5.249150e+01  3.700151e+01  1.200000e+01
   endloop
 endfacet
 facet normal  5.126491e-16 -4.080029e-16  1.000000e+00
   outer loop
     vertex -5.348092e+01  3.597755e+01  1.200000e+01
     vertex -5.336987e+01  3.611709e+01  1.200000e+01
     vertex -7.800000e+01  4.000000e+01  1.200000e+01
   endloop
 endfacet
 facet normal  4.828474e-16 -6.329967e-16  1.000000e+00
   outer loop
     vertex -5.221093e+01  3.722168e+01  1.200000e+01
     vertex -7.800000e+01  4.000000e+01  1.200000e+01
     vertex -5.235272e+01  3.711352e+01  1.200000e+01
   endloop
 endfacet
 facet normal  5.159335e-16 -3.879829e-16  1.000000e+00
   outer loop
     vertex -5.358811e+01  3.583502e+01  1.200000e+01
     vertex -5.348092e+01  3.597755e+01  1.200000e+01
     vertex -7.800000e+01  4.000000e+01  1.200000e+01
   endloop
 endfacet
 facet normal  4.793452e-16 -6.655048e-16  1.000000e+00
   outer loop
     vertex -5.206622e+01  3.732591e+01  1.200000e+01
     vertex -7.800000e+01  4.000000e+01  1.200000e+01
     vertex -5.221093e+01  3.722168e+01  1.200000e+01
   endloop
 endfacet
 facet normal  5.192386e-16 -3.686107e-16  1.000000e+00
   outer loop
     vertex -5.369134e+01  3.568960e+01  1.200000e+01
     vertex -5.358811e+01  3.583502e+01  1.200000e+01
     vertex -7.800000e+01  4.000000e+01  1.200000e+01
   endloop
 endfacet
 facet normal  4.757608e-16 -7.002673e-16  1.000000e+00
   outer loop
     vertex -5.191870e+01  3.742613e+01  1.200000e+01
     vertex -7.800000e+01  4.000000e+01  1.200000e+01
     vertex -5.206622e+01  3.732591e+01  1.200000e+01
   endloop
 endfacet
 facet normal  5.225708e-16 -3.498191e-16  1.000000e+00
   outer loop
     vertex -5.379055e+01  3.554140e+01  1.200000e+01
     vertex -5.369134e+01  3.568960e+01  1.200000e+01
     vertex -7.800000e+01  4.000000e+01  1.200000e+01
   endloop
 endfacet
 facet normal  4.720769e-16 -7.375962e-16  1.000000e+00
   outer loop
     vertex -5.176850e+01  3.752227e+01  1.200000e+01
     vertex -7.800000e+01  4.000000e+01  1.200000e+01
     vertex -5.191870e+01  3.742613e+01  1.200000e+01
   endloop
 endfacet
 facet normal  5.259359e-16 -3.315467e-16  1.000000e+00
   outer loop
     vertex -5.388565e+01  3.539054e+01  1.200000e+01
     vertex -5.379055e+01  3.554140e+01  1.200000e+01
     vertex -7.800000e+01  4.000000e+01  1.200000e+01
   endloop
 endfacet
 facet normal  4.682737e-16 -7.778604e-16  1.000000e+00
   outer loop
     vertex -5.161571e+01  3.761424e+01  1.200000e+01
     vertex -7.800000e+01  4.000000e+01  1.200000e+01
     vertex -5.176850e+01  3.752227e+01  1.200000e+01
   endloop
 endfacet
 facet normal  5.293402e-16 -3.137374e-16  1.000000e+00
   outer loop
     vertex -5.397658e+01  3.523712e+01  1.200000e+01
     vertex -5.388565e+01  3.539054e+01  1.200000e+01
     vertex -7.800000e+01  4.000000e+01  1.200000e+01
   endloop
 endfacet
 facet normal  4.643277e-16 -8.214997e-16  1.000000e+00
   outer loop
     vertex -5.146045e+01  3.770200e+01  1.200000e+01
     vertex -7.800000e+01  4.000000e+01  1.200000e+01
     vertex -5.161571e+01  3.761424e+01  1.200000e+01
   endloop
 endfacet
 facet normal  5.327895e-16 -2.963394e-16  1.000000e+00
   outer loop
     vertex -5.406327e+01  3.508127e+01  1.200000e+01
     vertex -5.397658e+01  3.523712e+01  1.200000e+01
     vertex -7.800000e+01  4.000000e+01  1.200000e+01
   endloop
 endfacet
 facet normal  4.602110e-16 -8.690432e-16  1.000000e+00
   outer loop
     vertex -5.130285e+01  3.778546e+01  1.200000e+01
     vertex -7.800000e+01  4.000000e+01  1.200000e+01
     vertex -5.146045e+01  3.770200e+01  1.200000e+01
   endloop
 endfacet
 facet normal  5.362900e-16 -2.793048e-16  1.000000e+00
   outer loop
     vertex -5.414564e+01  3.492310e+01  1.200000e+01
     vertex -5.406327e+01  3.508127e+01  1.200000e+01
     vertex -7.800000e+01  4.000000e+01  1.200000e+01
   endloop
 endfacet
 facet normal  4.558901e-16 -9.211330e-16  1.000000e+00
   outer loop
     vertex -5.114302e+01  3.786456e+01  1.200000e+01
     vertex -7.800000e+01  4.000000e+01  1.200000e+01
     vertex -5.130285e+01  3.778546e+01  1.200000e+01
   endloop
 endfacet
 facet normal  5.398476e-16 -2.625886e-16  1.000000e+00
   outer loop
     vertex -5.422365e+01  3.476272e+01  1.200000e+01
     vertex -5.414564e+01  3.492310e+01  1.200000e+01
     vertex -7.800000e+01  4.000000e+01  1.200000e+01
   endloop
 endfacet
 facet normal  4.513243e-16 -9.785566e-16  1.000000e+00
   outer loop
     vertex -5.098107e+01  3.793925e+01  1.200000e+01
     vertex -7.800000e+01  4.000000e+01  1.200000e+01
     vertex -5.114302e+01  3.786456e+01  1.200000e+01
   endloop
 endfacet
 facet normal  5.434689e-16 -2.461489e-16  1.000000e+00
   outer loop
     vertex -5.429723e+01  3.460027e+01  1.200000e+01
     vertex -5.422365e+01  3.476272e+01  1.200000e+01
     vertex -7.800000e+01  4.000000e+01  1.200000e+01
   endloop
 endfacet
 facet normal  4.464632e-16 -1.042291e-15  1.000000e+00
   outer loop
     vertex -5.081714e+01  3.800947e+01  1.200000e+01
     vertex -7.800000e+01  4.000000e+01  1.200000e+01
     vertex -5.098107e+01  3.793925e+01  1.200000e+01
   endloop
 endfacet
 facet normal  5.471600e-16 -2.299460e-16  1.000000e+00
   outer loop
     vertex -5.436632e+01  3.443586e+01  1.200000e+01
     vertex -5.429723e+01  3.460027e+01  1.200000e+01
     vertex -7.800000e+01  4.000000e+01  1.200000e+01
   endloop
 endfacet
 facet normal  4.412442e-16 -1.113563e-15  1.000000e+00
   outer loop
     vertex -5.065134e+01  3.807517e+01  1.200000e+01
     vertex -7.800000e+01  4.000000e+01  1.200000e+01
     vertex -5.081714e+01  3.800947e+01  1.200000e+01
   endloop
 endfacet
 facet normal  5.509279e-16 -2.139421e-16  1.000000e+00
   outer loop
     vertex -5.443088e+01  3.426962e+01  1.200000e+01
     vertex -5.436632e+01  3.443586e+01  1.200000e+01
     vertex -7.800000e+01  4.000000e+01  1.200000e+01
   endloop
 endfacet
 facet normal  4.355875e-16 -1.193935e-15  1.000000e+00
   outer loop
     vertex -5.048381e+01  3.813629e+01  1.200000e+01
     vertex -7.800000e+01  4.000000e+01  1.200000e+01
     vertex -5.065134e+01  3.807517e+01  1.200000e+01
   endloop
 endfacet
 facet normal  5.547794e-16 -1.981009e-16  1.000000e+00
   outer loop
     vertex -5.449085e+01  3.410167e+01  1.200000e+01
     vertex -5.443088e+01  3.426962e+01  1.200000e+01
     vertex -7.800000e+01  4.000000e+01  1.200000e+01
   endloop
 endfacet
 facet normal  4.293905e-16 -1.285429e-15  1.000000e+00
   outer loop
     vertex -5.031466e+01  3.819280e+01  1.200000e+01
     vertex -7.800000e+01  4.000000e+01  1.200000e+01
     vertex -5.048381e+01  3.813629e+01  1.200000e+01
   endloop
 endfacet
 facet normal  5.587218e-16 -1.823875e-16  1.000000e+00
   outer loop
     vertex -5.454620e+01  3.393213e+01  1.200000e+01
     vertex -5.449085e+01  3.410167e+01  1.200000e+01
     vertex -7.800000e+01  4.000000e+01  1.200000e+01
   endloop
 endfacet
 facet normal  4.225182e-16 -1.390709e-15  1.000000e+00
   outer loop
     vertex -5.014402e+01  3.824464e+01  1.200000e+01
     vertex -7.800000e+01  4.000000e+01  1.200000e+01
     vertex -5.031466e+01  3.819280e+01  1.200000e+01
   endloop
 endfacet
 facet normal  5.627628e-16 -1.667679e-16  1.000000e+00
   outer loop
     vertex -5.459687e+01  3.376114e+01  1.200000e+01
     vertex -5.454620e+01  3.393213e+01  1.200000e+01
     vertex -7.800000e+01  4.000000e+01  1.200000e+01
   endloop
 endfacet
 facet normal  4.147893e-16 -1.513359e-15  1.000000e+00
   outer loop
     vertex -4.997203e+01  3.829178e+01  1.200000e+01
     vertex -7.800000e+01  4.000000e+01  1.200000e+01
     vertex -5.014402e+01  3.824464e+01  1.200000e+01
   endloop
 endfacet
 facet normal  5.669106e-16 -1.512088e-16  1.000000e+00
   outer loop
     vertex -5.464283e+01  3.358883e+01  1.200000e+01
     vertex -5.459687e+01  3.376114e+01  1.200000e+01
     vertex -7.800000e+01  4.000000e+01  1.200000e+01
   endloop
 endfacet
 facet normal  4.059547e-16 -1.658315e-15  1.000000e+00
   outer loop
     vertex -4.979880e+01  3.833418e+01  1.200000e+01
     vertex -7.800000e+01  4.000000e+01  1.200000e+01
     vertex -4.997203e+01  3.829178e+01  1.200000e+01
   endloop
 endfacet
 facet normal  5.711738e-16 -1.356772e-16  1.000000e+00
   outer loop
     vertex -5.468404e+01  3.341532e+01  1.200000e+01
     vertex -5.464283e+01  3.358883e+01  1.200000e+01
     vertex -7.800000e+01  4.000000e+01  1.200000e+01
   endloop
 endfacet
 facet normal  3.956613e-16 -1.832575e-15  1.000000e+00
   outer loop
     vertex -4.962448e+01  3.837182e+01  1.200000e+01
     vertex -7.800000e+01  4.000000e+01  1.200000e+01
     vertex -4.979880e+01  3.833418e+01  1.200000e+01
   endloop
 endfacet
 facet normal  5.755615e-16 -1.201404e-16  1.000000e+00
   outer loop
     vertex -5.472048e+01  3.324074e+01  1.200000e+01
     vertex -5.468404e+01  3.341532e+01  1.200000e+01
     vertex -7.800000e+01  4.000000e+01  1.200000e+01
   endloop
 endfacet
 facet normal  3.833923e-16 -2.046396e-15  1.000000e+00
   outer loop
     vertex -4.944919e+01  3.840466e+01  1.200000e+01
     vertex -7.800000e+01  4.000000e+01  1.200000e+01
     vertex -4.962448e+01  3.837182e+01  1.200000e+01
   endloop
 endfacet
 facet normal  5.800838e-16 -1.045653e-16  1.000000e+00
   outer loop
     vertex -5.475212e+01  3.306524e+01  1.200000e+01
     vertex -5.472048e+01  3.324074e+01  1.200000e+01
     vertex -7.800000e+01  4.000000e+01  1.200000e+01
   endloop
 endfacet
 facet normal  3.683587e-16 -2.315445e-15  1.000000e+00
   outer loop
     vertex -4.927307e+01  3.843268e+01  1.200000e+01
     vertex -7.800000e+01  4.000000e+01  1.200000e+01
     vertex -4.944919e+01  3.840466e+01  1.200000e+01
   endloop
 endfacet
 facet normal  5.847512e-16 -8.891857e-17  1.000000e+00
   outer loop
     vertex -5.477893e+01  3.288892e+01  1.200000e+01
     vertex -5.475212e+01  3.306524e+01  1.200000e+01
     vertex -7.800000e+01  4.000000e+01  1.200000e+01
   endloop
 endfacet
 facet normal  3.492922e-16 -2.664908e-15  1.000000e+00
   outer loop
     vertex -4.909624e+01  3.845586e+01  1.200000e+01
     vertex -7.800000e+01  4.000000e+01  1.200000e+01
     vertex -4.927307e+01  3.843268e+01  1.200000e+01
   endloop
 endfacet
 facet normal  5.895751e-16 -7.316624e-17  1.000000e+00
   outer loop
     vertex -5.480089e+01  3.271194e+01  1.200000e+01
     vertex -5.477893e+01  3.288892e+01  1.200000e+01
     vertex -7.800000e+01  4.000000e+01  1.200000e+01
   endloop
 endfacet
 facet normal  3.240169e-16 -3.138020e-15  1.000000e+00
   outer loop
     vertex -4.891885e+01  3.847417e+01  1.200000e+01
     vertex -7.800000e+01  4.000000e+01  1.200000e+01
     vertex -4.909624e+01  3.845586e+01  1.200000e+01
   endloop
 endfacet
 facet normal  5.945679e-16 -5.727324e-17  1.000000e+00
   outer loop
     vertex -5.481799e+01  3.253443e+01  1.200000e+01
     vertex -5.480089e+01  3.271194e+01  1.200000e+01
     vertex -7.800000e+01  4.000000e+01  1.200000e+01
   endloop
 endfacet
 facet normal  2.884578e-16 -3.815750e-15  1.000000e+00
   outer loop
     vertex -4.874102e+01  3.848762e+01  1.200000e+01
     vertex -7.800000e+01  4.000000e+01  1.200000e+01
     vertex -4.891885e+01  3.847417e+01  1.200000e+01
   endloop
 endfacet
 facet normal  5.997431e-16 -4.120326e-17  1.000000e+00
   outer loop
     vertex -5.483022e+01  3.235651e+01  1.200000e+01
     vertex -5.481799e+01  3.253443e+01  1.200000e+01
     vertex -7.800000e+01  4.000000e+01  1.200000e+01
   endloop
 endfacet
 facet normal  2.339910e-16 -4.869482e-15  1.000000e+00
   outer loop
     vertex -4.856289e+01  3.849618e+01  1.200000e+01
     vertex -7.800000e+01  4.000000e+01  1.200000e+01
     vertex -4.874102e+01  3.848762e+01  1.200000e+01
   endloop
 endfacet
 facet normal  6.051153e-16 -2.491834e-17  1.000000e+00
   outer loop
     vertex -5.483755e+01  3.217832e+01  1.200000e+01
     vertex -5.483022e+01  3.235651e+01  1.200000e+01
     vertex -7.800000e+01  4.000000e+01  1.200000e+01
   endloop
 endfacet
 facet normal  1.386350e-16 -6.736061e-15  1.000000e+00
   outer loop
     vertex -4.838459e+01  3.849985e+01  1.200000e+01
     vertex -7.800000e+01  4.000000e+01  1.200000e+01
     vertex -4.856289e+01  3.849618e+01  1.200000e+01
   endloop
 endfacet
 facet normal  6.107006e-16 -8.378572e-18  1.000000e+00
   outer loop
     vertex -5.484000e+01  3.200000e+01  1.200000e+01
     vertex -5.483755e+01  3.217832e+01  1.200000e+01
     vertex -7.800000e+01  4.000000e+01  1.200000e+01
   endloop
 endfacet
 facet normal  6.165165e-16  8.458363e-18  1.000000e+00
   outer loop
     vertex -5.483755e+01  3.182168e+01  1.200000e+01
     vertex -5.484000e+01  3.200000e+01  1.200000e+01
     vertex -7.800000e+01  4.000000e+01  1.200000e+01
   endloop
 endfacet
 facet normal  6.225822e-16  2.563762e-17  1.000000e+00
   outer loop
     vertex -5.483022e+01  3.164349e+01  1.200000e+01
     vertex -5.483755e+01  3.182168e+01  1.200000e+01
     vertex -7.800000e+01  4.000000e+01  1.200000e+01
   endloop
 endfacet
 facet normal  6.289191e-16  4.320769e-17  1.000000e+00
   outer loop
     vertex -5.481799e+01  3.146557e+01  1.200000e+01
     vertex -5.483022e+01  3.164349e+01  1.200000e+01
     vertex -7.800000e+01  4.000000e+01  1.200000e+01
   endloop
 endfacet
 facet normal  6.355507e-16  6.122102e-17  1.000000e+00
   outer loop
     vertex -5.480089e+01  3.128806e+01  1.200000e+01
     vertex -5.481799e+01  3.146557e+01  1.200000e+01
     vertex -7.800000e+01  4.000000e+01  1.200000e+01
   endloop
 endfacet
 facet normal  6.425031e-16  7.973461e-17  1.000000e+00
   outer loop
     vertex -5.477893e+01  3.111108e+01  1.200000e+01
     vertex -5.480089e+01  3.128806e+01  1.200000e+01
     vertex -7.800000e+01  4.000000e+01  1.200000e+01
   endloop
 endfacet
 facet normal  6.498054e-16  9.881087e-17  1.000000e+00
   outer loop
     vertex -5.475212e+01  3.093476e+01  1.200000e+01
     vertex -5.477893e+01  3.111108e+01  1.200000e+01
     vertex -7.800000e+01  4.000000e+01  1.200000e+01
   endloop
 endfacet
 facet normal  6.574901e-16  1.185184e-16  1.000000e+00
   outer loop
     vertex -5.472048e+01  3.075926e+01  1.200000e+01
     vertex -5.475212e+01  3.093476e+01  1.200000e+01
     vertex -7.800000e+01  4.000000e+01  1.200000e+01
   endloop
 endfacet
 facet normal  6.655938e-16  1.389333e-16  1.000000e+00
   outer loop
     vertex -5.468404e+01  3.058468e+01  1.200000e+01
     vertex -5.472048e+01  3.075926e+01  1.200000e+01
     vertex -7.800000e+01  4.000000e+01  1.200000e+01
   endloop
 endfacet
 facet normal  6.741574e-16  1.601401e-16  1.000000e+00
   outer loop
     vertex -5.464283e+01  3.041117e+01  1.200000e+01
     vertex -5.468404e+01  3.058468e+01  1.200000e+01
     vertex -7.800000e+01  4.000000e+01  1.200000e+01
   endloop
 endfacet
 facet normal  6.832273e-16  1.822333e-16  1.000000e+00
   outer loop
     vertex -5.459687e+01  3.023886e+01  1.200000e+01
     vertex -5.464283e+01  3.041117e+01  1.200000e+01
     vertex -7.800000e+01  4.000000e+01  1.200000e+01
   endloop
 endfacet
 facet normal  6.928563e-16  2.053195e-16  1.000000e+00
   outer loop
     vertex -5.454620e+01  3.006787e+01  1.200000e+01
     vertex -5.459687e+01  3.023886e+01  1.200000e+01
     vertex -7.800000e+01  4.000000e+01  1.200000e+01
   endloop
 endfacet
 facet normal  7.031043e-16  2.295193e-16  1.000000e+00
   outer loop
     vertex -5.449085e+01  2.989833e+01  1.200000e+01
     vertex -5.454620e+01  3.006787e+01  1.200000e+01
     vertex -7.800000e+01  4.000000e+01  1.200000e+01
   endloop
 endfacet
 facet normal  7.140402e-16  2.549698e-16  1.000000e+00
   outer loop
     vertex -5.443088e+01  2.973038e+01  1.200000e+01
     vertex -5.449085e+01  2.989833e+01  1.200000e+01
     vertex -7.800000e+01  4.000000e+01  1.200000e+01
   endloop
 endfacet
 facet normal  7.257429e-16  2.818281e-16  1.000000e+00
   outer loop
     vertex -5.436632e+01  2.956414e+01  1.200000e+01
     vertex -5.443088e+01  2.973038e+01  1.200000e+01
     vertex -7.800000e+01  4.000000e+01  1.200000e+01
   endloop
 endfacet
 facet normal  7.383042e-16  3.102751e-16  1.000000e+00
   outer loop
     vertex -5.429723e+01  2.939973e+01  1.200000e+01
     vertex -5.436632e+01  2.956414e+01  1.200000e+01
     vertex -7.800000e+01  4.000000e+01  1.200000e+01
   endloop
 endfacet
 facet normal  7.518304e-16  3.405205e-16  1.000000e+00
   outer loop
     vertex -5.422365e+01  2.923728e+01  1.200000e+01
     vertex -5.429723e+01  2.939973e+01  1.200000e+01
     vertex -7.800000e+01  4.000000e+01  1.200000e+01
   endloop
 endfacet
 facet normal  7.664464e-16  3.728090e-16  1.000000e+00
   outer loop
     vertex -5.414564e+01  2.907690e+01  1.200000e+01
     vertex -5.422365e+01  2.923728e+01  1.200000e+01
     vertex -7.800000e+01  4.000000e+01  1.200000e+01
   endloop
 endfacet
 facet normal  0.000000e+00 -0.000000e+00  1.000000e+00
   outer loop
     vertex -5.301433e+01  1.251670e+01  1.200000e+01
     vertex -5.288866e+01  2.735676e+01  1.200000e+01
     vertex -5.301433e+01  2.748330e+01  1.200000e+01
   endloop
 endfacet
 facet normal  0.000000e+00  0.000000e+00  1.000000e+00
   outer loop
     vertex -5.301433e+01  1.251670e+01  1.200000e+01
     vertex -5.288866e+01  1.264324e+01  1.200000e+01
     vertex -5.288866e+01  2.735676e+01  1.200000e+01
   endloop
 endfacet
 facet normal  0.000000e+00  0.000000e+00  1.000000e+00
   outer loop
     vertex -5.275957e+01  1.276628e+01  1.200000e+01
     vertex -5.275957e+01  2.723372e+01  1.200000e+01
     vertex -5.288866e+01  2.735676e+01  1.200000e+01
   endloop
 endfacet
 facet normal  0.000000e+00  0.000000e+00  1.000000e+00
   outer loop
     vertex -5.275957e+01  1.276628e+01  1.200000e+01
     vertex -5.288866e+01  2.735676e+01  1.200000e+01
     vertex -5.288866e+01  1.264324e+01  1.200000e+01
   endloop
 endfacet
 facet normal  0.000000e+00 -0.000000e+00  1.000000e+00
   outer loop
     vertex -5.313648e+01  1.238677e+01  1.200000e+01
     vertex -5.301433e+01  2.748330e+01  1.200000e+01
     vertex -5.313648e+01  2.761323e+01  1.200000e+01
   endloop
 endfacet
 facet normal  0.000000e+00  0.000000e+00  1.000000e+00
   outer loop
     vertex -5.313648e+01  1.238677e+01  1.200000e+01
     vertex -5.301433e+01  1.251670e+01  1.200000e+01
     vertex -5.301433e+01  2.748330e+01  1.200000e+01
   endloop
 endfacet
 facet normal  0.000000e+00  0.000000e+00  1.000000e+00
   outer loop
     vertex -5.262714e+01  1.288573e+01  1.200000e+01
     vertex -5.249150e+01  2.699849e+01  1.200000e+01
     vertex -5.262714e+01  2.711427e+01  1.200000e+01
   endloop
 endfacet
 facet normal  0.000000e+00 -0.000000e+00  1.000000e+00
   outer loop
     vertex -5.262714e+01  1.288573e+01  1.200000e+01
     vertex -5.262714e+01  2.711427e+01  1.200000e+01
     vertex -5.275957e+01  2.723372e+01  1.200000e+01
   endloop
 endfacet
 facet normal  0.000000e+00  0.000000e+00  1.000000e+00
   outer loop
     vertex -5.262714e+01  1.288573e+01  1.200000e+01
     vertex -5.275957e+01  2.723372e+01  1.200000e+01
     vertex -5.275957e+01  1.276628e+01  1.200000e+01
   endloop
 endfacet
 facet normal  0.000000e+00 -0.000000e+00  1.000000e+00
   outer loop
     vertex -5.325503e+01  1.225353e+01  1.200000e+01
     vertex -5.313648e+01  2.761323e+01  1.200000e+01
     vertex -5.325503e+01  2.774647e+01  1.200000e+01
   endloop
 endfacet
 facet normal  0.000000e+00  0.000000e+00  1.000000e+00
   outer loop
     vertex -5.325503e+01  1.225353e+01  1.200000e+01
     vertex -5.313648e+01  1.238677e+01  1.200000e+01
     vertex -5.313648e+01  2.761323e+01  1.200000e+01
   endloop
 endfacet
 facet normal  0.000000e+00  0.000000e+00  1.000000e+00
   outer loop
     vertex -5.249150e+01  1.300151e+01  1.200000e+01
     vertex -5.249150e+01  2.699849e+01  1.200000e+01
     vertex -5.262714e+01  1.288573e+01  1.200000e+01
   endloop
 endfacet
 facet normal  0.000000e+00 -0.000000e+00  1.000000e+00
   outer loop
     vertex -5.336987e+01  1.211709e+01  1.200000e+01
     vertex -5.325503e+01  2.774647e+01  1.200000e+01
     vertex -5.336987e+01  2.788291e+01  1.200000e+01
   endloop
 endfacet
 facet normal  0.000000e+00  0.000000e+00  1.000000e+00
   outer loop
     vertex -5.336987e+01  1.211709e+01  1.200000e+01
     vertex -5.325503e+01  1.225353e+01  1.200000e+01
     vertex -5.325503e+01  2.774647e+01  1.200000e+01
   endloop
 endfacet
 facet normal  0.000000e+00  0.000000e+00  1.000000e+00
   outer loop
     vertex -5.235272e+01  1.311352e+01  1.200000e+01
     vertex -5.249150e+01  2.699849e+01  1.200000e+01
     vertex -5.249150e+01  1.300151e+01  1.200000e+01
   endloop
 endfacet
 facet normal  0.000000e+00  0.000000e+00  1.000000e+00
   outer loop
     vertex -5.235272e+01  1.311352e+01  1.200000e+01
     vertex -5.235272e+01  2.688648e+01  1.200000e+01
     vertex -5.249150e+01  2.699849e+01  1.200000e+01
   endloop
 endfacet
 facet normal  0.000000e+00 -0.000000e+00  1.000000e+00
   outer loop
     vertex -5.348092e+01  1.197755e+01  1.200000e+01
     vertex -5.336987e+01  2.788291e+01  1.200000e+01
     vertex -5.348092e+01  2.802245e+01  1.200000e+01
   endloop
 endfacet
 facet normal  0.000000e+00  0.000000e+00  1.000000e+00
   outer loop
     vertex -5.348092e+01  1.197755e+01  1.200000e+01
     vertex -5.348092e+01  2.802245e+01  1.200000e+01
     vertex -5.358811e+01  2.816498e+01  1.200000e+01
   endloop
 endfacet
 facet normal  0.000000e+00  0.000000e+00  1.000000e+00
   outer loop
     vertex -5.348092e+01  1.197755e+01  1.200000e+01
     vertex -5.336987e+01  1.211709e+01  1.200000e+01
     vertex -5.336987e+01  2.788291e+01  1.200000e+01
   endloop
 endfacet
 facet normal  0.000000e+00  0.000000e+00  1.000000e+00
   outer loop
     vertex -5.221093e+01  1.322168e+01  1.200000e+01
     vertex -5.235272e+01  2.688648e+01  1.200000e+01
     vertex -5.235272e+01  1.311352e+01  1.200000e+01
   endloop
 endfacet
 facet normal  0.000000e+00 -0.000000e+00  1.000000e+00
   outer loop
     vertex -5.221093e+01  1.322168e+01  1.200000e+01
     vertex -5.221093e+01  2.677832e+01  1.200000e+01
     vertex -5.235272e+01  2.688648e+01  1.200000e+01
   endloop
 endfacet
 facet normal  0.000000e+00 -0.000000e+00  1.000000e+00
   outer loop
     vertex -5.358811e+01  1.183502e+01  1.200000e+01
     vertex -5.358811e+01  2.816498e+01  1.200000e+01
     vertex -5.369134e+01  2.831040e+01  1.200000e+01
   endloop
 endfacet
 facet normal  0.000000e+00  0.000000e+00  1.000000e+00
   outer loop
     vertex -5.358811e+01  1.183502e+01  1.200000e+01
     vertex -5.348092e+01  1.197755e+01  1.200000e+01
     vertex -5.358811e+01  2.816498e+01  1.200000e+01
   endloop
 endfacet
 facet normal  0.000000e+00  0.000000e+00  1.000000e+00
   outer loop
     vertex -5.206622e+01  1.332591e+01  1.200000e+01
     vertex -5.221093e+01  2.677832e+01  1.200000e+01
     vertex -5.221093e+01  1.322168e+01  1.200000e+01
   endloop
 endfacet
 facet normal  0.000000e+00  0.000000e+00  1.000000e+00
   outer loop
     vertex -5.206622e+01  1.332591e+01  1.200000e+01
     vertex -5.206622e+01  2.667409e+01  1.200000e+01
     vertex -5.221093e+01  2.677832e+01  1.200000e+01
   endloop
 endfacet
 facet normal  0.000000e+00 -0.000000e+00  1.000000e+00
   outer loop
     vertex -5.369134e+01  1.168960e+01  1.200000e+01
     vertex -5.369134e+01  2.831040e+01  1.200000e+01
     vertex -5.379055e+01  2.845860e+01  1.200000e+01
   endloop
 endfacet
 facet normal  0.000000e+00  0.000000e+00  1.000000e+00
   outer loop
     vertex -5.369134e+01  1.168960e+01  1.200000e+01
     vertex -5.358811e+01  1.183502e+01  1.200000e+01
     vertex -5.369134e+01  2.831040e+01  1.200000e+01
   endloop
 endfacet
 facet normal  0.000000e+00  0.000000e+00  1.000000e+00
   outer loop
     vertex -5.191870e+01  1.342613e+01  1.200000e+01
     vertex -5.206622e+01  2.667409e+01  1.200000e+01
     vertex -5.206622e+01  1.332591e+01  1.200000e+01
   endloop
 endfacet
 facet normal  0.000000e+00 -0.000000e+00  1.000000e+00
   outer loop
     vertex -5.191870e+01  1.342613e+01  1.200000e+01
     vertex -5.176850e+01  2.647773e+01  1.200000e+01
     vertex -5.191870e+01  2.657387e+01  1.200000e+01
   endloop
 endfacet
 facet normal  0.000000e+00  0.000000e+00  1.000000e+00
   outer loop
     vertex -5.191870e+01  1.342613e+01  1.200000e+01
     vertex -5.191870e+01  2.657387e+01  1.200000e+01
     vertex -5.206622e+01  2.667409e+01  1.200000e+01
   endloop
 endfacet
 facet normal  0.000000e+00  0.000000e+00  1.000000e+00
   outer loop
     vertex -5.379055e+01  1.154140e+01  1.200000e+01
     vertex -5.369134e+01  1.168960e+01  1.200000e+01
     vertex -5.379055e+01  2.845860e+01  1.200000e+01
   endloop
 endfacet
 facet normal  0.000000e+00  0.000000e+00  1.000000e+00
   outer loop
     vertex -5.176850e+01  1.352227e+01  1.200000e+01
     vertex -5.176850e+01  2.647773e+01  1.200000e+01
     vertex -5.191870e+01  1.342613e+01  1.200000e+01
   endloop
 endfacet
 facet normal  0.000000e+00  0.000000e+00  1.000000e+00
   outer loop
     vertex -5.388565e+01  1.139054e+01  1.200000e+01
     vertex -5.379055e+01  2.845860e+01  1.200000e+01
     vertex -5.388565e+01  2.860946e+01  1.200000e+01
   endloop
 endfacet
 facet normal  0.000000e+00 -0.000000e+00  1.000000e+00
   outer loop
     vertex -5.388565e+01  1.139054e+01  1.200000e+01
     vertex -5.388565e+01  2.860946e+01  1.200000e+01
     vertex -5.397658e+01  2.876288e+01  1.200000e+01
   endloop
 endfacet
 facet normal  0.000000e+00  0.000000e+00  1.000000e+00
   outer loop
     vertex -5.388565e+01  1.139054e+01  1.200000e+01
     vertex -5.379055e+01  1.154140e+01  1.200000e+01
     vertex -5.379055e+01  2.845860e+01  1.200000e+01
   endloop
 endfacet
 facet normal  0.000000e+00  0.000000e+00  1.000000e+00
   outer loop
     vertex -5.161571e+01  1.361424e+01  1.200000e+01
     vertex -5.176850e+01  2.647773e+01  1.200000e+01
     vertex -5.176850e+01  1.352227e+01  1.200000e+01
   endloop
 endfacet
 facet normal  0.000000e+00 -0.000000e+00  1.000000e+00
   outer loop
     vertex -5.161571e+01  1.361424e+01  1.200000e+01
     vertex -5.146045e+01  2.629800e+01  1.200000e+01
     vertex -5.161571e+01  2.638576e+01  1.200000e+01
   endloop
 endfacet
 facet normal  0.000000e+00  0.000000e+00  1.000000e+00
   outer loop
     vertex -5.161571e+01  1.361424e+01  1.200000e+01
     vertex -5.161571e+01  2.638576e+01  1.200000e+01
     vertex -5.176850e+01  2.647773e+01  1.200000e+01
   endloop
 endfacet
 facet normal  0.000000e+00 -0.000000e+00  1.000000e+00
   outer loop
     vertex -5.397658e+01  1.123712e+01  1.200000e+01
     vertex -5.388565e+01  1.139054e+01  1.200000e+01
     vertex -5.397658e+01  2.876288e+01  1.200000e+01
   endloop
 endfacet
 facet normal  0.000000e+00 -0.000000e+00  1.000000e+00
   outer loop
     vertex -5.146045e+01  1.370200e+01  1.200000e+01
     vertex -5.146045e+01  2.629800e+01  1.200000e+01
     vertex -5.161571e+01  1.361424e+01  1.200000e+01
   endloop
 endfacet
 facet normal  0.000000e+00  0.000000e+00  1.000000e+00
   outer loop
     vertex -5.406327e+01  1.108127e+01  1.200000e+01
     vertex -5.397658e+01  2.876288e+01  1.200000e+01
     vertex -5.406327e+01  2.891873e+01  1.200000e+01
   endloop
 endfacet
 facet normal  0.000000e+00 -0.000000e+00  1.000000e+00
   outer loop
     vertex -5.406327e+01  1.108127e+01  1.200000e+01
     vertex -5.406327e+01  2.891873e+01  1.200000e+01
     vertex -5.414564e+01  2.907690e+01  1.200000e+01
   endloop
 endfacet
 facet normal  0.000000e+00  0.000000e+00  1.000000e+00
   outer loop
     vertex -5.406327e+01  1.108127e+01  1.200000e+01
     vertex -5.397658e+01  1.123712e+01  1.200000e+01
     vertex -5.397658e+01  2.876288e+01  1.200000e+01
   endloop
 endfacet
 facet normal  0.000000e+00  0.000000e+00  1.000000e+00
   outer loop
     vertex -5.130285e+01  1.378546e+01  1.200000e+01
     vertex -5.146045e+01  2.629800e+01  1.200000e+01
     vertex -5.146045e+01  1.370200e+01  1.200000e+01
   endloop
 endfacet
 facet normal  0.000000e+00  0.000000e+00  1.000000e+00
   outer loop
     vertex -5.130285e+01  1.378546e+01  1.200000e+01
     vertex -5.130285e+01  2.621454e+01  1.200000e+01
     vertex -5.146045e+01  2.629800e+01  1.200000e+01
   endloop
 endfacet
 facet normal  5.957342e-16 -0.000000e+00  1.000000e+00
   outer loop
     vertex -5.414564e+01  1.092310e+01  1.200000e+01
     vertex -5.414564e+01  2.907690e+01  1.200000e+01
     vertex -7.800000e+01  4.000000e+01  1.200000e+01
   endloop
 endfacet
 facet normal  0.000000e+00  0.000000e+00  1.000000e+00
   outer loop
     vertex -5.414564e+01  1.092310e+01  1.200000e+01
     vertex -5.406327e+01  1.108127e+01  1.200000e+01
     vertex -5.414564e+01  2.907690e+01  1.200000e+01
   endloop
 endfacet
 facet normal  0.000000e+00  0.000000e+00  1.000000e+00
   outer loop
     vertex -5.114302e+01  1.386456e+01  1.200000e+01
     vertex -5.130285e+01  2.621454e+01  1.200000e+01
     vertex -5.130285e+01  1.378546e+01  1.200000e+01
   endloop
 endfacet
 facet normal  0.000000e+00 -0.000000e+00  1.000000e+00
   outer loop
     vertex -5.114302e+01  1.386456e+01  1.200000e+01
     vertex -5.098107e+01  2.606075e+01  1.200000e+01
     vertex -5.114302e+01  2.613544e+01  1.200000e+01
   endloop
 endfacet
 facet normal  0.000000e+00  0.000000e+00  1.000000e+00
   outer loop
     vertex -5.114302e+01  1.386456e+01  1.200000e+01
     vertex -5.114302e+01  2.613544e+01  1.200000e+01
     vertex -5.130285e+01  2.621454e+01  1.200000e+01
   endloop
 endfacet
 facet normal  3.739923e-16 -1.819145e-16  1.000000e+00
   outer loop
     vertex -5.422365e+01  1.076272e+01  1.200000e+01
     vertex -5.414564e+01  1.092310e+01  1.200000e+01
     vertex -7.800000e+01  4.000000e+01  1.200000e+01
   endloop
 endfacet
 facet normal  0.000000e+00 -0.000000e+00  1.000000e+00
   outer loop
     vertex -5.098107e+01  1.393925e+01  1.200000e+01
     vertex -5.098107e+01  2.606075e+01  1.200000e+01
     vertex -5.114302e+01  1.386456e+01  1.200000e+01
   endloop
 endfacet
 facet normal  3.838847e-16 -1.738698e-16  1.000000e+00
   outer loop
     vertex -5.429723e+01  1.060027e+01  1.200000e+01
     vertex -5.422365e+01  1.076272e+01  1.200000e+01
     vertex -7.800000e+01  4.000000e+01  1.200000e+01
   endloop
 endfacet
 facet normal  0.000000e+00 -0.000000e+00  1.000000e+00
   outer loop
     vertex -5.081714e+01  1.400947e+01  1.200000e+01
     vertex -5.081714e+01  2.599053e+01  1.200000e+01
     vertex -5.098107e+01  2.606075e+01  1.200000e+01
   endloop
 endfacet
 facet normal  0.000000e+00  0.000000e+00  1.000000e+00
   outer loop
     vertex -5.081714e+01  1.400947e+01  1.200000e+01
     vertex -5.098107e+01  2.606075e+01  1.200000e+01
     vertex -5.098107e+01  1.393925e+01  1.200000e+01
   endloop
 endfacet
 facet normal  3.941098e-16 -1.656261e-16  1.000000e+00
   outer loop
     vertex -5.436632e+01  1.043586e+01  1.200000e+01
     vertex -5.429723e+01  1.060027e+01  1.200000e+01
     vertex -7.800000e+01  4.000000e+01  1.200000e+01
   endloop
 endfacet
 facet normal  0.000000e+00  0.000000e+00  1.000000e+00
   outer loop
     vertex -5.065134e+01  1.407517e+01  1.200000e+01
     vertex -5.081714e+01  2.599053e+01  1.200000e+01
     vertex -5.081714e+01  1.400947e+01  1.200000e+01
   endloop
 endfacet
 facet normal  0.000000e+00 -0.000000e+00  1.000000e+00
   outer loop
     vertex -5.065134e+01  1.407517e+01  1.200000e+01
     vertex -5.048381e+01  2.586371e+01  1.200000e+01
     vertex -5.065134e+01  2.592483e+01  1.200000e+01
   endloop
 endfacet
 facet normal  0.000000e+00  0.000000e+00  1.000000e+00
   outer loop
     vertex -5.065134e+01  1.407517e+01  1.200000e+01
     vertex -5.065134e+01  2.592483e+01  1.200000e+01
     vertex -5.081714e+01  2.599053e+01  1.200000e+01
   endloop
 endfacet
 facet normal  4.047024e-16 -1.571583e-16  1.000000e+00
   outer loop
     vertex -5.443088e+01  1.026962e+01  1.200000e+01
     vertex -5.436632e+01  1.043586e+01  1.200000e+01
     vertex -7.800000e+01  4.000000e+01  1.200000e+01
   endloop
 endfacet
 facet normal  0.000000e+00 -0.000000e+00  1.000000e+00
   outer loop
     vertex -5.048381e+01  1.413629e+01  1.200000e+01
     vertex -5.031466e+01  2.580720e+01  1.200000e+01
     vertex -5.048381e+01  2.586371e+01  1.200000e+01
   endloop
 endfacet
 facet normal  0.000000e+00  0.000000e+00  1.000000e+00
   outer loop
     vertex -5.048381e+01  1.413629e+01  1.200000e+01
     vertex -5.048381e+01  2.586371e+01  1.200000e+01
     vertex -5.065134e+01  1.407517e+01  1.200000e+01
   endloop
 endfacet
 facet normal  4.157013e-16 -1.484388e-16  1.000000e+00
   outer loop
     vertex -5.449085e+01  1.010167e+01  1.200000e+01
     vertex -5.443088e+01  1.026962e+01  1.200000e+01
     vertex -7.800000e+01  4.000000e+01  1.200000e+01
   endloop
 endfacet
 facet normal  0.000000e+00 -0.000000e+00  1.000000e+00
   outer loop
     vertex -5.031466e+01  1.419280e+01  1.200000e+01
     vertex -5.031466e+01  2.580720e+01  1.200000e+01
     vertex -5.048381e+01  1.413629e+01  1.200000e+01
   endloop
 endfacet
 facet normal  0.000000e+00  0.000000e+00  1.000000e+00
   outer loop
     vertex -5.031466e+01  1.419280e+01  1.200000e+01
     vertex -5.014402e+01  2.575536e+01  1.200000e+01
     vertex -5.031466e+01  2.580720e+01  1.200000e+01
   endloop
 endfacet
 facet normal  4.271491e-16 -1.394373e-16  1.000000e+00
   outer loop
     vertex -5.454620e+01  9.932133e+00  1.200000e+01
     vertex -5.449085e+01  1.010167e+01  1.200000e+01
     vertex -7.800000e+01  4.000000e+01  1.200000e+01
   endloop
 endfacet
 facet normal  0.000000e+00 -0.000000e+00  1.000000e+00
   outer loop
     vertex -5.014402e+01  1.424464e+01  1.200000e+01
     vertex -5.014402e+01  2.575536e+01  1.200000e+01
     vertex -5.031466e+01  1.419280e+01  1.200000e+01
   endloop
 endfacet
 facet normal  4.390938e-16 -1.301201e-16  1.000000e+00
   outer loop
     vertex -5.459687e+01  9.761144e+00  1.200000e+01
     vertex -5.454620e+01  9.932133e+00  1.200000e+01
     vertex -7.800000e+01  4.000000e+01  1.200000e+01
   endloop
 endfacet
 facet normal  0.000000e+00  0.000000e+00  1.000000e+00
   outer loop
     vertex -4.997203e+01  1.429178e+01  1.200000e+01
     vertex -5.014402e+01  2.575536e+01  1.200000e+01
     vertex -5.014402e+01  1.424464e+01  1.200000e+01
   endloop
 endfacet
 facet normal  0.000000e+00  0.000000e+00  1.000000e+00
   outer loop
     vertex -4.997203e+01  1.429178e+01  1.200000e+01
     vertex -4.997203e+01  2.570822e+01  1.200000e+01
     vertex -5.014402e+01  2.575536e+01  1.200000e+01
   endloop
 endfacet
 facet normal  4.515888e-16 -1.204497e-16  1.000000e+00
   outer loop
     vertex -5.464283e+01  9.588830e+00  1.200000e+01
     vertex -5.459687e+01  9.761144e+00  1.200000e+01
     vertex -7.800000e+01  4.000000e+01  1.200000e+01
   endloop
 endfacet
 facet normal  0.000000e+00  0.000000e+00  1.000000e+00
   outer loop
     vertex -2.420000e+01  4.000000e+01  1.200000e+01
     vertex -4.265954e+01  3.515949e+01  1.200000e+01
     vertex -4.257500e+01  3.500246e+01  1.200000e+01
   endloop
 endfacet
 facet normal  0.000000e+00  0.000000e+00  1.000000e+00
   outer loop
     vertex -2.420000e+01  4.000000e+01  1.200000e+01
     vertex -4.257500e+01  3.500246e+01  1.200000e+01
     vertex -4.249480e+01  3.484318e+01  1.200000e+01
   endloop
 endfacet
 facet normal  0.000000e+00  0.000000e+00  1.000000e+00
   outer loop
     vertex -2.420000e+01  4.000000e+01  1.200000e+01
     vertex -4.249480e+01  3.484318e+01  1.200000e+01
     vertex -4.241900e+01  3.468175e+01  1.200000e+01
   endloop
 endfacet
 facet normal  0.000000e+00  0.000000e+00  1.000000e+00
   outer loop
     vertex -2.420000e+01  4.000000e+01  1.200000e+01
     vertex -4.241900e+01  3.468175e+01  1.200000e+01
     vertex -4.234766e+01  3.451830e+01  1.200000e+01
   endloop
 endfacet
 facet normal  2.641423e-16 -4.258347e-15  1.000000e+00
   outer loop
     vertex -2.420000e+01  4.000000e+01  1.200000e+01
     vertex -7.800000e+01  4.000000e+01  1.200000e+01
     vertex -4.838459e+01  3.849985e+01  1.200000e+01
   endloop
 endfacet
 facet normal  0.000000e+00  0.000000e+00  1.000000e+00
   outer loop
     vertex -2.420000e+01  4.000000e+01  1.200000e+01
     vertex -4.234766e+01  3.451830e+01  1.200000e+01
     vertex -4.228083e+01  3.435296e+01  1.200000e+01
   endloop
 endfacet
 facet normal  0.000000e+00  0.000000e+00  1.000000e+00
   outer loop
     vertex -2.420000e+01  4.000000e+01  1.200000e+01
     vertex -4.228083e+01  3.435296e+01  1.200000e+01
     vertex -4.221856e+01  3.418585e+01  1.200000e+01
   endloop
 endfacet
 facet normal  0.000000e+00  0.000000e+00  1.000000e+00
   outer loop
     vertex -2.420000e+01  4.000000e+01  1.200000e+01
     vertex -4.221856e+01  3.418585e+01  1.200000e+01
     vertex -4.216089e+01  3.401709e+01  1.200000e+01
   endloop
 endfacet
 facet normal  0.000000e+00  0.000000e+00  1.000000e+00
   outer loop
     vertex -2.420000e+01  4.000000e+01  1.200000e+01
     vertex -4.216089e+01  3.401709e+01  1.200000e+01
     vertex -4.210788e+01  3.384681e+01  1.200000e+01
   endloop
 endfacet
 facet normal  0.000000e+00  0.000000e+00  1.000000e+00
   outer loop
     vertex -2.420000e+01  4.000000e+01  1.200000e+01
     vertex -4.210788e+01  3.384681e+01  1.200000e+01
     vertex -4.205956e+01  3.367514e+01  1.200000e+01
   endloop
 endfacet
 facet normal  0.000000e+00  0.000000e+00  1.000000e+00
   outer loop
     vertex -2.420000e+01  4.000000e+01  1.200000e+01
     vertex -4.205956e+01  3.367514e+01  1.200000e+01
     vertex -4.201597e+01  3.350222e+01  1.200000e+01
   endloop
 endfacet
 facet normal  0.000000e+00  0.000000e+00  1.000000e+00
   outer loop
     vertex -2.420000e+01  4.000000e+01  1.200000e+01
     vertex -4.201597e+01  3.350222e+01  1.200000e+01
     vertex -4.197714e+01  3.332816e+01  1.200000e+01
   endloop
 endfacet
 facet normal  0.000000e+00  0.000000e+00  1.000000e+00
   outer loop
     vertex -2.420000e+01  4.000000e+01  1.200000e+01
     vertex -4.197714e+01  3.332816e+01  1.200000e+01
     vertex -4.194310e+01  3.315310e+01  1.200000e+01
   endloop
 endfacet
 facet normal  0.000000e+00  0.000000e+00  1.000000e+00
   outer loop
     vertex -2.420000e+01  4.000000e+01  1.200000e+01
     vertex -4.194310e+01  3.315310e+01  1.200000e+01
     vertex -4.191387e+01  3.297717e+01  1.200000e+01
   endloop
 endfacet
 facet normal  0.000000e+00  0.000000e+00  1.000000e+00
   outer loop
     vertex -2.420000e+01  4.000000e+01  1.200000e+01
     vertex -4.191387e+01  3.297717e+01  1.200000e+01
     vertex -4.188948e+01  3.280051e+01  1.200000e+01
   endloop
 endfacet
 facet normal  0.000000e+00  0.000000e+00  1.000000e+00
   outer loop
     vertex -2.420000e+01  4.000000e+01  1.200000e+01
     vertex -4.188948e+01  3.280051e+01  1.200000e+01
     vertex -4.186995e+01  3.262324e+01  1.200000e+01
   endloop
 endfacet
 facet normal  0.000000e+00  0.000000e+00  1.000000e+00
   outer loop
     vertex -2.420000e+01  4.000000e+01  1.200000e+01
     vertex -4.186995e+01  3.262324e+01  1.200000e+01
     vertex -4.185529e+01  3.244551e+01  1.200000e+01
   endloop
 endfacet
 facet normal  0.000000e+00  0.000000e+00  1.000000e+00
   outer loop
     vertex -2.420000e+01  4.000000e+01  1.200000e+01
     vertex -4.185529e+01  3.244551e+01  1.200000e+01
     vertex -4.184550e+01  3.226744e+01  1.200000e+01
   endloop
 endfacet
 facet normal  0.000000e+00  0.000000e+00  1.000000e+00
   outer loop
     vertex -2.420000e+01  4.000000e+01  1.200000e+01
     vertex -4.184550e+01  3.226744e+01  1.200000e+01
     vertex -4.184061e+01  3.208917e+01  1.200000e+01
   endloop
 endfacet
 facet normal  0.000000e+00  0.000000e+00  1.000000e+00
   outer loop
     vertex -2.420000e+01  4.000000e+01  1.200000e+01
     vertex -4.184061e+01  3.208917e+01  1.200000e+01
     vertex -4.184061e+01  3.191083e+01  1.200000e+01
   endloop
 endfacet
 facet normal  0.000000e+00  0.000000e+00  1.000000e+00
   outer loop
     vertex -2.420000e+01  4.000000e+01  1.200000e+01
     vertex -4.184061e+01  3.191083e+01  1.200000e+01
     vertex -4.184550e+01  3.173256e+01  1.200000e+01
   endloop
 endfacet
 facet normal  0.000000e+00  0.000000e+00  1.000000e+00
   outer loop
     vertex -2.420000e+01  4.000000e+01  1.200000e+01
     vertex -4.184550e+01  3.173256e+01  1.200000e+01
     vertex -4.185529e+01  3.155449e+01  1.200000e+01
   endloop
 endfacet
 facet normal  0.000000e+00  0.000000e+00  1.000000e+00
   outer loop
     vertex -2.420000e+01  4.000000e+01  1.200000e+01
     vertex -4.185529e+01  3.155449e+01  1.200000e+01
     vertex -4.186995e+01  3.137676e+01  1.200000e+01
   endloop
 endfacet
 facet normal  0.000000e+00  0.000000e+00  1.000000e+00
   outer loop
     vertex -2.420000e+01  4.000000e+01  1.200000e+01
     vertex -4.186995e+01  3.137676e+01  1.200000e+01
     vertex -4.188948e+01  3.119949e+01  1.200000e+01
   endloop
 endfacet
 facet normal  0.000000e+00  0.000000e+00  1.000000e+00
   outer loop
     vertex -2.420000e+01  4.000000e+01  1.200000e+01
     vertex -4.188948e+01  3.119949e+01  1.200000e+01
     vertex -4.191387e+01  3.102283e+01  1.200000e+01
   endloop
 endfacet
 facet normal  0.000000e+00  0.000000e+00  1.000000e+00
   outer loop
     vertex -2.420000e+01  4.000000e+01  1.200000e+01
     vertex -4.191387e+01  3.102283e+01  1.200000e+01
     vertex -4.194310e+01  3.084690e+01  1.200000e+01
   endloop
 endfacet
 facet normal  0.000000e+00  0.000000e+00  1.000000e+00
   outer loop
     vertex -2.420000e+01  4.000000e+01  1.200000e+01
     vertex -4.194310e+01  3.084690e+01  1.200000e+01
     vertex -4.197714e+01  3.067184e+01  1.200000e+01
   endloop
 endfacet
 facet normal  0.000000e+00  0.000000e+00  1.000000e+00
   outer loop
     vertex -2.420000e+01  4.000000e+01  1.200000e+01
     vertex -4.197714e+01  3.067184e+01  1.200000e+01
     vertex -4.201597e+01  3.049778e+01  1.200000e+01
   endloop
 endfacet
 facet normal  0.000000e+00  0.000000e+00  1.000000e+00
   outer loop
     vertex -2.420000e+01  4.000000e+01  1.200000e+01
     vertex -4.201597e+01  3.049778e+01  1.200000e+01
     vertex -4.205956e+01  3.032486e+01  1.200000e+01
   endloop
 endfacet
 facet normal  0.000000e+00  0.000000e+00  1.000000e+00
   outer loop
     vertex -2.420000e+01  4.000000e+01  1.200000e+01
     vertex -4.205956e+01  3.032486e+01  1.200000e+01
     vertex -4.210788e+01  3.015319e+01  1.200000e+01
   endloop
 endfacet
 facet normal  0.000000e+00  0.000000e+00  1.000000e+00
   outer loop
     vertex -2.420000e+01  4.000000e+01  1.200000e+01
     vertex -4.210788e+01  3.015319e+01  1.200000e+01
     vertex -4.216089e+01  2.998291e+01  1.200000e+01
   endloop
 endfacet
 facet normal  0.000000e+00  0.000000e+00  1.000000e+00
   outer loop
     vertex -2.420000e+01  4.000000e+01  1.200000e+01
     vertex -4.216089e+01  2.998291e+01  1.200000e+01
     vertex -4.221856e+01  2.981415e+01  1.200000e+01
   endloop
 endfacet
 facet normal  0.000000e+00  0.000000e+00  1.000000e+00
   outer loop
     vertex -2.420000e+01  4.000000e+01  1.200000e+01
     vertex -4.221856e+01  2.981415e+01  1.200000e+01
     vertex -4.228083e+01  2.964704e+01  1.200000e+01
   endloop
 endfacet
 facet normal  0.000000e+00  0.000000e+00  1.000000e+00
   outer loop
     vertex -2.420000e+01  4.000000e+01  1.200000e+01
     vertex -4.228083e+01  2.964704e+01  1.200000e+01
     vertex -4.234766e+01  2.948170e+01  1.200000e+01
   endloop
 endfacet
 facet normal  0.000000e+00  0.000000e+00  1.000000e+00
   outer loop
     vertex -2.420000e+01  4.000000e+01  1.200000e+01
     vertex -4.234766e+01  2.948170e+01  1.200000e+01
     vertex -4.241900e+01  2.931825e+01  1.200000e+01
   endloop
 endfacet
 facet normal  0.000000e+00  0.000000e+00  1.000000e+00
   outer loop
     vertex -2.420000e+01  4.000000e+01  1.200000e+01
     vertex -4.241900e+01  2.931825e+01  1.200000e+01
     vertex -4.249480e+01  2.915682e+01  1.200000e+01
   endloop
 endfacet
 facet normal  0.000000e+00  0.000000e+00  1.000000e+00
   outer loop
     vertex -2.420000e+01  4.000000e+01  1.200000e+01
     vertex -4.249480e+01  2.915682e+01  1.200000e+01
     vertex -4.257500e+01  2.899754e+01  1.200000e+01
   endloop
 endfacet
 facet normal  0.000000e+00  0.000000e+00  1.000000e+00
   outer loop
     vertex -2.420000e+01  4.000000e+01  1.200000e+01
     vertex -4.838459e+01  3.849985e+01  1.200000e+01
     vertex -4.820625e+01  3.849862e+01  1.200000e+01
   endloop
 endfacet
 facet normal  0.000000e+00  0.000000e+00  1.000000e+00
   outer loop
     vertex -2.420000e+01  4.000000e+01  1.200000e+01
     vertex -4.820625e+01  3.849862e+01  1.200000e+01
     vertex -4.802802e+01  3.849251e+01  1.200000e+01
   endloop
 endfacet
 facet normal  0.000000e+00  0.000000e+00  1.000000e+00
   outer loop
     vertex -2.420000e+01  4.000000e+01  1.200000e+01
     vertex -4.802802e+01  3.849251e+01  1.200000e+01
     vertex -4.785002e+01  3.848151e+01  1.200000e+01
   endloop
 endfacet
 facet normal  0.000000e+00  0.000000e+00  1.000000e+00
   outer loop
     vertex -2.420000e+01  4.000000e+01  1.200000e+01
     vertex -4.785002e+01  3.848151e+01  1.200000e+01
     vertex -4.767239e+01  3.846562e+01  1.200000e+01
   endloop
 endfacet
 facet normal  0.000000e+00  0.000000e+00  1.000000e+00
   outer loop
     vertex -2.420000e+01  4.000000e+01  1.200000e+01
     vertex -4.767239e+01  3.846562e+01  1.200000e+01
     vertex -4.749526e+01  3.844488e+01  1.200000e+01
   endloop
 endfacet
 facet normal  0.000000e+00  0.000000e+00  1.000000e+00
   outer loop
     vertex -2.420000e+01  4.000000e+01  1.200000e+01
     vertex -4.749526e+01  3.844488e+01  1.200000e+01
     vertex -4.731877e+01  3.841928e+01  1.200000e+01
   endloop
 endfacet
 facet normal  0.000000e+00  0.000000e+00  1.000000e+00
   outer loop
     vertex -2.420000e+01  4.000000e+01  1.200000e+01
     vertex -4.731877e+01  3.841928e+01  1.200000e+01
     vertex -4.714305e+01  3.838884e+01  1.200000e+01
   endloop
 endfacet
 facet normal  0.000000e+00  0.000000e+00  1.000000e+00
   outer loop
     vertex -2.420000e+01  4.000000e+01  1.200000e+01
     vertex -4.714305e+01  3.838884e+01  1.200000e+01
     vertex -4.696823e+01  3.835360e+01  1.200000e+01
   endloop
 endfacet
 facet normal  0.000000e+00  0.000000e+00  1.000000e+00
   outer loop
     vertex -2.420000e+01  4.000000e+01  1.200000e+01
     vertex -4.696823e+01  3.835360e+01  1.200000e+01
     vertex -4.679444e+01  3.831358e+01  1.200000e+01
   endloop
 endfacet
 facet normal  0.000000e+00  0.000000e+00  1.000000e+00
   outer loop
     vertex -2.420000e+01  4.000000e+01  1.200000e+01
     vertex -4.679444e+01  3.831358e+01  1.200000e+01
     vertex -4.662181e+01  3.826880e+01  1.200000e+01
   endloop
 endfacet
 facet normal  0.000000e+00  0.000000e+00  1.000000e+00
   outer loop
     vertex -2.420000e+01  4.000000e+01  1.200000e+01
     vertex -4.662181e+01  3.826880e+01  1.200000e+01
     vertex -4.645048e+01  3.821930e+01  1.200000e+01
   endloop
 endfacet
 facet normal  0.000000e+00  0.000000e+00  1.000000e+00
   outer loop
     vertex -2.420000e+01  4.000000e+01  1.200000e+01
     vertex -4.645048e+01  3.821930e+01  1.200000e+01
     vertex -4.628057e+01  3.816512e+01  1.200000e+01
   endloop
 endfacet
 facet normal  0.000000e+00  0.000000e+00  1.000000e+00
   outer loop
     vertex -2.420000e+01  4.000000e+01  1.200000e+01
     vertex -4.628057e+01  3.816512e+01  1.200000e+01
     vertex -4.611221e+01  3.810631e+01  1.200000e+01
   endloop
 endfacet
 facet normal  0.000000e+00  0.000000e+00  1.000000e+00
   outer loop
     vertex -2.420000e+01  4.000000e+01  1.200000e+01
     vertex -4.611221e+01  3.810631e+01  1.200000e+01
     vertex -4.594553e+01  3.804289e+01  1.200000e+01
   endloop
 endfacet
 facet normal  0.000000e+00  0.000000e+00  1.000000e+00
   outer loop
     vertex -2.420000e+01  4.000000e+01  1.200000e+01
     vertex -4.594553e+01  3.804289e+01  1.200000e+01
     vertex -4.578065e+01  3.797493e+01  1.200000e+01
   endloop
 endfacet
 facet normal  0.000000e+00  0.000000e+00  1.000000e+00
   outer loop
     vertex -2.420000e+01  4.000000e+01  1.200000e+01
     vertex -4.578065e+01  3.797493e+01  1.200000e+01
     vertex -4.561770e+01  3.790246e+01  1.200000e+01
   endloop
 endfacet
 facet normal  0.000000e+00  0.000000e+00  1.000000e+00
   outer loop
     vertex -2.420000e+01  4.000000e+01  1.200000e+01
     vertex -4.561770e+01  3.790246e+01  1.200000e+01
     vertex -4.545680e+01  3.782556e+01  1.200000e+01
   endloop
 endfacet
 facet normal  0.000000e+00  0.000000e+00  1.000000e+00
   outer loop
     vertex -2.420000e+01  4.000000e+01  1.200000e+01
     vertex -4.545680e+01  3.782556e+01  1.200000e+01
     vertex -4.529806e+01  3.774427e+01  1.200000e+01
   endloop
 endfacet
 facet normal  0.000000e+00  0.000000e+00  1.000000e+00
   outer loop
     vertex -2.420000e+01  4.000000e+01  1.200000e+01
     vertex -4.529806e+01  3.774427e+01  1.200000e+01
     vertex -4.514162e+01  3.765865e+01  1.200000e+01
   endloop
 endfacet
 facet normal  0.000000e+00  0.000000e+00  1.000000e+00
   outer loop
     vertex -2.420000e+01  4.000000e+01  1.200000e+01
     vertex -4.514162e+01  3.765865e+01  1.200000e+01
     vertex -4.498758e+01  3.756878e+01  1.200000e+01
   endloop
 endfacet
 facet normal  0.000000e+00  0.000000e+00  1.000000e+00
   outer loop
     vertex -2.420000e+01  4.000000e+01  1.200000e+01
     vertex -4.498758e+01  3.756878e+01  1.200000e+01
     vertex -4.483607e+01  3.747471e+01  1.200000e+01
   endloop
 endfacet
 facet normal  0.000000e+00  0.000000e+00  1.000000e+00
   outer loop
     vertex -2.420000e+01  4.000000e+01  1.200000e+01
     vertex -4.483607e+01  3.747471e+01  1.200000e+01
     vertex -4.468720e+01  3.737652e+01  1.200000e+01
   endloop
 endfacet
 facet normal  0.000000e+00  0.000000e+00  1.000000e+00
   outer loop
     vertex -2.420000e+01  4.000000e+01  1.200000e+01
     vertex -4.468720e+01  3.737652e+01  1.200000e+01
     vertex -4.454107e+01  3.727429e+01  1.200000e+01
   endloop
 endfacet
 facet normal  0.000000e+00  0.000000e+00  1.000000e+00
   outer loop
     vertex -2.420000e+01  4.000000e+01  1.200000e+01
     vertex -4.454107e+01  3.727429e+01  1.200000e+01
     vertex -4.439781e+01  3.716808e+01  1.200000e+01
   endloop
 endfacet
 facet normal  0.000000e+00  0.000000e+00  1.000000e+00
   outer loop
     vertex -2.420000e+01  4.000000e+01  1.200000e+01
     vertex -4.439781e+01  3.716808e+01  1.200000e+01
     vertex -4.425751e+01  3.705799e+01  1.200000e+01
   endloop
 endfacet
 facet normal  0.000000e+00  0.000000e+00  1.000000e+00
   outer loop
     vertex -2.420000e+01  4.000000e+01  1.200000e+01
     vertex -4.425751e+01  3.705799e+01  1.200000e+01
     vertex -4.412028e+01  3.694409e+01  1.200000e+01
   endloop
 endfacet
 facet normal  0.000000e+00  0.000000e+00  1.000000e+00
   outer loop
     vertex -2.420000e+01  4.000000e+01  1.200000e+01
     vertex -4.412028e+01  3.694409e+01  1.200000e+01
     vertex -4.398624e+01  3.682646e+01  1.200000e+01
   endloop
 endfacet
 facet normal  0.000000e+00  0.000000e+00  1.000000e+00
   outer loop
     vertex -2.420000e+01  4.000000e+01  1.200000e+01
     vertex -4.398624e+01  3.682646e+01  1.200000e+01
     vertex -4.385546e+01  3.670520e+01  1.200000e+01
   endloop
 endfacet
 facet normal  0.000000e+00  0.000000e+00  1.000000e+00
   outer loop
     vertex -2.420000e+01  4.000000e+01  1.200000e+01
     vertex -4.385546e+01  3.670520e+01  1.200000e+01
     vertex -4.372807e+01  3.658040e+01  1.200000e+01
   endloop
 endfacet
 facet normal  0.000000e+00  0.000000e+00  1.000000e+00
   outer loop
     vertex -2.420000e+01  4.000000e+01  1.200000e+01
     vertex -4.372807e+01  3.658040e+01  1.200000e+01
     vertex -4.360415e+01  3.645216e+01  1.200000e+01
   endloop
 endfacet
 facet normal  0.000000e+00  0.000000e+00  1.000000e+00
   outer loop
     vertex -2.420000e+01  4.000000e+01  1.200000e+01
     vertex -4.360415e+01  3.645216e+01  1.200000e+01
     vertex -4.348379e+01  3.632056e+01  1.200000e+01
   endloop
 endfacet
 facet normal  0.000000e+00  0.000000e+00  1.000000e+00
   outer loop
     vertex -2.420000e+01  4.000000e+01  1.200000e+01
     vertex -4.348379e+01  3.632056e+01  1.200000e+01
     vertex -4.336709e+01  3.618570e+01  1.200000e+01
   endloop
 endfacet
 facet normal  0.000000e+00  0.000000e+00  1.000000e+00
   outer loop
     vertex -2.420000e+01  4.000000e+01  1.200000e+01
     vertex -4.336709e+01  3.618570e+01  1.200000e+01
     vertex -4.325413e+01  3.604770e+01  1.200000e+01
   endloop
 endfacet
 facet normal  0.000000e+00  0.000000e+00  1.000000e+00
   outer loop
     vertex -2.420000e+01  4.000000e+01  1.200000e+01
     vertex -4.325413e+01  3.604770e+01  1.200000e+01
     vertex -4.314500e+01  3.590665e+01  1.200000e+01
   endloop
 endfacet
 facet normal  0.000000e+00  0.000000e+00  1.000000e+00
   outer loop
     vertex -2.420000e+01  4.000000e+01  1.200000e+01
     vertex -4.314500e+01  3.590665e+01  1.200000e+01
     vertex -4.303978e+01  3.576266e+01  1.200000e+01
   endloop
 endfacet
 facet normal  0.000000e+00  0.000000e+00  1.000000e+00
   outer loop
     vertex -2.420000e+01  4.000000e+01  1.200000e+01
     vertex -4.303978e+01  3.576266e+01  1.200000e+01
     vertex -4.293855e+01  3.561584e+01  1.200000e+01
   endloop
 endfacet
 facet normal  0.000000e+00  0.000000e+00  1.000000e+00
   outer loop
     vertex -2.420000e+01  4.000000e+01  1.200000e+01
     vertex -4.293855e+01  3.561584e+01  1.200000e+01
     vertex -4.284138e+01  3.546629e+01  1.200000e+01
   endloop
 endfacet
 facet normal  0.000000e+00  0.000000e+00  1.000000e+00
   outer loop
     vertex -2.420000e+01  4.000000e+01  1.200000e+01
     vertex -4.284138e+01  3.546629e+01  1.200000e+01
     vertex -4.274836e+01  3.531414e+01  1.200000e+01
   endloop
 endfacet
 facet normal  0.000000e+00  0.000000e+00  1.000000e+00
   outer loop
     vertex -2.420000e+01  4.000000e+01  1.200000e+01
     vertex -4.274836e+01  3.531414e+01  1.200000e+01
     vertex -4.265954e+01  3.515949e+01  1.200000e+01
   endloop
 endfacet
 facet normal  0.000000e+00  0.000000e+00  1.000000e+00
   outer loop
     vertex -4.979880e+01  1.433418e+01  1.200000e+01
     vertex -4.997203e+01  2.570822e+01  1.200000e+01
     vertex -4.997203e+01  1.429178e+01  1.200000e+01
   endloop
 endfacet
 facet normal  0.000000e+00 -0.000000e+00  1.000000e+00
   outer loop
     vertex -4.979880e+01  1.433418e+01  1.200000e+01
     vertex -4.962448e+01  2.562818e+01  1.200000e+01
     vertex -4.979880e+01  2.566582e+01  1.200000e+01
   endloop
 endfacet
 facet normal  0.000000e+00  0.000000e+00  1.000000e+00
   outer loop
     vertex -4.979880e+01  1.433418e+01  1.200000e+01
     vertex -4.979880e+01  2.566582e+01  1.200000e+01
     vertex -4.997203e+01  2.570822e+01  1.200000e+01
   endloop
 endfacet
 facet normal  4.646944e-16 -1.103840e-16  1.000000e+00
   outer loop
     vertex -5.468404e+01  9.415320e+00  1.200000e+01
     vertex -5.464283e+01  9.588830e+00  1.200000e+01
     vertex -7.800000e+01  4.000000e+01  1.200000e+01
   endloop
 endfacet
 facet normal  0.000000e+00  0.000000e+00  1.000000e+00
   outer loop
     vertex -4.962448e+01  1.437182e+01  1.200000e+01
     vertex -4.962448e+01  2.562818e+01  1.200000e+01
     vertex -4.979880e+01  1.433418e+01  1.200000e+01
   endloop
 endfacet
 facet normal  4.784787e-16 -9.987568e-17  1.000000e+00
   outer loop
     vertex -5.472048e+01  9.240745e+00  1.200000e+01
     vertex -5.468404e+01  9.415320e+00  1.200000e+01
     vertex -7.800000e+01  4.000000e+01  1.200000e+01
   endloop
 endfacet
 facet normal  0.000000e+00  0.000000e+00  1.000000e+00
   outer loop
     vertex -4.944919e+01  1.440466e+01  1.200000e+01
     vertex -4.962448e+01  2.562818e+01  1.200000e+01
     vertex -4.962448e+01  1.437182e+01  1.200000e+01
   endloop
 endfacet
 facet normal  0.000000e+00 -0.000000e+00  1.000000e+00
   outer loop
     vertex -4.944919e+01  1.440466e+01  1.200000e+01
     vertex -4.927307e+01  2.556732e+01  1.200000e+01
     vertex -4.944919e+01  2.559534e+01  1.200000e+01
   endloop
 endfacet
 facet normal  0.000000e+00  0.000000e+00  1.000000e+00
   outer loop
     vertex -4.944919e+01  1.440466e+01  1.200000e+01
     vertex -4.944919e+01  2.559534e+01  1.200000e+01
     vertex -4.962448e+01  2.562818e+01  1.200000e+01
   endloop
 endfacet
 facet normal  4.930191e-16 -8.887107e-17  1.000000e+00
   outer loop
     vertex -5.475212e+01  9.065235e+00  1.200000e+01
     vertex -5.472048e+01  9.240745e+00  1.200000e+01
     vertex -7.800000e+01  4.000000e+01  1.200000e+01
   endloop
 endfacet
 facet normal  0.000000e+00  0.000000e+00  1.000000e+00
   outer loop
     vertex -4.927307e+01  1.443268e+01  1.200000e+01
     vertex -4.927307e+01  2.556732e+01  1.200000e+01
     vertex -4.944919e+01  1.440466e+01  1.200000e+01
   endloop
 endfacet
 facet normal  5.084041e-16 -7.730906e-17  1.000000e+00
   outer loop
     vertex -5.477893e+01  8.888924e+00  1.200000e+01
     vertex -5.475212e+01  9.065235e+00  1.200000e+01
     vertex -7.800000e+01  4.000000e+01  1.200000e+01
   endloop
 endfacet
 facet normal  0.000000e+00  0.000000e+00  1.000000e+00
   outer loop
     vertex -4.909624e+01  1.445586e+01  1.200000e+01
     vertex -4.927307e+01  2.556732e+01  1.200000e+01
     vertex -4.927307e+01  1.443268e+01  1.200000e+01
   endloop
 endfacet
 facet normal  0.000000e+00  0.000000e+00  1.000000e+00
   outer loop
     vertex -4.909624e+01  1.445586e+01  1.200000e+01
     vertex -4.909624e+01  2.554414e+01  1.200000e+01
     vertex -4.927307e+01  2.556732e+01  1.200000e+01
   endloop
 endfacet
 facet normal  5.247352e-16 -6.511962e-17  1.000000e+00
   outer loop
     vertex -5.480089e+01  8.711944e+00  1.200000e+01
     vertex -5.477893e+01  8.888924e+00  1.200000e+01
     vertex -7.800000e+01  4.000000e+01  1.200000e+01
   endloop
 endfacet
 facet normal  0.000000e+00  0.000000e+00  1.000000e+00
   outer loop
     vertex -4.891885e+01  1.447417e+01  1.200000e+01
     vertex -4.909624e+01  2.554414e+01  1.200000e+01
     vertex -4.909624e+01  1.445586e+01  1.200000e+01
   endloop
 endfacet
 facet normal  0.000000e+00 -0.000000e+00  1.000000e+00
   outer loop
     vertex -4.891885e+01  1.447417e+01  1.200000e+01
     vertex -4.874102e+01  2.551238e+01  1.200000e+01
     vertex -4.891885e+01  2.552583e+01  1.200000e+01
   endloop
 endfacet
 facet normal  0.000000e+00  0.000000e+00  1.000000e+00
   outer loop
     vertex -4.891885e+01  1.447417e+01  1.200000e+01
     vertex -4.891885e+01  2.552583e+01  1.200000e+01
     vertex -4.909624e+01  2.554414e+01  1.200000e+01
   endloop
 endfacet
 facet normal  5.421299e-16 -5.222202e-17  1.000000e+00
   outer loop
     vertex -5.481799e+01  8.534427e+00  1.200000e+01
     vertex -5.480089e+01  8.711944e+00  1.200000e+01
     vertex -7.800000e+01  4.000000e+01  1.200000e+01
   endloop
 endfacet
 facet normal  0.000000e+00  0.000000e+00  1.000000e+00
   outer loop
     vertex -4.874102e+01  1.448762e+01  1.200000e+01
     vertex -4.874102e+01  2.551238e+01  1.200000e+01
     vertex -4.891885e+01  1.447417e+01  1.200000e+01
   endloop
 endfacet
 facet normal  5.607245e-16 -3.852262e-17  1.000000e+00
   outer loop
     vertex -5.483022e+01  8.356508e+00  1.200000e+01
     vertex -5.481799e+01  8.534427e+00  1.200000e+01
     vertex -7.800000e+01  4.000000e+01  1.200000e+01
   endloop
 endfacet
 facet normal  0.000000e+00 -0.000000e+00  1.000000e+00
   outer loop
     vertex -4.856289e+01  1.449618e+01  1.200000e+01
     vertex -4.838459e+01  2.550015e+01  1.200000e+01
     vertex -4.856289e+01  2.550382e+01  1.200000e+01
   endloop
 endfacet
 facet normal  0.000000e+00  0.000000e+00  1.000000e+00
   outer loop
     vertex -4.856289e+01  1.449618e+01  1.200000e+01
     vertex -4.856289e+01  2.550382e+01  1.200000e+01
     vertex -4.874102e+01  2.551238e+01  1.200000e+01
   endloop
 endfacet
 facet normal  0.000000e+00  0.000000e+00  1.000000e+00
   outer loop
     vertex -4.856289e+01  1.449618e+01  1.200000e+01
     vertex -4.874102e+01  2.551238e+01  1.200000e+01
     vertex -4.874102e+01  1.448762e+01  1.200000e+01
   endloop
 endfacet
 facet normal  5.806784e-16 -2.391204e-17  1.000000e+00
   outer loop
     vertex -5.483755e+01  8.178321e+00  1.200000e+01
     vertex -5.483022e+01  8.356508e+00  1.200000e+01
     vertex -7.800000e+01  4.000000e+01  1.200000e+01
   endloop
 endfacet
 facet normal  0.000000e+00  0.000000e+00  1.000000e+00
   outer loop
     vertex -4.838459e+01  1.449985e+01  1.200000e+01
     vertex -4.838459e+01  2.550015e+01  1.200000e+01
     vertex -4.856289e+01  1.449618e+01  1.200000e+01
   endloop
 endfacet
 facet normal  0.000000e+00 -0.000000e+00  1.000000e+00
   outer loop
     vertex -4.838459e+01  1.449985e+01  1.200000e+01
     vertex -4.820625e+01  2.550138e+01  1.200000e+01
     vertex -4.838459e+01  2.550015e+01  1.200000e+01
   endloop
 endfacet
 facet normal  6.021797e-16 -8.261668e-18  1.000000e+00
   outer loop
     vertex -5.484000e+01  8.000000e+00  1.200000e+01
     vertex -5.483755e+01  8.178321e+00  1.200000e+01
     vertex -7.800000e+01  4.000000e+01  1.200000e+01
   endloop
 endfacet
 facet normal  0.000000e+00  0.000000e+00  1.000000e+00
   outer loop
     vertex -4.820625e+01  1.449862e+01  1.200000e+01
     vertex -4.820625e+01  2.550138e+01  1.200000e+01
     vertex -4.838459e+01  1.449985e+01  1.200000e+01
   endloop
 endfacet
 facet normal  6.254510e-16  8.580941e-18  1.000000e+00
   outer loop
     vertex -5.483755e+01  7.821679e+00  1.200000e+01
     vertex -5.484000e+01  8.000000e+00  1.200000e+01
     vertex -7.800000e+01  4.000000e+01  1.200000e+01
   endloop
 endfacet
 facet normal  0.000000e+00  0.000000e+00  1.000000e+00
   outer loop
     vertex -4.802802e+01  1.449251e+01  1.200000e+01
     vertex -4.820625e+01  2.550138e+01  1.200000e+01
     vertex -4.820625e+01  1.449862e+01  1.200000e+01
   endloop
 endfacet
 facet normal  0.000000e+00 -0.000000e+00  1.000000e+00
   outer loop
     vertex -4.802802e+01  1.449251e+01  1.200000e+01
     vertex -4.785002e+01  2.551849e+01  1.200000e+01
     vertex -4.802802e+01  2.550749e+01  1.200000e+01
   endloop
 endfacet
 facet normal  0.000000e+00  0.000000e+00  1.000000e+00
   outer loop
     vertex -4.802802e+01  1.449251e+01  1.200000e+01
     vertex -4.802802e+01  2.550749e+01  1.200000e+01
     vertex -4.820625e+01  2.550138e+01  1.200000e+01
   endloop
 endfacet
 facet normal  6.507588e-16  2.679792e-17  1.000000e+00
   outer loop
     vertex -5.483022e+01  7.643492e+00  1.200000e+01
     vertex -5.483755e+01  7.821679e+00  1.200000e+01
     vertex -7.800000e+01  4.000000e+01  1.200000e+01
   endloop
 endfacet
 facet normal  0.000000e+00  0.000000e+00  1.000000e+00
   outer loop
     vertex -4.785002e+01  1.448151e+01  1.200000e+01
     vertex -4.785002e+01  2.551849e+01  1.200000e+01
     vertex -4.802802e+01  1.449251e+01  1.200000e+01
   endloop
 endfacet
 facet normal  6.784246e-16  4.660880e-17  1.000000e+00
   outer loop
     vertex -5.481799e+01  7.465573e+00  1.200000e+01
     vertex -5.483022e+01  7.643492e+00  1.200000e+01
     vertex -7.800000e+01  4.000000e+01  1.200000e+01
   endloop
 endfacet
 facet normal  0.000000e+00  0.000000e+00  1.000000e+00
   outer loop
     vertex -4.767239e+01  1.446562e+01  1.200000e+01
     vertex -4.785002e+01  2.551849e+01  1.200000e+01
     vertex -4.785002e+01  1.448151e+01  1.200000e+01
   endloop
 endfacet
 facet normal  0.000000e+00 -0.000000e+00  1.000000e+00
   outer loop
     vertex -4.767239e+01  1.446562e+01  1.200000e+01
     vertex -4.749526e+01  2.555512e+01  1.200000e+01
     vertex -4.767239e+01  2.553438e+01  1.200000e+01
   endloop
 endfacet
 facet normal  0.000000e+00  0.000000e+00  1.000000e+00
   outer loop
     vertex -4.767239e+01  1.446562e+01  1.200000e+01
     vertex -4.767239e+01  2.553438e+01  1.200000e+01
     vertex -4.785002e+01  2.551849e+01  1.200000e+01
   endloop
 endfacet
 facet normal  7.088399e-16  6.828078e-17  1.000000e+00
   outer loop
     vertex -5.480089e+01  7.288056e+00  1.200000e+01
     vertex -5.481799e+01  7.465573e+00  1.200000e+01
     vertex -7.800000e+01  4.000000e+01  1.200000e+01
   endloop
 endfacet
 facet normal  0.000000e+00  0.000000e+00  1.000000e+00
   outer loop
     vertex -4.749526e+01  1.444488e+01  1.200000e+01
     vertex -4.749526e+01  2.555512e+01  1.200000e+01
     vertex -4.767239e+01  1.446562e+01  1.200000e+01
   endloop
 endfacet
 facet normal  7.424861e-16  9.214250e-17  1.000000e+00
   outer loop
     vertex -5.477893e+01  7.111076e+00  1.200000e+01
     vertex -5.480089e+01  7.288056e+00  1.200000e+01
     vertex -7.800000e+01  4.000000e+01  1.200000e+01
   endloop
 endfacet
 facet normal  0.000000e+00  0.000000e+00  1.000000e+00
   outer loop
     vertex -4.731877e+01  1.441928e+01  1.200000e+01
     vertex -4.749526e+01  2.555512e+01  1.200000e+01
     vertex -4.749526e+01  1.444488e+01  1.200000e+01
   endloop
 endfacet
 facet normal  0.000000e+00  0.000000e+00  1.000000e+00
   outer loop
     vertex -4.731877e+01  1.441928e+01  1.200000e+01
     vertex -4.731877e+01  2.558072e+01  1.200000e+01
     vertex -4.749526e+01  2.555512e+01  1.200000e+01
   endloop
 endfacet
 facet normal  0.000000e+00  0.000000e+00  1.000000e+00
   outer loop
     vertex -4.714305e+01  1.438884e+01  1.200000e+01
     vertex -4.731877e+01  2.558072e+01  1.200000e+01
     vertex -4.731877e+01  1.441928e+01  1.200000e+01
   endloop
 endfacet
 facet normal  0.000000e+00 -0.000000e+00  1.000000e+00
   outer loop
     vertex -4.714305e+01  1.438884e+01  1.200000e+01
     vertex -4.696823e+01  2.564640e+01  1.200000e+01
     vertex -4.714305e+01  2.561116e+01  1.200000e+01
   endloop
 endfacet
 facet normal  0.000000e+00  0.000000e+00  1.000000e+00
   outer loop
     vertex -4.714305e+01  1.438884e+01  1.200000e+01
     vertex -4.714305e+01  2.561116e+01  1.200000e+01
     vertex -4.731877e+01  2.558072e+01  1.200000e+01
   endloop
 endfacet
 facet normal  0.000000e+00  0.000000e+00  1.000000e+00
   outer loop
     vertex -4.696823e+01  1.435360e+01  1.200000e+01
     vertex -4.696823e+01  2.564640e+01  1.200000e+01
     vertex -4.714305e+01  1.438884e+01  1.200000e+01
   endloop
 endfacet
 facet normal  0.000000e+00 -0.000000e+00  1.000000e+00
   outer loop
     vertex -4.679444e+01  1.431358e+01  1.200000e+01
     vertex -4.679444e+01  2.568642e+01  1.200000e+01
     vertex -4.696823e+01  2.564640e+01  1.200000e+01
   endloop
 endfacet
 facet normal  0.000000e+00  0.000000e+00  1.000000e+00
   outer loop
     vertex -4.679444e+01  1.431358e+01  1.200000e+01
     vertex -4.696823e+01  2.564640e+01  1.200000e+01
     vertex -4.696823e+01  1.435360e+01  1.200000e+01
   endloop
 endfacet
 facet normal  0.000000e+00  0.000000e+00  1.000000e+00
   outer loop
     vertex -4.662181e+01  1.426880e+01  1.200000e+01
     vertex -4.679444e+01  2.568642e+01  1.200000e+01
     vertex -4.679444e+01  1.431358e+01  1.200000e+01
   endloop
 endfacet
 facet normal  0.000000e+00  0.000000e+00  1.000000e+00
   outer loop
     vertex -4.662181e+01  1.426880e+01  1.200000e+01
     vertex -4.645048e+01  2.578070e+01  1.200000e+01
     vertex -4.662181e+01  2.573120e+01  1.200000e+01
   endloop
 endfacet
 facet normal  0.000000e+00 -0.000000e+00  1.000000e+00
   outer loop
     vertex -4.662181e+01  1.426880e+01  1.200000e+01
     vertex -4.662181e+01  2.573120e+01  1.200000e+01
     vertex -4.679444e+01  2.568642e+01  1.200000e+01
   endloop
 endfacet
 facet normal  0.000000e+00  0.000000e+00  1.000000e+00
   outer loop
     vertex -4.645048e+01  1.421930e+01  1.200000e+01
     vertex -4.628057e+01  2.583488e+01  1.200000e+01
     vertex -4.645048e+01  2.578070e+01  1.200000e+01
   endloop
 endfacet
 facet normal  0.000000e+00 -0.000000e+00  1.000000e+00
   outer loop
     vertex -4.645048e+01  1.421930e+01  1.200000e+01
     vertex -4.645048e+01  2.578070e+01  1.200000e+01
     vertex -4.662181e+01  1.426880e+01  1.200000e+01
   endloop
 endfacet
 facet normal  0.000000e+00 -0.000000e+00  1.000000e+00
   outer loop
     vertex -4.628057e+01  1.416512e+01  1.200000e+01
     vertex -4.628057e+01  2.583488e+01  1.200000e+01
     vertex -4.645048e+01  1.421930e+01  1.200000e+01
   endloop
 endfacet
 facet normal  0.000000e+00  0.000000e+00  1.000000e+00
   outer loop
     vertex -4.628057e+01  1.416512e+01  1.200000e+01
     vertex -4.611221e+01  2.589369e+01  1.200000e+01
     vertex -4.628057e+01  2.583488e+01  1.200000e+01
   endloop
 endfacet
 facet normal  0.000000e+00  0.000000e+00  1.000000e+00
   outer loop
     vertex -4.611221e+01  1.410631e+01  1.200000e+01
     vertex -4.611221e+01  2.589369e+01  1.200000e+01
     vertex -4.628057e+01  1.416512e+01  1.200000e+01
   endloop
 endfacet
 facet normal  0.000000e+00 -0.000000e+00  1.000000e+00
   outer loop
     vertex -4.611221e+01  1.410631e+01  1.200000e+01
     vertex -4.594553e+01  2.595711e+01  1.200000e+01
     vertex -4.611221e+01  2.589369e+01  1.200000e+01
   endloop
 endfacet
 facet normal  0.000000e+00 -0.000000e+00  1.000000e+00
   outer loop
     vertex -4.594553e+01  1.404289e+01  1.200000e+01
     vertex -4.594553e+01  2.595711e+01  1.200000e+01
     vertex -4.611221e+01  1.410631e+01  1.200000e+01
   endloop
 endfacet
 facet normal  0.000000e+00  0.000000e+00  1.000000e+00
   outer loop
     vertex -4.578065e+01  1.397493e+01  1.200000e+01
     vertex -4.594553e+01  2.595711e+01  1.200000e+01
     vertex -4.594553e+01  1.404289e+01  1.200000e+01
   endloop
 endfacet
 facet normal  0.000000e+00  0.000000e+00  1.000000e+00
   outer loop
     vertex -4.578065e+01  1.397493e+01  1.200000e+01
     vertex -4.578065e+01  2.602507e+01  1.200000e+01
     vertex -4.594553e+01  2.595711e+01  1.200000e+01
   endloop
 endfacet
 facet normal  0.000000e+00  0.000000e+00  1.000000e+00
   outer loop
     vertex -4.561770e+01  1.390246e+01  1.200000e+01
     vertex -4.578065e+01  2.602507e+01  1.200000e+01
     vertex -4.578065e+01  1.397493e+01  1.200000e+01
   endloop
 endfacet
 facet normal  0.000000e+00  0.000000e+00  1.000000e+00
   outer loop
     vertex -4.561770e+01  1.390246e+01  1.200000e+01
     vertex -4.561770e+01  2.609754e+01  1.200000e+01
     vertex -4.578065e+01  2.602507e+01  1.200000e+01
   endloop
 endfacet
 facet normal  0.000000e+00  0.000000e+00  1.000000e+00
   outer loop
     vertex -4.545680e+01  1.382556e+01  1.200000e+01
     vertex -4.561770e+01  2.609754e+01  1.200000e+01
     vertex -4.561770e+01  1.390246e+01  1.200000e+01
   endloop
 endfacet
 facet normal  0.000000e+00  0.000000e+00  1.000000e+00
   outer loop
     vertex -4.545680e+01  1.382556e+01  1.200000e+01
     vertex -4.545680e+01  2.617444e+01  1.200000e+01
     vertex -4.561770e+01  2.609754e+01  1.200000e+01
   endloop
 endfacet
 facet normal  0.000000e+00  0.000000e+00  1.000000e+00
   outer loop
     vertex -4.529806e+01  1.374427e+01  1.200000e+01
     vertex -4.545680e+01  2.617444e+01  1.200000e+01
     vertex -4.545680e+01  1.382556e+01  1.200000e+01
   endloop
 endfacet
 facet normal  0.000000e+00  0.000000e+00  1.000000e+00
   outer loop
     vertex -4.529806e+01  1.374427e+01  1.200000e+01
     vertex -4.529806e+01  2.625573e+01  1.200000e+01
     vertex -4.545680e+01  2.617444e+01  1.200000e+01
   endloop
 endfacet
 facet normal  0.000000e+00  0.000000e+00  1.000000e+00
   outer loop
     vertex -4.514162e+01  1.365865e+01  1.200000e+01
     vertex -4.529806e+01  2.625573e+01  1.200000e+01
     vertex -4.529806e+01  1.374427e+01  1.200000e+01
   endloop
 endfacet
 facet normal  0.000000e+00 -0.000000e+00  1.000000e+00
   outer loop
     vertex -4.514162e+01  1.365865e+01  1.200000e+01
     vertex -4.498758e+01  2.643122e+01  1.200000e+01
     vertex -4.514162e+01  2.634135e+01  1.200000e+01
   endloop
 endfacet
 facet normal  0.000000e+00  0.000000e+00  1.000000e+00
   outer loop
     vertex -4.514162e+01  1.365865e+01  1.200000e+01
     vertex -4.514162e+01  2.634135e+01  1.200000e+01
     vertex -4.529806e+01  2.625573e+01  1.200000e+01
   endloop
 endfacet
 facet normal  0.000000e+00  0.000000e+00  1.000000e+00
   outer loop
     vertex -4.498758e+01  1.356878e+01  1.200000e+01
     vertex -4.483607e+01  2.652529e+01  1.200000e+01
     vertex -4.498758e+01  2.643122e+01  1.200000e+01
   endloop
 endfacet
 facet normal  0.000000e+00 -0.000000e+00  1.000000e+00
   outer loop
     vertex -4.498758e+01  1.356878e+01  1.200000e+01
     vertex -4.498758e+01  2.643122e+01  1.200000e+01
     vertex -4.514162e+01  1.365865e+01  1.200000e+01
   endloop
 endfacet
 facet normal  0.000000e+00 -0.000000e+00  1.000000e+00
   outer loop
     vertex -4.483607e+01  1.347471e+01  1.200000e+01
     vertex -4.483607e+01  2.652529e+01  1.200000e+01
     vertex -4.498758e+01  1.356878e+01  1.200000e+01
   endloop
 endfacet
 facet normal  0.000000e+00  0.000000e+00  1.000000e+00
   outer loop
     vertex -4.468720e+01  1.337652e+01  1.200000e+01
     vertex -4.483607e+01  2.652529e+01  1.200000e+01
     vertex -4.483607e+01  1.347471e+01  1.200000e+01
   endloop
 endfacet
 facet normal  0.000000e+00 -0.000000e+00  1.000000e+00
   outer loop
     vertex -4.468720e+01  1.337652e+01  1.200000e+01
     vertex -4.468720e+01  2.662348e+01  1.200000e+01
     vertex -4.483607e+01  2.652529e+01  1.200000e+01
   endloop
 endfacet
 facet normal  0.000000e+00  0.000000e+00  1.000000e+00
   outer loop
     vertex -4.454107e+01  1.327429e+01  1.200000e+01
     vertex -4.468720e+01  2.662348e+01  1.200000e+01
     vertex -4.468720e+01  1.337652e+01  1.200000e+01
   endloop
 endfacet
 facet normal  0.000000e+00 -0.000000e+00  1.000000e+00
   outer loop
     vertex -4.454107e+01  1.327429e+01  1.200000e+01
     vertex -4.454107e+01  2.672571e+01  1.200000e+01
     vertex -4.468720e+01  2.662348e+01  1.200000e+01
   endloop
 endfacet
 facet normal  0.000000e+00  0.000000e+00  1.000000e+00
   outer loop
     vertex -4.439781e+01  1.316808e+01  1.200000e+01
     vertex -4.454107e+01  2.672571e+01  1.200000e+01
     vertex -4.454107e+01  1.327429e+01  1.200000e+01
   endloop
 endfacet
 facet normal  0.000000e+00 -0.000000e+00  1.000000e+00
   outer loop
     vertex -4.439781e+01  1.316808e+01  1.200000e+01
     vertex -4.439781e+01  2.683192e+01  1.200000e+01
     vertex -4.454107e+01  2.672571e+01  1.200000e+01
   endloop
 endfacet
 facet normal  0.000000e+00  0.000000e+00  1.000000e+00
   outer loop
     vertex -4.425751e+01  1.305799e+01  1.200000e+01
     vertex -4.425751e+01  2.694201e+01  1.200000e+01
     vertex -4.439781e+01  2.683192e+01  1.200000e+01
   endloop
 endfacet
 facet normal  0.000000e+00  0.000000e+00  1.000000e+00
   outer loop
     vertex -4.425751e+01  1.305799e+01  1.200000e+01
     vertex -4.439781e+01  2.683192e+01  1.200000e+01
     vertex -4.439781e+01  1.316808e+01  1.200000e+01
   endloop
 endfacet
 facet normal  0.000000e+00 -0.000000e+00  1.000000e+00
   outer loop
     vertex -4.412028e+01  1.294409e+01  1.200000e+01
     vertex -4.412028e+01  2.705591e+01  1.200000e+01
     vertex -4.425751e+01  2.694201e+01  1.200000e+01
   endloop
 endfacet
 facet normal  0.000000e+00  0.000000e+00  1.000000e+00
   outer loop
     vertex -4.412028e+01  1.294409e+01  1.200000e+01
     vertex -4.425751e+01  2.694201e+01  1.200000e+01
     vertex -4.425751e+01  1.305799e+01  1.200000e+01
   endloop
 endfacet
 facet normal  0.000000e+00  0.000000e+00  1.000000e+00
   outer loop
     vertex -4.398624e+01  1.282646e+01  1.200000e+01
     vertex -4.412028e+01  2.705591e+01  1.200000e+01
     vertex -4.412028e+01  1.294409e+01  1.200000e+01
   endloop
 endfacet
 facet normal  0.000000e+00 -0.000000e+00  1.000000e+00
   outer loop
     vertex -4.398624e+01  1.282646e+01  1.200000e+01
     vertex -4.385546e+01  2.729480e+01  1.200000e+01
     vertex -4.398624e+01  2.717354e+01  1.200000e+01
   endloop
 endfacet
 facet normal  0.000000e+00  0.000000e+00  1.000000e+00
   outer loop
     vertex -4.398624e+01  1.282646e+01  1.200000e+01
     vertex -4.398624e+01  2.717354e+01  1.200000e+01
     vertex -4.412028e+01  2.705591e+01  1.200000e+01
   endloop
 endfacet
 facet normal  0.000000e+00  0.000000e+00  1.000000e+00
   outer loop
     vertex -4.385546e+01  1.270520e+01  1.200000e+01
     vertex -4.385546e+01  2.729480e+01  1.200000e+01
     vertex -4.398624e+01  1.282646e+01  1.200000e+01
   endloop
 endfacet
 facet normal  0.000000e+00 -0.000000e+00  1.000000e+00
   outer loop
     vertex -4.385546e+01  1.270520e+01  1.200000e+01
     vertex -4.372807e+01  2.741960e+01  1.200000e+01
     vertex -4.385546e+01  2.729480e+01  1.200000e+01
   endloop
 endfacet
 facet normal  0.000000e+00  0.000000e+00  1.000000e+00
   outer loop
     vertex -4.372807e+01  1.258040e+01  1.200000e+01
     vertex -4.360415e+01  2.754784e+01  1.200000e+01
     vertex -4.372807e+01  2.741960e+01  1.200000e+01
   endloop
 endfacet
 facet normal  0.000000e+00 -0.000000e+00  1.000000e+00
   outer loop
     vertex -4.372807e+01  1.258040e+01  1.200000e+01
     vertex -4.372807e+01  2.741960e+01  1.200000e+01
     vertex -4.385546e+01  1.270520e+01  1.200000e+01
   endloop
 endfacet
 facet normal  0.000000e+00  0.000000e+00  1.000000e+00
   outer loop
     vertex -4.360415e+01  1.245216e+01  1.200000e+01
     vertex -4.360415e+01  2.754784e+01  1.200000e+01
     vertex -4.372807e+01  1.258040e+01  1.200000e+01
   endloop
 endfacet
 facet normal  0.000000e+00  0.000000e+00  1.000000e+00
   outer loop
     vertex -4.348379e+01  1.232056e+01  1.200000e+01
     vertex -4.336709e+01  2.781430e+01  1.200000e+01
     vertex -4.348379e+01  2.767944e+01  1.200000e+01
   endloop
 endfacet
 facet normal  0.000000e+00 -0.000000e+00  1.000000e+00
   outer loop
     vertex -4.348379e+01  1.232056e+01  1.200000e+01
     vertex -4.348379e+01  2.767944e+01  1.200000e+01
     vertex -4.360415e+01  2.754784e+01  1.200000e+01
   endloop
 endfacet
 facet normal  0.000000e+00  0.000000e+00  1.000000e+00
   outer loop
     vertex -4.348379e+01  1.232056e+01  1.200000e+01
     vertex -4.360415e+01  2.754784e+01  1.200000e+01
     vertex -4.360415e+01  1.245216e+01  1.200000e+01
   endloop
 endfacet
 facet normal  0.000000e+00  0.000000e+00  1.000000e+00
   outer loop
     vertex -4.336709e+01  1.218570e+01  1.200000e+01
     vertex -4.336709e+01  2.781430e+01  1.200000e+01
     vertex -4.348379e+01  1.232056e+01  1.200000e+01
   endloop
 endfacet
 facet normal  0.000000e+00 -0.000000e+00  1.000000e+00
   outer loop
     vertex -4.336709e+01  1.218570e+01  1.200000e+01
     vertex -4.325413e+01  2.795230e+01  1.200000e+01
     vertex -4.336709e+01  2.781430e+01  1.200000e+01
   endloop
 endfacet
 facet normal  0.000000e+00  0.000000e+00  1.000000e+00
   outer loop
     vertex -4.325413e+01  1.204770e+01  1.200000e+01
     vertex -4.314500e+01  2.809335e+01  1.200000e+01
     vertex -4.325413e+01  2.795230e+01  1.200000e+01
   endloop
 endfacet
 facet normal  0.000000e+00 -0.000000e+00  1.000000e+00
   outer loop
     vertex -4.325413e+01  1.204770e+01  1.200000e+01
     vertex -4.325413e+01  2.795230e+01  1.200000e+01
     vertex -4.336709e+01  1.218570e+01  1.200000e+01
   endloop
 endfacet
 facet normal  0.000000e+00  0.000000e+00  1.000000e+00
   outer loop
     vertex -4.314500e+01  1.190665e+01  1.200000e+01
     vertex -4.314500e+01  2.809335e+01  1.200000e+01
     vertex -4.325413e+01  1.204770e+01  1.200000e+01
   endloop
 endfacet
 facet normal  0.000000e+00  0.000000e+00  1.000000e+00
   outer loop
     vertex -4.303978e+01  1.176266e+01  1.200000e+01
     vertex -4.303978e+01  2.823734e+01  1.200000e+01
     vertex -4.314500e+01  2.809335e+01  1.200000e+01
   endloop
 endfacet
 facet normal  0.000000e+00  0.000000e+00  1.000000e+00
   outer loop
     vertex -4.303978e+01  1.176266e+01  1.200000e+01
     vertex -4.314500e+01  2.809335e+01  1.200000e+01
     vertex -4.314500e+01  1.190665e+01  1.200000e+01
   endloop
 endfacet
 facet normal  0.000000e+00 -0.000000e+00  1.000000e+00
   outer loop
     vertex -4.293855e+01  1.161584e+01  1.200000e+01
     vertex -4.293855e+01  2.838416e+01  1.200000e+01
     vertex -4.303978e+01  2.823734e+01  1.200000e+01
   endloop
 endfacet
 facet normal  0.000000e+00  0.000000e+00  1.000000e+00
   outer loop
     vertex -4.293855e+01  1.161584e+01  1.200000e+01
     vertex -4.303978e+01  2.823734e+01  1.200000e+01
     vertex -4.303978e+01  1.176266e+01  1.200000e+01
   endloop
 endfacet
 facet normal  0.000000e+00 -0.000000e+00  1.000000e+00
   outer loop
     vertex -4.284138e+01  1.146629e+01  1.200000e+01
     vertex -4.284138e+01  2.853371e+01  1.200000e+01
     vertex -4.293855e+01  2.838416e+01  1.200000e+01
   endloop
 endfacet
 facet normal  0.000000e+00  0.000000e+00  1.000000e+00
   outer loop
     vertex -4.284138e+01  1.146629e+01  1.200000e+01
     vertex -4.293855e+01  2.838416e+01  1.200000e+01
     vertex -4.293855e+01  1.161584e+01  1.200000e+01
   endloop
 endfacet
 facet normal  0.000000e+00  0.000000e+00  1.000000e+00
   outer loop
     vertex -4.274836e+01  1.131414e+01  1.200000e+01
     vertex -4.265954e+01  2.884051e+01  1.200000e+01
     vertex -4.274836e+01  2.868586e+01  1.200000e+01
   endloop
 endfacet
 facet normal  0.000000e+00 -0.000000e+00  1.000000e+00
   outer loop
     vertex -4.274836e+01  1.131414e+01  1.200000e+01
     vertex -4.274836e+01  2.868586e+01  1.200000e+01
     vertex -4.284138e+01  2.853371e+01  1.200000e+01
   endloop
 endfacet
 facet normal  0.000000e+00  0.000000e+00  1.000000e+00
   outer loop
     vertex -4.274836e+01  1.131414e+01  1.200000e+01
     vertex -4.284138e+01  2.853371e+01  1.200000e+01
     vertex -4.284138e+01  1.146629e+01  1.200000e+01
   endloop
 endfacet
 facet normal  0.000000e+00  0.000000e+00  1.000000e+00
   outer loop
     vertex -4.265954e+01  1.115949e+01  1.200000e+01
     vertex -4.265954e+01  2.884051e+01  1.200000e+01
     vertex -4.274836e+01  1.131414e+01  1.200000e+01
   endloop
 endfacet
 facet normal  0.000000e+00 -0.000000e+00  1.000000e+00
   outer loop
     vertex -4.265954e+01  1.115949e+01  1.200000e+01
     vertex -4.257500e+01  2.899754e+01  1.200000e+01
     vertex -4.265954e+01  2.884051e+01  1.200000e+01
   endloop
 endfacet
 facet normal  0.000000e+00 -0.000000e+00  1.000000e+00
   outer loop
     vertex -4.257500e+01  1.100246e+01  1.200000e+01
     vertex -4.257500e+01  2.899754e+01  1.200000e+01
     vertex -4.265954e+01  1.115949e+01  1.200000e+01
   endloop
 endfacet
 facet normal  0.000000e+00  0.000000e+00  1.000000e+00
   outer loop
     vertex -4.257500e+01  1.100246e+01  1.200000e+01
     vertex -2.420000e+01  4.000000e+01  1.200000e+01
     vertex -4.257500e+01  2.899754e+01  1.200000e+01
   endloop
 endfacet
 facet normal  0.000000e+00 -0.000000e+00  1.000000e+00
   outer loop
     vertex -4.249480e+01  1.084318e+01  1.200000e+01
     vertex -2.420000e+01  4.000000e+01  1.200000e+01
     vertex -4.257500e+01  1.100246e+01  1.200000e+01
   endloop
 endfacet
 facet normal  0.000000e+00 -0.000000e+00  1.000000e+00
   outer loop
     vertex -4.241900e+01  1.068175e+01  1.200000e+01
     vertex -2.420000e+01  4.000000e+01  1.200000e+01
     vertex -4.249480e+01  1.084318e+01  1.200000e+01
   endloop
 endfacet
 facet normal  0.000000e+00 -0.000000e+00  1.000000e+00
   outer loop
     vertex -4.234766e+01  1.051830e+01  1.200000e+01
     vertex -2.420000e+01  4.000000e+01  1.200000e+01
     vertex -4.241900e+01  1.068175e+01  1.200000e+01
   endloop
 endfacet
 facet normal  0.000000e+00 -0.000000e+00  1.000000e+00
   outer loop
     vertex -4.228083e+01  1.035296e+01  1.200000e+01
     vertex -2.420000e+01  4.000000e+01  1.200000e+01
     vertex -4.234766e+01  1.051830e+01  1.200000e+01
   endloop
 endfacet
 facet normal  0.000000e+00 -0.000000e+00  1.000000e+00
   outer loop
     vertex -4.221856e+01  1.018585e+01  1.200000e+01
     vertex -2.420000e+01  4.000000e+01  1.200000e+01
     vertex -4.228083e+01  1.035296e+01  1.200000e+01
   endloop
 endfacet
 facet normal  0.000000e+00 -0.000000e+00  1.000000e+00
   outer loop
     vertex -4.216089e+01  1.001709e+01  1.200000e+01
     vertex -2.420000e+01  4.000000e+01  1.200000e+01
     vertex -4.221856e+01  1.018585e+01  1.200000e+01
   endloop
 endfacet
 facet normal  0.000000e+00 -0.000000e+00  1.000000e+00
   outer loop
     vertex -4.210788e+01  9.846812e+00  1.200000e+01
     vertex -2.420000e+01  4.000000e+01  1.200000e+01
     vertex -4.216089e+01  1.001709e+01  1.200000e+01
   endloop
 endfacet
 facet normal  0.000000e+00 -0.000000e+00  1.000000e+00
   outer loop
     vertex -4.205956e+01  9.675145e+00  1.200000e+01
     vertex -2.420000e+01  4.000000e+01  1.200000e+01
     vertex -4.210788e+01  9.846812e+00  1.200000e+01
   endloop
 endfacet
 facet normal  0.000000e+00 -0.000000e+00  1.000000e+00
   outer loop
     vertex -4.201597e+01  9.502217e+00  1.200000e+01
     vertex -2.420000e+01  4.000000e+01  1.200000e+01
     vertex -4.205956e+01  9.675145e+00  1.200000e+01
   endloop
 endfacet
 facet normal  0.000000e+00 -0.000000e+00  1.000000e+00
   outer loop
     vertex -4.197714e+01  9.328157e+00  1.200000e+01
     vertex -2.420000e+01  4.000000e+01  1.200000e+01
     vertex -4.201597e+01  9.502217e+00  1.200000e+01
   endloop
 endfacet
 facet normal  0.000000e+00 -0.000000e+00  1.000000e+00
   outer loop
     vertex -4.194310e+01  9.153099e+00  1.200000e+01
     vertex -2.420000e+01  4.000000e+01  1.200000e+01
     vertex -4.197714e+01  9.328157e+00  1.200000e+01
   endloop
 endfacet
 facet normal  0.000000e+00 -0.000000e+00  1.000000e+00
   outer loop
     vertex -4.191387e+01  8.977172e+00  1.200000e+01
     vertex -2.420000e+01  4.000000e+01  1.200000e+01
     vertex -4.194310e+01  9.153099e+00  1.200000e+01
   endloop
 endfacet
 facet normal  0.000000e+00 -0.000000e+00  1.000000e+00
   outer loop
     vertex -4.188948e+01  8.800509e+00  1.200000e+01
     vertex -2.420000e+01  4.000000e+01  1.200000e+01
     vertex -4.191387e+01  8.977172e+00  1.200000e+01
   endloop
 endfacet
 facet normal  0.000000e+00 -0.000000e+00  1.000000e+00
   outer loop
     vertex -4.186995e+01  8.623244e+00  1.200000e+01
     vertex -2.420000e+01  4.000000e+01  1.200000e+01
     vertex -4.188948e+01  8.800509e+00  1.200000e+01
   endloop
 endfacet
 facet normal  0.000000e+00 -0.000000e+00  1.000000e+00
   outer loop
     vertex -4.185529e+01  8.445510e+00  1.200000e+01
     vertex -2.420000e+01  4.000000e+01  1.200000e+01
     vertex -4.186995e+01  8.623244e+00  1.200000e+01
   endloop
 endfacet
 facet normal  0.000000e+00 -0.000000e+00  1.000000e+00
   outer loop
     vertex -4.184550e+01  8.267440e+00  1.200000e+01
     vertex -2.420000e+01  4.000000e+01  1.200000e+01
     vertex -4.185529e+01  8.445510e+00  1.200000e+01
   endloop
 endfacet
 facet normal  0.000000e+00 -0.000000e+00  1.000000e+00
   outer loop
     vertex -4.184061e+01  8.089169e+00  1.200000e+01
     vertex -2.420000e+01  4.000000e+01  1.200000e+01
     vertex -4.184550e+01  8.267440e+00  1.200000e+01
   endloop
 endfacet
 facet normal  0.000000e+00  0.000000e+00  1.000000e+00
   outer loop
     vertex -4.184061e+01  7.910831e+00  1.200000e+01
     vertex -2.420000e+01  4.000000e+01  1.200000e+01
     vertex -4.184061e+01  8.089169e+00  1.200000e+01
   endloop
 endfacet
 facet normal  0.000000e+00  0.000000e+00  1.000000e+00
   outer loop
     vertex -4.184550e+01  7.732560e+00  1.200000e+01
     vertex -2.420000e+01  4.000000e+01  1.200000e+01
     vertex -4.184061e+01  7.910831e+00  1.200000e+01
   endloop
 endfacet
 facet normal  0.000000e+00  0.000000e+00  1.000000e+00
   outer loop
     vertex -4.185529e+01  7.554490e+00  1.200000e+01
     vertex -2.420000e+01  4.000000e+01  1.200000e+01
     vertex -4.184550e+01  7.732560e+00  1.200000e+01
   endloop
 endfacet
 facet normal  0.000000e+00  0.000000e+00  1.000000e+00
   outer loop
     vertex -4.186995e+01  7.376756e+00  1.200000e+01
     vertex -2.420000e+01  4.000000e+01  1.200000e+01
     vertex -4.185529e+01  7.554490e+00  1.200000e+01
   endloop
 endfacet
 facet normal  0.000000e+00  0.000000e+00  1.000000e+00
   outer loop
     vertex -5.568784e+01 -1.249938e+01  1.200000e+01
     vertex -5.369134e+01  4.310402e+00  1.200000e+01
     vertex -5.379055e+01  4.458600e+00  1.200000e+01
   endloop
 endfacet
 facet normal  0.000000e+00  0.000000e+00  1.000000e+00
   outer loop
     vertex -5.568784e+01 -1.249938e+01  1.200000e+01
     vertex -5.379055e+01  4.458600e+00  1.200000e+01
     vertex -5.388565e+01  4.609463e+00  1.200000e+01
   endloop
 endfacet
 facet normal  0.000000e+00  0.000000e+00  1.000000e+00
   outer loop
     vertex -5.589084e+01 -1.270378e+01  1.200000e+01
     vertex -5.388565e+01  4.609463e+00  1.200000e+01
     vertex -5.397658e+01  4.762879e+00  1.200000e+01
   endloop
 endfacet
 facet normal  0.000000e+00  0.000000e+00  1.000000e+00
   outer loop
     vertex -5.589084e+01 -1.270378e+01  1.200000e+01
     vertex -5.568784e+01 -1.249938e+01  1.200000e+01
     vertex -5.388565e+01  4.609463e+00  1.200000e+01
   endloop
 endfacet
 facet normal  0.000000e+00  0.000000e+00  1.000000e+00
   outer loop
     vertex -5.547930e+01 -1.230062e+01  1.200000e+01
     vertex -5.358811e+01  4.164982e+00  1.200000e+01
     vertex -5.369134e+01  4.310402e+00  1.200000e+01
   endloop
 endfacet
 facet normal  0.000000e+00 -0.000000e+00  1.000000e+00
   outer loop
     vertex -5.547930e+01 -1.230062e+01  1.200000e+01
     vertex -5.369134e+01  4.310402e+00  1.200000e+01
     vertex -5.568784e+01 -1.249938e+01  1.200000e+01
   endloop
 endfacet
 facet normal  0.000000e+00  0.000000e+00  1.000000e+00
   outer loop
     vertex -5.608817e+01 -1.291368e+01  1.200000e+01
     vertex -5.397658e+01  4.762879e+00  1.200000e+01
     vertex -5.406327e+01  4.918732e+00  1.200000e+01
   endloop
 endfacet
 facet normal  0.000000e+00  0.000000e+00  1.000000e+00
   outer loop
     vertex -5.608817e+01 -1.291368e+01  1.200000e+01
     vertex -5.589084e+01 -1.270378e+01  1.200000e+01
     vertex -5.397658e+01  4.762879e+00  1.200000e+01
   endloop
 endfacet
 facet normal  0.000000e+00  0.000000e+00  1.000000e+00
   outer loop
     vertex -5.526539e+01 -1.210766e+01  1.200000e+01
     vertex -5.348092e+01  4.022449e+00  1.200000e+01
     vertex -5.358811e+01  4.164982e+00  1.200000e+01
   endloop
 endfacet
 facet normal  0.000000e+00 -0.000000e+00  1.000000e+00
   outer loop
     vertex -5.526539e+01 -1.210766e+01  1.200000e+01
     vertex -5.358811e+01  4.164982e+00  1.200000e+01
     vertex -5.547930e+01 -1.230062e+01  1.200000e+01
   endloop
 endfacet
 facet normal  0.000000e+00  0.000000e+00  1.000000e+00
   outer loop
     vertex -5.627966e+01 -1.312891e+01  1.200000e+01
     vertex -5.608817e+01 -1.291368e+01  1.200000e+01
     vertex -5.406327e+01  4.918732e+00  1.200000e+01
   endloop
 endfacet
 facet normal  0.000000e+00  0.000000e+00  1.000000e+00
   outer loop
     vertex -5.627966e+01 -1.312891e+01  1.200000e+01
     vertex -5.406327e+01  4.918732e+00  1.200000e+01
     vertex -5.414564e+01  5.076904e+00  1.200000e+01
   endloop
 endfacet
 facet normal  0.000000e+00  0.000000e+00  1.000000e+00
   outer loop
     vertex -5.504626e+01 -1.192064e+01  1.200000e+01
     vertex -5.336987e+01  3.882909e+00  1.200000e+01
     vertex -5.348092e+01  4.022449e+00  1.200000e+01
   endloop
 endfacet
 facet normal  0.000000e+00 -0.000000e+00  1.000000e+00
   outer loop
     vertex -5.504626e+01 -1.192064e+01  1.200000e+01
     vertex -5.348092e+01  4.022449e+00  1.200000e+01
     vertex -5.526539e+01 -1.210766e+01  1.200000e+01
   endloop
 endfacet
 facet normal  0.000000e+00  0.000000e+00  1.000000e+00
   outer loop
     vertex -5.646517e+01 -1.334932e+01  1.200000e+01
     vertex -5.627966e+01 -1.312891e+01  1.200000e+01
     vertex -5.414564e+01  5.076904e+00  1.200000e+01
   endloop
 endfacet
 facet normal  0.000000e+00  0.000000e+00  1.000000e+00
   outer loop
     vertex -5.646517e+01 -1.334932e+01  1.200000e+01
     vertex -5.414564e+01  5.076904e+00  1.200000e+01
     vertex -5.422365e+01  5.237277e+00  1.200000e+01
   endloop
 endfacet
 facet normal  0.000000e+00  0.000000e+00  1.000000e+00
   outer loop
     vertex -5.482209e+01 -1.173970e+01  1.200000e+01
     vertex -5.325503e+01  3.746469e+00  1.200000e+01
     vertex -5.336987e+01  3.882909e+00  1.200000e+01
   endloop
 endfacet
 facet normal  0.000000e+00 -0.000000e+00  1.000000e+00
   outer loop
     vertex -5.482209e+01 -1.173970e+01  1.200000e+01
     vertex -5.336987e+01  3.882909e+00  1.200000e+01
     vertex -5.504626e+01 -1.192064e+01  1.200000e+01
   endloop
 endfacet
 facet normal  0.000000e+00  0.000000e+00  1.000000e+00
   outer loop
     vertex -5.664457e+01 -1.357472e+01  1.200000e+01
     vertex -5.422365e+01  5.237277e+00  1.200000e+01
     vertex -5.429723e+01  5.399729e+00  1.200000e+01
   endloop
 endfacet
 facet normal  0.000000e+00  0.000000e+00  1.000000e+00
   outer loop
     vertex -5.664457e+01 -1.357472e+01  1.200000e+01
     vertex -5.429723e+01  5.399729e+00  1.200000e+01
     vertex -5.436632e+01  5.564139e+00  1.200000e+01
   endloop
 endfacet
 facet normal  0.000000e+00  0.000000e+00  1.000000e+00
   outer loop
     vertex -5.664457e+01 -1.357472e+01  1.200000e+01
     vertex -5.646517e+01 -1.334932e+01  1.200000e+01
     vertex -5.422365e+01  5.237277e+00  1.200000e+01
   endloop
 endfacet
 facet normal  0.000000e+00 -0.000000e+00  1.000000e+00
   outer loop
     vertex -5.459303e+01 -1.156498e+01  1.200000e+01
     vertex -5.325503e+01  3.746469e+00  1.200000e+01
     vertex -5.482209e+01 -1.173970e+01  1.200000e+01
   endloop
 endfacet
 facet normal  0.000000e+00  0.000000e+00  1.000000e+00
   outer loop
     vertex -5.459303e+01 -1.156498e+01  1.200000e+01
     vertex -5.301433e+01  3.483295e+00  1.200000e+01
     vertex -5.313648e+01  3.613231e+00  1.200000e+01
   endloop
 endfacet
 facet normal  0.000000e+00  0.000000e+00  1.000000e+00
   outer loop
     vertex -5.459303e+01 -1.156498e+01  1.200000e+01
     vertex -5.313648e+01  3.613231e+00  1.200000e+01
     vertex -5.325503e+01  3.746469e+00  1.200000e+01
   endloop
 endfacet
 facet normal  0.000000e+00  0.000000e+00  1.000000e+00
   outer loop
     vertex -5.681771e+01 -1.380497e+01  1.200000e+01
     vertex -5.664457e+01 -1.357472e+01  1.200000e+01
     vertex -5.436632e+01  5.564139e+00  1.200000e+01
   endloop
 endfacet
 facet normal  0.000000e+00  0.000000e+00  1.000000e+00
   outer loop
     vertex -5.681771e+01 -1.380497e+01  1.200000e+01
     vertex -5.436632e+01  5.564139e+00  1.200000e+01
     vertex -5.443088e+01  5.730382e+00  1.200000e+01
   endloop
 endfacet
 facet normal  0.000000e+00 -0.000000e+00  1.000000e+00
   outer loop
     vertex -5.435927e+01 -1.139661e+01  1.200000e+01
     vertex -5.301433e+01  3.483295e+00  1.200000e+01
     vertex -5.459303e+01 -1.156498e+01  1.200000e+01
   endloop
 endfacet
 facet normal  0.000000e+00  0.000000e+00  1.000000e+00
   outer loop
     vertex -5.435927e+01 -1.139661e+01  1.200000e+01
     vertex -5.288866e+01  3.356760e+00  1.200000e+01
     vertex -5.301433e+01  3.483295e+00  1.200000e+01
   endloop
 endfacet
 facet normal  0.000000e+00  0.000000e+00  1.000000e+00
   outer loop
     vertex -5.698448e+01 -1.403988e+01  1.200000e+01
     vertex -5.443088e+01  5.730382e+00  1.200000e+01
     vertex -5.449085e+01  5.898334e+00  1.200000e+01
   endloop
 endfacet
 facet normal  0.000000e+00  0.000000e+00  1.000000e+00
   outer loop
     vertex -5.698448e+01 -1.403988e+01  1.200000e+01
     vertex -5.681771e+01 -1.380497e+01  1.200000e+01
     vertex -5.443088e+01  5.730382e+00  1.200000e+01
   endloop
 endfacet
 facet normal  0.000000e+00 -0.000000e+00  1.000000e+00
   outer loop
     vertex -5.412098e+01 -1.123471e+01  1.200000e+01
     vertex -5.288866e+01  3.356760e+00  1.200000e+01
     vertex -5.435927e+01 -1.139661e+01  1.200000e+01
   endloop
 endfacet
 facet normal  0.000000e+00  0.000000e+00  1.000000e+00
   outer loop
     vertex -5.412098e+01 -1.123471e+01  1.200000e+01
     vertex -5.275957e+01  3.233719e+00  1.200000e+01
     vertex -5.288866e+01  3.356760e+00  1.200000e+01
   endloop
 endfacet
 facet normal  0.000000e+00  0.000000e+00  1.000000e+00
   outer loop
     vertex -5.714473e+01 -1.427928e+01  1.200000e+01
     vertex -5.698448e+01 -1.403988e+01  1.200000e+01
     vertex -5.449085e+01  5.898334e+00  1.200000e+01
   endloop
 endfacet
 facet normal  0.000000e+00  0.000000e+00  1.000000e+00
   outer loop
     vertex -5.714473e+01 -1.427928e+01  1.200000e+01
     vertex -5.449085e+01  5.898334e+00  1.200000e+01
     vertex -5.454620e+01  6.067867e+00  1.200000e+01
   endloop
 endfacet
 facet normal  0.000000e+00 -0.000000e+00  1.000000e+00
   outer loop
     vertex -5.387834e+01 -1.107942e+01  1.200000e+01
     vertex -5.275957e+01  3.233719e+00  1.200000e+01
     vertex -5.412098e+01 -1.123471e+01  1.200000e+01
   endloop
 endfacet
 facet normal  0.000000e+00  0.000000e+00  1.000000e+00
   outer loop
     vertex -5.387834e+01 -1.107942e+01  1.200000e+01
     vertex -5.262714e+01  3.114266e+00  1.200000e+01
     vertex -5.275957e+01  3.233719e+00  1.200000e+01
   endloop
 endfacet
 facet normal  0.000000e+00  0.000000e+00  1.000000e+00
   outer loop
     vertex -5.729836e+01 -1.452298e+01  1.200000e+01
     vertex -5.714473e+01 -1.427928e+01  1.200000e+01
     vertex -5.454620e+01  6.067867e+00  1.200000e+01
   endloop
 endfacet
 facet normal  0.000000e+00  0.000000e+00  1.000000e+00
   outer loop
     vertex -5.729836e+01 -1.452298e+01  1.200000e+01
     vertex -5.454620e+01  6.067867e+00  1.200000e+01
     vertex -5.459687e+01  6.238856e+00  1.200000e+01
   endloop
 endfacet
 facet normal  0.000000e+00  0.000000e+00  1.000000e+00
   outer loop
     vertex -5.363153e+01 -1.093084e+01  1.200000e+01
     vertex -5.235272e+01  2.886482e+00  1.200000e+01
     vertex -5.249150e+01  2.998492e+00  1.200000e+01
   endloop
 endfacet
 facet normal  0.000000e+00  0.000000e+00  1.000000e+00
   outer loop
     vertex -5.363153e+01 -1.093084e+01  1.200000e+01
     vertex -5.249150e+01  2.998492e+00  1.200000e+01
     vertex -5.262714e+01  3.114266e+00  1.200000e+01
   endloop
 endfacet
 facet normal  0.000000e+00 -0.000000e+00  1.000000e+00
   outer loop
     vertex -5.363153e+01 -1.093084e+01  1.200000e+01
     vertex -5.262714e+01  3.114266e+00  1.200000e+01
     vertex -5.387834e+01 -1.107942e+01  1.200000e+01
   endloop
 endfacet
 facet normal  0.000000e+00  0.000000e+00  1.000000e+00
   outer loop
     vertex -5.744525e+01 -1.477081e+01  1.200000e+01
     vertex -5.459687e+01  6.238856e+00  1.200000e+01
     vertex -5.464283e+01  6.411170e+00  1.200000e+01
   endloop
 endfacet
 facet normal  0.000000e+00  0.000000e+00  1.000000e+00
   outer loop
     vertex -5.744525e+01 -1.477081e+01  1.200000e+01
     vertex -5.729836e+01 -1.452298e+01  1.200000e+01
     vertex -5.459687e+01  6.238856e+00  1.200000e+01
   endloop
 endfacet
 facet normal  0.000000e+00  0.000000e+00  1.000000e+00
   outer loop
     vertex -5.338073e+01 -1.078908e+01  1.200000e+01
     vertex -5.221093e+01  2.778321e+00  1.200000e+01
     vertex -5.235272e+01  2.886482e+00  1.200000e+01
   endloop
 endfacet
 facet normal  0.000000e+00 -0.000000e+00  1.000000e+00
   outer loop
     vertex -5.338073e+01 -1.078908e+01  1.200000e+01
     vertex -5.235272e+01  2.886482e+00  1.200000e+01
     vertex -5.363153e+01 -1.093084e+01  1.200000e+01
   endloop
 endfacet
 facet normal  0.000000e+00  0.000000e+00  1.000000e+00
   outer loop
     vertex -5.758528e+01 -1.502257e+01  1.200000e+01
     vertex -5.744525e+01 -1.477081e+01  1.200000e+01
     vertex -5.464283e+01  6.411170e+00  1.200000e+01
   endloop
 endfacet
 facet normal  0.000000e+00  0.000000e+00  1.000000e+00
   outer loop
     vertex -5.758528e+01 -1.502257e+01  1.200000e+01
     vertex -5.464283e+01  6.411170e+00  1.200000e+01
     vertex -5.468404e+01  6.584680e+00  1.200000e+01
   endloop
 endfacet
 facet normal  0.000000e+00 -0.000000e+00  1.000000e+00
   outer loop
     vertex -5.312614e+01 -1.065426e+01  1.200000e+01
     vertex -5.221093e+01  2.778321e+00  1.200000e+01
     vertex -5.338073e+01 -1.078908e+01  1.200000e+01
   endloop
 endfacet
 facet normal  0.000000e+00  0.000000e+00  1.000000e+00
   outer loop
     vertex -5.312614e+01 -1.065426e+01  1.200000e+01
     vertex -5.206622e+01  2.674091e+00  1.200000e+01
     vertex -5.221093e+01  2.778321e+00  1.200000e+01
   endloop
 endfacet
 facet normal  0.000000e+00  0.000000e+00  1.000000e+00
   outer loop
     vertex -5.771835e+01 -1.527808e+01  1.200000e+01
     vertex -5.758528e+01 -1.502257e+01  1.200000e+01
     vertex -5.468404e+01  6.584680e+00  1.200000e+01
   endloop
 endfacet
 facet normal  0.000000e+00  0.000000e+00  1.000000e+00
   outer loop
     vertex -5.771835e+01 -1.527808e+01  1.200000e+01
     vertex -5.468404e+01  6.584680e+00  1.200000e+01
     vertex -5.472048e+01  6.759255e+00  1.200000e+01
   endloop
 endfacet
 facet normal  0.000000e+00 -0.000000e+00  1.000000e+00
   outer loop
     vertex -5.286795e+01 -1.052648e+01  1.200000e+01
     vertex -5.206622e+01  2.674091e+00  1.200000e+01
     vertex -5.312614e+01 -1.065426e+01  1.200000e+01
   endloop
 endfacet
 facet normal  0.000000e+00  0.000000e+00  1.000000e+00
   outer loop
     vertex -5.286795e+01 -1.052648e+01  1.200000e+01
     vertex -5.191870e+01  2.573871e+00  1.200000e+01
     vertex -5.206622e+01  2.674091e+00  1.200000e+01
   endloop
 endfacet
 facet normal  0.000000e+00  0.000000e+00  1.000000e+00
   outer loop
     vertex -5.784436e+01 -1.553714e+01  1.200000e+01
     vertex -5.771835e+01 -1.527808e+01  1.200000e+01
     vertex -5.472048e+01  6.759255e+00  1.200000e+01
   endloop
 endfacet
 facet normal  0.000000e+00  0.000000e+00  1.000000e+00
   outer loop
     vertex -5.784436e+01 -1.553714e+01  1.200000e+01
     vertex -5.472048e+01  6.759255e+00  1.200000e+01
     vertex -5.475212e+01  6.934765e+00  1.200000e+01
   endloop
 endfacet
 facet normal  0.000000e+00  0.000000e+00  1.000000e+00
   outer loop
     vertex -5.784436e+01 -1.553714e+01  1.200000e+01
     vertex -5.475212e+01  6.934765e+00  1.200000e+01
     vertex -5.477893e+01  7.111076e+00  1.200000e+01
   endloop
 endfacet
 facet normal  0.000000e+00  0.000000e+00  1.000000e+00
   outer loop
     vertex -5.260635e+01 -1.040582e+01  1.200000e+01
     vertex -5.161571e+01  2.385756e+00  1.200000e+01
     vertex -5.176850e+01  2.477735e+00  1.200000e+01
   endloop
 endfacet
 facet normal  0.000000e+00  0.000000e+00  1.000000e+00
   outer loop
     vertex -5.260635e+01 -1.040582e+01  1.200000e+01
     vertex -5.176850e+01  2.477735e+00  1.200000e+01
     vertex -5.191870e+01  2.573871e+00  1.200000e+01
   endloop
 endfacet
 facet normal  0.000000e+00 -0.000000e+00  1.000000e+00
   outer loop
     vertex -5.260635e+01 -1.040582e+01  1.200000e+01
     vertex -5.191870e+01  2.573871e+00  1.200000e+01
     vertex -5.286795e+01 -1.052648e+01  1.200000e+01
   endloop
 endfacet
 facet normal  0.000000e+00  0.000000e+00  1.000000e+00
   outer loop
     vertex -5.796322e+01 -1.579956e+01  1.200000e+01
     vertex -5.784436e+01 -1.553714e+01  1.200000e+01
     vertex -5.477893e+01  7.111076e+00  1.200000e+01
   endloop
 endfacet
 facet normal  5.113250e-16 -7.106770e-17  1.000000e+00
   outer loop
     vertex -5.796322e+01 -1.579956e+01  1.200000e+01
     vertex -5.477893e+01  7.111076e+00  1.200000e+01
     vertex -7.800000e+01  4.000000e+01  1.200000e+01
   endloop
 endfacet
 facet normal  0.000000e+00  0.000000e+00  1.000000e+00
   outer loop
     vertex -5.234153e+01 -1.029239e+01  1.200000e+01
     vertex -5.146045e+01  2.298003e+00  1.200000e+01
     vertex -5.161571e+01  2.385756e+00  1.200000e+01
   endloop
 endfacet
 facet normal  0.000000e+00 -0.000000e+00  1.000000e+00
   outer loop
     vertex -5.234153e+01 -1.029239e+01  1.200000e+01
     vertex -5.161571e+01  2.385756e+00  1.200000e+01
     vertex -5.260635e+01 -1.040582e+01  1.200000e+01
   endloop
 endfacet
 facet normal  3.267858e-16 -1.373329e-16  1.000000e+00
   outer loop
     vertex -5.807483e+01 -1.606515e+01  1.200000e+01
     vertex -5.796322e+01 -1.579956e+01  1.200000e+01
     vertex -7.800000e+01  4.000000e+01  1.200000e+01
   endloop
 endfacet
 facet normal  0.000000e+00  0.000000e+00  1.000000e+00
   outer loop
     vertex -5.207371e+01 -1.018626e+01  1.200000e+01
     vertex -5.130285e+01  2.214542e+00  1.200000e+01
     vertex -5.146045e+01  2.298003e+00  1.200000e+01
   endloop
 endfacet
 facet normal  0.000000e+00 -0.000000e+00  1.000000e+00
   outer loop
     vertex -5.207371e+01 -1.018626e+01  1.200000e+01
     vertex -5.146045e+01  2.298003e+00  1.200000e+01
     vertex -5.234153e+01 -1.029239e+01  1.200000e+01
   endloop
 endfacet
 facet normal  0.000000e+00  0.000000e+00  1.000000e+00
   outer loop
     vertex -5.180307e+01 -1.008753e+01  1.200000e+01
     vertex -5.098107e+01  2.060746e+00  1.200000e+01
     vertex -5.114302e+01  2.135437e+00  1.200000e+01
   endloop
 endfacet
 facet normal  0.000000e+00  0.000000e+00  1.000000e+00
   outer loop
     vertex -5.180307e+01 -1.008753e+01  1.200000e+01
     vertex -5.114302e+01  2.135437e+00  1.200000e+01
     vertex -5.130285e+01  2.214542e+00  1.200000e+01
   endloop
 endfacet
 facet normal  0.000000e+00 -0.000000e+00  1.000000e+00
   outer loop
     vertex -5.180307e+01 -1.008753e+01  1.200000e+01
     vertex -5.130285e+01  2.214542e+00  1.200000e+01
     vertex -5.207371e+01 -1.018626e+01  1.200000e+01
   endloop
 endfacet
 facet normal  0.000000e+00  0.000000e+00  1.000000e+00
   outer loop
     vertex -5.152983e+01 -9.996252e+00  1.200000e+01
     vertex -5.081714e+01  1.990526e+00  1.200000e+01
     vertex -5.098107e+01  2.060746e+00  1.200000e+01
   endloop
 endfacet
 facet normal  0.000000e+00 -0.000000e+00  1.000000e+00
   outer loop
     vertex -5.152983e+01 -9.996252e+00  1.200000e+01
     vertex -5.098107e+01  2.060746e+00  1.200000e+01
     vertex -5.180307e+01 -1.008753e+01  1.200000e+01
   endloop
 endfacet
 facet normal  0.000000e+00  0.000000e+00  1.000000e+00
   outer loop
     vertex -5.125419e+01 -9.912507e+00  1.200000e+01
     vertex -5.065134e+01  1.924830e+00  1.200000e+01
     vertex -5.081714e+01  1.990526e+00  1.200000e+01
   endloop
 endfacet
 facet normal  0.000000e+00 -0.000000e+00  1.000000e+00
   outer loop
     vertex -5.125419e+01 -9.912507e+00  1.200000e+01
     vertex -5.081714e+01  1.990526e+00  1.200000e+01
     vertex -5.152983e+01 -9.996252e+00  1.200000e+01
   endloop
 endfacet
 facet normal  0.000000e+00  0.000000e+00  1.000000e+00
   outer loop
     vertex -5.097635e+01 -9.836356e+00  1.200000e+01
     vertex -5.031466e+01  1.807204e+00  1.200000e+01
     vertex -5.048381e+01  1.863707e+00  1.200000e+01
   endloop
 endfacet
 facet normal  0.000000e+00  0.000000e+00  1.000000e+00
   outer loop
     vertex -5.097635e+01 -9.836356e+00  1.200000e+01
     vertex -5.048381e+01  1.863707e+00  1.200000e+01
     vertex -5.065134e+01  1.924830e+00  1.200000e+01
   endloop
 endfacet
 facet normal  0.000000e+00 -0.000000e+00  1.000000e+00
   outer loop
     vertex -5.097635e+01 -9.836356e+00  1.200000e+01
     vertex -5.065134e+01  1.924830e+00  1.200000e+01
     vertex -5.125419e+01 -9.912507e+00  1.200000e+01
   endloop
 endfacet
 facet normal  0.000000e+00  0.000000e+00  1.000000e+00
   outer loop
     vertex -5.069653e+01 -9.767856e+00  1.200000e+01
     vertex -5.014402e+01  1.755362e+00  1.200000e+01
     vertex -5.031466e+01  1.807204e+00  1.200000e+01
   endloop
 endfacet
 facet normal  0.000000e+00 -0.000000e+00  1.000000e+00
   outer loop
     vertex -5.069653e+01 -9.767856e+00  1.200000e+01
     vertex -5.031466e+01  1.807204e+00  1.200000e+01
     vertex -5.097635e+01 -9.836356e+00  1.200000e+01
   endloop
 endfacet
 facet normal  0.000000e+00  0.000000e+00  1.000000e+00
   outer loop
     vertex -5.041493e+01 -9.707058e+00  1.200000e+01
     vertex -4.997203e+01  1.708220e+00  1.200000e+01
     vertex -5.014402e+01  1.755362e+00  1.200000e+01
   endloop
 endfacet
 facet normal  0.000000e+00 -0.000000e+00  1.000000e+00
   outer loop
     vertex -5.041493e+01 -9.707058e+00  1.200000e+01
     vertex -5.014402e+01  1.755362e+00  1.200000e+01
     vertex -5.069653e+01 -9.767856e+00  1.200000e+01
   endloop
 endfacet
 facet normal  0.000000e+00  0.000000e+00  1.000000e+00
   outer loop
     vertex -5.013177e+01 -9.654008e+00  1.200000e+01
     vertex -4.962448e+01  1.628179e+00  1.200000e+01
     vertex -4.979880e+01  1.665815e+00  1.200000e+01
   endloop
 endfacet
 facet normal  0.000000e+00  0.000000e+00  1.000000e+00
   outer loop
     vertex -5.013177e+01 -9.654008e+00  1.200000e+01
     vertex -4.979880e+01  1.665815e+00  1.200000e+01
     vertex -4.997203e+01  1.708220e+00  1.200000e+01
   endloop
 endfacet
 facet normal  0.000000e+00 -0.000000e+00  1.000000e+00
   outer loop
     vertex -5.013177e+01 -9.654008e+00  1.200000e+01
     vertex -4.997203e+01  1.708220e+00  1.200000e+01
     vertex -5.041493e+01 -9.707058e+00  1.200000e+01
   endloop
 endfacet
 facet normal  0.000000e+00  0.000000e+00  1.000000e+00
   outer loop
     vertex -4.984727e+01 -9.608747e+00  1.200000e+01
     vertex -4.944919e+01  1.595338e+00  1.200000e+01
     vertex -4.962448e+01  1.628179e+00  1.200000e+01
   endloop
 endfacet
 facet normal  0.000000e+00 -0.000000e+00  1.000000e+00
   outer loop
     vertex -4.984727e+01 -9.608747e+00  1.200000e+01
     vertex -4.962448e+01  1.628179e+00  1.200000e+01
     vertex -5.013177e+01 -9.654008e+00  1.200000e+01
   endloop
 endfacet
 facet normal  0.000000e+00  0.000000e+00  1.000000e+00
   outer loop
     vertex -4.956163e+01 -9.571307e+00  1.200000e+01
     vertex -4.927307e+01  1.567319e+00  1.200000e+01
     vertex -4.944919e+01  1.595338e+00  1.200000e+01
   endloop
 endfacet
 facet normal  0.000000e+00 -0.000000e+00  1.000000e+00
   outer loop
     vertex -4.956163e+01 -9.571307e+00  1.200000e+01
     vertex -4.944919e+01  1.595338e+00  1.200000e+01
     vertex -4.984727e+01 -9.608747e+00  1.200000e+01
   endloop
 endfacet
 facet normal  0.000000e+00  0.000000e+00  1.000000e+00
   outer loop
     vertex -4.927506e+01 -9.541718e+00  1.200000e+01
     vertex -4.891885e+01  1.525826e+00  1.200000e+01
     vertex -4.909624e+01  1.544143e+00  1.200000e+01
   endloop
 endfacet
 facet normal  0.000000e+00  0.000000e+00  1.000000e+00
   outer loop
     vertex -4.927506e+01 -9.541718e+00  1.200000e+01
     vertex -4.909624e+01  1.544143e+00  1.200000e+01
     vertex -4.927307e+01  1.567319e+00  1.200000e+01
   endloop
 endfacet
 facet normal  0.000000e+00 -0.000000e+00  1.000000e+00
   outer loop
     vertex -4.927506e+01 -9.541718e+00  1.200000e+01
     vertex -4.927307e+01  1.567319e+00  1.200000e+01
     vertex -4.956163e+01 -9.571307e+00  1.200000e+01
   endloop
 endfacet
 facet normal  0.000000e+00  0.000000e+00  1.000000e+00
   outer loop
     vertex -4.898780e+01 -9.520002e+00  1.200000e+01
     vertex -4.874102e+01  1.512382e+00  1.200000e+01
     vertex -4.891885e+01  1.525826e+00  1.200000e+01
   endloop
 endfacet
 facet normal  0.000000e+00 -0.000000e+00  1.000000e+00
   outer loop
     vertex -4.898780e+01 -9.520002e+00  1.200000e+01
     vertex -4.891885e+01  1.525826e+00  1.200000e+01
     vertex -4.927506e+01 -9.541718e+00  1.200000e+01
   endloop
 endfacet
 facet normal  0.000000e+00 -0.000000e+00  1.000000e+00
   outer loop
     vertex -4.870005e+01 -9.506175e+00  1.200000e+01
     vertex -4.856289e+01  1.503823e+00  1.200000e+01
     vertex -4.874102e+01  1.512382e+00  1.200000e+01
   endloop
 endfacet
 facet normal  0.000000e+00  0.000000e+00  1.000000e+00
   outer loop
     vertex -4.870005e+01 -9.506175e+00  1.200000e+01
     vertex -4.874102e+01  1.512382e+00  1.200000e+01
     vertex -4.898780e+01 -9.520002e+00  1.200000e+01
   endloop
 endfacet
 facet normal  7.132112e-16 -0.000000e+00  1.000000e+00
   outer loop
     vertex -7.800000e+01 -3.900000e+01  1.200000e+01
     vertex -5.807483e+01 -1.606515e+01  1.200000e+01
     vertex -7.800000e+01  4.000000e+01  1.200000e+01
   endloop
 endfacet
 facet normal  7.736038e-16 -3.185661e-17  1.000000e+00
   outer loop
     vertex -7.800000e+01 -3.900000e+01  1.200000e+01
     vertex -5.883605e+01 -1.971194e+01  1.200000e+01
     vertex -5.882419e+01 -1.942410e+01  1.200000e+01
   endloop
 endfacet
 facet normal  7.969786e-16 -5.475363e-17  1.000000e+00
   outer loop
     vertex -7.800000e+01 -3.900000e+01  1.200000e+01
     vertex -5.882419e+01 -1.942410e+01  1.200000e+01
     vertex -5.880445e+01 -1.913669e+01  1.200000e+01
   endloop
 endfacet
 facet normal  8.222843e-16 -7.920860e-17  1.000000e+00
   outer loop
     vertex -7.800000e+01 -3.900000e+01  1.200000e+01
     vertex -5.880445e+01 -1.913669e+01  1.200000e+01
     vertex -5.877683e+01 -1.884994e+01  1.200000e+01
   endloop
 endfacet
 facet normal  8.498018e-16 -1.054604e-16  1.000000e+00
   outer loop
     vertex -7.800000e+01 -3.900000e+01  1.200000e+01
     vertex -5.877683e+01 -1.884994e+01  1.200000e+01
     vertex -5.874135e+01 -1.856405e+01  1.200000e+01
   endloop
 endfacet
 facet normal  8.798683e-16 -1.337948e-16  1.000000e+00
   outer loop
     vertex -7.800000e+01 -3.900000e+01  1.200000e+01
     vertex -5.874135e+01 -1.856405e+01  1.200000e+01
     vertex -5.869804e+01 -1.827924e+01  1.200000e+01
   endloop
 endfacet
 facet normal  9.128916e-16 -1.645568e-16  1.000000e+00
   outer loop
     vertex -7.800000e+01 -3.900000e+01  1.200000e+01
     vertex -5.869804e+01 -1.827924e+01  1.200000e+01
     vertex -5.864693e+01 -1.799572e+01  1.200000e+01
   endloop
 endfacet
 facet normal  9.493701e-16 -1.981676e-16  1.000000e+00
   outer loop
     vertex -7.800000e+01 -3.900000e+01  1.200000e+01
     vertex -5.864693e+01 -1.799572e+01  1.200000e+01
     vertex -5.858807e+01 -1.771371e+01  1.200000e+01
   endloop
 endfacet
 facet normal  9.899196e-16 -2.351465e-16  1.000000e+00
   outer loop
     vertex -7.800000e+01 -3.900000e+01  1.200000e+01
     vertex -5.858807e+01 -1.771371e+01  1.200000e+01
     vertex -5.852149e+01 -1.743343e+01  1.200000e+01
   endloop
 endfacet
 facet normal  1.035310e-15 -2.761423e-16  1.000000e+00
   outer loop
     vertex -7.800000e+01 -3.900000e+01  1.200000e+01
     vertex -5.852149e+01 -1.743343e+01  1.200000e+01
     vertex -5.844724e+01 -1.715507e+01  1.200000e+01
   endloop
 endfacet
 facet normal  1.086517e-15 -3.219761e-16  1.000000e+00
   outer loop
     vertex -7.800000e+01 -3.900000e+01  1.200000e+01
     vertex -5.844724e+01 -1.715507e+01  1.200000e+01
     vertex -5.836539e+01 -1.687886e+01  1.200000e+01
   endloop
 endfacet
 facet normal  1.144795e-15 -3.737036e-16  1.000000e+00
   outer loop
     vertex -7.800000e+01 -3.900000e+01  1.200000e+01
     vertex -5.836539e+01 -1.687886e+01  1.200000e+01
     vertex -5.827599e+01 -1.660500e+01  1.200000e+01
   endloop
 endfacet
 facet normal  1.211787e-15 -4.327055e-16  1.000000e+00
   outer loop
     vertex -7.800000e+01 -3.900000e+01  1.200000e+01
     vertex -5.827599e+01 -1.660500e+01  1.200000e+01
     vertex -5.817912e+01 -1.633369e+01  1.200000e+01
   endloop
 endfacet
 facet normal  1.289684e-15 -5.008235e-16  1.000000e+00
   outer loop
     vertex -7.800000e+01 -3.900000e+01  1.200000e+01
     vertex -5.817912e+01 -1.633369e+01  1.200000e+01
     vertex -5.807483e+01 -1.606515e+01  1.200000e+01
   endloop
 endfacet
 facet normal  0.000000e+00  0.000000e+00  1.000000e+00
   outer loop
     vertex -4.841202e+01 -9.500247e+00  1.200000e+01
     vertex -4.820625e+01  1.501376e+00  1.200000e+01
     vertex -4.838459e+01  1.500153e+00  1.200000e+01
   endloop
 endfacet
 facet normal  0.000000e+00 -0.000000e+00  1.000000e+00
   outer loop
     vertex -4.841202e+01 -9.500247e+00  1.200000e+01
     vertex -4.838459e+01  1.500153e+00  1.200000e+01
     vertex -4.856289e+01  1.503823e+00  1.200000e+01
   endloop
 endfacet
 facet normal  0.000000e+00  0.000000e+00  1.000000e+00
   outer loop
     vertex -4.841202e+01 -9.500247e+00  1.200000e+01
     vertex -4.856289e+01  1.503823e+00  1.200000e+01
     vertex -4.870005e+01 -9.506175e+00  1.200000e+01
   endloop
 endfacet
 facet normal  7.519238e-16 -1.031610e-17  1.000000e+00
   outer loop
     vertex -5.884000e+01 -2.000000e+01  1.200000e+01
     vertex -5.883605e+01 -1.971194e+01  1.200000e+01
     vertex -7.800000e+01 -3.900000e+01  1.200000e+01
   endloop
 endfacet
 facet normal  0.000000e+00 -0.000000e+00  1.000000e+00
   outer loop
     vertex -4.812395e+01 -9.502223e+00  1.200000e+01
     vertex -4.802802e+01  1.507491e+00  1.200000e+01
     vertex -4.820625e+01  1.501376e+00  1.200000e+01
   endloop
 endfacet
 facet normal  0.000000e+00  0.000000e+00  1.000000e+00
   outer loop
     vertex -4.812395e+01 -9.502223e+00  1.200000e+01
     vertex -4.820625e+01  1.501376e+00  1.200000e+01
     vertex -4.841202e+01 -9.500247e+00  1.200000e+01
   endloop
 endfacet
 facet normal  7.317385e-16  1.003916e-17  1.000000e+00
   outer loop
     vertex -5.883605e+01 -2.028806e+01  1.200000e+01
     vertex -5.884000e+01 -2.000000e+01  1.200000e+01
     vertex -7.800000e+01 -3.900000e+01  1.200000e+01
   endloop
 endfacet
 facet normal  0.000000e+00  0.000000e+00  1.000000e+00
   outer loop
     vertex -4.783603e+01 -9.512102e+00  1.200000e+01
     vertex -4.802802e+01  1.507491e+00  1.200000e+01
     vertex -4.812395e+01 -9.502223e+00  1.200000e+01
   endloop
 endfacet
 facet normal  0.000000e+00  0.000000e+00  1.000000e+00
   outer loop
     vertex -4.783603e+01 -9.512102e+00  1.200000e+01
     vertex -4.785002e+01  1.518494e+00  1.200000e+01
     vertex -4.802802e+01  1.507491e+00  1.200000e+01
   endloop
 endfacet
 facet normal  7.128774e-16  2.935593e-17  1.000000e+00
   outer loop
     vertex -5.882419e+01 -2.057590e+01  1.200000e+01
     vertex -5.883605e+01 -2.028806e+01  1.200000e+01
     vertex -7.800000e+01 -3.900000e+01  1.200000e+01
   endloop
 endfacet
 facet normal  0.000000e+00  0.000000e+00  1.000000e+00
   outer loop
     vertex -4.754849e+01 -9.529875e+00  1.200000e+01
     vertex -4.785002e+01  1.518494e+00  1.200000e+01
     vertex -4.783603e+01 -9.512102e+00  1.200000e+01
   endloop
 endfacet
 facet normal  0.000000e+00 -0.000000e+00  1.000000e+00
   outer loop
     vertex -4.754849e+01 -9.529875e+00  1.200000e+01
     vertex -4.749526e+01  1.555124e+00  1.200000e+01
     vertex -4.767239e+01  1.534376e+00  1.200000e+01
   endloop
 endfacet
 facet normal  0.000000e+00  0.000000e+00  1.000000e+00
   outer loop
     vertex -4.754849e+01 -9.529875e+00  1.200000e+01
     vertex -4.767239e+01  1.534376e+00  1.200000e+01
     vertex -4.785002e+01  1.518494e+00  1.200000e+01
   endloop
 endfacet
 facet normal  6.951939e-16  4.776087e-17  1.000000e+00
   outer loop
     vertex -5.880445e+01 -2.086331e+01  1.200000e+01
     vertex -5.882419e+01 -2.057590e+01  1.200000e+01
     vertex -7.800000e+01 -3.900000e+01  1.200000e+01
   endloop
 endfacet
 facet normal  0.000000e+00  0.000000e+00  1.000000e+00
   outer loop
     vertex -4.726155e+01 -9.555530e+00  1.200000e+01
     vertex -4.749526e+01  1.555124e+00  1.200000e+01
     vertex -4.754849e+01 -9.529875e+00  1.200000e+01
   endloop
 endfacet
 facet normal  0.000000e+00  0.000000e+00  1.000000e+00
   outer loop
     vertex -4.726155e+01 -9.555530e+00  1.200000e+01
     vertex -4.731877e+01  1.580725e+00  1.200000e+01
     vertex -4.749526e+01  1.555124e+00  1.200000e+01
   endloop
 endfacet
 facet normal  6.785617e-16  6.536416e-17  1.000000e+00
   outer loop
     vertex -5.877683e+01 -2.115006e+01  1.200000e+01
     vertex -5.880445e+01 -2.086331e+01  1.200000e+01
     vertex -7.800000e+01 -3.900000e+01  1.200000e+01
   endloop
 endfacet
 facet normal  0.000000e+00  0.000000e+00  1.000000e+00
   outer loop
     vertex -4.697543e+01 -9.589047e+00  1.200000e+01
     vertex -4.731877e+01  1.580725e+00  1.200000e+01
     vertex -4.726155e+01 -9.555530e+00  1.200000e+01
   endloop
 endfacet
 facet normal  0.000000e+00  0.000000e+00  1.000000e+00
   outer loop
     vertex -4.697543e+01 -9.589047e+00  1.200000e+01
     vertex -4.714305e+01  1.611157e+00  1.200000e+01
     vertex -4.731877e+01  1.580725e+00  1.200000e+01
   endloop
 endfacet
 facet normal  6.628707e-16  8.226223e-17  1.000000e+00
   outer loop
     vertex -5.874135e+01 -2.143595e+01  1.200000e+01
     vertex -5.877683e+01 -2.115006e+01  1.200000e+01
     vertex -7.800000e+01 -3.900000e+01  1.200000e+01
   endloop
 endfacet
 facet normal  0.000000e+00  0.000000e+00  1.000000e+00
   outer loop
     vertex -4.669032e+01 -9.630402e+00  1.200000e+01
     vertex -4.714305e+01  1.611157e+00  1.200000e+01
     vertex -4.697543e+01 -9.589047e+00  1.200000e+01
   endloop
 endfacet
 facet normal  0.000000e+00  0.000000e+00  1.000000e+00
   outer loop
     vertex -4.669032e+01 -9.630402e+00  1.200000e+01
     vertex -4.679444e+01  1.686424e+00  1.200000e+01
     vertex -4.696823e+01  1.646399e+00  1.200000e+01
   endloop
 endfacet
 facet normal  0.000000e+00  0.000000e+00  1.000000e+00
   outer loop
     vertex -4.669032e+01 -9.630402e+00  1.200000e+01
     vertex -4.696823e+01  1.646399e+00  1.200000e+01
     vertex -4.714305e+01  1.611157e+00  1.200000e+01
   endloop
 endfacet
 facet normal  6.480251e-16  9.854016e-17  1.000000e+00
   outer loop
     vertex -5.869804e+01 -2.172076e+01  1.200000e+01
     vertex -5.874135e+01 -2.143595e+01  1.200000e+01
     vertex -7.800000e+01 -3.900000e+01  1.200000e+01
   endloop
 endfacet
 facet normal  0.000000e+00  0.000000e+00  1.000000e+00
   outer loop
     vertex -4.640647e+01 -9.679562e+00  1.200000e+01
     vertex -4.679444e+01  1.686424e+00  1.200000e+01
     vertex -4.669032e+01 -9.630402e+00  1.200000e+01
   endloop
 endfacet
 facet normal  0.000000e+00  0.000000e+00  1.000000e+00
   outer loop
     vertex -4.640647e+01 -9.679562e+00  1.200000e+01
     vertex -4.662181e+01  1.731201e+00  1.200000e+01
     vertex -4.679444e+01  1.686424e+00  1.200000e+01
   endloop
 endfacet
 facet normal  6.339406e-16  1.142734e-16  1.000000e+00
   outer loop
     vertex -5.864693e+01 -2.200428e+01  1.200000e+01
     vertex -5.869804e+01 -2.172076e+01  1.200000e+01
     vertex -7.800000e+01 -3.900000e+01  1.200000e+01
   endloop
 endfacet
 facet normal  0.000000e+00  0.000000e+00  1.000000e+00
   outer loop
     vertex -4.612406e+01 -9.736491e+00  1.200000e+01
     vertex -4.662181e+01  1.731201e+00  1.200000e+01
     vertex -4.640647e+01 -9.679562e+00  1.200000e+01
   endloop
 endfacet
 facet normal  0.000000e+00  0.000000e+00  1.000000e+00
   outer loop
     vertex -4.612406e+01 -9.736491e+00  1.200000e+01
     vertex -4.645048e+01  1.780697e+00  1.200000e+01
     vertex -4.662181e+01  1.731201e+00  1.200000e+01
   endloop
 endfacet
 facet normal  6.205428e-16  1.295296e-16  1.000000e+00
   outer loop
     vertex -5.858807e+01 -2.228629e+01  1.200000e+01
     vertex -5.864693e+01 -2.200428e+01  1.200000e+01
     vertex -7.800000e+01 -3.900000e+01  1.200000e+01
   endloop
 endfacet
 facet normal  0.000000e+00  0.000000e+00  1.000000e+00
   outer loop
     vertex -4.584333e+01 -9.801146e+00  1.200000e+01
     vertex -4.645048e+01  1.780697e+00  1.200000e+01
     vertex -4.612406e+01 -9.736491e+00  1.200000e+01
   endloop
 endfacet
 facet normal  0.000000e+00  0.000000e+00  1.000000e+00
   outer loop
     vertex -4.584333e+01 -9.801146e+00  1.200000e+01
     vertex -4.611221e+01  1.893694e+00  1.200000e+01
     vertex -4.628057e+01  1.834875e+00  1.200000e+01
   endloop
 endfacet
 facet normal  0.000000e+00  0.000000e+00  1.000000e+00
   outer loop
     vertex -4.584333e+01 -9.801146e+00  1.200000e+01
     vertex -4.628057e+01  1.834875e+00  1.200000e+01
     vertex -4.645048e+01  1.780697e+00  1.200000e+01
   endloop
 endfacet
 facet normal  6.077657e-16  1.443693e-16  1.000000e+00
   outer loop
     vertex -5.852149e+01 -2.256657e+01  1.200000e+01
     vertex -5.858807e+01 -2.228629e+01  1.200000e+01
     vertex -7.800000e+01 -3.900000e+01  1.200000e+01
   endloop
 endfacet
 facet normal  0.000000e+00  0.000000e+00  1.000000e+00
   outer loop
     vertex -4.556447e+01 -9.873479e+00  1.200000e+01
     vertex -4.611221e+01  1.893694e+00  1.200000e+01
     vertex -4.584333e+01 -9.801146e+00  1.200000e+01
   endloop
 endfacet
 facet normal  0.000000e+00  0.000000e+00  1.000000e+00
   outer loop
     vertex -4.556447e+01 -9.873479e+00  1.200000e+01
     vertex -4.594553e+01  1.957110e+00  1.200000e+01
     vertex -4.611221e+01  1.893694e+00  1.200000e+01
   endloop
 endfacet
 facet normal  5.955507e-16  1.588478e-16  1.000000e+00
   outer loop
     vertex -5.844724e+01 -2.284493e+01  1.200000e+01
     vertex -5.852149e+01 -2.256657e+01  1.200000e+01
     vertex -7.800000e+01 -3.900000e+01  1.200000e+01
   endloop
 endfacet
 facet normal  0.000000e+00  0.000000e+00  1.000000e+00
   outer loop
     vertex -4.528770e+01 -9.953434e+00  1.200000e+01
     vertex -4.594553e+01  1.957110e+00  1.200000e+01
     vertex -4.556447e+01 -9.873479e+00  1.200000e+01
   endloop
 endfacet
 facet normal  0.000000e+00  0.000000e+00  1.000000e+00
   outer loop
     vertex -4.528770e+01 -9.953434e+00  1.200000e+01
     vertex -4.578065e+01  2.025074e+00  1.200000e+01
     vertex -4.594553e+01  1.957110e+00  1.200000e+01
   endloop
 endfacet
 facet normal  5.838450e-16  1.730154e-16  1.000000e+00
   outer loop
     vertex -5.836539e+01 -2.312114e+01  1.200000e+01
     vertex -5.844724e+01 -2.284493e+01  1.200000e+01
     vertex -7.800000e+01 -3.900000e+01  1.200000e+01
   endloop
 endfacet
 facet normal  0.000000e+00  0.000000e+00  1.000000e+00
   outer loop
     vertex -4.501323e+01 -1.004095e+01  1.200000e+01
     vertex -4.578065e+01  2.025074e+00  1.200000e+01
     vertex -4.528770e+01 -9.953434e+00  1.200000e+01
   endloop
 endfacet
 facet normal  0.000000e+00  0.000000e+00  1.000000e+00
   outer loop
     vertex -4.501323e+01 -1.004095e+01  1.200000e+01
     vertex -4.561770e+01  2.097536e+00  1.200000e+01
     vertex -4.578065e+01  2.025074e+00  1.200000e+01
   endloop
 endfacet
 facet normal  5.726014e-16  1.869183e-16  1.000000e+00
   outer loop
     vertex -5.827599e+01 -2.339500e+01  1.200000e+01
     vertex -5.836539e+01 -2.312114e+01  1.200000e+01
     vertex -7.800000e+01 -3.900000e+01  1.200000e+01
   endloop
 endfacet
 facet normal  0.000000e+00  0.000000e+00  1.000000e+00
   outer loop
     vertex -4.474127e+01 -1.013597e+01  1.200000e+01
     vertex -4.561770e+01  2.097536e+00  1.200000e+01
     vertex -4.501323e+01 -1.004095e+01  1.200000e+01
   endloop
 endfacet
 facet normal  0.000000e+00  0.000000e+00  1.000000e+00
   outer loop
     vertex -4.474127e+01 -1.013597e+01  1.200000e+01
     vertex -4.529806e+01  2.255732e+00  1.200000e+01
     vertex -4.545680e+01  2.174441e+00  1.200000e+01
   endloop
 endfacet
 facet normal  0.000000e+00  0.000000e+00  1.000000e+00
   outer loop
     vertex -4.474127e+01 -1.013597e+01  1.200000e+01
     vertex -4.545680e+01  2.174441e+00  1.200000e+01
     vertex -4.561770e+01  2.097536e+00  1.200000e+01
   endloop
 endfacet
 facet normal  5.617772e-16  2.005997e-16  1.000000e+00
   outer loop
     vertex -5.817912e+01 -2.366631e+01  1.200000e+01
     vertex -5.827599e+01 -2.339500e+01  1.200000e+01
     vertex -7.800000e+01 -3.900000e+01  1.200000e+01
   endloop
 endfacet
 facet normal  0.000000e+00  0.000000e+00  1.000000e+00
   outer loop
     vertex -4.447201e+01 -1.023841e+01  1.200000e+01
     vertex -4.529806e+01  2.255732e+00  1.200000e+01
     vertex -4.474127e+01 -1.013597e+01  1.200000e+01
   endloop
 endfacet
 facet normal  0.000000e+00  0.000000e+00  1.000000e+00
   outer loop
     vertex -4.447201e+01 -1.023841e+01  1.200000e+01
     vertex -4.514162e+01  2.341347e+00  1.200000e+01
     vertex -4.529806e+01  2.255732e+00  1.200000e+01
   endloop
 endfacet
 facet normal  5.513335e-16  2.140996e-16  1.000000e+00
   outer loop
     vertex -5.807483e+01 -2.393485e+01  1.200000e+01
     vertex -5.817912e+01 -2.366631e+01  1.200000e+01
     vertex -7.800000e+01 -3.900000e+01  1.200000e+01
   endloop
 endfacet
 facet normal  0.000000e+00  0.000000e+00  1.000000e+00
   outer loop
     vertex -4.420567e+01 -1.034820e+01  1.200000e+01
     vertex -4.514162e+01  2.341347e+00  1.200000e+01
     vertex -4.447201e+01 -1.023841e+01  1.200000e+01
   endloop
 endfacet
 facet normal  0.000000e+00  0.000000e+00  1.000000e+00
   outer loop
     vertex -4.420567e+01 -1.034820e+01  1.200000e+01
     vertex -4.498758e+01  2.431221e+00  1.200000e+01
     vertex -4.514162e+01  2.341347e+00  1.200000e+01
   endloop
 endfacet
 facet normal  5.412349e-16  2.274560e-16  1.000000e+00
   outer loop
     vertex -5.796322e+01 -2.420044e+01  1.200000e+01
     vertex -5.807483e+01 -2.393485e+01  1.200000e+01
     vertex -7.800000e+01 -3.900000e+01  1.200000e+01
   endloop
 endfacet
 facet normal  0.000000e+00  0.000000e+00  1.000000e+00
   outer loop
     vertex -4.394244e+01 -1.046525e+01  1.200000e+01
     vertex -4.498758e+01  2.431221e+00  1.200000e+01
     vertex -4.420567e+01 -1.034820e+01  1.200000e+01
   endloop
 endfacet
 facet normal  0.000000e+00  0.000000e+00  1.000000e+00
   outer loop
     vertex -4.394244e+01 -1.046525e+01  1.200000e+01
     vertex -4.468720e+01  2.623475e+00  1.200000e+01
     vertex -4.483607e+01  2.525288e+00  1.200000e+01
   endloop
 endfacet
 facet normal  0.000000e+00  0.000000e+00  1.000000e+00
   outer loop
     vertex -4.394244e+01 -1.046525e+01  1.200000e+01
     vertex -4.483607e+01  2.525288e+00  1.200000e+01
     vertex -4.498758e+01  2.431221e+00  1.200000e+01
   endloop
 endfacet
 facet normal  5.314490e-16  2.407049e-16  1.000000e+00
   outer loop
     vertex -5.784436e+01 -2.446286e+01  1.200000e+01
     vertex -5.796322e+01 -2.420044e+01  1.200000e+01
     vertex -7.800000e+01 -3.900000e+01  1.200000e+01
   endloop
 endfacet
 facet normal  0.000000e+00  0.000000e+00  1.000000e+00
   outer loop
     vertex -4.368252e+01 -1.058948e+01  1.200000e+01
     vertex -4.468720e+01  2.623475e+00  1.200000e+01
     vertex -4.394244e+01 -1.046525e+01  1.200000e+01
   endloop
 endfacet
 facet normal  0.000000e+00  0.000000e+00  1.000000e+00
   outer loop
     vertex -4.368252e+01 -1.058948e+01  1.200000e+01
     vertex -4.454107e+01  2.725710e+00  1.200000e+01
     vertex -4.468720e+01  2.623475e+00  1.200000e+01
   endloop
 endfacet
 facet normal  5.219458e-16  2.538809e-16  1.000000e+00
   outer loop
     vertex -5.771835e+01 -2.472192e+01  1.200000e+01
     vertex -5.784436e+01 -2.446286e+01  1.200000e+01
     vertex -7.800000e+01 -3.900000e+01  1.200000e+01
   endloop
 endfacet
 facet normal  0.000000e+00  0.000000e+00  1.000000e+00
   outer loop
     vertex -4.342610e+01 -1.072080e+01  1.200000e+01
     vertex -4.439781e+01  2.831915e+00  1.200000e+01
     vertex -4.454107e+01  2.725710e+00  1.200000e+01
   endloop
 endfacet
 facet normal  0.000000e+00  0.000000e+00  1.000000e+00
   outer loop
     vertex -4.342610e+01 -1.072080e+01  1.200000e+01
     vertex -4.454107e+01  2.725710e+00  1.200000e+01
     vertex -4.368252e+01 -1.058948e+01  1.200000e+01
   endloop
 endfacet
 facet normal  5.126977e-16  2.670177e-16  1.000000e+00
   outer loop
     vertex -5.758528e+01 -2.497743e+01  1.200000e+01
     vertex -5.771835e+01 -2.472192e+01  1.200000e+01
     vertex -7.800000e+01 -3.900000e+01  1.200000e+01
   endloop
 endfacet
 facet normal  0.000000e+00  0.000000e+00  1.000000e+00
   outer loop
     vertex -4.317338e+01 -1.085910e+01  1.200000e+01
     vertex -4.425751e+01  2.942011e+00  1.200000e+01
     vertex -4.439781e+01  2.831915e+00  1.200000e+01
   endloop
 endfacet
 facet normal  0.000000e+00  0.000000e+00  1.000000e+00
   outer loop
     vertex -4.317338e+01 -1.085910e+01  1.200000e+01
     vertex -4.439781e+01  2.831915e+00  1.200000e+01
     vertex -4.342610e+01 -1.072080e+01  1.200000e+01
   endloop
 endfacet
 facet normal  5.036787e-16  2.801479e-16  1.000000e+00
   outer loop
     vertex -5.744525e+01 -2.522919e+01  1.200000e+01
     vertex -5.758528e+01 -2.497743e+01  1.200000e+01
     vertex -7.800000e+01 -3.900000e+01  1.200000e+01
   endloop
 endfacet
 facet normal  0.000000e+00  0.000000e+00  1.000000e+00
   outer loop
     vertex -4.292456e+01 -1.100428e+01  1.200000e+01
     vertex -4.398624e+01  3.173538e+00  1.200000e+01
     vertex -4.412028e+01  3.055914e+00  1.200000e+01
   endloop
 endfacet
 facet normal  0.000000e+00  0.000000e+00  1.000000e+00
   outer loop
     vertex -4.292456e+01 -1.100428e+01  1.200000e+01
     vertex -4.412028e+01  3.055914e+00  1.200000e+01
     vertex -4.425751e+01  2.942011e+00  1.200000e+01
   endloop
 endfacet
 facet normal  0.000000e+00  0.000000e+00  1.000000e+00
   outer loop
     vertex -4.292456e+01 -1.100428e+01  1.200000e+01
     vertex -4.425751e+01  2.942011e+00  1.200000e+01
     vertex -4.317338e+01 -1.085910e+01  1.200000e+01
   endloop
 endfacet
 facet normal  4.948647e-16  2.933040e-16  1.000000e+00
   outer loop
     vertex -5.729836e+01 -2.547702e+01  1.200000e+01
     vertex -5.744525e+01 -2.522919e+01  1.200000e+01
     vertex -7.800000e+01 -3.900000e+01  1.200000e+01
   endloop
 endfacet
 facet normal  0.000000e+00  0.000000e+00  1.000000e+00
   outer loop
     vertex -4.267981e+01 -1.115623e+01  1.200000e+01
     vertex -4.398624e+01  3.173538e+00  1.200000e+01
     vertex -4.292456e+01 -1.100428e+01  1.200000e+01
   endloop
 endfacet
 facet normal  0.000000e+00  0.000000e+00  1.000000e+00
   outer loop
     vertex -4.267981e+01 -1.115623e+01  1.200000e+01
     vertex -4.385546e+01  3.294796e+00  1.200000e+01
     vertex -4.398624e+01  3.173538e+00  1.200000e+01
   endloop
 endfacet
 facet normal  4.862328e-16  3.065181e-16  1.000000e+00
   outer loop
     vertex -5.714473e+01 -2.572072e+01  1.200000e+01
     vertex -5.729836e+01 -2.547702e+01  1.200000e+01
     vertex -7.800000e+01 -3.900000e+01  1.200000e+01
   endloop
 endfacet
 facet normal  0.000000e+00  0.000000e+00  1.000000e+00
   outer loop
     vertex -4.243932e+01 -1.131484e+01  1.200000e+01
     vertex -4.385546e+01  3.294796e+00  1.200000e+01
     vertex -4.267981e+01 -1.115623e+01  1.200000e+01
   endloop
 endfacet
 facet normal  0.000000e+00  0.000000e+00  1.000000e+00
   outer loop
     vertex -4.243932e+01 -1.131484e+01  1.200000e+01
     vertex -4.372807e+01  3.419596e+00  1.200000e+01
     vertex -4.385546e+01  3.294796e+00  1.200000e+01
   endloop
 endfacet
 facet normal  4.777613e-16  3.198228e-16  1.000000e+00
   outer loop
     vertex -5.698448e+01 -2.596012e+01  1.200000e+01
     vertex -5.714473e+01 -2.572072e+01  1.200000e+01
     vertex -7.800000e+01 -3.900000e+01  1.200000e+01
   endloop
 endfacet
 facet normal  0.000000e+00  0.000000e+00  1.000000e+00
   outer loop
     vertex -4.220327e+01 -1.147999e+01  1.200000e+01
     vertex -4.372807e+01  3.419596e+00  1.200000e+01
     vertex -4.243932e+01 -1.131484e+01  1.200000e+01
   endloop
 endfacet
 facet normal  0.000000e+00  0.000000e+00  1.000000e+00
   outer loop
     vertex -4.220327e+01 -1.147999e+01  1.200000e+01
     vertex -4.360415e+01  3.547844e+00  1.200000e+01
     vertex -4.372807e+01  3.419596e+00  1.200000e+01
   endloop
 endfacet
 facet normal  4.694294e-16  3.332508e-16  1.000000e+00
   outer loop
     vertex -5.681771e+01 -2.619503e+01  1.200000e+01
     vertex -5.698448e+01 -2.596012e+01  1.200000e+01
     vertex -7.800000e+01 -3.900000e+01  1.200000e+01
   endloop
 endfacet
 facet normal  0.000000e+00  0.000000e+00  1.000000e+00
   outer loop
     vertex -4.197184e+01 -1.165156e+01  1.200000e+01
     vertex -4.360415e+01  3.547844e+00  1.200000e+01
     vertex -4.220327e+01 -1.147999e+01  1.200000e+01
   endloop
 endfacet
 facet normal  0.000000e+00  0.000000e+00  1.000000e+00
   outer loop
     vertex -4.197184e+01 -1.165156e+01  1.200000e+01
     vertex -4.336709e+01  3.814295e+00  1.200000e+01
     vertex -4.348379e+01  3.679444e+00  1.200000e+01
   endloop
 endfacet
 facet normal  0.000000e+00  0.000000e+00  1.000000e+00
   outer loop
     vertex -4.197184e+01 -1.165156e+01  1.200000e+01
     vertex -4.348379e+01  3.679444e+00  1.200000e+01
     vertex -4.360415e+01  3.547844e+00  1.200000e+01
   endloop
 endfacet
 facet normal  4.612170e-16  3.468360e-16  1.000000e+00
   outer loop
     vertex -5.664457e+01 -2.642528e+01  1.200000e+01
     vertex -5.681771e+01 -2.619503e+01  1.200000e+01
     vertex -7.800000e+01 -3.900000e+01  1.200000e+01
   endloop
 endfacet
 facet normal  0.000000e+00  0.000000e+00  1.000000e+00
   outer loop
     vertex -4.174520e+01 -1.182940e+01  1.200000e+01
     vertex -4.325413e+01  3.952298e+00  1.200000e+01
     vertex -4.336709e+01  3.814295e+00  1.200000e+01
   endloop
 endfacet
 facet normal  0.000000e+00  0.000000e+00  1.000000e+00
   outer loop
     vertex -4.174520e+01 -1.182940e+01  1.200000e+01
     vertex -4.336709e+01  3.814295e+00  1.200000e+01
     vertex -4.197184e+01 -1.165156e+01  1.200000e+01
   endloop
 endfacet
 facet normal  4.531046e-16  3.606131e-16  1.000000e+00
   outer loop
     vertex -5.646517e+01 -2.665068e+01  1.200000e+01
     vertex -5.664457e+01 -2.642528e+01  1.200000e+01
     vertex -7.800000e+01 -3.900000e+01  1.200000e+01
   endloop
 endfacet
 facet normal  0.000000e+00  0.000000e+00  1.000000e+00
   outer loop
     vertex -4.152353e+01 -1.201340e+01  1.200000e+01
     vertex -4.325413e+01  3.952298e+00  1.200000e+01
     vertex -4.174520e+01 -1.182940e+01  1.200000e+01
   endloop
 endfacet
 facet normal  0.000000e+00  0.000000e+00  1.000000e+00
   outer loop
     vertex -4.152353e+01 -1.201340e+01  1.200000e+01
     vertex -4.314500e+01  4.093348e+00  1.200000e+01
     vertex -4.325413e+01  3.952298e+00  1.200000e+01
   endloop
 endfacet
 facet normal  4.450732e-16  3.746183e-16  1.000000e+00
   outer loop
     vertex -5.627966e+01 -2.687109e+01  1.200000e+01
     vertex -5.646517e+01 -2.665068e+01  1.200000e+01
     vertex -7.800000e+01 -3.900000e+01  1.200000e+01
   endloop
 endfacet
 facet normal  0.000000e+00  0.000000e+00  1.000000e+00
   outer loop
     vertex -4.130700e+01 -1.220341e+01  1.200000e+01
     vertex -4.314500e+01  4.093348e+00  1.200000e+01
     vertex -4.152353e+01 -1.201340e+01  1.200000e+01
   endloop
 endfacet
 facet normal  0.000000e+00  0.000000e+00  1.000000e+00
   outer loop
     vertex -4.130700e+01 -1.220341e+01  1.200000e+01
     vertex -4.303978e+01  4.237338e+00  1.200000e+01
     vertex -4.314500e+01  4.093348e+00  1.200000e+01
   endloop
 endfacet
 facet normal  4.371038e-16  3.888898e-16  1.000000e+00
   outer loop
     vertex -5.608817e+01 -2.708632e+01  1.200000e+01
     vertex -5.627966e+01 -2.687109e+01  1.200000e+01
     vertex -7.800000e+01 -3.900000e+01  1.200000e+01
   endloop
 endfacet
 facet normal  0.000000e+00  0.000000e+00  1.000000e+00
   outer loop
     vertex -4.109575e+01 -1.239929e+01  1.200000e+01
     vertex -4.303978e+01  4.237338e+00  1.200000e+01
     vertex -4.130700e+01 -1.220341e+01  1.200000e+01
   endloop
 endfacet
 facet normal  0.000000e+00  0.000000e+00  1.000000e+00
   outer loop
     vertex -4.109575e+01 -1.239929e+01  1.200000e+01
     vertex -4.284138e+01  4.533706e+00  1.200000e+01
     vertex -4.293855e+01  4.384161e+00  1.200000e+01
   endloop
 endfacet
 facet normal  0.000000e+00  0.000000e+00  1.000000e+00
   outer loop
     vertex -4.109575e+01 -1.239929e+01  1.200000e+01
     vertex -4.293855e+01  4.384161e+00  1.200000e+01
     vertex -4.303978e+01  4.237338e+00  1.200000e+01
   endloop
 endfacet
 facet normal  4.291775e-16  4.034679e-16  1.000000e+00
   outer loop
     vertex -5.589084e+01 -2.729622e+01  1.200000e+01
     vertex -5.608817e+01 -2.708632e+01  1.200000e+01
     vertex -7.800000e+01 -3.900000e+01  1.200000e+01
   endloop
 endfacet
 facet normal  0.000000e+00  0.000000e+00  1.000000e+00
   outer loop
     vertex -4.088996e+01 -1.260089e+01  1.200000e+01
     vertex -4.284138e+01  4.533706e+00  1.200000e+01
     vertex -4.109575e+01 -1.239929e+01  1.200000e+01
   endloop
 endfacet
 facet normal  0.000000e+00  0.000000e+00  1.000000e+00
   outer loop
     vertex -4.088996e+01 -1.260089e+01  1.200000e+01
     vertex -4.274836e+01  4.685860e+00  1.200000e+01
     vertex -4.284138e+01  4.533706e+00  1.200000e+01
   endloop
 endfacet
 facet normal  4.212754e-16  4.183956e-16  1.000000e+00
   outer loop
     vertex -5.568784e+01 -2.750062e+01  1.200000e+01
     vertex -5.589084e+01 -2.729622e+01  1.200000e+01
     vertex -7.800000e+01 -3.900000e+01  1.200000e+01
   endloop
 endfacet
 facet normal  0.000000e+00  0.000000e+00  1.000000e+00
   outer loop
     vertex -4.068977e+01 -1.280806e+01  1.200000e+01
     vertex -4.274836e+01  4.685860e+00  1.200000e+01
     vertex -4.088996e+01 -1.260089e+01  1.200000e+01
   endloop
 endfacet
 facet normal  0.000000e+00  0.000000e+00  1.000000e+00
   outer loop
     vertex -4.068977e+01 -1.280806e+01  1.200000e+01
     vertex -4.265954e+01  4.840508e+00  1.200000e+01
     vertex -4.274836e+01  4.685860e+00  1.200000e+01
   endloop
 endfacet
 facet normal  4.133780e-16  4.337188e-16  1.000000e+00
   outer loop
     vertex -5.547930e+01 -2.769938e+01  1.200000e+01
     vertex -5.568784e+01 -2.750062e+01  1.200000e+01
     vertex -7.800000e+01 -3.900000e+01  1.200000e+01
   endloop
 endfacet
 facet normal  0.000000e+00  0.000000e+00  1.000000e+00
   outer loop
     vertex -4.049535e+01 -1.302064e+01  1.200000e+01
     vertex -4.265954e+01  4.840508e+00  1.200000e+01
     vertex -4.068977e+01 -1.280806e+01  1.200000e+01
   endloop
 endfacet
 facet normal  0.000000e+00  0.000000e+00  1.000000e+00
   outer loop
     vertex -4.049535e+01 -1.302064e+01  1.200000e+01
     vertex -4.257500e+01  4.997536e+00  1.200000e+01
     vertex -4.265954e+01  4.840508e+00  1.200000e+01
   endloop
 endfacet
 facet normal  4.054654e-16  4.494876e-16  1.000000e+00
   outer loop
     vertex -5.526539e+01 -2.789234e+01  1.200000e+01
     vertex -5.547930e+01 -2.769938e+01  1.200000e+01
     vertex -7.800000e+01 -3.900000e+01  1.200000e+01
   endloop
 endfacet
 facet normal  0.000000e+00  0.000000e+00  1.000000e+00
   outer loop
     vertex -4.030683e+01 -1.323848e+01  1.200000e+01
     vertex -4.257500e+01  4.997536e+00  1.200000e+01
     vertex -4.049535e+01 -1.302064e+01  1.200000e+01
   endloop
 endfacet
 facet normal  0.000000e+00  0.000000e+00  1.000000e+00
   outer loop
     vertex -4.030683e+01 -1.323848e+01  1.200000e+01
     vertex -4.249480e+01  5.156823e+00  1.200000e+01
     vertex -4.257500e+01  4.997536e+00  1.200000e+01
   endloop
 endfacet
 facet normal  3.975170e-16  4.657560e-16  1.000000e+00
   outer loop
     vertex -5.504626e+01 -2.807936e+01  1.200000e+01
     vertex -5.526539e+01 -2.789234e+01  1.200000e+01
     vertex -7.800000e+01 -3.900000e+01  1.200000e+01
   endloop
 endfacet
 facet normal  0.000000e+00  0.000000e+00  1.000000e+00
   outer loop
     vertex -4.012436e+01 -1.346140e+01  1.200000e+01
     vertex -4.249480e+01  5.156823e+00  1.200000e+01
     vertex -4.030683e+01 -1.323848e+01  1.200000e+01
   endloop
 endfacet
 facet normal  0.000000e+00  0.000000e+00  1.000000e+00
   outer loop
     vertex -4.012436e+01 -1.346140e+01  1.200000e+01
     vertex -4.241900e+01  5.318250e+00  1.200000e+01
     vertex -4.249480e+01  5.156823e+00  1.200000e+01
   endloop
 endfacet
 facet normal  3.895111e-16  4.825834e-16  1.000000e+00
   outer loop
     vertex -5.482209e+01 -2.826030e+01  1.200000e+01
     vertex -5.504626e+01 -2.807936e+01  1.200000e+01
     vertex -7.800000e+01 -3.900000e+01  1.200000e+01
   endloop
 endfacet
 facet normal  0.000000e+00  0.000000e+00  1.000000e+00
   outer loop
     vertex -3.994807e+01 -1.368925e+01  1.200000e+01
     vertex -4.241900e+01  5.318250e+00  1.200000e+01
     vertex -4.012436e+01 -1.346140e+01  1.200000e+01
   endloop
 endfacet
 facet normal  0.000000e+00  0.000000e+00  1.000000e+00
   outer loop
     vertex -3.994807e+01 -1.368925e+01  1.200000e+01
     vertex -4.228083e+01  5.647039e+00  1.200000e+01
     vertex -4.234766e+01  5.481697e+00  1.200000e+01
   endloop
 endfacet
 facet normal  0.000000e+00  0.000000e+00  1.000000e+00
   outer loop
     vertex -3.994807e+01 -1.368925e+01  1.200000e+01
     vertex -4.234766e+01  5.481697e+00  1.200000e+01
     vertex -4.241900e+01  5.318250e+00  1.200000e+01
   endloop
 endfacet
 facet normal  3.814247e-16  5.000350e-16  1.000000e+00
   outer loop
     vertex -5.459303e+01 -2.843502e+01  1.200000e+01
     vertex -5.482209e+01 -2.826030e+01  1.200000e+01
     vertex -7.800000e+01 -3.900000e+01  1.200000e+01
   endloop
 endfacet
 facet normal  0.000000e+00  0.000000e+00  1.000000e+00
   outer loop
     vertex -3.977810e+01 -1.392185e+01  1.200000e+01
     vertex -4.228083e+01  5.647039e+00  1.200000e+01
     vertex -3.994807e+01 -1.368925e+01  1.200000e+01
   endloop
 endfacet
 facet normal  0.000000e+00  0.000000e+00  1.000000e+00
   outer loop
     vertex -3.977810e+01 -1.392185e+01  1.200000e+01
     vertex -4.221856e+01  5.814152e+00  1.200000e+01
     vertex -4.228083e+01  5.647039e+00  1.200000e+01
   endloop
 endfacet
 facet normal  3.732334e-16  5.181831e-16  1.000000e+00
   outer loop
     vertex -5.435927e+01 -2.860339e+01  1.200000e+01
     vertex -5.459303e+01 -2.843502e+01  1.200000e+01
     vertex -7.800000e+01 -3.900000e+01  1.200000e+01
   endloop
 endfacet
 facet normal  0.000000e+00  0.000000e+00  1.000000e+00
   outer loop
     vertex -3.961457e+01 -1.415903e+01  1.200000e+01
     vertex -4.221856e+01  5.814152e+00  1.200000e+01
     vertex -3.977810e+01 -1.392185e+01  1.200000e+01
   endloop
 endfacet
 facet normal  0.000000e+00  0.000000e+00  1.000000e+00
   outer loop
     vertex -3.961457e+01 -1.415903e+01  1.200000e+01
     vertex -4.216089e+01  5.982911e+00  1.200000e+01
     vertex -4.221856e+01  5.814152e+00  1.200000e+01
   endloop
 endfacet
 facet normal  3.649106e-16  5.371081e-16  1.000000e+00
   outer loop
     vertex -5.412098e+01 -2.876529e+01  1.200000e+01
     vertex -5.435927e+01 -2.860339e+01  1.200000e+01
     vertex -7.800000e+01 -3.900000e+01  1.200000e+01
   endloop
 endfacet
 facet normal  0.000000e+00  0.000000e+00  1.000000e+00
   outer loop
     vertex -3.945762e+01 -1.440060e+01  1.200000e+01
     vertex -4.216089e+01  5.982911e+00  1.200000e+01
     vertex -3.961457e+01 -1.415903e+01  1.200000e+01
   endloop
 endfacet
 facet normal  0.000000e+00  0.000000e+00  1.000000e+00
   outer loop
     vertex -3.945762e+01 -1.440060e+01  1.200000e+01
     vertex -4.210788e+01  6.153188e+00  1.200000e+01
     vertex -4.216089e+01  5.982911e+00  1.200000e+01
   endloop
 endfacet
 facet normal  3.564276e-16  5.569001e-16  1.000000e+00
   outer loop
     vertex -5.387834e+01 -2.892058e+01  1.200000e+01
     vertex -5.412098e+01 -2.876529e+01  1.200000e+01
     vertex -7.800000e+01 -3.900000e+01  1.200000e+01
   endloop
 endfacet
 facet normal  0.000000e+00  0.000000e+00  1.000000e+00
   outer loop
     vertex -3.930735e+01 -1.464639e+01  1.200000e+01
     vertex -4.210788e+01  6.153188e+00  1.200000e+01
     vertex -3.945762e+01 -1.440060e+01  1.200000e+01
   endloop
 endfacet
 facet normal  0.000000e+00  0.000000e+00  1.000000e+00
   outer loop
     vertex -3.930735e+01 -1.464639e+01  1.200000e+01
     vertex -4.205956e+01  6.324855e+00  1.200000e+01
     vertex -4.210788e+01  6.153188e+00  1.200000e+01
   endloop
 endfacet
 facet normal  3.477528e-16  5.776603e-16  1.000000e+00
   outer loop
     vertex -5.363153e+01 -2.906916e+01  1.200000e+01
     vertex -5.387834e+01 -2.892058e+01  1.200000e+01
     vertex -7.800000e+01 -3.900000e+01  1.200000e+01
   endloop
 endfacet
 facet normal  0.000000e+00  0.000000e+00  1.000000e+00
   outer loop
     vertex -3.916387e+01 -1.489621e+01  1.200000e+01
     vertex -4.205956e+01  6.324855e+00  1.200000e+01
     vertex -3.930735e+01 -1.464639e+01  1.200000e+01
   endloop
 endfacet
 facet normal  0.000000e+00  0.000000e+00  1.000000e+00
   outer loop
     vertex -3.916387e+01 -1.489621e+01  1.200000e+01
     vertex -4.201597e+01  6.497783e+00  1.200000e+01
     vertex -4.205956e+01  6.324855e+00  1.200000e+01
   endloop
 endfacet
 facet normal  3.388511e-16  5.995035e-16  1.000000e+00
   outer loop
     vertex -5.338073e+01 -2.921092e+01  1.200000e+01
     vertex -5.363153e+01 -2.906916e+01  1.200000e+01
     vertex -7.800000e+01 -3.900000e+01  1.200000e+01
   endloop
 endfacet
 facet normal  0.000000e+00  0.000000e+00  1.000000e+00
   outer loop
     vertex -3.902731e+01 -1.514987e+01  1.200000e+01
     vertex -4.197714e+01  6.671843e+00  1.200000e+01
     vertex -4.201597e+01  6.497783e+00  1.200000e+01
   endloop
 endfacet
 facet normal  0.000000e+00  0.000000e+00  1.000000e+00
   outer loop
     vertex -3.902731e+01 -1.514987e+01  1.200000e+01
     vertex -4.201597e+01  6.497783e+00  1.200000e+01
     vertex -3.916387e+01 -1.489621e+01  1.200000e+01
   endloop
 endfacet
 facet normal  3.296833e-16  6.225602e-16  1.000000e+00
   outer loop
     vertex -5.312614e+01 -2.934574e+01  1.200000e+01
     vertex -5.338073e+01 -2.921092e+01  1.200000e+01
     vertex -7.800000e+01 -3.900000e+01  1.200000e+01
   endloop
 endfacet
 facet normal  0.000000e+00  0.000000e+00  1.000000e+00
   outer loop
     vertex -3.889776e+01 -1.540718e+01  1.200000e+01
     vertex -4.194310e+01  6.846901e+00  1.200000e+01
     vertex -4.197714e+01  6.671843e+00  1.200000e+01
   endloop
 endfacet
 facet normal  0.000000e+00  0.000000e+00  1.000000e+00
   outer loop
     vertex -3.889776e+01 -1.540718e+01  1.200000e+01
     vertex -4.197714e+01  6.671843e+00  1.200000e+01
     vertex -3.902731e+01 -1.514987e+01  1.200000e+01
   endloop
 endfacet
 facet normal  3.202054e-16  6.469798e-16  1.000000e+00
   outer loop
     vertex -5.286795e+01 -2.947352e+01  1.200000e+01
     vertex -5.312614e+01 -2.934574e+01  1.200000e+01
     vertex -7.800000e+01 -3.900000e+01  1.200000e+01
   endloop
 endfacet
 facet normal  0.000000e+00  0.000000e+00  1.000000e+00
   outer loop
     vertex -3.877531e+01 -1.566794e+01  1.200000e+01
     vertex -4.188948e+01  7.199491e+00  1.200000e+01
     vertex -4.191387e+01  7.022828e+00  1.200000e+01
   endloop
 endfacet
 facet normal  0.000000e+00  0.000000e+00  1.000000e+00
   outer loop
     vertex -3.877531e+01 -1.566794e+01  1.200000e+01
     vertex -4.191387e+01  7.022828e+00  1.200000e+01
     vertex -4.194310e+01  6.846901e+00  1.200000e+01
   endloop
 endfacet
 facet normal  0.000000e+00  0.000000e+00  1.000000e+00
   outer loop
     vertex -3.877531e+01 -1.566794e+01  1.200000e+01
     vertex -4.194310e+01  6.846901e+00  1.200000e+01
     vertex -3.889776e+01 -1.540718e+01  1.200000e+01
   endloop
 endfacet
 facet normal  3.103670e-16  6.729346e-16  1.000000e+00
   outer loop
     vertex -5.260635e+01 -2.959418e+01  1.200000e+01
     vertex -5.286795e+01 -2.947352e+01  1.200000e+01
     vertex -7.800000e+01 -3.900000e+01  1.200000e+01
   endloop
 endfacet
 facet normal  0.000000e+00  0.000000e+00  1.000000e+00
   outer loop
     vertex -3.866006e+01 -1.593197e+01  1.200000e+01
     vertex -4.188948e+01  7.199491e+00  1.200000e+01
     vertex -3.877531e+01 -1.566794e+01  1.200000e+01
   endloop
 endfacet
 facet normal  0.000000e+00  0.000000e+00  1.000000e+00
   outer loop
     vertex -3.866006e+01 -1.593197e+01  1.200000e+01
     vertex -4.186995e+01  7.376756e+00  1.200000e+01
     vertex -4.188948e+01  7.199491e+00  1.200000e+01
   endloop
 endfacet
 facet normal  3.001109e-16  7.006240e-16  1.000000e+00
   outer loop
     vertex -5.234153e+01 -2.970761e+01  1.200000e+01
     vertex -5.260635e+01 -2.959418e+01  1.200000e+01
     vertex -7.800000e+01 -3.900000e+01  1.200000e+01
   endloop
 endfacet
 facet normal  0.000000e+00  0.000000e+00  1.000000e+00
   outer loop
     vertex -3.855211e+01 -1.619906e+01  1.200000e+01
     vertex -4.186995e+01  7.376756e+00  1.200000e+01
     vertex -3.866006e+01 -1.593197e+01  1.200000e+01
   endloop
 endfacet
 facet normal  0.000000e+00 -0.000000e+00  1.000000e+00
   outer loop
     vertex -3.855211e+01 -1.619906e+01  1.200000e+01
     vertex -2.420000e+01  4.000000e+01  1.200000e+01
     vertex -4.186995e+01  7.376756e+00  1.200000e+01
   endloop
 endfacet
 facet normal  2.893704e-16  7.302808e-16  1.000000e+00
   outer loop
     vertex -5.207371e+01 -2.981374e+01  1.200000e+01
     vertex -5.234153e+01 -2.970761e+01  1.200000e+01
     vertex -7.800000e+01 -3.900000e+01  1.200000e+01
   endloop
 endfacet
 facet normal  0.000000e+00 -0.000000e+00  1.000000e+00
   outer loop
     vertex -3.845151e+01 -1.646901e+01  1.200000e+01
     vertex -2.420000e+01  4.000000e+01  1.200000e+01
     vertex -3.855211e+01 -1.619906e+01  1.200000e+01
   endloop
 endfacet
 facet normal  2.780684e-16  7.621786e-16  1.000000e+00
   outer loop
     vertex -5.180307e+01 -2.991247e+01  1.200000e+01
     vertex -5.207371e+01 -2.981374e+01  1.200000e+01
     vertex -7.800000e+01 -3.900000e+01  1.200000e+01
   endloop
 endfacet
 facet normal  0.000000e+00 -0.000000e+00  1.000000e+00
   outer loop
     vertex -3.835837e+01 -1.674162e+01  1.200000e+01
     vertex -2.420000e+01  4.000000e+01  1.200000e+01
     vertex -3.845151e+01 -1.646901e+01  1.200000e+01
   endloop
 endfacet
 facet normal  2.661136e-16  7.966410e-16  1.000000e+00
   outer loop
     vertex -5.152983e+01 -3.000375e+01  1.200000e+01
     vertex -5.180307e+01 -2.991247e+01  1.200000e+01
     vertex -7.800000e+01 -3.900000e+01  1.200000e+01
   endloop
 endfacet
 facet normal  2.533981e-16  8.340544e-16  1.000000e+00
   outer loop
     vertex -5.125419e+01 -3.008749e+01  1.200000e+01
     vertex -5.152983e+01 -3.000375e+01  1.200000e+01
     vertex -7.800000e+01 -3.900000e+01  1.200000e+01
   endloop
 endfacet
 facet normal  2.397926e-16  8.748835e-16  1.000000e+00
   outer loop
     vertex -5.097635e+01 -3.016364e+01  1.200000e+01
     vertex -5.125419e+01 -3.008749e+01  1.200000e+01
     vertex -7.800000e+01 -3.900000e+01  1.200000e+01
   endloop
 endfacet
 facet normal  2.251404e-16  9.196934e-16  1.000000e+00
   outer loop
     vertex -5.069653e+01 -3.023214e+01  1.200000e+01
     vertex -5.097635e+01 -3.016364e+01  1.200000e+01
     vertex -7.800000e+01 -3.900000e+01  1.200000e+01
   endloop
 endfacet
 facet normal  2.092498e-16  9.691775e-16  1.000000e+00
   outer loop
     vertex -5.041493e+01 -3.029294e+01  1.200000e+01
     vertex -5.069653e+01 -3.023214e+01  1.200000e+01
     vertex -7.800000e+01 -3.900000e+01  1.200000e+01
   endloop
 endfacet
 facet normal  1.918833e-16  1.024197e-15  1.000000e+00
   outer loop
     vertex -5.013177e+01 -3.034599e+01  1.200000e+01
     vertex -5.041493e+01 -3.029294e+01  1.200000e+01
     vertex -7.800000e+01 -3.900000e+01  1.200000e+01
   endloop
 endfacet
 facet normal  1.727428e-16  1.085834e-15  1.000000e+00
   outer loop
     vertex -4.984727e+01 -3.039125e+01  1.200000e+01
     vertex -5.013177e+01 -3.034599e+01  1.200000e+01
     vertex -7.800000e+01 -3.900000e+01  1.200000e+01
   endloop
 endfacet
 facet normal  1.514488e-16  1.155471e-15  1.000000e+00
   outer loop
     vertex -4.956163e+01 -3.042869e+01  1.200000e+01
     vertex -4.984727e+01 -3.039125e+01  1.200000e+01
     vertex -7.800000e+01 -3.900000e+01  1.200000e+01
   endloop
 endfacet
 facet normal  1.275096e-16  1.234898e-15  1.000000e+00
   outer loop
     vertex -4.927506e+01 -3.045828e+01  1.200000e+01
     vertex -4.956163e+01 -3.042869e+01  1.200000e+01
     vertex -7.800000e+01 -3.900000e+01  1.200000e+01
   endloop
 endfacet
 facet normal  1.002772e-16  1.326478e-15  1.000000e+00
   outer loop
     vertex -4.898780e+01 -3.048000e+01  1.200000e+01
     vertex -4.927506e+01 -3.045828e+01  1.200000e+01
     vertex -7.800000e+01 -3.900000e+01  1.200000e+01
   endloop
 endfacet
 facet normal  0.000000e+00  0.000000e+00  1.000000e+00
   outer loop
     vertex -2.420000e+01 -3.900000e+01  1.200000e+01
     vertex -4.088996e+01 -2.739911e+01  1.200000e+01
     vertex -4.109575e+01 -2.760071e+01  1.200000e+01
   endloop
 endfacet
 facet normal  0.000000e+00  0.000000e+00  1.000000e+00
   outer loop
     vertex -2.420000e+01 -3.900000e+01  1.200000e+01
     vertex -4.109575e+01 -2.760071e+01  1.200000e+01
     vertex -4.130700e+01 -2.779659e+01  1.200000e+01
   endloop
 endfacet
 facet normal  0.000000e+00  0.000000e+00  1.000000e+00
   outer loop
     vertex -2.420000e+01 -3.900000e+01  1.200000e+01
     vertex -4.130700e+01 -2.779659e+01  1.200000e+01
     vertex -4.152353e+01 -2.798660e+01  1.200000e+01
   endloop
 endfacet
 facet normal  0.000000e+00  0.000000e+00  1.000000e+00
   outer loop
     vertex -2.420000e+01 -3.900000e+01  1.200000e+01
     vertex -4.152353e+01 -2.798660e+01  1.200000e+01
     vertex -4.174520e+01 -2.817060e+01  1.200000e+01
   endloop
 endfacet
 facet normal  0.000000e+00  0.000000e+00  1.000000e+00
   outer loop
     vertex -2.420000e+01 -3.900000e+01  1.200000e+01
     vertex -4.174520e+01 -2.817060e+01  1.200000e+01
     vertex -4.197184e+01 -2.834844e+01  1.200000e+01
   endloop
 endfacet
 facet normal  0.000000e+00  0.000000e+00  1.000000e+00
   outer loop
     vertex -2.420000e+01 -3.900000e+01  1.200000e+01
     vertex -4.197184e+01 -2.834844e+01  1.200000e+01
     vertex -4.220327e+01 -2.852001e+01  1.200000e+01
   endloop
 endfacet
 facet normal  0.000000e+00  0.000000e+00  1.000000e+00
   outer loop
     vertex -2.420000e+01 -3.900000e+01  1.200000e+01
     vertex -4.220327e+01 -2.852001e+01  1.200000e+01
     vertex -4.243932e+01 -2.868516e+01  1.200000e+01
   endloop
 endfacet
 facet normal  0.000000e+00  0.000000e+00  1.000000e+00
   outer loop
     vertex -2.420000e+01 -3.900000e+01  1.200000e+01
     vertex -4.243932e+01 -2.868516e+01  1.200000e+01
     vertex -4.267981e+01 -2.884377e+01  1.200000e+01
   endloop
 endfacet
 facet normal  0.000000e+00  0.000000e+00  1.000000e+00
   outer loop
     vertex -2.420000e+01 -3.900000e+01  1.200000e+01
     vertex -4.267981e+01 -2.884377e+01  1.200000e+01
     vertex -4.292456e+01 -2.899572e+01  1.200000e+01
   endloop
 endfacet
 facet normal  0.000000e+00  0.000000e+00  1.000000e+00
   outer loop
     vertex -2.420000e+01 -3.900000e+01  1.200000e+01
     vertex -4.292456e+01 -2.899572e+01  1.200000e+01
     vertex -4.317338e+01 -2.914090e+01  1.200000e+01
   endloop
 endfacet
 facet normal  0.000000e+00  0.000000e+00  1.000000e+00
   outer loop
     vertex -2.420000e+01 -3.900000e+01  1.200000e+01
     vertex -4.317338e+01 -2.914090e+01  1.200000e+01
     vertex -4.342610e+01 -2.927920e+01  1.200000e+01
   endloop
 endfacet
 facet normal  0.000000e+00  0.000000e+00  1.000000e+00
   outer loop
     vertex -2.420000e+01 -3.900000e+01  1.200000e+01
     vertex -4.342610e+01 -2.927920e+01  1.200000e+01
     vertex -4.368252e+01 -2.941052e+01  1.200000e+01
   endloop
 endfacet
 facet normal  0.000000e+00  0.000000e+00  1.000000e+00
   outer loop
     vertex -2.420000e+01 -3.900000e+01  1.200000e+01
     vertex -4.368252e+01 -2.941052e+01  1.200000e+01
     vertex -4.394244e+01 -2.953475e+01  1.200000e+01
   endloop
 endfacet
 facet normal  0.000000e+00  0.000000e+00  1.000000e+00
   outer loop
     vertex -2.420000e+01 -3.900000e+01  1.200000e+01
     vertex -4.394244e+01 -2.953475e+01  1.200000e+01
     vertex -4.420567e+01 -2.965180e+01  1.200000e+01
   endloop
 endfacet
 facet normal  0.000000e+00  0.000000e+00  1.000000e+00
   outer loop
     vertex -2.420000e+01 -3.900000e+01  1.200000e+01
     vertex -4.420567e+01 -2.965180e+01  1.200000e+01
     vertex -4.447201e+01 -2.976159e+01  1.200000e+01
   endloop
 endfacet
 facet normal  0.000000e+00  0.000000e+00  1.000000e+00
   outer loop
     vertex -2.420000e+01 -3.900000e+01  1.200000e+01
     vertex -4.447201e+01 -2.976159e+01  1.200000e+01
     vertex -4.474127e+01 -2.986403e+01  1.200000e+01
   endloop
 endfacet
 facet normal  0.000000e+00  0.000000e+00  1.000000e+00
   outer loop
     vertex -2.420000e+01 -3.900000e+01  1.200000e+01
     vertex -4.474127e+01 -2.986403e+01  1.200000e+01
     vertex -4.501323e+01 -2.995905e+01  1.200000e+01
   endloop
 endfacet
 facet normal  0.000000e+00  0.000000e+00  1.000000e+00
   outer loop
     vertex -2.420000e+01 -3.900000e+01  1.200000e+01
     vertex -4.501323e+01 -2.995905e+01  1.200000e+01
     vertex -4.528770e+01 -3.004657e+01  1.200000e+01
   endloop
 endfacet
 facet normal  0.000000e+00  0.000000e+00  1.000000e+00
   outer loop
     vertex -2.420000e+01 -3.900000e+01  1.200000e+01
     vertex -4.528770e+01 -3.004657e+01  1.200000e+01
     vertex -4.556447e+01 -3.012652e+01  1.200000e+01
   endloop
 endfacet
 facet normal  0.000000e+00  0.000000e+00  1.000000e+00
   outer loop
     vertex -2.420000e+01 -3.900000e+01  1.200000e+01
     vertex -4.556447e+01 -3.012652e+01  1.200000e+01
     vertex -4.584333e+01 -3.019885e+01  1.200000e+01
   endloop
 endfacet
 facet normal  0.000000e+00  0.000000e+00  1.000000e+00
   outer loop
     vertex -2.420000e+01 -3.900000e+01  1.200000e+01
     vertex -4.584333e+01 -3.019885e+01  1.200000e+01
     vertex -4.612406e+01 -3.026351e+01  1.200000e+01
   endloop
 endfacet
 facet normal  0.000000e+00  0.000000e+00  1.000000e+00
   outer loop
     vertex -2.420000e+01 -3.900000e+01  1.200000e+01
     vertex -4.612406e+01 -3.026351e+01  1.200000e+01
     vertex -4.640647e+01 -3.032044e+01  1.200000e+01
   endloop
 endfacet
 facet normal  0.000000e+00  0.000000e+00  1.000000e+00
   outer loop
     vertex -2.420000e+01 -3.900000e+01  1.200000e+01
     vertex -4.640647e+01 -3.032044e+01  1.200000e+01
     vertex -4.669032e+01 -3.036960e+01  1.200000e+01
   endloop
 endfacet
 facet normal  0.000000e+00  0.000000e+00  1.000000e+00
   outer loop
     vertex -2.420000e+01 -3.900000e+01  1.200000e+01
     vertex -4.669032e+01 -3.036960e+01  1.200000e+01
     vertex -4.697543e+01 -3.041095e+01  1.200000e+01
   endloop
 endfacet
 facet normal  0.000000e+00  0.000000e+00  1.000000e+00
   outer loop
     vertex -2.420000e+01 -3.900000e+01  1.200000e+01
     vertex -4.697543e+01 -3.041095e+01  1.200000e+01
     vertex -4.726155e+01 -3.044447e+01  1.200000e+01
   endloop
 endfacet
 facet normal  0.000000e+00  0.000000e+00  1.000000e+00
   outer loop
     vertex -2.420000e+01 -3.900000e+01  1.200000e+01
     vertex -4.726155e+01 -3.044447e+01  1.200000e+01
     vertex -4.754849e+01 -3.047013e+01  1.200000e+01
   endloop
 endfacet
 facet normal  0.000000e+00  0.000000e+00  1.000000e+00
   outer loop
     vertex -2.420000e+01 -3.900000e+01  1.200000e+01
     vertex -4.754849e+01 -3.047013e+01  1.200000e+01
     vertex -4.783603e+01 -3.048790e+01  1.200000e+01
   endloop
 endfacet
 facet normal  0.000000e+00  0.000000e+00  1.000000e+00
   outer loop
     vertex -2.420000e+01 -3.900000e+01  1.200000e+01
     vertex -4.783603e+01 -3.048790e+01  1.200000e+01
     vertex -4.812395e+01 -3.049778e+01  1.200000e+01
   endloop
 endfacet
 facet normal  0.000000e+00  0.000000e+00  1.000000e+00
   outer loop
     vertex -2.420000e+01 -3.900000e+01  1.200000e+01
     vertex -4.812395e+01 -3.049778e+01  1.200000e+01
     vertex -4.841202e+01 -3.049975e+01  1.200000e+01
   endloop
 endfacet
 facet normal  0.000000e+00  0.000000e+00  1.000000e+00
   outer loop
     vertex -2.420000e+01 -3.900000e+01  1.200000e+01
     vertex -4.841202e+01 -3.049975e+01  1.200000e+01
     vertex -4.870005e+01 -3.049383e+01  1.200000e+01
   endloop
 endfacet
 facet normal  0.000000e+00  0.000000e+00  1.000000e+00
   outer loop
     vertex -2.420000e+01 -3.900000e+01  1.200000e+01
     vertex -3.835837e+01 -1.674162e+01  1.200000e+01
     vertex -3.827273e+01 -1.701669e+01  1.200000e+01
   endloop
 endfacet
 facet normal  0.000000e+00  0.000000e+00  1.000000e+00
   outer loop
     vertex -2.420000e+01 -3.900000e+01  1.200000e+01
     vertex -3.827273e+01 -1.701669e+01  1.200000e+01
     vertex -3.819468e+01 -1.729400e+01  1.200000e+01
   endloop
 endfacet
 facet normal  0.000000e+00  0.000000e+00  1.000000e+00
   outer loop
     vertex -2.420000e+01 -3.900000e+01  1.200000e+01
     vertex -3.819468e+01 -1.729400e+01  1.200000e+01
     vertex -3.812426e+01 -1.757334e+01  1.200000e+01
   endloop
 endfacet
 facet normal  0.000000e+00  0.000000e+00  1.000000e+00
   outer loop
     vertex -2.420000e+01 -3.900000e+01  1.200000e+01
     vertex -3.812426e+01 -1.757334e+01  1.200000e+01
     vertex -3.806153e+01 -1.785451e+01  1.200000e+01
   endloop
 endfacet
 facet normal  0.000000e+00  0.000000e+00  1.000000e+00
   outer loop
     vertex -2.420000e+01 -3.900000e+01  1.200000e+01
     vertex -3.806153e+01 -1.785451e+01  1.200000e+01
     vertex -3.800654e+01 -1.813730e+01  1.200000e+01
   endloop
 endfacet
 facet normal  0.000000e+00  0.000000e+00  1.000000e+00
   outer loop
     vertex -2.420000e+01 -3.900000e+01  1.200000e+01
     vertex -3.800654e+01 -1.813730e+01  1.200000e+01
     vertex -3.795933e+01 -1.842149e+01  1.200000e+01
   endloop
 endfacet
 facet normal  0.000000e+00  0.000000e+00  1.000000e+00
   outer loop
     vertex -2.420000e+01 -3.900000e+01  1.200000e+01
     vertex -3.795933e+01 -1.842149e+01  1.200000e+01
     vertex -3.791993e+01 -1.870687e+01  1.200000e+01
   endloop
 endfacet
 facet normal  0.000000e+00  0.000000e+00  1.000000e+00
   outer loop
     vertex -2.420000e+01 -3.900000e+01  1.200000e+01
     vertex -3.791993e+01 -1.870687e+01  1.200000e+01
     vertex -3.788838e+01 -1.899322e+01  1.200000e+01
   endloop
 endfacet
 facet normal  0.000000e+00  0.000000e+00  1.000000e+00
   outer loop
     vertex -2.420000e+01 -3.900000e+01  1.200000e+01
     vertex -3.788838e+01 -1.899322e+01  1.200000e+01
     vertex -3.786469e+01 -1.928033e+01  1.200000e+01
   endloop
 endfacet
 facet normal  0.000000e+00  0.000000e+00  1.000000e+00
   outer loop
     vertex -2.420000e+01 -3.900000e+01  1.200000e+01
     vertex -3.786469e+01 -1.928033e+01  1.200000e+01
     vertex -3.784889e+01 -1.956798e+01  1.200000e+01
   endloop
 endfacet
 facet normal  0.000000e+00  0.000000e+00  1.000000e+00
   outer loop
     vertex -2.420000e+01 -3.900000e+01  1.200000e+01
     vertex -3.784889e+01 -1.956798e+01  1.200000e+01
     vertex -3.784099e+01 -1.985596e+01  1.200000e+01
   endloop
 endfacet
 facet normal  0.000000e+00  0.000000e+00  1.000000e+00
   outer loop
     vertex -2.420000e+01 -3.900000e+01  1.200000e+01
     vertex -3.784099e+01 -1.985596e+01  1.200000e+01
     vertex -3.784099e+01 -2.014404e+01  1.200000e+01
   endloop
 endfacet
 facet normal  0.000000e+00  0.000000e+00  1.000000e+00
   outer loop
     vertex -2.420000e+01 -3.900000e+01  1.200000e+01
     vertex -3.784099e+01 -2.014404e+01  1.200000e+01
     vertex -3.784889e+01 -2.043202e+01  1.200000e+01
   endloop
 endfacet
 facet normal  0.000000e+00  0.000000e+00  1.000000e+00
   outer loop
     vertex -2.420000e+01 -3.900000e+01  1.200000e+01
     vertex -3.784889e+01 -2.043202e+01  1.200000e+01
     vertex -3.786469e+01 -2.071967e+01  1.200000e+01
   endloop
 endfacet
 facet normal  0.000000e+00  0.000000e+00  1.000000e+00
   outer loop
     vertex -2.420000e+01 -3.900000e+01  1.200000e+01
     vertex -3.786469e+01 -2.071967e+01  1.200000e+01
     vertex -3.788838e+01 -2.100678e+01  1.200000e+01
   endloop
 endfacet
 facet normal  0.000000e+00  0.000000e+00  1.000000e+00
   outer loop
     vertex -2.420000e+01 -3.900000e+01  1.200000e+01
     vertex -3.788838e+01 -2.100678e+01  1.200000e+01
     vertex -3.791993e+01 -2.129313e+01  1.200000e+01
   endloop
 endfacet
 facet normal  0.000000e+00  0.000000e+00  1.000000e+00
   outer loop
     vertex -2.420000e+01 -3.900000e+01  1.200000e+01
     vertex -3.791993e+01 -2.129313e+01  1.200000e+01
     vertex -3.795933e+01 -2.157851e+01  1.200000e+01
   endloop
 endfacet
 facet normal  0.000000e+00  0.000000e+00  1.000000e+00
   outer loop
     vertex -2.420000e+01 -3.900000e+01  1.200000e+01
     vertex -3.795933e+01 -2.157851e+01  1.200000e+01
     vertex -3.800654e+01 -2.186270e+01  1.200000e+01
   endloop
 endfacet
 facet normal  0.000000e+00  0.000000e+00  1.000000e+00
   outer loop
     vertex -2.420000e+01 -3.900000e+01  1.200000e+01
     vertex -3.800654e+01 -2.186270e+01  1.200000e+01
     vertex -3.806153e+01 -2.214549e+01  1.200000e+01
   endloop
 endfacet
 facet normal  0.000000e+00  0.000000e+00  1.000000e+00
   outer loop
     vertex -2.420000e+01 -3.900000e+01  1.200000e+01
     vertex -3.806153e+01 -2.214549e+01  1.200000e+01
     vertex -3.812426e+01 -2.242666e+01  1.200000e+01
   endloop
 endfacet
 facet normal  0.000000e+00  0.000000e+00  1.000000e+00
   outer loop
     vertex -2.420000e+01 -3.900000e+01  1.200000e+01
     vertex -3.812426e+01 -2.242666e+01  1.200000e+01
     vertex -3.819468e+01 -2.270600e+01  1.200000e+01
   endloop
 endfacet
 facet normal  0.000000e+00  0.000000e+00  1.000000e+00
   outer loop
     vertex -2.420000e+01 -3.900000e+01  1.200000e+01
     vertex -3.819468e+01 -2.270600e+01  1.200000e+01
     vertex -3.827273e+01 -2.298331e+01  1.200000e+01
   endloop
 endfacet
 facet normal  0.000000e+00  0.000000e+00  1.000000e+00
   outer loop
     vertex -2.420000e+01 -3.900000e+01  1.200000e+01
     vertex -3.827273e+01 -2.298331e+01  1.200000e+01
     vertex -3.835837e+01 -2.325838e+01  1.200000e+01
   endloop
 endfacet
 facet normal  0.000000e+00  0.000000e+00  1.000000e+00
   outer loop
     vertex -2.420000e+01 -3.900000e+01  1.200000e+01
     vertex -3.835837e+01 -2.325838e+01  1.200000e+01
     vertex -3.845151e+01 -2.353099e+01  1.200000e+01
   endloop
 endfacet
 facet normal  0.000000e+00  0.000000e+00  1.000000e+00
   outer loop
     vertex -2.420000e+01 -3.900000e+01  1.200000e+01
     vertex -3.845151e+01 -2.353099e+01  1.200000e+01
     vertex -3.855211e+01 -2.380094e+01  1.200000e+01
   endloop
 endfacet
 facet normal  0.000000e+00  0.000000e+00  1.000000e+00
   outer loop
     vertex -2.420000e+01 -3.900000e+01  1.200000e+01
     vertex -3.855211e+01 -2.380094e+01  1.200000e+01
     vertex -3.866006e+01 -2.406803e+01  1.200000e+01
   endloop
 endfacet
 facet normal  0.000000e+00  0.000000e+00  1.000000e+00
   outer loop
     vertex -2.420000e+01 -3.900000e+01  1.200000e+01
     vertex -3.866006e+01 -2.406803e+01  1.200000e+01
     vertex -3.877531e+01 -2.433206e+01  1.200000e+01
   endloop
 endfacet
 facet normal  0.000000e+00  0.000000e+00  1.000000e+00
   outer loop
     vertex -2.420000e+01 -3.900000e+01  1.200000e+01
     vertex -3.877531e+01 -2.433206e+01  1.200000e+01
     vertex -3.889776e+01 -2.459282e+01  1.200000e+01
   endloop
 endfacet
 facet normal  0.000000e+00  0.000000e+00  1.000000e+00
   outer loop
     vertex -2.420000e+01 -3.900000e+01  1.200000e+01
     vertex -3.889776e+01 -2.459282e+01  1.200000e+01
     vertex -3.902731e+01 -2.485013e+01  1.200000e+01
   endloop
 endfacet
 facet normal  0.000000e+00  0.000000e+00  1.000000e+00
   outer loop
     vertex -2.420000e+01 -3.900000e+01  1.200000e+01
     vertex -3.902731e+01 -2.485013e+01  1.200000e+01
     vertex -3.916387e+01 -2.510379e+01  1.200000e+01
   endloop
 endfacet
 facet normal  0.000000e+00 -0.000000e+00  1.000000e+00
   outer loop
     vertex -2.420000e+01 -3.900000e+01  1.200000e+01
     vertex -2.420000e+01  4.000000e+01  1.200000e+01
     vertex -3.835837e+01 -1.674162e+01  1.200000e+01
   endloop
 endfacet
 facet normal  0.000000e+00  0.000000e+00  1.000000e+00
   outer loop
     vertex -2.420000e+01 -3.900000e+01  1.200000e+01
     vertex -3.916387e+01 -2.510379e+01  1.200000e+01
     vertex -3.930735e+01 -2.535361e+01  1.200000e+01
   endloop
 endfacet
 facet normal  0.000000e+00  0.000000e+00  1.000000e+00
   outer loop
     vertex -2.420000e+01 -3.900000e+01  1.200000e+01
     vertex -3.930735e+01 -2.535361e+01  1.200000e+01
     vertex -3.945762e+01 -2.559940e+01  1.200000e+01
   endloop
 endfacet
 facet normal  0.000000e+00  0.000000e+00  1.000000e+00
   outer loop
     vertex -2.420000e+01 -3.900000e+01  1.200000e+01
     vertex -3.945762e+01 -2.559940e+01  1.200000e+01
     vertex -3.961457e+01 -2.584097e+01  1.200000e+01
   endloop
 endfacet
 facet normal  0.000000e+00  0.000000e+00  1.000000e+00
   outer loop
     vertex -2.420000e+01 -3.900000e+01  1.200000e+01
     vertex -3.961457e+01 -2.584097e+01  1.200000e+01
     vertex -3.977810e+01 -2.607815e+01  1.200000e+01
   endloop
 endfacet
 facet normal  0.000000e+00  0.000000e+00  1.000000e+00
   outer loop
     vertex -2.420000e+01 -3.900000e+01  1.200000e+01
     vertex -3.977810e+01 -2.607815e+01  1.200000e+01
     vertex -3.994807e+01 -2.631075e+01  1.200000e+01
   endloop
 endfacet
 facet normal  0.000000e+00  0.000000e+00  1.000000e+00
   outer loop
     vertex -2.420000e+01 -3.900000e+01  1.200000e+01
     vertex -3.994807e+01 -2.631075e+01  1.200000e+01
     vertex -4.012436e+01 -2.653860e+01  1.200000e+01
   endloop
 endfacet
 facet normal  0.000000e+00  0.000000e+00  1.000000e+00
   outer loop
     vertex -2.420000e+01 -3.900000e+01  1.200000e+01
     vertex -4.012436e+01 -2.653860e+01  1.200000e+01
     vertex -4.030683e+01 -2.676152e+01  1.200000e+01
   endloop
 endfacet
 facet normal  0.000000e+00  0.000000e+00  1.000000e+00
   outer loop
     vertex -2.420000e+01 -3.900000e+01  1.200000e+01
     vertex -4.030683e+01 -2.676152e+01  1.200000e+01
     vertex -4.049535e+01 -2.697936e+01  1.200000e+01
   endloop
 endfacet
 facet normal  0.000000e+00  0.000000e+00  1.000000e+00
   outer loop
     vertex -2.420000e+01 -3.900000e+01  1.200000e+01
     vertex -4.049535e+01 -2.697936e+01  1.200000e+01
     vertex -4.068977e+01 -2.719194e+01  1.200000e+01
   endloop
 endfacet
 facet normal  0.000000e+00  0.000000e+00  1.000000e+00
   outer loop
     vertex -2.420000e+01 -3.900000e+01  1.200000e+01
     vertex -4.068977e+01 -2.719194e+01  1.200000e+01
     vertex -4.088996e+01 -2.739911e+01  1.200000e+01
   endloop
 endfacet
 facet normal  2.641423e-16  7.608000e-16  1.000000e+00
   outer loop
     vertex -2.420000e+01 -3.900000e+01  1.200000e+01
     vertex -4.870005e+01 -3.049383e+01  1.200000e+01
     vertex -7.800000e+01 -3.900000e+01  1.200000e+01
   endloop
 endfacet
 facet normal  6.887835e-17  1.433397e-15  1.000000e+00
   outer loop
     vertex -4.870005e+01 -3.049383e+01  1.200000e+01
     vertex -4.898780e+01 -3.048000e+01  1.200000e+01
     vertex -7.800000e+01 -3.900000e+01  1.200000e+01
   endloop
 endfacet
 facet normal -1.000000e+00  0.000000e+00  0.000000e+00
   outer loop
     vertex -1.480000e+01 -3.900000e+01  1.200000e+01
     vertex -1.480000e+01  4.000000e+01  1.200000e+01
     vertex -1.480000e+01  4.000000e+01  9.000000e+00
   endloop
 endfacet
 facet normal -1.000000e+00  0.000000e+00  0.000000e+00
   outer loop
     vertex -1.480000e+01 -3.900000e+01  9.000000e+00
     vertex -1.480000e+01 -3.900000e+01  1.200000e+01
     vertex -1.480000e+01  4.000000e+01  9.000000e+00
   endloop
 endfacet
 facet normal -0.000000e+00  0.000000e+00  1.000000e+00
   outer loop
     vertex -2.420000e+01  4.000000e+01  9.000000e+00
     vertex -1.480000e+01 -3.900000e+01  9.000000e+00
     vertex -1.480000e+01  4.000000e+01  9.000000e+00
   endloop
 endfacet
 facet normal  0.000000e+00  0.000000e+00  1.000000e+00
   outer loop
     vertex -2.420000e+01  4.000000e+01  9.000000e+00
     vertex -2.420000e+01 -3.900000e+01  9.000000e+00
     vertex -1.480000e+01 -3.900000e+01  9.000000e+00
   endloop
 endfacet
 facet normal  1.000000e+00 -0.000000e+00  0.000000e+00
   outer loop
     vertex -2.420000e+01 -3.900000e+01  1.200000e+01
     vertex -2.420000e+01  4.000000e+01  9.000000e+00
     vertex -2.420000e+01  4.000000e+01  1.200000e+01
   endloop
 endfacet
 facet normal  1.000000e+00  0.000000e+00  0.000000e+00
   outer loop
     vertex -2.420000e+01 -3.900000e+01  9.000000e+00
     vertex -2.420000e+01  4.000000e+01  9.000000e+00
     vertex -2.420000e+01 -3.900000e+01  1.200000e+01
   endloop
 endfacet
endsolid
