solid 
 facet normal -2.350528e-16 -2.399402e-16 -1.000000e+00
   outer loop
     vertex -3.224029e+01  2.395510e+00  2.842171e-14
     vertex  5.080000e+01  3.950000e+01  0.000000e+00
     vertex -3.216189e+01  2.318710e+00  2.842171e-14
   endloop
 endfacet
 facet normal -2.390602e-16 -2.309986e-16 -1.000000e+00
   outer loop
     vertex -3.208563e+01  2.239788e+00  2.842171e-14
     vertex -3.216189e+01  2.318710e+00  2.842171e-14
     vertex  5.080000e+01  3.950000e+01  0.000000e+00
   endloop
 endfacet
 facet normal -2.309664e-16 -2.490857e-16 -1.000000e+00
   outer loop
     vertex -3.232076e+01  2.470130e+00  2.842171e-14
     vertex  5.080000e+01  3.950000e+01  0.000000e+00
     vertex -3.224029e+01  2.395510e+00  2.842171e-14
   endloop
 endfacet
 facet normal -2.429973e-16 -2.222405e-16 -1.000000e+00
   outer loop
     vertex -3.201156e+01  2.158804e+00  2.842171e-14
     vertex -3.208563e+01  2.239788e+00  2.842171e-14
     vertex  5.080000e+01  3.950000e+01  0.000000e+00
   endloop
 endfacet
 facet normal -2.267915e-16 -2.584570e-16 -1.000000e+00
   outer loop
     vertex -3.240325e+01  2.542515e+00  2.842171e-14
     vertex  5.080000e+01  3.950000e+01  0.000000e+00
     vertex -3.232076e+01  2.470130e+00  2.842171e-14
   endloop
 endfacet
 facet normal -2.468724e-16 -2.136467e-16 -1.000000e+00
   outer loop
     vertex -3.193975e+01  2.075818e+00  2.842171e-14
     vertex -3.201156e+01  2.158804e+00  2.842171e-14
     vertex  5.080000e+01  3.950000e+01  0.000000e+00
   endloop
 endfacet
 facet normal -2.797412e-16 -1.388742e-16 -1.000000e+00
   outer loop
     vertex -3.248770e+01  2.612609e+00  2.842171e-14
     vertex -5.080000e+01  3.950000e+01  2.842171e-14
     vertex  5.080000e+01  3.950000e+01  0.000000e+00
   endloop
 endfacet
 facet normal -2.225179e-16 -2.680782e-16 -1.000000e+00
   outer loop
     vertex -3.248770e+01  2.612609e+00  2.842171e-14
     vertex  5.080000e+01  3.950000e+01  0.000000e+00
     vertex -3.240325e+01  2.542515e+00  2.842171e-14
   endloop
 endfacet
 facet normal -2.506931e-16 -2.051995e-16 -1.000000e+00
   outer loop
     vertex -3.187023e+01  1.990894e+00  2.842171e-14
     vertex -3.193975e+01  2.075818e+00  2.842171e-14
     vertex  5.080000e+01  3.950000e+01  0.000000e+00
   endloop
 endfacet
 facet normal  0.000000e+00  0.000000e+00 -1.000000e+00
   outer loop
     vertex -3.257403e+01  2.680360e+00  2.842171e-14
     vertex -5.080000e+01  3.950000e+01  2.842171e-14
     vertex -3.248770e+01  2.612609e+00  2.842171e-14
   endloop
 endfacet
 facet normal -2.544669e-16 -1.968820e-16 -1.000000e+00
   outer loop
     vertex -3.180307e+01  1.904094e+00  2.842171e-14
     vertex -3.187023e+01  1.990894e+00  2.842171e-14
     vertex  5.080000e+01  3.950000e+01  0.000000e+00
   endloop
 endfacet
 facet normal  0.000000e+00  0.000000e+00 -1.000000e+00
   outer loop
     vertex -3.266220e+01  2.745717e+00  2.842171e-14
     vertex -5.080000e+01  3.950000e+01  2.842171e-14
     vertex -3.257403e+01  2.680360e+00  2.842171e-14
   endloop
 endfacet
 facet normal -2.582007e-16 -1.886784e-16 -1.000000e+00
   outer loop
     vertex -3.173832e+01  1.815484e+00  2.842171e-14
     vertex -3.180307e+01  1.904094e+00  2.842171e-14
     vertex  5.080000e+01  3.950000e+01  0.000000e+00
   endloop
 endfacet
 facet normal  0.000000e+00  0.000000e+00 -1.000000e+00
   outer loop
     vertex -3.275212e+01  2.808631e+00  2.842171e-14
     vertex -5.080000e+01  3.950000e+01  2.842171e-14
     vertex -3.266220e+01  2.745717e+00  2.842171e-14
   endloop
 endfacet
 facet normal -2.619012e-16 -1.805734e-16 -1.000000e+00
   outer loop
     vertex -3.167603e+01  1.725132e+00  2.842171e-14
     vertex -3.173832e+01  1.815484e+00  2.842171e-14
     vertex  5.080000e+01  3.950000e+01  0.000000e+00
   endloop
 endfacet
 facet normal  0.000000e+00  0.000000e+00 -1.000000e+00
   outer loop
     vertex -3.284374e+01  2.869054e+00  2.842171e-14
     vertex -5.080000e+01  3.950000e+01  2.842171e-14
     vertex -3.275212e+01  2.808631e+00  2.842171e-14
   endloop
 endfacet
 facet normal -2.655748e-16 -1.725526e-16 -1.000000e+00
   outer loop
     vertex -3.161623e+01  1.633104e+00  2.842171e-14
     vertex -3.167603e+01  1.725132e+00  2.842171e-14
     vertex  5.080000e+01  3.950000e+01  0.000000e+00
   endloop
 endfacet
 facet normal  0.000000e+00  0.000000e+00 -1.000000e+00
   outer loop
     vertex -3.293697e+01  2.926941e+00  2.842171e-14
     vertex -5.080000e+01  3.950000e+01  2.842171e-14
     vertex -3.284374e+01  2.869054e+00  2.842171e-14
   endloop
 endfacet
 facet normal -2.692277e-16 -1.646022e-16 -1.000000e+00
   outer loop
     vertex -3.155899e+01  1.539471e+00  2.842171e-14
     vertex -3.161623e+01  1.633104e+00  2.842171e-14
     vertex  5.080000e+01  3.950000e+01  0.000000e+00
   endloop
 endfacet
 facet normal  0.000000e+00  0.000000e+00 -1.000000e+00
   outer loop
     vertex -3.303177e+01  2.982248e+00  2.842171e-14
     vertex -5.080000e+01  3.950000e+01  2.842171e-14
     vertex -3.293697e+01  2.926941e+00  2.842171e-14
   endloop
 endfacet
 facet normal -2.728660e-16 -1.567085e-16 -1.000000e+00
   outer loop
     vertex -3.150433e+01  1.444303e+00  2.842171e-14
     vertex -3.155899e+01  1.539471e+00  2.842171e-14
     vertex  5.080000e+01  3.950000e+01  0.000000e+00
   endloop
 endfacet
 facet normal  0.000000e+00  0.000000e+00 -1.000000e+00
   outer loop
     vertex -3.312804e+01  3.034934e+00  2.842171e-14
     vertex -5.080000e+01  3.950000e+01  2.842171e-14
     vertex -3.303177e+01  2.982248e+00  2.842171e-14
   endloop
 endfacet
 facet normal -2.764957e-16 -1.488586e-16 -1.000000e+00
   outer loop
     vertex -3.145231e+01  1.347670e+00  2.842171e-14
     vertex -3.150433e+01  1.444303e+00  2.842171e-14
     vertex  5.080000e+01  3.950000e+01  0.000000e+00
   endloop
 endfacet
 facet normal  0.000000e+00  0.000000e+00 -1.000000e+00
   outer loop
     vertex -3.322572e+01  3.084959e+00  2.842171e-14
     vertex -5.080000e+01  3.950000e+01  2.842171e-14
     vertex -3.312804e+01  3.034934e+00  2.842171e-14
   endloop
 endfacet
 facet normal -2.801225e-16 -1.410395e-16 -1.000000e+00
   outer loop
     vertex -3.140295e+01  1.249647e+00  2.842171e-14
     vertex -3.145231e+01  1.347670e+00  2.842171e-14
     vertex  5.080000e+01  3.950000e+01  0.000000e+00
   endloop
 endfacet
 facet normal  0.000000e+00  0.000000e+00 -1.000000e+00
   outer loop
     vertex -3.332474e+01  3.132285e+00  2.842171e-14
     vertex -5.080000e+01  3.950000e+01  2.842171e-14
     vertex -3.322572e+01  3.084959e+00  2.842171e-14
   endloop
 endfacet
 facet normal -2.837524e-16 -1.332386e-16 -1.000000e+00
   outer loop
     vertex -3.135631e+01  1.150307e+00  2.842171e-14
     vertex -3.140295e+01  1.249647e+00  2.842171e-14
     vertex  5.080000e+01  3.950000e+01  0.000000e+00
   endloop
 endfacet
 facet normal  0.000000e+00  0.000000e+00 -1.000000e+00
   outer loop
     vertex -3.342502e+01  3.176878e+00  2.842171e-14
     vertex -5.080000e+01  3.950000e+01  2.842171e-14
     vertex -3.332474e+01  3.132285e+00  2.842171e-14
   endloop
 endfacet
 facet normal -2.873911e-16 -1.254433e-16 -1.000000e+00
   outer loop
     vertex -3.131241e+01  1.049725e+00  2.842171e-14
     vertex -3.135631e+01  1.150307e+00  2.842171e-14
     vertex  5.080000e+01  3.950000e+01  0.000000e+00
   endloop
 endfacet
 facet normal  0.000000e+00  0.000000e+00 -1.000000e+00
   outer loop
     vertex -3.352648e+01  3.218702e+00  2.842171e-14
     vertex -5.080000e+01  3.950000e+01  2.842171e-14
     vertex -3.342502e+01  3.176878e+00  2.842171e-14
   endloop
 endfacet
 facet normal -2.910446e-16 -1.176413e-16 -1.000000e+00
   outer loop
     vertex -3.127128e+01  9.479762e-01  2.842171e-14
     vertex -3.131241e+01  1.049725e+00  2.842171e-14
     vertex  5.080000e+01  3.950000e+01  0.000000e+00
   endloop
 endfacet
 facet normal  0.000000e+00  0.000000e+00 -1.000000e+00
   outer loop
     vertex -3.362906e+01  3.257727e+00  2.842171e-14
     vertex -5.080000e+01  3.950000e+01  2.842171e-14
     vertex -3.352648e+01  3.218702e+00  2.842171e-14
   endloop
 endfacet
 facet normal -2.947187e-16 -1.098197e-16 -1.000000e+00
   outer loop
     vertex -3.123296e+01  8.451372e-01  2.842171e-14
     vertex -3.127128e+01  9.479762e-01  2.842171e-14
     vertex  5.080000e+01  3.950000e+01  0.000000e+00
   endloop
 endfacet
 facet normal  0.000000e+00  0.000000e+00 -1.000000e+00
   outer loop
     vertex -3.373266e+01  3.293923e+00  2.842171e-14
     vertex -5.080000e+01  3.950000e+01  2.842171e-14
     vertex -3.362906e+01  3.257727e+00  2.842171e-14
   endloop
 endfacet
 facet normal -2.984194e-16 -1.019660e-16 -1.000000e+00
   outer loop
     vertex -3.119747e+01  7.412857e-01  2.842171e-14
     vertex -3.123296e+01  8.451372e-01  2.842171e-14
     vertex  5.080000e+01  3.950000e+01  0.000000e+00
   endloop
 endfacet
 facet normal  0.000000e+00  0.000000e+00 -1.000000e+00
   outer loop
     vertex -3.383722e+01  3.327263e+00  2.842171e-14
     vertex -5.080000e+01  3.950000e+01  2.842171e-14
     vertex -3.373266e+01  3.293923e+00  2.842171e-14
   endloop
 endfacet
 facet normal -3.021530e-16 -9.406724e-17 -1.000000e+00
   outer loop
     vertex -3.116485e+01  6.364998e-01  2.842171e-14
     vertex -3.119747e+01  7.412857e-01  2.842171e-14
     vertex  5.080000e+01  3.950000e+01  0.000000e+00
   endloop
 endfacet
 facet normal  0.000000e+00  0.000000e+00 -1.000000e+00
   outer loop
     vertex -3.394266e+01  3.357722e+00  2.842171e-14
     vertex -5.080000e+01  3.950000e+01  2.842171e-14
     vertex -3.383722e+01  3.327263e+00  2.842171e-14
   endloop
 endfacet
 facet normal -3.059259e-16 -8.611014e-17 -1.000000e+00
   outer loop
     vertex -3.113512e+01  5.308584e-01  2.842171e-14
     vertex -3.116485e+01  6.364998e-01  2.842171e-14
     vertex  5.080000e+01  3.950000e+01  0.000000e+00
   endloop
 endfacet
 facet normal  0.000000e+00  0.000000e+00 -1.000000e+00
   outer loop
     vertex -3.404889e+01  3.385278e+00  2.842171e-14
     vertex -5.080000e+01  3.950000e+01  2.842171e-14
     vertex -3.394266e+01  3.357722e+00  2.842171e-14
   endloop
 endfacet
 facet normal -3.097446e-16 -7.808109e-17 -1.000000e+00
   outer loop
     vertex -3.110829e+01  4.244410e-01  2.842171e-14
     vertex -3.113512e+01  5.308584e-01  2.842171e-14
     vertex  5.080000e+01  3.950000e+01  0.000000e+00
   endloop
 endfacet
 facet normal  0.000000e+00  0.000000e+00 -1.000000e+00
   outer loop
     vertex -3.415583e+01  3.409908e+00  2.842171e-14
     vertex -5.080000e+01  3.950000e+01  2.842171e-14
     vertex -3.404889e+01  3.385278e+00  2.842171e-14
   endloop
 endfacet
 facet normal -3.136160e-16 -6.996597e-17 -1.000000e+00
   outer loop
     vertex -3.108439e+01  3.173277e-01  2.842171e-14
     vertex -3.110829e+01  4.244410e-01  2.842171e-14
     vertex  5.080000e+01  3.950000e+01  0.000000e+00
   endloop
 endfacet
 facet normal  0.000000e+00  0.000000e+00 -1.000000e+00
   outer loop
     vertex -3.426342e+01  3.431596e+00  2.842171e-14
     vertex -5.080000e+01  3.950000e+01  2.842171e-14
     vertex -3.415583e+01  3.409908e+00  2.842171e-14
   endloop
 endfacet
 facet normal -3.175474e-16 -6.175008e-17 -1.000000e+00
   outer loop
     vertex -3.106344e+01  2.095991e-01  2.842171e-14
     vertex -3.108439e+01  3.173277e-01  2.842171e-14
     vertex  5.080000e+01  3.950000e+01  0.000000e+00
   endloop
 endfacet
 facet normal  0.000000e+00  0.000000e+00 -1.000000e+00
   outer loop
     vertex -3.437155e+01  3.450323e+00  2.842171e-14
     vertex -5.080000e+01  3.950000e+01  2.842171e-14
     vertex -3.426342e+01  3.431596e+00  2.842171e-14
   endloop
 endfacet
 facet normal -3.215464e-16 -5.341800e-17 -1.000000e+00
   outer loop
     vertex -3.104546e+01  1.013364e-01  2.842171e-14
     vertex -3.106344e+01  2.095991e-01  2.842171e-14
     vertex  5.080000e+01  3.950000e+01  0.000000e+00
   endloop
 endfacet
 facet normal  0.000000e+00  0.000000e+00 -1.000000e+00
   outer loop
     vertex -3.448016e+01  3.466077e+00  2.842171e-14
     vertex -5.080000e+01  3.950000e+01  2.842171e-14
     vertex -3.437155e+01  3.450323e+00  2.842171e-14
   endloop
 endfacet
 facet normal -3.256210e-16 -4.495349e-17 -1.000000e+00
   outer loop
     vertex -3.103045e+01 -7.379031e-03  2.842171e-14
     vertex -3.104546e+01  1.013364e-01  2.842171e-14
     vertex  5.080000e+01  3.950000e+01  0.000000e+00
   endloop
 endfacet
 facet normal  0.000000e+00  0.000000e+00 -1.000000e+00
   outer loop
     vertex -3.458916e+01  3.478846e+00  2.842171e-14
     vertex -5.080000e+01  3.950000e+01  2.842171e-14
     vertex -3.448016e+01  3.466077e+00  2.842171e-14
   endloop
 endfacet
 facet normal -3.297799e-16 -3.633935e-17 -1.000000e+00
   outer loop
     vertex -3.101843e+01 -1.164653e-01  2.842171e-14
     vertex -3.103045e+01 -7.379031e-03  2.842171e-14
     vertex  5.080000e+01  3.950000e+01  0.000000e+00
   endloop
 endfacet
 facet normal  0.000000e+00  0.000000e+00 -1.000000e+00
   outer loop
     vertex -3.469847e+01  3.488619e+00  2.842171e-14
     vertex -5.080000e+01  3.950000e+01  2.842171e-14
     vertex -3.458916e+01  3.478846e+00  2.842171e-14
   endloop
 endfacet
 facet normal -3.340322e-16 -2.755728e-17 -1.000000e+00
   outer loop
     vertex -3.100941e+01 -2.258402e-01  2.842171e-14
     vertex -3.101843e+01 -1.164653e-01  2.842171e-14
     vertex  5.080000e+01  3.950000e+01  0.000000e+00
   endloop
 endfacet
 facet normal  0.000000e+00  0.000000e+00 -1.000000e+00
   outer loop
     vertex -3.480801e+01  3.495390e+00  2.842171e-14
     vertex -5.080000e+01  3.950000e+01  2.842171e-14
     vertex -3.469847e+01  3.488619e+00  2.842171e-14
   endloop
 endfacet
 facet normal -3.383877e-16 -1.858768e-17 -1.000000e+00
   outer loop
     vertex -3.100339e+01 -3.354215e-01  2.842171e-14
     vertex -3.100941e+01 -2.258402e-01  2.842171e-14
     vertex  5.080000e+01  3.950000e+01  0.000000e+00
   endloop
 endfacet
 facet normal  0.000000e+00  0.000000e+00 -1.000000e+00
   outer loop
     vertex -3.491769e+01  3.499153e+00  2.842171e-14
     vertex -5.080000e+01  3.950000e+01  2.842171e-14
     vertex -3.480801e+01  3.495390e+00  2.842171e-14
   endloop
 endfacet
 facet normal -3.474521e-16  0.000000e+00 -1.000000e+00
   outer loop
     vertex -3.100038e+01 -4.451267e-01  2.842171e-14
     vertex  5.080000e+01  3.950000e+01  0.000000e+00
     vertex  5.080000e+01 -3.950000e+01  0.000000e+00
   endloop
 endfacet
 facet normal -3.428572e-16 -9.409502e-18 -1.000000e+00
   outer loop
     vertex -3.100038e+01 -4.451267e-01  2.842171e-14
     vertex -3.100339e+01 -3.354215e-01  2.842171e-14
     vertex  5.080000e+01  3.950000e+01  0.000000e+00
   endloop
 endfacet
 facet normal  0.000000e+00  0.000000e+00 -1.000000e+00
   outer loop
     vertex -3.502744e+01  3.499906e+00  2.842171e-14
     vertex -5.080000e+01  3.950000e+01  2.842171e-14
     vertex -3.491769e+01  3.499153e+00  2.842171e-14
   endloop
 endfacet
 facet normal -3.474521e-16  0.000000e+00 -1.000000e+00
   outer loop
     vertex -3.100038e+01 -5.548733e-01  2.842171e-14
     vertex -3.100038e+01 -4.451267e-01  2.842171e-14
     vertex  5.080000e+01 -3.950000e+01  0.000000e+00
   endloop
 endfacet
 facet normal  0.000000e+00  0.000000e+00 -1.000000e+00
   outer loop
     vertex -3.513716e+01  3.497648e+00  2.842171e-14
     vertex -5.080000e+01  3.950000e+01  2.842171e-14
     vertex -3.502744e+01  3.499906e+00  2.842171e-14
   endloop
 endfacet
 facet normal -3.429707e-16  9.412618e-18 -1.000000e+00
   outer loop
     vertex -3.100339e+01 -6.645785e-01  2.842171e-14
     vertex -3.100038e+01 -5.548733e-01  2.842171e-14
     vertex  5.080000e+01 -3.950000e+01  0.000000e+00
   endloop
 endfacet
 facet normal  0.000000e+00  0.000000e+00 -1.000000e+00
   outer loop
     vertex -3.524678e+01  3.492380e+00  2.842171e-14
     vertex -5.080000e+01  3.950000e+01  2.842171e-14
     vertex -3.513716e+01  3.497648e+00  2.842171e-14
   endloop
 endfacet
 facet normal -3.386092e-16  1.859984e-17 -1.000000e+00
   outer loop
     vertex -3.100941e+01 -7.741598e-01  2.842171e-14
     vertex -3.100339e+01 -6.645785e-01  2.842171e-14
     vertex  5.080000e+01 -3.950000e+01  0.000000e+00
   endloop
 endfacet
 facet normal  0.000000e+00  0.000000e+00 -1.000000e+00
   outer loop
     vertex -3.535621e+01  3.484107e+00  2.842171e-14
     vertex -5.080000e+01  3.950000e+01  2.842171e-14
     vertex -3.524678e+01  3.492380e+00  2.842171e-14
   endloop
 endfacet
 facet normal -3.343564e-16  2.758402e-17 -1.000000e+00
   outer loop
     vertex -3.101843e+01 -8.835347e-01  2.842171e-14
     vertex -3.100941e+01 -7.741598e-01  2.842171e-14
     vertex  5.080000e+01 -3.950000e+01  0.000000e+00
   endloop
 endfacet
 facet normal  0.000000e+00  0.000000e+00 -1.000000e+00
   outer loop
     vertex -3.546538e+01  3.472835e+00  2.842171e-14
     vertex -5.080000e+01  3.950000e+01  2.842171e-14
     vertex -3.535621e+01  3.484107e+00  2.842171e-14
   endloop
 endfacet
 facet normal -3.302021e-16  3.638587e-17 -1.000000e+00
   outer loop
     vertex -3.103045e+01 -9.926210e-01  2.842171e-14
     vertex -3.101843e+01 -8.835347e-01  2.842171e-14
     vertex  5.080000e+01 -3.950000e+01  0.000000e+00
   endloop
 endfacet
 facet normal  0.000000e+00  0.000000e+00 -1.000000e+00
   outer loop
     vertex -3.557420e+01  3.458573e+00  2.842171e-14
     vertex -5.080000e+01  3.950000e+01  2.842171e-14
     vertex -3.546538e+01  3.472835e+00  2.842171e-14
   endloop
 endfacet
 facet normal -3.261369e-16  4.502470e-17 -1.000000e+00
   outer loop
     vertex -3.104546e+01 -1.101336e+00  2.842171e-14
     vertex -3.103045e+01 -9.926210e-01  2.842171e-14
     vertex  5.080000e+01 -3.950000e+01  0.000000e+00
   endloop
 endfacet
 facet normal  0.000000e+00  0.000000e+00 -1.000000e+00
   outer loop
     vertex -3.568258e+01  3.441330e+00  2.842171e-14
     vertex -5.080000e+01  3.950000e+01  2.842171e-14
     vertex -3.557420e+01  3.458573e+00  2.842171e-14
   endloop
 endfacet
 facet normal -3.221519e-16  5.351858e-17 -1.000000e+00
   outer loop
     vertex -3.106344e+01 -1.209599e+00  2.842171e-14
     vertex -3.104546e+01 -1.101336e+00  2.842171e-14
     vertex  5.080000e+01 -3.950000e+01  0.000000e+00
   endloop
 endfacet
 facet normal  0.000000e+00  0.000000e+00 -1.000000e+00
   outer loop
     vertex -3.579045e+01  3.421121e+00  2.842171e-14
     vertex -5.080000e+01  3.950000e+01  2.842171e-14
     vertex -3.568258e+01  3.441330e+00  2.842171e-14
   endloop
 endfacet
 facet normal -3.182388e-16  6.188453e-17 -1.000000e+00
   outer loop
     vertex -3.108439e+01 -1.317328e+00  2.842171e-14
     vertex -3.106344e+01 -1.209599e+00  2.842171e-14
     vertex  5.080000e+01 -3.950000e+01  0.000000e+00
   endloop
 endfacet
 facet normal  0.000000e+00  0.000000e+00 -1.000000e+00
   outer loop
     vertex -3.589772e+01  3.397960e+00  2.842171e-14
     vertex -5.080000e+01  3.950000e+01  2.842171e-14
     vertex -3.579045e+01  3.421121e+00  2.842171e-14
   endloop
 endfacet
 facet normal -3.143899e-16  7.013863e-17 -1.000000e+00
   outer loop
     vertex -3.110829e+01 -1.424441e+00  2.842171e-14
     vertex -3.108439e+01 -1.317328e+00  2.842171e-14
     vertex  5.080000e+01 -3.950000e+01  0.000000e+00
   endloop
 endfacet
 facet normal  0.000000e+00  0.000000e+00 -1.000000e+00
   outer loop
     vertex -3.600432e+01  3.371864e+00  2.842171e-14
     vertex -5.080000e+01  3.950000e+01  2.842171e-14
     vertex -3.589772e+01  3.397960e+00  2.842171e-14
   endloop
 endfacet
 facet normal -3.105978e-16  7.829619e-17 -1.000000e+00
   outer loop
     vertex -3.113512e+01 -1.530858e+00  2.842171e-14
     vertex -3.110829e+01 -1.424441e+00  2.842171e-14
     vertex  5.080000e+01 -3.950000e+01  0.000000e+00
   endloop
 endfacet
 facet normal  0.000000e+00  0.000000e+00 -1.000000e+00
   outer loop
     vertex -3.611017e+01  3.342854e+00  2.842171e-14
     vertex -5.080000e+01  3.950000e+01  2.842171e-14
     vertex -3.600432e+01  3.371864e+00  2.842171e-14
   endloop
 endfacet
 facet normal -3.068556e-16  8.637182e-17 -1.000000e+00
   outer loop
     vertex -3.116485e+01 -1.636500e+00  2.842171e-14
     vertex -3.113512e+01 -1.530858e+00  2.842171e-14
     vertex  5.080000e+01 -3.950000e+01  0.000000e+00
   endloop
 endfacet
 facet normal  0.000000e+00  0.000000e+00 -1.000000e+00
   outer loop
     vertex -3.621517e+01  3.310952e+00  2.842171e-14
     vertex -5.080000e+01  3.950000e+01  2.842171e-14
     vertex -3.611017e+01  3.342854e+00  2.842171e-14
   endloop
 endfacet
 facet normal -3.031564e-16  9.437961e-17 -1.000000e+00
   outer loop
     vertex -3.119747e+01 -1.741286e+00  2.842171e-14
     vertex -3.116485e+01 -1.636500e+00  2.842171e-14
     vertex  5.080000e+01 -3.950000e+01  0.000000e+00
   endloop
 endfacet
 facet normal  0.000000e+00  0.000000e+00 -1.000000e+00
   outer loop
     vertex -3.631927e+01  3.276180e+00  2.842171e-14
     vertex -5.080000e+01  3.950000e+01  2.842171e-14
     vertex -3.621517e+01  3.310952e+00  2.842171e-14
   endloop
 endfacet
 facet normal -2.994939e-16  1.023332e-16 -1.000000e+00
   outer loop
     vertex -3.123296e+01 -1.845137e+00  2.842171e-14
     vertex -3.119747e+01 -1.741286e+00  2.842171e-14
     vertex  5.080000e+01 -3.950000e+01  0.000000e+00
   endloop
 endfacet
 facet normal  0.000000e+00  0.000000e+00 -1.000000e+00
   outer loop
     vertex -3.642237e+01  3.238566e+00  2.842171e-14
     vertex -5.080000e+01  3.950000e+01  2.842171e-14
     vertex -3.631927e+01  3.276180e+00  2.842171e-14
   endloop
 endfacet
 facet normal -2.958619e-16  1.102457e-16 -1.000000e+00
   outer loop
     vertex -3.127128e+01 -1.947976e+00  2.842171e-14
     vertex -3.123296e+01 -1.845137e+00  2.842171e-14
     vertex  5.080000e+01 -3.950000e+01  0.000000e+00
   endloop
 endfacet
 facet normal  0.000000e+00  0.000000e+00 -1.000000e+00
   outer loop
     vertex -3.652439e+01  3.198138e+00  2.842171e-14
     vertex -5.080000e+01  3.950000e+01  2.842171e-14
     vertex -3.642237e+01  3.238566e+00  2.842171e-14
   endloop
 endfacet
 facet normal -2.922543e-16  1.181302e-16 -1.000000e+00
   outer loop
     vertex -3.131241e+01 -2.049725e+00  2.842171e-14
     vertex -3.127128e+01 -1.947976e+00  2.842171e-14
     vertex  5.080000e+01 -3.950000e+01  0.000000e+00
   endloop
 endfacet
 facet normal  0.000000e+00  0.000000e+00 -1.000000e+00
   outer loop
     vertex -3.662528e+01  3.154925e+00  2.842171e-14
     vertex -5.080000e+01  3.950000e+01  2.842171e-14
     vertex -3.652439e+01  3.198138e+00  2.842171e-14
   endloop
 endfacet
 facet normal -2.886652e-16  1.259995e-16 -1.000000e+00
   outer loop
     vertex -3.135631e+01 -2.150307e+00  2.842171e-14
     vertex -3.131241e+01 -2.049725e+00  2.842171e-14
     vertex  5.080000e+01 -3.950000e+01  0.000000e+00
   endloop
 endfacet
 facet normal  0.000000e+00  0.000000e+00 -1.000000e+00
   outer loop
     vertex -3.672493e+01  3.108962e+00  2.842171e-14
     vertex -5.080000e+01  3.950000e+01  2.842171e-14
     vertex -3.662528e+01  3.154925e+00  2.842171e-14
   endloop
 endfacet
 facet normal -2.850889e-16  1.338661e-16 -1.000000e+00
   outer loop
     vertex -3.140295e+01 -2.249647e+00  2.842171e-14
     vertex -3.135631e+01 -2.150307e+00  2.842171e-14
     vertex  5.080000e+01 -3.950000e+01  0.000000e+00
   endloop
 endfacet
 facet normal  0.000000e+00  0.000000e+00 -1.000000e+00
   outer loop
     vertex -3.682329e+01  3.060282e+00  2.842171e-14
     vertex -5.080000e+01  3.950000e+01  2.842171e-14
     vertex -3.672493e+01  3.108962e+00  2.842171e-14
   endloop
 endfacet
 facet normal -2.815195e-16  1.417428e-16 -1.000000e+00
   outer loop
     vertex -3.145231e+01 -2.347670e+00  2.842171e-14
     vertex -3.140295e+01 -2.249647e+00  2.842171e-14
     vertex  5.080000e+01 -3.950000e+01  0.000000e+00
   endloop
 endfacet
 facet normal  0.000000e+00  0.000000e+00 -1.000000e+00
   outer loop
     vertex -3.692028e+01  3.008921e+00  2.842171e-14
     vertex -5.080000e+01  3.950000e+01  2.842171e-14
     vertex -3.682329e+01  3.060282e+00  2.842171e-14
   endloop
 endfacet
 facet normal -2.779515e-16  1.496423e-16 -1.000000e+00
   outer loop
     vertex -3.150433e+01 -2.444303e+00  2.842171e-14
     vertex -3.145231e+01 -2.347670e+00  2.842171e-14
     vertex  5.080000e+01 -3.950000e+01  0.000000e+00
   endloop
 endfacet
 facet normal  0.000000e+00  0.000000e+00 -1.000000e+00
   outer loop
     vertex -3.701582e+01  2.954920e+00  2.842171e-14
     vertex -5.080000e+01  3.950000e+01  2.842171e-14
     vertex -3.692028e+01  3.008921e+00  2.842171e-14
   endloop
 endfacet
 facet normal -2.743789e-16  1.575773e-16 -1.000000e+00
   outer loop
     vertex -3.155899e+01 -2.539471e+00  2.842171e-14
     vertex -3.150433e+01 -2.444303e+00  2.842171e-14
     vertex  5.080000e+01 -3.950000e+01  0.000000e+00
   endloop
 endfacet
 facet normal  0.000000e+00  0.000000e+00 -1.000000e+00
   outer loop
     vertex -3.710984e+01  2.898317e+00  2.842171e-14
     vertex -5.080000e+01  3.950000e+01  2.842171e-14
     vertex -3.701582e+01  2.954920e+00  2.842171e-14
   endloop
 endfacet
 facet normal -2.707960e-16  1.655610e-16 -1.000000e+00
   outer loop
     vertex -3.161623e+01 -2.633104e+00  2.842171e-14
     vertex -3.155899e+01 -2.539471e+00  2.842171e-14
     vertex  5.080000e+01 -3.950000e+01  0.000000e+00
   endloop
 endfacet
 facet normal  0.000000e+00  0.000000e+00 -1.000000e+00
   outer loop
     vertex -3.720228e+01  2.839156e+00  2.842171e-14
     vertex -5.080000e+01  3.950000e+01  2.842171e-14
     vertex -3.710984e+01  2.898317e+00  2.842171e-14
   endloop
 endfacet
 facet normal -2.671970e-16  1.736066e-16 -1.000000e+00
   outer loop
     vertex -3.167603e+01 -2.725132e+00  2.842171e-14
     vertex -3.161623e+01 -2.633104e+00  2.842171e-14
     vertex  5.080000e+01 -3.950000e+01  0.000000e+00
   endloop
 endfacet
 facet normal  0.000000e+00  0.000000e+00 -1.000000e+00
   outer loop
     vertex -3.729306e+01  2.777482e+00  2.842171e-14
     vertex -5.080000e+01  3.950000e+01  2.842171e-14
     vertex -3.720228e+01  2.839156e+00  2.842171e-14
   endloop
 endfacet
 facet normal -2.635758e-16  1.817280e-16 -1.000000e+00
   outer loop
     vertex -3.173832e+01 -2.815484e+00  2.842171e-14
     vertex -3.167603e+01 -2.725132e+00  2.842171e-14
     vertex  5.080000e+01 -3.950000e+01  0.000000e+00
   endloop
 endfacet
 facet normal  0.000000e+00  0.000000e+00 -1.000000e+00
   outer loop
     vertex -3.738211e+01  2.713341e+00  2.842171e-14
     vertex -5.080000e+01  3.950000e+01  2.842171e-14
     vertex -3.729306e+01  2.777482e+00  2.842171e-14
   endloop
 endfacet
 facet normal -2.599263e-16  1.899393e-16 -1.000000e+00
   outer loop
     vertex -3.180307e+01 -2.904094e+00  2.842171e-14
     vertex -3.173832e+01 -2.815484e+00  2.842171e-14
     vertex  5.080000e+01 -3.950000e+01  0.000000e+00
   endloop
 endfacet
 facet normal  0.000000e+00  0.000000e+00 -1.000000e+00
   outer loop
     vertex -3.746937e+01  2.646780e+00  2.842171e-14
     vertex -5.080000e+01  3.950000e+01  2.842171e-14
     vertex -3.738211e+01  2.713341e+00  2.842171e-14
   endloop
 endfacet
 facet normal -2.562420e-16  1.982554e-16 -1.000000e+00
   outer loop
     vertex -3.187023e+01 -2.990894e+00  2.842171e-14
     vertex -3.180307e+01 -2.904094e+00  2.842171e-14
     vertex  5.080000e+01 -3.950000e+01  0.000000e+00
   endloop
 endfacet
 facet normal  0.000000e+00  0.000000e+00 -1.000000e+00
   outer loop
     vertex -3.755477e+01  2.577851e+00  2.842171e-14
     vertex -5.080000e+01  3.950000e+01  2.842171e-14
     vertex -3.746937e+01  2.646780e+00  2.842171e-14
   endloop
 endfacet
 facet normal -2.525162e-16  2.066918e-16 -1.000000e+00
   outer loop
     vertex -3.193975e+01 -3.075818e+00  2.842171e-14
     vertex -3.187023e+01 -2.990894e+00  2.842171e-14
     vertex  5.080000e+01 -3.950000e+01  0.000000e+00
   endloop
 endfacet
 facet normal  0.000000e+00  0.000000e+00 -1.000000e+00
   outer loop
     vertex -3.763824e+01  2.506605e+00  2.842171e-14
     vertex -5.080000e+01  3.950000e+01  2.842171e-14
     vertex -3.755477e+01  2.577851e+00  2.842171e-14
   endloop
 endfacet
 facet normal -2.487422e-16  2.152649e-16 -1.000000e+00
   outer loop
     vertex -3.201156e+01 -3.158804e+00  2.842171e-14
     vertex -3.193975e+01 -3.075818e+00  2.842171e-14
     vertex  5.080000e+01 -3.950000e+01  0.000000e+00
   endloop
 endfacet
 facet normal  0.000000e+00  0.000000e+00 -1.000000e+00
   outer loop
     vertex -3.771973e+01  2.433096e+00  2.842171e-14
     vertex -5.080000e+01  3.950000e+01  2.842171e-14
     vertex -3.763824e+01  2.506605e+00  2.842171e-14
   endloop
 endfacet
 facet normal -2.449123e-16  2.239920e-16 -1.000000e+00
   outer loop
     vertex -3.208563e+01 -3.239788e+00  2.842171e-14
     vertex -3.201156e+01 -3.158804e+00  2.842171e-14
     vertex  5.080000e+01 -3.950000e+01  0.000000e+00
   endloop
 endfacet
 facet normal  0.000000e+00  0.000000e+00 -1.000000e+00
   outer loop
     vertex -3.779918e+01  2.357379e+00  2.842171e-14
     vertex -5.080000e+01  3.950000e+01  2.842171e-14
     vertex -3.771973e+01  2.433096e+00  2.842171e-14
   endloop
 endfacet
 facet normal -2.410191e-16  2.328914e-16 -1.000000e+00
   outer loop
     vertex -3.216189e+01 -3.318710e+00  2.842171e-14
     vertex -3.208563e+01 -3.239788e+00  2.842171e-14
     vertex  5.080000e+01 -3.950000e+01  0.000000e+00
   endloop
 endfacet
 facet normal  0.000000e+00  0.000000e+00 -1.000000e+00
   outer loop
     vertex -3.787651e+01  2.279511e+00  2.842171e-14
     vertex -5.080000e+01  3.950000e+01  2.842171e-14
     vertex -3.779918e+01  2.357379e+00  2.842171e-14
   endloop
 endfacet
 facet normal -2.370540e-16  2.419830e-16 -1.000000e+00
   outer loop
     vertex -3.224029e+01 -3.395510e+00  2.842171e-14
     vertex -3.216189e+01 -3.318710e+00  2.842171e-14
     vertex  5.080000e+01 -3.950000e+01  0.000000e+00
   endloop
 endfacet
 facet normal  0.000000e+00  0.000000e+00 -1.000000e+00
   outer loop
     vertex -3.795168e+01  2.199550e+00  2.842171e-14
     vertex -5.080000e+01  3.950000e+01  2.842171e-14
     vertex -3.787651e+01  2.279511e+00  2.842171e-14
   endloop
 endfacet
 facet normal -2.330084e-16  2.512879e-16 -1.000000e+00
   outer loop
     vertex -3.232076e+01 -3.470130e+00  2.842171e-14
     vertex -3.224029e+01 -3.395510e+00  2.842171e-14
     vertex  5.080000e+01 -3.950000e+01  0.000000e+00
   endloop
 endfacet
 facet normal  0.000000e+00  0.000000e+00 -1.000000e+00
   outer loop
     vertex -3.802463e+01  2.117557e+00  2.842171e-14
     vertex -5.080000e+01  3.950000e+01  2.842171e-14
     vertex -3.795168e+01  2.199550e+00  2.842171e-14
   endloop
 endfacet
 facet normal -2.288727e-16  2.608289e-16 -1.000000e+00
   outer loop
     vertex -3.240325e+01 -3.542515e+00  2.842171e-14
     vertex -3.232076e+01 -3.470130e+00  2.842171e-14
     vertex  5.080000e+01 -3.950000e+01  0.000000e+00
   endloop
 endfacet
 facet normal  0.000000e+00  0.000000e+00 -1.000000e+00
   outer loop
     vertex -3.809530e+01  2.033594e+00  2.842171e-14
     vertex -5.080000e+01  3.950000e+01  2.842171e-14
     vertex -3.802463e+01  2.117557e+00  2.842171e-14
   endloop
 endfacet
 facet normal -2.246367e-16  2.706308e-16 -1.000000e+00
   outer loop
     vertex -3.248770e+01 -3.612609e+00  2.842171e-14
     vertex -3.240325e+01 -3.542515e+00  2.842171e-14
     vertex  5.080000e+01 -3.950000e+01  0.000000e+00
   endloop
 endfacet
 facet normal  0.000000e+00  0.000000e+00 -1.000000e+00
   outer loop
     vertex -3.816364e+01  1.947724e+00  2.842171e-14
     vertex -5.080000e+01  3.950000e+01  2.842171e-14
     vertex -3.809530e+01  2.033594e+00  2.842171e-14
   endloop
 endfacet
 facet normal  0.000000e+00  0.000000e+00 -1.000000e+00
   outer loop
     vertex -3.822960e+01  1.860011e+00  2.842171e-14
     vertex -5.080000e+01  3.950000e+01  2.842171e-14
     vertex -3.816364e+01  1.947724e+00  2.842171e-14
   endloop
 endfacet
 facet normal  0.000000e+00  0.000000e+00 -1.000000e+00
   outer loop
     vertex -3.829313e+01  1.770522e+00  2.842171e-14
     vertex -5.080000e+01  3.950000e+01  2.842171e-14
     vertex -3.822960e+01  1.860011e+00  2.842171e-14
   endloop
 endfacet
 facet normal  0.000000e+00  0.000000e+00 -1.000000e+00
   outer loop
     vertex -3.835418e+01  1.679323e+00  2.842171e-14
     vertex -5.080000e+01  3.950000e+01  2.842171e-14
     vertex -3.829313e+01  1.770522e+00  2.842171e-14
   endloop
 endfacet
 facet normal  0.000000e+00  0.000000e+00 -1.000000e+00
   outer loop
     vertex -3.841271e+01  1.586484e+00  2.842171e-14
     vertex -5.080000e+01  3.950000e+01  2.842171e-14
     vertex -3.835418e+01  1.679323e+00  2.842171e-14
   endloop
 endfacet
 facet normal  0.000000e+00  0.000000e+00 -1.000000e+00
   outer loop
     vertex -3.846867e+01  1.492074e+00  2.842171e-14
     vertex -5.080000e+01  3.950000e+01  2.842171e-14
     vertex -3.841271e+01  1.586484e+00  2.842171e-14
   endloop
 endfacet
 facet normal  0.000000e+00  0.000000e+00 -1.000000e+00
   outer loop
     vertex -3.852201e+01  1.396165e+00  2.842171e-14
     vertex -5.080000e+01  3.950000e+01  2.842171e-14
     vertex -3.846867e+01  1.492074e+00  2.842171e-14
   endloop
 endfacet
 facet normal  0.000000e+00  0.000000e+00 -1.000000e+00
   outer loop
     vertex -3.857270e+01  1.298828e+00  2.842171e-14
     vertex -5.080000e+01  3.950000e+01  2.842171e-14
     vertex -3.852201e+01  1.396165e+00  2.842171e-14
   endloop
 endfacet
 facet normal  0.000000e+00  0.000000e+00 -1.000000e+00
   outer loop
     vertex -3.862071e+01  1.200137e+00  2.842171e-14
     vertex -5.080000e+01  3.950000e+01  2.842171e-14
     vertex -3.857270e+01  1.298828e+00  2.842171e-14
   endloop
 endfacet
 facet normal  0.000000e+00  0.000000e+00 -1.000000e+00
   outer loop
     vertex -3.866599e+01  1.100167e+00  2.842171e-14
     vertex -5.080000e+01  3.950000e+01  2.842171e-14
     vertex -3.862071e+01  1.200137e+00  2.842171e-14
   endloop
 endfacet
 facet normal  0.000000e+00  0.000000e+00 -1.000000e+00
   outer loop
     vertex -3.870851e+01  9.989917e-01  2.842171e-14
     vertex -5.080000e+01  3.950000e+01  2.842171e-14
     vertex -3.866599e+01  1.100167e+00  2.842171e-14
   endloop
 endfacet
 facet normal  0.000000e+00  0.000000e+00 -1.000000e+00
   outer loop
     vertex -3.874823e+01  8.966881e-01  2.842171e-14
     vertex -5.080000e+01  3.950000e+01  2.842171e-14
     vertex -3.870851e+01  9.989917e-01  2.842171e-14
   endloop
 endfacet
 facet normal  0.000000e+00  0.000000e+00 -1.000000e+00
   outer loop
     vertex -3.878514e+01  7.933332e-01  2.842171e-14
     vertex -5.080000e+01  3.950000e+01  2.842171e-14
     vertex -3.874823e+01  8.966881e-01  2.842171e-14
   endloop
 endfacet
 facet normal  0.000000e+00  0.000000e+00 -1.000000e+00
   outer loop
     vertex -3.881920e+01  6.890047e-01  2.842171e-14
     vertex -5.080000e+01  3.950000e+01  2.842171e-14
     vertex -3.878514e+01  7.933332e-01  2.842171e-14
   endloop
 endfacet
 facet normal  0.000000e+00  0.000000e+00 -1.000000e+00
   outer loop
     vertex -3.885038e+01  5.837811e-01  2.842171e-14
     vertex -5.080000e+01  3.950000e+01  2.842171e-14
     vertex -3.881920e+01  6.890047e-01  2.842171e-14
   endloop
 endfacet
 facet normal  0.000000e+00  0.000000e+00 -1.000000e+00
   outer loop
     vertex -3.887866e+01  4.777417e-01  2.842171e-14
     vertex -5.080000e+01  3.950000e+01  2.842171e-14
     vertex -3.885038e+01  5.837811e-01  2.842171e-14
   endloop
 endfacet
 facet normal  0.000000e+00  0.000000e+00 -1.000000e+00
   outer loop
     vertex -3.890403e+01  3.709663e-01  2.842171e-14
     vertex -5.080000e+01  3.950000e+01  2.842171e-14
     vertex -3.887866e+01  4.777417e-01  2.842171e-14
   endloop
 endfacet
 facet normal  0.000000e+00  0.000000e+00 -1.000000e+00
   outer loop
     vertex -3.892645e+01  2.635352e-01  2.842171e-14
     vertex -5.080000e+01  3.950000e+01  2.842171e-14
     vertex -3.890403e+01  3.709663e-01  2.842171e-14
   endloop
 endfacet
 facet normal  0.000000e+00  0.000000e+00 -1.000000e+00
   outer loop
     vertex -3.894592e+01  1.555294e-01  2.842171e-14
     vertex -5.080000e+01  3.950000e+01  2.842171e-14
     vertex -3.892645e+01  2.635352e-01  2.842171e-14
   endloop
 endfacet
 facet normal  0.000000e+00  0.000000e+00 -1.000000e+00
   outer loop
     vertex -3.896242e+01  4.703015e-02  2.842171e-14
     vertex -5.080000e+01  3.950000e+01  2.842171e-14
     vertex -3.894592e+01  1.555294e-01  2.842171e-14
   endloop
 endfacet
 facet normal  0.000000e+00  0.000000e+00 -1.000000e+00
   outer loop
     vertex -3.897593e+01 -6.188092e-02  2.842171e-14
     vertex -5.080000e+01  3.950000e+01  2.842171e-14
     vertex -3.896242e+01  4.703015e-02  2.842171e-14
   endloop
 endfacet
 facet normal  0.000000e+00  0.000000e+00 -1.000000e+00
   outer loop
     vertex -3.898646e+01 -1.711218e-01  2.842171e-14
     vertex -5.080000e+01  3.950000e+01  2.842171e-14
     vertex -3.897593e+01 -6.188092e-02  2.842171e-14
   endloop
 endfacet
 facet normal  0.000000e+00  0.000000e+00 -1.000000e+00
   outer loop
     vertex -3.899398e+01 -2.806102e-01  2.842171e-14
     vertex -5.080000e+01  3.950000e+01  2.842171e-14
     vertex -3.898646e+01 -1.711218e-01  2.842171e-14
   endloop
 endfacet
 facet normal  0.000000e+00  0.000000e+00 -1.000000e+00
   outer loop
     vertex -3.899849e+01 -3.902638e-01  2.842171e-14
     vertex -5.080000e+01  3.950000e+01  2.842171e-14
     vertex -3.899398e+01 -2.806102e-01  2.842171e-14
   endloop
 endfacet
 facet normal  0.000000e+00  0.000000e+00 -1.000000e+00
   outer loop
     vertex -3.900000e+01 -5.000000e-01  2.842171e-14
     vertex -5.080000e+01  3.950000e+01  2.842171e-14
     vertex -3.899849e+01 -3.902638e-01  2.842171e-14
   endloop
 endfacet
 facet normal  0.000000e+00  0.000000e+00 -1.000000e+00
   outer loop
     vertex -5.080000e+01 -3.950000e+01  2.842171e-14
     vertex -3.900000e+01 -5.000000e-01  2.842171e-14
     vertex -3.899849e+01 -6.097362e-01  2.842171e-14
   endloop
 endfacet
 facet normal  0.000000e+00  0.000000e+00 -1.000000e+00
   outer loop
     vertex -5.080000e+01 -3.950000e+01  2.842171e-14
     vertex -3.899849e+01 -6.097362e-01  2.842171e-14
     vertex -3.899398e+01 -7.193898e-01  2.842171e-14
   endloop
 endfacet
 facet normal  0.000000e+00  0.000000e+00 -1.000000e+00
   outer loop
     vertex -5.080000e+01 -3.950000e+01  2.842171e-14
     vertex -3.899398e+01 -7.193898e-01  2.842171e-14
     vertex -3.898646e+01 -8.288782e-01  2.842171e-14
   endloop
 endfacet
 facet normal  0.000000e+00  0.000000e+00 -1.000000e+00
   outer loop
     vertex -5.080000e+01 -3.950000e+01  2.842171e-14
     vertex -3.898646e+01 -8.288782e-01  2.842171e-14
     vertex -3.897593e+01 -9.381191e-01  2.842171e-14
   endloop
 endfacet
 facet normal  0.000000e+00  0.000000e+00 -1.000000e+00
   outer loop
     vertex -5.080000e+01 -3.950000e+01  2.842171e-14
     vertex -3.897593e+01 -9.381191e-01  2.842171e-14
     vertex -3.896242e+01 -1.047030e+00  2.842171e-14
   endloop
 endfacet
 facet normal  0.000000e+00  0.000000e+00 -1.000000e+00
   outer loop
     vertex -5.080000e+01 -3.950000e+01  2.842171e-14
     vertex -3.896242e+01 -1.047030e+00  2.842171e-14
     vertex -3.894592e+01 -1.155529e+00  2.842171e-14
   endloop
 endfacet
 facet normal  0.000000e+00  0.000000e+00 -1.000000e+00
   outer loop
     vertex -5.080000e+01 -3.950000e+01  2.842171e-14
     vertex -3.894592e+01 -1.155529e+00  2.842171e-14
     vertex -3.892645e+01 -1.263535e+00  2.842171e-14
   endloop
 endfacet
 facet normal  0.000000e+00  0.000000e+00 -1.000000e+00
   outer loop
     vertex -5.080000e+01 -3.950000e+01  2.842171e-14
     vertex -3.892645e+01 -1.263535e+00  2.842171e-14
     vertex -3.890403e+01 -1.370966e+00  2.842171e-14
   endloop
 endfacet
 facet normal  0.000000e+00  0.000000e+00 -1.000000e+00
   outer loop
     vertex -5.080000e+01 -3.950000e+01  2.842171e-14
     vertex -3.890403e+01 -1.370966e+00  2.842171e-14
     vertex -3.887866e+01 -1.477742e+00  2.842171e-14
   endloop
 endfacet
 facet normal  0.000000e+00  0.000000e+00 -1.000000e+00
   outer loop
     vertex -5.080000e+01 -3.950000e+01  2.842171e-14
     vertex -3.887866e+01 -1.477742e+00  2.842171e-14
     vertex -3.885038e+01 -1.583781e+00  2.842171e-14
   endloop
 endfacet
 facet normal  0.000000e+00  0.000000e+00 -1.000000e+00
   outer loop
     vertex -5.080000e+01 -3.950000e+01  2.842171e-14
     vertex -3.885038e+01 -1.583781e+00  2.842171e-14
     vertex -3.881920e+01 -1.689005e+00  2.842171e-14
   endloop
 endfacet
 facet normal  0.000000e+00  0.000000e+00 -1.000000e+00
   outer loop
     vertex -5.080000e+01 -3.950000e+01  2.842171e-14
     vertex -3.881920e+01 -1.689005e+00  2.842171e-14
     vertex -3.878514e+01 -1.793333e+00  2.842171e-14
   endloop
 endfacet
 facet normal  0.000000e+00  0.000000e+00 -1.000000e+00
   outer loop
     vertex -5.080000e+01 -3.950000e+01  2.842171e-14
     vertex -3.878514e+01 -1.793333e+00  2.842171e-14
     vertex -3.874823e+01 -1.896688e+00  2.842171e-14
   endloop
 endfacet
 facet normal  0.000000e+00  0.000000e+00 -1.000000e+00
   outer loop
     vertex -5.080000e+01 -3.950000e+01  2.842171e-14
     vertex -3.874823e+01 -1.896688e+00  2.842171e-14
     vertex -3.870851e+01 -1.998992e+00  2.842171e-14
   endloop
 endfacet
 facet normal  0.000000e+00  0.000000e+00 -1.000000e+00
   outer loop
     vertex -5.080000e+01 -3.950000e+01  2.842171e-14
     vertex -3.870851e+01 -1.998992e+00  2.842171e-14
     vertex -3.866599e+01 -2.100167e+00  2.842171e-14
   endloop
 endfacet
 facet normal  0.000000e+00  0.000000e+00 -1.000000e+00
   outer loop
     vertex -5.080000e+01 -3.950000e+01  2.842171e-14
     vertex -3.866599e+01 -2.100167e+00  2.842171e-14
     vertex -3.862071e+01 -2.200137e+00  2.842171e-14
   endloop
 endfacet
 facet normal  0.000000e+00  0.000000e+00 -1.000000e+00
   outer loop
     vertex -5.080000e+01 -3.950000e+01  2.842171e-14
     vertex -3.862071e+01 -2.200137e+00  2.842171e-14
     vertex -3.857270e+01 -2.298828e+00  2.842171e-14
   endloop
 endfacet
 facet normal  0.000000e+00  0.000000e+00 -1.000000e+00
   outer loop
     vertex -5.080000e+01 -3.950000e+01  2.842171e-14
     vertex -3.857270e+01 -2.298828e+00  2.842171e-14
     vertex -3.852201e+01 -2.396165e+00  2.842171e-14
   endloop
 endfacet
 facet normal  0.000000e+00  0.000000e+00 -1.000000e+00
   outer loop
     vertex -5.080000e+01 -3.950000e+01  2.842171e-14
     vertex -3.852201e+01 -2.396165e+00  2.842171e-14
     vertex -3.846867e+01 -2.492074e+00  2.842171e-14
   endloop
 endfacet
 facet normal  0.000000e+00  0.000000e+00 -1.000000e+00
   outer loop
     vertex -5.080000e+01 -3.950000e+01  2.842171e-14
     vertex -3.846867e+01 -2.492074e+00  2.842171e-14
     vertex -3.841271e+01 -2.586484e+00  2.842171e-14
   endloop
 endfacet
 facet normal  0.000000e+00  0.000000e+00 -1.000000e+00
   outer loop
     vertex -5.080000e+01 -3.950000e+01  2.842171e-14
     vertex -3.841271e+01 -2.586484e+00  2.842171e-14
     vertex -3.835418e+01 -2.679323e+00  2.842171e-14
   endloop
 endfacet
 facet normal  0.000000e+00  0.000000e+00 -1.000000e+00
   outer loop
     vertex -5.080000e+01 -3.950000e+01  2.842171e-14
     vertex -3.835418e+01 -2.679323e+00  2.842171e-14
     vertex -3.829313e+01 -2.770522e+00  2.842171e-14
   endloop
 endfacet
 facet normal  0.000000e+00  0.000000e+00 -1.000000e+00
   outer loop
     vertex -5.080000e+01 -3.950000e+01  2.842171e-14
     vertex -3.829313e+01 -2.770522e+00  2.842171e-14
     vertex -3.822960e+01 -2.860011e+00  2.842171e-14
   endloop
 endfacet
 facet normal  0.000000e+00  0.000000e+00 -1.000000e+00
   outer loop
     vertex -5.080000e+01 -3.950000e+01  2.842171e-14
     vertex -3.822960e+01 -2.860011e+00  2.842171e-14
     vertex -3.816364e+01 -2.947724e+00  2.842171e-14
   endloop
 endfacet
 facet normal  0.000000e+00  0.000000e+00 -1.000000e+00
   outer loop
     vertex -5.080000e+01 -3.950000e+01  2.842171e-14
     vertex -3.816364e+01 -2.947724e+00  2.842171e-14
     vertex -3.809530e+01 -3.033594e+00  2.842171e-14
   endloop
 endfacet
 facet normal  0.000000e+00  0.000000e+00 -1.000000e+00
   outer loop
     vertex -5.080000e+01 -3.950000e+01  2.842171e-14
     vertex -3.809530e+01 -3.033594e+00  2.842171e-14
     vertex -3.802463e+01 -3.117557e+00  2.842171e-14
   endloop
 endfacet
 facet normal  0.000000e+00  0.000000e+00 -1.000000e+00
   outer loop
     vertex -5.080000e+01 -3.950000e+01  2.842171e-14
     vertex -3.802463e+01 -3.117557e+00  2.842171e-14
     vertex -3.795168e+01 -3.199550e+00  2.842171e-14
   endloop
 endfacet
 facet normal  0.000000e+00  0.000000e+00 -1.000000e+00
   outer loop
     vertex -5.080000e+01 -3.950000e+01  2.842171e-14
     vertex -3.795168e+01 -3.199550e+00  2.842171e-14
     vertex -3.787651e+01 -3.279511e+00  2.842171e-14
   endloop
 endfacet
 facet normal  0.000000e+00  0.000000e+00 -1.000000e+00
   outer loop
     vertex -5.080000e+01 -3.950000e+01  2.842171e-14
     vertex -3.787651e+01 -3.279511e+00  2.842171e-14
     vertex -3.779918e+01 -3.357379e+00  2.842171e-14
   endloop
 endfacet
 facet normal  0.000000e+00  0.000000e+00 -1.000000e+00
   outer loop
     vertex -5.080000e+01 -3.950000e+01  2.842171e-14
     vertex -3.779918e+01 -3.357379e+00  2.842171e-14
     vertex -3.771973e+01 -3.433096e+00  2.842171e-14
   endloop
 endfacet
 facet normal  0.000000e+00  0.000000e+00 -1.000000e+00
   outer loop
     vertex -5.080000e+01 -3.950000e+01  2.842171e-14
     vertex -3.771973e+01 -3.433096e+00  2.842171e-14
     vertex -3.763824e+01 -3.506605e+00  2.842171e-14
   endloop
 endfacet
 facet normal  0.000000e+00  0.000000e+00 -1.000000e+00
   outer loop
     vertex -5.080000e+01 -3.950000e+01  2.842171e-14
     vertex -3.763824e+01 -3.506605e+00  2.842171e-14
     vertex -3.755477e+01 -3.577851e+00  2.842171e-14
   endloop
 endfacet
 facet normal  0.000000e+00  0.000000e+00 -1.000000e+00
   outer loop
     vertex -5.080000e+01 -3.950000e+01  2.842171e-14
     vertex -3.755477e+01 -3.577851e+00  2.842171e-14
     vertex -3.746937e+01 -3.646780e+00  2.842171e-14
   endloop
 endfacet
 facet normal  0.000000e+00  0.000000e+00 -1.000000e+00
   outer loop
     vertex -5.080000e+01 -3.950000e+01  2.842171e-14
     vertex -3.746937e+01 -3.646780e+00  2.842171e-14
     vertex -3.738211e+01 -3.713341e+00  2.842171e-14
   endloop
 endfacet
 facet normal  0.000000e+00  0.000000e+00 -1.000000e+00
   outer loop
     vertex -5.080000e+01 -3.950000e+01  2.842171e-14
     vertex -3.738211e+01 -3.713341e+00  2.842171e-14
     vertex -3.729306e+01 -3.777482e+00  2.842171e-14
   endloop
 endfacet
 facet normal  0.000000e+00  0.000000e+00 -1.000000e+00
   outer loop
     vertex -5.080000e+01 -3.950000e+01  2.842171e-14
     vertex -3.729306e+01 -3.777482e+00  2.842171e-14
     vertex -3.720228e+01 -3.839156e+00  2.842171e-14
   endloop
 endfacet
 facet normal  0.000000e+00  0.000000e+00 -1.000000e+00
   outer loop
     vertex -5.080000e+01 -3.950000e+01  2.842171e-14
     vertex -3.720228e+01 -3.839156e+00  2.842171e-14
     vertex -3.710984e+01 -3.898317e+00  2.842171e-14
   endloop
 endfacet
 facet normal  0.000000e+00  0.000000e+00 -1.000000e+00
   outer loop
     vertex -5.080000e+01 -3.950000e+01  2.842171e-14
     vertex -3.710984e+01 -3.898317e+00  2.842171e-14
     vertex -3.701582e+01 -3.954920e+00  2.842171e-14
   endloop
 endfacet
 facet normal  0.000000e+00  0.000000e+00 -1.000000e+00
   outer loop
     vertex -5.080000e+01 -3.950000e+01  2.842171e-14
     vertex -3.701582e+01 -3.954920e+00  2.842171e-14
     vertex -3.692028e+01 -4.008921e+00  2.842171e-14
   endloop
 endfacet
 facet normal  0.000000e+00  0.000000e+00 -1.000000e+00
   outer loop
     vertex -5.080000e+01 -3.950000e+01  2.842171e-14
     vertex -3.692028e+01 -4.008921e+00  2.842171e-14
     vertex -3.682329e+01 -4.060282e+00  2.842171e-14
   endloop
 endfacet
 facet normal  0.000000e+00  0.000000e+00 -1.000000e+00
   outer loop
     vertex -5.080000e+01 -3.950000e+01  2.842171e-14
     vertex -3.682329e+01 -4.060282e+00  2.842171e-14
     vertex -3.672493e+01 -4.108962e+00  2.842171e-14
   endloop
 endfacet
 facet normal  0.000000e+00  0.000000e+00 -1.000000e+00
   outer loop
     vertex -5.080000e+01 -3.950000e+01  2.842171e-14
     vertex -3.672493e+01 -4.108962e+00  2.842171e-14
     vertex -3.662528e+01 -4.154925e+00  2.842171e-14
   endloop
 endfacet
 facet normal  0.000000e+00  0.000000e+00 -1.000000e+00
   outer loop
     vertex -5.080000e+01 -3.950000e+01  2.842171e-14
     vertex -3.662528e+01 -4.154925e+00  2.842171e-14
     vertex -3.652439e+01 -4.198138e+00  2.842171e-14
   endloop
 endfacet
 facet normal  0.000000e+00  0.000000e+00 -1.000000e+00
   outer loop
     vertex -5.080000e+01 -3.950000e+01  2.842171e-14
     vertex -3.652439e+01 -4.198138e+00  2.842171e-14
     vertex -3.642237e+01 -4.238566e+00  2.842171e-14
   endloop
 endfacet
 facet normal  0.000000e+00  0.000000e+00 -1.000000e+00
   outer loop
     vertex -5.080000e+01 -3.950000e+01  2.842171e-14
     vertex -3.642237e+01 -4.238566e+00  2.842171e-14
     vertex -3.631927e+01 -4.276180e+00  2.842171e-14
   endloop
 endfacet
 facet normal  0.000000e+00  0.000000e+00 -1.000000e+00
   outer loop
     vertex -5.080000e+01 -3.950000e+01  2.842171e-14
     vertex -3.631927e+01 -4.276180e+00  2.842171e-14
     vertex -3.621517e+01 -4.310952e+00  2.842171e-14
   endloop
 endfacet
 facet normal  0.000000e+00  0.000000e+00 -1.000000e+00
   outer loop
     vertex -5.080000e+01 -3.950000e+01  2.842171e-14
     vertex -3.621517e+01 -4.310952e+00  2.842171e-14
     vertex -3.611017e+01 -4.342854e+00  2.842171e-14
   endloop
 endfacet
 facet normal  0.000000e+00  0.000000e+00 -1.000000e+00
   outer loop
     vertex -5.080000e+01 -3.950000e+01  2.842171e-14
     vertex -3.611017e+01 -4.342854e+00  2.842171e-14
     vertex -3.600432e+01 -4.371864e+00  2.842171e-14
   endloop
 endfacet
 facet normal  0.000000e+00  0.000000e+00 -1.000000e+00
   outer loop
     vertex -5.080000e+01 -3.950000e+01  2.842171e-14
     vertex -3.600432e+01 -4.371864e+00  2.842171e-14
     vertex -3.589772e+01 -4.397960e+00  2.842171e-14
   endloop
 endfacet
 facet normal  0.000000e+00  0.000000e+00 -1.000000e+00
   outer loop
     vertex -5.080000e+01 -3.950000e+01  2.842171e-14
     vertex -3.589772e+01 -4.397960e+00  2.842171e-14
     vertex -3.579045e+01 -4.421121e+00  2.842171e-14
   endloop
 endfacet
 facet normal  0.000000e+00  0.000000e+00 -1.000000e+00
   outer loop
     vertex -5.080000e+01 -3.950000e+01  2.842171e-14
     vertex -3.579045e+01 -4.421121e+00  2.842171e-14
     vertex -3.568258e+01 -4.441330e+00  2.842171e-14
   endloop
 endfacet
 facet normal  0.000000e+00  0.000000e+00 -1.000000e+00
   outer loop
     vertex -5.080000e+01 -3.950000e+01  2.842171e-14
     vertex -3.568258e+01 -4.441330e+00  2.842171e-14
     vertex -3.557420e+01 -4.458573e+00  2.842171e-14
   endloop
 endfacet
 facet normal  0.000000e+00  0.000000e+00 -1.000000e+00
   outer loop
     vertex -5.080000e+01 -3.950000e+01  2.842171e-14
     vertex -3.557420e+01 -4.458573e+00  2.842171e-14
     vertex -3.546538e+01 -4.472835e+00  2.842171e-14
   endloop
 endfacet
 facet normal  0.000000e+00  0.000000e+00 -1.000000e+00
   outer loop
     vertex -5.080000e+01 -3.950000e+01  2.842171e-14
     vertex -3.546538e+01 -4.472835e+00  2.842171e-14
     vertex -3.535621e+01 -4.484107e+00  2.842171e-14
   endloop
 endfacet
 facet normal  0.000000e+00  0.000000e+00 -1.000000e+00
   outer loop
     vertex -5.080000e+01 -3.950000e+01  2.842171e-14
     vertex -3.535621e+01 -4.484107e+00  2.842171e-14
     vertex -3.524678e+01 -4.492380e+00  2.842171e-14
   endloop
 endfacet
 facet normal  0.000000e+00  0.000000e+00 -1.000000e+00
   outer loop
     vertex -5.080000e+01 -3.950000e+01  2.842171e-14
     vertex -3.524678e+01 -4.492380e+00  2.842171e-14
     vertex -3.513716e+01 -4.497648e+00  2.842171e-14
   endloop
 endfacet
 facet normal  0.000000e+00  0.000000e+00 -1.000000e+00
   outer loop
     vertex -5.080000e+01 -3.950000e+01  2.842171e-14
     vertex -3.513716e+01 -4.497648e+00  2.842171e-14
     vertex -3.502744e+01 -4.499906e+00  2.842171e-14
   endloop
 endfacet
 facet normal  0.000000e+00  0.000000e+00 -1.000000e+00
   outer loop
     vertex -5.080000e+01 -3.950000e+01  2.842171e-14
     vertex -3.502744e+01 -4.499906e+00  2.842171e-14
     vertex -3.491769e+01 -4.499153e+00  2.842171e-14
   endloop
 endfacet
 facet normal  0.000000e+00  0.000000e+00 -1.000000e+00
   outer loop
     vertex -5.080000e+01 -3.950000e+01  2.842171e-14
     vertex -3.491769e+01 -4.499153e+00  2.842171e-14
     vertex -3.480801e+01 -4.495390e+00  2.842171e-14
   endloop
 endfacet
 facet normal  0.000000e+00  0.000000e+00 -1.000000e+00
   outer loop
     vertex -5.080000e+01 -3.950000e+01  2.842171e-14
     vertex -3.480801e+01 -4.495390e+00  2.842171e-14
     vertex -3.469847e+01 -4.488619e+00  2.842171e-14
   endloop
 endfacet
 facet normal  0.000000e+00  0.000000e+00 -1.000000e+00
   outer loop
     vertex -5.080000e+01 -3.950000e+01  2.842171e-14
     vertex -3.469847e+01 -4.488619e+00  2.842171e-14
     vertex -3.458916e+01 -4.478846e+00  2.842171e-14
   endloop
 endfacet
 facet normal  0.000000e+00  0.000000e+00 -1.000000e+00
   outer loop
     vertex -5.080000e+01 -3.950000e+01  2.842171e-14
     vertex -3.458916e+01 -4.478846e+00  2.842171e-14
     vertex -3.448016e+01 -4.466077e+00  2.842171e-14
   endloop
 endfacet
 facet normal  0.000000e+00  0.000000e+00 -1.000000e+00
   outer loop
     vertex -5.080000e+01 -3.950000e+01  2.842171e-14
     vertex -3.448016e+01 -4.466077e+00  2.842171e-14
     vertex -3.437155e+01 -4.450323e+00  2.842171e-14
   endloop
 endfacet
 facet normal  0.000000e+00  0.000000e+00 -1.000000e+00
   outer loop
     vertex -5.080000e+01 -3.950000e+01  2.842171e-14
     vertex -3.437155e+01 -4.450323e+00  2.842171e-14
     vertex -3.426342e+01 -4.431596e+00  2.842171e-14
   endloop
 endfacet
 facet normal  0.000000e+00  0.000000e+00 -1.000000e+00
   outer loop
     vertex -5.080000e+01 -3.950000e+01  2.842171e-14
     vertex -3.426342e+01 -4.431596e+00  2.842171e-14
     vertex -3.415583e+01 -4.409908e+00  2.842171e-14
   endloop
 endfacet
 facet normal  0.000000e+00  0.000000e+00 -1.000000e+00
   outer loop
     vertex -5.080000e+01 -3.950000e+01  2.842171e-14
     vertex -3.415583e+01 -4.409908e+00  2.842171e-14
     vertex -3.404889e+01 -4.385278e+00  2.842171e-14
   endloop
 endfacet
 facet normal  0.000000e+00  0.000000e+00 -1.000000e+00
   outer loop
     vertex -5.080000e+01 -3.950000e+01  2.842171e-14
     vertex -3.404889e+01 -4.385278e+00  2.842171e-14
     vertex -3.394266e+01 -4.357722e+00  2.842171e-14
   endloop
 endfacet
 facet normal  0.000000e+00  0.000000e+00 -1.000000e+00
   outer loop
     vertex -5.080000e+01 -3.950000e+01  2.842171e-14
     vertex -3.394266e+01 -4.357722e+00  2.842171e-14
     vertex -3.383722e+01 -4.327263e+00  2.842171e-14
   endloop
 endfacet
 facet normal  0.000000e+00  0.000000e+00 -1.000000e+00
   outer loop
     vertex -5.080000e+01 -3.950000e+01  2.842171e-14
     vertex -3.383722e+01 -4.327263e+00  2.842171e-14
     vertex -3.373266e+01 -4.293923e+00  2.842171e-14
   endloop
 endfacet
 facet normal  0.000000e+00  0.000000e+00 -1.000000e+00
   outer loop
     vertex -5.080000e+01 -3.950000e+01  2.842171e-14
     vertex -3.373266e+01 -4.293923e+00  2.842171e-14
     vertex -3.362906e+01 -4.257727e+00  2.842171e-14
   endloop
 endfacet
 facet normal  0.000000e+00  0.000000e+00 -1.000000e+00
   outer loop
     vertex -5.080000e+01 -3.950000e+01  2.842171e-14
     vertex -3.362906e+01 -4.257727e+00  2.842171e-14
     vertex -3.352648e+01 -4.218702e+00  2.842171e-14
   endloop
 endfacet
 facet normal  0.000000e+00  0.000000e+00 -1.000000e+00
   outer loop
     vertex -5.080000e+01 -3.950000e+01  2.842171e-14
     vertex -3.352648e+01 -4.218702e+00  2.842171e-14
     vertex -3.342502e+01 -4.176878e+00  2.842171e-14
   endloop
 endfacet
 facet normal  0.000000e+00  0.000000e+00 -1.000000e+00
   outer loop
     vertex -5.080000e+01 -3.950000e+01  2.842171e-14
     vertex -3.342502e+01 -4.176878e+00  2.842171e-14
     vertex -3.332474e+01 -4.132285e+00  2.842171e-14
   endloop
 endfacet
 facet normal  0.000000e+00  0.000000e+00 -1.000000e+00
   outer loop
     vertex -5.080000e+01 -3.950000e+01  2.842171e-14
     vertex -3.332474e+01 -4.132285e+00  2.842171e-14
     vertex -3.322572e+01 -4.084959e+00  2.842171e-14
   endloop
 endfacet
 facet normal  0.000000e+00  0.000000e+00 -1.000000e+00
   outer loop
     vertex -5.080000e+01 -3.950000e+01  2.842171e-14
     vertex -3.322572e+01 -4.084959e+00  2.842171e-14
     vertex -3.312804e+01 -4.034934e+00  2.842171e-14
   endloop
 endfacet
 facet normal  0.000000e+00  0.000000e+00 -1.000000e+00
   outer loop
     vertex -5.080000e+01 -3.950000e+01  2.842171e-14
     vertex -5.080000e+01  3.950000e+01  2.842171e-14
     vertex -3.900000e+01 -5.000000e-01  2.842171e-14
   endloop
 endfacet
 facet normal  0.000000e+00  0.000000e+00 -1.000000e+00
   outer loop
     vertex -5.080000e+01 -3.950000e+01  2.842171e-14
     vertex -3.312804e+01 -4.034934e+00  2.842171e-14
     vertex -3.303177e+01 -3.982248e+00  2.842171e-14
   endloop
 endfacet
 facet normal  0.000000e+00  0.000000e+00 -1.000000e+00
   outer loop
     vertex -5.080000e+01 -3.950000e+01  2.842171e-14
     vertex -3.303177e+01 -3.982248e+00  2.842171e-14
     vertex -3.293697e+01 -3.926941e+00  2.842171e-14
   endloop
 endfacet
 facet normal  0.000000e+00  0.000000e+00 -1.000000e+00
   outer loop
     vertex -5.080000e+01 -3.950000e+01  2.842171e-14
     vertex -3.293697e+01 -3.926941e+00  2.842171e-14
     vertex -3.284374e+01 -3.869054e+00  2.842171e-14
   endloop
 endfacet
 facet normal -2.797412e-16  1.427439e-16 -1.000000e+00
   outer loop
     vertex -5.080000e+01 -3.950000e+01  2.842171e-14
     vertex -3.248770e+01 -3.612609e+00  2.842171e-14
     vertex  5.080000e+01 -3.950000e+01  0.000000e+00
   endloop
 endfacet
 facet normal  0.000000e+00  0.000000e+00 -1.000000e+00
   outer loop
     vertex -5.080000e+01 -3.950000e+01  2.842171e-14
     vertex -3.284374e+01 -3.869054e+00  2.842171e-14
     vertex -3.275212e+01 -3.808631e+00  2.842171e-14
   endloop
 endfacet
 facet normal  0.000000e+00  0.000000e+00 -1.000000e+00
   outer loop
     vertex -5.080000e+01 -3.950000e+01  2.842171e-14
     vertex -3.275212e+01 -3.808631e+00  2.842171e-14
     vertex -3.266220e+01 -3.745717e+00  2.842171e-14
   endloop
 endfacet
 facet normal  0.000000e+00  0.000000e+00 -1.000000e+00
   outer loop
     vertex -5.080000e+01 -3.950000e+01  2.842171e-14
     vertex -3.266220e+01 -3.745717e+00  2.842171e-14
     vertex -3.257403e+01 -3.680360e+00  2.842171e-14
   endloop
 endfacet
 facet normal  0.000000e+00  0.000000e+00 -1.000000e+00
   outer loop
     vertex -5.080000e+01 -3.950000e+01  2.842171e-14
     vertex -3.257403e+01 -3.680360e+00  2.842171e-14
     vertex -3.248770e+01 -3.612609e+00  2.842171e-14
   endloop
 endfacet
 facet normal  0.000000e+00 -1.000000e+00  0.000000e+00
   outer loop
     vertex -5.080000e+01 -3.950000e+01  9.000000e+00
     vertex  5.080000e+01 -3.950000e+01  0.000000e+00
     vertex  5.080000e+01 -3.950000e+01  9.000000e+00
   endloop
 endfacet
 facet normal  0.000000e+00 -1.000000e+00  0.000000e+00
   outer loop
     vertex -5.080000e+01 -3.950000e+01  9.000000e+00
     vertex -5.080000e+01 -3.950000e+01  2.842171e-14
     vertex  5.080000e+01 -3.950000e+01  0.000000e+00
   endloop
 endfacet
 facet normal -1.000000e+00  0.000000e+00 -0.000000e+00
   outer loop
     vertex -5.080000e+01  3.950000e+01  9.000000e+00
     vertex -5.080000e+01  3.950000e+01  2.842171e-14
     vertex -5.080000e+01 -3.950000e+01  2.842171e-14
   endloop
 endfacet
 facet normal -1.000000e+00 -0.000000e+00  0.000000e+00
   outer loop
     vertex -5.080000e+01  3.950000e+01  9.000000e+00
     vertex -5.080000e+01 -3.950000e+01  2.842171e-14
     vertex -5.080000e+01 -3.950000e+01  9.000000e+00
   endloop
 endfacet
 facet normal  1.000000e+00  0.000000e+00  0.000000e+00
   outer loop
     vertex  5.080000e+01  3.950000e+01  9.000000e+00
     vertex  5.080000e+01 -3.950000e+01  0.000000e+00
     vertex  5.080000e+01  3.950000e+01  0.000000e+00
   endloop
 endfacet
 facet normal  1.000000e+00  0.000000e+00  0.000000e+00
   outer loop
     vertex  5.080000e+01  3.950000e+01  9.000000e+00
     vertex  5.080000e+01 -3.950000e+01  9.000000e+00
     vertex  5.080000e+01 -3.950000e+01  0.000000e+00
   endloop
 endfacet
 facet normal  0.000000e+00  1.000000e+00  0.000000e+00
   outer loop
     vertex -5.080000e+01  3.950000e+01  9.000000e+00
     vertex  5.080000e+01  3.950000e+01  9.000000e+00
     vertex  5.080000e+01  3.950000e+01  0.000000e+00
   endloop
 endfacet
 facet normal  0.000000e+00  1.000000e+00  0.000000e+00
   outer loop
     vertex -5.080000e+01  3.950000e+01  9.000000e+00
     vertex  5.080000e+01  3.950000e+01  0.000000e+00
     vertex -5.080000e+01  3.950000e+01  2.842171e-14
   endloop
 endfacet
 facet normal  9.999059e-01  1.371831e-02  0.000000e+00
   outer loop
     vertex -3.899849e+01 -6.097362e-01  9.000000e+00
     vertex -3.900000e+01 -5.000000e-01  2.842171e-14
     vertex -3.900000e+01 -5.000000e-01  9.000000e+00
   endloop
 endfacet
 facet normal  9.999059e-01  1.371831e-02  0.000000e+00
   outer loop
     vertex -3.899849e+01 -6.097362e-01  9.000000e+00
     vertex -3.899849e+01 -6.097362e-01  2.842171e-14
     vertex -3.900000e+01 -5.000000e-01  2.842171e-14
   endloop
 endfacet
 facet normal  9.991532e-01  4.114462e-02  0.000000e+00
   outer loop
     vertex -3.899398e+01 -7.193898e-01  9.000000e+00
     vertex -3.899398e+01 -7.193898e-01  2.842171e-14
     vertex -3.899849e+01 -6.097362e-01  2.842171e-14
   endloop
 endfacet
 facet normal  9.976484e-01  6.853995e-02  0.000000e+00
   outer loop
     vertex -3.899398e+01 -7.193898e-01  9.000000e+00
     vertex -3.898646e+01 -8.288782e-01  2.842171e-14
     vertex -3.899398e+01 -7.193898e-01  2.842171e-14
   endloop
 endfacet
 facet normal  9.991532e-01  4.114462e-02  0.000000e+00
   outer loop
     vertex -3.899398e+01 -7.193898e-01  9.000000e+00
     vertex -3.899849e+01 -6.097362e-01  2.842171e-14
     vertex -3.899849e+01 -6.097362e-01  9.000000e+00
   endloop
 endfacet
 facet normal  9.976484e-01  6.853995e-02  0.000000e+00
   outer loop
     vertex -3.898646e+01 -8.288782e-01  9.000000e+00
     vertex -3.898646e+01 -8.288782e-01  2.842171e-14
     vertex -3.899398e+01 -7.193898e-01  9.000000e+00
   endloop
 endfacet
 facet normal  9.953925e-01  9.588368e-02  0.000000e+00
   outer loop
     vertex -3.897593e+01 -9.381191e-01  9.000000e+00
     vertex -3.897593e+01 -9.381191e-01  2.842171e-14
     vertex -3.898646e+01 -8.288782e-01  2.842171e-14
   endloop
 endfacet
 facet normal  9.953925e-01  9.588368e-02  0.000000e+00
   outer loop
     vertex -3.897593e+01 -9.381191e-01  9.000000e+00
     vertex -3.898646e+01 -8.288782e-01  2.842171e-14
     vertex -3.898646e+01 -8.288782e-01  9.000000e+00
   endloop
 endfacet
 facet normal  9.923874e-01  1.231552e-01  0.000000e+00
   outer loop
     vertex -3.896242e+01 -1.047030e+00  9.000000e+00
     vertex -3.896242e+01 -1.047030e+00  2.842171e-14
     vertex -3.897593e+01 -9.381191e-01  2.842171e-14
   endloop
 endfacet
 facet normal  9.923874e-01  1.231552e-01  0.000000e+00
   outer loop
     vertex -3.896242e+01 -1.047030e+00  9.000000e+00
     vertex -3.897593e+01 -9.381191e-01  2.842171e-14
     vertex -3.897593e+01 -9.381191e-01  9.000000e+00
   endloop
 endfacet
 facet normal  9.886353e-01  1.503341e-01  0.000000e+00
   outer loop
     vertex -3.894592e+01 -1.155529e+00  9.000000e+00
     vertex -3.894592e+01 -1.155529e+00  2.842171e-14
     vertex -3.896242e+01 -1.047030e+00  2.842171e-14
   endloop
 endfacet
 facet normal  9.886353e-01  1.503341e-01  0.000000e+00
   outer loop
     vertex -3.894592e+01 -1.155529e+00  9.000000e+00
     vertex -3.896242e+01 -1.047030e+00  2.842171e-14
     vertex -3.896242e+01 -1.047030e+00  9.000000e+00
   endloop
 endfacet
 facet normal  9.841389e-01  1.773998e-01  0.000000e+00
   outer loop
     vertex -3.892645e+01 -1.263535e+00  9.000000e+00
     vertex -3.892645e+01 -1.263535e+00  2.842171e-14
     vertex -3.894592e+01 -1.155529e+00  2.842171e-14
   endloop
 endfacet
 facet normal  9.841389e-01  1.773998e-01  0.000000e+00
   outer loop
     vertex -3.892645e+01 -1.263535e+00  9.000000e+00
     vertex -3.894592e+01 -1.155529e+00  2.842171e-14
     vertex -3.894592e+01 -1.155529e+00  9.000000e+00
   endloop
 endfacet
 facet normal  9.789017e-01  2.043319e-01  0.000000e+00
   outer loop
     vertex -3.890403e+01 -1.370966e+00  9.000000e+00
     vertex -3.890403e+01 -1.370966e+00  2.842171e-14
     vertex -3.892645e+01 -1.263535e+00  2.842171e-14
   endloop
 endfacet
 facet normal  9.789017e-01  2.043319e-01  0.000000e+00
   outer loop
     vertex -3.890403e+01 -1.370966e+00  9.000000e+00
     vertex -3.892645e+01 -1.263535e+00  2.842171e-14
     vertex -3.892645e+01 -1.263535e+00  9.000000e+00
   endloop
 endfacet
 facet normal  9.729276e-01  2.311102e-01  0.000000e+00
   outer loop
     vertex -3.887866e+01 -1.477742e+00  9.000000e+00
     vertex -3.887866e+01 -1.477742e+00  2.842171e-14
     vertex -3.890403e+01 -1.370966e+00  2.842171e-14
   endloop
 endfacet
 facet normal  9.662211e-01  2.577146e-01  0.000000e+00
   outer loop
     vertex -3.887866e+01 -1.477742e+00  9.000000e+00
     vertex -3.885038e+01 -1.583781e+00  2.842171e-14
     vertex -3.887866e+01 -1.477742e+00  2.842171e-14
   endloop
 endfacet
 facet normal  9.729276e-01  2.311102e-01  0.000000e+00
   outer loop
     vertex -3.887866e+01 -1.477742e+00  9.000000e+00
     vertex -3.890403e+01 -1.370966e+00  2.842171e-14
     vertex -3.890403e+01 -1.370966e+00  9.000000e+00
   endloop
 endfacet
 facet normal  9.662211e-01  2.577146e-01  0.000000e+00
   outer loop
     vertex -3.885038e+01 -1.583781e+00  9.000000e+00
     vertex -3.885038e+01 -1.583781e+00  2.842171e-14
     vertex -3.887866e+01 -1.477742e+00  9.000000e+00
   endloop
 endfacet
 facet normal  9.587873e-01  2.841250e-01  0.000000e+00
   outer loop
     vertex -3.885038e+01 -1.583781e+00  9.000000e+00
     vertex -3.881920e+01 -1.689005e+00  2.842171e-14
     vertex -3.885038e+01 -1.583781e+00  2.842171e-14
   endloop
 endfacet
 facet normal  9.587873e-01  2.841250e-01  0.000000e+00
   outer loop
     vertex -3.881920e+01 -1.689005e+00  9.000000e+00
     vertex -3.881920e+01 -1.689005e+00  2.842171e-14
     vertex -3.885038e+01 -1.583781e+00  9.000000e+00
   endloop
 endfacet
 facet normal  9.506317e-01  3.103214e-01  0.000000e+00
   outer loop
     vertex -3.881920e+01 -1.689005e+00  9.000000e+00
     vertex -3.878514e+01 -1.793333e+00  2.842171e-14
     vertex -3.881920e+01 -1.689005e+00  2.842171e-14
   endloop
 endfacet
 facet normal  9.506317e-01  3.103214e-01  0.000000e+00
   outer loop
     vertex -3.878514e+01 -1.793333e+00  9.000000e+00
     vertex -3.878514e+01 -1.793333e+00  2.842171e-14
     vertex -3.881920e+01 -1.689005e+00  9.000000e+00
   endloop
 endfacet
 facet normal  9.417605e-01  3.362843e-01  0.000000e+00
   outer loop
     vertex -3.874823e+01 -1.896688e+00  9.000000e+00
     vertex -3.878514e+01 -1.793333e+00  2.842171e-14
     vertex -3.878514e+01 -1.793333e+00  9.000000e+00
   endloop
 endfacet
 facet normal  9.417605e-01  3.362843e-01  0.000000e+00
   outer loop
     vertex -3.874823e+01 -1.896688e+00  9.000000e+00
     vertex -3.874823e+01 -1.896688e+00  2.842171e-14
     vertex -3.878514e+01 -1.793333e+00  2.842171e-14
   endloop
 endfacet
 facet normal  9.321804e-01  3.619940e-01  0.000000e+00
   outer loop
     vertex -3.870851e+01 -1.998992e+00  9.000000e+00
     vertex -3.874823e+01 -1.896688e+00  2.842171e-14
     vertex -3.874823e+01 -1.896688e+00  9.000000e+00
   endloop
 endfacet
 facet normal  9.321804e-01  3.619940e-01  0.000000e+00
   outer loop
     vertex -3.870851e+01 -1.998992e+00  9.000000e+00
     vertex -3.870851e+01 -1.998992e+00  2.842171e-14
     vertex -3.874823e+01 -1.896688e+00  2.842171e-14
   endloop
 endfacet
 facet normal  9.218986e-01  3.874313e-01  0.000000e+00
   outer loop
     vertex -3.870851e+01 -1.998992e+00  9.000000e+00
     vertex -3.866599e+01 -2.100167e+00  2.842171e-14
     vertex -3.870851e+01 -1.998992e+00  2.842171e-14
   endloop
 endfacet
 facet normal  9.218986e-01  3.874313e-01  0.000000e+00
   outer loop
     vertex -3.866599e+01 -2.100167e+00  9.000000e+00
     vertex -3.866599e+01 -2.100167e+00  2.842171e-14
     vertex -3.870851e+01 -1.998992e+00  9.000000e+00
   endloop
 endfacet
 facet normal  9.109228e-01  4.125769e-01  0.000000e+00
   outer loop
     vertex -3.862071e+01 -2.200137e+00  9.000000e+00
     vertex -3.866599e+01 -2.100167e+00  2.842171e-14
     vertex -3.866599e+01 -2.100167e+00  9.000000e+00
   endloop
 endfacet
 facet normal  9.109228e-01  4.125769e-01  0.000000e+00
   outer loop
     vertex -3.862071e+01 -2.200137e+00  9.000000e+00
     vertex -3.862071e+01 -2.200137e+00  2.842171e-14
     vertex -3.866599e+01 -2.100167e+00  2.842171e-14
   endloop
 endfacet
 facet normal  8.992613e-01  4.374119e-01  0.000000e+00
   outer loop
     vertex -3.862071e+01 -2.200137e+00  9.000000e+00
     vertex -3.857270e+01 -2.298828e+00  2.842171e-14
     vertex -3.862071e+01 -2.200137e+00  2.842171e-14
   endloop
 endfacet
 facet normal  8.992613e-01  4.374119e-01  0.000000e+00
   outer loop
     vertex -3.857270e+01 -2.298828e+00  9.000000e+00
     vertex -3.857270e+01 -2.298828e+00  2.842171e-14
     vertex -3.862071e+01 -2.200137e+00  9.000000e+00
   endloop
 endfacet
 facet normal  8.869228e-01  4.619176e-01  0.000000e+00
   outer loop
     vertex -3.852201e+01 -2.396165e+00  9.000000e+00
     vertex -3.857270e+01 -2.298828e+00  2.842171e-14
     vertex -3.857270e+01 -2.298828e+00  9.000000e+00
   endloop
 endfacet
 facet normal  8.869228e-01  4.619176e-01  0.000000e+00
   outer loop
     vertex -3.852201e+01 -2.396165e+00  9.000000e+00
     vertex -3.852201e+01 -2.396165e+00  2.842171e-14
     vertex -3.857270e+01 -2.298828e+00  2.842171e-14
   endloop
 endfacet
 facet normal  8.739167e-01  4.860756e-01  0.000000e+00
   outer loop
     vertex -3.846867e+01 -2.492074e+00  9.000000e+00
     vertex -3.852201e+01 -2.396165e+00  2.842171e-14
     vertex -3.852201e+01 -2.396165e+00  9.000000e+00
   endloop
 endfacet
 facet normal  8.739167e-01  4.860756e-01  0.000000e+00
   outer loop
     vertex -3.846867e+01 -2.492074e+00  9.000000e+00
     vertex -3.846867e+01 -2.492074e+00  2.842171e-14
     vertex -3.852201e+01 -2.396165e+00  2.842171e-14
   endloop
 endfacet
 facet normal  8.602528e-01  5.098678e-01  0.000000e+00
   outer loop
     vertex -3.846867e+01 -2.492074e+00  9.000000e+00
     vertex -3.841271e+01 -2.586484e+00  2.842171e-14
     vertex -3.846867e+01 -2.492074e+00  2.842171e-14
   endloop
 endfacet
 facet normal  8.602528e-01  5.098678e-01  0.000000e+00
   outer loop
     vertex -3.841271e+01 -2.586484e+00  9.000000e+00
     vertex -3.841271e+01 -2.586484e+00  2.842171e-14
     vertex -3.846867e+01 -2.492074e+00  9.000000e+00
   endloop
 endfacet
 facet normal  8.459413e-01  5.332761e-01  0.000000e+00
   outer loop
     vertex -3.835418e+01 -2.679323e+00  9.000000e+00
     vertex -3.841271e+01 -2.586484e+00  2.842171e-14
     vertex -3.841271e+01 -2.586484e+00  9.000000e+00
   endloop
 endfacet
 facet normal  8.459413e-01  5.332761e-01  0.000000e+00
   outer loop
     vertex -3.835418e+01 -2.679323e+00  9.000000e+00
     vertex -3.835418e+01 -2.679323e+00  2.842171e-14
     vertex -3.841271e+01 -2.586484e+00  2.842171e-14
   endloop
 endfacet
 facet normal  8.309929e-01  5.562829e-01  0.000000e+00
   outer loop
     vertex -3.829313e+01 -2.770522e+00  9.000000e+00
     vertex -3.829313e+01 -2.770522e+00  2.842171e-14
     vertex -3.835418e+01 -2.679323e+00  2.842171e-14
   endloop
 endfacet
 facet normal  8.309929e-01  5.562829e-01  0.000000e+00
   outer loop
     vertex -3.829313e+01 -2.770522e+00  9.000000e+00
     vertex -3.835418e+01 -2.679323e+00  2.842171e-14
     vertex -3.835418e+01 -2.679323e+00  9.000000e+00
   endloop
 endfacet
 facet normal  8.154191e-01  5.788711e-01  0.000000e+00
   outer loop
     vertex -3.822960e+01 -2.860011e+00  9.000000e+00
     vertex -3.822960e+01 -2.860011e+00  2.842171e-14
     vertex -3.829313e+01 -2.770522e+00  2.842171e-14
   endloop
 endfacet
 facet normal  7.992314e-01  6.010234e-01  0.000000e+00
   outer loop
     vertex -3.822960e+01 -2.860011e+00  9.000000e+00
     vertex -3.816364e+01 -2.947724e+00  2.842171e-14
     vertex -3.822960e+01 -2.860011e+00  2.842171e-14
   endloop
 endfacet
 facet normal  8.154191e-01  5.788711e-01  0.000000e+00
   outer loop
     vertex -3.822960e+01 -2.860011e+00  9.000000e+00
     vertex -3.829313e+01 -2.770522e+00  2.842171e-14
     vertex -3.829313e+01 -2.770522e+00  9.000000e+00
   endloop
 endfacet
 facet normal  7.992314e-01  6.010234e-01  0.000000e+00
   outer loop
     vertex -3.816364e+01 -2.947724e+00  9.000000e+00
     vertex -3.816364e+01 -2.947724e+00  2.842171e-14
     vertex -3.822960e+01 -2.860011e+00  9.000000e+00
   endloop
 endfacet
 facet normal  7.824421e-01  6.227234e-01  0.000000e+00
   outer loop
     vertex -3.809530e+01 -3.033594e+00  9.000000e+00
     vertex -3.809530e+01 -3.033594e+00  2.842171e-14
     vertex -3.816364e+01 -2.947724e+00  2.842171e-14
   endloop
 endfacet
 facet normal  7.824421e-01  6.227234e-01  0.000000e+00
   outer loop
     vertex -3.809530e+01 -3.033594e+00  9.000000e+00
     vertex -3.816364e+01 -2.947724e+00  2.842171e-14
     vertex -3.816364e+01 -2.947724e+00  9.000000e+00
   endloop
 endfacet
 facet normal  7.650637e-01  6.439545e-01  0.000000e+00
   outer loop
     vertex -3.802463e+01 -3.117557e+00  9.000000e+00
     vertex -3.802463e+01 -3.117557e+00  2.842171e-14
     vertex -3.809530e+01 -3.033594e+00  2.842171e-14
   endloop
 endfacet
 facet normal  7.471095e-01  6.647010e-01  0.000000e+00
   outer loop
     vertex -3.802463e+01 -3.117557e+00  9.000000e+00
     vertex -3.795168e+01 -3.199550e+00  2.842171e-14
     vertex -3.802463e+01 -3.117557e+00  2.842171e-14
   endloop
 endfacet
 facet normal  7.650637e-01  6.439545e-01  0.000000e+00
   outer loop
     vertex -3.802463e+01 -3.117557e+00  9.000000e+00
     vertex -3.809530e+01 -3.033594e+00  2.842171e-14
     vertex -3.809530e+01 -3.033594e+00  9.000000e+00
   endloop
 endfacet
 facet normal  7.471095e-01  6.647010e-01  0.000000e+00
   outer loop
     vertex -3.795168e+01 -3.199550e+00  9.000000e+00
     vertex -3.795168e+01 -3.199550e+00  2.842171e-14
     vertex -3.802463e+01 -3.117557e+00  9.000000e+00
   endloop
 endfacet
 facet normal  7.285929e-01  6.849470e-01  0.000000e+00
   outer loop
     vertex -3.787651e+01 -3.279511e+00  9.000000e+00
     vertex -3.787651e+01 -3.279511e+00  2.842171e-14
     vertex -3.795168e+01 -3.199550e+00  2.842171e-14
   endloop
 endfacet
 facet normal  7.095278e-01  7.046775e-01  0.000000e+00
   outer loop
     vertex -3.787651e+01 -3.279511e+00  9.000000e+00
     vertex -3.779918e+01 -3.357379e+00  2.842171e-14
     vertex -3.787651e+01 -3.279511e+00  2.842171e-14
   endloop
 endfacet
 facet normal  7.285929e-01  6.849470e-01  0.000000e+00
   outer loop
     vertex -3.787651e+01 -3.279511e+00  9.000000e+00
     vertex -3.795168e+01 -3.199550e+00  2.842171e-14
     vertex -3.795168e+01 -3.199550e+00  9.000000e+00
   endloop
 endfacet
 facet normal  7.095278e-01  7.046775e-01  0.000000e+00
   outer loop
     vertex -3.779918e+01 -3.357379e+00  9.000000e+00
     vertex -3.779918e+01 -3.357379e+00  2.842171e-14
     vertex -3.787651e+01 -3.279511e+00  9.000000e+00
   endloop
 endfacet
 facet normal  6.899286e-01  7.238775e-01  0.000000e+00
   outer loop
     vertex -3.771973e+01 -3.433096e+00  9.000000e+00
     vertex -3.771973e+01 -3.433096e+00  2.842171e-14
     vertex -3.779918e+01 -3.357379e+00  2.842171e-14
   endloop
 endfacet
 facet normal  6.899286e-01  7.238775e-01  0.000000e+00
   outer loop
     vertex -3.771973e+01 -3.433096e+00  9.000000e+00
     vertex -3.779918e+01 -3.357379e+00  2.842171e-14
     vertex -3.779918e+01 -3.357379e+00  9.000000e+00
   endloop
 endfacet
 facet normal  6.698100e-01  7.425325e-01  0.000000e+00
   outer loop
     vertex -3.763824e+01 -3.506605e+00  9.000000e+00
     vertex -3.763824e+01 -3.506605e+00  2.842171e-14
     vertex -3.771973e+01 -3.433096e+00  2.842171e-14
   endloop
 endfacet
 facet normal  6.491872e-01  7.606287e-01  0.000000e+00
   outer loop
     vertex -3.763824e+01 -3.506605e+00  9.000000e+00
     vertex -3.755477e+01 -3.577851e+00  2.842171e-14
     vertex -3.763824e+01 -3.506605e+00  2.842171e-14
   endloop
 endfacet
 facet normal  6.698100e-01  7.425325e-01  0.000000e+00
   outer loop
     vertex -3.763824e+01 -3.506605e+00  9.000000e+00
     vertex -3.771973e+01 -3.433096e+00  2.842171e-14
     vertex -3.771973e+01 -3.433096e+00  9.000000e+00
   endloop
 endfacet
 facet normal  6.491872e-01  7.606287e-01  0.000000e+00
   outer loop
     vertex -3.755477e+01 -3.577851e+00  9.000000e+00
     vertex -3.755477e+01 -3.577851e+00  2.842171e-14
     vertex -3.763824e+01 -3.506605e+00  9.000000e+00
   endloop
 endfacet
 facet normal  6.280757e-01  7.781522e-01  0.000000e+00
   outer loop
     vertex -3.746937e+01 -3.646780e+00  9.000000e+00
     vertex -3.746937e+01 -3.646780e+00  2.842171e-14
     vertex -3.755477e+01 -3.577851e+00  2.842171e-14
   endloop
 endfacet
 facet normal  6.064915e-01  7.950900e-01  0.000000e+00
   outer loop
     vertex -3.746937e+01 -3.646780e+00  9.000000e+00
     vertex -3.738211e+01 -3.713341e+00  2.842171e-14
     vertex -3.746937e+01 -3.646780e+00  2.842171e-14
   endloop
 endfacet
 facet normal  6.280757e-01  7.781522e-01  0.000000e+00
   outer loop
     vertex -3.746937e+01 -3.646780e+00  9.000000e+00
     vertex -3.755477e+01 -3.577851e+00  2.842171e-14
     vertex -3.755477e+01 -3.577851e+00  9.000000e+00
   endloop
 endfacet
 facet normal  6.064915e-01  7.950900e-01  0.000000e+00
   outer loop
     vertex -3.738211e+01 -3.713341e+00  9.000000e+00
     vertex -3.738211e+01 -3.713341e+00  2.842171e-14
     vertex -3.746937e+01 -3.646780e+00  9.000000e+00
   endloop
 endfacet
 facet normal  5.844507e-01  8.114292e-01  0.000000e+00
   outer loop
     vertex -3.729306e+01 -3.777482e+00  9.000000e+00
     vertex -3.738211e+01 -3.713341e+00  2.842171e-14
     vertex -3.738211e+01 -3.713341e+00  9.000000e+00
   endloop
 endfacet
 facet normal  5.844507e-01  8.114292e-01  0.000000e+00
   outer loop
     vertex -3.729306e+01 -3.777482e+00  9.000000e+00
     vertex -3.729306e+01 -3.777482e+00  2.842171e-14
     vertex -3.738211e+01 -3.713341e+00  2.842171e-14
   endloop
 endfacet
 facet normal  5.619699e-01  8.271577e-01  0.000000e+00
   outer loop
     vertex -3.720228e+01 -3.839156e+00  9.000000e+00
     vertex -3.720228e+01 -3.839156e+00  2.842171e-14
     vertex -3.729306e+01 -3.777482e+00  2.842171e-14
   endloop
 endfacet
 facet normal  5.619699e-01  8.271577e-01  0.000000e+00
   outer loop
     vertex -3.720228e+01 -3.839156e+00  9.000000e+00
     vertex -3.729306e+01 -3.777482e+00  2.842171e-14
     vertex -3.729306e+01 -3.777482e+00  9.000000e+00
   endloop
 endfacet
 facet normal  5.390661e-01  8.422635e-01  0.000000e+00
   outer loop
     vertex -3.710984e+01 -3.898317e+00  9.000000e+00
     vertex -3.720228e+01 -3.839156e+00  2.842171e-14
     vertex -3.720228e+01 -3.839156e+00  9.000000e+00
   endloop
 endfacet
 facet normal  5.390661e-01  8.422635e-01  0.000000e+00
   outer loop
     vertex -3.710984e+01 -3.898317e+00  9.000000e+00
     vertex -3.710984e+01 -3.898317e+00  2.842171e-14
     vertex -3.720228e+01 -3.839156e+00  2.842171e-14
   endloop
 endfacet
 facet normal  5.157565e-01  8.567352e-01  0.000000e+00
   outer loop
     vertex -3.710984e+01 -3.898317e+00  9.000000e+00
     vertex -3.701582e+01 -3.954920e+00  2.842171e-14
     vertex -3.710984e+01 -3.898317e+00  2.842171e-14
   endloop
 endfacet
 facet normal  5.157565e-01  8.567352e-01  0.000000e+00
   outer loop
     vertex -3.701582e+01 -3.954920e+00  9.000000e+00
     vertex -3.701582e+01 -3.954920e+00  2.842171e-14
     vertex -3.710984e+01 -3.898317e+00  9.000000e+00
   endloop
 endfacet
 facet normal  4.920587e-01  8.705620e-01  0.000000e+00
   outer loop
     vertex -3.692028e+01 -4.008921e+00  9.000000e+00
     vertex -3.701582e+01 -3.954920e+00  2.842171e-14
     vertex -3.701582e+01 -3.954920e+00  9.000000e+00
   endloop
 endfacet
 facet normal  4.920587e-01  8.705620e-01  0.000000e+00
   outer loop
     vertex -3.692028e+01 -4.008921e+00  9.000000e+00
     vertex -3.692028e+01 -4.008921e+00  2.842171e-14
     vertex -3.701582e+01 -3.954920e+00  2.842171e-14
   endloop
 endfacet
 facet normal  4.679904e-01  8.837335e-01  0.000000e+00
   outer loop
     vertex -3.692028e+01 -4.008921e+00  9.000000e+00
     vertex -3.682329e+01 -4.060282e+00  2.842171e-14
     vertex -3.692028e+01 -4.008921e+00  2.842171e-14
   endloop
 endfacet
 facet normal  4.679904e-01  8.837335e-01  0.000000e+00
   outer loop
     vertex -3.682329e+01 -4.060282e+00  9.000000e+00
     vertex -3.682329e+01 -4.060282e+00  2.842171e-14
     vertex -3.692028e+01 -4.008921e+00  9.000000e+00
   endloop
 endfacet
 facet normal  4.435699e-01  8.962398e-01  0.000000e+00
   outer loop
     vertex -3.672493e+01 -4.108962e+00  9.000000e+00
     vertex -3.682329e+01 -4.060282e+00  2.842171e-14
     vertex -3.682329e+01 -4.060282e+00  9.000000e+00
   endloop
 endfacet
 facet normal  4.435699e-01  8.962398e-01  0.000000e+00
   outer loop
     vertex -3.672493e+01 -4.108962e+00  9.000000e+00
     vertex -3.672493e+01 -4.108962e+00  2.842171e-14
     vertex -3.682329e+01 -4.060282e+00  2.842171e-14
   endloop
 endfacet
 facet normal  4.188155e-01  9.080714e-01  0.000000e+00
   outer loop
     vertex -3.672493e+01 -4.108962e+00  9.000000e+00
     vertex -3.662528e+01 -4.154925e+00  2.842171e-14
     vertex -3.672493e+01 -4.108962e+00  2.842171e-14
   endloop
 endfacet
 facet normal  4.188155e-01  9.080714e-01  0.000000e+00
   outer loop
     vertex -3.662528e+01 -4.154925e+00  9.000000e+00
     vertex -3.662528e+01 -4.154925e+00  2.842171e-14
     vertex -3.672493e+01 -4.108962e+00  9.000000e+00
   endloop
 endfacet
 facet normal  3.937458e-01  9.192194e-01  0.000000e+00
   outer loop
     vertex -3.652439e+01 -4.198138e+00  9.000000e+00
     vertex -3.662528e+01 -4.154925e+00  2.842171e-14
     vertex -3.662528e+01 -4.154925e+00  9.000000e+00
   endloop
 endfacet
 facet normal  3.937458e-01  9.192194e-01  0.000000e+00
   outer loop
     vertex -3.652439e+01 -4.198138e+00  9.000000e+00
     vertex -3.652439e+01 -4.198138e+00  2.842171e-14
     vertex -3.662528e+01 -4.154925e+00  2.842171e-14
   endloop
 endfacet
 facet normal  3.683796e-01  9.296754e-01  0.000000e+00
   outer loop
     vertex -3.652439e+01 -4.198138e+00  9.000000e+00
     vertex -3.642237e+01 -4.238566e+00  2.842171e-14
     vertex -3.652439e+01 -4.198138e+00  2.842171e-14
   endloop
 endfacet
 facet normal  3.683796e-01  9.296754e-01  0.000000e+00
   outer loop
     vertex -3.642237e+01 -4.238566e+00  9.000000e+00
     vertex -3.642237e+01 -4.238566e+00  2.842171e-14
     vertex -3.652439e+01 -4.198138e+00  9.000000e+00
   endloop
 endfacet
 facet normal  3.427362e-01  9.394317e-01  0.000000e+00
   outer loop
     vertex -3.631927e+01 -4.276180e+00  9.000000e+00
     vertex -3.642237e+01 -4.238566e+00  2.842171e-14
     vertex -3.642237e+01 -4.238566e+00  9.000000e+00
   endloop
 endfacet
 facet normal  3.427362e-01  9.394317e-01  0.000000e+00
   outer loop
     vertex -3.631927e+01 -4.276180e+00  9.000000e+00
     vertex -3.631927e+01 -4.276180e+00  2.842171e-14
     vertex -3.642237e+01 -4.238566e+00  2.842171e-14
   endloop
 endfacet
 facet normal  3.168348e-01  9.484807e-01  0.000000e+00
   outer loop
     vertex -3.631927e+01 -4.276180e+00  9.000000e+00
     vertex -3.621517e+01 -4.310952e+00  2.842171e-14
     vertex -3.631927e+01 -4.276180e+00  2.842171e-14
   endloop
 endfacet
 facet normal  3.168348e-01  9.484807e-01  0.000000e+00
   outer loop
     vertex -3.621517e+01 -4.310952e+00  9.000000e+00
     vertex -3.621517e+01 -4.310952e+00  2.842171e-14
     vertex -3.631927e+01 -4.276180e+00  9.000000e+00
   endloop
 endfacet
 facet normal  2.906949e-01  9.568158e-01  0.000000e+00
   outer loop
     vertex -3.611017e+01 -4.342854e+00  9.000000e+00
     vertex -3.621517e+01 -4.310952e+00  2.842171e-14
     vertex -3.621517e+01 -4.310952e+00  9.000000e+00
   endloop
 endfacet
 facet normal  2.906949e-01  9.568158e-01  0.000000e+00
   outer loop
     vertex -3.611017e+01 -4.342854e+00  9.000000e+00
     vertex -3.611017e+01 -4.342854e+00  2.842171e-14
     vertex -3.621517e+01 -4.310952e+00  2.842171e-14
   endloop
 endfacet
 facet normal  2.643362e-01  9.644306e-01  0.000000e+00
   outer loop
     vertex -3.611017e+01 -4.342854e+00  9.000000e+00
     vertex -3.600432e+01 -4.371864e+00  2.842171e-14
     vertex -3.611017e+01 -4.342854e+00  2.842171e-14
   endloop
 endfacet
 facet normal  2.643362e-01  9.644306e-01  0.000000e+00
   outer loop
     vertex -3.600432e+01 -4.371864e+00  9.000000e+00
     vertex -3.600432e+01 -4.371864e+00  2.842171e-14
     vertex -3.611017e+01 -4.342854e+00  9.000000e+00
   endloop
 endfacet
 facet normal  2.377784e-01  9.713194e-01  0.000000e+00
   outer loop
     vertex -3.589772e+01 -4.397960e+00  9.000000e+00
     vertex -3.600432e+01 -4.371864e+00  2.842171e-14
     vertex -3.600432e+01 -4.371864e+00  9.000000e+00
   endloop
 endfacet
 facet normal  2.377784e-01  9.713194e-01  0.000000e+00
   outer loop
     vertex -3.589772e+01 -4.397960e+00  9.000000e+00
     vertex -3.589772e+01 -4.397960e+00  2.842171e-14
     vertex -3.600432e+01 -4.371864e+00  2.842171e-14
   endloop
 endfacet
 facet normal  2.110417e-01  9.774771e-01  0.000000e+00
   outer loop
     vertex -3.589772e+01 -4.397960e+00  9.000000e+00
     vertex -3.579045e+01 -4.421121e+00  2.842171e-14
     vertex -3.589772e+01 -4.397960e+00  2.842171e-14
   endloop
 endfacet
 facet normal  2.110417e-01  9.774771e-01  0.000000e+00
   outer loop
     vertex -3.579045e+01 -4.421121e+00  9.000000e+00
     vertex -3.579045e+01 -4.421121e+00  2.842171e-14
     vertex -3.589772e+01 -4.397960e+00  9.000000e+00
   endloop
 endfacet
 facet normal  1.841461e-01  9.828989e-01  0.000000e+00
   outer loop
     vertex -3.568258e+01 -4.441330e+00  9.000000e+00
     vertex -3.579045e+01 -4.421121e+00  2.842171e-14
     vertex -3.579045e+01 -4.421121e+00  9.000000e+00
   endloop
 endfacet
 facet normal  1.841461e-01  9.828989e-01  0.000000e+00
   outer loop
     vertex -3.568258e+01 -4.441330e+00  9.000000e+00
     vertex -3.568258e+01 -4.441330e+00  2.842171e-14
     vertex -3.579045e+01 -4.421121e+00  2.842171e-14
   endloop
 endfacet
 facet normal  1.571119e-01  9.875808e-01  0.000000e+00
   outer loop
     vertex -3.568258e+01 -4.441330e+00  9.000000e+00
     vertex -3.557420e+01 -4.458573e+00  2.842171e-14
     vertex -3.568258e+01 -4.441330e+00  2.842171e-14
   endloop
 endfacet
 facet normal  1.571119e-01  9.875808e-01  0.000000e+00
   outer loop
     vertex -3.557420e+01 -4.458573e+00  9.000000e+00
     vertex -3.557420e+01 -4.458573e+00  2.842171e-14
     vertex -3.568258e+01 -4.441330e+00  9.000000e+00
   endloop
 endfacet
 facet normal  1.299594e-01  9.915193e-01  0.000000e+00
   outer loop
     vertex -3.557420e+01 -4.458573e+00  9.000000e+00
     vertex -3.546538e+01 -4.472835e+00  2.842171e-14
     vertex -3.557420e+01 -4.458573e+00  2.842171e-14
   endloop
 endfacet
 facet normal  1.299594e-01  9.915193e-01  0.000000e+00
   outer loop
     vertex -3.546538e+01 -4.472835e+00  9.000000e+00
     vertex -3.546538e+01 -4.472835e+00  2.842171e-14
     vertex -3.557420e+01 -4.458573e+00  9.000000e+00
   endloop
 endfacet
 facet normal  1.027091e-01  9.947114e-01  0.000000e+00
   outer loop
     vertex -3.535621e+01 -4.484107e+00  9.000000e+00
     vertex -3.546538e+01 -4.472835e+00  2.842171e-14
     vertex -3.546538e+01 -4.472835e+00  9.000000e+00
   endloop
 endfacet
 facet normal  1.027091e-01  9.947114e-01  0.000000e+00
   outer loop
     vertex -3.535621e+01 -4.484107e+00  9.000000e+00
     vertex -3.535621e+01 -4.484107e+00  2.842171e-14
     vertex -3.546538e+01 -4.472835e+00  2.842171e-14
   endloop
 endfacet
 facet normal  7.538152e-02  9.971548e-01  0.000000e+00
   outer loop
     vertex -3.524678e+01 -4.492380e+00  9.000000e+00
     vertex -3.535621e+01 -4.484107e+00  2.842171e-14
     vertex -3.535621e+01 -4.484107e+00  9.000000e+00
   endloop
 endfacet
 facet normal  7.538152e-02  9.971548e-01  0.000000e+00
   outer loop
     vertex -3.524678e+01 -4.492380e+00  9.000000e+00
     vertex -3.524678e+01 -4.492380e+00  2.842171e-14
     vertex -3.535621e+01 -4.484107e+00  2.842171e-14
   endloop
 endfacet
 facet normal  4.799716e-02  9.988475e-01  0.000000e+00
   outer loop
     vertex -3.524678e+01 -4.492380e+00  9.000000e+00
     vertex -3.513716e+01 -4.497648e+00  2.842171e-14
     vertex -3.524678e+01 -4.492380e+00  2.842171e-14
   endloop
 endfacet
 facet normal  2.057667e-02  9.997883e-01  0.000000e+00
   outer loop
     vertex -3.513716e+01 -4.497648e+00  9.000000e+00
     vertex -3.502744e+01 -4.499906e+00  2.842171e-14
     vertex -3.513716e+01 -4.497648e+00  2.842171e-14
   endloop
 endfacet
 facet normal  4.799716e-02  9.988475e-01  0.000000e+00
   outer loop
     vertex -3.513716e+01 -4.497648e+00  9.000000e+00
     vertex -3.513716e+01 -4.497648e+00  2.842171e-14
     vertex -3.524678e+01 -4.492380e+00  9.000000e+00
   endloop
 endfacet
 facet normal  2.057667e-02  9.997883e-01  0.000000e+00
   outer loop
     vertex -3.502744e+01 -4.499906e+00  9.000000e+00
     vertex -3.502744e+01 -4.499906e+00  2.842171e-14
     vertex -3.513716e+01 -4.497648e+00  9.000000e+00
   endloop
 endfacet
 facet normal -6.859319e-03  9.999765e-01  0.000000e+00
   outer loop
     vertex -3.491769e+01 -4.499153e+00  9.000000e+00
     vertex -3.491769e+01 -4.499153e+00  2.842171e-14
     vertex -3.502744e+01 -4.499906e+00  2.842171e-14
   endloop
 endfacet
 facet normal -3.429014e-02  9.994119e-01  0.000000e+00
   outer loop
     vertex -3.491769e+01 -4.499153e+00  9.000000e+00
     vertex -3.480801e+01 -4.495390e+00  2.842171e-14
     vertex -3.491769e+01 -4.499153e+00  2.842171e-14
   endloop
 endfacet
 facet normal -6.859319e-03  9.999765e-01  0.000000e+00
   outer loop
     vertex -3.491769e+01 -4.499153e+00  9.000000e+00
     vertex -3.502744e+01 -4.499906e+00  2.842171e-14
     vertex -3.502744e+01 -4.499906e+00  9.000000e+00
   endloop
 endfacet
 facet normal -6.169515e-02  9.980950e-01  0.000000e+00
   outer loop
     vertex -3.480801e+01 -4.495390e+00  9.000000e+00
     vertex -3.469847e+01 -4.488619e+00  2.842171e-14
     vertex -3.480801e+01 -4.495390e+00  2.842171e-14
   endloop
 endfacet
 facet normal -3.429014e-02  9.994119e-01  0.000000e+00
   outer loop
     vertex -3.480801e+01 -4.495390e+00  9.000000e+00
     vertex -3.480801e+01 -4.495390e+00  2.842171e-14
     vertex -3.491769e+01 -4.499153e+00  9.000000e+00
   endloop
 endfacet
 facet normal -6.169515e-02  9.980950e-01  0.000000e+00
   outer loop
     vertex -3.469847e+01 -4.488619e+00  9.000000e+00
     vertex -3.469847e+01 -4.488619e+00  2.842171e-14
     vertex -3.480801e+01 -4.495390e+00  9.000000e+00
   endloop
 endfacet
 facet normal -8.905371e-02  9.960268e-01  0.000000e+00
   outer loop
     vertex -3.458916e+01 -4.478846e+00  9.000000e+00
     vertex -3.469847e+01 -4.488619e+00  2.842171e-14
     vertex -3.469847e+01 -4.488619e+00  9.000000e+00
   endloop
 endfacet
 facet normal -8.905371e-02  9.960268e-01  0.000000e+00
   outer loop
     vertex -3.458916e+01 -4.478846e+00  9.000000e+00
     vertex -3.458916e+01 -4.478846e+00  2.842171e-14
     vertex -3.469847e+01 -4.488619e+00  2.842171e-14
   endloop
 endfacet
 facet normal -1.163452e-01  9.932088e-01  0.000000e+00
   outer loop
     vertex -3.448016e+01 -4.466077e+00  9.000000e+00
     vertex -3.458916e+01 -4.478846e+00  2.842171e-14
     vertex -3.458916e+01 -4.478846e+00  9.000000e+00
   endloop
 endfacet
 facet normal -1.163452e-01  9.932088e-01  0.000000e+00
   outer loop
     vertex -3.448016e+01 -4.466077e+00  9.000000e+00
     vertex -3.448016e+01 -4.466077e+00  2.842171e-14
     vertex -3.458916e+01 -4.478846e+00  2.842171e-14
   endloop
 endfacet
 facet normal -1.435492e-01  9.896432e-01  0.000000e+00
   outer loop
     vertex -3.437155e+01 -4.450323e+00  9.000000e+00
     vertex -3.448016e+01 -4.466077e+00  2.842171e-14
     vertex -3.448016e+01 -4.466077e+00  9.000000e+00
   endloop
 endfacet
 facet normal -1.435492e-01  9.896432e-01  0.000000e+00
   outer loop
     vertex -3.437155e+01 -4.450323e+00  9.000000e+00
     vertex -3.437155e+01 -4.450323e+00  2.842171e-14
     vertex -3.448016e+01 -4.466077e+00  2.842171e-14
   endloop
 endfacet
 facet normal -1.706451e-01  9.853326e-01  0.000000e+00
   outer loop
     vertex -3.426342e+01 -4.431596e+00  9.000000e+00
     vertex -3.437155e+01 -4.450323e+00  2.842171e-14
     vertex -3.437155e+01 -4.450323e+00  9.000000e+00
   endloop
 endfacet
 facet normal -1.706451e-01  9.853326e-01  0.000000e+00
   outer loop
     vertex -3.426342e+01 -4.431596e+00  9.000000e+00
     vertex -3.426342e+01 -4.431596e+00  2.842171e-14
     vertex -3.437155e+01 -4.450323e+00  2.842171e-14
   endloop
 endfacet
 facet normal -1.976125e-01  9.802802e-01  0.000000e+00
   outer loop
     vertex -3.426342e+01 -4.431596e+00  9.000000e+00
     vertex -3.415583e+01 -4.409908e+00  2.842171e-14
     vertex -3.426342e+01 -4.431596e+00  2.842171e-14
   endloop
 endfacet
 facet normal -1.976125e-01  9.802802e-01  0.000000e+00
   outer loop
     vertex -3.415583e+01 -4.409908e+00  9.000000e+00
     vertex -3.415583e+01 -4.409908e+00  2.842171e-14
     vertex -3.426342e+01 -4.431596e+00  9.000000e+00
   endloop
 endfacet
 facet normal -2.244312e-01  9.744899e-01  0.000000e+00
   outer loop
     vertex -3.415583e+01 -4.409908e+00  9.000000e+00
     vertex -3.404889e+01 -4.385278e+00  2.842171e-14
     vertex -3.415583e+01 -4.409908e+00  2.842171e-14
   endloop
 endfacet
 facet normal -2.244312e-01  9.744899e-01  0.000000e+00
   outer loop
     vertex -3.404889e+01 -4.385278e+00  9.000000e+00
     vertex -3.404889e+01 -4.385278e+00  2.842171e-14
     vertex -3.415583e+01 -4.409908e+00  9.000000e+00
   endloop
 endfacet
 facet normal -2.510809e-01  9.679661e-01  0.000000e+00
   outer loop
     vertex -3.394266e+01 -4.357722e+00  9.000000e+00
     vertex -3.404889e+01 -4.385278e+00  2.842171e-14
     vertex -3.404889e+01 -4.385278e+00  9.000000e+00
   endloop
 endfacet
 facet normal -2.510809e-01  9.679661e-01  0.000000e+00
   outer loop
     vertex -3.394266e+01 -4.357722e+00  9.000000e+00
     vertex -3.394266e+01 -4.357722e+00  2.842171e-14
     vertex -3.404889e+01 -4.385278e+00  2.842171e-14
   endloop
 endfacet
 facet normal -2.775416e-01  9.607136e-01  0.000000e+00
   outer loop
     vertex -3.394266e+01 -4.357722e+00  9.000000e+00
     vertex -3.383722e+01 -4.327263e+00  2.842171e-14
     vertex -3.394266e+01 -4.357722e+00  2.842171e-14
   endloop
 endfacet
 facet normal -2.775416e-01  9.607136e-01  0.000000e+00
   outer loop
     vertex -3.383722e+01 -4.327263e+00  9.000000e+00
     vertex -3.383722e+01 -4.327263e+00  2.842171e-14
     vertex -3.394266e+01 -4.357722e+00  9.000000e+00
   endloop
 endfacet
 facet normal -3.037934e-01  9.527379e-01  0.000000e+00
   outer loop
     vertex -3.383722e+01 -4.327263e+00  9.000000e+00
     vertex -3.373266e+01 -4.293923e+00  2.842171e-14
     vertex -3.383722e+01 -4.327263e+00  2.842171e-14
   endloop
 endfacet
 facet normal -3.037934e-01  9.527379e-01  0.000000e+00
   outer loop
     vertex -3.373266e+01 -4.293923e+00  9.000000e+00
     vertex -3.373266e+01 -4.293923e+00  2.842171e-14
     vertex -3.383722e+01 -4.327263e+00  9.000000e+00
   endloop
 endfacet
 facet normal -3.298166e-01  9.440450e-01  0.000000e+00
   outer loop
     vertex -3.362906e+01 -4.257727e+00  9.000000e+00
     vertex -3.373266e+01 -4.293923e+00  2.842171e-14
     vertex -3.373266e+01 -4.293923e+00  9.000000e+00
   endloop
 endfacet
 facet normal -3.298166e-01  9.440450e-01  0.000000e+00
   outer loop
     vertex -3.362906e+01 -4.257727e+00  9.000000e+00
     vertex -3.362906e+01 -4.257727e+00  2.842171e-14
     vertex -3.373266e+01 -4.293923e+00  2.842171e-14
   endloop
 endfacet
 facet normal -3.555914e-01  9.346415e-01  0.000000e+00
   outer loop
     vertex -3.352648e+01 -4.218702e+00  9.000000e+00
     vertex -3.362906e+01 -4.257727e+00  2.842171e-14
     vertex -3.362906e+01 -4.257727e+00  9.000000e+00
   endloop
 endfacet
 facet normal -3.555914e-01  9.346415e-01  0.000000e+00
   outer loop
     vertex -3.352648e+01 -4.218702e+00  9.000000e+00
     vertex -3.352648e+01 -4.218702e+00  2.842171e-14
     vertex -3.362906e+01 -4.257727e+00  2.842171e-14
   endloop
 endfacet
 facet normal -3.810986e-01  9.245344e-01  0.000000e+00
   outer loop
     vertex -3.352648e+01 -4.218702e+00  9.000000e+00
     vertex -3.342502e+01 -4.176878e+00  2.842171e-14
     vertex -3.352648e+01 -4.218702e+00  2.842171e-14
   endloop
 endfacet
 facet normal -4.063188e-01  9.137314e-01  0.000000e+00
   outer loop
     vertex -3.342502e+01 -4.176878e+00  9.000000e+00
     vertex -3.332474e+01 -4.132285e+00  2.842171e-14
     vertex -3.342502e+01 -4.176878e+00  2.842171e-14
   endloop
 endfacet
 facet normal -3.810986e-01  9.245344e-01  0.000000e+00
   outer loop
     vertex -3.342502e+01 -4.176878e+00  9.000000e+00
     vertex -3.342502e+01 -4.176878e+00  2.842171e-14
     vertex -3.352648e+01 -4.218702e+00  9.000000e+00
   endloop
 endfacet
 facet normal -4.063188e-01  9.137314e-01  0.000000e+00
   outer loop
     vertex -3.332474e+01 -4.132285e+00  9.000000e+00
     vertex -3.332474e+01 -4.132285e+00  2.842171e-14
     vertex -3.342502e+01 -4.176878e+00  9.000000e+00
   endloop
 endfacet
 facet normal -4.312333e-01  9.022405e-01  0.000000e+00
   outer loop
     vertex -3.322572e+01 -4.084959e+00  9.000000e+00
     vertex -3.322572e+01 -4.084959e+00  2.842171e-14
     vertex -3.332474e+01 -4.132285e+00  2.842171e-14
   endloop
 endfacet
 facet normal -4.558231e-01  8.900704e-01  0.000000e+00
   outer loop
     vertex -3.322572e+01 -4.084959e+00  9.000000e+00
     vertex -3.312804e+01 -4.034934e+00  2.842171e-14
     vertex -3.322572e+01 -4.084959e+00  2.842171e-14
   endloop
 endfacet
 facet normal -4.312333e-01  9.022405e-01  0.000000e+00
   outer loop
     vertex -3.322572e+01 -4.084959e+00  9.000000e+00
     vertex -3.332474e+01 -4.132285e+00  2.842171e-14
     vertex -3.332474e+01 -4.132285e+00  9.000000e+00
   endloop
 endfacet
 facet normal -4.558231e-01  8.900704e-01  0.000000e+00
   outer loop
     vertex -3.312804e+01 -4.034934e+00  9.000000e+00
     vertex -3.312804e+01 -4.034934e+00  2.842171e-14
     vertex -3.322572e+01 -4.084959e+00  9.000000e+00
   endloop
 endfacet
 facet normal -4.800697e-01  8.772303e-01  0.000000e+00
   outer loop
     vertex -3.303177e+01 -3.982248e+00  9.000000e+00
     vertex -3.303177e+01 -3.982248e+00  2.842171e-14
     vertex -3.312804e+01 -4.034934e+00  2.842171e-14
   endloop
 endfacet
 facet normal -4.800697e-01  8.772303e-01  0.000000e+00
   outer loop
     vertex -3.303177e+01 -3.982248e+00  9.000000e+00
     vertex -3.312804e+01 -4.034934e+00  2.842171e-14
     vertex -3.312804e+01 -4.034934e+00  9.000000e+00
   endloop
 endfacet
 facet normal -5.039550e-01  8.637299e-01  0.000000e+00
   outer loop
     vertex -3.293697e+01 -3.926941e+00  9.000000e+00
     vertex -3.293697e+01 -3.926941e+00  2.842171e-14
     vertex -3.303177e+01 -3.982248e+00  2.842171e-14
   endloop
 endfacet
 facet normal -5.039550e-01  8.637299e-01  0.000000e+00
   outer loop
     vertex -3.293697e+01 -3.926941e+00  9.000000e+00
     vertex -3.303177e+01 -3.982248e+00  2.842171e-14
     vertex -3.303177e+01 -3.982248e+00  9.000000e+00
   endloop
 endfacet
 facet normal -5.274609e-01  8.495793e-01  0.000000e+00
   outer loop
     vertex -3.284374e+01 -3.869054e+00  9.000000e+00
     vertex -3.284374e+01 -3.869054e+00  2.842171e-14
     vertex -3.293697e+01 -3.926941e+00  2.842171e-14
   endloop
 endfacet
 facet normal -5.274609e-01  8.495793e-01  0.000000e+00
   outer loop
     vertex -3.284374e+01 -3.869054e+00  9.000000e+00
     vertex -3.293697e+01 -3.926941e+00  2.842171e-14
     vertex -3.293697e+01 -3.926941e+00  9.000000e+00
   endloop
 endfacet
 facet normal -5.505698e-01  8.347891e-01  0.000000e+00
   outer loop
     vertex -3.275212e+01 -3.808631e+00  9.000000e+00
     vertex -3.275212e+01 -3.808631e+00  2.842171e-14
     vertex -3.284374e+01 -3.869054e+00  2.842171e-14
   endloop
 endfacet
 facet normal -5.505698e-01  8.347891e-01  0.000000e+00
   outer loop
     vertex -3.275212e+01 -3.808631e+00  9.000000e+00
     vertex -3.284374e+01 -3.869054e+00  2.842171e-14
     vertex -3.284374e+01 -3.869054e+00  9.000000e+00
   endloop
 endfacet
 facet normal -5.732642e-01  8.193706e-01  0.000000e+00
   outer loop
     vertex -3.266220e+01 -3.745717e+00  9.000000e+00
     vertex -3.266220e+01 -3.745717e+00  2.842171e-14
     vertex -3.275212e+01 -3.808631e+00  2.842171e-14
   endloop
 endfacet
 facet normal -5.732642e-01  8.193706e-01  0.000000e+00
   outer loop
     vertex -3.266220e+01 -3.745717e+00  9.000000e+00
     vertex -3.275212e+01 -3.808631e+00  2.842171e-14
     vertex -3.275212e+01 -3.808631e+00  9.000000e+00
   endloop
 endfacet
 facet normal -5.955271e-01  8.033352e-01  0.000000e+00
   outer loop
     vertex -3.257403e+01 -3.680360e+00  9.000000e+00
     vertex -3.257403e+01 -3.680360e+00  2.842171e-14
     vertex -3.266220e+01 -3.745717e+00  2.842171e-14
   endloop
 endfacet
 facet normal -5.955271e-01  8.033352e-01  0.000000e+00
   outer loop
     vertex -3.257403e+01 -3.680360e+00  9.000000e+00
     vertex -3.266220e+01 -3.745717e+00  2.842171e-14
     vertex -3.266220e+01 -3.745717e+00  9.000000e+00
   endloop
 endfacet
 facet normal -6.173417e-01  7.866951e-01  0.000000e+00
   outer loop
     vertex -3.248770e+01 -3.612609e+00  9.000000e+00
     vertex -3.248770e+01 -3.612609e+00  2.842171e-14
     vertex -3.257403e+01 -3.680360e+00  2.842171e-14
   endloop
 endfacet
 facet normal -6.173417e-01  7.866951e-01  0.000000e+00
   outer loop
     vertex -3.248770e+01 -3.612609e+00  9.000000e+00
     vertex -3.257403e+01 -3.680360e+00  2.842171e-14
     vertex -3.257403e+01 -3.680360e+00  9.000000e+00
   endloop
 endfacet
 facet normal -6.386916e-01  7.694628e-01  0.000000e+00
   outer loop
     vertex -3.240325e+01 -3.542515e+00  9.000000e+00
     vertex -3.240325e+01 -3.542515e+00  2.842171e-14
     vertex -3.248770e+01 -3.612609e+00  2.842171e-14
   endloop
 endfacet
 facet normal -6.595607e-01  7.516513e-01  0.000000e+00
   outer loop
     vertex -3.240325e+01 -3.542515e+00  9.000000e+00
     vertex -3.232076e+01 -3.470130e+00  2.842171e-14
     vertex -3.240325e+01 -3.542515e+00  2.842171e-14
   endloop
 endfacet
 facet normal -6.386916e-01  7.694628e-01  0.000000e+00
   outer loop
     vertex -3.240325e+01 -3.542515e+00  9.000000e+00
     vertex -3.248770e+01 -3.612609e+00  2.842171e-14
     vertex -3.248770e+01 -3.612609e+00  9.000000e+00
   endloop
 endfacet
 facet normal -6.799333e-01  7.332740e-01  0.000000e+00
   outer loop
     vertex -3.232076e+01 -3.470130e+00  9.000000e+00
     vertex -3.224029e+01 -3.395510e+00  2.842171e-14
     vertex -3.232076e+01 -3.470130e+00  2.842171e-14
   endloop
 endfacet
 facet normal -6.595607e-01  7.516513e-01  0.000000e+00
   outer loop
     vertex -3.232076e+01 -3.470130e+00  9.000000e+00
     vertex -3.232076e+01 -3.470130e+00  2.842171e-14
     vertex -3.240325e+01 -3.542515e+00  9.000000e+00
   endloop
 endfacet
 facet normal -6.799333e-01  7.332740e-01  0.000000e+00
   outer loop
     vertex -3.224029e+01 -3.395510e+00  9.000000e+00
     vertex -3.224029e+01 -3.395510e+00  2.842171e-14
     vertex -3.232076e+01 -3.470130e+00  9.000000e+00
   endloop
 endfacet
 facet normal -6.997940e-01  7.143447e-01  0.000000e+00
   outer loop
     vertex -3.216189e+01 -3.318710e+00  9.000000e+00
     vertex -3.216189e+01 -3.318710e+00  2.842171e-14
     vertex -3.224029e+01 -3.395510e+00  2.842171e-14
   endloop
 endfacet
 facet normal -7.191280e-01  6.948776e-01  0.000000e+00
   outer loop
     vertex -3.216189e+01 -3.318710e+00  9.000000e+00
     vertex -3.208563e+01 -3.239788e+00  2.842171e-14
     vertex -3.216189e+01 -3.318710e+00  2.842171e-14
   endloop
 endfacet
 facet normal -6.997940e-01  7.143447e-01  0.000000e+00
   outer loop
     vertex -3.216189e+01 -3.318710e+00  9.000000e+00
     vertex -3.224029e+01 -3.395510e+00  2.842171e-14
     vertex -3.224029e+01 -3.395510e+00  9.000000e+00
   endloop
 endfacet
 facet normal -7.191280e-01  6.948776e-01  0.000000e+00
   outer loop
     vertex -3.208563e+01 -3.239788e+00  9.000000e+00
     vertex -3.208563e+01 -3.239788e+00  2.842171e-14
     vertex -3.216189e+01 -3.318710e+00  9.000000e+00
   endloop
 endfacet
 facet normal -7.379206e-01  6.748875e-01  0.000000e+00
   outer loop
     vertex -3.208563e+01 -3.239788e+00  9.000000e+00
     vertex -3.201156e+01 -3.158804e+00  2.842171e-14
     vertex -3.208563e+01 -3.239788e+00  2.842171e-14
   endloop
 endfacet
 facet normal -7.379206e-01  6.748875e-01  0.000000e+00
   outer loop
     vertex -3.201156e+01 -3.158804e+00  9.000000e+00
     vertex -3.201156e+01 -3.158804e+00  2.842171e-14
     vertex -3.208563e+01 -3.239788e+00  9.000000e+00
   endloop
 endfacet
 facet normal -7.561578e-01  6.543893e-01  0.000000e+00
   outer loop
     vertex -3.201156e+01 -3.158804e+00  9.000000e+00
     vertex -3.193975e+01 -3.075818e+00  2.842171e-14
     vertex -3.201156e+01 -3.158804e+00  2.842171e-14
   endloop
 endfacet
 facet normal -7.561578e-01  6.543893e-01  0.000000e+00
   outer loop
     vertex -3.193975e+01 -3.075818e+00  9.000000e+00
     vertex -3.193975e+01 -3.075818e+00  2.842171e-14
     vertex -3.201156e+01 -3.158804e+00  9.000000e+00
   endloop
 endfacet
 facet normal -7.738257e-01  6.333986e-01  0.000000e+00
   outer loop
     vertex -3.187023e+01 -2.990894e+00  9.000000e+00
     vertex -3.187023e+01 -2.990894e+00  2.842171e-14
     vertex -3.193975e+01 -3.075818e+00  2.842171e-14
   endloop
 endfacet
 facet normal -7.738257e-01  6.333986e-01  0.000000e+00
   outer loop
     vertex -3.187023e+01 -2.990894e+00  9.000000e+00
     vertex -3.193975e+01 -3.075818e+00  2.842171e-14
     vertex -3.193975e+01 -3.075818e+00  9.000000e+00
   endloop
 endfacet
 facet normal -7.909112e-01  6.119310e-01  0.000000e+00
   outer loop
     vertex -3.180307e+01 -2.904094e+00  9.000000e+00
     vertex -3.180307e+01 -2.904094e+00  2.842171e-14
     vertex -3.187023e+01 -2.990894e+00  2.842171e-14
   endloop
 endfacet
 facet normal -7.909112e-01  6.119310e-01  0.000000e+00
   outer loop
     vertex -3.180307e+01 -2.904094e+00  9.000000e+00
     vertex -3.187023e+01 -2.990894e+00  2.842171e-14
     vertex -3.187023e+01 -2.990894e+00  9.000000e+00
   endloop
 endfacet
 facet normal -8.074012e-01  5.900028e-01  0.000000e+00
   outer loop
     vertex -3.173832e+01 -2.815484e+00  9.000000e+00
     vertex -3.173832e+01 -2.815484e+00  2.842171e-14
     vertex -3.180307e+01 -2.904094e+00  2.842171e-14
   endloop
 endfacet
 facet normal -8.232835e-01  5.676304e-01  0.000000e+00
   outer loop
     vertex -3.173832e+01 -2.815484e+00  9.000000e+00
     vertex -3.167603e+01 -2.725132e+00  2.842171e-14
     vertex -3.173832e+01 -2.815484e+00  2.842171e-14
   endloop
 endfacet
 facet normal -8.074012e-01  5.900028e-01  0.000000e+00
   outer loop
     vertex -3.173832e+01 -2.815484e+00  9.000000e+00
     vertex -3.180307e+01 -2.904094e+00  2.842171e-14
     vertex -3.180307e+01 -2.904094e+00  9.000000e+00
   endloop
 endfacet
 facet normal -8.232835e-01  5.676304e-01  0.000000e+00
   outer loop
     vertex -3.167603e+01 -2.725132e+00  9.000000e+00
     vertex -3.167603e+01 -2.725132e+00  2.842171e-14
     vertex -3.173832e+01 -2.815484e+00  9.000000e+00
   endloop
 endfacet
 facet normal -8.385460e-01  5.448308e-01  0.000000e+00
   outer loop
     vertex -3.161623e+01 -2.633104e+00  9.000000e+00
     vertex -3.167603e+01 -2.725132e+00  2.842171e-14
     vertex -3.167603e+01 -2.725132e+00  9.000000e+00
   endloop
 endfacet
 facet normal -8.385460e-01  5.448308e-01  0.000000e+00
   outer loop
     vertex -3.161623e+01 -2.633104e+00  9.000000e+00
     vertex -3.161623e+01 -2.633104e+00  2.842171e-14
     vertex -3.167603e+01 -2.725132e+00  2.842171e-14
   endloop
 endfacet
 facet normal -8.531773e-01  5.216210e-01  0.000000e+00
   outer loop
     vertex -3.155899e+01 -2.539471e+00  9.000000e+00
     vertex -3.155899e+01 -2.539471e+00  2.842171e-14
     vertex -3.161623e+01 -2.633104e+00  2.842171e-14
   endloop
 endfacet
 facet normal -8.531773e-01  5.216210e-01  0.000000e+00
   outer loop
     vertex -3.155899e+01 -2.539471e+00  9.000000e+00
     vertex -3.161623e+01 -2.633104e+00  2.842171e-14
     vertex -3.161623e+01 -2.633104e+00  9.000000e+00
   endloop
 endfacet
 facet normal -8.671664e-01  4.980186e-01  0.000000e+00
   outer loop
     vertex -3.150433e+01 -2.444303e+00  9.000000e+00
     vertex -3.150433e+01 -2.444303e+00  2.842171e-14
     vertex -3.155899e+01 -2.539471e+00  2.842171e-14
   endloop
 endfacet
 facet normal -8.805026e-01  4.740412e-01  0.000000e+00
   outer loop
     vertex -3.150433e+01 -2.444303e+00  9.000000e+00
     vertex -3.145231e+01 -2.347670e+00  2.842171e-14
     vertex -3.150433e+01 -2.444303e+00  2.842171e-14
   endloop
 endfacet
 facet normal -8.671664e-01  4.980186e-01  0.000000e+00
   outer loop
     vertex -3.150433e+01 -2.444303e+00  9.000000e+00
     vertex -3.155899e+01 -2.539471e+00  2.842171e-14
     vertex -3.155899e+01 -2.539471e+00  9.000000e+00
   endloop
 endfacet
 facet normal -8.931761e-01  4.497071e-01  0.000000e+00
   outer loop
     vertex -3.145231e+01 -2.347670e+00  9.000000e+00
     vertex -3.140295e+01 -2.249647e+00  2.842171e-14
     vertex -3.145231e+01 -2.347670e+00  2.842171e-14
   endloop
 endfacet
 facet normal -8.805026e-01  4.740412e-01  0.000000e+00
   outer loop
     vertex -3.145231e+01 -2.347670e+00  9.000000e+00
     vertex -3.145231e+01 -2.347670e+00  2.842171e-14
     vertex -3.150433e+01 -2.444303e+00  9.000000e+00
   endloop
 endfacet
 facet normal -8.931761e-01  4.497071e-01  0.000000e+00
   outer loop
     vertex -3.140295e+01 -2.249647e+00  9.000000e+00
     vertex -3.140295e+01 -2.249647e+00  2.842171e-14
     vertex -3.145231e+01 -2.347670e+00  9.000000e+00
   endloop
 endfacet
 facet normal -9.051772e-01  4.250344e-01  0.000000e+00
   outer loop
     vertex -3.135631e+01 -2.150307e+00  9.000000e+00
     vertex -3.135631e+01 -2.150307e+00  2.842171e-14
     vertex -3.140295e+01 -2.249647e+00  2.842171e-14
   endloop
 endfacet
 facet normal -9.164969e-01  4.000417e-01  0.000000e+00
   outer loop
     vertex -3.135631e+01 -2.150307e+00  9.000000e+00
     vertex -3.131241e+01 -2.049725e+00  2.842171e-14
     vertex -3.135631e+01 -2.150307e+00  2.842171e-14
   endloop
 endfacet
 facet normal -9.051772e-01  4.250344e-01  0.000000e+00
   outer loop
     vertex -3.135631e+01 -2.150307e+00  9.000000e+00
     vertex -3.140295e+01 -2.249647e+00  2.842171e-14
     vertex -3.140295e+01 -2.249647e+00  9.000000e+00
   endloop
 endfacet
 facet normal -9.164969e-01  4.000417e-01  0.000000e+00
   outer loop
     vertex -3.131241e+01 -2.049725e+00  9.000000e+00
     vertex -3.131241e+01 -2.049725e+00  2.842171e-14
     vertex -3.135631e+01 -2.150307e+00  9.000000e+00
   endloop
 endfacet
 facet normal -9.271267e-01  3.747479e-01  0.000000e+00
   outer loop
     vertex -3.127128e+01 -1.947976e+00  9.000000e+00
     vertex -3.127128e+01 -1.947976e+00  2.842171e-14
     vertex -3.131241e+01 -2.049725e+00  2.842171e-14
   endloop
 endfacet
 facet normal -9.271267e-01  3.747479e-01  0.000000e+00
   outer loop
     vertex -3.127128e+01 -1.947976e+00  9.000000e+00
     vertex -3.131241e+01 -2.049725e+00  2.842171e-14
     vertex -3.131241e+01 -2.049725e+00  9.000000e+00
   endloop
 endfacet
 facet normal -9.370586e-01  3.491720e-01  0.000000e+00
   outer loop
     vertex -3.123296e+01 -1.845137e+00  9.000000e+00
     vertex -3.123296e+01 -1.845137e+00  2.842171e-14
     vertex -3.127128e+01 -1.947976e+00  2.842171e-14
   endloop
 endfacet
 facet normal -9.462851e-01  3.233333e-01  0.000000e+00
   outer loop
     vertex -3.123296e+01 -1.845137e+00  9.000000e+00
     vertex -3.119747e+01 -1.741286e+00  2.842171e-14
     vertex -3.123296e+01 -1.845137e+00  2.842171e-14
   endloop
 endfacet
 facet normal -9.370586e-01  3.491720e-01  0.000000e+00
   outer loop
     vertex -3.123296e+01 -1.845137e+00  9.000000e+00
     vertex -3.127128e+01 -1.947976e+00  2.842171e-14
     vertex -3.127128e+01 -1.947976e+00  9.000000e+00
   endloop
 endfacet
 facet normal -9.462851e-01  3.233333e-01  0.000000e+00
   outer loop
     vertex -3.119747e+01 -1.741286e+00  9.000000e+00
     vertex -3.119747e+01 -1.741286e+00  2.842171e-14
     vertex -3.123296e+01 -1.845137e+00  9.000000e+00
   endloop
 endfacet
 facet normal -9.547993e-01  2.972512e-01  0.000000e+00
   outer loop
     vertex -3.116485e+01 -1.636500e+00  9.000000e+00
     vertex -3.116485e+01 -1.636500e+00  2.842171e-14
     vertex -3.119747e+01 -1.741286e+00  2.842171e-14
   endloop
 endfacet
 facet normal -9.547993e-01  2.972512e-01  0.000000e+00
   outer loop
     vertex -3.116485e+01 -1.636500e+00  9.000000e+00
     vertex -3.119747e+01 -1.741286e+00  2.842171e-14
     vertex -3.119747e+01 -1.741286e+00  9.000000e+00
   endloop
 endfacet
 facet normal -9.625948e-01  2.709453e-01  0.000000e+00
   outer loop
     vertex -3.113512e+01 -1.530858e+00  9.000000e+00
     vertex -3.113512e+01 -1.530858e+00  2.842171e-14
     vertex -3.116485e+01 -1.636500e+00  2.842171e-14
   endloop
 endfacet
 facet normal -9.696656e-01  2.444354e-01  0.000000e+00
   outer loop
     vertex -3.113512e+01 -1.530858e+00  9.000000e+00
     vertex -3.110829e+01 -1.424441e+00  2.842171e-14
     vertex -3.113512e+01 -1.530858e+00  2.842171e-14
   endloop
 endfacet
 facet normal -9.625948e-01  2.709453e-01  0.000000e+00
   outer loop
     vertex -3.113512e+01 -1.530858e+00  9.000000e+00
     vertex -3.116485e+01 -1.636500e+00  2.842171e-14
     vertex -3.116485e+01 -1.636500e+00  9.000000e+00
   endloop
 endfacet
 facet normal -9.696656e-01  2.444354e-01  0.000000e+00
   outer loop
     vertex -3.110829e+01 -1.424441e+00  9.000000e+00
     vertex -3.110829e+01 -1.424441e+00  2.842171e-14
     vertex -3.113512e+01 -1.530858e+00  9.000000e+00
   endloop
 endfacet
 facet normal -9.760065e-01  2.177416e-01  0.000000e+00
   outer loop
     vertex -3.108439e+01 -1.317328e+00  9.000000e+00
     vertex -3.108439e+01 -1.317328e+00  2.842171e-14
     vertex -3.110829e+01 -1.424441e+00  2.842171e-14
   endloop
 endfacet
 facet normal -9.760065e-01  2.177416e-01  0.000000e+00
   outer loop
     vertex -3.108439e+01 -1.317328e+00  9.000000e+00
     vertex -3.110829e+01 -1.424441e+00  2.842171e-14
     vertex -3.110829e+01 -1.424441e+00  9.000000e+00
   endloop
 endfacet
 facet normal -9.816126e-01  1.908838e-01  0.000000e+00
   outer loop
     vertex -3.106344e+01 -1.209599e+00  9.000000e+00
     vertex -3.106344e+01 -1.209599e+00  2.842171e-14
     vertex -3.108439e+01 -1.317328e+00  2.842171e-14
   endloop
 endfacet
 facet normal -9.816126e-01  1.908838e-01  0.000000e+00
   outer loop
     vertex -3.106344e+01 -1.209599e+00  9.000000e+00
     vertex -3.108439e+01 -1.317328e+00  2.842171e-14
     vertex -3.108439e+01 -1.317328e+00  9.000000e+00
   endloop
 endfacet
 facet normal -9.864799e-01  1.638824e-01  0.000000e+00
   outer loop
     vertex -3.104546e+01 -1.101336e+00  9.000000e+00
     vertex -3.104546e+01 -1.101336e+00  2.842171e-14
     vertex -3.106344e+01 -1.209599e+00  2.842171e-14
   endloop
 endfacet
 facet normal -9.864799e-01  1.638824e-01  0.000000e+00
   outer loop
     vertex -3.104546e+01 -1.101336e+00  9.000000e+00
     vertex -3.106344e+01 -1.209599e+00  2.842171e-14
     vertex -3.106344e+01 -1.209599e+00  9.000000e+00
   endloop
 endfacet
 facet normal -9.906046e-01  1.367575e-01  0.000000e+00
   outer loop
     vertex -3.103045e+01 -9.926210e-01  9.000000e+00
     vertex -3.103045e+01 -9.926210e-01  2.842171e-14
     vertex -3.104546e+01 -1.101336e+00  2.842171e-14
   endloop
 endfacet
 facet normal -9.906046e-01  1.367575e-01  0.000000e+00
   outer loop
     vertex -3.103045e+01 -9.926210e-01  9.000000e+00
     vertex -3.104546e+01 -1.101336e+00  2.842171e-14
     vertex -3.104546e+01 -1.101336e+00  9.000000e+00
   endloop
 endfacet
 facet normal -9.939835e-01  1.095298e-01  0.000000e+00
   outer loop
     vertex -3.101843e+01 -8.835347e-01  9.000000e+00
     vertex -3.103045e+01 -9.926210e-01  2.842171e-14
     vertex -3.103045e+01 -9.926210e-01  9.000000e+00
   endloop
 endfacet
 facet normal -9.939835e-01  1.095298e-01  0.000000e+00
   outer loop
     vertex -3.101843e+01 -8.835347e-01  9.000000e+00
     vertex -3.101843e+01 -8.835347e-01  2.842171e-14
     vertex -3.103045e+01 -9.926210e-01  2.842171e-14
   endloop
 endfacet
 facet normal -9.966142e-01  8.221955e-02  0.000000e+00
   outer loop
     vertex -3.101843e+01 -8.835347e-01  9.000000e+00
     vertex -3.100941e+01 -7.741598e-01  2.842171e-14
     vertex -3.101843e+01 -8.835347e-01  2.842171e-14
   endloop
 endfacet
 facet normal -9.966142e-01  8.221955e-02  0.000000e+00
   outer loop
     vertex -3.100941e+01 -7.741598e-01  9.000000e+00
     vertex -3.100941e+01 -7.741598e-01  2.842171e-14
     vertex -3.101843e+01 -8.835347e-01  9.000000e+00
   endloop
 endfacet
 facet normal -9.984947e-01  5.484744e-02  0.000000e+00
   outer loop
     vertex -3.100339e+01 -6.645785e-01  9.000000e+00
     vertex -3.100941e+01 -7.741598e-01  2.842171e-14
     vertex -3.100941e+01 -7.741598e-01  9.000000e+00
   endloop
 endfacet
 facet normal -9.984947e-01  5.484744e-02  0.000000e+00
   outer loop
     vertex -3.100339e+01 -6.645785e-01  9.000000e+00
     vertex -3.100339e+01 -6.645785e-01  2.842171e-14
     vertex -3.100941e+01 -7.741598e-01  2.842171e-14
   endloop
 endfacet
 facet normal -9.996236e-01  2.743405e-02  0.000000e+00
   outer loop
     vertex -3.100339e+01 -6.645785e-01  9.000000e+00
     vertex -3.100038e+01 -5.548733e-01  2.842171e-14
     vertex -3.100339e+01 -6.645785e-01  2.842171e-14
   endloop
 endfacet
 facet normal -9.996236e-01  2.743405e-02  0.000000e+00
   outer loop
     vertex -3.100038e+01 -5.548733e-01  9.000000e+00
     vertex -3.100038e+01 -5.548733e-01  2.842171e-14
     vertex -3.100339e+01 -6.645785e-01  9.000000e+00
   endloop
 endfacet
 facet normal -1.000000e+00 -0.000000e+00  0.000000e+00
   outer loop
     vertex -3.100038e+01 -4.451267e-01  9.000000e+00
     vertex -3.100038e+01 -5.548733e-01  2.842171e-14
     vertex -3.100038e+01 -5.548733e-01  9.000000e+00
   endloop
 endfacet
 facet normal -1.000000e+00  0.000000e+00 -0.000000e+00
   outer loop
     vertex -3.100038e+01 -4.451267e-01  9.000000e+00
     vertex -3.100038e+01 -4.451267e-01  2.842171e-14
     vertex -3.100038e+01 -5.548733e-01  2.842171e-14
   endloop
 endfacet
 facet normal -9.996236e-01 -2.743405e-02  0.000000e+00
   outer loop
     vertex -3.100339e+01 -3.354215e-01  9.000000e+00
     vertex -3.100038e+01 -4.451267e-01  2.842171e-14
     vertex -3.100038e+01 -4.451267e-01  9.000000e+00
   endloop
 endfacet
 facet normal -9.996236e-01 -2.743405e-02 -0.000000e+00
   outer loop
     vertex -3.100339e+01 -3.354215e-01  9.000000e+00
     vertex -3.100339e+01 -3.354215e-01  2.842171e-14
     vertex -3.100038e+01 -4.451267e-01  2.842171e-14
   endloop
 endfacet
 facet normal -9.984947e-01 -5.484744e-02  0.000000e+00
   outer loop
     vertex -3.100941e+01 -2.258402e-01  9.000000e+00
     vertex -3.100339e+01 -3.354215e-01  2.842171e-14
     vertex -3.100339e+01 -3.354215e-01  9.000000e+00
   endloop
 endfacet
 facet normal -9.984947e-01 -5.484744e-02 -0.000000e+00
   outer loop
     vertex -3.100941e+01 -2.258402e-01  9.000000e+00
     vertex -3.100941e+01 -2.258402e-01  2.842171e-14
     vertex -3.100339e+01 -3.354215e-01  2.842171e-14
   endloop
 endfacet
 facet normal -9.966142e-01 -8.221955e-02  0.000000e+00
   outer loop
     vertex -3.101843e+01 -1.164653e-01  9.000000e+00
     vertex -3.100941e+01 -2.258402e-01  2.842171e-14
     vertex -3.100941e+01 -2.258402e-01  9.000000e+00
   endloop
 endfacet
 facet normal -9.966142e-01 -8.221955e-02 -0.000000e+00
   outer loop
     vertex -3.101843e+01 -1.164653e-01  9.000000e+00
     vertex -3.101843e+01 -1.164653e-01  2.842171e-14
     vertex -3.100941e+01 -2.258402e-01  2.842171e-14
   endloop
 endfacet
 facet normal -9.939835e-01 -1.095298e-01  0.000000e+00
   outer loop
     vertex -3.103045e+01 -7.379031e-03  9.000000e+00
     vertex -3.101843e+01 -1.164653e-01  2.842171e-14
     vertex -3.101843e+01 -1.164653e-01  9.000000e+00
   endloop
 endfacet
 facet normal -9.939835e-01 -1.095298e-01 -0.000000e+00
   outer loop
     vertex -3.103045e+01 -7.379031e-03  9.000000e+00
     vertex -3.103045e+01 -7.379031e-03  2.842171e-14
     vertex -3.101843e+01 -1.164653e-01  2.842171e-14
   endloop
 endfacet
 facet normal -9.906046e-01 -1.367575e-01  0.000000e+00
   outer loop
     vertex -3.104546e+01  1.013364e-01  9.000000e+00
     vertex -3.103045e+01 -7.379031e-03  2.842171e-14
     vertex -3.103045e+01 -7.379031e-03  9.000000e+00
   endloop
 endfacet
 facet normal -9.906046e-01 -1.367575e-01 -0.000000e+00
   outer loop
     vertex -3.104546e+01  1.013364e-01  9.000000e+00
     vertex -3.104546e+01  1.013364e-01  2.842171e-14
     vertex -3.103045e+01 -7.379031e-03  2.842171e-14
   endloop
 endfacet
 facet normal -9.864799e-01 -1.638824e-01  0.000000e+00
   outer loop
     vertex -3.106344e+01  2.095991e-01  9.000000e+00
     vertex -3.104546e+01  1.013364e-01  2.842171e-14
     vertex -3.104546e+01  1.013364e-01  9.000000e+00
   endloop
 endfacet
 facet normal -9.864799e-01 -1.638824e-01 -0.000000e+00
   outer loop
     vertex -3.106344e+01  2.095991e-01  9.000000e+00
     vertex -3.106344e+01  2.095991e-01  2.842171e-14
     vertex -3.104546e+01  1.013364e-01  2.842171e-14
   endloop
 endfacet
 facet normal -9.816126e-01 -1.908838e-01  0.000000e+00
   outer loop
     vertex -3.108439e+01  3.173277e-01  9.000000e+00
     vertex -3.106344e+01  2.095991e-01  2.842171e-14
     vertex -3.106344e+01  2.095991e-01  9.000000e+00
   endloop
 endfacet
 facet normal -9.816126e-01 -1.908838e-01 -0.000000e+00
   outer loop
     vertex -3.108439e+01  3.173277e-01  9.000000e+00
     vertex -3.108439e+01  3.173277e-01  2.842171e-14
     vertex -3.106344e+01  2.095991e-01  2.842171e-14
   endloop
 endfacet
 facet normal -9.760065e-01 -2.177416e-01 -0.000000e+00
   outer loop
     vertex -3.110829e+01  4.244410e-01  9.000000e+00
     vertex -3.110829e+01  4.244410e-01  2.842171e-14
     vertex -3.108439e+01  3.173277e-01  2.842171e-14
   endloop
 endfacet
 facet normal -9.760065e-01 -2.177416e-01  0.000000e+00
   outer loop
     vertex -3.110829e+01  4.244410e-01  9.000000e+00
     vertex -3.108439e+01  3.173277e-01  2.842171e-14
     vertex -3.108439e+01  3.173277e-01  9.000000e+00
   endloop
 endfacet
 facet normal -9.696656e-01 -2.444354e-01 -0.000000e+00
   outer loop
     vertex -3.113512e+01  5.308584e-01  9.000000e+00
     vertex -3.113512e+01  5.308584e-01  2.842171e-14
     vertex -3.110829e+01  4.244410e-01  2.842171e-14
   endloop
 endfacet
 facet normal -9.696656e-01 -2.444354e-01  0.000000e+00
   outer loop
     vertex -3.113512e+01  5.308584e-01  9.000000e+00
     vertex -3.110829e+01  4.244410e-01  2.842171e-14
     vertex -3.110829e+01  4.244410e-01  9.000000e+00
   endloop
 endfacet
 facet normal -9.625948e-01 -2.709453e-01 -0.000000e+00
   outer loop
     vertex -3.116485e+01  6.364998e-01  9.000000e+00
     vertex -3.116485e+01  6.364998e-01  2.842171e-14
     vertex -3.113512e+01  5.308584e-01  2.842171e-14
   endloop
 endfacet
 facet normal -9.625948e-01 -2.709453e-01  0.000000e+00
   outer loop
     vertex -3.116485e+01  6.364998e-01  9.000000e+00
     vertex -3.113512e+01  5.308584e-01  2.842171e-14
     vertex -3.113512e+01  5.308584e-01  9.000000e+00
   endloop
 endfacet
 facet normal -9.547993e-01 -2.972512e-01 -0.000000e+00
   outer loop
     vertex -3.119747e+01  7.412857e-01  9.000000e+00
     vertex -3.119747e+01  7.412857e-01  2.842171e-14
     vertex -3.116485e+01  6.364998e-01  2.842171e-14
   endloop
 endfacet
 facet normal -9.462851e-01 -3.233333e-01 -0.000000e+00
   outer loop
     vertex -3.119747e+01  7.412857e-01  9.000000e+00
     vertex -3.123296e+01  8.451372e-01  2.842171e-14
     vertex -3.119747e+01  7.412857e-01  2.842171e-14
   endloop
 endfacet
 facet normal -9.547993e-01 -2.972512e-01  0.000000e+00
   outer loop
     vertex -3.119747e+01  7.412857e-01  9.000000e+00
     vertex -3.116485e+01  6.364998e-01  2.842171e-14
     vertex -3.116485e+01  6.364998e-01  9.000000e+00
   endloop
 endfacet
 facet normal -9.462851e-01 -3.233333e-01 -0.000000e+00
   outer loop
     vertex -3.123296e+01  8.451372e-01  9.000000e+00
     vertex -3.123296e+01  8.451372e-01  2.842171e-14
     vertex -3.119747e+01  7.412857e-01  9.000000e+00
   endloop
 endfacet
 facet normal -9.370586e-01 -3.491720e-01 -0.000000e+00
   outer loop
     vertex -3.127128e+01  9.479762e-01  9.000000e+00
     vertex -3.127128e+01  9.479762e-01  2.842171e-14
     vertex -3.123296e+01  8.451372e-01  2.842171e-14
   endloop
 endfacet
 facet normal -9.370586e-01 -3.491720e-01  0.000000e+00
   outer loop
     vertex -3.127128e+01  9.479762e-01  9.000000e+00
     vertex -3.123296e+01  8.451372e-01  2.842171e-14
     vertex -3.123296e+01  8.451372e-01  9.000000e+00
   endloop
 endfacet
 facet normal -9.271267e-01 -3.747479e-01 -0.000000e+00
   outer loop
     vertex -3.131241e+01  1.049725e+00  9.000000e+00
     vertex -3.131241e+01  1.049725e+00  2.842171e-14
     vertex -3.127128e+01  9.479762e-01  2.842171e-14
   endloop
 endfacet
 facet normal -9.271267e-01 -3.747479e-01  0.000000e+00
   outer loop
     vertex -3.131241e+01  1.049725e+00  9.000000e+00
     vertex -3.127128e+01  9.479762e-01  2.842171e-14
     vertex -3.127128e+01  9.479762e-01  9.000000e+00
   endloop
 endfacet
 facet normal -9.164969e-01 -4.000417e-01 -0.000000e+00
   outer loop
     vertex -3.135631e+01  1.150307e+00  9.000000e+00
     vertex -3.135631e+01  1.150307e+00  2.842171e-14
     vertex -3.131241e+01  1.049725e+00  2.842171e-14
   endloop
 endfacet
 facet normal -9.164969e-01 -4.000417e-01  0.000000e+00
   outer loop
     vertex -3.135631e+01  1.150307e+00  9.000000e+00
     vertex -3.131241e+01  1.049725e+00  2.842171e-14
     vertex -3.131241e+01  1.049725e+00  9.000000e+00
   endloop
 endfacet
 facet normal -9.051772e-01 -4.250344e-01 -0.000000e+00
   outer loop
     vertex -3.140295e+01  1.249647e+00  9.000000e+00
     vertex -3.140295e+01  1.249647e+00  2.842171e-14
     vertex -3.135631e+01  1.150307e+00  2.842171e-14
   endloop
 endfacet
 facet normal -9.051772e-01 -4.250344e-01  0.000000e+00
   outer loop
     vertex -3.140295e+01  1.249647e+00  9.000000e+00
     vertex -3.135631e+01  1.150307e+00  2.842171e-14
     vertex -3.135631e+01  1.150307e+00  9.000000e+00
   endloop
 endfacet
 facet normal -8.931761e-01 -4.497071e-01 -0.000000e+00
   outer loop
     vertex -3.145231e+01  1.347670e+00  9.000000e+00
     vertex -3.145231e+01  1.347670e+00  2.842171e-14
     vertex -3.140295e+01  1.249647e+00  2.842171e-14
   endloop
 endfacet
 facet normal -8.931761e-01 -4.497071e-01  0.000000e+00
   outer loop
     vertex -3.145231e+01  1.347670e+00  9.000000e+00
     vertex -3.140295e+01  1.249647e+00  2.842171e-14
     vertex -3.140295e+01  1.249647e+00  9.000000e+00
   endloop
 endfacet
 facet normal -8.805026e-01 -4.740412e-01 -0.000000e+00
   outer loop
     vertex -3.150433e+01  1.444303e+00  9.000000e+00
     vertex -3.150433e+01  1.444303e+00  2.842171e-14
     vertex -3.145231e+01  1.347670e+00  2.842171e-14
   endloop
 endfacet
 facet normal -8.671664e-01 -4.980186e-01 -0.000000e+00
   outer loop
     vertex -3.150433e+01  1.444303e+00  9.000000e+00
     vertex -3.155899e+01  1.539471e+00  2.842171e-14
     vertex -3.150433e+01  1.444303e+00  2.842171e-14
   endloop
 endfacet
 facet normal -8.805026e-01 -4.740412e-01  0.000000e+00
   outer loop
     vertex -3.150433e+01  1.444303e+00  9.000000e+00
     vertex -3.145231e+01  1.347670e+00  2.842171e-14
     vertex -3.145231e+01  1.347670e+00  9.000000e+00
   endloop
 endfacet
 facet normal -8.671664e-01 -4.980186e-01 -0.000000e+00
   outer loop
     vertex -3.155899e+01  1.539471e+00  9.000000e+00
     vertex -3.155899e+01  1.539471e+00  2.842171e-14
     vertex -3.150433e+01  1.444303e+00  9.000000e+00
   endloop
 endfacet
 facet normal -8.531773e-01 -5.216210e-01 -0.000000e+00
   outer loop
     vertex -3.161623e+01  1.633104e+00  9.000000e+00
     vertex -3.161623e+01  1.633104e+00  2.842171e-14
     vertex -3.155899e+01  1.539471e+00  2.842171e-14
   endloop
 endfacet
 facet normal -8.531773e-01 -5.216210e-01  0.000000e+00
   outer loop
     vertex -3.161623e+01  1.633104e+00  9.000000e+00
     vertex -3.155899e+01  1.539471e+00  2.842171e-14
     vertex -3.155899e+01  1.539471e+00  9.000000e+00
   endloop
 endfacet
 facet normal -8.385460e-01 -5.448308e-01 -0.000000e+00
   outer loop
     vertex -3.167603e+01  1.725132e+00  9.000000e+00
     vertex -3.167603e+01  1.725132e+00  2.842171e-14
     vertex -3.161623e+01  1.633104e+00  2.842171e-14
   endloop
 endfacet
 facet normal -8.385460e-01 -5.448308e-01  0.000000e+00
   outer loop
     vertex -3.167603e+01  1.725132e+00  9.000000e+00
     vertex -3.161623e+01  1.633104e+00  2.842171e-14
     vertex -3.161623e+01  1.633104e+00  9.000000e+00
   endloop
 endfacet
 facet normal -8.232835e-01 -5.676304e-01  0.000000e+00
   outer loop
     vertex -3.173832e+01  1.815484e+00  9.000000e+00
     vertex -3.167603e+01  1.725132e+00  2.842171e-14
     vertex -3.167603e+01  1.725132e+00  9.000000e+00
   endloop
 endfacet
 facet normal -8.232835e-01 -5.676304e-01 -0.000000e+00
   outer loop
     vertex -3.173832e+01  1.815484e+00  9.000000e+00
     vertex -3.173832e+01  1.815484e+00  2.842171e-14
     vertex -3.167603e+01  1.725132e+00  2.842171e-14
   endloop
 endfacet
 facet normal -8.074012e-01 -5.900028e-01  0.000000e+00
   outer loop
     vertex -3.180307e+01  1.904094e+00  9.000000e+00
     vertex -3.173832e+01  1.815484e+00  2.842171e-14
     vertex -3.173832e+01  1.815484e+00  9.000000e+00
   endloop
 endfacet
 facet normal -8.074012e-01 -5.900028e-01 -0.000000e+00
   outer loop
     vertex -3.180307e+01  1.904094e+00  9.000000e+00
     vertex -3.180307e+01  1.904094e+00  2.842171e-14
     vertex -3.173832e+01  1.815484e+00  2.842171e-14
   endloop
 endfacet
 facet normal -7.909112e-01 -6.119310e-01  0.000000e+00
   outer loop
     vertex -3.187023e+01  1.990894e+00  9.000000e+00
     vertex -3.180307e+01  1.904094e+00  2.842171e-14
     vertex -3.180307e+01  1.904094e+00  9.000000e+00
   endloop
 endfacet
 facet normal -7.909112e-01 -6.119310e-01 -0.000000e+00
   outer loop
     vertex -3.187023e+01  1.990894e+00  9.000000e+00
     vertex -3.187023e+01  1.990894e+00  2.842171e-14
     vertex -3.180307e+01  1.904094e+00  2.842171e-14
   endloop
 endfacet
 facet normal -7.738257e-01 -6.333986e-01 -0.000000e+00
   outer loop
     vertex -3.187023e+01  1.990894e+00  9.000000e+00
     vertex -3.193975e+01  2.075818e+00  2.842171e-14
     vertex -3.187023e+01  1.990894e+00  2.842171e-14
   endloop
 endfacet
 facet normal -7.738257e-01 -6.333986e-01 -0.000000e+00
   outer loop
     vertex -3.193975e+01  2.075818e+00  9.000000e+00
     vertex -3.193975e+01  2.075818e+00  2.842171e-14
     vertex -3.187023e+01  1.990894e+00  9.000000e+00
   endloop
 endfacet
 facet normal -7.561578e-01 -6.543893e-01 -0.000000e+00
   outer loop
     vertex -3.193975e+01  2.075818e+00  9.000000e+00
     vertex -3.201156e+01  2.158804e+00  2.842171e-14
     vertex -3.193975e+01  2.075818e+00  2.842171e-14
   endloop
 endfacet
 facet normal -7.561578e-01 -6.543893e-01 -0.000000e+00
   outer loop
     vertex -3.201156e+01  2.158804e+00  9.000000e+00
     vertex -3.201156e+01  2.158804e+00  2.842171e-14
     vertex -3.193975e+01  2.075818e+00  9.000000e+00
   endloop
 endfacet
 facet normal -7.379206e-01 -6.748875e-01  0.000000e+00
   outer loop
     vertex -3.208563e+01  2.239788e+00  9.000000e+00
     vertex -3.201156e+01  2.158804e+00  2.842171e-14
     vertex -3.201156e+01  2.158804e+00  9.000000e+00
   endloop
 endfacet
 facet normal -7.379206e-01 -6.748875e-01 -0.000000e+00
   outer loop
     vertex -3.208563e+01  2.239788e+00  9.000000e+00
     vertex -3.208563e+01  2.239788e+00  2.842171e-14
     vertex -3.201156e+01  2.158804e+00  2.842171e-14
   endloop
 endfacet
 facet normal -7.191280e-01 -6.948776e-01  0.000000e+00
   outer loop
     vertex -3.216189e+01  2.318710e+00  9.000000e+00
     vertex -3.208563e+01  2.239788e+00  2.842171e-14
     vertex -3.208563e+01  2.239788e+00  9.000000e+00
   endloop
 endfacet
 facet normal -7.191280e-01 -6.948776e-01 -0.000000e+00
   outer loop
     vertex -3.216189e+01  2.318710e+00  9.000000e+00
     vertex -3.216189e+01  2.318710e+00  2.842171e-14
     vertex -3.208563e+01  2.239788e+00  2.842171e-14
   endloop
 endfacet
 facet normal -6.997940e-01 -7.143447e-01  0.000000e+00
   outer loop
     vertex -3.224029e+01  2.395510e+00  9.000000e+00
     vertex -3.216189e+01  2.318710e+00  2.842171e-14
     vertex -3.216189e+01  2.318710e+00  9.000000e+00
   endloop
 endfacet
 facet normal -6.997940e-01 -7.143447e-01 -0.000000e+00
   outer loop
     vertex -3.224029e+01  2.395510e+00  9.000000e+00
     vertex -3.224029e+01  2.395510e+00  2.842171e-14
     vertex -3.216189e+01  2.318710e+00  2.842171e-14
   endloop
 endfacet
 facet normal -6.799333e-01 -7.332740e-01  0.000000e+00
   outer loop
     vertex -3.232076e+01  2.470130e+00  9.000000e+00
     vertex -3.224029e+01  2.395510e+00  2.842171e-14
     vertex -3.224029e+01  2.395510e+00  9.000000e+00
   endloop
 endfacet
 facet normal -6.799333e-01 -7.332740e-01 -0.000000e+00
   outer loop
     vertex -3.232076e+01  2.470130e+00  9.000000e+00
     vertex -3.232076e+01  2.470130e+00  2.842171e-14
     vertex -3.224029e+01  2.395510e+00  2.842171e-14
   endloop
 endfacet
 facet normal -6.595607e-01 -7.516513e-01  0.000000e+00
   outer loop
     vertex -3.240325e+01  2.542515e+00  9.000000e+00
     vertex -3.232076e+01  2.470130e+00  2.842171e-14
     vertex -3.232076e+01  2.470130e+00  9.000000e+00
   endloop
 endfacet
 facet normal -6.595607e-01 -7.516513e-01 -0.000000e+00
   outer loop
     vertex -3.240325e+01  2.542515e+00  9.000000e+00
     vertex -3.240325e+01  2.542515e+00  2.842171e-14
     vertex -3.232076e+01  2.470130e+00  2.842171e-14
   endloop
 endfacet
 facet normal -6.386916e-01 -7.694628e-01  0.000000e+00
   outer loop
     vertex -3.248770e+01  2.612609e+00  9.000000e+00
     vertex -3.240325e+01  2.542515e+00  2.842171e-14
     vertex -3.240325e+01  2.542515e+00  9.000000e+00
   endloop
 endfacet
 facet normal -6.386916e-01 -7.694628e-01 -0.000000e+00
   outer loop
     vertex -3.248770e+01  2.612609e+00  9.000000e+00
     vertex -3.248770e+01  2.612609e+00  2.842171e-14
     vertex -3.240325e+01  2.542515e+00  2.842171e-14
   endloop
 endfacet
 facet normal -6.173417e-01 -7.866951e-01  0.000000e+00
   outer loop
     vertex -3.257403e+01  2.680360e+00  9.000000e+00
     vertex -3.248770e+01  2.612609e+00  2.842171e-14
     vertex -3.248770e+01  2.612609e+00  9.000000e+00
   endloop
 endfacet
 facet normal -6.173417e-01 -7.866951e-01 -0.000000e+00
   outer loop
     vertex -3.257403e+01  2.680360e+00  9.000000e+00
     vertex -3.257403e+01  2.680360e+00  2.842171e-14
     vertex -3.248770e+01  2.612609e+00  2.842171e-14
   endloop
 endfacet
 facet normal -5.955271e-01 -8.033352e-01  0.000000e+00
   outer loop
     vertex -3.266220e+01  2.745717e+00  9.000000e+00
     vertex -3.257403e+01  2.680360e+00  2.842171e-14
     vertex -3.257403e+01  2.680360e+00  9.000000e+00
   endloop
 endfacet
 facet normal -5.955271e-01 -8.033352e-01 -0.000000e+00
   outer loop
     vertex -3.266220e+01  2.745717e+00  9.000000e+00
     vertex -3.266220e+01  2.745717e+00  2.842171e-14
     vertex -3.257403e+01  2.680360e+00  2.842171e-14
   endloop
 endfacet
 facet normal -5.732642e-01 -8.193706e-01  0.000000e+00
   outer loop
     vertex -3.275212e+01  2.808631e+00  9.000000e+00
     vertex -3.266220e+01  2.745717e+00  2.842171e-14
     vertex -3.266220e+01  2.745717e+00  9.000000e+00
   endloop
 endfacet
 facet normal -5.732642e-01 -8.193706e-01 -0.000000e+00
   outer loop
     vertex -3.275212e+01  2.808631e+00  9.000000e+00
     vertex -3.275212e+01  2.808631e+00  2.842171e-14
     vertex -3.266220e+01  2.745717e+00  2.842171e-14
   endloop
 endfacet
 facet normal -5.505698e-01 -8.347891e-01  0.000000e+00
   outer loop
     vertex -3.284374e+01  2.869054e+00  9.000000e+00
     vertex -3.275212e+01  2.808631e+00  2.842171e-14
     vertex -3.275212e+01  2.808631e+00  9.000000e+00
   endloop
 endfacet
 facet normal -5.505698e-01 -8.347891e-01 -0.000000e+00
   outer loop
     vertex -3.284374e+01  2.869054e+00  9.000000e+00
     vertex -3.284374e+01  2.869054e+00  2.842171e-14
     vertex -3.275212e+01  2.808631e+00  2.842171e-14
   endloop
 endfacet
 facet normal -5.274609e-01 -8.495793e-01 -0.000000e+00
   outer loop
     vertex -3.284374e+01  2.869054e+00  9.000000e+00
     vertex -3.293697e+01  2.926941e+00  2.842171e-14
     vertex -3.284374e+01  2.869054e+00  2.842171e-14
   endloop
 endfacet
 facet normal -5.274609e-01 -8.495793e-01 -0.000000e+00
   outer loop
     vertex -3.293697e+01  2.926941e+00  9.000000e+00
     vertex -3.293697e+01  2.926941e+00  2.842171e-14
     vertex -3.284374e+01  2.869054e+00  9.000000e+00
   endloop
 endfacet
 facet normal -5.039550e-01 -8.637299e-01 -0.000000e+00
   outer loop
     vertex -3.293697e+01  2.926941e+00  9.000000e+00
     vertex -3.303177e+01  2.982248e+00  2.842171e-14
     vertex -3.293697e+01  2.926941e+00  2.842171e-14
   endloop
 endfacet
 facet normal -5.039550e-01 -8.637299e-01 -0.000000e+00
   outer loop
     vertex -3.303177e+01  2.982248e+00  9.000000e+00
     vertex -3.303177e+01  2.982248e+00  2.842171e-14
     vertex -3.293697e+01  2.926941e+00  9.000000e+00
   endloop
 endfacet
 facet normal -4.800697e-01 -8.772303e-01 -0.000000e+00
   outer loop
     vertex -3.303177e+01  2.982248e+00  9.000000e+00
     vertex -3.312804e+01  3.034934e+00  2.842171e-14
     vertex -3.303177e+01  2.982248e+00  2.842171e-14
   endloop
 endfacet
 facet normal -4.800697e-01 -8.772303e-01 -0.000000e+00
   outer loop
     vertex -3.312804e+01  3.034934e+00  9.000000e+00
     vertex -3.312804e+01  3.034934e+00  2.842171e-14
     vertex -3.303177e+01  2.982248e+00  9.000000e+00
   endloop
 endfacet
 facet normal -4.558231e-01 -8.900704e-01  0.000000e+00
   outer loop
     vertex -3.322572e+01  3.084959e+00  9.000000e+00
     vertex -3.312804e+01  3.034934e+00  2.842171e-14
     vertex -3.312804e+01  3.034934e+00  9.000000e+00
   endloop
 endfacet
 facet normal -4.558231e-01 -8.900704e-01 -0.000000e+00
   outer loop
     vertex -3.322572e+01  3.084959e+00  9.000000e+00
     vertex -3.322572e+01  3.084959e+00  2.842171e-14
     vertex -3.312804e+01  3.034934e+00  2.842171e-14
   endloop
 endfacet
 facet normal -4.312333e-01 -9.022405e-01  0.000000e+00
   outer loop
     vertex -3.332474e+01  3.132285e+00  9.000000e+00
     vertex -3.322572e+01  3.084959e+00  2.842171e-14
     vertex -3.322572e+01  3.084959e+00  9.000000e+00
   endloop
 endfacet
 facet normal -4.312333e-01 -9.022405e-01 -0.000000e+00
   outer loop
     vertex -3.332474e+01  3.132285e+00  9.000000e+00
     vertex -3.332474e+01  3.132285e+00  2.842171e-14
     vertex -3.322572e+01  3.084959e+00  2.842171e-14
   endloop
 endfacet
 facet normal -4.063188e-01 -9.137314e-01  0.000000e+00
   outer loop
     vertex -3.342502e+01  3.176878e+00  9.000000e+00
     vertex -3.332474e+01  3.132285e+00  2.842171e-14
     vertex -3.332474e+01  3.132285e+00  9.000000e+00
   endloop
 endfacet
 facet normal -4.063188e-01 -9.137314e-01 -0.000000e+00
   outer loop
     vertex -3.342502e+01  3.176878e+00  9.000000e+00
     vertex -3.342502e+01  3.176878e+00  2.842171e-14
     vertex -3.332474e+01  3.132285e+00  2.842171e-14
   endloop
 endfacet
 facet normal -3.810986e-01 -9.245344e-01 -0.000000e+00
   outer loop
     vertex -3.352648e+01  3.218702e+00  9.000000e+00
     vertex -3.352648e+01  3.218702e+00  2.842171e-14
     vertex -3.342502e+01  3.176878e+00  2.842171e-14
   endloop
 endfacet
 facet normal -3.810986e-01 -9.245344e-01  0.000000e+00
   outer loop
     vertex -3.352648e+01  3.218702e+00  9.000000e+00
     vertex -3.342502e+01  3.176878e+00  2.842171e-14
     vertex -3.342502e+01  3.176878e+00  9.000000e+00
   endloop
 endfacet
 facet normal -3.555914e-01 -9.346415e-01 -0.000000e+00
   outer loop
     vertex -3.362906e+01  3.257727e+00  9.000000e+00
     vertex -3.362906e+01  3.257727e+00  2.842171e-14
     vertex -3.352648e+01  3.218702e+00  2.842171e-14
   endloop
 endfacet
 facet normal -3.298166e-01 -9.440450e-01 -0.000000e+00
   outer loop
     vertex -3.362906e+01  3.257727e+00  9.000000e+00
     vertex -3.373266e+01  3.293923e+00  2.842171e-14
     vertex -3.362906e+01  3.257727e+00  2.842171e-14
   endloop
 endfacet
 facet normal -3.555914e-01 -9.346415e-01  0.000000e+00
   outer loop
     vertex -3.362906e+01  3.257727e+00  9.000000e+00
     vertex -3.352648e+01  3.218702e+00  2.842171e-14
     vertex -3.352648e+01  3.218702e+00  9.000000e+00
   endloop
 endfacet
 facet normal -3.298166e-01 -9.440450e-01 -0.000000e+00
   outer loop
     vertex -3.373266e+01  3.293923e+00  9.000000e+00
     vertex -3.373266e+01  3.293923e+00  2.842171e-14
     vertex -3.362906e+01  3.257727e+00  9.000000e+00
   endloop
 endfacet
 facet normal -3.037934e-01 -9.527379e-01 -0.000000e+00
   outer loop
     vertex -3.383722e+01  3.327263e+00  9.000000e+00
     vertex -3.383722e+01  3.327263e+00  2.842171e-14
     vertex -3.373266e+01  3.293923e+00  2.842171e-14
   endloop
 endfacet
 facet normal -2.775416e-01 -9.607136e-01 -0.000000e+00
   outer loop
     vertex -3.383722e+01  3.327263e+00  9.000000e+00
     vertex -3.394266e+01  3.357722e+00  2.842171e-14
     vertex -3.383722e+01  3.327263e+00  2.842171e-14
   endloop
 endfacet
 facet normal -3.037934e-01 -9.527379e-01  0.000000e+00
   outer loop
     vertex -3.383722e+01  3.327263e+00  9.000000e+00
     vertex -3.373266e+01  3.293923e+00  2.842171e-14
     vertex -3.373266e+01  3.293923e+00  9.000000e+00
   endloop
 endfacet
 facet normal -2.775416e-01 -9.607136e-01 -0.000000e+00
   outer loop
     vertex -3.394266e+01  3.357722e+00  9.000000e+00
     vertex -3.394266e+01  3.357722e+00  2.842171e-14
     vertex -3.383722e+01  3.327263e+00  9.000000e+00
   endloop
 endfacet
 facet normal -2.510809e-01 -9.679661e-01  0.000000e+00
   outer loop
     vertex -3.404889e+01  3.385278e+00  9.000000e+00
     vertex -3.394266e+01  3.357722e+00  2.842171e-14
     vertex -3.394266e+01  3.357722e+00  9.000000e+00
   endloop
 endfacet
 facet normal -2.510809e-01 -9.679661e-01 -0.000000e+00
   outer loop
     vertex -3.404889e+01  3.385278e+00  9.000000e+00
     vertex -3.404889e+01  3.385278e+00  2.842171e-14
     vertex -3.394266e+01  3.357722e+00  2.842171e-14
   endloop
 endfacet
 facet normal -2.244312e-01 -9.744899e-01  0.000000e+00
   outer loop
     vertex -3.415583e+01  3.409908e+00  9.000000e+00
     vertex -3.404889e+01  3.385278e+00  2.842171e-14
     vertex -3.404889e+01  3.385278e+00  9.000000e+00
   endloop
 endfacet
 facet normal -2.244312e-01 -9.744899e-01 -0.000000e+00
   outer loop
     vertex -3.415583e+01  3.409908e+00  9.000000e+00
     vertex -3.415583e+01  3.409908e+00  2.842171e-14
     vertex -3.404889e+01  3.385278e+00  2.842171e-14
   endloop
 endfacet
 facet normal -1.976125e-01 -9.802802e-01  0.000000e+00
   outer loop
     vertex -3.426342e+01  3.431596e+00  9.000000e+00
     vertex -3.415583e+01  3.409908e+00  2.842171e-14
     vertex -3.415583e+01  3.409908e+00  9.000000e+00
   endloop
 endfacet
 facet normal -1.976125e-01 -9.802802e-01 -0.000000e+00
   outer loop
     vertex -3.426342e+01  3.431596e+00  9.000000e+00
     vertex -3.426342e+01  3.431596e+00  2.842171e-14
     vertex -3.415583e+01  3.409908e+00  2.842171e-14
   endloop
 endfacet
 facet normal -1.706451e-01 -9.853326e-01 -0.000000e+00
   outer loop
     vertex -3.426342e+01  3.431596e+00  9.000000e+00
     vertex -3.437155e+01  3.450323e+00  2.842171e-14
     vertex -3.426342e+01  3.431596e+00  2.842171e-14
   endloop
 endfacet
 facet normal -1.706451e-01 -9.853326e-01 -0.000000e+00
   outer loop
     vertex -3.437155e+01  3.450323e+00  9.000000e+00
     vertex -3.437155e+01  3.450323e+00  2.842171e-14
     vertex -3.426342e+01  3.431596e+00  9.000000e+00
   endloop
 endfacet
 facet normal -1.435492e-01 -9.896432e-01 -0.000000e+00
   outer loop
     vertex -3.437155e+01  3.450323e+00  9.000000e+00
     vertex -3.448016e+01  3.466077e+00  2.842171e-14
     vertex -3.437155e+01  3.450323e+00  2.842171e-14
   endloop
 endfacet
 facet normal -1.435492e-01 -9.896432e-01 -0.000000e+00
   outer loop
     vertex -3.448016e+01  3.466077e+00  9.000000e+00
     vertex -3.448016e+01  3.466077e+00  2.842171e-14
     vertex -3.437155e+01  3.450323e+00  9.000000e+00
   endloop
 endfacet
 facet normal -1.163452e-01 -9.932088e-01 -0.000000e+00
   outer loop
     vertex -3.448016e+01  3.466077e+00  9.000000e+00
     vertex -3.458916e+01  3.478846e+00  2.842171e-14
     vertex -3.448016e+01  3.466077e+00  2.842171e-14
   endloop
 endfacet
 facet normal -1.163452e-01 -9.932088e-01 -0.000000e+00
   outer loop
     vertex -3.458916e+01  3.478846e+00  9.000000e+00
     vertex -3.458916e+01  3.478846e+00  2.842171e-14
     vertex -3.448016e+01  3.466077e+00  9.000000e+00
   endloop
 endfacet
 facet normal -8.905371e-02 -9.960268e-01 -0.000000e+00
   outer loop
     vertex -3.458916e+01  3.478846e+00  9.000000e+00
     vertex -3.469847e+01  3.488619e+00  2.842171e-14
     vertex -3.458916e+01  3.478846e+00  2.842171e-14
   endloop
 endfacet
 facet normal -8.905371e-02 -9.960268e-01 -0.000000e+00
   outer loop
     vertex -3.469847e+01  3.488619e+00  9.000000e+00
     vertex -3.469847e+01  3.488619e+00  2.842171e-14
     vertex -3.458916e+01  3.478846e+00  9.000000e+00
   endloop
 endfacet
 facet normal -6.169515e-02 -9.980950e-01 -0.000000e+00
   outer loop
     vertex -3.469847e+01  3.488619e+00  9.000000e+00
     vertex -3.480801e+01  3.495390e+00  2.842171e-14
     vertex -3.469847e+01  3.488619e+00  2.842171e-14
   endloop
 endfacet
 facet normal -6.169515e-02 -9.980950e-01 -0.000000e+00
   outer loop
     vertex -3.480801e+01  3.495390e+00  9.000000e+00
     vertex -3.480801e+01  3.495390e+00  2.842171e-14
     vertex -3.469847e+01  3.488619e+00  9.000000e+00
   endloop
 endfacet
 facet normal -3.429014e-02 -9.994119e-01 -0.000000e+00
   outer loop
     vertex -3.480801e+01  3.495390e+00  9.000000e+00
     vertex -3.491769e+01  3.499153e+00  2.842171e-14
     vertex -3.480801e+01  3.495390e+00  2.842171e-14
   endloop
 endfacet
 facet normal -3.429014e-02 -9.994119e-01 -0.000000e+00
   outer loop
     vertex -3.491769e+01  3.499153e+00  9.000000e+00
     vertex -3.491769e+01  3.499153e+00  2.842171e-14
     vertex -3.480801e+01  3.495390e+00  9.000000e+00
   endloop
 endfacet
 facet normal -6.859319e-03 -9.999765e-01 -0.000000e+00
   outer loop
     vertex -3.491769e+01  3.499153e+00  9.000000e+00
     vertex -3.502744e+01  3.499906e+00  2.842171e-14
     vertex -3.491769e+01  3.499153e+00  2.842171e-14
   endloop
 endfacet
 facet normal -6.859319e-03 -9.999765e-01 -0.000000e+00
   outer loop
     vertex -3.502744e+01  3.499906e+00  9.000000e+00
     vertex -3.502744e+01  3.499906e+00  2.842171e-14
     vertex -3.491769e+01  3.499153e+00  9.000000e+00
   endloop
 endfacet
 facet normal  2.057667e-02 -9.997883e-01  0.000000e+00
   outer loop
     vertex -3.513716e+01  3.497648e+00  9.000000e+00
     vertex -3.502744e+01  3.499906e+00  2.842171e-14
     vertex -3.502744e+01  3.499906e+00  9.000000e+00
   endloop
 endfacet
 facet normal  2.057667e-02 -9.997883e-01  0.000000e+00
   outer loop
     vertex -3.513716e+01  3.497648e+00  9.000000e+00
     vertex -3.513716e+01  3.497648e+00  2.842171e-14
     vertex -3.502744e+01  3.499906e+00  2.842171e-14
   endloop
 endfacet
 facet normal  4.799716e-02 -9.988475e-01  0.000000e+00
   outer loop
     vertex -3.524678e+01  3.492380e+00  9.000000e+00
     vertex -3.524678e+01  3.492380e+00  2.842171e-14
     vertex -3.513716e+01  3.497648e+00  2.842171e-14
   endloop
 endfacet
 facet normal  4.799716e-02 -9.988475e-01  0.000000e+00
   outer loop
     vertex -3.524678e+01  3.492380e+00  9.000000e+00
     vertex -3.513716e+01  3.497648e+00  2.842171e-14
     vertex -3.513716e+01  3.497648e+00  9.000000e+00
   endloop
 endfacet
 facet normal  7.538152e-02 -9.971548e-01  0.000000e+00
   outer loop
     vertex -3.535621e+01  3.484107e+00  9.000000e+00
     vertex -3.535621e+01  3.484107e+00  2.842171e-14
     vertex -3.524678e+01  3.492380e+00  2.842171e-14
   endloop
 endfacet
 facet normal  1.027091e-01 -9.947114e-01  0.000000e+00
   outer loop
     vertex -3.535621e+01  3.484107e+00  9.000000e+00
     vertex -3.546538e+01  3.472835e+00  2.842171e-14
     vertex -3.535621e+01  3.484107e+00  2.842171e-14
   endloop
 endfacet
 facet normal  7.538152e-02 -9.971548e-01  0.000000e+00
   outer loop
     vertex -3.535621e+01  3.484107e+00  9.000000e+00
     vertex -3.524678e+01  3.492380e+00  2.842171e-14
     vertex -3.524678e+01  3.492380e+00  9.000000e+00
   endloop
 endfacet
 facet normal  1.027091e-01 -9.947114e-01  0.000000e+00
   outer loop
     vertex -3.546538e+01  3.472835e+00  9.000000e+00
     vertex -3.546538e+01  3.472835e+00  2.842171e-14
     vertex -3.535621e+01  3.484107e+00  9.000000e+00
   endloop
 endfacet
 facet normal  1.299594e-01 -9.915193e-01  0.000000e+00
   outer loop
     vertex -3.557420e+01  3.458573e+00  9.000000e+00
     vertex -3.557420e+01  3.458573e+00  2.842171e-14
     vertex -3.546538e+01  3.472835e+00  2.842171e-14
   endloop
 endfacet
 facet normal  1.299594e-01 -9.915193e-01  0.000000e+00
   outer loop
     vertex -3.557420e+01  3.458573e+00  9.000000e+00
     vertex -3.546538e+01  3.472835e+00  2.842171e-14
     vertex -3.546538e+01  3.472835e+00  9.000000e+00
   endloop
 endfacet
 facet normal  1.571119e-01 -9.875808e-01  0.000000e+00
   outer loop
     vertex -3.568258e+01  3.441330e+00  9.000000e+00
     vertex -3.568258e+01  3.441330e+00  2.842171e-14
     vertex -3.557420e+01  3.458573e+00  2.842171e-14
   endloop
 endfacet
 facet normal  1.841461e-01 -9.828989e-01  0.000000e+00
   outer loop
     vertex -3.568258e+01  3.441330e+00  9.000000e+00
     vertex -3.579045e+01  3.421121e+00  2.842171e-14
     vertex -3.568258e+01  3.441330e+00  2.842171e-14
   endloop
 endfacet
 facet normal  1.571119e-01 -9.875808e-01  0.000000e+00
   outer loop
     vertex -3.568258e+01  3.441330e+00  9.000000e+00
     vertex -3.557420e+01  3.458573e+00  2.842171e-14
     vertex -3.557420e+01  3.458573e+00  9.000000e+00
   endloop
 endfacet
 facet normal  1.841461e-01 -9.828989e-01  0.000000e+00
   outer loop
     vertex -3.579045e+01  3.421121e+00  9.000000e+00
     vertex -3.579045e+01  3.421121e+00  2.842171e-14
     vertex -3.568258e+01  3.441330e+00  9.000000e+00
   endloop
 endfacet
 facet normal  2.110417e-01 -9.774771e-01  0.000000e+00
   outer loop
     vertex -3.589772e+01  3.397960e+00  9.000000e+00
     vertex -3.589772e+01  3.397960e+00  2.842171e-14
     vertex -3.579045e+01  3.421121e+00  2.842171e-14
   endloop
 endfacet
 facet normal  2.110417e-01 -9.774771e-01  0.000000e+00
   outer loop
     vertex -3.589772e+01  3.397960e+00  9.000000e+00
     vertex -3.579045e+01  3.421121e+00  2.842171e-14
     vertex -3.579045e+01  3.421121e+00  9.000000e+00
   endloop
 endfacet
 facet normal  2.377784e-01 -9.713194e-01  0.000000e+00
   outer loop
     vertex -3.600432e+01  3.371864e+00  9.000000e+00
     vertex -3.600432e+01  3.371864e+00  2.842171e-14
     vertex -3.589772e+01  3.397960e+00  2.842171e-14
   endloop
 endfacet
 facet normal  2.377784e-01 -9.713194e-01  0.000000e+00
   outer loop
     vertex -3.600432e+01  3.371864e+00  9.000000e+00
     vertex -3.589772e+01  3.397960e+00  2.842171e-14
     vertex -3.589772e+01  3.397960e+00  9.000000e+00
   endloop
 endfacet
 facet normal  2.643362e-01 -9.644306e-01  0.000000e+00
   outer loop
     vertex -3.611017e+01  3.342854e+00  9.000000e+00
     vertex -3.611017e+01  3.342854e+00  2.842171e-14
     vertex -3.600432e+01  3.371864e+00  2.842171e-14
   endloop
 endfacet
 facet normal  2.906949e-01 -9.568158e-01  0.000000e+00
   outer loop
     vertex -3.611017e+01  3.342854e+00  9.000000e+00
     vertex -3.621517e+01  3.310952e+00  2.842171e-14
     vertex -3.611017e+01  3.342854e+00  2.842171e-14
   endloop
 endfacet
 facet normal  2.643362e-01 -9.644306e-01  0.000000e+00
   outer loop
     vertex -3.611017e+01  3.342854e+00  9.000000e+00
     vertex -3.600432e+01  3.371864e+00  2.842171e-14
     vertex -3.600432e+01  3.371864e+00  9.000000e+00
   endloop
 endfacet
 facet normal  2.906949e-01 -9.568158e-01  0.000000e+00
   outer loop
     vertex -3.621517e+01  3.310952e+00  9.000000e+00
     vertex -3.621517e+01  3.310952e+00  2.842171e-14
     vertex -3.611017e+01  3.342854e+00  9.000000e+00
   endloop
 endfacet
 facet normal  3.168348e-01 -9.484807e-01  0.000000e+00
   outer loop
     vertex -3.631927e+01  3.276180e+00  9.000000e+00
     vertex -3.631927e+01  3.276180e+00  2.842171e-14
     vertex -3.621517e+01  3.310952e+00  2.842171e-14
   endloop
 endfacet
 facet normal  3.427362e-01 -9.394317e-01  0.000000e+00
   outer loop
     vertex -3.631927e+01  3.276180e+00  9.000000e+00
     vertex -3.642237e+01  3.238566e+00  2.842171e-14
     vertex -3.631927e+01  3.276180e+00  2.842171e-14
   endloop
 endfacet
 facet normal  3.168348e-01 -9.484807e-01  0.000000e+00
   outer loop
     vertex -3.631927e+01  3.276180e+00  9.000000e+00
     vertex -3.621517e+01  3.310952e+00  2.842171e-14
     vertex -3.621517e+01  3.310952e+00  9.000000e+00
   endloop
 endfacet
 facet normal  3.427362e-01 -9.394317e-01  0.000000e+00
   outer loop
     vertex -3.642237e+01  3.238566e+00  9.000000e+00
     vertex -3.642237e+01  3.238566e+00  2.842171e-14
     vertex -3.631927e+01  3.276180e+00  9.000000e+00
   endloop
 endfacet
 facet normal  3.683796e-01 -9.296754e-01  0.000000e+00
   outer loop
     vertex -3.652439e+01  3.198138e+00  9.000000e+00
     vertex -3.652439e+01  3.198138e+00  2.842171e-14
     vertex -3.642237e+01  3.238566e+00  2.842171e-14
   endloop
 endfacet
 facet normal  3.937458e-01 -9.192194e-01  0.000000e+00
   outer loop
     vertex -3.652439e+01  3.198138e+00  9.000000e+00
     vertex -3.662528e+01  3.154925e+00  2.842171e-14
     vertex -3.652439e+01  3.198138e+00  2.842171e-14
   endloop
 endfacet
 facet normal  3.683796e-01 -9.296754e-01  0.000000e+00
   outer loop
     vertex -3.652439e+01  3.198138e+00  9.000000e+00
     vertex -3.642237e+01  3.238566e+00  2.842171e-14
     vertex -3.642237e+01  3.238566e+00  9.000000e+00
   endloop
 endfacet
 facet normal  3.937458e-01 -9.192194e-01  0.000000e+00
   outer loop
     vertex -3.662528e+01  3.154925e+00  9.000000e+00
     vertex -3.662528e+01  3.154925e+00  2.842171e-14
     vertex -3.652439e+01  3.198138e+00  9.000000e+00
   endloop
 endfacet
 facet normal  4.188155e-01 -9.080714e-01  0.000000e+00
   outer loop
     vertex -3.662528e+01  3.154925e+00  9.000000e+00
     vertex -3.672493e+01  3.108962e+00  2.842171e-14
     vertex -3.662528e+01  3.154925e+00  2.842171e-14
   endloop
 endfacet
 facet normal  4.188155e-01 -9.080714e-01  0.000000e+00
   outer loop
     vertex -3.672493e+01  3.108962e+00  9.000000e+00
     vertex -3.672493e+01  3.108962e+00  2.842171e-14
     vertex -3.662528e+01  3.154925e+00  9.000000e+00
   endloop
 endfacet
 facet normal  4.435699e-01 -8.962398e-01  0.000000e+00
   outer loop
     vertex -3.672493e+01  3.108962e+00  9.000000e+00
     vertex -3.682329e+01  3.060282e+00  2.842171e-14
     vertex -3.672493e+01  3.108962e+00  2.842171e-14
   endloop
 endfacet
 facet normal  4.435699e-01 -8.962398e-01  0.000000e+00
   outer loop
     vertex -3.682329e+01  3.060282e+00  9.000000e+00
     vertex -3.682329e+01  3.060282e+00  2.842171e-14
     vertex -3.672493e+01  3.108962e+00  9.000000e+00
   endloop
 endfacet
 facet normal  4.679904e-01 -8.837335e-01  0.000000e+00
   outer loop
     vertex -3.692028e+01  3.008921e+00  9.000000e+00
     vertex -3.682329e+01  3.060282e+00  2.842171e-14
     vertex -3.682329e+01  3.060282e+00  9.000000e+00
   endloop
 endfacet
 facet normal  4.679904e-01 -8.837335e-01  0.000000e+00
   outer loop
     vertex -3.692028e+01  3.008921e+00  9.000000e+00
     vertex -3.692028e+01  3.008921e+00  2.842171e-14
     vertex -3.682329e+01  3.060282e+00  2.842171e-14
   endloop
 endfacet
 facet normal  4.920587e-01 -8.705620e-01  0.000000e+00
   outer loop
     vertex -3.701582e+01  2.954920e+00  9.000000e+00
     vertex -3.701582e+01  2.954920e+00  2.842171e-14
     vertex -3.692028e+01  3.008921e+00  2.842171e-14
   endloop
 endfacet
 facet normal  5.157565e-01 -8.567352e-01  0.000000e+00
   outer loop
     vertex -3.701582e+01  2.954920e+00  9.000000e+00
     vertex -3.710984e+01  2.898317e+00  2.842171e-14
     vertex -3.701582e+01  2.954920e+00  2.842171e-14
   endloop
 endfacet
 facet normal  4.920587e-01 -8.705620e-01  0.000000e+00
   outer loop
     vertex -3.701582e+01  2.954920e+00  9.000000e+00
     vertex -3.692028e+01  3.008921e+00  2.842171e-14
     vertex -3.692028e+01  3.008921e+00  9.000000e+00
   endloop
 endfacet
 facet normal  5.157565e-01 -8.567352e-01  0.000000e+00
   outer loop
     vertex -3.710984e+01  2.898317e+00  9.000000e+00
     vertex -3.710984e+01  2.898317e+00  2.842171e-14
     vertex -3.701582e+01  2.954920e+00  9.000000e+00
   endloop
 endfacet
 facet normal  5.390661e-01 -8.422635e-01  0.000000e+00
   outer loop
     vertex -3.720228e+01  2.839156e+00  9.000000e+00
     vertex -3.720228e+01  2.839156e+00  2.842171e-14
     vertex -3.710984e+01  2.898317e+00  2.842171e-14
   endloop
 endfacet
 facet normal  5.390661e-01 -8.422635e-01  0.000000e+00
   outer loop
     vertex -3.720228e+01  2.839156e+00  9.000000e+00
     vertex -3.710984e+01  2.898317e+00  2.842171e-14
     vertex -3.710984e+01  2.898317e+00  9.000000e+00
   endloop
 endfacet
 facet normal  5.619699e-01 -8.271577e-01  0.000000e+00
   outer loop
     vertex -3.729306e+01  2.777482e+00  9.000000e+00
     vertex -3.729306e+01  2.777482e+00  2.842171e-14
     vertex -3.720228e+01  2.839156e+00  2.842171e-14
   endloop
 endfacet
 facet normal  5.844507e-01 -8.114292e-01  0.000000e+00
   outer loop
     vertex -3.729306e+01  2.777482e+00  9.000000e+00
     vertex -3.738211e+01  2.713341e+00  2.842171e-14
     vertex -3.729306e+01  2.777482e+00  2.842171e-14
   endloop
 endfacet
 facet normal  5.619699e-01 -8.271577e-01  0.000000e+00
   outer loop
     vertex -3.729306e+01  2.777482e+00  9.000000e+00
     vertex -3.720228e+01  2.839156e+00  2.842171e-14
     vertex -3.720228e+01  2.839156e+00  9.000000e+00
   endloop
 endfacet
 facet normal  5.844507e-01 -8.114292e-01  0.000000e+00
   outer loop
     vertex -3.738211e+01  2.713341e+00  9.000000e+00
     vertex -3.738211e+01  2.713341e+00  2.842171e-14
     vertex -3.729306e+01  2.777482e+00  9.000000e+00
   endloop
 endfacet
 facet normal  6.064915e-01 -7.950900e-01  0.000000e+00
   outer loop
     vertex -3.746937e+01  2.646780e+00  9.000000e+00
     vertex -3.746937e+01  2.646780e+00  2.842171e-14
     vertex -3.738211e+01  2.713341e+00  2.842171e-14
   endloop
 endfacet
 facet normal  6.280757e-01 -7.781522e-01  0.000000e+00
   outer loop
     vertex -3.746937e+01  2.646780e+00  9.000000e+00
     vertex -3.755477e+01  2.577851e+00  2.842171e-14
     vertex -3.746937e+01  2.646780e+00  2.842171e-14
   endloop
 endfacet
 facet normal  6.064915e-01 -7.950900e-01  0.000000e+00
   outer loop
     vertex -3.746937e+01  2.646780e+00  9.000000e+00
     vertex -3.738211e+01  2.713341e+00  2.842171e-14
     vertex -3.738211e+01  2.713341e+00  9.000000e+00
   endloop
 endfacet
 facet normal  6.280757e-01 -7.781522e-01  0.000000e+00
   outer loop
     vertex -3.755477e+01  2.577851e+00  9.000000e+00
     vertex -3.755477e+01  2.577851e+00  2.842171e-14
     vertex -3.746937e+01  2.646780e+00  9.000000e+00
   endloop
 endfacet
 facet normal  6.491872e-01 -7.606287e-01  0.000000e+00
   outer loop
     vertex -3.763824e+01  2.506605e+00  9.000000e+00
     vertex -3.763824e+01  2.506605e+00  2.842171e-14
     vertex -3.755477e+01  2.577851e+00  2.842171e-14
   endloop
 endfacet
 facet normal  6.491872e-01 -7.606287e-01  0.000000e+00
   outer loop
     vertex -3.763824e+01  2.506605e+00  9.000000e+00
     vertex -3.755477e+01  2.577851e+00  2.842171e-14
     vertex -3.755477e+01  2.577851e+00  9.000000e+00
   endloop
 endfacet
 facet normal  6.698100e-01 -7.425325e-01  0.000000e+00
   outer loop
     vertex -3.771973e+01  2.433096e+00  9.000000e+00
     vertex -3.771973e+01  2.433096e+00  2.842171e-14
     vertex -3.763824e+01  2.506605e+00  2.842171e-14
   endloop
 endfacet
 facet normal  6.698100e-01 -7.425325e-01  0.000000e+00
   outer loop
     vertex -3.771973e+01  2.433096e+00  9.000000e+00
     vertex -3.763824e+01  2.506605e+00  2.842171e-14
     vertex -3.763824e+01  2.506605e+00  9.000000e+00
   endloop
 endfacet
 facet normal  6.899286e-01 -7.238775e-01  0.000000e+00
   outer loop
     vertex -3.779918e+01  2.357379e+00  9.000000e+00
     vertex -3.779918e+01  2.357379e+00  2.842171e-14
     vertex -3.771973e+01  2.433096e+00  2.842171e-14
   endloop
 endfacet
 facet normal  6.899286e-01 -7.238775e-01  0.000000e+00
   outer loop
     vertex -3.779918e+01  2.357379e+00  9.000000e+00
     vertex -3.771973e+01  2.433096e+00  2.842171e-14
     vertex -3.771973e+01  2.433096e+00  9.000000e+00
   endloop
 endfacet
 facet normal  7.095278e-01 -7.046775e-01  0.000000e+00
   outer loop
     vertex -3.787651e+01  2.279511e+00  9.000000e+00
     vertex -3.787651e+01  2.279511e+00  2.842171e-14
     vertex -3.779918e+01  2.357379e+00  2.842171e-14
   endloop
 endfacet
 facet normal  7.095278e-01 -7.046775e-01  0.000000e+00
   outer loop
     vertex -3.787651e+01  2.279511e+00  9.000000e+00
     vertex -3.779918e+01  2.357379e+00  2.842171e-14
     vertex -3.779918e+01  2.357379e+00  9.000000e+00
   endloop
 endfacet
 facet normal  7.285929e-01 -6.849470e-01  0.000000e+00
   outer loop
     vertex -3.795168e+01  2.199550e+00  9.000000e+00
     vertex -3.795168e+01  2.199550e+00  2.842171e-14
     vertex -3.787651e+01  2.279511e+00  2.842171e-14
   endloop
 endfacet
 facet normal  7.285929e-01 -6.849470e-01  0.000000e+00
   outer loop
     vertex -3.795168e+01  2.199550e+00  9.000000e+00
     vertex -3.787651e+01  2.279511e+00  2.842171e-14
     vertex -3.787651e+01  2.279511e+00  9.000000e+00
   endloop
 endfacet
 facet normal  7.471095e-01 -6.647010e-01  0.000000e+00
   outer loop
     vertex -3.802463e+01  2.117557e+00  9.000000e+00
     vertex -3.802463e+01  2.117557e+00  2.842171e-14
     vertex -3.795168e+01  2.199550e+00  2.842171e-14
   endloop
 endfacet
 facet normal  7.471095e-01 -6.647010e-01  0.000000e+00
   outer loop
     vertex -3.802463e+01  2.117557e+00  9.000000e+00
     vertex -3.795168e+01  2.199550e+00  2.842171e-14
     vertex -3.795168e+01  2.199550e+00  9.000000e+00
   endloop
 endfacet
 facet normal  7.650637e-01 -6.439545e-01  0.000000e+00
   outer loop
     vertex -3.809530e+01  2.033594e+00  9.000000e+00
     vertex -3.809530e+01  2.033594e+00  2.842171e-14
     vertex -3.802463e+01  2.117557e+00  2.842171e-14
   endloop
 endfacet
 facet normal  7.650637e-01 -6.439545e-01  0.000000e+00
   outer loop
     vertex -3.809530e+01  2.033594e+00  9.000000e+00
     vertex -3.802463e+01  2.117557e+00  2.842171e-14
     vertex -3.802463e+01  2.117557e+00  9.000000e+00
   endloop
 endfacet
 facet normal  7.824421e-01 -6.227234e-01  0.000000e+00
   outer loop
     vertex -3.816364e+01  1.947724e+00  9.000000e+00
     vertex -3.816364e+01  1.947724e+00  2.842171e-14
     vertex -3.809530e+01  2.033594e+00  2.842171e-14
   endloop
 endfacet
 facet normal  7.824421e-01 -6.227234e-01  0.000000e+00
   outer loop
     vertex -3.816364e+01  1.947724e+00  9.000000e+00
     vertex -3.809530e+01  2.033594e+00  2.842171e-14
     vertex -3.809530e+01  2.033594e+00  9.000000e+00
   endloop
 endfacet
 facet normal  7.992314e-01 -6.010234e-01  0.000000e+00
   outer loop
     vertex -3.822960e+01  1.860011e+00  9.000000e+00
     vertex -3.822960e+01  1.860011e+00  2.842171e-14
     vertex -3.816364e+01  1.947724e+00  2.842171e-14
   endloop
 endfacet
 facet normal  7.992314e-01 -6.010234e-01  0.000000e+00
   outer loop
     vertex -3.822960e+01  1.860011e+00  9.000000e+00
     vertex -3.816364e+01  1.947724e+00  2.842171e-14
     vertex -3.816364e+01  1.947724e+00  9.000000e+00
   endloop
 endfacet
 facet normal  8.154191e-01 -5.788711e-01  0.000000e+00
   outer loop
     vertex -3.829313e+01  1.770522e+00  9.000000e+00
     vertex -3.829313e+01  1.770522e+00  2.842171e-14
     vertex -3.822960e+01  1.860011e+00  2.842171e-14
   endloop
 endfacet
 facet normal  8.154191e-01 -5.788711e-01  0.000000e+00
   outer loop
     vertex -3.829313e+01  1.770522e+00  9.000000e+00
     vertex -3.822960e+01  1.860011e+00  2.842171e-14
     vertex -3.822960e+01  1.860011e+00  9.000000e+00
   endloop
 endfacet
 facet normal  8.309929e-01 -5.562829e-01  0.000000e+00
   outer loop
     vertex -3.835418e+01  1.679323e+00  9.000000e+00
     vertex -3.835418e+01  1.679323e+00  2.842171e-14
     vertex -3.829313e+01  1.770522e+00  2.842171e-14
   endloop
 endfacet
 facet normal  8.309929e-01 -5.562829e-01  0.000000e+00
   outer loop
     vertex -3.835418e+01  1.679323e+00  9.000000e+00
     vertex -3.829313e+01  1.770522e+00  2.842171e-14
     vertex -3.829313e+01  1.770522e+00  9.000000e+00
   endloop
 endfacet
 facet normal  8.459413e-01 -5.332761e-01  0.000000e+00
   outer loop
     vertex -3.841271e+01  1.586484e+00  9.000000e+00
     vertex -3.841271e+01  1.586484e+00  2.842171e-14
     vertex -3.835418e+01  1.679323e+00  2.842171e-14
   endloop
 endfacet
 facet normal  8.459413e-01 -5.332761e-01  0.000000e+00
   outer loop
     vertex -3.841271e+01  1.586484e+00  9.000000e+00
     vertex -3.835418e+01  1.679323e+00  2.842171e-14
     vertex -3.835418e+01  1.679323e+00  9.000000e+00
   endloop
 endfacet
 facet normal  8.602528e-01 -5.098678e-01  0.000000e+00
   outer loop
     vertex -3.846867e+01  1.492074e+00  9.000000e+00
     vertex -3.846867e+01  1.492074e+00  2.842171e-14
     vertex -3.841271e+01  1.586484e+00  2.842171e-14
   endloop
 endfacet
 facet normal  8.602528e-01 -5.098678e-01  0.000000e+00
   outer loop
     vertex -3.846867e+01  1.492074e+00  9.000000e+00
     vertex -3.841271e+01  1.586484e+00  2.842171e-14
     vertex -3.841271e+01  1.586484e+00  9.000000e+00
   endloop
 endfacet
 facet normal  8.739167e-01 -4.860756e-01  0.000000e+00
   outer loop
     vertex -3.852201e+01  1.396165e+00  9.000000e+00
     vertex -3.852201e+01  1.396165e+00  2.842171e-14
     vertex -3.846867e+01  1.492074e+00  2.842171e-14
   endloop
 endfacet
 facet normal  8.739167e-01 -4.860756e-01  0.000000e+00
   outer loop
     vertex -3.852201e+01  1.396165e+00  9.000000e+00
     vertex -3.846867e+01  1.492074e+00  2.842171e-14
     vertex -3.846867e+01  1.492074e+00  9.000000e+00
   endloop
 endfacet
 facet normal  8.869228e-01 -4.619176e-01  0.000000e+00
   outer loop
     vertex -3.857270e+01  1.298828e+00  9.000000e+00
     vertex -3.852201e+01  1.396165e+00  2.842171e-14
     vertex -3.852201e+01  1.396165e+00  9.000000e+00
   endloop
 endfacet
 facet normal  8.869228e-01 -4.619176e-01  0.000000e+00
   outer loop
     vertex -3.857270e+01  1.298828e+00  9.000000e+00
     vertex -3.857270e+01  1.298828e+00  2.842171e-14
     vertex -3.852201e+01  1.396165e+00  2.842171e-14
   endloop
 endfacet
 facet normal  8.992613e-01 -4.374119e-01  0.000000e+00
   outer loop
     vertex -3.862071e+01  1.200137e+00  9.000000e+00
     vertex -3.857270e+01  1.298828e+00  2.842171e-14
     vertex -3.857270e+01  1.298828e+00  9.000000e+00
   endloop
 endfacet
 facet normal  8.992613e-01 -4.374119e-01  0.000000e+00
   outer loop
     vertex -3.862071e+01  1.200137e+00  9.000000e+00
     vertex -3.862071e+01  1.200137e+00  2.842171e-14
     vertex -3.857270e+01  1.298828e+00  2.842171e-14
   endloop
 endfacet
 facet normal  9.109228e-01 -4.125769e-01  0.000000e+00
   outer loop
     vertex -3.862071e+01  1.200137e+00  9.000000e+00
     vertex -3.866599e+01  1.100167e+00  2.842171e-14
     vertex -3.862071e+01  1.200137e+00  2.842171e-14
   endloop
 endfacet
 facet normal  9.109228e-01 -4.125769e-01  0.000000e+00
   outer loop
     vertex -3.866599e+01  1.100167e+00  9.000000e+00
     vertex -3.866599e+01  1.100167e+00  2.842171e-14
     vertex -3.862071e+01  1.200137e+00  9.000000e+00
   endloop
 endfacet
 facet normal  9.218986e-01 -3.874313e-01  0.000000e+00
   outer loop
     vertex -3.870851e+01  9.989917e-01  9.000000e+00
     vertex -3.866599e+01  1.100167e+00  2.842171e-14
     vertex -3.866599e+01  1.100167e+00  9.000000e+00
   endloop
 endfacet
 facet normal  9.218986e-01 -3.874313e-01  0.000000e+00
   outer loop
     vertex -3.870851e+01  9.989917e-01  9.000000e+00
     vertex -3.870851e+01  9.989917e-01  2.842171e-14
     vertex -3.866599e+01  1.100167e+00  2.842171e-14
   endloop
 endfacet
 facet normal  9.321804e-01 -3.619940e-01  0.000000e+00
   outer loop
     vertex -3.874823e+01  8.966881e-01  9.000000e+00
     vertex -3.870851e+01  9.989917e-01  2.842171e-14
     vertex -3.870851e+01  9.989917e-01  9.000000e+00
   endloop
 endfacet
 facet normal  9.321804e-01 -3.619940e-01  0.000000e+00
   outer loop
     vertex -3.874823e+01  8.966881e-01  9.000000e+00
     vertex -3.874823e+01  8.966881e-01  2.842171e-14
     vertex -3.870851e+01  9.989917e-01  2.842171e-14
   endloop
 endfacet
 facet normal  9.417605e-01 -3.362843e-01  0.000000e+00
   outer loop
     vertex -3.878514e+01  7.933332e-01  9.000000e+00
     vertex -3.874823e+01  8.966881e-01  2.842171e-14
     vertex -3.874823e+01  8.966881e-01  9.000000e+00
   endloop
 endfacet
 facet normal  9.417605e-01 -3.362843e-01  0.000000e+00
   outer loop
     vertex -3.878514e+01  7.933332e-01  9.000000e+00
     vertex -3.878514e+01  7.933332e-01  2.842171e-14
     vertex -3.874823e+01  8.966881e-01  2.842171e-14
   endloop
 endfacet
 facet normal  9.506317e-01 -3.103214e-01  0.000000e+00
   outer loop
     vertex -3.881920e+01  6.890047e-01  9.000000e+00
     vertex -3.878514e+01  7.933332e-01  2.842171e-14
     vertex -3.878514e+01  7.933332e-01  9.000000e+00
   endloop
 endfacet
 facet normal  9.506317e-01 -3.103214e-01  0.000000e+00
   outer loop
     vertex -3.881920e+01  6.890047e-01  9.000000e+00
     vertex -3.881920e+01  6.890047e-01  2.842171e-14
     vertex -3.878514e+01  7.933332e-01  2.842171e-14
   endloop
 endfacet
 facet normal  9.587873e-01 -2.841250e-01  0.000000e+00
   outer loop
     vertex -3.885038e+01  5.837811e-01  9.000000e+00
     vertex -3.881920e+01  6.890047e-01  2.842171e-14
     vertex -3.881920e+01  6.890047e-01  9.000000e+00
   endloop
 endfacet
 facet normal  9.587873e-01 -2.841250e-01  0.000000e+00
   outer loop
     vertex -3.885038e+01  5.837811e-01  9.000000e+00
     vertex -3.885038e+01  5.837811e-01  2.842171e-14
     vertex -3.881920e+01  6.890047e-01  2.842171e-14
   endloop
 endfacet
 facet normal  9.662211e-01 -2.577146e-01  0.000000e+00
   outer loop
     vertex -3.887866e+01  4.777417e-01  9.000000e+00
     vertex -3.885038e+01  5.837811e-01  2.842171e-14
     vertex -3.885038e+01  5.837811e-01  9.000000e+00
   endloop
 endfacet
 facet normal  9.662211e-01 -2.577146e-01  0.000000e+00
   outer loop
     vertex -3.887866e+01  4.777417e-01  9.000000e+00
     vertex -3.887866e+01  4.777417e-01  2.842171e-14
     vertex -3.885038e+01  5.837811e-01  2.842171e-14
   endloop
 endfacet
 facet normal  9.729276e-01 -2.311102e-01  0.000000e+00
   outer loop
     vertex -3.887866e+01  4.777417e-01  9.000000e+00
     vertex -3.890403e+01  3.709663e-01  2.842171e-14
     vertex -3.887866e+01  4.777417e-01  2.842171e-14
   endloop
 endfacet
 facet normal  9.729276e-01 -2.311102e-01  0.000000e+00
   outer loop
     vertex -3.890403e+01  3.709663e-01  9.000000e+00
     vertex -3.890403e+01  3.709663e-01  2.842171e-14
     vertex -3.887866e+01  4.777417e-01  9.000000e+00
   endloop
 endfacet
 facet normal  9.789017e-01 -2.043319e-01  0.000000e+00
   outer loop
     vertex -3.892645e+01  2.635352e-01  9.000000e+00
     vertex -3.890403e+01  3.709663e-01  2.842171e-14
     vertex -3.890403e+01  3.709663e-01  9.000000e+00
   endloop
 endfacet
 facet normal  9.789017e-01 -2.043319e-01  0.000000e+00
   outer loop
     vertex -3.892645e+01  2.635352e-01  9.000000e+00
     vertex -3.892645e+01  2.635352e-01  2.842171e-14
     vertex -3.890403e+01  3.709663e-01  2.842171e-14
   endloop
 endfacet
 facet normal  9.841389e-01 -1.773998e-01  0.000000e+00
   outer loop
     vertex -3.892645e+01  2.635352e-01  9.000000e+00
     vertex -3.894592e+01  1.555294e-01  2.842171e-14
     vertex -3.892645e+01  2.635352e-01  2.842171e-14
   endloop
 endfacet
 facet normal  9.841389e-01 -1.773998e-01  0.000000e+00
   outer loop
     vertex -3.894592e+01  1.555294e-01  9.000000e+00
     vertex -3.894592e+01  1.555294e-01  2.842171e-14
     vertex -3.892645e+01  2.635352e-01  9.000000e+00
   endloop
 endfacet
 facet normal  9.886353e-01 -1.503341e-01  0.000000e+00
   outer loop
     vertex -3.896242e+01  4.703015e-02  9.000000e+00
     vertex -3.894592e+01  1.555294e-01  2.842171e-14
     vertex -3.894592e+01  1.555294e-01  9.000000e+00
   endloop
 endfacet
 facet normal  9.886353e-01 -1.503341e-01  0.000000e+00
   outer loop
     vertex -3.896242e+01  4.703015e-02  9.000000e+00
     vertex -3.896242e+01  4.703015e-02  2.842171e-14
     vertex -3.894592e+01  1.555294e-01  2.842171e-14
   endloop
 endfacet
 facet normal  9.923874e-01 -1.231552e-01  0.000000e+00
   outer loop
     vertex -3.897593e+01 -6.188092e-02  9.000000e+00
     vertex -3.896242e+01  4.703015e-02  2.842171e-14
     vertex -3.896242e+01  4.703015e-02  9.000000e+00
   endloop
 endfacet
 facet normal  9.923874e-01 -1.231552e-01  0.000000e+00
   outer loop
     vertex -3.897593e+01 -6.188092e-02  9.000000e+00
     vertex -3.897593e+01 -6.188092e-02  2.842171e-14
     vertex -3.896242e+01  4.703015e-02  2.842171e-14
   endloop
 endfacet
 facet normal  9.953925e-01 -9.588368e-02  0.000000e+00
   outer loop
     vertex -3.897593e+01 -6.188092e-02  9.000000e+00
     vertex -3.898646e+01 -1.711218e-01  2.842171e-14
     vertex -3.897593e+01 -6.188092e-02  2.842171e-14
   endloop
 endfacet
 facet normal  9.953925e-01 -9.588368e-02  0.000000e+00
   outer loop
     vertex -3.898646e+01 -1.711218e-01  9.000000e+00
     vertex -3.898646e+01 -1.711218e-01  2.842171e-14
     vertex -3.897593e+01 -6.188092e-02  9.000000e+00
   endloop
 endfacet
 facet normal  9.976484e-01 -6.853995e-02  0.000000e+00
   outer loop
     vertex -3.899398e+01 -2.806102e-01  9.000000e+00
     vertex -3.899398e+01 -2.806102e-01  2.842171e-14
     vertex -3.898646e+01 -1.711218e-01  2.842171e-14
   endloop
 endfacet
 facet normal  9.991532e-01 -4.114462e-02  0.000000e+00
   outer loop
     vertex -3.899398e+01 -2.806102e-01  9.000000e+00
     vertex -3.899849e+01 -3.902638e-01  2.842171e-14
     vertex -3.899398e+01 -2.806102e-01  2.842171e-14
   endloop
 endfacet
 facet normal  9.976484e-01 -6.853995e-02  0.000000e+00
   outer loop
     vertex -3.899398e+01 -2.806102e-01  9.000000e+00
     vertex -3.898646e+01 -1.711218e-01  2.842171e-14
     vertex -3.898646e+01 -1.711218e-01  9.000000e+00
   endloop
 endfacet
 facet normal  9.991532e-01 -4.114462e-02  0.000000e+00
   outer loop
     vertex -3.899849e+01 -3.902638e-01  9.000000e+00
     vertex -3.899849e+01 -3.902638e-01  2.842171e-14
     vertex -3.899398e+01 -2.806102e-01  9.000000e+00
   endloop
 endfacet
 facet normal  9.999059e-01 -1.371831e-02  0.000000e+00
   outer loop
     vertex -3.900000e+01 -5.000000e-01  9.000000e+00
     vertex -3.900000e+01 -5.000000e-01  2.842171e-14
     vertex -3.899849e+01 -3.902638e-01  2.842171e-14
   endloop
 endfacet
 facet normal  9.999059e-01 -1.371831e-02  0.000000e+00
   outer loop
     vertex -3.900000e+01 -5.000000e-01  9.000000e+00
     vertex -3.899849e+01 -3.902638e-01  2.842171e-14
     vertex -3.899849e+01 -3.902638e-01  9.000000e+00
   endloop
 endfacet
 facet normal  2.350528e-16  2.399402e-16  1.000000e+00
   outer loop
     vertex -3.224029e+01  2.395510e+00  9.000000e+00
     vertex -3.216189e+01  2.318710e+00  9.000000e+00
     vertex  5.080000e+01  3.950000e+01  9.000000e+00
   endloop
 endfacet
 facet normal  2.390602e-16  2.309986e-16  1.000000e+00
   outer loop
     vertex -3.208563e+01  2.239788e+00  9.000000e+00
     vertex  5.080000e+01  3.950000e+01  9.000000e+00
     vertex -3.216189e+01  2.318710e+00  9.000000e+00
   endloop
 endfacet
 facet normal  2.309664e-16  2.490857e-16  1.000000e+00
   outer loop
     vertex -3.232076e+01  2.470130e+00  9.000000e+00
     vertex -3.224029e+01  2.395510e+00  9.000000e+00
     vertex  5.080000e+01  3.950000e+01  9.000000e+00
   endloop
 endfacet
 facet normal  2.429973e-16  2.222405e-16  1.000000e+00
   outer loop
     vertex -3.201156e+01  2.158804e+00  9.000000e+00
     vertex  5.080000e+01  3.950000e+01  9.000000e+00
     vertex -3.208563e+01  2.239788e+00  9.000000e+00
   endloop
 endfacet
 facet normal  2.267915e-16  2.584570e-16  1.000000e+00
   outer loop
     vertex -3.240325e+01  2.542515e+00  9.000000e+00
     vertex -3.232076e+01  2.470130e+00  9.000000e+00
     vertex  5.080000e+01  3.950000e+01  9.000000e+00
   endloop
 endfacet
 facet normal  2.468724e-16  2.136467e-16  1.000000e+00
   outer loop
     vertex -3.193975e+01  2.075818e+00  9.000000e+00
     vertex  5.080000e+01  3.950000e+01  9.000000e+00
     vertex -3.201156e+01  2.158804e+00  9.000000e+00
   endloop
 endfacet
 facet normal  2.797412e-16  1.388742e-16  1.000000e+00
   outer loop
     vertex -3.248770e+01  2.612609e+00  9.000000e+00
     vertex  5.080000e+01  3.950000e+01  9.000000e+00
     vertex -5.080000e+01  3.950000e+01  9.000000e+00
   endloop
 endfacet
 facet normal  2.225179e-16  2.680782e-16  1.000000e+00
   outer loop
     vertex -3.248770e+01  2.612609e+00  9.000000e+00
     vertex -3.240325e+01  2.542515e+00  9.000000e+00
     vertex  5.080000e+01  3.950000e+01  9.000000e+00
   endloop
 endfacet
 facet normal  2.506931e-16  2.051995e-16  1.000000e+00
   outer loop
     vertex -3.187023e+01  1.990894e+00  9.000000e+00
     vertex  5.080000e+01  3.950000e+01  9.000000e+00
     vertex -3.193975e+01  2.075818e+00  9.000000e+00
   endloop
 endfacet
 facet normal -0.000000e+00 -0.000000e+00  1.000000e+00
   outer loop
     vertex -3.257403e+01  2.680360e+00  9.000000e+00
     vertex -3.248770e+01  2.612609e+00  9.000000e+00
     vertex -5.080000e+01  3.950000e+01  9.000000e+00
   endloop
 endfacet
 facet normal  2.544669e-16  1.968820e-16  1.000000e+00
   outer loop
     vertex -3.180307e+01  1.904094e+00  9.000000e+00
     vertex  5.080000e+01  3.950000e+01  9.000000e+00
     vertex -3.187023e+01  1.990894e+00  9.000000e+00
   endloop
 endfacet
 facet normal -0.000000e+00 -0.000000e+00  1.000000e+00
   outer loop
     vertex -3.266220e+01  2.745717e+00  9.000000e+00
     vertex -3.257403e+01  2.680360e+00  9.000000e+00
     vertex -5.080000e+01  3.950000e+01  9.000000e+00
   endloop
 endfacet
 facet normal  2.582007e-16  1.886784e-16  1.000000e+00
   outer loop
     vertex -3.173832e+01  1.815484e+00  9.000000e+00
     vertex  5.080000e+01  3.950000e+01  9.000000e+00
     vertex -3.180307e+01  1.904094e+00  9.000000e+00
   endloop
 endfacet
 facet normal -0.000000e+00 -0.000000e+00  1.000000e+00
   outer loop
     vertex -3.275212e+01  2.808631e+00  9.000000e+00
     vertex -3.266220e+01  2.745717e+00  9.000000e+00
     vertex -5.080000e+01  3.950000e+01  9.000000e+00
   endloop
 endfacet
 facet normal  2.619012e-16  1.805734e-16  1.000000e+00
   outer loop
     vertex -3.167603e+01  1.725132e+00  9.000000e+00
     vertex  5.080000e+01  3.950000e+01  9.000000e+00
     vertex -3.173832e+01  1.815484e+00  9.000000e+00
   endloop
 endfacet
 facet normal -0.000000e+00 -0.000000e+00  1.000000e+00
   outer loop
     vertex -3.284374e+01  2.869054e+00  9.000000e+00
     vertex -3.275212e+01  2.808631e+00  9.000000e+00
     vertex -5.080000e+01  3.950000e+01  9.000000e+00
   endloop
 endfacet
 facet normal  2.655748e-16  1.725526e-16  1.000000e+00
   outer loop
     vertex -3.161623e+01  1.633104e+00  9.000000e+00
     vertex  5.080000e+01  3.950000e+01  9.000000e+00
     vertex -3.167603e+01  1.725132e+00  9.000000e+00
   endloop
 endfacet
 facet normal -0.000000e+00 -0.000000e+00  1.000000e+00
   outer loop
     vertex -3.293697e+01  2.926941e+00  9.000000e+00
     vertex -3.284374e+01  2.869054e+00  9.000000e+00
     vertex -5.080000e+01  3.950000e+01  9.000000e+00
   endloop
 endfacet
 facet normal  2.692277e-16  1.646022e-16  1.000000e+00
   outer loop
     vertex -3.155899e+01  1.539471e+00  9.000000e+00
     vertex  5.080000e+01  3.950000e+01  9.000000e+00
     vertex -3.161623e+01  1.633104e+00  9.000000e+00
   endloop
 endfacet
 facet normal -0.000000e+00 -0.000000e+00  1.000000e+00
   outer loop
     vertex -3.303177e+01  2.982248e+00  9.000000e+00
     vertex -3.293697e+01  2.926941e+00  9.000000e+00
     vertex -5.080000e+01  3.950000e+01  9.000000e+00
   endloop
 endfacet
 facet normal  2.728660e-16  1.567085e-16  1.000000e+00
   outer loop
     vertex -3.150433e+01  1.444303e+00  9.000000e+00
     vertex  5.080000e+01  3.950000e+01  9.000000e+00
     vertex -3.155899e+01  1.539471e+00  9.000000e+00
   endloop
 endfacet
 facet normal -0.000000e+00 -0.000000e+00  1.000000e+00
   outer loop
     vertex -3.312804e+01  3.034934e+00  9.000000e+00
     vertex -3.303177e+01  2.982248e+00  9.000000e+00
     vertex -5.080000e+01  3.950000e+01  9.000000e+00
   endloop
 endfacet
 facet normal  2.764957e-16  1.488586e-16  1.000000e+00
   outer loop
     vertex -3.145231e+01  1.347670e+00  9.000000e+00
     vertex  5.080000e+01  3.950000e+01  9.000000e+00
     vertex -3.150433e+01  1.444303e+00  9.000000e+00
   endloop
 endfacet
 facet normal -0.000000e+00 -0.000000e+00  1.000000e+00
   outer loop
     vertex -3.322572e+01  3.084959e+00  9.000000e+00
     vertex -3.312804e+01  3.034934e+00  9.000000e+00
     vertex -5.080000e+01  3.950000e+01  9.000000e+00
   endloop
 endfacet
 facet normal  2.801225e-16  1.410395e-16  1.000000e+00
   outer loop
     vertex -3.140295e+01  1.249647e+00  9.000000e+00
     vertex  5.080000e+01  3.950000e+01  9.000000e+00
     vertex -3.145231e+01  1.347670e+00  9.000000e+00
   endloop
 endfacet
 facet normal -0.000000e+00 -0.000000e+00  1.000000e+00
   outer loop
     vertex -3.332474e+01  3.132285e+00  9.000000e+00
     vertex -3.322572e+01  3.084959e+00  9.000000e+00
     vertex -5.080000e+01  3.950000e+01  9.000000e+00
   endloop
 endfacet
 facet normal  2.837524e-16  1.332386e-16  1.000000e+00
   outer loop
     vertex -3.135631e+01  1.150307e+00  9.000000e+00
     vertex  5.080000e+01  3.950000e+01  9.000000e+00
     vertex -3.140295e+01  1.249647e+00  9.000000e+00
   endloop
 endfacet
 facet normal -0.000000e+00 -0.000000e+00  1.000000e+00
   outer loop
     vertex -3.342502e+01  3.176878e+00  9.000000e+00
     vertex -3.332474e+01  3.132285e+00  9.000000e+00
     vertex -5.080000e+01  3.950000e+01  9.000000e+00
   endloop
 endfacet
 facet normal  2.873911e-16  1.254433e-16  1.000000e+00
   outer loop
     vertex -3.131241e+01  1.049725e+00  9.000000e+00
     vertex  5.080000e+01  3.950000e+01  9.000000e+00
     vertex -3.135631e+01  1.150307e+00  9.000000e+00
   endloop
 endfacet
 facet normal -0.000000e+00 -0.000000e+00  1.000000e+00
   outer loop
     vertex -3.352648e+01  3.218702e+00  9.000000e+00
     vertex -3.342502e+01  3.176878e+00  9.000000e+00
     vertex -5.080000e+01  3.950000e+01  9.000000e+00
   endloop
 endfacet
 facet normal  2.910446e-16  1.176413e-16  1.000000e+00
   outer loop
     vertex -3.127128e+01  9.479762e-01  9.000000e+00
     vertex  5.080000e+01  3.950000e+01  9.000000e+00
     vertex -3.131241e+01  1.049725e+00  9.000000e+00
   endloop
 endfacet
 facet normal -0.000000e+00 -0.000000e+00  1.000000e+00
   outer loop
     vertex -3.362906e+01  3.257727e+00  9.000000e+00
     vertex -3.352648e+01  3.218702e+00  9.000000e+00
     vertex -5.080000e+01  3.950000e+01  9.000000e+00
   endloop
 endfacet
 facet normal  2.947187e-16  1.098197e-16  1.000000e+00
   outer loop
     vertex -3.123296e+01  8.451372e-01  9.000000e+00
     vertex  5.080000e+01  3.950000e+01  9.000000e+00
     vertex -3.127128e+01  9.479762e-01  9.000000e+00
   endloop
 endfacet
 facet normal -0.000000e+00 -0.000000e+00  1.000000e+00
   outer loop
     vertex -3.373266e+01  3.293923e+00  9.000000e+00
     vertex -3.362906e+01  3.257727e+00  9.000000e+00
     vertex -5.080000e+01  3.950000e+01  9.000000e+00
   endloop
 endfacet
 facet normal  2.984194e-16  1.019660e-16  1.000000e+00
   outer loop
     vertex -3.119747e+01  7.412857e-01  9.000000e+00
     vertex  5.080000e+01  3.950000e+01  9.000000e+00
     vertex -3.123296e+01  8.451372e-01  9.000000e+00
   endloop
 endfacet
 facet normal -0.000000e+00 -0.000000e+00  1.000000e+00
   outer loop
     vertex -3.383722e+01  3.327263e+00  9.000000e+00
     vertex -3.373266e+01  3.293923e+00  9.000000e+00
     vertex -5.080000e+01  3.950000e+01  9.000000e+00
   endloop
 endfacet
 facet normal  3.021530e-16  9.406724e-17  1.000000e+00
   outer loop
     vertex -3.116485e+01  6.364998e-01  9.000000e+00
     vertex  5.080000e+01  3.950000e+01  9.000000e+00
     vertex -3.119747e+01  7.412857e-01  9.000000e+00
   endloop
 endfacet
 facet normal -0.000000e+00 -0.000000e+00  1.000000e+00
   outer loop
     vertex -3.394266e+01  3.357722e+00  9.000000e+00
     vertex -3.383722e+01  3.327263e+00  9.000000e+00
     vertex -5.080000e+01  3.950000e+01  9.000000e+00
   endloop
 endfacet
 facet normal  3.059259e-16  8.611014e-17  1.000000e+00
   outer loop
     vertex -3.113512e+01  5.308584e-01  9.000000e+00
     vertex  5.080000e+01  3.950000e+01  9.000000e+00
     vertex -3.116485e+01  6.364998e-01  9.000000e+00
   endloop
 endfacet
 facet normal -0.000000e+00 -0.000000e+00  1.000000e+00
   outer loop
     vertex -3.404889e+01  3.385278e+00  9.000000e+00
     vertex -3.394266e+01  3.357722e+00  9.000000e+00
     vertex -5.080000e+01  3.950000e+01  9.000000e+00
   endloop
 endfacet
 facet normal  3.097446e-16  7.808109e-17  1.000000e+00
   outer loop
     vertex -3.110829e+01  4.244410e-01  9.000000e+00
     vertex  5.080000e+01  3.950000e+01  9.000000e+00
     vertex -3.113512e+01  5.308584e-01  9.000000e+00
   endloop
 endfacet
 facet normal -0.000000e+00 -0.000000e+00  1.000000e+00
   outer loop
     vertex -3.415583e+01  3.409908e+00  9.000000e+00
     vertex -3.404889e+01  3.385278e+00  9.000000e+00
     vertex -5.080000e+01  3.950000e+01  9.000000e+00
   endloop
 endfacet
 facet normal  3.136160e-16  6.996597e-17  1.000000e+00
   outer loop
     vertex -3.108439e+01  3.173277e-01  9.000000e+00
     vertex  5.080000e+01  3.950000e+01  9.000000e+00
     vertex -3.110829e+01  4.244410e-01  9.000000e+00
   endloop
 endfacet
 facet normal -0.000000e+00 -0.000000e+00  1.000000e+00
   outer loop
     vertex -3.426342e+01  3.431596e+00  9.000000e+00
     vertex -3.415583e+01  3.409908e+00  9.000000e+00
     vertex -5.080000e+01  3.950000e+01  9.000000e+00
   endloop
 endfacet
 facet normal  3.175474e-16  6.175008e-17  1.000000e+00
   outer loop
     vertex -3.106344e+01  2.095991e-01  9.000000e+00
     vertex  5.080000e+01  3.950000e+01  9.000000e+00
     vertex -3.108439e+01  3.173277e-01  9.000000e+00
   endloop
 endfacet
 facet normal -0.000000e+00 -0.000000e+00  1.000000e+00
   outer loop
     vertex -3.437155e+01  3.450323e+00  9.000000e+00
     vertex -3.426342e+01  3.431596e+00  9.000000e+00
     vertex -5.080000e+01  3.950000e+01  9.000000e+00
   endloop
 endfacet
 facet normal  3.215464e-16  5.341800e-17  1.000000e+00
   outer loop
     vertex -3.104546e+01  1.013364e-01  9.000000e+00
     vertex  5.080000e+01  3.950000e+01  9.000000e+00
     vertex -3.106344e+01  2.095991e-01  9.000000e+00
   endloop
 endfacet
 facet normal -0.000000e+00 -0.000000e+00  1.000000e+00
   outer loop
     vertex -3.448016e+01  3.466077e+00  9.000000e+00
     vertex -3.437155e+01  3.450323e+00  9.000000e+00
     vertex -5.080000e+01  3.950000e+01  9.000000e+00
   endloop
 endfacet
 facet normal  3.256210e-16  4.495349e-17  1.000000e+00
   outer loop
     vertex -3.103045e+01 -7.379031e-03  9.000000e+00
     vertex  5.080000e+01  3.950000e+01  9.000000e+00
     vertex -3.104546e+01  1.013364e-01  9.000000e+00
   endloop
 endfacet
 facet normal -0.000000e+00 -0.000000e+00  1.000000e+00
   outer loop
     vertex -3.458916e+01  3.478846e+00  9.000000e+00
     vertex -3.448016e+01  3.466077e+00  9.000000e+00
     vertex -5.080000e+01  3.950000e+01  9.000000e+00
   endloop
 endfacet
 facet normal  3.297799e-16  3.633935e-17  1.000000e+00
   outer loop
     vertex -3.101843e+01 -1.164653e-01  9.000000e+00
     vertex  5.080000e+01  3.950000e+01  9.000000e+00
     vertex -3.103045e+01 -7.379031e-03  9.000000e+00
   endloop
 endfacet
 facet normal -0.000000e+00 -0.000000e+00  1.000000e+00
   outer loop
     vertex -3.469847e+01  3.488619e+00  9.000000e+00
     vertex -3.458916e+01  3.478846e+00  9.000000e+00
     vertex -5.080000e+01  3.950000e+01  9.000000e+00
   endloop
 endfacet
 facet normal  3.340322e-16  2.755728e-17  1.000000e+00
   outer loop
     vertex -3.100941e+01 -2.258402e-01  9.000000e+00
     vertex  5.080000e+01  3.950000e+01  9.000000e+00
     vertex -3.101843e+01 -1.164653e-01  9.000000e+00
   endloop
 endfacet
 facet normal -0.000000e+00 -0.000000e+00  1.000000e+00
   outer loop
     vertex -3.480801e+01  3.495390e+00  9.000000e+00
     vertex -3.469847e+01  3.488619e+00  9.000000e+00
     vertex -5.080000e+01  3.950000e+01  9.000000e+00
   endloop
 endfacet
 facet normal  3.383877e-16  1.858768e-17  1.000000e+00
   outer loop
     vertex -3.100339e+01 -3.354215e-01  9.000000e+00
     vertex  5.080000e+01  3.950000e+01  9.000000e+00
     vertex -3.100941e+01 -2.258402e-01  9.000000e+00
   endloop
 endfacet
 facet normal -0.000000e+00 -0.000000e+00  1.000000e+00
   outer loop
     vertex -3.491769e+01  3.499153e+00  9.000000e+00
     vertex -3.480801e+01  3.495390e+00  9.000000e+00
     vertex -5.080000e+01  3.950000e+01  9.000000e+00
   endloop
 endfacet
 facet normal  3.474521e-16  0.000000e+00  1.000000e+00
   outer loop
     vertex -3.100038e+01 -4.451267e-01  9.000000e+00
     vertex  5.080000e+01 -3.950000e+01  9.000000e+00
     vertex  5.080000e+01  3.950000e+01  9.000000e+00
   endloop
 endfacet
 facet normal  3.428572e-16  9.409502e-18  1.000000e+00
   outer loop
     vertex -3.100038e+01 -4.451267e-01  9.000000e+00
     vertex  5.080000e+01  3.950000e+01  9.000000e+00
     vertex -3.100339e+01 -3.354215e-01  9.000000e+00
   endloop
 endfacet
 facet normal -0.000000e+00 -0.000000e+00  1.000000e+00
   outer loop
     vertex -3.502744e+01  3.499906e+00  9.000000e+00
     vertex -3.491769e+01  3.499153e+00  9.000000e+00
     vertex -5.080000e+01  3.950000e+01  9.000000e+00
   endloop
 endfacet
 facet normal  3.474521e-16 -0.000000e+00  1.000000e+00
   outer loop
     vertex -3.100038e+01 -5.548733e-01  9.000000e+00
     vertex  5.080000e+01 -3.950000e+01  9.000000e+00
     vertex -3.100038e+01 -4.451267e-01  9.000000e+00
   endloop
 endfacet
 facet normal  0.000000e+00 -0.000000e+00  1.000000e+00
   outer loop
     vertex -3.513716e+01  3.497648e+00  9.000000e+00
     vertex -3.502744e+01  3.499906e+00  9.000000e+00
     vertex -5.080000e+01  3.950000e+01  9.000000e+00
   endloop
 endfacet
 facet normal  3.429707e-16 -9.412618e-18  1.000000e+00
   outer loop
     vertex -3.100339e+01 -6.645785e-01  9.000000e+00
     vertex  5.080000e+01 -3.950000e+01  9.000000e+00
     vertex -3.100038e+01 -5.548733e-01  9.000000e+00
   endloop
 endfacet
 facet normal  0.000000e+00 -0.000000e+00  1.000000e+00
   outer loop
     vertex -3.524678e+01  3.492380e+00  9.000000e+00
     vertex -3.513716e+01  3.497648e+00  9.000000e+00
     vertex -5.080000e+01  3.950000e+01  9.000000e+00
   endloop
 endfacet
 facet normal  3.386092e-16 -1.859984e-17  1.000000e+00
   outer loop
     vertex -3.100941e+01 -7.741598e-01  9.000000e+00
     vertex  5.080000e+01 -3.950000e+01  9.000000e+00
     vertex -3.100339e+01 -6.645785e-01  9.000000e+00
   endloop
 endfacet
 facet normal  0.000000e+00 -0.000000e+00  1.000000e+00
   outer loop
     vertex -3.535621e+01  3.484107e+00  9.000000e+00
     vertex -3.524678e+01  3.492380e+00  9.000000e+00
     vertex -5.080000e+01  3.950000e+01  9.000000e+00
   endloop
 endfacet
 facet normal  3.343564e-16 -2.758402e-17  1.000000e+00
   outer loop
     vertex -3.101843e+01 -8.835347e-01  9.000000e+00
     vertex  5.080000e+01 -3.950000e+01  9.000000e+00
     vertex -3.100941e+01 -7.741598e-01  9.000000e+00
   endloop
 endfacet
 facet normal  0.000000e+00 -0.000000e+00  1.000000e+00
   outer loop
     vertex -3.546538e+01  3.472835e+00  9.000000e+00
     vertex -3.535621e+01  3.484107e+00  9.000000e+00
     vertex -5.080000e+01  3.950000e+01  9.000000e+00
   endloop
 endfacet
 facet normal  3.302021e-16 -3.638587e-17  1.000000e+00
   outer loop
     vertex -3.103045e+01 -9.926210e-01  9.000000e+00
     vertex  5.080000e+01 -3.950000e+01  9.000000e+00
     vertex -3.101843e+01 -8.835347e-01  9.000000e+00
   endloop
 endfacet
 facet normal  0.000000e+00 -0.000000e+00  1.000000e+00
   outer loop
     vertex -3.557420e+01  3.458573e+00  9.000000e+00
     vertex -3.546538e+01  3.472835e+00  9.000000e+00
     vertex -5.080000e+01  3.950000e+01  9.000000e+00
   endloop
 endfacet
 facet normal  3.261369e-16 -4.502470e-17  1.000000e+00
   outer loop
     vertex -3.104546e+01 -1.101336e+00  9.000000e+00
     vertex  5.080000e+01 -3.950000e+01  9.000000e+00
     vertex -3.103045e+01 -9.926210e-01  9.000000e+00
   endloop
 endfacet
 facet normal  0.000000e+00 -0.000000e+00  1.000000e+00
   outer loop
     vertex -3.568258e+01  3.441330e+00  9.000000e+00
     vertex -3.557420e+01  3.458573e+00  9.000000e+00
     vertex -5.080000e+01  3.950000e+01  9.000000e+00
   endloop
 endfacet
 facet normal  3.221519e-16 -5.351858e-17  1.000000e+00
   outer loop
     vertex -3.106344e+01 -1.209599e+00  9.000000e+00
     vertex  5.080000e+01 -3.950000e+01  9.000000e+00
     vertex -3.104546e+01 -1.101336e+00  9.000000e+00
   endloop
 endfacet
 facet normal  0.000000e+00 -0.000000e+00  1.000000e+00
   outer loop
     vertex -3.579045e+01  3.421121e+00  9.000000e+00
     vertex -3.568258e+01  3.441330e+00  9.000000e+00
     vertex -5.080000e+01  3.950000e+01  9.000000e+00
   endloop
 endfacet
 facet normal  3.182388e-16 -6.188453e-17  1.000000e+00
   outer loop
     vertex -3.108439e+01 -1.317328e+00  9.000000e+00
     vertex  5.080000e+01 -3.950000e+01  9.000000e+00
     vertex -3.106344e+01 -1.209599e+00  9.000000e+00
   endloop
 endfacet
 facet normal  0.000000e+00 -0.000000e+00  1.000000e+00
   outer loop
     vertex -3.589772e+01  3.397960e+00  9.000000e+00
     vertex -3.579045e+01  3.421121e+00  9.000000e+00
     vertex -5.080000e+01  3.950000e+01  9.000000e+00
   endloop
 endfacet
 facet normal  3.143899e-16 -7.013863e-17  1.000000e+00
   outer loop
     vertex -3.110829e+01 -1.424441e+00  9.000000e+00
     vertex  5.080000e+01 -3.950000e+01  9.000000e+00
     vertex -3.108439e+01 -1.317328e+00  9.000000e+00
   endloop
 endfacet
 facet normal  0.000000e+00 -0.000000e+00  1.000000e+00
   outer loop
     vertex -3.600432e+01  3.371864e+00  9.000000e+00
     vertex -3.589772e+01  3.397960e+00  9.000000e+00
     vertex -5.080000e+01  3.950000e+01  9.000000e+00
   endloop
 endfacet
 facet normal  3.105978e-16 -7.829619e-17  1.000000e+00
   outer loop
     vertex -3.113512e+01 -1.530858e+00  9.000000e+00
     vertex  5.080000e+01 -3.950000e+01  9.000000e+00
     vertex -3.110829e+01 -1.424441e+00  9.000000e+00
   endloop
 endfacet
 facet normal  0.000000e+00 -0.000000e+00  1.000000e+00
   outer loop
     vertex -3.611017e+01  3.342854e+00  9.000000e+00
     vertex -3.600432e+01  3.371864e+00  9.000000e+00
     vertex -5.080000e+01  3.950000e+01  9.000000e+00
   endloop
 endfacet
 facet normal  3.068556e-16 -8.637182e-17  1.000000e+00
   outer loop
     vertex -3.116485e+01 -1.636500e+00  9.000000e+00
     vertex  5.080000e+01 -3.950000e+01  9.000000e+00
     vertex -3.113512e+01 -1.530858e+00  9.000000e+00
   endloop
 endfacet
 facet normal  0.000000e+00 -0.000000e+00  1.000000e+00
   outer loop
     vertex -3.621517e+01  3.310952e+00  9.000000e+00
     vertex -3.611017e+01  3.342854e+00  9.000000e+00
     vertex -5.080000e+01  3.950000e+01  9.000000e+00
   endloop
 endfacet
 facet normal  3.031564e-16 -9.437961e-17  1.000000e+00
   outer loop
     vertex -3.119747e+01 -1.741286e+00  9.000000e+00
     vertex  5.080000e+01 -3.950000e+01  9.000000e+00
     vertex -3.116485e+01 -1.636500e+00  9.000000e+00
   endloop
 endfacet
 facet normal  0.000000e+00 -0.000000e+00  1.000000e+00
   outer loop
     vertex -3.631927e+01  3.276180e+00  9.000000e+00
     vertex -3.621517e+01  3.310952e+00  9.000000e+00
     vertex -5.080000e+01  3.950000e+01  9.000000e+00
   endloop
 endfacet
 facet normal  2.994939e-16 -1.023332e-16  1.000000e+00
   outer loop
     vertex -3.123296e+01 -1.845137e+00  9.000000e+00
     vertex  5.080000e+01 -3.950000e+01  9.000000e+00
     vertex -3.119747e+01 -1.741286e+00  9.000000e+00
   endloop
 endfacet
 facet normal  0.000000e+00 -0.000000e+00  1.000000e+00
   outer loop
     vertex -3.642237e+01  3.238566e+00  9.000000e+00
     vertex -3.631927e+01  3.276180e+00  9.000000e+00
     vertex -5.080000e+01  3.950000e+01  9.000000e+00
   endloop
 endfacet
 facet normal  2.958619e-16 -1.102457e-16  1.000000e+00
   outer loop
     vertex -3.127128e+01 -1.947976e+00  9.000000e+00
     vertex  5.080000e+01 -3.950000e+01  9.000000e+00
     vertex -3.123296e+01 -1.845137e+00  9.000000e+00
   endloop
 endfacet
 facet normal  0.000000e+00 -0.000000e+00  1.000000e+00
   outer loop
     vertex -3.652439e+01  3.198138e+00  9.000000e+00
     vertex -3.642237e+01  3.238566e+00  9.000000e+00
     vertex -5.080000e+01  3.950000e+01  9.000000e+00
   endloop
 endfacet
 facet normal  2.922543e-16 -1.181302e-16  1.000000e+00
   outer loop
     vertex -3.131241e+01 -2.049725e+00  9.000000e+00
     vertex  5.080000e+01 -3.950000e+01  9.000000e+00
     vertex -3.127128e+01 -1.947976e+00  9.000000e+00
   endloop
 endfacet
 facet normal  0.000000e+00 -0.000000e+00  1.000000e+00
   outer loop
     vertex -3.662528e+01  3.154925e+00  9.000000e+00
     vertex -3.652439e+01  3.198138e+00  9.000000e+00
     vertex -5.080000e+01  3.950000e+01  9.000000e+00
   endloop
 endfacet
 facet normal  2.886652e-16 -1.259995e-16  1.000000e+00
   outer loop
     vertex -3.135631e+01 -2.150307e+00  9.000000e+00
     vertex  5.080000e+01 -3.950000e+01  9.000000e+00
     vertex -3.131241e+01 -2.049725e+00  9.000000e+00
   endloop
 endfacet
 facet normal  0.000000e+00 -0.000000e+00  1.000000e+00
   outer loop
     vertex -3.672493e+01  3.108962e+00  9.000000e+00
     vertex -3.662528e+01  3.154925e+00  9.000000e+00
     vertex -5.080000e+01  3.950000e+01  9.000000e+00
   endloop
 endfacet
 facet normal  2.850889e-16 -1.338661e-16  1.000000e+00
   outer loop
     vertex -3.140295e+01 -2.249647e+00  9.000000e+00
     vertex  5.080000e+01 -3.950000e+01  9.000000e+00
     vertex -3.135631e+01 -2.150307e+00  9.000000e+00
   endloop
 endfacet
 facet normal  0.000000e+00 -0.000000e+00  1.000000e+00
   outer loop
     vertex -3.682329e+01  3.060282e+00  9.000000e+00
     vertex -3.672493e+01  3.108962e+00  9.000000e+00
     vertex -5.080000e+01  3.950000e+01  9.000000e+00
   endloop
 endfacet
 facet normal  2.815195e-16 -1.417428e-16  1.000000e+00
   outer loop
     vertex -3.145231e+01 -2.347670e+00  9.000000e+00
     vertex  5.080000e+01 -3.950000e+01  9.000000e+00
     vertex -3.140295e+01 -2.249647e+00  9.000000e+00
   endloop
 endfacet
 facet normal  0.000000e+00 -0.000000e+00  1.000000e+00
   outer loop
     vertex -3.692028e+01  3.008921e+00  9.000000e+00
     vertex -3.682329e+01  3.060282e+00  9.000000e+00
     vertex -5.080000e+01  3.950000e+01  9.000000e+00
   endloop
 endfacet
 facet normal  2.779515e-16 -1.496423e-16  1.000000e+00
   outer loop
     vertex -3.150433e+01 -2.444303e+00  9.000000e+00
     vertex  5.080000e+01 -3.950000e+01  9.000000e+00
     vertex -3.145231e+01 -2.347670e+00  9.000000e+00
   endloop
 endfacet
 facet normal  0.000000e+00 -0.000000e+00  1.000000e+00
   outer loop
     vertex -3.701582e+01  2.954920e+00  9.000000e+00
     vertex -3.692028e+01  3.008921e+00  9.000000e+00
     vertex -5.080000e+01  3.950000e+01  9.000000e+00
   endloop
 endfacet
 facet normal  2.743789e-16 -1.575773e-16  1.000000e+00
   outer loop
     vertex -3.155899e+01 -2.539471e+00  9.000000e+00
     vertex  5.080000e+01 -3.950000e+01  9.000000e+00
     vertex -3.150433e+01 -2.444303e+00  9.000000e+00
   endloop
 endfacet
 facet normal  0.000000e+00 -0.000000e+00  1.000000e+00
   outer loop
     vertex -3.710984e+01  2.898317e+00  9.000000e+00
     vertex -3.701582e+01  2.954920e+00  9.000000e+00
     vertex -5.080000e+01  3.950000e+01  9.000000e+00
   endloop
 endfacet
 facet normal  2.707960e-16 -1.655610e-16  1.000000e+00
   outer loop
     vertex -3.161623e+01 -2.633104e+00  9.000000e+00
     vertex  5.080000e+01 -3.950000e+01  9.000000e+00
     vertex -3.155899e+01 -2.539471e+00  9.000000e+00
   endloop
 endfacet
 facet normal  0.000000e+00 -0.000000e+00  1.000000e+00
   outer loop
     vertex -3.720228e+01  2.839156e+00  9.000000e+00
     vertex -3.710984e+01  2.898317e+00  9.000000e+00
     vertex -5.080000e+01  3.950000e+01  9.000000e+00
   endloop
 endfacet
 facet normal  2.671970e-16 -1.736066e-16  1.000000e+00
   outer loop
     vertex -3.167603e+01 -2.725132e+00  9.000000e+00
     vertex  5.080000e+01 -3.950000e+01  9.000000e+00
     vertex -3.161623e+01 -2.633104e+00  9.000000e+00
   endloop
 endfacet
 facet normal  0.000000e+00 -0.000000e+00  1.000000e+00
   outer loop
     vertex -3.729306e+01  2.777482e+00  9.000000e+00
     vertex -3.720228e+01  2.839156e+00  9.000000e+00
     vertex -5.080000e+01  3.950000e+01  9.000000e+00
   endloop
 endfacet
 facet normal  2.635758e-16 -1.817280e-16  1.000000e+00
   outer loop
     vertex -3.173832e+01 -2.815484e+00  9.000000e+00
     vertex  5.080000e+01 -3.950000e+01  9.000000e+00
     vertex -3.167603e+01 -2.725132e+00  9.000000e+00
   endloop
 endfacet
 facet normal  0.000000e+00 -0.000000e+00  1.000000e+00
   outer loop
     vertex -3.738211e+01  2.713341e+00  9.000000e+00
     vertex -3.729306e+01  2.777482e+00  9.000000e+00
     vertex -5.080000e+01  3.950000e+01  9.000000e+00
   endloop
 endfacet
 facet normal  2.599263e-16 -1.899393e-16  1.000000e+00
   outer loop
     vertex -3.180307e+01 -2.904094e+00  9.000000e+00
     vertex  5.080000e+01 -3.950000e+01  9.000000e+00
     vertex -3.173832e+01 -2.815484e+00  9.000000e+00
   endloop
 endfacet
 facet normal  0.000000e+00 -0.000000e+00  1.000000e+00
   outer loop
     vertex -3.746937e+01  2.646780e+00  9.000000e+00
     vertex -3.738211e+01  2.713341e+00  9.000000e+00
     vertex -5.080000e+01  3.950000e+01  9.000000e+00
   endloop
 endfacet
 facet normal  2.562420e-16 -1.982554e-16  1.000000e+00
   outer loop
     vertex -3.187023e+01 -2.990894e+00  9.000000e+00
     vertex  5.080000e+01 -3.950000e+01  9.000000e+00
     vertex -3.180307e+01 -2.904094e+00  9.000000e+00
   endloop
 endfacet
 facet normal  0.000000e+00 -0.000000e+00  1.000000e+00
   outer loop
     vertex -3.755477e+01  2.577851e+00  9.000000e+00
     vertex -3.746937e+01  2.646780e+00  9.000000e+00
     vertex -5.080000e+01  3.950000e+01  9.000000e+00
   endloop
 endfacet
 facet normal  2.525162e-16 -2.066918e-16  1.000000e+00
   outer loop
     vertex -3.193975e+01 -3.075818e+00  9.000000e+00
     vertex  5.080000e+01 -3.950000e+01  9.000000e+00
     vertex -3.187023e+01 -2.990894e+00  9.000000e+00
   endloop
 endfacet
 facet normal  0.000000e+00 -0.000000e+00  1.000000e+00
   outer loop
     vertex -3.763824e+01  2.506605e+00  9.000000e+00
     vertex -3.755477e+01  2.577851e+00  9.000000e+00
     vertex -5.080000e+01  3.950000e+01  9.000000e+00
   endloop
 endfacet
 facet normal  2.487422e-16 -2.152649e-16  1.000000e+00
   outer loop
     vertex -3.201156e+01 -3.158804e+00  9.000000e+00
     vertex  5.080000e+01 -3.950000e+01  9.000000e+00
     vertex -3.193975e+01 -3.075818e+00  9.000000e+00
   endloop
 endfacet
 facet normal  0.000000e+00 -0.000000e+00  1.000000e+00
   outer loop
     vertex -3.771973e+01  2.433096e+00  9.000000e+00
     vertex -3.763824e+01  2.506605e+00  9.000000e+00
     vertex -5.080000e+01  3.950000e+01  9.000000e+00
   endloop
 endfacet
 facet normal  2.449123e-16 -2.239920e-16  1.000000e+00
   outer loop
     vertex -3.208563e+01 -3.239788e+00  9.000000e+00
     vertex  5.080000e+01 -3.950000e+01  9.000000e+00
     vertex -3.201156e+01 -3.158804e+00  9.000000e+00
   endloop
 endfacet
 facet normal  0.000000e+00 -0.000000e+00  1.000000e+00
   outer loop
     vertex -3.779918e+01  2.357379e+00  9.000000e+00
     vertex -3.771973e+01  2.433096e+00  9.000000e+00
     vertex -5.080000e+01  3.950000e+01  9.000000e+00
   endloop
 endfacet
 facet normal  2.410191e-16 -2.328914e-16  1.000000e+00
   outer loop
     vertex -3.216189e+01 -3.318710e+00  9.000000e+00
     vertex  5.080000e+01 -3.950000e+01  9.000000e+00
     vertex -3.208563e+01 -3.239788e+00  9.000000e+00
   endloop
 endfacet
 facet normal  0.000000e+00 -0.000000e+00  1.000000e+00
   outer loop
     vertex -3.787651e+01  2.279511e+00  9.000000e+00
     vertex -3.779918e+01  2.357379e+00  9.000000e+00
     vertex -5.080000e+01  3.950000e+01  9.000000e+00
   endloop
 endfacet
 facet normal  2.370540e-16 -2.419830e-16  1.000000e+00
   outer loop
     vertex -3.224029e+01 -3.395510e+00  9.000000e+00
     vertex  5.080000e+01 -3.950000e+01  9.000000e+00
     vertex -3.216189e+01 -3.318710e+00  9.000000e+00
   endloop
 endfacet
 facet normal  0.000000e+00 -0.000000e+00  1.000000e+00
   outer loop
     vertex -3.795168e+01  2.199550e+00  9.000000e+00
     vertex -3.787651e+01  2.279511e+00  9.000000e+00
     vertex -5.080000e+01  3.950000e+01  9.000000e+00
   endloop
 endfacet
 facet normal  2.330084e-16 -2.512879e-16  1.000000e+00
   outer loop
     vertex -3.232076e+01 -3.470130e+00  9.000000e+00
     vertex  5.080000e+01 -3.950000e+01  9.000000e+00
     vertex -3.224029e+01 -3.395510e+00  9.000000e+00
   endloop
 endfacet
 facet normal  0.000000e+00 -0.000000e+00  1.000000e+00
   outer loop
     vertex -3.802463e+01  2.117557e+00  9.000000e+00
     vertex -3.795168e+01  2.199550e+00  9.000000e+00
     vertex -5.080000e+01  3.950000e+01  9.000000e+00
   endloop
 endfacet
 facet normal  2.288727e-16 -2.608289e-16  1.000000e+00
   outer loop
     vertex -3.240325e+01 -3.542515e+00  9.000000e+00
     vertex  5.080000e+01 -3.950000e+01  9.000000e+00
     vertex -3.232076e+01 -3.470130e+00  9.000000e+00
   endloop
 endfacet
 facet normal  0.000000e+00 -0.000000e+00  1.000000e+00
   outer loop
     vertex -3.809530e+01  2.033594e+00  9.000000e+00
     vertex -3.802463e+01  2.117557e+00  9.000000e+00
     vertex -5.080000e+01  3.950000e+01  9.000000e+00
   endloop
 endfacet
 facet normal  2.246367e-16 -2.706308e-16  1.000000e+00
   outer loop
     vertex -3.248770e+01 -3.612609e+00  9.000000e+00
     vertex  5.080000e+01 -3.950000e+01  9.000000e+00
     vertex -3.240325e+01 -3.542515e+00  9.000000e+00
   endloop
 endfacet
 facet normal  0.000000e+00 -0.000000e+00  1.000000e+00
   outer loop
     vertex -3.816364e+01  1.947724e+00  9.000000e+00
     vertex -3.809530e+01  2.033594e+00  9.000000e+00
     vertex -5.080000e+01  3.950000e+01  9.000000e+00
   endloop
 endfacet
 facet normal  0.000000e+00 -0.000000e+00  1.000000e+00
   outer loop
     vertex -3.822960e+01  1.860011e+00  9.000000e+00
     vertex -3.816364e+01  1.947724e+00  9.000000e+00
     vertex -5.080000e+01  3.950000e+01  9.000000e+00
   endloop
 endfacet
 facet normal  0.000000e+00 -0.000000e+00  1.000000e+00
   outer loop
     vertex -3.829313e+01  1.770522e+00  9.000000e+00
     vertex -3.822960e+01  1.860011e+00  9.000000e+00
     vertex -5.080000e+01  3.950000e+01  9.000000e+00
   endloop
 endfacet
 facet normal  0.000000e+00 -0.000000e+00  1.000000e+00
   outer loop
     vertex -3.835418e+01  1.679323e+00  9.000000e+00
     vertex -3.829313e+01  1.770522e+00  9.000000e+00
     vertex -5.080000e+01  3.950000e+01  9.000000e+00
   endloop
 endfacet
 facet normal  0.000000e+00 -0.000000e+00  1.000000e+00
   outer loop
     vertex -3.841271e+01  1.586484e+00  9.000000e+00
     vertex -3.835418e+01  1.679323e+00  9.000000e+00
     vertex -5.080000e+01  3.950000e+01  9.000000e+00
   endloop
 endfacet
 facet normal  0.000000e+00 -0.000000e+00  1.000000e+00
   outer loop
     vertex -3.846867e+01  1.492074e+00  9.000000e+00
     vertex -3.841271e+01  1.586484e+00  9.000000e+00
     vertex -5.080000e+01  3.950000e+01  9.000000e+00
   endloop
 endfacet
 facet normal  0.000000e+00 -0.000000e+00  1.000000e+00
   outer loop
     vertex -3.852201e+01  1.396165e+00  9.000000e+00
     vertex -3.846867e+01  1.492074e+00  9.000000e+00
     vertex -5.080000e+01  3.950000e+01  9.000000e+00
   endloop
 endfacet
 facet normal  0.000000e+00 -0.000000e+00  1.000000e+00
   outer loop
     vertex -3.857270e+01  1.298828e+00  9.000000e+00
     vertex -3.852201e+01  1.396165e+00  9.000000e+00
     vertex -5.080000e+01  3.950000e+01  9.000000e+00
   endloop
 endfacet
 facet normal  0.000000e+00 -0.000000e+00  1.000000e+00
   outer loop
     vertex -3.862071e+01  1.200137e+00  9.000000e+00
     vertex -3.857270e+01  1.298828e+00  9.000000e+00
     vertex -5.080000e+01  3.950000e+01  9.000000e+00
   endloop
 endfacet
 facet normal  0.000000e+00 -0.000000e+00  1.000000e+00
   outer loop
     vertex -3.866599e+01  1.100167e+00  9.000000e+00
     vertex -3.862071e+01  1.200137e+00  9.000000e+00
     vertex -5.080000e+01  3.950000e+01  9.000000e+00
   endloop
 endfacet
 facet normal  0.000000e+00 -0.000000e+00  1.000000e+00
   outer loop
     vertex -3.870851e+01  9.989917e-01  9.000000e+00
     vertex -3.866599e+01  1.100167e+00  9.000000e+00
     vertex -5.080000e+01  3.950000e+01  9.000000e+00
   endloop
 endfacet
 facet normal  0.000000e+00 -0.000000e+00  1.000000e+00
   outer loop
     vertex -3.874823e+01  8.966881e-01  9.000000e+00
     vertex -3.870851e+01  9.989917e-01  9.000000e+00
     vertex -5.080000e+01  3.950000e+01  9.000000e+00
   endloop
 endfacet
 facet normal  0.000000e+00 -0.000000e+00  1.000000e+00
   outer loop
     vertex -3.878514e+01  7.933332e-01  9.000000e+00
     vertex -3.874823e+01  8.966881e-01  9.000000e+00
     vertex -5.080000e+01  3.950000e+01  9.000000e+00
   endloop
 endfacet
 facet normal  0.000000e+00 -0.000000e+00  1.000000e+00
   outer loop
     vertex -3.881920e+01  6.890047e-01  9.000000e+00
     vertex -3.878514e+01  7.933332e-01  9.000000e+00
     vertex -5.080000e+01  3.950000e+01  9.000000e+00
   endloop
 endfacet
 facet normal  0.000000e+00 -0.000000e+00  1.000000e+00
   outer loop
     vertex -3.885038e+01  5.837811e-01  9.000000e+00
     vertex -3.881920e+01  6.890047e-01  9.000000e+00
     vertex -5.080000e+01  3.950000e+01  9.000000e+00
   endloop
 endfacet
 facet normal  0.000000e+00 -0.000000e+00  1.000000e+00
   outer loop
     vertex -3.887866e+01  4.777417e-01  9.000000e+00
     vertex -3.885038e+01  5.837811e-01  9.000000e+00
     vertex -5.080000e+01  3.950000e+01  9.000000e+00
   endloop
 endfacet
 facet normal  0.000000e+00 -0.000000e+00  1.000000e+00
   outer loop
     vertex -3.890403e+01  3.709663e-01  9.000000e+00
     vertex -3.887866e+01  4.777417e-01  9.000000e+00
     vertex -5.080000e+01  3.950000e+01  9.000000e+00
   endloop
 endfacet
 facet normal  0.000000e+00 -0.000000e+00  1.000000e+00
   outer loop
     vertex -3.892645e+01  2.635352e-01  9.000000e+00
     vertex -3.890403e+01  3.709663e-01  9.000000e+00
     vertex -5.080000e+01  3.950000e+01  9.000000e+00
   endloop
 endfacet
 facet normal  0.000000e+00 -0.000000e+00  1.000000e+00
   outer loop
     vertex -3.894592e+01  1.555294e-01  9.000000e+00
     vertex -3.892645e+01  2.635352e-01  9.000000e+00
     vertex -5.080000e+01  3.950000e+01  9.000000e+00
   endloop
 endfacet
 facet normal  0.000000e+00 -0.000000e+00  1.000000e+00
   outer loop
     vertex -3.896242e+01  4.703015e-02  9.000000e+00
     vertex -3.894592e+01  1.555294e-01  9.000000e+00
     vertex -5.080000e+01  3.950000e+01  9.000000e+00
   endloop
 endfacet
 facet normal  0.000000e+00 -0.000000e+00  1.000000e+00
   outer loop
     vertex -3.897593e+01 -6.188092e-02  9.000000e+00
     vertex -3.896242e+01  4.703015e-02  9.000000e+00
     vertex -5.080000e+01  3.950000e+01  9.000000e+00
   endloop
 endfacet
 facet normal  0.000000e+00 -0.000000e+00  1.000000e+00
   outer loop
     vertex -3.898646e+01 -1.711218e-01  9.000000e+00
     vertex -3.897593e+01 -6.188092e-02  9.000000e+00
     vertex -5.080000e+01  3.950000e+01  9.000000e+00
   endloop
 endfacet
 facet normal  0.000000e+00 -0.000000e+00  1.000000e+00
   outer loop
     vertex -3.899398e+01 -2.806102e-01  9.000000e+00
     vertex -3.898646e+01 -1.711218e-01  9.000000e+00
     vertex -5.080000e+01  3.950000e+01  9.000000e+00
   endloop
 endfacet
 facet normal  0.000000e+00 -0.000000e+00  1.000000e+00
   outer loop
     vertex -3.899849e+01 -3.902638e-01  9.000000e+00
     vertex -3.899398e+01 -2.806102e-01  9.000000e+00
     vertex -5.080000e+01  3.950000e+01  9.000000e+00
   endloop
 endfacet
 facet normal  0.000000e+00 -0.000000e+00  1.000000e+00
   outer loop
     vertex -3.900000e+01 -5.000000e-01  9.000000e+00
     vertex -3.899849e+01 -3.902638e-01  9.000000e+00
     vertex -5.080000e+01  3.950000e+01  9.000000e+00
   endloop
 endfacet
 facet normal  0.000000e+00  0.000000e+00  1.000000e+00
   outer loop
     vertex -5.080000e+01 -3.950000e+01  9.000000e+00
     vertex -3.899849e+01 -6.097362e-01  9.000000e+00
     vertex -3.900000e+01 -5.000000e-01  9.000000e+00
   endloop
 endfacet
 facet normal  0.000000e+00  0.000000e+00  1.000000e+00
   outer loop
     vertex -5.080000e+01 -3.950000e+01  9.000000e+00
     vertex -3.899398e+01 -7.193898e-01  9.000000e+00
     vertex -3.899849e+01 -6.097362e-01  9.000000e+00
   endloop
 endfacet
 facet normal  0.000000e+00  0.000000e+00  1.000000e+00
   outer loop
     vertex -5.080000e+01 -3.950000e+01  9.000000e+00
     vertex -3.898646e+01 -8.288782e-01  9.000000e+00
     vertex -3.899398e+01 -7.193898e-01  9.000000e+00
   endloop
 endfacet
 facet normal  0.000000e+00  0.000000e+00  1.000000e+00
   outer loop
     vertex -5.080000e+01 -3.950000e+01  9.000000e+00
     vertex -3.897593e+01 -9.381191e-01  9.000000e+00
     vertex -3.898646e+01 -8.288782e-01  9.000000e+00
   endloop
 endfacet
 facet normal  0.000000e+00  0.000000e+00  1.000000e+00
   outer loop
     vertex -5.080000e+01 -3.950000e+01  9.000000e+00
     vertex -3.896242e+01 -1.047030e+00  9.000000e+00
     vertex -3.897593e+01 -9.381191e-01  9.000000e+00
   endloop
 endfacet
 facet normal  0.000000e+00  0.000000e+00  1.000000e+00
   outer loop
     vertex -5.080000e+01 -3.950000e+01  9.000000e+00
     vertex -3.894592e+01 -1.155529e+00  9.000000e+00
     vertex -3.896242e+01 -1.047030e+00  9.000000e+00
   endloop
 endfacet
 facet normal  0.000000e+00  0.000000e+00  1.000000e+00
   outer loop
     vertex -5.080000e+01 -3.950000e+01  9.000000e+00
     vertex -3.892645e+01 -1.263535e+00  9.000000e+00
     vertex -3.894592e+01 -1.155529e+00  9.000000e+00
   endloop
 endfacet
 facet normal  0.000000e+00  0.000000e+00  1.000000e+00
   outer loop
     vertex -5.080000e+01 -3.950000e+01  9.000000e+00
     vertex -3.890403e+01 -1.370966e+00  9.000000e+00
     vertex -3.892645e+01 -1.263535e+00  9.000000e+00
   endloop
 endfacet
 facet normal  0.000000e+00  0.000000e+00  1.000000e+00
   outer loop
     vertex -5.080000e+01 -3.950000e+01  9.000000e+00
     vertex -3.887866e+01 -1.477742e+00  9.000000e+00
     vertex -3.890403e+01 -1.370966e+00  9.000000e+00
   endloop
 endfacet
 facet normal  0.000000e+00  0.000000e+00  1.000000e+00
   outer loop
     vertex -5.080000e+01 -3.950000e+01  9.000000e+00
     vertex -3.885038e+01 -1.583781e+00  9.000000e+00
     vertex -3.887866e+01 -1.477742e+00  9.000000e+00
   endloop
 endfacet
 facet normal  0.000000e+00  0.000000e+00  1.000000e+00
   outer loop
     vertex -5.080000e+01 -3.950000e+01  9.000000e+00
     vertex -3.881920e+01 -1.689005e+00  9.000000e+00
     vertex -3.885038e+01 -1.583781e+00  9.000000e+00
   endloop
 endfacet
 facet normal  0.000000e+00  0.000000e+00  1.000000e+00
   outer loop
     vertex -5.080000e+01 -3.950000e+01  9.000000e+00
     vertex -3.878514e+01 -1.793333e+00  9.000000e+00
     vertex -3.881920e+01 -1.689005e+00  9.000000e+00
   endloop
 endfacet
 facet normal  0.000000e+00  0.000000e+00  1.000000e+00
   outer loop
     vertex -5.080000e+01 -3.950000e+01  9.000000e+00
     vertex -3.874823e+01 -1.896688e+00  9.000000e+00
     vertex -3.878514e+01 -1.793333e+00  9.000000e+00
   endloop
 endfacet
 facet normal  0.000000e+00  0.000000e+00  1.000000e+00
   outer loop
     vertex -5.080000e+01 -3.950000e+01  9.000000e+00
     vertex -3.870851e+01 -1.998992e+00  9.000000e+00
     vertex -3.874823e+01 -1.896688e+00  9.000000e+00
   endloop
 endfacet
 facet normal  0.000000e+00  0.000000e+00  1.000000e+00
   outer loop
     vertex -5.080000e+01 -3.950000e+01  9.000000e+00
     vertex -3.866599e+01 -2.100167e+00  9.000000e+00
     vertex -3.870851e+01 -1.998992e+00  9.000000e+00
   endloop
 endfacet
 facet normal  0.000000e+00  0.000000e+00  1.000000e+00
   outer loop
     vertex -5.080000e+01 -3.950000e+01  9.000000e+00
     vertex -3.862071e+01 -2.200137e+00  9.000000e+00
     vertex -3.866599e+01 -2.100167e+00  9.000000e+00
   endloop
 endfacet
 facet normal  0.000000e+00  0.000000e+00  1.000000e+00
   outer loop
     vertex -5.080000e+01 -3.950000e+01  9.000000e+00
     vertex -3.857270e+01 -2.298828e+00  9.000000e+00
     vertex -3.862071e+01 -2.200137e+00  9.000000e+00
   endloop
 endfacet
 facet normal  0.000000e+00  0.000000e+00  1.000000e+00
   outer loop
     vertex -5.080000e+01 -3.950000e+01  9.000000e+00
     vertex -3.852201e+01 -2.396165e+00  9.000000e+00
     vertex -3.857270e+01 -2.298828e+00  9.000000e+00
   endloop
 endfacet
 facet normal  0.000000e+00  0.000000e+00  1.000000e+00
   outer loop
     vertex -5.080000e+01 -3.950000e+01  9.000000e+00
     vertex -3.846867e+01 -2.492074e+00  9.000000e+00
     vertex -3.852201e+01 -2.396165e+00  9.000000e+00
   endloop
 endfacet
 facet normal  0.000000e+00  0.000000e+00  1.000000e+00
   outer loop
     vertex -5.080000e+01 -3.950000e+01  9.000000e+00
     vertex -3.841271e+01 -2.586484e+00  9.000000e+00
     vertex -3.846867e+01 -2.492074e+00  9.000000e+00
   endloop
 endfacet
 facet normal  0.000000e+00  0.000000e+00  1.000000e+00
   outer loop
     vertex -5.080000e+01 -3.950000e+01  9.000000e+00
     vertex -3.835418e+01 -2.679323e+00  9.000000e+00
     vertex -3.841271e+01 -2.586484e+00  9.000000e+00
   endloop
 endfacet
 facet normal  0.000000e+00  0.000000e+00  1.000000e+00
   outer loop
     vertex -5.080000e+01 -3.950000e+01  9.000000e+00
     vertex -3.829313e+01 -2.770522e+00  9.000000e+00
     vertex -3.835418e+01 -2.679323e+00  9.000000e+00
   endloop
 endfacet
 facet normal  0.000000e+00  0.000000e+00  1.000000e+00
   outer loop
     vertex -5.080000e+01 -3.950000e+01  9.000000e+00
     vertex -3.822960e+01 -2.860011e+00  9.000000e+00
     vertex -3.829313e+01 -2.770522e+00  9.000000e+00
   endloop
 endfacet
 facet normal  0.000000e+00  0.000000e+00  1.000000e+00
   outer loop
     vertex -5.080000e+01 -3.950000e+01  9.000000e+00
     vertex -3.816364e+01 -2.947724e+00  9.000000e+00
     vertex -3.822960e+01 -2.860011e+00  9.000000e+00
   endloop
 endfacet
 facet normal  0.000000e+00  0.000000e+00  1.000000e+00
   outer loop
     vertex -5.080000e+01 -3.950000e+01  9.000000e+00
     vertex -3.809530e+01 -3.033594e+00  9.000000e+00
     vertex -3.816364e+01 -2.947724e+00  9.000000e+00
   endloop
 endfacet
 facet normal  0.000000e+00  0.000000e+00  1.000000e+00
   outer loop
     vertex -5.080000e+01 -3.950000e+01  9.000000e+00
     vertex -3.802463e+01 -3.117557e+00  9.000000e+00
     vertex -3.809530e+01 -3.033594e+00  9.000000e+00
   endloop
 endfacet
 facet normal  0.000000e+00  0.000000e+00  1.000000e+00
   outer loop
     vertex -5.080000e+01 -3.950000e+01  9.000000e+00
     vertex -3.795168e+01 -3.199550e+00  9.000000e+00
     vertex -3.802463e+01 -3.117557e+00  9.000000e+00
   endloop
 endfacet
 facet normal  0.000000e+00  0.000000e+00  1.000000e+00
   outer loop
     vertex -5.080000e+01 -3.950000e+01  9.000000e+00
     vertex -3.787651e+01 -3.279511e+00  9.000000e+00
     vertex -3.795168e+01 -3.199550e+00  9.000000e+00
   endloop
 endfacet
 facet normal  0.000000e+00  0.000000e+00  1.000000e+00
   outer loop
     vertex -5.080000e+01 -3.950000e+01  9.000000e+00
     vertex -3.779918e+01 -3.357379e+00  9.000000e+00
     vertex -3.787651e+01 -3.279511e+00  9.000000e+00
   endloop
 endfacet
 facet normal  0.000000e+00  0.000000e+00  1.000000e+00
   outer loop
     vertex -5.080000e+01 -3.950000e+01  9.000000e+00
     vertex -3.771973e+01 -3.433096e+00  9.000000e+00
     vertex -3.779918e+01 -3.357379e+00  9.000000e+00
   endloop
 endfacet
 facet normal  0.000000e+00  0.000000e+00  1.000000e+00
   outer loop
     vertex -5.080000e+01 -3.950000e+01  9.000000e+00
     vertex -3.763824e+01 -3.506605e+00  9.000000e+00
     vertex -3.771973e+01 -3.433096e+00  9.000000e+00
   endloop
 endfacet
 facet normal  0.000000e+00  0.000000e+00  1.000000e+00
   outer loop
     vertex -5.080000e+01 -3.950000e+01  9.000000e+00
     vertex -3.755477e+01 -3.577851e+00  9.000000e+00
     vertex -3.763824e+01 -3.506605e+00  9.000000e+00
   endloop
 endfacet
 facet normal  0.000000e+00  0.000000e+00  1.000000e+00
   outer loop
     vertex -5.080000e+01 -3.950000e+01  9.000000e+00
     vertex -3.746937e+01 -3.646780e+00  9.000000e+00
     vertex -3.755477e+01 -3.577851e+00  9.000000e+00
   endloop
 endfacet
 facet normal  0.000000e+00  0.000000e+00  1.000000e+00
   outer loop
     vertex -5.080000e+01 -3.950000e+01  9.000000e+00
     vertex -3.738211e+01 -3.713341e+00  9.000000e+00
     vertex -3.746937e+01 -3.646780e+00  9.000000e+00
   endloop
 endfacet
 facet normal  0.000000e+00  0.000000e+00  1.000000e+00
   outer loop
     vertex -5.080000e+01 -3.950000e+01  9.000000e+00
     vertex -3.729306e+01 -3.777482e+00  9.000000e+00
     vertex -3.738211e+01 -3.713341e+00  9.000000e+00
   endloop
 endfacet
 facet normal  0.000000e+00  0.000000e+00  1.000000e+00
   outer loop
     vertex -5.080000e+01 -3.950000e+01  9.000000e+00
     vertex -3.720228e+01 -3.839156e+00  9.000000e+00
     vertex -3.729306e+01 -3.777482e+00  9.000000e+00
   endloop
 endfacet
 facet normal  0.000000e+00  0.000000e+00  1.000000e+00
   outer loop
     vertex -5.080000e+01 -3.950000e+01  9.000000e+00
     vertex -3.710984e+01 -3.898317e+00  9.000000e+00
     vertex -3.720228e+01 -3.839156e+00  9.000000e+00
   endloop
 endfacet
 facet normal  0.000000e+00  0.000000e+00  1.000000e+00
   outer loop
     vertex -5.080000e+01 -3.950000e+01  9.000000e+00
     vertex -3.701582e+01 -3.954920e+00  9.000000e+00
     vertex -3.710984e+01 -3.898317e+00  9.000000e+00
   endloop
 endfacet
 facet normal  0.000000e+00  0.000000e+00  1.000000e+00
   outer loop
     vertex -5.080000e+01 -3.950000e+01  9.000000e+00
     vertex -3.692028e+01 -4.008921e+00  9.000000e+00
     vertex -3.701582e+01 -3.954920e+00  9.000000e+00
   endloop
 endfacet
 facet normal  0.000000e+00  0.000000e+00  1.000000e+00
   outer loop
     vertex -5.080000e+01 -3.950000e+01  9.000000e+00
     vertex -3.682329e+01 -4.060282e+00  9.000000e+00
     vertex -3.692028e+01 -4.008921e+00  9.000000e+00
   endloop
 endfacet
 facet normal  0.000000e+00  0.000000e+00  1.000000e+00
   outer loop
     vertex -5.080000e+01 -3.950000e+01  9.000000e+00
     vertex -3.672493e+01 -4.108962e+00  9.000000e+00
     vertex -3.682329e+01 -4.060282e+00  9.000000e+00
   endloop
 endfacet
 facet normal  0.000000e+00  0.000000e+00  1.000000e+00
   outer loop
     vertex -5.080000e+01 -3.950000e+01  9.000000e+00
     vertex -3.662528e+01 -4.154925e+00  9.000000e+00
     vertex -3.672493e+01 -4.108962e+00  9.000000e+00
   endloop
 endfacet
 facet normal  0.000000e+00  0.000000e+00  1.000000e+00
   outer loop
     vertex -5.080000e+01 -3.950000e+01  9.000000e+00
     vertex -3.652439e+01 -4.198138e+00  9.000000e+00
     vertex -3.662528e+01 -4.154925e+00  9.000000e+00
   endloop
 endfacet
 facet normal  0.000000e+00  0.000000e+00  1.000000e+00
   outer loop
     vertex -5.080000e+01 -3.950000e+01  9.000000e+00
     vertex -3.642237e+01 -4.238566e+00  9.000000e+00
     vertex -3.652439e+01 -4.198138e+00  9.000000e+00
   endloop
 endfacet
 facet normal  0.000000e+00  0.000000e+00  1.000000e+00
   outer loop
     vertex -5.080000e+01 -3.950000e+01  9.000000e+00
     vertex -3.631927e+01 -4.276180e+00  9.000000e+00
     vertex -3.642237e+01 -4.238566e+00  9.000000e+00
   endloop
 endfacet
 facet normal  0.000000e+00  0.000000e+00  1.000000e+00
   outer loop
     vertex -5.080000e+01 -3.950000e+01  9.000000e+00
     vertex -3.621517e+01 -4.310952e+00  9.000000e+00
     vertex -3.631927e+01 -4.276180e+00  9.000000e+00
   endloop
 endfacet
 facet normal  0.000000e+00  0.000000e+00  1.000000e+00
   outer loop
     vertex -5.080000e+01 -3.950000e+01  9.000000e+00
     vertex -3.611017e+01 -4.342854e+00  9.000000e+00
     vertex -3.621517e+01 -4.310952e+00  9.000000e+00
   endloop
 endfacet
 facet normal  0.000000e+00  0.000000e+00  1.000000e+00
   outer loop
     vertex -5.080000e+01 -3.950000e+01  9.000000e+00
     vertex -3.600432e+01 -4.371864e+00  9.000000e+00
     vertex -3.611017e+01 -4.342854e+00  9.000000e+00
   endloop
 endfacet
 facet normal  0.000000e+00  0.000000e+00  1.000000e+00
   outer loop
     vertex -5.080000e+01 -3.950000e+01  9.000000e+00
     vertex -3.589772e+01 -4.397960e+00  9.000000e+00
     vertex -3.600432e+01 -4.371864e+00  9.000000e+00
   endloop
 endfacet
 facet normal  0.000000e+00  0.000000e+00  1.000000e+00
   outer loop
     vertex -5.080000e+01 -3.950000e+01  9.000000e+00
     vertex -3.579045e+01 -4.421121e+00  9.000000e+00
     vertex -3.589772e+01 -4.397960e+00  9.000000e+00
   endloop
 endfacet
 facet normal  0.000000e+00  0.000000e+00  1.000000e+00
   outer loop
     vertex -5.080000e+01 -3.950000e+01  9.000000e+00
     vertex -3.568258e+01 -4.441330e+00  9.000000e+00
     vertex -3.579045e+01 -4.421121e+00  9.000000e+00
   endloop
 endfacet
 facet normal  0.000000e+00  0.000000e+00  1.000000e+00
   outer loop
     vertex -5.080000e+01 -3.950000e+01  9.000000e+00
     vertex -3.557420e+01 -4.458573e+00  9.000000e+00
     vertex -3.568258e+01 -4.441330e+00  9.000000e+00
   endloop
 endfacet
 facet normal  0.000000e+00  0.000000e+00  1.000000e+00
   outer loop
     vertex -5.080000e+01 -3.950000e+01  9.000000e+00
     vertex -3.546538e+01 -4.472835e+00  9.000000e+00
     vertex -3.557420e+01 -4.458573e+00  9.000000e+00
   endloop
 endfacet
 facet normal  0.000000e+00  0.000000e+00  1.000000e+00
   outer loop
     vertex -5.080000e+01 -3.950000e+01  9.000000e+00
     vertex -3.535621e+01 -4.484107e+00  9.000000e+00
     vertex -3.546538e+01 -4.472835e+00  9.000000e+00
   endloop
 endfacet
 facet normal  0.000000e+00  0.000000e+00  1.000000e+00
   outer loop
     vertex -5.080000e+01 -3.950000e+01  9.000000e+00
     vertex -3.524678e+01 -4.492380e+00  9.000000e+00
     vertex -3.535621e+01 -4.484107e+00  9.000000e+00
   endloop
 endfacet
 facet normal  0.000000e+00  0.000000e+00  1.000000e+00
   outer loop
     vertex -5.080000e+01 -3.950000e+01  9.000000e+00
     vertex -3.513716e+01 -4.497648e+00  9.000000e+00
     vertex -3.524678e+01 -4.492380e+00  9.000000e+00
   endloop
 endfacet
 facet normal  0.000000e+00  0.000000e+00  1.000000e+00
   outer loop
     vertex -5.080000e+01 -3.950000e+01  9.000000e+00
     vertex -3.502744e+01 -4.499906e+00  9.000000e+00
     vertex -3.513716e+01 -4.497648e+00  9.000000e+00
   endloop
 endfacet
 facet normal  0.000000e+00  0.000000e+00  1.000000e+00
   outer loop
     vertex -5.080000e+01 -3.950000e+01  9.000000e+00
     vertex -3.491769e+01 -4.499153e+00  9.000000e+00
     vertex -3.502744e+01 -4.499906e+00  9.000000e+00
   endloop
 endfacet
 facet normal  0.000000e+00  0.000000e+00  1.000000e+00
   outer loop
     vertex -5.080000e+01 -3.950000e+01  9.000000e+00
     vertex -3.480801e+01 -4.495390e+00  9.000000e+00
     vertex -3.491769e+01 -4.499153e+00  9.000000e+00
   endloop
 endfacet
 facet normal  0.000000e+00  0.000000e+00  1.000000e+00
   outer loop
     vertex -5.080000e+01 -3.950000e+01  9.000000e+00
     vertex -3.469847e+01 -4.488619e+00  9.000000e+00
     vertex -3.480801e+01 -4.495390e+00  9.000000e+00
   endloop
 endfacet
 facet normal  0.000000e+00  0.000000e+00  1.000000e+00
   outer loop
     vertex -5.080000e+01 -3.950000e+01  9.000000e+00
     vertex -3.458916e+01 -4.478846e+00  9.000000e+00
     vertex -3.469847e+01 -4.488619e+00  9.000000e+00
   endloop
 endfacet
 facet normal  0.000000e+00  0.000000e+00  1.000000e+00
   outer loop
     vertex -5.080000e+01 -3.950000e+01  9.000000e+00
     vertex -3.448016e+01 -4.466077e+00  9.000000e+00
     vertex -3.458916e+01 -4.478846e+00  9.000000e+00
   endloop
 endfacet
 facet normal  0.000000e+00  0.000000e+00  1.000000e+00
   outer loop
     vertex -5.080000e+01 -3.950000e+01  9.000000e+00
     vertex -3.437155e+01 -4.450323e+00  9.000000e+00
     vertex -3.448016e+01 -4.466077e+00  9.000000e+00
   endloop
 endfacet
 facet normal  0.000000e+00  0.000000e+00  1.000000e+00
   outer loop
     vertex -5.080000e+01 -3.950000e+01  9.000000e+00
     vertex -3.426342e+01 -4.431596e+00  9.000000e+00
     vertex -3.437155e+01 -4.450323e+00  9.000000e+00
   endloop
 endfacet
 facet normal  0.000000e+00  0.000000e+00  1.000000e+00
   outer loop
     vertex -5.080000e+01 -3.950000e+01  9.000000e+00
     vertex -3.415583e+01 -4.409908e+00  9.000000e+00
     vertex -3.426342e+01 -4.431596e+00  9.000000e+00
   endloop
 endfacet
 facet normal  0.000000e+00  0.000000e+00  1.000000e+00
   outer loop
     vertex -5.080000e+01 -3.950000e+01  9.000000e+00
     vertex -3.404889e+01 -4.385278e+00  9.000000e+00
     vertex -3.415583e+01 -4.409908e+00  9.000000e+00
   endloop
 endfacet
 facet normal  0.000000e+00  0.000000e+00  1.000000e+00
   outer loop
     vertex -5.080000e+01 -3.950000e+01  9.000000e+00
     vertex -3.394266e+01 -4.357722e+00  9.000000e+00
     vertex -3.404889e+01 -4.385278e+00  9.000000e+00
   endloop
 endfacet
 facet normal  0.000000e+00  0.000000e+00  1.000000e+00
   outer loop
     vertex -5.080000e+01 -3.950000e+01  9.000000e+00
     vertex -3.383722e+01 -4.327263e+00  9.000000e+00
     vertex -3.394266e+01 -4.357722e+00  9.000000e+00
   endloop
 endfacet
 facet normal  0.000000e+00  0.000000e+00  1.000000e+00
   outer loop
     vertex -5.080000e+01 -3.950000e+01  9.000000e+00
     vertex -3.373266e+01 -4.293923e+00  9.000000e+00
     vertex -3.383722e+01 -4.327263e+00  9.000000e+00
   endloop
 endfacet
 facet normal  0.000000e+00  0.000000e+00  1.000000e+00
   outer loop
     vertex -5.080000e+01 -3.950000e+01  9.000000e+00
     vertex -3.362906e+01 -4.257727e+00  9.000000e+00
     vertex -3.373266e+01 -4.293923e+00  9.000000e+00
   endloop
 endfacet
 facet normal  0.000000e+00  0.000000e+00  1.000000e+00
   outer loop
     vertex -5.080000e+01 -3.950000e+01  9.000000e+00
     vertex -3.352648e+01 -4.218702e+00  9.000000e+00
     vertex -3.362906e+01 -4.257727e+00  9.000000e+00
   endloop
 endfacet
 facet normal  0.000000e+00  0.000000e+00  1.000000e+00
   outer loop
     vertex -5.080000e+01 -3.950000e+01  9.000000e+00
     vertex -3.342502e+01 -4.176878e+00  9.000000e+00
     vertex -3.352648e+01 -4.218702e+00  9.000000e+00
   endloop
 endfacet
 facet normal  0.000000e+00  0.000000e+00  1.000000e+00
   outer loop
     vertex -5.080000e+01 -3.950000e+01  9.000000e+00
     vertex -3.332474e+01 -4.132285e+00  9.000000e+00
     vertex -3.342502e+01 -4.176878e+00  9.000000e+00
   endloop
 endfacet
 facet normal  0.000000e+00  0.000000e+00  1.000000e+00
   outer loop
     vertex -5.080000e+01 -3.950000e+01  9.000000e+00
     vertex -3.322572e+01 -4.084959e+00  9.000000e+00
     vertex -3.332474e+01 -4.132285e+00  9.000000e+00
   endloop
 endfacet
 facet normal  0.000000e+00  0.000000e+00  1.000000e+00
   outer loop
     vertex -5.080000e+01 -3.950000e+01  9.000000e+00
     vertex -3.312804e+01 -4.034934e+00  9.000000e+00
     vertex -3.322572e+01 -4.084959e+00  9.000000e+00
   endloop
 endfacet
 facet normal  0.000000e+00  0.000000e+00  1.000000e+00
   outer loop
     vertex -5.080000e+01 -3.950000e+01  9.000000e+00
     vertex -3.900000e+01 -5.000000e-01  9.000000e+00
     vertex -5.080000e+01  3.950000e+01  9.000000e+00
   endloop
 endfacet
 facet normal  0.000000e+00  0.000000e+00  1.000000e+00
   outer loop
     vertex -5.080000e+01 -3.950000e+01  9.000000e+00
     vertex -3.303177e+01 -3.982248e+00  9.000000e+00
     vertex -3.312804e+01 -4.034934e+00  9.000000e+00
   endloop
 endfacet
 facet normal  0.000000e+00  0.000000e+00  1.000000e+00
   outer loop
     vertex -5.080000e+01 -3.950000e+01  9.000000e+00
     vertex -3.293697e+01 -3.926941e+00  9.000000e+00
     vertex -3.303177e+01 -3.982248e+00  9.000000e+00
   endloop
 endfacet
 facet normal  0.000000e+00  0.000000e+00  1.000000e+00
   outer loop
     vertex -5.080000e+01 -3.950000e+01  9.000000e+00
     vertex -3.284374e+01 -3.869054e+00  9.000000e+00
     vertex -3.293697e+01 -3.926941e+00  9.000000e+00
   endloop
 endfacet
 facet normal  2.797412e-16 -1.427439e-16  1.000000e+00
   outer loop
     vertex -5.080000e+01 -3.950000e+01  9.000000e+00
     vertex  5.080000e+01 -3.950000e+01  9.000000e+00
     vertex -3.248770e+01 -3.612609e+00  9.000000e+00
   endloop
 endfacet
 facet normal  0.000000e+00  0.000000e+00  1.000000e+00
   outer loop
     vertex -5.080000e+01 -3.950000e+01  9.000000e+00
     vertex -3.275212e+01 -3.808631e+00  9.000000e+00
     vertex -3.284374e+01 -3.869054e+00  9.000000e+00
   endloop
 endfacet
 facet normal  0.000000e+00  0.000000e+00  1.000000e+00
   outer loop
     vertex -5.080000e+01 -3.950000e+01  9.000000e+00
     vertex -3.266220e+01 -3.745717e+00  9.000000e+00
     vertex -3.275212e+01 -3.808631e+00  9.000000e+00
   endloop
 endfacet
 facet normal  0.000000e+00  0.000000e+00  1.000000e+00
   outer loop
     vertex -5.080000e+01 -3.950000e+01  9.000000e+00
     vertex -3.257403e+01 -3.680360e+00  9.000000e+00
     vertex -3.266220e+01 -3.745717e+00  9.000000e+00
   endloop
 endfacet
 facet normal  0.000000e+00  0.000000e+00  1.000000e+00
   outer loop
     vertex -5.080000e+01 -3.950000e+01  9.000000e+00
     vertex -3.248770e+01 -3.612609e+00  9.000000e+00
     vertex -3.257403e+01 -3.680360e+00  9.000000e+00
   endloop
 endfacet
endsolid
