solid 
 facet normal -1.000000e+00  0.000000e+00  0.000000e+00
   outer loop
     vertex -8.180000e+01 -5.180000e+01  1.154632e-14
     vertex -8.180000e+01  5.180000e+01  9.000000e+00
     vertex -8.180000e+01  5.180000e+01  0.000000e+00
   endloop
 endfacet
 facet normal -1.000000e+00  0.000000e+00  0.000000e+00
   outer loop
     vertex -8.180000e+01 -5.180000e+01  1.154632e-14
     vertex -8.180000e+01 -5.180000e+01  9.000000e+00
     vertex -8.180000e+01  5.180000e+01  9.000000e+00
   endloop
 endfacet
 facet normal  5.711220e-17 -5.594887e-17 -1.000000e+00
   outer loop
     vertex -5.986928e+01  2.656225e+01  2.664535e-15
     vertex -8.180000e+01  5.180000e+01  0.000000e+00
     vertex -5.913008e+01  2.731682e+01  2.664535e-15
   endloop
 endfacet
 facet normal  5.550244e-17 -5.743941e-17 -1.000000e+00
   outer loop
     vertex -5.837046e+01  2.805083e+01  2.664535e-15
     vertex -5.913008e+01  2.731682e+01  2.664535e-15
     vertex -8.180000e+01  5.180000e+01  0.000000e+00
   endloop
 endfacet
 facet normal -2.604149e-16 -3.318688e-16 -1.000000e+00
   outer loop
     vertex -6.058750e+01  2.578768e+01  3.108624e-15
     vertex -8.180000e+01  5.180000e+01  0.000000e+00
     vertex -5.986928e+01  2.656225e+01  2.664535e-15
   endloop
 endfacet
 facet normal  5.394141e-17 -5.897943e-17 -1.000000e+00
   outer loop
     vertex -5.759099e+01  2.876372e+01  2.664535e-15
     vertex -5.837046e+01  2.805083e+01  2.664535e-15
     vertex -8.180000e+01  5.180000e+01  0.000000e+00
   endloop
 endfacet
 facet normal  7.058985e-17 -6.194133e-17 -1.000000e+00
   outer loop
     vertex -6.128420e+01  2.499371e+01  3.108624e-15
     vertex -8.180000e+01  5.180000e+01  0.000000e+00
     vertex -6.058750e+01  2.578768e+01  3.108624e-15
   endloop
 endfacet
 facet normal  5.242277e-17 -6.057538e-17 -1.000000e+00
   outer loop
     vertex -5.679225e+01  2.945495e+01  2.664535e-15
     vertex -5.759099e+01  2.876372e+01  2.664535e-15
     vertex -8.180000e+01  5.180000e+01  0.000000e+00
   endloop
 endfacet
 facet normal  7.268861e-17 -6.033508e-17 -1.000000e+00
   outer loop
     vertex -6.195886e+01  2.418092e+01  3.108624e-15
     vertex -8.180000e+01  5.180000e+01  0.000000e+00
     vertex -6.128420e+01  2.499371e+01  3.108624e-15
   endloop
 endfacet
 facet normal -2.326063e-16 -3.795694e-16 -1.000000e+00
   outer loop
     vertex -5.597485e+01  3.012402e+01  2.220446e-15
     vertex -5.679225e+01  2.945495e+01  2.664535e-15
     vertex -8.180000e+01  5.180000e+01  0.000000e+00
   endloop
 endfacet
 facet normal  7.488025e-17 -5.876063e-17 -1.000000e+00
   outer loop
     vertex -6.261096e+01  2.334992e+01  3.108624e-15
     vertex -8.180000e+01  5.180000e+01  0.000000e+00
     vertex -6.195886e+01  2.418092e+01  3.108624e-15
   endloop
 endfacet
 facet normal  4.124079e-17 -5.330307e-17 -1.000000e+00
   outer loop
     vertex -5.513940e+01  3.077041e+01  2.220446e-15
     vertex -5.597485e+01  3.012402e+01  2.220446e-15
     vertex -8.180000e+01  5.180000e+01  0.000000e+00
   endloop
 endfacet
 facet normal  7.717615e-17 -5.721210e-17 -1.000000e+00
   outer loop
     vertex -6.324003e+01  2.250135e+01  3.108624e-15
     vertex -8.180000e+01  5.180000e+01  0.000000e+00
     vertex -6.261096e+01  2.334992e+01  3.108624e-15
   endloop
 endfacet
 facet normal  4.005208e-17 -5.481008e-17 -1.000000e+00
   outer loop
     vertex -5.428654e+01  3.139363e+01  2.220446e-15
     vertex -5.513940e+01  3.077041e+01  2.220446e-15
     vertex -8.180000e+01  5.180000e+01  0.000000e+00
   endloop
 endfacet
 facet normal -3.052957e-16 -2.994986e-16 -1.000000e+00
   outer loop
     vertex -6.384557e+01  2.163584e+01  3.552714e-15
     vertex -8.180000e+01  5.180000e+01  0.000000e+00
     vertex -6.324003e+01  2.250135e+01  3.108624e-15
   endloop
 endfacet
 facet normal  3.887977e-17 -5.639069e-17 -1.000000e+00
   outer loop
     vertex -5.341689e+01  3.199323e+01  2.220446e-15
     vertex -5.428654e+01  3.139363e+01  2.220446e-15
     vertex -8.180000e+01  5.180000e+01  0.000000e+00
   endloop
 endfacet
 facet normal  9.386634e-17 -6.190782e-17 -1.000000e+00
   outer loop
     vertex -6.442714e+01  2.075405e+01  3.552714e-15
     vertex -8.180000e+01  5.180000e+01  0.000000e+00
     vertex -6.384557e+01  2.163584e+01  3.552714e-15
   endloop
 endfacet
 facet normal  3.771932e-17 -5.805360e-17 -1.000000e+00
   outer loop
     vertex -5.253113e+01  3.256874e+01  2.220446e-15
     vertex -5.341689e+01  3.199323e+01  2.220446e-15
     vertex -8.180000e+01  5.180000e+01  0.000000e+00
   endloop
 endfacet
 facet normal  9.694227e-17 -6.018657e-17 -1.000000e+00
   outer loop
     vertex -6.498431e+01  1.985663e+01  3.552714e-15
     vertex -8.180000e+01  5.180000e+01  0.000000e+00
     vertex -6.442714e+01  2.075405e+01  3.552714e-15
   endloop
 endfacet
 facet normal  3.656618e-17 -5.980862e-17 -1.000000e+00
   outer loop
     vertex -5.162991e+01  3.311973e+01  2.220446e-15
     vertex -5.253113e+01  3.256874e+01  2.220446e-15
     vertex -8.180000e+01  5.180000e+01  0.000000e+00
   endloop
 endfacet
 facet normal  1.002077e-16 -5.846756e-17 -1.000000e+00
   outer loop
     vertex -6.551664e+01  1.894426e+01  3.552714e-15
     vertex -8.180000e+01  5.180000e+01  0.000000e+00
     vertex -6.498431e+01  1.985663e+01  3.552714e-15
   endloop
 endfacet
 facet normal  3.541563e-17 -6.166686e-17 -1.000000e+00
   outer loop
     vertex -5.071391e+01  3.364579e+01  2.220446e-15
     vertex -5.162991e+01  3.311973e+01  2.220446e-15
     vertex -8.180000e+01  5.180000e+01  0.000000e+00
   endloop
 endfacet
 facet normal  1.036869e-16 -5.674329e-17 -1.000000e+00
   outer loop
     vertex -6.602374e+01  1.801763e+01  3.552714e-15
     vertex -8.180000e+01  5.180000e+01  0.000000e+00
     vertex -6.551664e+01  1.894426e+01  3.552714e-15
   endloop
 endfacet
 facet normal -2.141774e-16 -4.890539e-16 -1.000000e+00
   outer loop
     vertex -4.978383e+01  3.414653e+01  1.776357e-15
     vertex -5.071391e+01  3.364579e+01  2.220446e-15
     vertex -8.180000e+01  5.180000e+01  0.000000e+00
   endloop
 endfacet
 facet normal -3.750061e-16 -2.802914e-16 -1.000000e+00
   outer loop
     vertex -6.650523e+01  1.707744e+01  3.996803e-15
     vertex -8.180000e+01  5.180000e+01  0.000000e+00
     vertex -6.602374e+01  1.801763e+01  3.552714e-15
   endloop
 endfacet
 facet normal  2.648187e-17 -5.259639e-17 -1.000000e+00
   outer loop
     vertex -4.884036e+01  3.462156e+01  1.776357e-15
     vertex -4.978383e+01  3.414653e+01  1.776357e-15
     vertex -8.180000e+01  5.180000e+01  0.000000e+00
   endloop
 endfacet
 facet normal  1.253282e-16 -5.990163e-17 -1.000000e+00
   outer loop
     vertex -6.696075e+01  1.612440e+01  3.996803e-15
     vertex -8.180000e+01  5.180000e+01  0.000000e+00
     vertex -6.650523e+01  1.707744e+01  3.996803e-15
   endloop
 endfacet
 facet normal  2.554299e-17 -5.439779e-17 -1.000000e+00
   outer loop
     vertex -4.788421e+01  3.507053e+01  1.776357e-15
     vertex -4.884036e+01  3.462156e+01  1.776357e-15
     vertex -8.180000e+01  5.180000e+01  0.000000e+00
   endloop
 endfacet
 facet normal  1.301741e-16 -5.788594e-17 -1.000000e+00
   outer loop
     vertex -6.738995e+01  1.515921e+01  3.996803e-15
     vertex -8.180000e+01  5.180000e+01  0.000000e+00
     vertex -6.696075e+01  1.612440e+01  3.996803e-15
   endloop
 endfacet
 facet normal  2.458861e-17 -5.633260e-17 -1.000000e+00
   outer loop
     vertex -4.691610e+01  3.549310e+01  1.776357e-15
     vertex -4.788421e+01  3.507053e+01  1.776357e-15
     vertex -8.180000e+01  5.180000e+01  0.000000e+00
   endloop
 endfacet
 facet normal  1.354224e-16 -5.582191e-17 -1.000000e+00
   outer loop
     vertex -6.779250e+01  1.418262e+01  3.996803e-15
     vertex -8.180000e+01  5.180000e+01  0.000000e+00
     vertex -6.738995e+01  1.515921e+01  3.996803e-15
   endloop
 endfacet
 facet normal  2.361323e-17 -5.841915e-17 -1.000000e+00
   outer loop
     vertex -4.593677e+01  3.588895e+01  1.776357e-15
     vertex -4.691610e+01  3.549310e+01  1.776357e-15
     vertex -8.180000e+01  5.180000e+01  0.000000e+00
   endloop
 endfacet
 facet normal -4.563688e-16 -2.761858e-16 -1.000000e+00
   outer loop
     vertex -6.816812e+01  1.319534e+01  4.440892e-15
     vertex -8.180000e+01  5.180000e+01  0.000000e+00
     vertex -6.779250e+01  1.418262e+01  3.996803e-15
   endloop
 endfacet
 facet normal  2.261058e-17 -6.067909e-17 -1.000000e+00
   outer loop
     vertex -4.494695e+01  3.625778e+01  1.776357e-15
     vertex -4.593677e+01  3.588895e+01  1.776357e-15
     vertex -8.180000e+01  5.180000e+01  0.000000e+00
   endloop
 endfacet
 facet normal  1.637557e-16 -5.721056e-17 -1.000000e+00
   outer loop
     vertex -6.851651e+01  1.219814e+01  4.440892e-15
     vertex -8.180000e+01  5.180000e+01  0.000000e+00
     vertex -6.816812e+01  1.319534e+01  4.440892e-15
   endloop
 endfacet
 facet normal  2.157350e-17 -6.313819e-17 -1.000000e+00
   outer loop
     vertex -4.394738e+01  3.659932e+01  1.776357e-15
     vertex -4.494695e+01  3.625778e+01  1.776357e-15
     vertex -8.180000e+01  5.180000e+01  0.000000e+00
   endloop
 endfacet
 facet normal  1.713897e-16 -5.464993e-17 -1.000000e+00
   outer loop
     vertex -6.883741e+01  1.119175e+01  4.440892e-15
     vertex -8.180000e+01  5.180000e+01  0.000000e+00
     vertex -6.851651e+01  1.219814e+01  4.440892e-15
   endloop
 endfacet
 facet normal  2.049359e-17 -6.582737e-17 -1.000000e+00
   outer loop
     vertex -4.293881e+01  3.691331e+01  1.776357e-15
     vertex -4.394738e+01  3.659932e+01  1.776357e-15
     vertex -8.180000e+01  5.180000e+01  0.000000e+00
   endloop
 endfacet
 facet normal  1.798372e-16 -5.195338e-17 -1.000000e+00
   outer loop
     vertex -6.913058e+01  1.017694e+01  4.440892e-15
     vertex -8.180000e+01  5.180000e+01  0.000000e+00
     vertex -6.883741e+01  1.119175e+01  4.440892e-15
   endloop
 endfacet
 facet normal  1.936093e-17 -6.878412e-17 -1.000000e+00
   outer loop
     vertex -4.192201e+01  3.719951e+01  1.776357e-15
     vertex -4.293881e+01  3.691331e+01  1.776357e-15
     vertex -8.180000e+01  5.180000e+01  0.000000e+00
   endloop
 endfacet
 facet normal -5.811463e-16 -2.835851e-16 -1.000000e+00
   outer loop
     vertex -6.939580e+01  9.154470e+00  4.884981e-15
     vertex -8.180000e+01  5.180000e+01  0.000000e+00
     vertex -6.913058e+01  1.017694e+01  4.440892e-15
   endloop
 endfacet
 facet normal  1.816361e-17 -7.205433e-17 -1.000000e+00
   outer loop
     vertex -4.089774e+01  3.745771e+01  1.776357e-15
     vertex -4.192201e+01  3.719951e+01  1.776357e-15
     vertex -8.180000e+01  5.180000e+01  0.000000e+00
   endloop
 endfacet
 facet normal  2.197894e-16 -5.061889e-17 -1.000000e+00
   outer loop
     vertex -6.963287e+01  8.125106e+00  4.884981e-15
     vertex -8.180000e+01  5.180000e+01  0.000000e+00
     vertex -6.939580e+01  9.154470e+00  4.884981e-15
   endloop
 endfacet
 facet normal  1.688709e-17 -7.569481e-17 -1.000000e+00
   outer loop
     vertex -3.986678e+01  3.768771e+01  1.776357e-15
     vertex -4.089774e+01  3.745771e+01  1.776357e-15
     vertex -8.180000e+01  5.180000e+01  0.000000e+00
   endloop
 endfacet
 facet normal  2.329347e-16 -4.695680e-17 -1.000000e+00
   outer loop
     vertex -6.984161e+01  7.089626e+00  4.884981e-15
     vertex -8.180000e+01  5.180000e+01  0.000000e+00
     vertex -6.963287e+01  8.125106e+00  4.884981e-15
   endloop
 endfacet
 facet normal  1.551334e-17 -7.977676e-17 -1.000000e+00
   outer loop
     vertex -3.882989e+01  3.788935e+01  1.776357e-15
     vertex -3.986678e+01  3.768771e+01  1.776357e-15
     vertex -8.180000e+01  5.180000e+01  0.000000e+00
   endloop
 endfacet
 facet normal  2.479488e-16 -4.294108e-17 -1.000000e+00
   outer loop
     vertex -7.002186e+01  6.048809e+00  4.884981e-15
     vertex -8.180000e+01  5.180000e+01  0.000000e+00
     vertex -6.984161e+01  7.089626e+00  4.884981e-15
   endloop
 endfacet
 facet normal -2.676254e-16 -9.543944e-16 -1.000000e+00
   outer loop
     vertex -3.778786e+01  3.806246e+01  1.332268e-15
     vertex -3.882989e+01  3.788935e+01  1.776357e-15
     vertex -8.180000e+01  5.180000e+01  0.000000e+00
   endloop
 endfacet
 facet normal -7.901864e-16 -3.101975e-16 -1.000000e+00
   outer loop
     vertex -7.017349e+01  5.003439e+00  5.329071e-15
     vertex -8.180000e+01  5.180000e+01  0.000000e+00
     vertex -7.002186e+01  6.048809e+00  4.884981e-15
   endloop
 endfacet
 facet normal  9.282791e-18 -6.723998e-17 -1.000000e+00
   outer loop
     vertex -3.674148e+01  3.820692e+01  1.332268e-15
     vertex -3.778786e+01  3.806246e+01  1.332268e-15
     vertex -8.180000e+01  5.180000e+01  0.000000e+00
   endloop
 endfacet
 facet normal  3.114905e-16 -3.648824e-17 -1.000000e+00
   outer loop
     vertex -7.029639e+01  3.954302e+00  5.329071e-15
     vertex -8.180000e+01  5.180000e+01  0.000000e+00
     vertex -7.017349e+01  5.003439e+00  5.329071e-15
   endloop
 endfacet
 facet normal  7.910582e-18 -7.178860e-17 -1.000000e+00
   outer loop
     vertex -3.569152e+01  3.832261e+01  1.332268e-15
     vertex -3.674148e+01  3.820692e+01  1.332268e-15
     vertex -8.180000e+01  5.180000e+01  0.000000e+00
   endloop
 endfacet
 facet normal  3.376795e-16 -3.019157e-17 -1.000000e+00
   outer loop
     vertex -7.039046e+01  2.902189e+00  5.329071e-15
     vertex -8.180000e+01  5.180000e+01  0.000000e+00
     vertex -7.029639e+01  3.954302e+00  5.329071e-15
   endloop
 endfacet
 facet normal  6.360093e-18 -7.709309e-17 -1.000000e+00
   outer loop
     vertex -3.463879e+01  3.840946e+01  1.332268e-15
     vertex -3.569152e+01  3.832261e+01  1.332268e-15
     vertex -8.180000e+01  5.180000e+01  0.000000e+00
   endloop
 endfacet
 facet normal -1.057892e-15 -3.558265e-16 -1.000000e+00
   outer loop
     vertex -7.045563e+01  1.847891e+00  5.773160e-15
     vertex -8.180000e+01  5.180000e+01  0.000000e+00
     vertex -7.039046e+01  2.902189e+00  5.329071e-15
   endloop
 endfacet
 facet normal  4.579259e-18 -8.336515e-17 -1.000000e+00
   outer loop
     vertex -3.358407e+01  3.846740e+01  1.332268e-15
     vertex -3.463879e+01  3.840946e+01  1.332268e-15
     vertex -8.180000e+01  5.180000e+01  0.000000e+00
   endloop
 endfacet
 facet normal  4.421084e-16 -1.516888e-17 -1.000000e+00
   outer loop
     vertex -7.049185e+01  7.922016e-01  5.773160e-15
     vertex -8.180000e+01  5.180000e+01  0.000000e+00
     vertex -7.045563e+01  1.847891e+00  5.773160e-15
   endloop
 endfacet
 facet normal  2.494788e-18 -9.090342e-17 -1.000000e+00
   outer loop
     vertex -3.252816e+01  3.849638e+01  1.332268e-15
     vertex -3.358407e+01  3.846740e+01  1.332268e-15
     vertex -8.180000e+01  5.180000e+01  0.000000e+00
   endloop
 endfacet
 facet normal  4.952085e-16 -3.396873e-18 -1.000000e+00
   outer loop
     vertex -7.049909e+01 -2.640838e-01  5.773160e-15
     vertex -8.180000e+01  5.180000e+01  0.000000e+00
     vertex -7.049185e+01  7.922016e-01  5.773160e-15
   endloop
 endfacet
 facet normal  6.736282e-31 -1.001432e-16 -1.000000e+00
   outer loop
     vertex -3.147184e+01  3.849638e+01  1.332268e-15
     vertex -3.252816e+01  3.849638e+01  1.332268e-15
     vertex -8.180000e+01  5.180000e+01  0.000000e+00
   endloop
 endfacet
 facet normal -3.066770e-18 -1.117449e-16 -1.000000e+00
   outer loop
     vertex -3.041593e+01  3.846740e+01  1.332268e-15
     vertex -3.147184e+01  3.849638e+01  1.332268e-15
     vertex -8.180000e+01  5.180000e+01  0.000000e+00
   endloop
 endfacet
 facet normal -6.963002e-18 -1.267611e-16 -1.000000e+00
   outer loop
     vertex -2.936121e+01  3.840946e+01  1.332268e-15
     vertex -3.041593e+01  3.846740e+01  1.332268e-15
     vertex -8.180000e+01  5.180000e+01  0.000000e+00
   endloop
 endfacet
 facet normal -1.212553e-17 -1.469781e-16 -1.000000e+00
   outer loop
     vertex -2.830848e+01  3.832261e+01  1.332268e-15
     vertex -2.936121e+01  3.840946e+01  1.332268e-15
     vertex -8.180000e+01  5.180000e+01  0.000000e+00
   endloop
 endfacet
 facet normal -7.162828e-17 -6.113386e-17 -1.000000e+00
   outer loop
     vertex -8.180000e+01 -5.180000e+01  1.154632e-14
     vertex -6.162432e+01 -2.458963e+01  8.437695e-15
     vertex -6.093858e+01 -2.539309e+01  8.437695e-15
   endloop
 endfacet
 facet normal  2.650445e-16 -3.271049e-16 -1.000000e+00
   outer loop
     vertex -8.180000e+01 -5.180000e+01  1.154632e-14
     vertex -6.093858e+01 -2.539309e+01  8.437695e-15
     vertex -6.023105e+01 -2.617743e+01  8.881784e-15
   endloop
 endfacet
 facet normal -5.793746e-17 -5.522027e-17 -1.000000e+00
   outer loop
     vertex -8.180000e+01 -5.180000e+01  1.154632e-14
     vertex -6.023105e+01 -2.617743e+01  8.881784e-15
     vertex -5.950227e+01 -2.694207e+01  8.881784e-15
   endloop
 endfacet
 facet normal -5.630082e-17 -5.668834e-17 -1.000000e+00
   outer loop
     vertex -8.180000e+01 -5.180000e+01  1.154632e-14
     vertex -5.950227e+01 -2.694207e+01  8.881784e-15
     vertex -5.875279e+01 -2.768643e+01  8.881784e-15
   endloop
 endfacet
 facet normal -2.604428e-18 -1.114510e-16 -1.000000e+00
   outer loop
     vertex -8.180000e+01 -5.180000e+01  1.154632e-14
     vertex -8.180000e+01  5.180000e+01  0.000000e+00
     vertex -7.049909e+01 -2.640838e-01  5.773160e-15
   endloop
 endfacet
 facet normal -4.670249e-16 -9.611850e-18 -1.000000e+00
   outer loop
     vertex -8.180000e+01 -5.180000e+01  1.154632e-14
     vertex -7.049909e+01 -2.640838e-01  5.773160e-15
     vertex -7.047736e+01 -1.320170e+00  5.773160e-15
   endloop
 endfacet
 facet normal  1.125507e-15 -3.668172e-16 -1.000000e+00
   outer loop
     vertex -8.180000e+01 -5.180000e+01  1.154632e-14
     vertex -7.047736e+01 -1.320170e+00  5.773160e-15
     vertex -7.042666e+01 -2.375263e+00  6.217249e-15
   endloop
 endfacet
 facet normal -3.526924e-16 -2.666235e-17 -1.000000e+00
   outer loop
     vertex -8.180000e+01 -5.180000e+01  1.154632e-14
     vertex -7.042666e+01 -2.375263e+00  6.217249e-15
     vertex -7.034703e+01 -3.428568e+00  6.217249e-15
   endloop
 endfacet
 facet normal -3.240035e-16 -3.345505e-17 -1.000000e+00
   outer loop
     vertex -8.180000e+01 -5.180000e+01  1.154632e-14
     vertex -7.034703e+01 -3.428568e+00  6.217249e-15
     vertex -7.023854e+01 -4.479292e+00  6.217249e-15
   endloop
 endfacet
 facet normal -2.999955e-16 -3.932072e-17 -1.000000e+00
   outer loop
     vertex -8.180000e+01 -5.180000e+01  1.154632e-14
     vertex -7.023854e+01 -4.479292e+00  6.217249e-15
     vertex -7.010126e+01 -5.526644e+00  6.217249e-15
   endloop
 endfacet
 facet normal  7.539042e-16 -3.057655e-16 -1.000000e+00
   outer loop
     vertex -8.180000e+01 -5.180000e+01  1.154632e-14
     vertex -7.010126e+01 -5.526644e+00  6.217249e-15
     vertex -6.993530e+01 -6.569836e+00  6.661338e-15
   endloop
 endfacet
 facet normal -2.401831e-16 -4.499832e-17 -1.000000e+00
   outer loop
     vertex -8.180000e+01 -5.180000e+01  1.154632e-14
     vertex -6.993530e+01 -6.569836e+00  6.661338e-15
     vertex -6.974079e+01 -7.608082e+00  6.661338e-15
   endloop
 endfacet
 facet normal -2.261519e-16 -4.882721e-17 -1.000000e+00
   outer loop
     vertex -8.180000e+01 -5.180000e+01  1.154632e-14
     vertex -6.974079e+01 -7.608082e+00  6.661338e-15
     vertex -6.951786e+01 -8.640601e+00  6.661338e-15
   endloop
 endfacet
 facet normal -2.138078e-16 -5.234003e-17 -1.000000e+00
   outer loop
     vertex -8.180000e+01 -5.180000e+01  1.154632e-14
     vertex -6.951786e+01 -8.640601e+00  6.661338e-15
     vertex -6.926669e+01 -9.666615e+00  6.661338e-15
   endloop
 endfacet
 facet normal  5.598437e-16 -2.824761e-16 -1.000000e+00
   outer loop
     vertex -8.180000e+01 -5.180000e+01  1.154632e-14
     vertex -6.926669e+01 -9.666615e+00  6.661338e-15
     vertex -6.898747e+01 -1.068535e+01  7.105427e-15
   endloop
 endfacet
 facet normal -1.755032e-16 -5.332048e-17 -1.000000e+00
   outer loop
     vertex -8.180000e+01 -5.180000e+01  1.154632e-14
     vertex -6.898747e+01 -1.068535e+01  7.105427e-15
     vertex -6.868041e+01 -1.169605e+01  7.105427e-15
   endloop
 endfacet
 facet normal -1.674791e-16 -5.594548e-17 -1.000000e+00
   outer loop
     vertex -8.180000e+01 -5.180000e+01  1.154632e-14
     vertex -6.868041e+01 -1.169605e+01  7.105427e-15
     vertex -6.834573e+01 -1.269794e+01  7.105427e-15
   endloop
 endfacet
 facet normal -1.602053e-16 -5.844827e-17 -1.000000e+00
   outer loop
     vertex -8.180000e+01 -5.180000e+01  1.154632e-14
     vertex -6.834573e+01 -1.269794e+01  7.105427e-15
     vertex -6.798370e+01 -1.369027e+01  7.105427e-15
   endloop
 endfacet
 facet normal  4.424023e-16 -2.769176e-16 -1.000000e+00
   outer loop
     vertex -8.180000e+01 -5.180000e+01  1.154632e-14
     vertex -6.798370e+01 -1.369027e+01  7.105427e-15
     vertex -6.759458e+01 -1.467229e+01  7.549517e-15
   endloop
 endfacet
 facet normal -1.327444e-16 -5.686081e-17 -1.000000e+00
   outer loop
     vertex -8.180000e+01 -5.180000e+01  1.154632e-14
     vertex -6.759458e+01 -1.467229e+01  7.549517e-15
     vertex -6.717866e+01 -1.564328e+01  7.549517e-15
   endloop
 endfacet
 facet normal -1.277042e-16 -5.889902e-17 -1.000000e+00
   outer loop
     vertex -8.180000e+01 -5.180000e+01  1.154632e-14
     vertex -6.717866e+01 -1.564328e+01  7.549517e-15
     vertex -6.673626e+01 -1.660248e+01  7.549517e-15
   endloop
 endfacet
 facet normal -1.230398e-16 -6.089527e-17 -1.000000e+00
   outer loop
     vertex -8.180000e+01 -5.180000e+01  1.154632e-14
     vertex -6.673626e+01 -1.660248e+01  7.549517e-15
     vertex -6.626771e+01 -1.754919e+01  7.549517e-15
   endloop
 endfacet
 facet normal  3.652259e-16 -2.823173e-16 -1.000000e+00
   outer loop
     vertex -8.180000e+01 -5.180000e+01  1.154632e-14
     vertex -6.626771e+01 -1.754919e+01  7.549517e-15
     vertex -6.577337e+01 -1.848268e+01  7.993606e-15
   endloop
 endfacet
 facet normal -1.019189e-16 -5.760657e-17 -1.000000e+00
   outer loop
     vertex -8.180000e+01 -5.180000e+01  1.154632e-14
     vertex -6.577337e+01 -1.848268e+01  7.993606e-15
     vertex -6.525360e+01 -1.940227e+01  7.993606e-15
   endloop
 endfacet
 facet normal -9.854987e-17 -5.932724e-17 -1.000000e+00
   outer loop
     vertex -8.180000e+01 -5.180000e+01  1.154632e-14
     vertex -6.525360e+01 -1.940227e+01  7.993606e-15
     vertex -6.470880e+01 -2.030725e+01  7.993606e-15
   endloop
 endfacet
 facet normal -9.538200e-17 -6.104646e-17 -1.000000e+00
   outer loop
     vertex -8.180000e+01 -5.180000e+01  1.154632e-14
     vertex -6.470880e+01 -2.030725e+01  7.993606e-15
     vertex -6.413938e+01 -2.119694e+01  7.993606e-15
   endloop
 endfacet
 facet normal  3.121207e-16 -2.962108e-16 -1.000000e+00
   outer loop
     vertex -8.180000e+01 -5.180000e+01  1.154632e-14
     vertex -6.413938e+01 -2.119694e+01  7.993606e-15
     vertex -6.354577e+01 -2.207067e+01  8.437695e-15
   endloop
 endfacet
 facet normal -7.836710e-17 -5.644572e-17 -1.000000e+00
   outer loop
     vertex -8.180000e+01 -5.180000e+01  1.154632e-14
     vertex -6.354577e+01 -2.207067e+01  8.437695e-15
     vertex -6.292841e+01 -2.292779e+01  8.437695e-15
   endloop
 endfacet
 facet normal -7.601441e-17 -5.798349e-17 -1.000000e+00
   outer loop
     vertex -8.180000e+01 -5.180000e+01  1.154632e-14
     vertex -6.292841e+01 -2.292779e+01  8.437695e-15
     vertex -6.228776e+01 -2.376766e+01  8.437695e-15
   endloop
 endfacet
 facet normal -7.377214e-17 -5.954425e-17 -1.000000e+00
   outer loop
     vertex -8.180000e+01 -5.180000e+01  1.154632e-14
     vertex -6.228776e+01 -2.376766e+01  8.437695e-15
     vertex -6.162432e+01 -2.458963e+01  8.437695e-15
   endloop
 endfacet
 facet normal -5.471624e-17 -5.820284e-17 -1.000000e+00
   outer loop
     vertex -5.798317e+01 -2.840994e+01  8.881784e-15
     vertex -8.180000e+01 -5.180000e+01  1.154632e-14
     vertex -5.875279e+01 -2.768643e+01  8.881784e-15
   endloop
 endfacet
 facet normal -5.317717e-17 -5.976999e-17 -1.000000e+00
   outer loop
     vertex -5.719399e+01 -2.911207e+01  8.881784e-15
     vertex -8.180000e+01 -5.180000e+01  1.154632e-14
     vertex -5.798317e+01 -2.840994e+01  8.881784e-15
   endloop
 endfacet
 facet normal -5.167746e-17 -6.139650e-17 -1.000000e+00
   outer loop
     vertex -5.638584e+01 -2.979229e+01  8.881784e-15
     vertex -8.180000e+01 -5.180000e+01  1.154632e-14
     vertex -5.719399e+01 -2.911207e+01  8.881784e-15
   endloop
 endfacet
 facet normal  2.297758e-16 -3.864143e-16 -1.000000e+00
   outer loop
     vertex -5.555934e+01 -3.045008e+01  9.325873e-15
     vertex -8.180000e+01 -5.180000e+01  1.154632e-14
     vertex -5.638584e+01 -2.979229e+01  8.881784e-15
   endloop
 endfacet
 facet normal -4.064411e-17 -5.404788e-17 -1.000000e+00
   outer loop
     vertex -5.471511e+01 -3.108495e+01  9.325873e-15
     vertex -8.180000e+01 -5.180000e+01  1.154632e-14
     vertex -5.555934e+01 -3.045008e+01  9.325873e-15
   endloop
 endfacet
 facet normal -3.946416e-17 -5.559066e-17 -1.000000e+00
   outer loop
     vertex -5.385377e+01 -3.169641e+01  9.325873e-15
     vertex -8.180000e+01 -5.180000e+01  1.154632e-14
     vertex -5.471511e+01 -3.108495e+01  9.325873e-15
   endloop
 endfacet
 facet normal -3.829835e-17 -5.721127e-17 -1.000000e+00
   outer loop
     vertex -5.297599e+01 -3.228402e+01  9.325873e-15
     vertex -8.180000e+01 -5.180000e+01  1.154632e-14
     vertex -5.385377e+01 -3.169641e+01  9.325873e-15
   endloop
 endfacet
 facet normal -3.714213e-17 -5.891894e-17 -1.000000e+00
   outer loop
     vertex -5.208241e+01 -3.284733e+01  9.325873e-15
     vertex -8.180000e+01 -5.180000e+01  1.154632e-14
     vertex -5.297599e+01 -3.228402e+01  9.325873e-15
   endloop
 endfacet
 facet normal -3.599088e-17 -6.072409e-17 -1.000000e+00
   outer loop
     vertex -5.117371e+01 -3.338591e+01  9.325873e-15
     vertex -8.180000e+01 -5.180000e+01  1.154632e-14
     vertex -5.208241e+01 -3.284733e+01  9.325873e-15
   endloop
 endfacet
 facet normal -3.483980e-17 -6.263857e-17 -1.000000e+00
   outer loop
     vertex -5.025059e+01 -3.389935e+01  9.325873e-15
     vertex -8.180000e+01 -5.180000e+01  1.154632e-14
     vertex -5.117371e+01 -3.338591e+01  9.325873e-15
   endloop
 endfacet
 facet normal  2.134682e-16 -5.002747e-16 -1.000000e+00
   outer loop
     vertex -4.931372e+01 -3.438728e+01  9.769963e-15
     vertex -8.180000e+01 -5.180000e+01  1.154632e-14
     vertex -5.025059e+01 -3.389935e+01  9.325873e-15
   endloop
 endfacet
 facet normal -2.601404e-17 -5.348145e-17 -1.000000e+00
   outer loop
     vertex -4.836382e+01 -3.484932e+01  9.769963e-15
     vertex -8.180000e+01 -5.180000e+01  1.154632e-14
     vertex -4.931372e+01 -3.438728e+01  9.769963e-15
   endloop
 endfacet
 facet normal -2.506807e-17 -5.534744e-17 -1.000000e+00
   outer loop
     vertex -4.740161e+01 -3.528513e+01  9.769963e-15
     vertex -8.180000e+01 -5.180000e+01  1.154632e-14
     vertex -4.836382e+01 -3.484932e+01  9.769963e-15
   endloop
 endfacet
 facet normal -2.410392e-17 -5.735564e-17 -1.000000e+00
   outer loop
     vertex -4.642779e+01 -3.569438e+01  9.769963e-15
     vertex -8.180000e+01 -5.180000e+01  1.154632e-14
     vertex -4.740161e+01 -3.528513e+01  9.769963e-15
   endloop
 endfacet
 facet normal -2.311574e-17 -5.952594e-17 -1.000000e+00
   outer loop
     vertex -4.544312e+01 -3.607676e+01  9.769963e-15
     vertex -8.180000e+01 -5.180000e+01  1.154632e-14
     vertex -4.642779e+01 -3.569438e+01  9.769963e-15
   endloop
 endfacet
 facet normal -2.209684e-17 -6.188195e-17 -1.000000e+00
   outer loop
     vertex -4.444833e+01 -3.643198e+01  9.769963e-15
     vertex -8.180000e+01 -5.180000e+01  1.154632e-14
     vertex -4.544312e+01 -3.607676e+01  9.769963e-15
   endloop
 endfacet
 facet normal -2.103947e-17 -6.445185e-17 -1.000000e+00
   outer loop
     vertex -4.344417e+01 -3.675977e+01  9.769963e-15
     vertex -8.180000e+01 -5.180000e+01  1.154632e-14
     vertex -4.444833e+01 -3.643198e+01  9.769963e-15
   endloop
 endfacet
 facet normal -1.993455e-17 -6.726965e-17 -1.000000e+00
   outer loop
     vertex -4.243139e+01 -3.705990e+01  9.769963e-15
     vertex -8.180000e+01 -5.180000e+01  1.154632e-14
     vertex -4.344417e+01 -3.675977e+01  9.769963e-15
   endloop
 endfacet
 facet normal -1.877120e-17 -7.037679e-17 -1.000000e+00
   outer loop
     vertex -4.141076e+01 -3.733212e+01  9.769963e-15
     vertex -8.180000e+01 -5.180000e+01  1.154632e-14
     vertex -4.243139e+01 -3.705990e+01  9.769963e-15
   endloop
 endfacet
 facet normal -1.753628e-17 -7.382423e-17 -1.000000e+00
   outer loop
     vertex -4.038305e+01 -3.757625e+01  9.769963e-15
     vertex -8.180000e+01 -5.180000e+01  1.154632e-14
     vertex -4.141076e+01 -3.733212e+01  9.769963e-15
   endloop
 endfacet
 facet normal -1.621366e-17 -7.767547e-17 -1.000000e+00
   outer loop
     vertex -3.934903e+01 -3.779209e+01  9.769963e-15
     vertex -8.180000e+01 -5.180000e+01  1.154632e-14
     vertex -4.038305e+01 -3.757625e+01  9.769963e-15
   endloop
 endfacet
 facet normal -1.478315e-17 -8.201064e-17 -1.000000e+00
   outer loop
     vertex -3.830947e+01 -3.797948e+01  9.769963e-15
     vertex -8.180000e+01 -5.180000e+01  1.154632e-14
     vertex -3.934903e+01 -3.779209e+01  9.769963e-15
   endloop
 endfacet
 facet normal  2.744003e-16 -9.920152e-16 -1.000000e+00
   outer loop
     vertex -3.726517e+01 -3.813828e+01  1.021405e-14
     vertex -8.180000e+01 -5.180000e+01  1.154632e-14
     vertex -3.830947e+01 -3.797948e+01  9.769963e-15
   endloop
 endfacet
 facet normal -8.616327e-18 -6.943054e-17 -1.000000e+00
   outer loop
     vertex -3.621690e+01 -3.826837e+01  1.021405e-14
     vertex -8.180000e+01 -5.180000e+01  1.154632e-14
     vertex -3.726517e+01 -3.813828e+01  1.021405e-14
   endloop
 endfacet
 facet normal -7.160481e-18 -7.433475e-17 -1.000000e+00
   outer loop
     vertex -3.516545e+01 -3.836965e+01  1.021405e-14
     vertex -8.180000e+01 -5.180000e+01  1.154632e-14
     vertex -3.621690e+01 -3.826837e+01  1.021405e-14
   endloop
 endfacet
 facet normal -5.502441e-18 -8.009200e-17 -1.000000e+00
   outer loop
     vertex -3.411163e+01 -3.844205e+01  1.021405e-14
     vertex -8.180000e+01 -5.180000e+01  1.154632e-14
     vertex -3.516545e+01 -3.836965e+01  1.021405e-14
   endloop
 endfacet
 facet normal -3.580671e-18 -8.695279e-17 -1.000000e+00
   outer loop
     vertex -3.305621e+01 -3.848551e+01  1.021405e-14
     vertex -8.180000e+01 -5.180000e+01  1.154632e-14
     vertex -3.411163e+01 -3.844205e+01  1.021405e-14
   endloop
 endfacet
 facet normal -1.307150e-18 -9.527606e-17 -1.000000e+00
   outer loop
     vertex -3.200000e+01 -3.850000e+01  1.021405e-14
     vertex -8.180000e+01 -5.180000e+01  1.154632e-14
     vertex -3.305621e+01 -3.848551e+01  1.021405e-14
   endloop
 endfacet
 facet normal  1.448722e-18 -1.055950e-16 -1.000000e+00
   outer loop
     vertex -3.094379e+01 -3.848551e+01  1.021405e-14
     vertex -8.180000e+01 -5.180000e+01  1.154632e-14
     vertex -3.200000e+01 -3.850000e+01  1.021405e-14
   endloop
 endfacet
 facet normal  4.889558e-18 -1.187377e-16 -1.000000e+00
   outer loop
     vertex -2.988837e+01 -3.844205e+01  1.021405e-14
     vertex -8.180000e+01 -5.180000e+01  1.154632e-14
     vertex -3.094379e+01 -3.848551e+01  1.021405e-14
   endloop
 endfacet
 facet normal  9.347738e-18 -1.360631e-16 -1.000000e+00
   outer loop
     vertex -2.883455e+01 -3.836965e+01  1.021405e-14
     vertex -8.180000e+01 -5.180000e+01  1.154632e-14
     vertex -2.988837e+01 -3.844205e+01  1.021405e-14
   endloop
 endfacet
 facet normal  1.540935e-17 -1.599683e-16 -1.000000e+00
   outer loop
     vertex -2.778310e+01 -3.826837e+01  1.021405e-14
     vertex -8.180000e+01 -5.180000e+01  1.154632e-14
     vertex -2.883455e+01 -3.836965e+01  1.021405e-14
   endloop
 endfacet
 facet normal -0.000000e+00  0.000000e+00 -1.000000e+00
   outer loop
     vertex  4.569746e+01  2.666073e+01  2.664535e-15
     vertex -4.130718e+00  2.656225e+01  2.664535e-15
     vertex -4.869917e+00  2.731682e+01  2.664535e-15
   endloop
 endfacet
 facet normal -0.000000e+00  0.000000e+00 -1.000000e+00
   outer loop
     vertex  4.562546e+01  2.658723e+01  2.664535e-15
     vertex -4.130718e+00  2.656225e+01  2.664535e-15
     vertex  4.569746e+01  2.666073e+01  2.664535e-15
   endloop
 endfacet
 facet normal -0.000000e+00  0.000000e+00 -1.000000e+00
   outer loop
     vertex  4.577145e+01  2.673222e+01  2.664535e-15
     vertex  4.569746e+01  2.666073e+01  2.664535e-15
     vertex -4.869917e+00  2.731682e+01  2.664535e-15
   endloop
 endfacet
 facet normal  0.000000e+00  0.000000e+00 -1.000000e+00
   outer loop
     vertex  4.555550e+01  2.651179e+01  2.664535e-15
     vertex -4.130718e+00  2.656225e+01  2.664535e-15
     vertex  4.562546e+01  2.658723e+01  2.664535e-15
   endloop
 endfacet
 facet normal -5.828426e-19 -5.738807e-16 -1.000000e+00
   outer loop
     vertex  4.555550e+01  2.651179e+01  2.664535e-15
     vertex -3.412497e+00  2.578768e+01  3.108624e-15
     vertex -4.130718e+00  2.656225e+01  2.664535e-15
   endloop
 endfacet
 facet normal -0.000000e+00  0.000000e+00 -1.000000e+00
   outer loop
     vertex  4.584737e+01  2.680166e+01  2.664535e-15
     vertex  4.577145e+01  2.673222e+01  2.664535e-15
     vertex -4.869917e+00  2.731682e+01  2.664535e-15
   endloop
 endfacet
 facet normal  0.000000e+00  0.000000e+00 -1.000000e+00
   outer loop
     vertex  4.584737e+01  2.680166e+01  2.664535e-15
     vertex -4.869917e+00  2.731682e+01  2.664535e-15
     vertex -5.629540e+00  2.805083e+01  2.664535e-15
   endloop
 endfacet
 facet normal -9.188190e-18  8.062473e-18 -1.000000e+00
   outer loop
     vertex  4.548764e+01  2.643445e+01  2.664535e-15
     vertex -3.412497e+00  2.578768e+01  3.108624e-15
     vertex  4.555550e+01  2.651179e+01  2.664535e-15
   endloop
 endfacet
 facet normal -0.000000e+00  0.000000e+00 -1.000000e+00
   outer loop
     vertex  4.592517e+01  2.686899e+01  2.664535e-15
     vertex  4.584737e+01  2.680166e+01  2.664535e-15
     vertex -5.629540e+00  2.805083e+01  2.664535e-15
   endloop
 endfacet
 facet normal -9.182361e-18  7.621806e-18 -1.000000e+00
   outer loop
     vertex  4.542193e+01  2.635528e+01  2.664535e-15
     vertex -3.412497e+00  2.578768e+01  3.108624e-15
     vertex  4.548764e+01  2.643445e+01  2.664535e-15
   endloop
 endfacet
 facet normal -9.001963e-18 -7.899063e-18 -1.000000e+00
   outer loop
     vertex  4.542193e+01  2.635528e+01  2.664535e-15
     vertex -2.715797e+00  2.499371e+01  3.108624e-15
     vertex -3.412497e+00  2.578768e+01  3.108624e-15
   endloop
 endfacet
 facet normal -0.000000e+00  0.000000e+00 -1.000000e+00
   outer loop
     vertex  4.600479e+01  2.693416e+01  2.664535e-15
     vertex  4.592517e+01  2.686899e+01  2.664535e-15
     vertex -5.629540e+00  2.805083e+01  2.664535e-15
   endloop
 endfacet
 facet normal  0.000000e+00  0.000000e+00 -1.000000e+00
   outer loop
     vertex  4.600479e+01  2.693416e+01  2.664535e-15
     vertex -5.629540e+00  2.805083e+01  2.664535e-15
     vertex -6.409013e+00  2.876372e+01  2.664535e-15
   endloop
 endfacet
 facet normal -9.434804e-18  7.403755e-18 -1.000000e+00
   outer loop
     vertex  4.535841e+01  2.627434e+01  2.664535e-15
     vertex -2.715797e+00  2.499371e+01  3.108624e-15
     vertex  4.542193e+01  2.635528e+01  2.664535e-15
   endloop
 endfacet
 facet normal -0.000000e+00  0.000000e+00 -1.000000e+00
   outer loop
     vertex  4.608616e+01  2.699712e+01  2.664535e-15
     vertex  4.600479e+01  2.693416e+01  2.664535e-15
     vertex -6.409013e+00  2.876372e+01  2.664535e-15
   endloop
 endfacet
 facet normal  0.000000e+00  0.000000e+00 -1.000000e+00
   outer loop
     vertex  4.608616e+01  2.699712e+01  2.664535e-15
     vertex -6.409013e+00  2.876372e+01  2.664535e-15
     vertex -7.207750e+00  2.945495e+01  2.664535e-15
   endloop
 endfacet
 facet normal -9.423674e-18  6.985942e-18 -1.000000e+00
   outer loop
     vertex  4.529714e+01  2.619169e+01  2.664535e-15
     vertex -2.715797e+00  2.499371e+01  3.108624e-15
     vertex  4.535841e+01  2.627434e+01  2.664535e-15
   endloop
 endfacet
 facet normal -9.061691e-18 -7.521645e-18 -1.000000e+00
   outer loop
     vertex  4.529714e+01  2.619169e+01  2.664535e-15
     vertex -2.041140e+00  2.418092e+01  3.108624e-15
     vertex -2.715797e+00  2.499371e+01  3.108624e-15
   endloop
 endfacet
 facet normal -0.000000e+00  0.000000e+00 -1.000000e+00
   outer loop
     vertex  4.616923e+01  2.705782e+01  2.664535e-15
     vertex  4.608616e+01  2.699712e+01  2.664535e-15
     vertex -7.207750e+00  2.945495e+01  2.664535e-15
   endloop
 endfacet
 facet normal -9.668519e-18  6.764480e-18 -1.000000e+00
   outer loop
     vertex  4.523816e+01  2.610739e+01  2.664535e-15
     vertex -2.041140e+00  2.418092e+01  3.108624e-15
     vertex  4.529714e+01  2.619169e+01  2.664535e-15
   endloop
 endfacet
 facet normal -0.000000e+00  0.000000e+00 -1.000000e+00
   outer loop
     vertex  4.625394e+01  2.711622e+01  2.664535e-15
     vertex  4.616923e+01  2.705782e+01  2.664535e-15
     vertex -7.207750e+00  2.945495e+01  2.664535e-15
   endloop
 endfacet
 facet normal -3.067561e-17 -7.012221e-16 -1.000000e+00
   outer loop
     vertex  4.625394e+01  2.711622e+01  2.664535e-15
     vertex -7.207750e+00  2.945495e+01  2.664535e-15
     vertex -8.025150e+00  3.012402e+01  2.220446e-15
   endloop
 endfacet
 facet normal -9.652281e-18  6.365985e-18 -1.000000e+00
   outer loop
     vertex  4.518151e+01  2.602150e+01  2.664535e-15
     vertex -2.041140e+00  2.418092e+01  3.108624e-15
     vertex  4.523816e+01  2.610739e+01  2.664535e-15
   endloop
 endfacet
 facet normal -9.125057e-18 -7.160688e-18 -1.000000e+00
   outer loop
     vertex  4.518151e+01  2.602150e+01  2.664535e-15
     vertex -1.389036e+00  2.334992e+01  3.108624e-15
     vertex -2.041140e+00  2.418092e+01  3.108624e-15
   endloop
 endfacet
 facet normal  7.538643e-18 -1.160268e-17 -1.000000e+00
   outer loop
     vertex  4.634021e+01  2.717228e+01  2.664535e-15
     vertex  4.625394e+01  2.711622e+01  2.664535e-15
     vertex -8.025150e+00  3.012402e+01  2.220446e-15
   endloop
 endfacet
 facet normal  2.923230e-16 -5.261963e-15 -1.000000e+00
   outer loop
     vertex  4.512724e+01  2.593409e+01  3.108624e-15
     vertex -1.389036e+00  2.334992e+01  3.108624e-15
     vertex  4.518151e+01  2.602150e+01  2.664535e-15
   endloop
 endfacet
 facet normal  7.502355e-18 -1.227105e-17 -1.000000e+00
   outer loop
     vertex  4.642800e+01  2.722595e+01  2.664535e-15
     vertex  4.634021e+01  2.717228e+01  2.664535e-15
     vertex -8.025150e+00  3.012402e+01  2.220446e-15
   endloop
 endfacet
 facet normal  8.757872e-18  1.131941e-17 -1.000000e+00
   outer loop
     vertex  4.642800e+01  2.722595e+01  2.664535e-15
     vertex -8.025150e+00  3.012402e+01  2.220446e-15
     vertex -8.860598e+00  3.077041e+01  2.220446e-15
   endloop
 endfacet
 facet normal -0.000000e+00  0.000000e+00 -1.000000e+00
   outer loop
     vertex  4.507539e+01  2.584522e+01  3.108624e-15
     vertex -1.389036e+00  2.334992e+01  3.108624e-15
     vertex  4.512724e+01  2.593409e+01  3.108624e-15
   endloop
 endfacet
 facet normal  0.000000e+00  0.000000e+00 -1.000000e+00
   outer loop
     vertex  4.507539e+01  2.584522e+01  3.108624e-15
     vertex -7.599743e-01  2.250135e+01  3.108624e-15
     vertex -1.389036e+00  2.334992e+01  3.108624e-15
   endloop
 endfacet
 facet normal  7.225624e-18 -1.258150e-17 -1.000000e+00
   outer loop
     vertex  4.651722e+01  2.727719e+01  2.664535e-15
     vertex  4.642800e+01  2.722595e+01  2.664535e-15
     vertex -8.860598e+00  3.077041e+01  2.220446e-15
   endloop
 endfacet
 facet normal  8.776910e-18  1.201094e-17 -1.000000e+00
   outer loop
     vertex  4.651722e+01  2.727719e+01  2.664535e-15
     vertex -8.860598e+00  3.077041e+01  2.220446e-15
     vertex -9.713464e+00  3.139363e+01  2.220446e-15
   endloop
 endfacet
 facet normal -0.000000e+00  0.000000e+00 -1.000000e+00
   outer loop
     vertex  4.502600e+01  2.575496e+01  3.108624e-15
     vertex -7.599743e-01  2.250135e+01  3.108624e-15
     vertex  4.507539e+01  2.584522e+01  3.108624e-15
   endloop
 endfacet
 facet normal  6.952285e-18 -1.291344e-17 -1.000000e+00
   outer loop
     vertex  4.660781e+01  2.732596e+01  2.664535e-15
     vertex  4.651722e+01  2.727719e+01  2.664535e-15
     vertex -9.713464e+00  3.139363e+01  2.220446e-15
   endloop
 endfacet
 facet normal -0.000000e+00  0.000000e+00 -1.000000e+00
   outer loop
     vertex  4.497910e+01  2.566339e+01  3.108624e-15
     vertex -7.599743e-01  2.250135e+01  3.108624e-15
     vertex  4.502600e+01  2.575496e+01  3.108624e-15
   endloop
 endfacet
 facet normal  3.383485e-17 -4.894235e-16 -1.000000e+00
   outer loop
     vertex  4.497910e+01  2.566339e+01  3.108624e-15
     vertex -1.544294e-01  2.163584e+01  3.552714e-15
     vertex -7.599743e-01  2.250135e+01  3.108624e-15
   endloop
 endfacet
 facet normal  6.895774e-18 -1.369589e-17 -1.000000e+00
   outer loop
     vertex  4.669971e+01  2.737223e+01  2.664535e-15
     vertex  4.660781e+01  2.732596e+01  2.664535e-15
     vertex -9.713464e+00  3.139363e+01  2.220446e-15
   endloop
 endfacet
 facet normal  8.779837e-18  1.273416e-17 -1.000000e+00
   outer loop
     vertex  4.669971e+01  2.737223e+01  2.664535e-15
     vertex -9.713464e+00  3.139363e+01  2.220446e-15
     vertex -1.058311e+01  3.199323e+01  2.220446e-15
   endloop
 endfacet
 facet normal -1.027781e-17  4.912365e-18 -1.000000e+00
   outer loop
     vertex  4.493473e+01  2.557056e+01  3.108624e-15
     vertex -1.544294e-01  2.163584e+01  3.552714e-15
     vertex  4.497910e+01  2.566339e+01  3.108624e-15
   endloop
 endfacet
 facet normal  6.615957e-18 -1.408972e-17 -1.000000e+00
   outer loop
     vertex  4.679284e+01  2.741596e+01  2.664535e-15
     vertex  4.669971e+01  2.737223e+01  2.664535e-15
     vertex -1.058311e+01  3.199323e+01  2.220446e-15
   endloop
 endfacet
 facet normal -1.024676e-17  4.556539e-18 -1.000000e+00
   outer loop
     vertex  4.489293e+01  2.547655e+01  3.108624e-15
     vertex -1.544294e-01  2.163584e+01  3.552714e-15
     vertex  4.493473e+01  2.557056e+01  3.108624e-15
   endloop
 endfacet
 facet normal -9.333444e-18 -6.155701e-18 -1.000000e+00
   outer loop
     vertex  4.489293e+01  2.547655e+01  3.108624e-15
     vertex  4.271431e-01  2.075405e+01  3.552714e-15
     vertex -1.544294e-01  2.163584e+01  3.552714e-15
   endloop
 endfacet
 facet normal  6.543958e-18 -1.499223e-17 -1.000000e+00
   outer loop
     vertex  4.688713e+01  2.745712e+01  2.664535e-15
     vertex  4.679284e+01  2.741596e+01  2.664535e-15
     vertex -1.058311e+01  3.199323e+01  2.220446e-15
   endloop
 endfacet
 facet normal  8.795807e-18  1.353758e-17 -1.000000e+00
   outer loop
     vertex  4.688713e+01  2.745712e+01  2.664535e-15
     vertex -1.058311e+01  3.199323e+01  2.220446e-15
     vertex -1.146887e+01  3.256874e+01  2.220446e-15
   endloop
 endfacet
 facet normal -1.044445e-17  4.305266e-18 -1.000000e+00
   outer loop
     vertex  4.485372e+01  2.538142e+01  3.108624e-15
     vertex  4.271431e-01  2.075405e+01  3.552714e-15
     vertex  4.489293e+01  2.547655e+01  3.108624e-15
   endloop
 endfacet
 facet normal  6.254588e-18 -1.547386e-17 -1.000000e+00
   outer loop
     vertex  4.698252e+01  2.749568e+01  2.664535e-15
     vertex  4.688713e+01  2.745712e+01  2.664535e-15
     vertex -1.146887e+01  3.256874e+01  2.220446e-15
   endloop
 endfacet
 facet normal  8.854555e-18  1.448275e-17 -1.000000e+00
   outer loop
     vertex  4.698252e+01  2.749568e+01  2.664535e-15
     vertex -1.146887e+01  3.256874e+01  2.220446e-15
     vertex -1.237009e+01  3.311973e+01  2.220446e-15
   endloop
 endfacet
 facet normal -1.040849e-17  3.959989e-18 -1.000000e+00
   outer loop
     vertex  4.481713e+01  2.528526e+01  3.108624e-15
     vertex  4.271431e-01  2.075405e+01  3.552714e-15
     vertex  4.485372e+01  2.538142e+01  3.108624e-15
   endloop
 endfacet
 facet normal  5.965280e-18 -1.600878e-17 -1.000000e+00
   outer loop
     vertex  4.707893e+01  2.753160e+01  2.664535e-15
     vertex  4.698252e+01  2.749568e+01  2.664535e-15
     vertex -1.237009e+01  3.311973e+01  2.220446e-15
   endloop
 endfacet
 facet normal -1.037423e-17  3.624397e-18 -1.000000e+00
   outer loop
     vertex  4.478320e+01  2.518813e+01  3.108624e-15
     vertex  4.271431e-01  2.075405e+01  3.552714e-15
     vertex  4.481713e+01  2.528526e+01  3.108624e-15
   endloop
 endfacet
 facet normal -9.426853e-18 -5.852658e-18 -1.000000e+00
   outer loop
     vertex  4.478320e+01  2.518813e+01  3.108624e-15
     vertex  9.843055e-01  1.985663e+01  3.552714e-15
     vertex  4.271431e-01  2.075405e+01  3.552714e-15
   endloop
 endfacet
 facet normal  5.858422e-18 -1.714558e-17 -1.000000e+00
   outer loop
     vertex  4.717629e+01  2.756487e+01  2.664535e-15
     vertex  4.707893e+01  2.753160e+01  2.664535e-15
     vertex -1.237009e+01  3.311973e+01  2.220446e-15
   endloop
 endfacet
 facet normal  8.904210e-18  1.550430e-17 -1.000000e+00
   outer loop
     vertex  4.717629e+01  2.756487e+01  2.664535e-15
     vertex -1.237009e+01  3.311973e+01  2.220446e-15
     vertex -1.328609e+01  3.364579e+01  2.220446e-15
   endloop
 endfacet
 facet normal -1.054872e-17  3.363603e-18 -1.000000e+00
   outer loop
     vertex  4.475194e+01  2.509011e+01  3.108624e-15
     vertex  9.843055e-01  1.985663e+01  3.552714e-15
     vertex  4.478320e+01  2.518813e+01  3.108624e-15
   endloop
 endfacet
 facet normal -1.050956e-17  3.036119e-18 -1.000000e+00
   outer loop
     vertex  4.472339e+01  2.499126e+01  3.108624e-15
     vertex  9.843055e-01  1.985663e+01  3.552714e-15
     vertex  4.475194e+01  2.509011e+01  3.108624e-15
   endloop
 endfacet
 facet normal -9.502293e-18 -5.544243e-18 -1.000000e+00
   outer loop
     vertex  4.472339e+01  2.499126e+01  3.108624e-15
     vertex  1.516638e+00  1.894426e+01  3.552714e-15
     vertex  9.843055e-01  1.985663e+01  3.552714e-15
   endloop
 endfacet
 facet normal -1.066542e-17  2.766506e-18 -1.000000e+00
   outer loop
     vertex  4.469755e+01  2.489167e+01  3.108624e-15
     vertex  1.516638e+00  1.894426e+01  3.552714e-15
     vertex  4.472339e+01  2.499126e+01  3.108624e-15
   endloop
 endfacet
 facet normal -9.579619e-18 -5.242506e-18 -1.000000e+00
   outer loop
     vertex  4.467446e+01  2.479141e+01  3.108624e-15
     vertex  2.023741e+00  1.801763e+01  3.552714e-15
     vertex  1.516638e+00  1.894426e+01  3.552714e-15
   endloop
 endfacet
 facet normal -1.062130e-17  2.446153e-18 -1.000000e+00
   outer loop
     vertex  4.467446e+01  2.479141e+01  3.108624e-15
     vertex  1.516638e+00  1.894426e+01  3.552714e-15
     vertex  4.469755e+01  2.489167e+01  3.108624e-15
   endloop
 endfacet
 facet normal -1.075662e-17  2.168403e-18 -1.000000e+00
   outer loop
     vertex  4.465413e+01  2.469055e+01  3.108624e-15
     vertex  2.023741e+00  1.801763e+01  3.552714e-15
     vertex  4.467446e+01  2.479141e+01  3.108624e-15
   endloop
 endfacet
 facet normal -1.070746e-17  1.854375e-18 -1.000000e+00
   outer loop
     vertex  4.463657e+01  2.458917e+01  3.108624e-15
     vertex  2.023741e+00  1.801763e+01  3.552714e-15
     vertex  4.465413e+01  2.469055e+01  3.108624e-15
   endloop
 endfacet
 facet normal  5.785145e-17 -4.427127e-16 -1.000000e+00
   outer loop
     vertex  4.463657e+01  2.458917e+01  3.108624e-15
     vertex  2.505232e+00  1.707744e+01  3.996803e-15
     vertex  2.023741e+00  1.801763e+01  3.552714e-15
   endloop
 endfacet
 facet normal -2.164085e-17  3.139037e-18 -1.000000e+00
   outer loop
     vertex  4.462180e+01  2.448735e+01  3.108624e-15
     vertex  2.505232e+00  1.707744e+01  3.996803e-15
     vertex  4.463657e+01  2.458917e+01  3.108624e-15
   endloop
 endfacet
 facet normal -2.153235e-17  2.522315e-18 -1.000000e+00
   outer loop
     vertex  4.460983e+01  2.438516e+01  3.108624e-15
     vertex  2.505232e+00  1.707744e+01  3.996803e-15
     vertex  4.462180e+01  2.448735e+01  3.108624e-15
   endloop
 endfacet
 facet normal -1.950358e-17 -9.321898e-18 -1.000000e+00
   outer loop
     vertex  4.460067e+01  2.428268e+01  3.108624e-15
     vertex  2.960748e+00  1.612440e+01  3.996803e-15
     vertex  2.505232e+00  1.707744e+01  3.996803e-15
   endloop
 endfacet
 facet normal -2.142707e-17  1.915772e-18 -1.000000e+00
   outer loop
     vertex  4.460067e+01  2.428268e+01  3.108624e-15
     vertex  2.505232e+00  1.707744e+01  3.996803e-15
     vertex  4.460983e+01  2.438516e+01  3.108624e-15
   endloop
 endfacet
 facet normal -2.159146e-17  1.334631e-18 -1.000000e+00
   outer loop
     vertex  4.459432e+01  2.417999e+01  3.108624e-15
     vertex  2.960748e+00  1.612440e+01  3.996803e-15
     vertex  4.460067e+01  2.428268e+01  3.108624e-15
   endloop
 endfacet
 facet normal -2.147580e-17  7.368413e-19 -1.000000e+00
   outer loop
     vertex  4.459079e+01  2.407716e+01  3.108624e-15
     vertex  2.960748e+00  1.612440e+01  3.996803e-15
     vertex  4.459432e+01  2.417999e+01  3.108624e-15
   endloop
 endfacet
 facet normal -1.966454e-17 -8.744446e-18 -1.000000e+00
   outer loop
     vertex  4.459079e+01  2.407716e+01  3.108624e-15
     vertex  3.389946e+00  1.515921e+01  3.996803e-15
     vertex  2.960748e+00  1.612440e+01  3.996803e-15
   endloop
 endfacet
 facet normal -2.158934e-17  1.480916e-19 -1.000000e+00
   outer loop
     vertex  4.459009e+01  2.397428e+01  3.108624e-15
     vertex  3.389946e+00  1.515921e+01  3.996803e-15
     vertex  4.459079e+01  2.407716e+01  3.108624e-15
   endloop
 endfacet
 facet normal -2.146314e-17 -4.417334e-19 -1.000000e+00
   outer loop
     vertex  4.459221e+01  2.387141e+01  3.108624e-15
     vertex  3.389946e+00  1.515921e+01  3.996803e-15
     vertex  4.459009e+01  2.397428e+01  3.108624e-15
   endloop
 endfacet
 facet normal -2.133972e-17 -1.025428e-18 -1.000000e+00
   outer loop
     vertex  4.459714e+01  2.376864e+01  3.108624e-15
     vertex  3.389946e+00  1.515921e+01  3.996803e-15
     vertex  4.459221e+01  2.387141e+01  3.108624e-15
   endloop
 endfacet
 facet normal -1.984488e-17 -8.180176e-18 -1.000000e+00
   outer loop
     vertex  4.459714e+01  2.376864e+01  3.108624e-15
     vertex  3.792505e+00  1.418262e+01  3.996803e-15
     vertex  3.389946e+00  1.515921e+01  3.996803e-15
   endloop
 endfacet
 facet normal -2.138678e-17 -1.616769e-18 -1.000000e+00
   outer loop
     vertex  4.460490e+01  2.366605e+01  3.108624e-15
     vertex  3.792505e+00  1.418262e+01  3.996803e-15
     vertex  4.459714e+01  2.376864e+01  3.108624e-15
   endloop
 endfacet
 facet normal -2.125255e-17 -2.194437e-18 -1.000000e+00
   outer loop
     vertex  4.461547e+01  2.356371e+01  3.108624e-15
     vertex  3.792505e+00  1.418262e+01  3.996803e-15
     vertex  4.460490e+01  2.366605e+01  3.108624e-15
   endloop
 endfacet
 facet normal  7.504885e-17 -4.212618e-16 -1.000000e+00
   outer loop
     vertex  4.461547e+01  2.356371e+01  3.108624e-15
     vertex  4.168120e+00  1.319534e+01  4.440892e-15
     vertex  3.792505e+00  1.418262e+01  3.996803e-15
   endloop
 endfacet
 facet normal -3.186760e-17 -4.176919e-18 -1.000000e+00
   outer loop
     vertex  4.462884e+01  2.346169e+01  3.108624e-15
     vertex  4.168120e+00  1.319534e+01  4.440892e-15
     vertex  4.461547e+01  2.356371e+01  3.108624e-15
   endloop
 endfacet
 facet normal -3.025949e-17 -1.057162e-17 -1.000000e+00
   outer loop
     vertex  4.464500e+01  2.336008e+01  3.108624e-15
     vertex  4.516508e+00  1.219814e+01  4.440892e-15
     vertex  4.168120e+00  1.319534e+01  4.440892e-15
   endloop
 endfacet
 facet normal -3.164985e-17 -5.035100e-18 -1.000000e+00
   outer loop
     vertex  4.464500e+01  2.336008e+01  3.108624e-15
     vertex  4.168120e+00  1.319534e+01  4.440892e-15
     vertex  4.462884e+01  2.346169e+01  3.108624e-15
   endloop
 endfacet
 facet normal -3.155560e-17 -5.911943e-18 -1.000000e+00
   outer loop
     vertex  4.466395e+01  2.325895e+01  3.108624e-15
     vertex  4.516508e+00  1.219814e+01  4.440892e-15
     vertex  4.464500e+01  2.336008e+01  3.108624e-15
   endloop
 endfacet
 facet normal -3.132130e-17 -6.762409e-18 -1.000000e+00
   outer loop
     vertex  4.468566e+01  2.315838e+01  3.108624e-15
     vertex  4.516508e+00  1.219814e+01  4.440892e-15
     vertex  4.466395e+01  2.325895e+01  3.108624e-15
   endloop
 endfacet
 facet normal -3.108982e-17 -7.610770e-18 -1.000000e+00
   outer loop
     vertex  4.471013e+01  2.305845e+01  3.108624e-15
     vertex  4.516508e+00  1.219814e+01  4.440892e-15
     vertex  4.468566e+01  2.315838e+01  3.108624e-15
   endloop
 endfacet
 facet normal -3.051700e-17 -9.730760e-18 -1.000000e+00
   outer loop
     vertex  4.471013e+01  2.305845e+01  3.108624e-15
     vertex  4.837408e+00  1.119175e+01  4.440892e-15
     vertex  4.516508e+00  1.219814e+01  4.440892e-15
   endloop
 endfacet
 facet normal -3.089302e-17 -8.467319e-18 -1.000000e+00
   outer loop
     vertex  4.473732e+01  2.295922e+01  3.108624e-15
     vertex  4.837408e+00  1.119175e+01  4.440892e-15
     vertex  4.471013e+01  2.305845e+01  3.108624e-15
   endloop
 endfacet
 facet normal -3.076767e-17 -8.888506e-18 -1.000000e+00
   outer loop
     vertex  4.476723e+01  2.286077e+01  3.108624e-15
     vertex  5.130578e+00  1.017694e+01  4.440892e-15
     vertex  4.837408e+00  1.119175e+01  4.440892e-15
   endloop
 endfacet
 facet normal -3.064442e-17 -9.310232e-18 -1.000000e+00
   outer loop
     vertex  4.476723e+01  2.286077e+01  3.108624e-15
     vertex  4.837408e+00  1.119175e+01  4.440892e-15
     vertex  4.473732e+01  2.295922e+01  3.108624e-15
   endloop
 endfacet
 facet normal -3.036603e-17 -1.014361e-17 -1.000000e+00
   outer loop
     vertex  4.479983e+01  2.276319e+01  3.108624e-15
     vertex  5.130578e+00  1.017694e+01  4.440892e-15
     vertex  4.476723e+01  2.286077e+01  3.108624e-15
   endloop
 endfacet
 facet normal -3.010017e-17 -1.098155e-17 -1.000000e+00
   outer loop
     vertex  4.483509e+01  2.266653e+01  3.108624e-15
     vertex  5.130578e+00  1.017694e+01  4.440892e-15
     vertex  4.479983e+01  2.276319e+01  3.108624e-15
   endloop
 endfacet
 facet normal -2.983571e-17 -1.182226e-17 -1.000000e+00
   outer loop
     vertex  4.487300e+01  2.257088e+01  3.108624e-15
     vertex  5.130578e+00  1.017694e+01  4.440892e-15
     vertex  4.483509e+01  2.266653e+01  3.108624e-15
   endloop
 endfacet
 facet normal  9.429777e-17 -4.098688e-16 -1.000000e+00
   outer loop
     vertex  4.487300e+01  2.257088e+01  3.108624e-15
     vertex  5.395798e+00  9.154470e+00  4.884981e-15
     vertex  5.130578e+00  1.017694e+01  4.440892e-15
   endloop
 endfacet
 facet normal -3.927900e-17 -1.682508e-17 -1.000000e+00
   outer loop
     vertex  4.491351e+01  2.247630e+01  3.108624e-15
     vertex  5.395798e+00  9.154470e+00  4.884981e-15
     vertex  4.487300e+01  2.257088e+01  3.108624e-15
   endloop
 endfacet
 facet normal -3.246266e-18 -1.053074e-16 -1.000000e+00
   outer loop
     vertex  8.180000e+01  5.180000e+01  0.000000e+00
     vertex  4.717629e+01  2.756487e+01  2.664535e-15
     vertex -1.328609e+01  3.364579e+01  2.220446e-15
   endloop
 endfacet
 facet normal  1.077592e-16 -6.867193e-16 -1.000000e+00
   outer loop
     vertex  8.180000e+01  5.180000e+01  0.000000e+00
     vertex -1.328609e+01  3.364579e+01  2.220446e-15
     vertex -1.421617e+01  3.414653e+01  1.776357e-15
   endloop
 endfacet
 facet normal -1.355188e-17 -2.691578e-17 -1.000000e+00
   outer loop
     vertex  8.180000e+01  5.180000e+01  0.000000e+00
     vertex -1.421617e+01  3.414653e+01  1.776357e-15
     vertex -1.515964e+01  3.462156e+01  1.776357e-15
   endloop
 endfacet
 facet normal -1.330168e-17 -2.832800e-17 -1.000000e+00
   outer loop
     vertex  8.180000e+01  5.180000e+01  0.000000e+00
     vertex -1.515964e+01  3.462156e+01  1.776357e-15
     vertex -1.611579e+01  3.507053e+01  1.776357e-15
   endloop
 endfacet
 facet normal -1.303814e-17 -2.987043e-17 -1.000000e+00
   outer loop
     vertex  8.180000e+01  5.180000e+01  0.000000e+00
     vertex -1.611579e+01  3.507053e+01  1.776357e-15
     vertex -1.708390e+01  3.549310e+01  1.776357e-15
   endloop
 endfacet
 facet normal -1.275869e-17 -3.156502e-17 -1.000000e+00
   outer loop
     vertex  8.180000e+01  5.180000e+01  0.000000e+00
     vertex -1.708390e+01  3.549310e+01  1.776357e-15
     vertex -1.806323e+01  3.588895e+01  1.776357e-15
   endloop
 endfacet
 facet normal -1.246015e-17 -3.343878e-17 -1.000000e+00
   outer loop
     vertex  8.180000e+01  5.180000e+01  0.000000e+00
     vertex -1.806323e+01  3.588895e+01  1.776357e-15
     vertex -1.905305e+01  3.625778e+01  1.776357e-15
   endloop
 endfacet
 facet normal -1.213858e-17 -3.552544e-17 -1.000000e+00
   outer loop
     vertex  8.180000e+01  5.180000e+01  0.000000e+00
     vertex -1.905305e+01  3.625778e+01  1.776357e-15
     vertex -2.005262e+01  3.659932e+01  1.776357e-15
   endloop
 endfacet
 facet normal -1.178904e-17 -3.786753e-17 -1.000000e+00
   outer loop
     vertex  8.180000e+01  5.180000e+01  0.000000e+00
     vertex -2.005262e+01  3.659932e+01  1.776357e-15
     vertex -2.106119e+01  3.691331e+01  1.776357e-15
   endloop
 endfacet
 facet normal -1.140521e-17 -4.051962e-17 -1.000000e+00
   outer loop
     vertex  8.180000e+01  5.180000e+01  0.000000e+00
     vertex -2.106119e+01  3.691331e+01  1.776357e-15
     vertex -2.207799e+01  3.719951e+01  1.776357e-15
   endloop
 endfacet
 facet normal -1.097889e-17 -4.355280e-17 -1.000000e+00
   outer loop
     vertex  8.180000e+01  5.180000e+01  0.000000e+00
     vertex -2.207799e+01  3.719951e+01  1.776357e-15
     vertex -2.310226e+01  3.745771e+01  1.776357e-15
   endloop
 endfacet
 facet normal -1.049917e-17 -4.706155e-17 -1.000000e+00
   outer loop
     vertex  8.180000e+01  5.180000e+01  0.000000e+00
     vertex -2.310226e+01  3.745771e+01  1.776357e-15
     vertex -2.413322e+01  3.768771e+01  1.776357e-15
   endloop
 endfacet
 facet normal -9.951294e-18 -5.117415e-17 -1.000000e+00
   outer loop
     vertex  8.180000e+01  5.180000e+01  0.000000e+00
     vertex -2.413322e+01  3.768771e+01  1.776357e-15
     vertex -2.517011e+01  3.788935e+01  1.776357e-15
   endloop
 endfacet
 facet normal  1.778109e-16 -1.495027e-15 -1.000000e+00
   outer loop
     vertex  8.180000e+01  5.180000e+01  0.000000e+00
     vertex -2.517011e+01  3.788935e+01  1.776357e-15
     vertex -2.621214e+01  3.806246e+01  1.332268e-15
   endloop
 endfacet
 facet normal -1.095737e-16  5.265296e-18 -1.000000e+00
   outer loop
     vertex  8.180000e+01  5.180000e+01  0.000000e+00
     vertex  5.208286e+01  2.376864e+01  3.108624e-15
     vertex  5.208779e+01  2.387141e+01  3.108624e-15
   endloop
 endfacet
 facet normal -1.066884e-16  2.195757e-18 -1.000000e+00
   outer loop
     vertex  8.180000e+01  5.180000e+01  0.000000e+00
     vertex  5.208779e+01  2.387141e+01  3.108624e-15
     vertex  5.208991e+01  2.397428e+01  3.108624e-15
   endloop
 endfacet
 facet normal -1.039640e-16 -7.131393e-19 -1.000000e+00
   outer loop
     vertex  8.180000e+01  5.180000e+01  0.000000e+00
     vertex  5.208991e+01  2.397428e+01  3.108624e-15
     vertex  5.208921e+01  2.407716e+01  3.108624e-15
   endloop
 endfacet
 facet normal -1.013837e-16 -3.478507e-18 -1.000000e+00
   outer loop
     vertex  8.180000e+01  5.180000e+01  0.000000e+00
     vertex  5.208921e+01  2.407716e+01  3.108624e-15
     vertex  5.208568e+01  2.417999e+01  3.108624e-15
   endloop
 endfacet
 facet normal -9.893274e-17 -6.115319e-18 -1.000000e+00
   outer loop
     vertex  8.180000e+01  5.180000e+01  0.000000e+00
     vertex  5.208568e+01  2.417999e+01  3.108624e-15
     vertex  5.207933e+01  2.428268e+01  3.108624e-15
   endloop
 endfacet
 facet normal -9.659824e-17 -8.636747e-18 -1.000000e+00
   outer loop
     vertex  8.180000e+01  5.180000e+01  0.000000e+00
     vertex  5.207933e+01  2.428268e+01  3.108624e-15
     vertex  5.207017e+01  2.438516e+01  3.108624e-15
   endloop
 endfacet
 facet normal -9.436881e-17 -1.105443e-17 -1.000000e+00
   outer loop
     vertex  8.180000e+01  5.180000e+01  0.000000e+00
     vertex  5.207017e+01  2.438516e+01  3.108624e-15
     vertex  5.205820e+01  2.448735e+01  3.108624e-15
   endloop
 endfacet
 facet normal -9.223435e-17 -1.337873e-17 -1.000000e+00
   outer loop
     vertex  8.180000e+01  5.180000e+01  0.000000e+00
     vertex  5.205820e+01  2.448735e+01  3.108624e-15
     vertex  5.204343e+01  2.458917e+01  3.108624e-15
   endloop
 endfacet
 facet normal -9.018587e-17 -1.561886e-17 -1.000000e+00
   outer loop
     vertex  8.180000e+01  5.180000e+01  0.000000e+00
     vertex  5.204343e+01  2.458917e+01  3.108624e-15
     vertex  5.202587e+01  2.469055e+01  3.108624e-15
   endloop
 endfacet
 facet normal -8.821530e-17 -1.778313e-17 -1.000000e+00
   outer loop
     vertex  8.180000e+01  5.180000e+01  0.000000e+00
     vertex  5.202587e+01  2.469055e+01  3.108624e-15
     vertex  5.200554e+01  2.479141e+01  3.108624e-15
   endloop
 endfacet
 facet normal -8.631541e-17 -1.987898e-17 -1.000000e+00
   outer loop
     vertex  8.180000e+01  5.180000e+01  0.000000e+00
     vertex  5.200554e+01  2.479141e+01  3.108624e-15
     vertex  5.198245e+01  2.489167e+01  3.108624e-15
   endloop
 endfacet
 facet normal -8.447967e-17 -2.191320e-17 -1.000000e+00
   outer loop
     vertex  8.180000e+01  5.180000e+01  0.000000e+00
     vertex  5.198245e+01  2.489167e+01  3.108624e-15
     vertex  5.195661e+01  2.499126e+01  3.108624e-15
   endloop
 endfacet
 facet normal -8.270215e-17 -2.389192e-17 -1.000000e+00
   outer loop
     vertex  8.180000e+01  5.180000e+01  0.000000e+00
     vertex  5.195661e+01  2.499126e+01  3.108624e-15
     vertex  5.192806e+01  2.509011e+01  3.108624e-15
   endloop
 endfacet
 facet normal -8.097748e-17 -2.582077e-17 -1.000000e+00
   outer loop
     vertex  8.180000e+01  5.180000e+01  0.000000e+00
     vertex  5.192806e+01  2.509011e+01  3.108624e-15
     vertex  5.189680e+01  2.518813e+01  3.108624e-15
   endloop
 endfacet
 facet normal -7.930071e-17 -2.770492e-17 -1.000000e+00
   outer loop
     vertex  8.180000e+01  5.180000e+01  0.000000e+00
     vertex  5.189680e+01  2.518813e+01  3.108624e-15
     vertex  5.186287e+01  2.528526e+01  3.108624e-15
   endloop
 endfacet
 facet normal -7.766733e-17 -2.954912e-17 -1.000000e+00
   outer loop
     vertex  8.180000e+01  5.180000e+01  0.000000e+00
     vertex  5.186287e+01  2.528526e+01  3.108624e-15
     vertex  5.182628e+01  2.538142e+01  3.108624e-15
   endloop
 endfacet
 facet normal -7.607317e-17 -3.135781e-17 -1.000000e+00
   outer loop
     vertex  8.180000e+01  5.180000e+01  0.000000e+00
     vertex  5.182628e+01  2.538142e+01  3.108624e-15
     vertex  5.178707e+01  2.547655e+01  3.108624e-15
   endloop
 endfacet
 facet normal -7.451436e-17 -3.313511e-17 -1.000000e+00
   outer loop
     vertex  8.180000e+01  5.180000e+01  0.000000e+00
     vertex  5.178707e+01  2.547655e+01  3.108624e-15
     vertex  5.174527e+01  2.557056e+01  3.108624e-15
   endloop
 endfacet
 facet normal -7.298729e-17 -3.488488e-17 -1.000000e+00
   outer loop
     vertex  8.180000e+01  5.180000e+01  0.000000e+00
     vertex  5.174527e+01  2.557056e+01  3.108624e-15
     vertex  5.170090e+01  2.566339e+01  3.108624e-15
   endloop
 endfacet
 facet normal -7.148862e-17 -3.661077e-17 -1.000000e+00
   outer loop
     vertex  8.180000e+01  5.180000e+01  0.000000e+00
     vertex  5.170090e+01  2.566339e+01  3.108624e-15
     vertex  5.165400e+01  2.575496e+01  3.108624e-15
   endloop
 endfacet
 facet normal -7.001516e-17 -3.831623e-17 -1.000000e+00
   outer loop
     vertex  8.180000e+01  5.180000e+01  0.000000e+00
     vertex  5.165400e+01  2.575496e+01  3.108624e-15
     vertex  5.160461e+01  2.584522e+01  3.108624e-15
   endloop
 endfacet
 facet normal -6.856393e-17 -4.000456e-17 -1.000000e+00
   outer loop
     vertex  8.180000e+01  5.180000e+01  0.000000e+00
     vertex  5.160461e+01  2.584522e+01  3.108624e-15
     vertex  5.155276e+01  2.593409e+01  3.108624e-15
   endloop
 endfacet
 facet normal  2.770748e-15 -3.360257e-15 -1.000000e+00
   outer loop
     vertex  8.180000e+01  5.180000e+01  0.000000e+00
     vertex  5.155276e+01  2.593409e+01  3.108624e-15
     vertex  5.149849e+01  2.602150e+01  2.664535e-15
   endloop
 endfacet
 facet normal -5.632880e-17 -3.715062e-17 -1.000000e+00
   outer loop
     vertex  8.180000e+01  5.180000e+01  0.000000e+00
     vertex  5.149849e+01  2.602150e+01  2.664535e-15
     vertex  5.144184e+01  2.610739e+01  2.664535e-15
   endloop
 endfacet
 facet normal -5.512786e-17 -3.856964e-17 -1.000000e+00
   outer loop
     vertex  8.180000e+01  5.180000e+01  0.000000e+00
     vertex  5.144184e+01  2.610739e+01  2.664535e-15
     vertex  5.138286e+01  2.619169e+01  2.664535e-15
   endloop
 endfacet
 facet normal -5.393681e-17 -3.998435e-17 -1.000000e+00
   outer loop
     vertex  8.180000e+01  5.180000e+01  0.000000e+00
     vertex  5.138286e+01  2.619169e+01  2.664535e-15
     vertex  5.132159e+01  2.627434e+01  2.664535e-15
   endloop
 endfacet
 facet normal -5.275356e-17 -4.139719e-17 -1.000000e+00
   outer loop
     vertex  8.180000e+01  5.180000e+01  0.000000e+00
     vertex  5.132159e+01  2.627434e+01  2.664535e-15
     vertex  5.125807e+01  2.635528e+01  2.664535e-15
   endloop
 endfacet
 facet normal -5.157603e-17 -4.281061e-17 -1.000000e+00
   outer loop
     vertex  8.180000e+01  5.180000e+01  0.000000e+00
     vertex  5.125807e+01  2.635528e+01  2.664535e-15
     vertex  5.119236e+01  2.643445e+01  2.664535e-15
   endloop
 endfacet
 facet normal -5.040220e-17 -4.422703e-17 -1.000000e+00
   outer loop
     vertex  8.180000e+01  5.180000e+01  0.000000e+00
     vertex  5.119236e+01  2.643445e+01  2.664535e-15
     vertex  5.112450e+01  2.651179e+01  2.664535e-15
   endloop
 endfacet
 facet normal -4.923005e-17 -4.564889e-17 -1.000000e+00
   outer loop
     vertex  8.180000e+01  5.180000e+01  0.000000e+00
     vertex  5.112450e+01  2.651179e+01  2.664535e-15
     vertex  5.105454e+01  2.658723e+01  2.664535e-15
   endloop
 endfacet
 facet normal -4.805756e-17 -4.707866e-17 -1.000000e+00
   outer loop
     vertex  8.180000e+01  5.180000e+01  0.000000e+00
     vertex  5.105454e+01  2.658723e+01  2.664535e-15
     vertex  5.098254e+01  2.666073e+01  2.664535e-15
   endloop
 endfacet
 facet normal -4.688272e-17 -4.851887e-17 -1.000000e+00
   outer loop
     vertex  8.180000e+01  5.180000e+01  0.000000e+00
     vertex  5.098254e+01  2.666073e+01  2.664535e-15
     vertex  5.090855e+01  2.673222e+01  2.664535e-15
   endloop
 endfacet
 facet normal -4.570347e-17 -4.997208e-17 -1.000000e+00
   outer loop
     vertex  8.180000e+01  5.180000e+01  0.000000e+00
     vertex  5.090855e+01  2.673222e+01  2.664535e-15
     vertex  5.083263e+01  2.680166e+01  2.664535e-15
   endloop
 endfacet
 facet normal -4.451772e-17 -5.144096e-17 -1.000000e+00
   outer loop
     vertex  8.180000e+01  5.180000e+01  0.000000e+00
     vertex  5.083263e+01  2.680166e+01  2.664535e-15
     vertex  5.075483e+01  2.686899e+01  2.664535e-15
   endloop
 endfacet
 facet normal -4.332332e-17 -5.292828e-17 -1.000000e+00
   outer loop
     vertex  8.180000e+01  5.180000e+01  0.000000e+00
     vertex  5.075483e+01  2.686899e+01  2.664535e-15
     vertex  5.067521e+01  2.693416e+01  2.664535e-15
   endloop
 endfacet
 facet normal -4.211805e-17 -5.443692e-17 -1.000000e+00
   outer loop
     vertex  8.180000e+01  5.180000e+01  0.000000e+00
     vertex  5.067521e+01  2.693416e+01  2.664535e-15
     vertex  5.059384e+01  2.699712e+01  2.664535e-15
   endloop
 endfacet
 facet normal -4.089962e-17 -5.596991e-17 -1.000000e+00
   outer loop
     vertex  8.180000e+01  5.180000e+01  0.000000e+00
     vertex  5.059384e+01  2.699712e+01  2.664535e-15
     vertex  5.051077e+01  2.705782e+01  2.664535e-15
   endloop
 endfacet
 facet normal -3.966561e-17 -5.753046e-17 -1.000000e+00
   outer loop
     vertex  8.180000e+01  5.180000e+01  0.000000e+00
     vertex  5.051077e+01  2.705782e+01  2.664535e-15
     vertex  5.042606e+01  2.711622e+01  2.664535e-15
   endloop
 endfacet
 facet normal -3.841347e-17 -5.912196e-17 -1.000000e+00
   outer loop
     vertex  8.180000e+01  5.180000e+01  0.000000e+00
     vertex  5.042606e+01  2.711622e+01  2.664535e-15
     vertex  5.033979e+01  2.717228e+01  2.664535e-15
   endloop
 endfacet
 facet normal -3.714053e-17 -6.074805e-17 -1.000000e+00
   outer loop
     vertex  8.180000e+01  5.180000e+01  0.000000e+00
     vertex  5.033979e+01  2.717228e+01  2.664535e-15
     vertex  5.025200e+01  2.722595e+01  2.664535e-15
   endloop
 endfacet
 facet normal -3.584393e-17 -6.241263e-17 -1.000000e+00
   outer loop
     vertex  8.180000e+01  5.180000e+01  0.000000e+00
     vertex  5.025200e+01  2.722595e+01  2.664535e-15
     vertex  5.016278e+01  2.727719e+01  2.664535e-15
   endloop
 endfacet
 facet normal -3.452059e-17 -6.411989e-17 -1.000000e+00
   outer loop
     vertex  8.180000e+01  5.180000e+01  0.000000e+00
     vertex  5.016278e+01  2.727719e+01  2.664535e-15
     vertex  5.007219e+01  2.732596e+01  2.664535e-15
   endloop
 endfacet
 facet normal -3.316722e-17 -6.587437e-17 -1.000000e+00
   outer loop
     vertex  8.180000e+01  5.180000e+01  0.000000e+00
     vertex  5.007219e+01  2.732596e+01  2.664535e-15
     vertex  4.998029e+01  2.737223e+01  2.664535e-15
   endloop
 endfacet
 facet normal -3.178026e-17 -6.768104e-17 -1.000000e+00
   outer loop
     vertex  8.180000e+01  5.180000e+01  0.000000e+00
     vertex  4.998029e+01  2.737223e+01  2.664535e-15
     vertex  4.988716e+01  2.741596e+01  2.664535e-15
   endloop
 endfacet
 facet normal -3.035582e-17 -6.954528e-17 -1.000000e+00
   outer loop
     vertex  8.180000e+01  5.180000e+01  0.000000e+00
     vertex  4.988716e+01  2.741596e+01  2.664535e-15
     vertex  4.979287e+01  2.745712e+01  2.664535e-15
   endloop
 endfacet
 facet normal -2.888966e-17 -7.147305e-17 -1.000000e+00
   outer loop
     vertex  8.180000e+01  5.180000e+01  0.000000e+00
     vertex  4.979287e+01  2.745712e+01  2.664535e-15
     vertex  4.969748e+01  2.749568e+01  2.664535e-15
   endloop
 endfacet
 facet normal -2.737713e-17 -7.347089e-17 -1.000000e+00
   outer loop
     vertex  8.180000e+01  5.180000e+01  0.000000e+00
     vertex  4.969748e+01  2.749568e+01  2.664535e-15
     vertex  4.960107e+01  2.753160e+01  2.664535e-15
   endloop
 endfacet
 facet normal -2.581309e-17 -7.554603e-17 -1.000000e+00
   outer loop
     vertex  8.180000e+01  5.180000e+01  0.000000e+00
     vertex  4.960107e+01  2.753160e+01  2.664535e-15
     vertex  4.950371e+01  2.756487e+01  2.664535e-15
   endloop
 endfacet
 facet normal -2.419185e-17 -7.770654e-17 -1.000000e+00
   outer loop
     vertex  8.180000e+01  5.180000e+01  0.000000e+00
     vertex  4.950371e+01  2.756487e+01  2.664535e-15
     vertex  4.940547e+01  2.759545e+01  2.664535e-15
   endloop
 endfacet
 facet normal -2.250705e-17 -7.996142e-17 -1.000000e+00
   outer loop
     vertex  8.180000e+01  5.180000e+01  0.000000e+00
     vertex  4.940547e+01  2.759545e+01  2.664535e-15
     vertex  4.930643e+01  2.762333e+01  2.664535e-15
   endloop
 endfacet
 facet normal -2.075160e-17 -8.232075e-17 -1.000000e+00
   outer loop
     vertex  8.180000e+01  5.180000e+01  0.000000e+00
     vertex  4.930643e+01  2.762333e+01  2.664535e-15
     vertex  4.920666e+01  2.764848e+01  2.664535e-15
   endloop
 endfacet
 facet normal -1.891750e-17 -8.479594e-17 -1.000000e+00
   outer loop
     vertex  8.180000e+01  5.180000e+01  0.000000e+00
     vertex  4.920666e+01  2.764848e+01  2.664535e-15
     vertex  4.910624e+01  2.767088e+01  2.664535e-15
   endloop
 endfacet
 facet normal -1.699572e-17 -8.739985e-17 -1.000000e+00
   outer loop
     vertex  8.180000e+01  5.180000e+01  0.000000e+00
     vertex  4.910624e+01  2.767088e+01  2.664535e-15
     vertex  4.900525e+01  2.769052e+01  2.664535e-15
   endloop
 endfacet
 facet normal -1.497601e-17 -9.014715e-17 -1.000000e+00
   outer loop
     vertex  8.180000e+01  5.180000e+01  0.000000e+00
     vertex  4.900525e+01  2.769052e+01  2.664535e-15
     vertex  4.890375e+01  2.770738e+01  2.664535e-15
   endloop
 endfacet
 facet normal -1.284662e-17 -9.305463e-17 -1.000000e+00
   outer loop
     vertex  8.180000e+01  5.180000e+01  0.000000e+00
     vertex  4.890375e+01  2.770738e+01  2.664535e-15
     vertex  4.880183e+01  2.772145e+01  2.664535e-15
   endloop
 endfacet
 facet normal -1.059410e-17 -9.614157e-17 -1.000000e+00
   outer loop
     vertex  8.180000e+01  5.180000e+01  0.000000e+00
     vertex  4.880183e+01  2.772145e+01  2.664535e-15
     vertex  4.869956e+01  2.773272e+01  2.664535e-15
   endloop
 endfacet
 facet normal -8.202886e-18 -9.943028e-17 -1.000000e+00
   outer loop
     vertex  8.180000e+01  5.180000e+01  0.000000e+00
     vertex  4.869956e+01  2.773272e+01  2.664535e-15
     vertex  4.859702e+01  2.774118e+01  2.664535e-15
   endloop
 endfacet
 facet normal -5.654877e-18 -1.029467e-16 -1.000000e+00
   outer loop
     vertex  8.180000e+01  5.180000e+01  0.000000e+00
     vertex  4.859702e+01  2.774118e+01  2.664535e-15
     vertex  4.849429e+01  2.774682e+01  2.664535e-15
   endloop
 endfacet
 facet normal -2.928900e-18 -1.067213e-16 -1.000000e+00
   outer loop
     vertex  8.180000e+01  5.180000e+01  0.000000e+00
     vertex  4.849429e+01  2.774682e+01  2.664535e-15
     vertex  4.839144e+01  2.774965e+01  2.664535e-15
   endloop
 endfacet
 facet normal  0.000000e+00 -1.107899e-16 -1.000000e+00
   outer loop
     vertex  8.180000e+01  5.180000e+01  0.000000e+00
     vertex  4.839144e+01  2.774965e+01  2.664535e-15
     vertex  4.828856e+01  2.774965e+01  2.664535e-15
   endloop
 endfacet
 facet normal  3.161455e-18 -1.151950e-16 -1.000000e+00
   outer loop
     vertex  8.180000e+01  5.180000e+01  0.000000e+00
     vertex  4.828856e+01  2.774965e+01  2.664535e-15
     vertex  4.818571e+01  2.774682e+01  2.664535e-15
   endloop
 endfacet
 facet normal  6.590939e-18 -1.199877e-16 -1.000000e+00
   outer loop
     vertex  8.180000e+01  5.180000e+01  0.000000e+00
     vertex  4.818571e+01  2.774682e+01  2.664535e-15
     vertex  4.808298e+01  2.774118e+01  2.664535e-15
   endloop
 endfacet
 facet normal  1.033130e-17 -1.252296e-16 -1.000000e+00
   outer loop
     vertex  8.180000e+01  5.180000e+01  0.000000e+00
     vertex  4.808298e+01  2.774118e+01  2.664535e-15
     vertex  4.798044e+01  2.773272e+01  2.664535e-15
   endloop
 endfacet
 facet normal  1.443479e-17 -1.309959e-16 -1.000000e+00
   outer loop
     vertex  8.180000e+01  5.180000e+01  0.000000e+00
     vertex  4.798044e+01  2.773272e+01  2.664535e-15
     vertex  4.787817e+01  2.772145e+01  2.664535e-15
   endloop
 endfacet
 facet normal  1.896583e-17 -1.373792e-16 -1.000000e+00
   outer loop
     vertex  8.180000e+01  5.180000e+01  0.000000e+00
     vertex  4.787817e+01  2.772145e+01  2.664535e-15
     vertex  4.777625e+01  2.770738e+01  2.664535e-15
   endloop
 endfacet
 facet normal  2.400476e-17 -1.444952e-16 -1.000000e+00
   outer loop
     vertex  8.180000e+01  5.180000e+01  0.000000e+00
     vertex  4.777625e+01  2.770738e+01  2.664535e-15
     vertex  4.767475e+01  2.769052e+01  2.664535e-15
   endloop
 endfacet
 facet normal  2.965312e-17 -1.524900e-16 -1.000000e+00
   outer loop
     vertex  8.180000e+01  5.180000e+01  0.000000e+00
     vertex  4.767475e+01  2.769052e+01  2.664535e-15
     vertex  4.757376e+01  2.767088e+01  2.664535e-15
   endloop
 endfacet
 facet normal  3.604118e-17 -1.615513e-16 -1.000000e+00
   outer loop
     vertex  8.180000e+01  5.180000e+01  0.000000e+00
     vertex  4.757376e+01  2.767088e+01  2.664535e-15
     vertex  4.747334e+01  2.764848e+01  2.664535e-15
   endloop
 endfacet
 facet normal  4.333884e-17 -1.719235e-16 -1.000000e+00
   outer loop
     vertex  8.180000e+01  5.180000e+01  0.000000e+00
     vertex  4.747334e+01  2.764848e+01  2.664535e-15
     vertex  4.737357e+01  2.762333e+01  2.664535e-15
   endloop
 endfacet
 facet normal  5.177203e-17 -1.839319e-16 -1.000000e+00
   outer loop
     vertex  8.180000e+01  5.180000e+01  0.000000e+00
     vertex  4.737357e+01  2.762333e+01  2.664535e-15
     vertex  4.727453e+01  2.759545e+01  2.664535e-15
   endloop
 endfacet
 facet normal  6.164785e-17 -1.980188e-16 -1.000000e+00
   outer loop
     vertex  8.180000e+01  5.180000e+01  0.000000e+00
     vertex  4.727453e+01  2.759545e+01  2.664535e-15
     vertex  4.717629e+01  2.756487e+01  2.664535e-15
   endloop
 endfacet
 facet normal  1.074993e-16 -4.948136e-16 -1.000000e+00
   outer loop
     vertex  3.204000e+01 -5.800000e+00  6.217249e-15
     vertex  3.594575e+00 -1.467229e+01  7.549517e-15
     vertex  3.983698e+00 -1.369027e+01  7.105427e-15
   endloop
 endfacet
 facet normal -3.527644e-17  1.287003e-17 -1.000000e+00
   outer loop
     vertex  3.204000e+01 -5.800000e+00  6.217249e-15
     vertex  3.983698e+00 -1.369027e+01  7.105427e-15
     vertex  4.345734e+00 -1.269794e+01  7.105427e-15
   endloop
 endfacet
 facet normal -3.498136e-17  1.168533e-17 -1.000000e+00
   outer loop
     vertex  3.204000e+01 -5.800000e+00  6.217249e-15
     vertex  4.345734e+00 -1.269794e+01  7.105427e-15
     vertex  4.680410e+00 -1.169605e+01  7.105427e-15
   endloop
 endfacet
 facet normal -3.473751e-17  1.055377e-17 -1.000000e+00
   outer loop
     vertex  3.204000e+01 -5.800000e+00  6.217249e-15
     vertex  4.680410e+00 -1.169605e+01  7.105427e-15
     vertex  4.987474e+00 -1.068535e+01  7.105427e-15
   endloop
 endfacet
 facet normal  4.828002e-17 -4.491538e-16 -1.000000e+00
   outer loop
     vertex  3.204000e+01 -5.800000e+00  6.217249e-15
     vertex  4.987474e+00 -1.068535e+01  7.105427e-15
     vertex  5.266695e+00 -9.666615e+00  6.661338e-15
   endloop
 endfacet
 facet normal -1.719493e-17  4.209308e-18 -1.000000e+00
   outer loop
     vertex  3.204000e+01 -5.800000e+00  6.217249e-15
     vertex  5.266695e+00 -9.666615e+00  6.661338e-15
     vertex  5.517863e+00 -8.640601e+00  6.661338e-15
   endloop
 endfacet
 facet normal -1.714045e-17  3.700701e-18 -1.000000e+00
   outer loop
     vertex  3.204000e+01 -5.800000e+00  6.217249e-15
     vertex  5.517863e+00 -8.640601e+00  6.661338e-15
     vertex  5.740788e+00 -7.608082e+00  6.661338e-15
   endloop
 endfacet
 facet normal -1.710636e-17  3.204878e-18 -1.000000e+00
   outer loop
     vertex  3.204000e+01 -5.800000e+00  6.217249e-15
     vertex  5.740788e+00 -7.608082e+00  6.661338e-15
     vertex  5.935304e+00 -6.569836e+00  6.661338e-15
   endloop
 endfacet
 facet normal -4.478768e-18 -4.249899e-16 -1.000000e+00
   outer loop
     vertex  3.204000e+01 -5.800000e+00  6.217249e-15
     vertex  5.935304e+00 -6.569836e+00  6.661338e-15
     vertex  6.101263e+00 -5.526644e+00  6.217249e-15
   endloop
 endfacet
 facet normal  0.000000e+00  0.000000e+00 -1.000000e+00
   outer loop
     vertex  3.204000e+01 -5.800000e+00  6.217249e-15
     vertex  6.101263e+00 -5.526644e+00  6.217249e-15
     vertex  6.238540e+00 -4.479292e+00  6.217249e-15
   endloop
 endfacet
 facet normal  0.000000e+00  0.000000e+00 -1.000000e+00
   outer loop
     vertex  3.204000e+01 -5.800000e+00  6.217249e-15
     vertex  6.238540e+00 -4.479292e+00  6.217249e-15
     vertex  6.347033e+00 -3.428568e+00  6.217249e-15
   endloop
 endfacet
 facet normal  0.000000e+00  0.000000e+00 -1.000000e+00
   outer loop
     vertex  3.204000e+01 -5.800000e+00  6.217249e-15
     vertex  6.347033e+00 -3.428568e+00  6.217249e-15
     vertex  6.426659e+00 -2.375263e+00  6.217249e-15
   endloop
 endfacet
 facet normal -5.591896e-17 -4.182136e-16 -1.000000e+00
   outer loop
     vertex  3.204000e+01 -5.800000e+00  6.217249e-15
     vertex  6.426659e+00 -2.375263e+00  6.217249e-15
     vertex  6.477359e+00 -1.320170e+00  5.773160e-15
   endloop
 endfacet
 facet normal  1.731015e-17 -3.562607e-19 -1.000000e+00
   outer loop
     vertex  3.204000e+01 -5.800000e+00  6.217249e-15
     vertex  6.477359e+00 -1.320170e+00  5.773160e-15
     vertex  6.499094e+00 -2.640838e-01  5.773160e-15
   endloop
 endfacet
 facet normal  1.741326e-17  1.194459e-19 -1.000000e+00
   outer loop
     vertex  3.204000e+01 -5.800000e+00  6.217249e-15
     vertex  6.499094e+00 -2.640838e-01  5.773160e-15
     vertex  6.491849e+00  7.922016e-01  5.773160e-15
   endloop
 endfacet
 facet normal  1.753770e-17  6.017242e-19 -1.000000e+00
   outer loop
     vertex  3.204000e+01 -5.800000e+00  6.217249e-15
     vertex  6.491849e+00  7.922016e-01  5.773160e-15
     vertex  6.455628e+00  1.847891e+00  5.773160e-15
   endloop
 endfacet
 facet normal -1.105997e-16 -4.280544e-16 -1.000000e+00
   outer loop
     vertex  3.204000e+01 -5.800000e+00  6.217249e-15
     vertex  6.455628e+00  1.847891e+00  5.773160e-15
     vertex  6.390458e+00  2.902189e+00  5.329071e-15
   endloop
 endfacet
 facet normal  3.571071e-17  3.192857e-18 -1.000000e+00
   outer loop
     vertex  3.204000e+01 -5.800000e+00  6.217249e-15
     vertex  6.390458e+00  2.902189e+00  5.329071e-15
     vertex  6.296390e+00  3.954302e+00  5.329071e-15
   endloop
 endfacet
 facet normal  3.610337e-17  4.229176e-18 -1.000000e+00
   outer loop
     vertex  3.204000e+01 -5.800000e+00  6.217249e-15
     vertex  6.296390e+00  3.954302e+00  5.329071e-15
     vertex  6.173493e+00  5.003439e+00  5.329071e-15
   endloop
 endfacet
 facet normal -1.523198e-16 -4.469094e-16 -1.000000e+00
   outer loop
     vertex  3.204000e+01 -5.800000e+00  6.217249e-15
     vertex  6.173493e+00  5.003439e+00  5.329071e-15
     vertex  6.021861e+00  6.048809e+00  4.884981e-15
   endloop
 endfacet
 facet normal  5.558967e-17  9.627312e-18 -1.000000e+00
   outer loop
     vertex  3.204000e+01 -5.800000e+00  6.217249e-15
     vertex  6.021861e+00  6.048809e+00  4.884981e-15
     vertex  5.841607e+00  7.089626e+00  4.884981e-15
   endloop
 endfacet
 facet normal  5.645201e-17  1.138004e-17 -1.000000e+00
   outer loop
     vertex  3.204000e+01 -5.800000e+00  6.217249e-15
     vertex  5.841607e+00  7.089626e+00  4.884981e-15
     vertex  5.632867e+00  8.125106e+00  4.884981e-15
   endloop
 endfacet
 facet normal  5.742510e-17  1.322536e-17 -1.000000e+00
   outer loop
     vertex  3.204000e+01 -5.800000e+00  6.217249e-15
     vertex  5.632867e+00  8.125106e+00  4.884981e-15
     vertex  5.395798e+00  9.154470e+00  4.884981e-15
   endloop
 endfacet
 facet normal  1.415467e-18 -1.031711e-16 -1.000000e+00
   outer loop
     vertex  3.204000e+01 -5.800000e+00  6.217249e-15
     vertex  4.834000e+01  2.025000e+01  3.552714e-15
     vertex  4.844288e+01  2.025141e+01  3.552714e-15
   endloop
 endfacet
 facet normal  4.323945e-18 -1.050024e-16 -1.000000e+00
   outer loop
     vertex  3.204000e+01 -5.800000e+00  6.217249e-15
     vertex  4.844288e+01  2.025141e+01  3.552714e-15
     vertex  4.854568e+01  2.025564e+01  3.552714e-15
   endloop
 endfacet
 facet normal  7.345315e-18 -1.069164e-16 -1.000000e+00
   outer loop
     vertex  3.204000e+01 -5.800000e+00  6.217249e-15
     vertex  4.854568e+01  2.025564e+01  3.552714e-15
     vertex  4.864832e+01  2.026270e+01  3.552714e-15
   endloop
 endfacet
 facet normal  1.049215e-17 -1.089217e-16 -1.000000e+00
   outer loop
     vertex  3.204000e+01 -5.800000e+00  6.217249e-15
     vertex  4.864832e+01  2.026270e+01  3.552714e-15
     vertex  4.875074e+01  2.027256e+01  3.552714e-15
   endloop
 endfacet
 facet normal -9.320304e-18 -1.056941e-16 -1.000000e+00
   outer loop
     vertex  3.204000e+01 -5.800000e+00  6.217249e-15
     vertex  5.395798e+00  9.154470e+00  4.884981e-15
     vertex  4.491351e+01  2.247630e+01  3.108624e-15
   endloop
 endfacet
 facet normal -1.199549e-16 -5.532491e-17 -1.000000e+00
   outer loop
     vertex  3.204000e+01 -5.800000e+00  6.217249e-15
     vertex  4.491351e+01  2.247630e+01  3.108624e-15
     vertex  4.495660e+01  2.238288e+01  3.108624e-15
   endloop
 endfacet
 facet normal -1.157130e-16 -5.726905e-17 -1.000000e+00
   outer loop
     vertex  3.204000e+01 -5.800000e+00  6.217249e-15
     vertex  4.495660e+01  2.238288e+01  3.108624e-15
     vertex  4.500224e+01  2.229066e+01  3.108624e-15
   endloop
 endfacet
 facet normal -1.116686e-16 -5.913529e-17 -1.000000e+00
   outer loop
     vertex  3.204000e+01 -5.800000e+00  6.217249e-15
     vertex  4.500224e+01  2.229066e+01  3.108624e-15
     vertex  4.505039e+01  2.219974e+01  3.108624e-15
   endloop
 endfacet
 facet normal -1.078022e-16 -6.093188e-17 -1.000000e+00
   outer loop
     vertex  3.204000e+01 -5.800000e+00  6.217249e-15
     vertex  4.505039e+01  2.219974e+01  3.108624e-15
     vertex  4.510101e+01  2.211017e+01  3.108624e-15
   endloop
 endfacet
 facet normal -1.040962e-16 -6.266614e-17 -1.000000e+00
   outer loop
     vertex  3.204000e+01 -5.800000e+00  6.217249e-15
     vertex  4.510101e+01  2.211017e+01  3.108624e-15
     vertex  4.515408e+01  2.202202e+01  3.108624e-15
   endloop
 endfacet
 facet normal  4.510505e-15 -2.237786e-15 -1.000000e+00
   outer loop
     vertex  3.204000e+01 -5.800000e+00  6.217249e-15
     vertex  4.515408e+01  2.202202e+01  3.108624e-15
     vertex  4.520954e+01  2.193536e+01  3.552714e-15
   endloop
 endfacet
 facet normal -8.323314e-17 -5.654849e-17 -1.000000e+00
   outer loop
     vertex  3.204000e+01 -5.800000e+00  6.217249e-15
     vertex  4.520954e+01  2.193536e+01  3.552714e-15
     vertex  4.526736e+01  2.185026e+01  3.552714e-15
   endloop
 endfacet
 facet normal -8.039487e-17 -5.790627e-17 -1.000000e+00
   outer loop
     vertex  3.204000e+01 -5.800000e+00  6.217249e-15
     vertex  4.526736e+01  2.185026e+01  3.552714e-15
     vertex  4.532749e+01  2.176677e+01  3.552714e-15
   endloop
 endfacet
 facet normal -7.764857e-17 -5.923002e-17 -1.000000e+00
   outer loop
     vertex  3.204000e+01 -5.800000e+00  6.217249e-15
     vertex  4.532749e+01  2.176677e+01  3.552714e-15
     vertex  4.538989e+01  2.168497e+01  3.552714e-15
   endloop
 endfacet
 facet normal -7.498543e-17 -6.052355e-17 -1.000000e+00
   outer loop
     vertex  3.204000e+01 -5.800000e+00  6.217249e-15
     vertex  4.538989e+01  2.168497e+01  3.552714e-15
     vertex  4.545451e+01  2.160491e+01  3.552714e-15
   endloop
 endfacet
 facet normal -7.239746e-17 -6.179034e-17 -1.000000e+00
   outer loop
     vertex  3.204000e+01 -5.800000e+00  6.217249e-15
     vertex  4.545451e+01  2.160491e+01  3.552714e-15
     vertex  4.552131e+01  2.152665e+01  3.552714e-15
   endloop
 endfacet
 facet normal -6.987731e-17 -6.303363e-17 -1.000000e+00
   outer loop
     vertex  3.204000e+01 -5.800000e+00  6.217249e-15
     vertex  4.552131e+01  2.152665e+01  3.552714e-15
     vertex  4.559022e+01  2.145025e+01  3.552714e-15
   endloop
 endfacet
 facet normal -6.741823e-17 -6.425641e-17 -1.000000e+00
   outer loop
     vertex  3.204000e+01 -5.800000e+00  6.217249e-15
     vertex  4.559022e+01  2.145025e+01  3.552714e-15
     vertex  4.566121e+01  2.137577e+01  3.552714e-15
   endloop
 endfacet
 facet normal -6.501399e-17 -6.546148e-17 -1.000000e+00
   outer loop
     vertex  3.204000e+01 -5.800000e+00  6.217249e-15
     vertex  4.566121e+01  2.137577e+01  3.552714e-15
     vertex  4.573421e+01  2.130327e+01  3.552714e-15
   endloop
 endfacet
 facet normal -6.265877e-17 -6.665148e-17 -1.000000e+00
   outer loop
     vertex  3.204000e+01 -5.800000e+00  6.217249e-15
     vertex  4.573421e+01  2.130327e+01  3.552714e-15
     vertex  4.580917e+01  2.123280e+01  3.552714e-15
   endloop
 endfacet
 facet normal -6.034716e-17 -6.782890e-17 -1.000000e+00
   outer loop
     vertex  3.204000e+01 -5.800000e+00  6.217249e-15
     vertex  4.580917e+01  2.123280e+01  3.552714e-15
     vertex  4.588604e+01  2.116441e+01  3.552714e-15
   endloop
 endfacet
 facet normal -5.807407e-17 -6.899612e-17 -1.000000e+00
   outer loop
     vertex  3.204000e+01 -5.800000e+00  6.217249e-15
     vertex  4.588604e+01  2.116441e+01  3.552714e-15
     vertex  4.596476e+01  2.109815e+01  3.552714e-15
   endloop
 endfacet
 facet normal -5.583469e-17 -7.015541e-17 -1.000000e+00
   outer loop
     vertex  3.204000e+01 -5.800000e+00  6.217249e-15
     vertex  4.596476e+01  2.109815e+01  3.552714e-15
     vertex  4.604526e+01  2.103408e+01  3.552714e-15
   endloop
 endfacet
 facet normal -5.362447e-17 -7.130896e-17 -1.000000e+00
   outer loop
     vertex  3.204000e+01 -5.800000e+00  6.217249e-15
     vertex  4.604526e+01  2.103408e+01  3.552714e-15
     vertex  4.612749e+01  2.097225e+01  3.552714e-15
   endloop
 endfacet
 facet normal -5.143904e-17 -7.245893e-17 -1.000000e+00
   outer loop
     vertex  3.204000e+01 -5.800000e+00  6.217249e-15
     vertex  4.612749e+01  2.097225e+01  3.552714e-15
     vertex  4.621139e+01  2.091269e+01  3.552714e-15
   endloop
 endfacet
 facet normal -4.927423e-17 -7.360739e-17 -1.000000e+00
   outer loop
     vertex  3.204000e+01 -5.800000e+00  6.217249e-15
     vertex  4.621139e+01  2.091269e+01  3.552714e-15
     vertex  4.629688e+01  2.085545e+01  3.552714e-15
   endloop
 endfacet
 facet normal -4.712597e-17 -7.475640e-17 -1.000000e+00
   outer loop
     vertex  3.204000e+01 -5.800000e+00  6.217249e-15
     vertex  4.629688e+01  2.085545e+01  3.552714e-15
     vertex  4.638392e+01  2.080059e+01  3.552714e-15
   endloop
 endfacet
 facet normal -4.499032e-17 -7.590802e-17 -1.000000e+00
   outer loop
     vertex  3.204000e+01 -5.800000e+00  6.217249e-15
     vertex  4.638392e+01  2.080059e+01  3.552714e-15
     vertex  4.647243e+01  2.074813e+01  3.552714e-15
   endloop
 endfacet
 facet normal -4.286342e-17 -7.706427e-17 -1.000000e+00
   outer loop
     vertex  3.204000e+01 -5.800000e+00  6.217249e-15
     vertex  4.647243e+01  2.074813e+01  3.552714e-15
     vertex  4.656235e+01  2.069812e+01  3.552714e-15
   endloop
 endfacet
 facet normal -4.074146e-17 -7.822722e-17 -1.000000e+00
   outer loop
     vertex  3.204000e+01 -5.800000e+00  6.217249e-15
     vertex  4.656235e+01  2.069812e+01  3.552714e-15
     vertex  4.665360e+01  2.065059e+01  3.552714e-15
   endloop
 endfacet
 facet normal -3.862063e-17 -7.939894e-17 -1.000000e+00
   outer loop
     vertex  3.204000e+01 -5.800000e+00  6.217249e-15
     vertex  4.665360e+01  2.065059e+01  3.552714e-15
     vertex  4.674612e+01  2.060559e+01  3.552714e-15
   endloop
 endfacet
 facet normal -3.649716e-17 -8.058157e-17 -1.000000e+00
   outer loop
     vertex  3.204000e+01 -5.800000e+00  6.217249e-15
     vertex  4.674612e+01  2.060559e+01  3.552714e-15
     vertex  4.683984e+01  2.056314e+01  3.552714e-15
   endloop
 endfacet
 facet normal -3.436721e-17 -8.177729e-17 -1.000000e+00
   outer loop
     vertex  3.204000e+01 -5.800000e+00  6.217249e-15
     vertex  4.683984e+01  2.056314e+01  3.552714e-15
     vertex  4.693470e+01  2.052327e+01  3.552714e-15
   endloop
 endfacet
 facet normal -3.222691e-17 -8.298836e-17 -1.000000e+00
   outer loop
     vertex  3.204000e+01 -5.800000e+00  6.217249e-15
     vertex  4.693470e+01  2.052327e+01  3.552714e-15
     vertex  4.703060e+01  2.048603e+01  3.552714e-15
   endloop
 endfacet
 facet normal -3.007229e-17 -8.421711e-17 -1.000000e+00
   outer loop
     vertex  3.204000e+01 -5.800000e+00  6.217249e-15
     vertex  4.703060e+01  2.048603e+01  3.552714e-15
     vertex  4.712750e+01  2.045143e+01  3.552714e-15
   endloop
 endfacet
 facet normal -2.789927e-17 -8.546601e-17 -1.000000e+00
   outer loop
     vertex  3.204000e+01 -5.800000e+00  6.217249e-15
     vertex  4.712750e+01  2.045143e+01  3.552714e-15
     vertex  4.722531e+01  2.041950e+01  3.552714e-15
   endloop
 endfacet
 facet normal -2.570364e-17 -8.673763e-17 -1.000000e+00
   outer loop
     vertex  3.204000e+01 -5.800000e+00  6.217249e-15
     vertex  4.722531e+01  2.041950e+01  3.552714e-15
     vertex  4.732396e+01  2.039027e+01  3.552714e-15
   endloop
 endfacet
 facet normal -2.348099e-17 -8.803471e-17 -1.000000e+00
   outer loop
     vertex  3.204000e+01 -5.800000e+00  6.217249e-15
     vertex  4.732396e+01  2.039027e+01  3.552714e-15
     vertex  4.742337e+01  2.036375e+01  3.552714e-15
   endloop
 endfacet
 facet normal -2.122671e-17 -8.936015e-17 -1.000000e+00
   outer loop
     vertex  3.204000e+01 -5.800000e+00  6.217249e-15
     vertex  4.742337e+01  2.036375e+01  3.552714e-15
     vertex  4.752347e+01  2.033998e+01  3.552714e-15
   endloop
 endfacet
 facet normal -1.893591e-17 -9.071706e-17 -1.000000e+00
   outer loop
     vertex  3.204000e+01 -5.800000e+00  6.217249e-15
     vertex  4.752347e+01  2.033998e+01  3.552714e-15
     vertex  4.762419e+01  2.031895e+01  3.552714e-15
   endloop
 endfacet
 facet normal -1.660342e-17 -9.210876e-17 -1.000000e+00
   outer loop
     vertex  3.204000e+01 -5.800000e+00  6.217249e-15
     vertex  4.762419e+01  2.031895e+01  3.552714e-15
     vertex  4.772544e+01  2.030070e+01  3.552714e-15
   endloop
 endfacet
 facet normal -1.422373e-17 -9.353886e-17 -1.000000e+00
   outer loop
     vertex  3.204000e+01 -5.800000e+00  6.217249e-15
     vertex  4.772544e+01  2.030070e+01  3.552714e-15
     vertex  4.782716e+01  2.028523e+01  3.552714e-15
   endloop
 endfacet
 facet normal -1.179089e-17 -9.501125e-17 -1.000000e+00
   outer loop
     vertex  3.204000e+01 -5.800000e+00  6.217249e-15
     vertex  4.782716e+01  2.028523e+01  3.552714e-15
     vertex  4.792926e+01  2.027256e+01  3.552714e-15
   endloop
 endfacet
 facet normal -9.298511e-18 -9.653017e-17 -1.000000e+00
   outer loop
     vertex  3.204000e+01 -5.800000e+00  6.217249e-15
     vertex  4.792926e+01  2.027256e+01  3.552714e-15
     vertex  4.803168e+01  2.026270e+01  3.552714e-15
   endloop
 endfacet
 facet normal -6.739636e-18 -9.810026e-17 -1.000000e+00
   outer loop
     vertex  3.204000e+01 -5.800000e+00  6.217249e-15
     vertex  4.803168e+01  2.026270e+01  3.552714e-15
     vertex  4.813432e+01  2.025564e+01  3.552714e-15
   endloop
 endfacet
 facet normal -4.106690e-18 -9.972660e-17 -1.000000e+00
   outer loop
     vertex  3.204000e+01 -5.800000e+00  6.217249e-15
     vertex  4.813432e+01  2.025564e+01  3.552714e-15
     vertex  4.823712e+01  2.025141e+01  3.552714e-15
   endloop
 endfacet
 facet normal -1.391371e-18 -1.014148e-16 -1.000000e+00
   outer loop
     vertex  3.204000e+01 -5.800000e+00  6.217249e-15
     vertex  4.823712e+01  2.025141e+01  3.552714e-15
     vertex  4.834000e+01  2.025000e+01  3.552714e-15
   endloop
 endfacet
 facet normal  7.532821e-18 -4.178890e-17 -1.000000e+00
   outer loop
     vertex  3.204000e+01 -3.820000e+01  1.021405e-14
     vertex -2.569053e+01 -3.797948e+01  9.769963e-15
     vertex -2.465097e+01 -3.779209e+01  9.769963e-15
   endloop
 endfacet
 facet normal  7.572476e-18 -3.627778e-17 -1.000000e+00
   outer loop
     vertex  3.204000e+01 -3.820000e+01  1.021405e-14
     vertex -2.465097e+01 -3.779209e+01  9.769963e-15
     vertex -2.361695e+01 -3.757625e+01  9.769963e-15
   endloop
 endfacet
 facet normal  7.619556e-18 -3.207680e-17 -1.000000e+00
   outer loop
     vertex  3.204000e+01 -3.820000e+01  1.021405e-14
     vertex -2.361695e+01 -3.757625e+01  9.769963e-15
     vertex -2.258924e+01 -3.733212e+01  9.769963e-15
   endloop
 endfacet
 facet normal  7.672178e-18 -2.876446e-17 -1.000000e+00
   outer loop
     vertex  3.204000e+01 -3.820000e+01  1.021405e-14
     vertex -2.258924e+01 -3.733212e+01  9.769963e-15
     vertex -2.156861e+01 -3.705990e+01  9.769963e-15
   endloop
 endfacet
 facet normal  7.729217e-18 -2.608245e-17 -1.000000e+00
   outer loop
     vertex  3.204000e+01 -3.820000e+01  1.021405e-14
     vertex -2.156861e+01 -3.705990e+01  9.769963e-15
     vertex -2.055583e+01 -3.675977e+01  9.769963e-15
   endloop
 endfacet
 facet normal  7.789975e-18 -2.386363e-17 -1.000000e+00
   outer loop
     vertex  3.204000e+01 -3.820000e+01  1.021405e-14
     vertex -2.055583e+01 -3.675977e+01  9.769963e-15
     vertex -1.955167e+01 -3.643198e+01  9.769963e-15
   endloop
 endfacet
 facet normal  7.854009e-18 -2.199507e-17 -1.000000e+00
   outer loop
     vertex  3.204000e+01 -3.820000e+01  1.021405e-14
     vertex -1.955167e+01 -3.643198e+01  9.769963e-15
     vertex -1.855688e+01 -3.607676e+01  9.769963e-15
   endloop
 endfacet
 facet normal  7.921042e-18 -2.039768e-17 -1.000000e+00
   outer loop
     vertex  3.204000e+01 -3.820000e+01  1.021405e-14
     vertex -1.855688e+01 -3.607676e+01  9.769963e-15
     vertex -1.757221e+01 -3.569438e+01  9.769963e-15
   endloop
 endfacet
 facet normal  7.990900e-18 -1.901447e-17 -1.000000e+00
   outer loop
     vertex  3.204000e+01 -3.820000e+01  1.021405e-14
     vertex -1.757221e+01 -3.569438e+01  9.769963e-15
     vertex -1.659839e+01 -3.528513e+01  9.769963e-15
   endloop
 endfacet
 facet normal  8.063487e-18 -1.780326e-17 -1.000000e+00
   outer loop
     vertex  3.204000e+01 -3.820000e+01  1.021405e-14
     vertex -1.659839e+01 -3.528513e+01  9.769963e-15
     vertex -1.563618e+01 -3.484932e+01  9.769963e-15
   endloop
 endfacet
 facet normal  8.138760e-18 -1.673222e-17 -1.000000e+00
   outer loop
     vertex  3.204000e+01 -3.820000e+01  1.021405e-14
     vertex -1.563618e+01 -3.484932e+01  9.769963e-15
     vertex -1.468628e+01 -3.438728e+01  9.769963e-15
   endloop
 endfacet
 facet normal -5.598952e-17 -8.026477e-16 -1.000000e+00
   outer loop
     vertex  3.204000e+01 -3.820000e+01  1.021405e-14
     vertex -1.468628e+01 -3.438728e+01  9.769963e-15
     vertex -1.374941e+01 -3.389935e+01  9.325873e-15
   endloop
 endfacet
 facet normal  1.659478e-17 -2.983580e-17 -1.000000e+00
   outer loop
     vertex  3.204000e+01 -3.820000e+01  1.021405e-14
     vertex -1.374941e+01 -3.389935e+01  9.325873e-15
     vertex -1.282629e+01 -3.338591e+01  9.325873e-15
   endloop
 endfacet
 facet normal  1.676167e-17 -2.828042e-17 -1.000000e+00
   outer loop
     vertex  3.204000e+01 -3.820000e+01  1.021405e-14
     vertex -1.282629e+01 -3.338591e+01  9.325873e-15
     vertex -1.191759e+01 -3.284733e+01  9.325873e-15
   endloop
 endfacet
 facet normal  1.693427e-17 -2.686300e-17 -1.000000e+00
   outer loop
     vertex  3.204000e+01 -3.820000e+01  1.021405e-14
     vertex -1.191759e+01 -3.284733e+01  9.325873e-15
     vertex -1.102401e+01 -3.228402e+01  9.325873e-15
   endloop
 endfacet
 facet normal  1.711277e-17 -2.556360e-17 -1.000000e+00
   outer loop
     vertex  3.204000e+01 -3.820000e+01  1.021405e-14
     vertex -1.102401e+01 -3.228402e+01  9.325873e-15
     vertex -1.014623e+01 -3.169641e+01  9.325873e-15
   endloop
 endfacet
 facet normal  1.729743e-17 -2.436580e-17 -1.000000e+00
   outer loop
     vertex  3.204000e+01 -3.820000e+01  1.021405e-14
     vertex -1.014623e+01 -3.169641e+01  9.325873e-15
     vertex -9.284893e+00 -3.108495e+01  9.325873e-15
   endloop
 endfacet
 facet normal  1.748852e-17 -2.325595e-17 -1.000000e+00
   outer loop
     vertex  3.204000e+01 -3.820000e+01  1.021405e-14
     vertex -9.284893e+00 -3.108495e+01  9.325873e-15
     vertex -8.440657e+00 -3.045008e+01  9.325873e-15
   endloop
 endfacet
 facet normal -8.650190e-17 -5.664358e-16 -1.000000e+00
   outer loop
     vertex  3.204000e+01 -3.820000e+01  1.021405e-14
     vertex -8.440657e+00 -3.045008e+01  9.325873e-15
     vertex -7.614155e+00 -2.979229e+01  8.881784e-15
   endloop
 endfacet
 facet normal  2.683691e-17 -3.188415e-17 -1.000000e+00
   outer loop
     vertex  3.204000e+01 -3.820000e+01  1.021405e-14
     vertex -7.614155e+00 -2.979229e+01  8.881784e-15
     vertex -6.806011e+00 -2.911207e+01  8.881784e-15
   endloop
 endfacet
 facet normal  2.715553e-17 -3.052223e-17 -1.000000e+00
   outer loop
     vertex  3.204000e+01 -3.820000e+01  1.021405e-14
     vertex -6.806011e+00 -2.911207e+01  8.881784e-15
     vertex -6.016831e+00 -2.840994e+01  8.881784e-15
   endloop
 endfacet
 facet normal  2.748603e-17 -2.923748e-17 -1.000000e+00
   outer loop
     vertex  3.204000e+01 -3.820000e+01  1.021405e-14
     vertex -6.016831e+00 -2.840994e+01  8.881784e-15
     vertex -5.247211e+00 -2.768643e+01  8.881784e-15
   endloop
 endfacet
 facet normal  2.782912e-17 -2.802067e-17 -1.000000e+00
   outer loop
     vertex  3.204000e+01 -3.820000e+01  1.021405e-14
     vertex -5.247211e+00 -2.768643e+01  8.881784e-15
     vertex -4.497730e+00 -2.694207e+01  8.881784e-15
   endloop
 endfacet
 facet normal  2.818560e-17 -2.686373e-17 -1.000000e+00
   outer loop
     vertex  3.204000e+01 -3.820000e+01  1.021405e-14
     vertex -4.497730e+00 -2.694207e+01  8.881784e-15
     vertex -3.768951e+00 -2.617743e+01  8.881784e-15
   endloop
 endfacet
 facet normal -1.173490e-16 -4.603353e-16 -1.000000e+00
   outer loop
     vertex  3.204000e+01 -3.820000e+01  1.021405e-14
     vertex -3.768951e+00 -2.617743e+01  8.881784e-15
     vertex -3.061424e+00 -2.539309e+01  8.437695e-15
   endloop
 endfacet
 facet normal  3.858964e-17 -3.293578e-17 -1.000000e+00
   outer loop
     vertex  3.204000e+01 -3.820000e+01  1.021405e-14
     vertex -3.061424e+00 -2.539309e+01  8.437695e-15
     vertex -2.375681e+00 -2.458963e+01  8.437695e-15
   endloop
 endfacet
 facet normal  3.912584e-17 -3.157992e-17 -1.000000e+00
   outer loop
     vertex  3.204000e+01 -3.820000e+01  1.021405e-14
     vertex -2.375681e+00 -2.458963e+01  8.437695e-15
     vertex -1.712238e+00 -2.376766e+01  8.437695e-15
   endloop
 endfacet
 facet normal  3.968522e-17 -3.027173e-17 -1.000000e+00
   outer loop
     vertex  3.204000e+01 -3.820000e+01  1.021405e-14
     vertex -1.712238e+00 -2.376766e+01  8.437695e-15
     vertex -1.071595e+00 -2.292779e+01  8.437695e-15
   endloop
 endfacet
 facet normal  4.026947e-17 -2.900502e-17 -1.000000e+00
   outer loop
     vertex  3.204000e+01 -3.820000e+01  1.021405e-14
     vertex -1.071595e+00 -2.292779e+01  8.437695e-15
     vertex -4.542334e-01 -2.207067e+01  8.437695e-15
   endloop
 endfacet
 facet normal -1.477849e-16 -4.078604e-16 -1.000000e+00
   outer loop
     vertex  3.204000e+01 -3.820000e+01  1.021405e-14
     vertex -4.542334e-01 -2.207067e+01  8.437695e-15
     vertex  1.393812e-01 -2.119694e+01  7.993606e-15
   endloop
 endfacet
 facet normal  5.190028e-17 -3.321726e-17 -1.000000e+00
   outer loop
     vertex  3.204000e+01 -3.820000e+01  1.021405e-14
     vertex  1.393812e-01 -2.119694e+01  7.993606e-15
     vertex  7.088022e-01 -2.030725e+01  7.993606e-15
   endloop
 endfacet
 facet normal  5.273883e-17 -3.174890e-17 -1.000000e+00
   outer loop
     vertex  3.204000e+01 -3.820000e+01  1.021405e-14
     vertex  7.088022e-01 -2.030725e+01  7.993606e-15
     vertex  1.253601e+00 -1.940227e+01  7.993606e-15
   endloop
 endfacet
 facet normal  5.361940e-17 -3.030673e-17 -1.000000e+00
   outer loop
     vertex  3.204000e+01 -3.820000e+01  1.021405e-14
     vertex  1.253601e+00 -1.940227e+01  7.993606e-15
     vertex  1.773368e+00 -1.848268e+01  7.993606e-15
   endloop
 endfacet
 facet normal -1.758765e-16 -3.825893e-16 -1.000000e+00
   outer loop
     vertex  3.204000e+01 -3.820000e+01  1.021405e-14
     vertex  1.773368e+00 -1.848268e+01  7.993606e-15
     vertex  2.267711e+00 -1.754919e+01  7.549517e-15
   endloop
 endfacet
 facet normal  6.662528e-17 -3.297440e-17 -1.000000e+00
   outer loop
     vertex  3.204000e+01 -3.820000e+01  1.021405e-14
     vertex  2.267711e+00 -1.754919e+01  7.549517e-15
     vertex  2.736258e+00 -1.660248e+01  7.549517e-15
   endloop
 endfacet
 facet normal -8.359801e-18 -1.233581e-16 -1.000000e+00
   outer loop
     vertex  3.204000e+01 -3.820000e+01  1.021405e-14
     vertex  3.594575e+00 -1.467229e+01  7.549517e-15
     vertex  3.204000e+01 -5.800000e+00  6.217249e-15
   endloop
 endfacet
 facet normal  6.786062e-17 -3.129828e-17 -1.000000e+00
   outer loop
     vertex  3.204000e+01 -3.820000e+01  1.021405e-14
     vertex  2.736258e+00 -1.660248e+01  7.549517e-15
     vertex  3.178657e+00 -1.564328e+01  7.549517e-15
   endloop
 endfacet
 facet normal  6.916654e-17 -2.962735e-17 -1.000000e+00
   outer loop
     vertex  3.204000e+01 -3.820000e+01  1.021405e-14
     vertex  3.178657e+00 -1.564328e+01  7.549517e-15
     vertex  3.594575e+00 -1.467229e+01  7.549517e-15
   endloop
 endfacet
 facet normal  1.151970e-17 -9.282597e-17 -1.000000e+00
   outer loop
     vertex  6.996000e+01 -5.800000e+00  6.217249e-15
     vertex  4.875074e+01  2.027256e+01  3.552714e-15
     vertex  4.885284e+01  2.028523e+01  3.552714e-15
   endloop
 endfacet
 facet normal  1.383094e-17 -9.095580e-17 -1.000000e+00
   outer loop
     vertex  6.996000e+01 -5.800000e+00  6.217249e-15
     vertex  4.885284e+01  2.028523e+01  3.552714e-15
     vertex  4.895456e+01  2.030070e+01  3.552714e-15
   endloop
 endfacet
 facet normal  1.607067e-17 -8.915330e-17 -1.000000e+00
   outer loop
     vertex  6.996000e+01 -5.800000e+00  6.217249e-15
     vertex  4.895456e+01  2.030070e+01  3.552714e-15
     vertex  4.905581e+01  2.031895e+01  3.552714e-15
   endloop
 endfacet
 facet normal  1.824607e-17 -8.741223e-17 -1.000000e+00
   outer loop
     vertex  6.996000e+01 -5.800000e+00  6.217249e-15
     vertex  4.905581e+01  2.031895e+01  3.552714e-15
     vertex  4.915653e+01  2.033998e+01  3.552714e-15
   endloop
 endfacet
 facet normal  2.036367e-17 -8.572695e-17 -1.000000e+00
   outer loop
     vertex  6.996000e+01 -5.800000e+00  6.217249e-15
     vertex  4.915653e+01  2.033998e+01  3.552714e-15
     vertex  4.925663e+01  2.036375e+01  3.552714e-15
   endloop
 endfacet
 facet normal -3.463393e-18 -1.072264e-16 -1.000000e+00
   outer loop
     vertex  6.996000e+01 -5.800000e+00  6.217249e-15
     vertex  5.208286e+01  2.376864e+01  3.108624e-15
     vertex  8.180000e+01  5.180000e+01  0.000000e+00
   endloop
 endfacet
 facet normal  2.242945e-17 -8.409229e-17 -1.000000e+00
   outer loop
     vertex  6.996000e+01 -5.800000e+00  6.217249e-15
     vertex  4.925663e+01  2.036375e+01  3.552714e-15
     vertex  4.935604e+01  2.039027e+01  3.552714e-15
   endloop
 endfacet
 facet normal  2.444893e-17 -8.250356e-17 -1.000000e+00
   outer loop
     vertex  6.996000e+01 -5.800000e+00  6.217249e-15
     vertex  4.935604e+01  2.039027e+01  3.552714e-15
     vertex  4.945469e+01  2.041950e+01  3.552714e-15
   endloop
 endfacet
 facet normal  2.642719e-17 -8.095644e-17 -1.000000e+00
   outer loop
     vertex  6.996000e+01 -5.800000e+00  6.217249e-15
     vertex  4.945469e+01  2.041950e+01  3.552714e-15
     vertex  4.955250e+01  2.045143e+01  3.552714e-15
   endloop
 endfacet
 facet normal  2.836895e-17 -7.944694e-17 -1.000000e+00
   outer loop
     vertex  6.996000e+01 -5.800000e+00  6.217249e-15
     vertex  4.955250e+01  2.045143e+01  3.552714e-15
     vertex  4.964940e+01  2.048603e+01  3.552714e-15
   endloop
 endfacet
 facet normal  3.027865e-17 -7.797136e-17 -1.000000e+00
   outer loop
     vertex  6.996000e+01 -5.800000e+00  6.217249e-15
     vertex  4.964940e+01  2.048603e+01  3.552714e-15
     vertex  4.974530e+01  2.052327e+01  3.552714e-15
   endloop
 endfacet
 facet normal  3.216044e-17 -7.652626e-17 -1.000000e+00
   outer loop
     vertex  6.996000e+01 -5.800000e+00  6.217249e-15
     vertex  4.974530e+01  2.052327e+01  3.552714e-15
     vertex  4.984016e+01  2.056314e+01  3.552714e-15
   endloop
 endfacet
 facet normal  3.401825e-17 -7.510842e-17 -1.000000e+00
   outer loop
     vertex  6.996000e+01 -5.800000e+00  6.217249e-15
     vertex  4.984016e+01  2.056314e+01  3.552714e-15
     vertex  4.993388e+01  2.060559e+01  3.552714e-15
   endloop
 endfacet
 facet normal  3.585580e-17 -7.371481e-17 -1.000000e+00
   outer loop
     vertex  6.996000e+01 -5.800000e+00  6.217249e-15
     vertex  4.993388e+01  2.060559e+01  3.552714e-15
     vertex  5.002640e+01  2.065059e+01  3.552714e-15
   endloop
 endfacet
 facet normal  3.767668e-17 -7.234257e-17 -1.000000e+00
   outer loop
     vertex  6.996000e+01 -5.800000e+00  6.217249e-15
     vertex  5.002640e+01  2.065059e+01  3.552714e-15
     vertex  5.011765e+01  2.069812e+01  3.552714e-15
   endloop
 endfacet
 facet normal  3.948432e-17 -7.098897e-17 -1.000000e+00
   outer loop
     vertex  6.996000e+01 -5.800000e+00  6.217249e-15
     vertex  5.011765e+01  2.069812e+01  3.552714e-15
     vertex  5.020757e+01  2.074813e+01  3.552714e-15
   endloop
 endfacet
 facet normal  4.128206e-17 -6.965140e-17 -1.000000e+00
   outer loop
     vertex  6.996000e+01 -5.800000e+00  6.217249e-15
     vertex  5.020757e+01  2.074813e+01  3.552714e-15
     vertex  5.029608e+01  2.080059e+01  3.552714e-15
   endloop
 endfacet
 facet normal  4.307315e-17 -6.832738e-17 -1.000000e+00
   outer loop
     vertex  6.996000e+01 -5.800000e+00  6.217249e-15
     vertex  5.029608e+01  2.080059e+01  3.552714e-15
     vertex  5.038312e+01  2.085545e+01  3.552714e-15
   endloop
 endfacet
 facet normal  4.486079e-17 -6.701446e-17 -1.000000e+00
   outer loop
     vertex  6.996000e+01 -5.800000e+00  6.217249e-15
     vertex  5.038312e+01  2.085545e+01  3.552714e-15
     vertex  5.046861e+01  2.091269e+01  3.552714e-15
   endloop
 endfacet
 facet normal  4.664814e-17 -6.571029e-17 -1.000000e+00
   outer loop
     vertex  6.996000e+01 -5.800000e+00  6.217249e-15
     vertex  5.046861e+01  2.091269e+01  3.552714e-15
     vertex  5.055251e+01  2.097225e+01  3.552714e-15
   endloop
 endfacet
 facet normal  4.843835e-17 -6.441255e-17 -1.000000e+00
   outer loop
     vertex  6.996000e+01 -5.800000e+00  6.217249e-15
     vertex  5.055251e+01  2.097225e+01  3.552714e-15
     vertex  5.063474e+01  2.103408e+01  3.552714e-15
   endloop
 endfacet
 facet normal  5.023457e-17 -6.311895e-17 -1.000000e+00
   outer loop
     vertex  6.996000e+01 -5.800000e+00  6.217249e-15
     vertex  5.063474e+01  2.103408e+01  3.552714e-15
     vertex  5.071524e+01  2.109815e+01  3.552714e-15
   endloop
 endfacet
 facet normal  5.204000e-17 -6.182722e-17 -1.000000e+00
   outer loop
     vertex  6.996000e+01 -5.800000e+00  6.217249e-15
     vertex  5.071524e+01  2.109815e+01  3.552714e-15
     vertex  5.079396e+01  2.116441e+01  3.552714e-15
   endloop
 endfacet
 facet normal  5.385788e-17 -6.053509e-17 -1.000000e+00
   outer loop
     vertex  6.996000e+01 -5.800000e+00  6.217249e-15
     vertex  5.079396e+01  2.116441e+01  3.552714e-15
     vertex  5.087083e+01  2.123280e+01  3.552714e-15
   endloop
 endfacet
 facet normal  5.569152e-17 -5.924027e-17 -1.000000e+00
   outer loop
     vertex  6.996000e+01 -5.800000e+00  6.217249e-15
     vertex  5.087083e+01  2.123280e+01  3.552714e-15
     vertex  5.094579e+01  2.130327e+01  3.552714e-15
   endloop
 endfacet
 facet normal  5.754435e-17 -5.794043e-17 -1.000000e+00
   outer loop
     vertex  6.996000e+01 -5.800000e+00  6.217249e-15
     vertex  5.094579e+01  2.130327e+01  3.552714e-15
     vertex  5.101879e+01  2.137577e+01  3.552714e-15
   endloop
 endfacet
 facet normal  5.941990e-17 -5.663319e-17 -1.000000e+00
   outer loop
     vertex  6.996000e+01 -5.800000e+00  6.217249e-15
     vertex  5.101879e+01  2.137577e+01  3.552714e-15
     vertex  5.108978e+01  2.145025e+01  3.552714e-15
   endloop
 endfacet
 facet normal  6.132188e-17 -5.531611e-17 -1.000000e+00
   outer loop
     vertex  6.996000e+01 -5.800000e+00  6.217249e-15
     vertex  5.108978e+01  2.145025e+01  3.552714e-15
     vertex  5.115869e+01  2.152665e+01  3.552714e-15
   endloop
 endfacet
 facet normal  6.325417e-17 -5.398665e-17 -1.000000e+00
   outer loop
     vertex  6.996000e+01 -5.800000e+00  6.217249e-15
     vertex  5.115869e+01  2.152665e+01  3.552714e-15
     vertex  5.122549e+01  2.160491e+01  3.552714e-15
   endloop
 endfacet
 facet normal  6.522085e-17 -5.264219e-17 -1.000000e+00
   outer loop
     vertex  6.996000e+01 -5.800000e+00  6.217249e-15
     vertex  5.122549e+01  2.160491e+01  3.552714e-15
     vertex  5.129011e+01  2.168497e+01  3.552714e-15
   endloop
 endfacet
 facet normal  6.722629e-17 -5.127994e-17 -1.000000e+00
   outer loop
     vertex  6.996000e+01 -5.800000e+00  6.217249e-15
     vertex  5.129011e+01  2.168497e+01  3.552714e-15
     vertex  5.135251e+01  2.176677e+01  3.552714e-15
   endloop
 endfacet
 facet normal  6.927511e-17 -4.989700e-17 -1.000000e+00
   outer loop
     vertex  6.996000e+01 -5.800000e+00  6.217249e-15
     vertex  5.135251e+01  2.176677e+01  3.552714e-15
     vertex  5.141264e+01  2.185026e+01  3.552714e-15
   endloop
 endfacet
 facet normal  7.137228e-17 -4.849024e-17 -1.000000e+00
   outer loop
     vertex  6.996000e+01 -5.800000e+00  6.217249e-15
     vertex  5.141264e+01  2.185026e+01  3.552714e-15
     vertex  5.147046e+01  2.193536e+01  3.552714e-15
   endloop
 endfacet
 facet normal -3.848380e-15 -2.661560e-15 -1.000000e+00
   outer loop
     vertex  6.996000e+01 -5.800000e+00  6.217249e-15
     vertex  5.147046e+01  2.193536e+01  3.552714e-15
     vertex  5.152592e+01  2.202202e+01  3.108624e-15
   endloop
 endfacet
 facet normal  8.835587e-17 -5.319043e-17 -1.000000e+00
   outer loop
     vertex  6.996000e+01 -5.800000e+00  6.217249e-15
     vertex  5.152592e+01  2.202202e+01  3.108624e-15
     vertex  5.157899e+01  2.211017e+01  3.108624e-15
   endloop
 endfacet
 facet normal  9.101152e-17 -5.144149e-17 -1.000000e+00
   outer loop
     vertex  6.996000e+01 -5.800000e+00  6.217249e-15
     vertex  5.157899e+01  2.211017e+01  3.108624e-15
     vertex  5.162961e+01  2.219974e+01  3.108624e-15
   endloop
 endfacet
 facet normal  9.375203e-17 -4.964738e-17 -1.000000e+00
   outer loop
     vertex  6.996000e+01 -5.800000e+00  6.217249e-15
     vertex  5.162961e+01  2.219974e+01  3.108624e-15
     vertex  5.167776e+01  2.229066e+01  3.108624e-15
   endloop
 endfacet
 facet normal  9.658625e-17 -4.780278e-17 -1.000000e+00
   outer loop
     vertex  6.996000e+01 -5.800000e+00  6.217249e-15
     vertex  5.167776e+01  2.229066e+01  3.108624e-15
     vertex  5.172340e+01  2.238288e+01  3.108624e-15
   endloop
 endfacet
 facet normal  9.952394e-17 -4.590186e-17 -1.000000e+00
   outer loop
     vertex  6.996000e+01 -5.800000e+00  6.217249e-15
     vertex  5.172340e+01  2.238288e+01  3.108624e-15
     vertex  5.176649e+01  2.247630e+01  3.108624e-15
   endloop
 endfacet
 facet normal  1.025759e-16 -4.393817e-17 -1.000000e+00
   outer loop
     vertex  6.996000e+01 -5.800000e+00  6.217249e-15
     vertex  5.176649e+01  2.247630e+01  3.108624e-15
     vertex  5.180700e+01  2.257088e+01  3.108624e-15
   endloop
 endfacet
 facet normal  1.057541e-16 -4.190459e-17 -1.000000e+00
   outer loop
     vertex  6.996000e+01 -5.800000e+00  6.217249e-15
     vertex  5.180700e+01  2.257088e+01  3.108624e-15
     vertex  5.184491e+01  2.266653e+01  3.108624e-15
   endloop
 endfacet
 facet normal  1.090721e-16 -3.979316e-17 -1.000000e+00
   outer loop
     vertex  6.996000e+01 -5.800000e+00  6.217249e-15
     vertex  5.184491e+01  2.266653e+01  3.108624e-15
     vertex  5.188017e+01  2.276319e+01  3.108624e-15
   endloop
 endfacet
 facet normal  1.125448e-16 -3.759499e-17 -1.000000e+00
   outer loop
     vertex  6.996000e+01 -5.800000e+00  6.217249e-15
     vertex  5.188017e+01  2.276319e+01  3.108624e-15
     vertex  5.191277e+01  2.286077e+01  3.108624e-15
   endloop
 endfacet
 facet normal -0.000000e+00 -1.021969e-16 -1.000000e+00
   outer loop
     vertex  6.996000e+01 -5.800000e+00  6.217249e-15
     vertex  3.204000e+01 -5.800000e+00  6.217249e-15
     vertex  4.875074e+01  2.027256e+01  3.552714e-15
   endloop
 endfacet
 facet normal  1.161894e-16 -3.530007e-17 -1.000000e+00
   outer loop
     vertex  6.996000e+01 -5.800000e+00  6.217249e-15
     vertex  5.191277e+01  2.286077e+01  3.108624e-15
     vertex  5.194268e+01  2.295922e+01  3.108624e-15
   endloop
 endfacet
 facet normal  1.200250e-16 -3.289709e-17 -1.000000e+00
   outer loop
     vertex  6.996000e+01 -5.800000e+00  6.217249e-15
     vertex  5.194268e+01  2.295922e+01  3.108624e-15
     vertex  5.196987e+01  2.305845e+01  3.108624e-15
   endloop
 endfacet
 facet normal  1.240737e-16 -3.037317e-17 -1.000000e+00
   outer loop
     vertex  6.996000e+01 -5.800000e+00  6.217249e-15
     vertex  5.196987e+01  2.305845e+01  3.108624e-15
     vertex  5.199434e+01  2.315838e+01  3.108624e-15
   endloop
 endfacet
 facet normal  1.283606e-16 -2.771363e-17 -1.000000e+00
   outer loop
     vertex  6.996000e+01 -5.800000e+00  6.217249e-15
     vertex  5.199434e+01  2.315838e+01  3.108624e-15
     vertex  5.201605e+01  2.325895e+01  3.108624e-15
   endloop
 endfacet
 facet normal  1.329145e-16 -2.490154e-17 -1.000000e+00
   outer loop
     vertex  6.996000e+01 -5.800000e+00  6.217249e-15
     vertex  5.201605e+01  2.325895e+01  3.108624e-15
     vertex  5.203500e+01  2.336008e+01  3.108624e-15
   endloop
 endfacet
 facet normal  1.377691e-16 -2.191737e-17 -1.000000e+00
   outer loop
     vertex  6.996000e+01 -5.800000e+00  6.217249e-15
     vertex  5.203500e+01  2.336008e+01  3.108624e-15
     vertex  5.205116e+01  2.346169e+01  3.108624e-15
   endloop
 endfacet
 facet normal  1.429634e-16 -1.873836e-17 -1.000000e+00
   outer loop
     vertex  6.996000e+01 -5.800000e+00  6.217249e-15
     vertex  5.205116e+01  2.346169e+01  3.108624e-15
     vertex  5.206453e+01  2.356371e+01  3.108624e-15
   endloop
 endfacet
 facet normal  1.485431e-16 -1.533785e-17 -1.000000e+00
   outer loop
     vertex  6.996000e+01 -5.800000e+00  6.217249e-15
     vertex  5.206453e+01  2.356371e+01  3.108624e-15
     vertex  5.207510e+01  2.366605e+01  3.108624e-15
   endloop
 endfacet
 facet normal  1.545623e-16 -1.168439e-17 -1.000000e+00
   outer loop
     vertex  6.996000e+01 -5.800000e+00  6.217249e-15
     vertex  5.207510e+01  2.366605e+01  3.108624e-15
     vertex  5.208286e+01  2.376864e+01  3.108624e-15
   endloop
 endfacet
 facet normal  0.000000e+00 -6.285981e-17 -1.000000e+00
   outer loop
     vertex  6.521252e+01 -4.526476e+01  1.065814e-14
     vertex  3.204000e+01 -3.820000e+01  1.021405e-14
     vertex  6.996000e+01 -3.820000e+01  1.021405e-14
   endloop
 endfacet
 facet normal  1.107638e-17 -1.085076e-17 -1.000000e+00
   outer loop
     vertex  6.518180e+01 -4.529611e+01  1.065814e-14
     vertex  3.204000e+01 -3.820000e+01  1.021405e-14
     vertex  6.521252e+01 -4.526476e+01  1.065814e-14
   endloop
 endfacet
 facet normal  1.732137e-16 -1.792586e-16 -1.000000e+00
   outer loop
     vertex  6.524408e+01 -4.523425e+01  1.065814e-14
     vertex  6.521252e+01 -4.526476e+01  1.065814e-14
     vertex  6.996000e+01 -3.820000e+01  1.021405e-14
   endloop
 endfacet
 facet normal  1.118001e-17 -1.036674e-17 -1.000000e+00
   outer loop
     vertex  6.515195e+01 -4.532830e+01  1.065814e-14
     vertex  3.204000e+01 -3.820000e+01  1.021405e-14
     vertex  6.518180e+01 -4.529611e+01  1.065814e-14
   endloop
 endfacet
 facet normal  1.492576e-16 -1.631979e-16 -1.000000e+00
   outer loop
     vertex  6.527648e+01 -4.520462e+01  1.065814e-14
     vertex  6.524408e+01 -4.523425e+01  1.065814e-14
     vertex  6.996000e+01 -3.820000e+01  1.021405e-14
   endloop
 endfacet
 facet normal  1.128077e-17 -9.898679e-18 -1.000000e+00
   outer loop
     vertex  6.512299e+01 -4.536130e+01  1.065814e-14
     vertex  3.204000e+01 -3.820000e+01  1.021405e-14
     vertex  6.515195e+01 -4.532830e+01  1.065814e-14
   endloop
 endfacet
 facet normal  1.302147e-16 -1.504652e-16 -1.000000e+00
   outer loop
     vertex  6.530967e+01 -4.517590e+01  1.065814e-14
     vertex  6.527648e+01 -4.520462e+01  1.065814e-14
     vertex  6.996000e+01 -3.820000e+01  1.021405e-14
   endloop
 endfacet
 facet normal  1.137896e-17 -9.445091e-18 -1.000000e+00
   outer loop
     vertex  6.509496e+01 -4.539508e+01  1.065814e-14
     vertex  3.204000e+01 -3.820000e+01  1.021405e-14
     vertex  6.512299e+01 -4.536130e+01  1.065814e-14
   endloop
 endfacet
 facet normal  1.146878e-16 -1.401146e-16 -1.000000e+00
   outer loop
     vertex  6.534364e+01 -4.514809e+01  1.065814e-14
     vertex  6.530967e+01 -4.517590e+01  1.065814e-14
     vertex  6.996000e+01 -3.820000e+01  1.021405e-14
   endloop
 endfacet
 facet normal  1.147484e-17 -9.004626e-18 -1.000000e+00
   outer loop
     vertex  6.506786e+01 -4.542961e+01  1.065814e-14
     vertex  3.204000e+01 -3.820000e+01  1.021405e-14
     vertex  6.509496e+01 -4.539508e+01  1.065814e-14
   endloop
 endfacet
 facet normal  1.017633e-16 -1.315275e-16 -1.000000e+00
   outer loop
     vertex  6.537836e+01 -4.512123e+01  1.065814e-14
     vertex  6.534364e+01 -4.514809e+01  1.065814e-14
     vertex  6.996000e+01 -3.820000e+01  1.021405e-14
   endloop
 endfacet
 facet normal  1.156865e-17 -8.576052e-18 -1.000000e+00
   outer loop
     vertex  6.504171e+01 -4.546488e+01  1.065814e-14
     vertex  3.204000e+01 -3.820000e+01  1.021405e-14
     vertex  6.506786e+01 -4.542961e+01  1.065814e-14
   endloop
 endfacet
 facet normal  9.081841e-17 -1.242823e-16 -1.000000e+00
   outer loop
     vertex  6.541381e+01 -4.509533e+01  1.065814e-14
     vertex  6.537836e+01 -4.512123e+01  1.065814e-14
     vertex  6.996000e+01 -3.820000e+01  1.021405e-14
   endloop
 endfacet
 facet normal  1.166063e-17 -8.158237e-18 -1.000000e+00
   outer loop
     vertex  6.501655e+01 -4.550085e+01  1.065814e-14
     vertex  3.204000e+01 -3.820000e+01  1.021405e-14
     vertex  6.504171e+01 -4.546488e+01  1.065814e-14
   endloop
 endfacet
 facet normal  8.141407e-17 -1.180819e-16 -1.000000e+00
   outer loop
     vertex  6.544995e+01 -4.507041e+01  1.065814e-14
     vertex  6.541381e+01 -4.509533e+01  1.065814e-14
     vertex  6.996000e+01 -3.820000e+01  1.021405e-14
   endloop
 endfacet
 facet normal  1.175098e-17 -7.750140e-18 -1.000000e+00
   outer loop
     vertex  6.499238e+01 -4.553749e+01  1.065814e-14
     vertex  3.204000e+01 -3.820000e+01  1.021405e-14
     vertex  6.501655e+01 -4.550085e+01  1.065814e-14
   endloop
 endfacet
 facet normal  7.323179e-17 -1.127106e-16 -1.000000e+00
   outer loop
     vertex  6.548676e+01 -4.504649e+01  1.065814e-14
     vertex  6.544995e+01 -4.507041e+01  1.065814e-14
     vertex  6.996000e+01 -3.820000e+01  1.021405e-14
   endloop
 endfacet
 facet normal  1.183990e-17 -7.350796e-18 -1.000000e+00
   outer loop
     vertex  6.496922e+01 -4.557479e+01  1.065814e-14
     vertex  3.204000e+01 -3.820000e+01  1.021405e-14
     vertex  6.499238e+01 -4.553749e+01  1.065814e-14
   endloop
 endfacet
 facet normal  6.603491e-17 -1.080085e-16 -1.000000e+00
   outer loop
     vertex  6.552421e+01 -4.502360e+01  1.065814e-14
     vertex  6.548676e+01 -4.504649e+01  1.065814e-14
     vertex  6.996000e+01 -3.820000e+01  1.021405e-14
   endloop
 endfacet
 facet normal  1.192758e-17 -6.959307e-18 -1.000000e+00
   outer loop
     vertex  6.494710e+01 -4.561271e+01  1.065814e-14
     vertex  3.204000e+01 -3.820000e+01  1.021405e-14
     vertex  6.496922e+01 -4.557479e+01  1.065814e-14
   endloop
 endfacet
 facet normal  5.964386e-17 -1.038539e-16 -1.000000e+00
   outer loop
     vertex  6.556228e+01 -4.500173e+01  1.065814e-14
     vertex  6.552421e+01 -4.502360e+01  1.065814e-14
     vertex  6.996000e+01 -3.820000e+01  1.021405e-14
   endloop
 endfacet
 facet normal  1.201418e-17 -6.574835e-18 -1.000000e+00
   outer loop
     vertex  6.492603e+01 -4.565122e+01  1.065814e-14
     vertex  3.204000e+01 -3.820000e+01  1.021405e-14
     vertex  6.494710e+01 -4.561271e+01  1.065814e-14
   endloop
 endfacet
 facet normal  5.391995e-17 -1.001530e-16 -1.000000e+00
   outer loop
     vertex  6.560093e+01 -4.498092e+01  1.065814e-14
     vertex  6.556228e+01 -4.500173e+01  1.065814e-14
     vertex  6.996000e+01 -3.820000e+01  1.021405e-14
   endloop
 endfacet
 facet normal  1.209988e-17 -6.196594e-18 -1.000000e+00
   outer loop
     vertex  6.490602e+01 -4.569029e+01  1.065814e-14
     vertex  3.204000e+01 -3.820000e+01  1.021405e-14
     vertex  6.492603e+01 -4.565122e+01  1.065814e-14
   endloop
 endfacet
 facet normal  4.875430e-17 -9.683232e-17 -1.000000e+00
   outer loop
     vertex  6.564014e+01 -4.496118e+01  1.065814e-14
     vertex  6.560093e+01 -4.498092e+01  1.065814e-14
     vertex  6.996000e+01 -3.820000e+01  1.021405e-14
   endloop
 endfacet
 facet normal  1.218483e-17 -5.823842e-18 -1.000000e+00
   outer loop
     vertex  6.488709e+01 -4.572990e+01  1.065814e-14
     vertex  3.204000e+01 -3.820000e+01  1.021405e-14
     vertex  6.490602e+01 -4.569029e+01  1.065814e-14
   endloop
 endfacet
 facet normal  4.406024e-17 -9.383319e-17 -1.000000e+00
   outer loop
     vertex  6.567988e+01 -4.494252e+01  1.065814e-14
     vertex  6.564014e+01 -4.496118e+01  1.065814e-14
     vertex  6.996000e+01 -3.820000e+01  1.021405e-14
   endloop
 endfacet
 facet normal  1.226919e-17 -5.455873e-18 -1.000000e+00
   outer loop
     vertex  6.486925e+01 -4.577001e+01  1.065814e-14
     vertex  3.204000e+01 -3.820000e+01  1.021405e-14
     vertex  6.488709e+01 -4.572990e+01  1.065814e-14
   endloop
 endfacet
 facet normal  3.976792e-17 -9.110844e-17 -1.000000e+00
   outer loop
     vertex  6.572011e+01 -4.492496e+01  1.065814e-14
     vertex  6.567988e+01 -4.494252e+01  1.065814e-14
     vertex  6.996000e+01 -3.820000e+01  1.021405e-14
   endloop
 endfacet
 facet normal  1.235309e-17 -5.092016e-18 -1.000000e+00
   outer loop
     vertex  6.485252e+01 -4.581059e+01  1.065814e-14
     vertex  3.204000e+01 -3.820000e+01  1.021405e-14
     vertex  6.486925e+01 -4.577001e+01  1.065814e-14
   endloop
 endfacet
 facet normal  3.582037e-17 -8.861962e-17 -1.000000e+00
   outer loop
     vertex  6.576081e+01 -4.490851e+01  1.065814e-14
     vertex  6.572011e+01 -4.492496e+01  1.065814e-14
     vertex  6.996000e+01 -3.820000e+01  1.021405e-14
   endloop
 endfacet
 facet normal  1.243668e-17 -4.731628e-18 -1.000000e+00
   outer loop
     vertex  6.483691e+01 -4.585162e+01  1.065814e-14
     vertex  3.204000e+01 -3.820000e+01  1.021405e-14
     vertex  6.485252e+01 -4.581059e+01  1.065814e-14
   endloop
 endfacet
 facet normal  3.217067e-17 -8.633509e-17 -1.000000e+00
   outer loop
     vertex  6.580195e+01 -4.489318e+01  1.065814e-14
     vertex  6.576081e+01 -4.490851e+01  1.065814e-14
     vertex  6.996000e+01 -3.820000e+01  1.021405e-14
   endloop
 endfacet
 facet normal  1.252009e-17 -4.374086e-18 -1.000000e+00
   outer loop
     vertex  6.482243e+01 -4.589306e+01  1.065814e-14
     vertex  3.204000e+01 -3.820000e+01  1.021405e-14
     vertex  6.483691e+01 -4.585162e+01  1.065814e-14
   endloop
 endfacet
 facet normal  2.877980e-17 -8.422856e-17 -1.000000e+00
   outer loop
     vertex  6.584349e+01 -4.487899e+01  1.065814e-14
     vertex  6.580195e+01 -4.489318e+01  1.065814e-14
     vertex  6.996000e+01 -3.820000e+01  1.021405e-14
   endloop
 endfacet
 facet normal  1.260347e-17 -4.018788e-18 -1.000000e+00
   outer loop
     vertex  6.480909e+01 -4.593489e+01  1.065814e-14
     vertex  3.204000e+01 -3.820000e+01  1.021405e-14
     vertex  6.482243e+01 -4.589306e+01  1.065814e-14
   endloop
 endfacet
 facet normal  2.561505e-17 -8.227801e-17 -1.000000e+00
   outer loop
     vertex  6.588540e+01 -4.486594e+01  1.065814e-14
     vertex  6.584349e+01 -4.487899e+01  1.065814e-14
     vertex  6.996000e+01 -3.820000e+01  1.021405e-14
   endloop
 endfacet
 facet normal  1.268695e-17 -3.665146e-18 -1.000000e+00
   outer loop
     vertex  6.479691e+01 -4.597706e+01  1.065814e-14
     vertex  3.204000e+01 -3.820000e+01  1.021405e-14
     vertex  6.480909e+01 -4.593489e+01  1.065814e-14
   endloop
 endfacet
 facet normal  2.264875e-17 -8.046484e-17 -1.000000e+00
   outer loop
     vertex  6.592766e+01 -4.485405e+01  1.065814e-14
     vertex  6.588540e+01 -4.486594e+01  1.065814e-14
     vertex  6.996000e+01 -3.820000e+01  1.021405e-14
   endloop
 endfacet
 facet normal -2.324547e-15 -9.848071e-15 -1.000000e+00
   outer loop
     vertex  6.478589e+01 -4.601955e+01  1.110223e-14
     vertex  3.204000e+01 -3.820000e+01  1.021405e-14
     vertex  6.479691e+01 -4.597706e+01  1.065814e-14
   endloop
 endfacet
 facet normal  1.985733e-17 -7.877324e-17 -1.000000e+00
   outer loop
     vertex  6.597022e+01 -4.484332e+01  1.065814e-14
     vertex  6.592766e+01 -4.485405e+01  1.065814e-14
     vertex  6.996000e+01 -3.820000e+01  1.021405e-14
   endloop
 endfacet
 facet normal  2.570944e-17 -5.921047e-18 -1.000000e+00
   outer loop
     vertex  6.477604e+01 -4.606233e+01  1.110223e-14
     vertex  3.204000e+01 -3.820000e+01  1.021405e-14
     vertex  6.478589e+01 -4.601955e+01  1.110223e-14
   endloop
 endfacet
 facet normal  1.722059e-17 -7.718969e-17 -1.000000e+00
   outer loop
     vertex  6.601307e+01 -4.483376e+01  1.065814e-14
     vertex  6.597022e+01 -4.484332e+01  1.065814e-14
     vertex  6.996000e+01 -3.820000e+01  1.021405e-14
   endloop
 endfacet
 facet normal  2.587858e-17 -5.216806e-18 -1.000000e+00
   outer loop
     vertex  6.476736e+01 -4.610537e+01  1.110223e-14
     vertex  3.204000e+01 -3.820000e+01  1.021405e-14
     vertex  6.477604e+01 -4.606233e+01  1.110223e-14
   endloop
 endfacet
 facet normal  1.472107e-17 -7.570254e-17 -1.000000e+00
   outer loop
     vertex  6.605616e+01 -4.482538e+01  1.065814e-14
     vertex  6.601307e+01 -4.483376e+01  1.065814e-14
     vertex  6.996000e+01 -3.820000e+01  1.021405e-14
   endloop
 endfacet
 facet normal  2.604900e-17 -4.511302e-18 -1.000000e+00
   outer loop
     vertex  6.475987e+01 -4.614862e+01  1.110223e-14
     vertex  3.204000e+01 -3.820000e+01  1.021405e-14
     vertex  6.476736e+01 -4.610537e+01  1.110223e-14
   endloop
 endfacet
 facet normal  1.234362e-17 -7.430168e-17 -1.000000e+00
   outer loop
     vertex  6.609947e+01 -4.481818e+01  1.065814e-14
     vertex  6.605616e+01 -4.482538e+01  1.065814e-14
     vertex  6.996000e+01 -3.820000e+01  1.021405e-14
   endloop
 endfacet
 facet normal  2.622097e-17 -3.803390e-18 -1.000000e+00
   outer loop
     vertex  6.475357e+01 -4.619206e+01  1.110223e-14
     vertex  3.204000e+01 -3.820000e+01  1.021405e-14
     vertex  6.475987e+01 -4.614862e+01  1.110223e-14
   endloop
 endfacet
 facet normal  1.007500e-17 -7.297835e-17 -1.000000e+00
   outer loop
     vertex  6.614295e+01 -4.481218e+01  1.065814e-14
     vertex  6.609947e+01 -4.481818e+01  1.065814e-14
     vertex  6.996000e+01 -3.820000e+01  1.021405e-14
   endloop
 endfacet
 facet normal  2.639479e-17 -3.091906e-18 -1.000000e+00
   outer loop
     vertex  6.474846e+01 -4.623567e+01  1.110223e-14
     vertex  3.204000e+01 -3.820000e+01  1.021405e-14
     vertex  6.475357e+01 -4.619206e+01  1.110223e-14
   endloop
 endfacet
 facet normal  7.903555e-18 -7.172482e-17 -1.000000e+00
   outer loop
     vertex  6.618659e+01 -4.480737e+01  1.065814e-14
     vertex  6.614295e+01 -4.481218e+01  1.065814e-14
     vertex  6.996000e+01 -3.820000e+01  1.021405e-14
   endloop
 endfacet
 facet normal  2.657075e-17 -2.375663e-18 -1.000000e+00
   outer loop
     vertex  6.474455e+01 -4.627939e+01  1.110223e-14
     vertex  3.204000e+01 -3.820000e+01  1.021405e-14
     vertex  6.474846e+01 -4.623567e+01  1.110223e-14
   endloop
 endfacet
 facet normal  5.819005e-18 -7.053436e-17 -1.000000e+00
   outer loop
     vertex  6.623034e+01 -4.480376e+01  1.065814e-14
     vertex  6.618659e+01 -4.480737e+01  1.065814e-14
     vertex  6.996000e+01 -3.820000e+01  1.021405e-14
   endloop
 endfacet
 facet normal  2.674917e-17 -1.653444e-18 -1.000000e+00
   outer loop
     vertex  6.474184e+01 -4.632320e+01  1.110223e-14
     vertex  3.204000e+01 -3.820000e+01  1.021405e-14
     vertex  6.474455e+01 -4.627939e+01  1.110223e-14
   endloop
 endfacet
 facet normal  3.812203e-18 -6.940096e-17 -1.000000e+00
   outer loop
     vertex  6.627417e+01 -4.480135e+01  1.065814e-14
     vertex  6.623034e+01 -4.480376e+01  1.065814e-14
     vertex  6.996000e+01 -3.820000e+01  1.021405e-14
   endloop
 endfacet
 facet normal  2.693037e-17 -9.239894e-19 -1.000000e+00
   outer loop
     vertex  6.474034e+01 -4.636708e+01  1.110223e-14
     vertex  3.204000e+01 -3.820000e+01  1.021405e-14
     vertex  6.474184e+01 -4.632320e+01  1.110223e-14
   endloop
 endfacet
 facet normal  1.874981e-18 -6.831932e-17 -1.000000e+00
   outer loop
     vertex  6.631805e+01 -4.480015e+01  1.065814e-14
     vertex  6.627417e+01 -4.480135e+01  1.065814e-14
     vertex  6.996000e+01 -3.820000e+01  1.021405e-14
   endloop
 endfacet
 facet normal  2.711469e-17 -1.859926e-19 -1.000000e+00
   outer loop
     vertex  6.474004e+01 -4.641097e+01  1.110223e-14
     vertex  3.204000e+01 -3.820000e+01  1.021405e-14
     vertex  6.474034e+01 -4.636708e+01  1.110223e-14
   endloop
 endfacet
 facet normal -0.000000e+00 -6.728471e-17 -1.000000e+00
   outer loop
     vertex  6.636195e+01 -4.480015e+01  1.065814e-14
     vertex  6.631805e+01 -4.480015e+01  1.065814e-14
     vertex  6.996000e+01 -3.820000e+01  1.021405e-14
   endloop
 endfacet
 facet normal  2.730248e-17  5.619131e-19 -1.000000e+00
   outer loop
     vertex  6.474094e+01 -4.645486e+01  1.110223e-14
     vertex  3.204000e+01 -3.820000e+01  1.021405e-14
     vertex  6.474004e+01 -4.641097e+01  1.110223e-14
   endloop
 endfacet
 facet normal -1.819367e-18 -6.629289e-17 -1.000000e+00
   outer loop
     vertex  6.640583e+01 -4.480135e+01  1.065814e-14
     vertex  6.636195e+01 -4.480015e+01  1.065814e-14
     vertex  6.996000e+01 -3.820000e+01  1.021405e-14
   endloop
 endfacet
 facet normal  2.749415e-17  1.321164e-18 -1.000000e+00
   outer loop
     vertex  6.474305e+01 -4.649871e+01  1.110223e-14
     vertex  3.204000e+01 -3.820000e+01  1.021405e-14
     vertex  6.474094e+01 -4.645486e+01  1.110223e-14
   endloop
 endfacet
 facet normal -3.589137e-18 -6.534004e-17 -1.000000e+00
   outer loop
     vertex  6.644966e+01 -4.480376e+01  1.065814e-14
     vertex  6.640583e+01 -4.480135e+01  1.065814e-14
     vertex  6.996000e+01 -3.820000e+01  1.021405e-14
   endloop
 endfacet
 facet normal  2.769008e-17  2.093276e-18 -1.000000e+00
   outer loop
     vertex  6.474636e+01 -4.654249e+01  1.110223e-14
     vertex  3.204000e+01 -3.820000e+01  1.021405e-14
     vertex  6.474305e+01 -4.649871e+01  1.110223e-14
   endloop
 endfacet
 facet normal -5.314803e-18 -6.442274e-17 -1.000000e+00
   outer loop
     vertex  6.649341e+01 -4.480737e+01  1.065814e-14
     vertex  6.644966e+01 -4.480376e+01  1.065814e-14
     vertex  6.996000e+01 -3.820000e+01  1.021405e-14
   endloop
 endfacet
 facet normal  2.789071e-17  2.879862e-18 -1.000000e+00
   outer loop
     vertex  6.475087e+01 -4.658615e+01  1.110223e-14
     vertex  3.204000e+01 -3.820000e+01  1.021405e-14
     vertex  6.474636e+01 -4.654249e+01  1.110223e-14
   endloop
 endfacet
 facet normal -7.001410e-18 -6.353785e-17 -1.000000e+00
   outer loop
     vertex  6.653705e+01 -4.481218e+01  1.065814e-14
     vertex  6.649341e+01 -4.480737e+01  1.065814e-14
     vertex  6.996000e+01 -3.820000e+01  1.021405e-14
   endloop
 endfacet
 facet normal  2.809652e-17  3.682640e-18 -1.000000e+00
   outer loop
     vertex  6.475657e+01 -4.662968e+01  1.110223e-14
     vertex  3.204000e+01 -3.820000e+01  1.021405e-14
     vertex  6.475087e+01 -4.658615e+01  1.110223e-14
   endloop
 endfacet
 facet normal -8.653616e-18 -6.268255e-17 -1.000000e+00
   outer loop
     vertex  6.658053e+01 -4.481818e+01  1.065814e-14
     vertex  6.653705e+01 -4.481218e+01  1.065814e-14
     vertex  6.996000e+01 -3.820000e+01  1.021405e-14
   endloop
 endfacet
 facet normal  2.830801e-17  4.503456e-18 -1.000000e+00
   outer loop
     vertex  6.476347e+01 -4.667303e+01  1.110223e-14
     vertex  3.204000e+01 -3.820000e+01  1.021405e-14
     vertex  6.475657e+01 -4.662968e+01  1.110223e-14
   endloop
 endfacet
 facet normal -1.027575e-17 -6.185423e-17 -1.000000e+00
   outer loop
     vertex  6.662384e+01 -4.482538e+01  1.065814e-14
     vertex  6.658053e+01 -4.481818e+01  1.065814e-14
     vertex  6.996000e+01 -3.820000e+01  1.021405e-14
   endloop
 endfacet
 facet normal  2.852573e-17  5.344296e-18 -1.000000e+00
   outer loop
     vertex  6.477155e+01 -4.671618e+01  1.110223e-14
     vertex  3.204000e+01 -3.820000e+01  1.021405e-14
     vertex  6.476347e+01 -4.667303e+01  1.110223e-14
   endloop
 endfacet
 facet normal -1.187185e-17 -6.105053e-17 -1.000000e+00
   outer loop
     vertex  6.666693e+01 -4.483376e+01  1.065814e-14
     vertex  6.662384e+01 -4.482538e+01  1.065814e-14
     vertex  6.996000e+01 -3.820000e+01  1.021405e-14
   endloop
 endfacet
 facet normal  2.875027e-17  6.207314e-18 -1.000000e+00
   outer loop
     vertex  6.478082e+01 -4.675909e+01  1.110223e-14
     vertex  3.204000e+01 -3.820000e+01  1.021405e-14
     vertex  6.477155e+01 -4.671618e+01  1.110223e-14
   endloop
 endfacet
 facet normal -1.344573e-17 -6.026924e-17 -1.000000e+00
   outer loop
     vertex  6.670978e+01 -4.484332e+01  1.065814e-14
     vertex  6.666693e+01 -4.483376e+01  1.065814e-14
     vertex  6.996000e+01 -3.820000e+01  1.021405e-14
   endloop
 endfacet
 facet normal  2.898229e-17  7.094848e-18 -1.000000e+00
   outer loop
     vertex  6.479125e+01 -4.680173e+01  1.110223e-14
     vertex  3.204000e+01 -3.820000e+01  1.021405e-14
     vertex  6.478082e+01 -4.675909e+01  1.110223e-14
   endloop
 endfacet
 facet normal -1.500099e-17 -5.950833e-17 -1.000000e+00
   outer loop
     vertex  6.675234e+01 -4.485405e+01  1.065814e-14
     vertex  6.670978e+01 -4.484332e+01  1.065814e-14
     vertex  6.996000e+01 -3.820000e+01  1.021405e-14
   endloop
 endfacet
 facet normal  2.922250e-17  8.009455e-18 -1.000000e+00
   outer loop
     vertex  6.480286e+01 -4.684407e+01  1.110223e-14
     vertex  3.204000e+01 -3.820000e+01  1.021405e-14
     vertex  6.479125e+01 -4.680173e+01  1.110223e-14
   endloop
 endfacet
 facet normal -1.654107e-17 -5.876592e-17 -1.000000e+00
   outer loop
     vertex  6.679460e+01 -4.486594e+01  1.065814e-14
     vertex  6.675234e+01 -4.485405e+01  1.065814e-14
     vertex  6.996000e+01 -3.820000e+01  1.021405e-14
   endloop
 endfacet
 facet normal  2.947169e-17  8.953939e-18 -1.000000e+00
   outer loop
     vertex  6.481562e+01 -4.688607e+01  1.110223e-14
     vertex  3.204000e+01 -3.820000e+01  1.021405e-14
     vertex  6.480286e+01 -4.684407e+01  1.110223e-14
   endloop
 endfacet
 facet normal -1.806927e-17 -5.804023e-17 -1.000000e+00
   outer loop
     vertex  6.683651e+01 -4.487899e+01  1.065814e-14
     vertex  6.679460e+01 -4.486594e+01  1.065814e-14
     vertex  6.996000e+01 -3.820000e+01  1.021405e-14
   endloop
 endfacet
 facet normal  2.973073e-17  9.931389e-18 -1.000000e+00
   outer loop
     vertex  6.482953e+01 -4.692771e+01  1.110223e-14
     vertex  3.204000e+01 -3.820000e+01  1.021405e-14
     vertex  6.481562e+01 -4.688607e+01  1.110223e-14
   endloop
 endfacet
 facet normal -1.958878e-17 -5.732962e-17 -1.000000e+00
   outer loop
     vertex  6.687805e+01 -4.489318e+01  1.065814e-14
     vertex  6.683651e+01 -4.487899e+01  1.065814e-14
     vertex  6.996000e+01 -3.820000e+01  1.021405e-14
   endloop
 endfacet
 facet normal  3.000059e-17  1.094522e-17 -1.000000e+00
   outer loop
     vertex  6.484457e+01 -4.696895e+01  1.110223e-14
     vertex  3.204000e+01 -3.820000e+01  1.021405e-14
     vertex  6.482953e+01 -4.692771e+01  1.110223e-14
   endloop
 endfacet
 facet normal -2.110272e-17 -5.663251e-17 -1.000000e+00
   outer loop
     vertex  6.691919e+01 -4.490851e+01  1.065814e-14
     vertex  6.687805e+01 -4.489318e+01  1.065814e-14
     vertex  6.996000e+01 -3.820000e+01  1.021405e-14
   endloop
 endfacet
 facet normal  3.028233e-17  1.199924e-17 -1.000000e+00
   outer loop
     vertex  6.486074e+01 -4.700976e+01  1.110223e-14
     vertex  3.204000e+01 -3.820000e+01  1.021405e-14
     vertex  6.484457e+01 -4.696895e+01  1.110223e-14
   endloop
 endfacet
 facet normal -2.261415e-17 -5.594742e-17 -1.000000e+00
   outer loop
     vertex  6.695989e+01 -4.492496e+01  1.065814e-14
     vertex  6.691919e+01 -4.490851e+01  1.065814e-14
     vertex  6.996000e+01 -3.820000e+01  1.021405e-14
   endloop
 endfacet
 facet normal  3.057718e-17  1.309767e-17 -1.000000e+00
   outer loop
     vertex  6.487803e+01 -4.705011e+01  1.110223e-14
     vertex  3.204000e+01 -3.820000e+01  1.021405e-14
     vertex  6.486074e+01 -4.700976e+01  1.110223e-14
   endloop
 endfacet
 facet normal -2.412608e-17 -5.527292e-17 -1.000000e+00
   outer loop
     vertex  6.700012e+01 -4.494252e+01  1.065814e-14
     vertex  6.695989e+01 -4.492496e+01  1.065814e-14
     vertex  6.996000e+01 -3.820000e+01  1.021405e-14
   endloop
 endfacet
 facet normal  3.088647e-17  1.424528e-17 -1.000000e+00
   outer loop
     vertex  6.489642e+01 -4.708997e+01  1.110223e-14
     vertex  3.204000e+01 -3.820000e+01  1.021405e-14
     vertex  6.487803e+01 -4.705011e+01  1.110223e-14
   endloop
 endfacet
 facet normal -2.564153e-17 -5.460766e-17 -1.000000e+00
   outer loop
     vertex  6.703986e+01 -4.496118e+01  1.065814e-14
     vertex  6.700012e+01 -4.494252e+01  1.065814e-14
     vertex  6.996000e+01 -3.820000e+01  1.021405e-14
   endloop
 endfacet
 facet normal  3.121173e-17  1.544741e-17 -1.000000e+00
   outer loop
     vertex  6.491589e+01 -4.712932e+01  1.110223e-14
     vertex  3.204000e+01 -3.820000e+01  1.021405e-14
     vertex  6.489642e+01 -4.708997e+01  1.110223e-14
   endloop
 endfacet
 facet normal -2.716355e-17 -5.395030e-17 -1.000000e+00
   outer loop
     vertex  6.707907e+01 -4.498092e+01  1.065814e-14
     vertex  6.703986e+01 -4.496118e+01  1.065814e-14
     vertex  6.996000e+01 -3.820000e+01  1.021405e-14
   endloop
 endfacet
 facet normal  3.155469e-17  1.671012e-17 -1.000000e+00
   outer loop
     vertex  6.493643e+01 -4.716811e+01  1.110223e-14
     vertex  3.204000e+01 -3.820000e+01  1.021405e-14
     vertex  6.491589e+01 -4.712932e+01  1.110223e-14
   endloop
 endfacet
 facet normal -2.869519e-17 -5.329957e-17 -1.000000e+00
   outer loop
     vertex  6.711772e+01 -4.500173e+01  1.065814e-14
     vertex  6.707907e+01 -4.498092e+01  1.065814e-14
     vertex  6.996000e+01 -3.820000e+01  1.021405e-14
   endloop
 endfacet
 facet normal  3.191731e-17  1.804029e-17 -1.000000e+00
   outer loop
     vertex  6.495803e+01 -4.720633e+01  1.110223e-14
     vertex  3.204000e+01 -3.820000e+01  1.021405e-14
     vertex  6.493643e+01 -4.716811e+01  1.110223e-14
   endloop
 endfacet
 facet normal -3.023961e-17 -5.265420e-17 -1.000000e+00
   outer loop
     vertex  6.715579e+01 -4.502360e+01  1.065814e-14
     vertex  6.711772e+01 -4.500173e+01  1.065814e-14
     vertex  6.996000e+01 -3.820000e+01  1.021405e-14
   endloop
 endfacet
 facet normal  3.230186e-17  1.944579e-17 -1.000000e+00
   outer loop
     vertex  6.498067e+01 -4.724394e+01  1.110223e-14
     vertex  3.204000e+01 -3.820000e+01  1.021405e-14
     vertex  6.495803e+01 -4.720633e+01  1.110223e-14
   endloop
 endfacet
 facet normal -3.180000e-17 -5.201294e-17 -1.000000e+00
   outer loop
     vertex  6.719324e+01 -4.504649e+01  1.065814e-14
     vertex  6.715579e+01 -4.502360e+01  1.065814e-14
     vertex  6.996000e+01 -3.820000e+01  1.021405e-14
   endloop
 endfacet
 facet normal  3.271090e-17  2.093566e-17 -1.000000e+00
   outer loop
     vertex  6.500434e+01 -4.728091e+01  1.110223e-14
     vertex  3.204000e+01 -3.820000e+01  1.021405e-14
     vertex  6.498067e+01 -4.724394e+01  1.110223e-14
   endloop
 endfacet
 facet normal -3.337973e-17 -5.137455e-17 -1.000000e+00
   outer loop
     vertex  6.723005e+01 -4.507041e+01  1.065814e-14
     vertex  6.719324e+01 -4.504649e+01  1.065814e-14
     vertex  6.996000e+01 -3.820000e+01  1.021405e-14
   endloop
 endfacet
 facet normal  3.314745e-17  2.252033e-17 -1.000000e+00
   outer loop
     vertex  6.502901e+01 -4.731722e+01  1.110223e-14
     vertex  3.204000e+01 -3.820000e+01  1.021405e-14
     vertex  6.500434e+01 -4.728091e+01  1.110223e-14
   endloop
 endfacet
 facet normal -3.498226e-17 -5.073779e-17 -1.000000e+00
   outer loop
     vertex  6.726619e+01 -4.509533e+01  1.065814e-14
     vertex  6.723005e+01 -4.507041e+01  1.065814e-14
     vertex  6.996000e+01 -3.820000e+01  1.021405e-14
   endloop
 endfacet
 facet normal  3.361496e-17  2.421195e-17 -1.000000e+00
   outer loop
     vertex  6.505466e+01 -4.735284e+01  1.110223e-14
     vertex  3.204000e+01 -3.820000e+01  1.021405e-14
     vertex  6.502901e+01 -4.731722e+01  1.110223e-14
   endloop
 endfacet
 facet normal -3.661124e-17 -5.010139e-17 -1.000000e+00
   outer loop
     vertex  6.730164e+01 -4.512123e+01  1.065814e-14
     vertex  6.726619e+01 -4.509533e+01  1.065814e-14
     vertex  6.996000e+01 -3.820000e+01  1.021405e-14
   endloop
 endfacet
 facet normal  3.411752e-17  2.602471e-17 -1.000000e+00
   outer loop
     vertex  6.508129e+01 -4.738775e+01  1.110223e-14
     vertex  3.204000e+01 -3.820000e+01  1.021405e-14
     vertex  6.505466e+01 -4.735284e+01  1.110223e-14
   endloop
 endfacet
 facet normal -3.827054e-17 -4.946408e-17 -1.000000e+00
   outer loop
     vertex  6.733636e+01 -4.514809e+01  1.065814e-14
     vertex  6.730164e+01 -4.512123e+01  1.065814e-14
     vertex  6.996000e+01 -3.820000e+01  1.021405e-14
   endloop
 endfacet
 facet normal  3.465993e-17  2.797532e-17 -1.000000e+00
   outer loop
     vertex  6.510886e+01 -4.742191e+01  1.110223e-14
     vertex  3.204000e+01 -3.820000e+01  1.021405e-14
     vertex  6.508129e+01 -4.738775e+01  1.110223e-14
   endloop
 endfacet
 facet normal -3.996427e-17 -4.882452e-17 -1.000000e+00
   outer loop
     vertex  6.737033e+01 -4.517590e+01  1.065814e-14
     vertex  6.733636e+01 -4.514809e+01  1.065814e-14
     vertex  6.996000e+01 -3.820000e+01  1.021405e-14
   endloop
 endfacet
 facet normal  3.524787e-17  3.008362e-17 -1.000000e+00
   outer loop
     vertex  6.513736e+01 -4.745530e+01  1.110223e-14
     vertex  3.204000e+01 -3.820000e+01  1.021405e-14
     vertex  6.510886e+01 -4.742191e+01  1.110223e-14
   endloop
 endfacet
 facet normal -4.169680e-17 -4.818135e-17 -1.000000e+00
   outer loop
     vertex  6.740352e+01 -4.520462e+01  1.065814e-14
     vertex  6.737033e+01 -4.517590e+01  1.065814e-14
     vertex  6.996000e+01 -3.820000e+01  1.021405e-14
   endloop
 endfacet
 facet normal  3.588816e-17  3.237332e-17 -1.000000e+00
   outer loop
     vertex  6.516676e+01 -4.748789e+01  1.110223e-14
     vertex  3.204000e+01 -3.820000e+01  1.021405e-14
     vertex  6.513736e+01 -4.745530e+01  1.110223e-14
   endloop
 endfacet
 facet normal -4.347286e-17 -4.753314e-17 -1.000000e+00
   outer loop
     vertex  6.743592e+01 -4.523425e+01  1.065814e-14
     vertex  6.740352e+01 -4.520462e+01  1.065814e-14
     vertex  6.996000e+01 -3.820000e+01  1.021405e-14
   endloop
 endfacet
 facet normal  3.658901e-17  3.487303e-17 -1.000000e+00
   outer loop
     vertex  6.519705e+01 -4.751967e+01  1.110223e-14
     vertex  3.204000e+01 -3.820000e+01  1.021405e-14
     vertex  6.516676e+01 -4.748789e+01  1.110223e-14
   endloop
 endfacet
 facet normal -4.529756e-17 -4.687838e-17 -1.000000e+00
   outer loop
     vertex  6.746748e+01 -4.526476e+01  1.065814e-14
     vertex  6.743592e+01 -4.523425e+01  1.065814e-14
     vertex  6.996000e+01 -3.820000e+01  1.021405e-14
   endloop
 endfacet
 facet normal  3.736044e-17  3.761759e-17 -1.000000e+00
   outer loop
     vertex  6.522820e+01 -4.755060e+01  1.110223e-14
     vertex  3.204000e+01 -3.820000e+01  1.021405e-14
     vertex  6.519705e+01 -4.751967e+01  1.110223e-14
   endloop
 endfacet
 facet normal -4.717644e-17 -4.621549e-17 -1.000000e+00
   outer loop
     vertex  6.749820e+01 -4.529611e+01  1.065814e-14
     vertex  6.746748e+01 -4.526476e+01  1.065814e-14
     vertex  6.996000e+01 -3.820000e+01  1.021405e-14
   endloop
 endfacet
 facet normal  3.821477e-17  4.064987e-17 -1.000000e+00
   outer loop
     vertex  6.526018e+01 -4.758067e+01  1.110223e-14
     vertex  3.204000e+01 -3.820000e+01  1.021405e-14
     vertex  6.522820e+01 -4.755060e+01  1.110223e-14
   endloop
 endfacet
 facet normal -4.911559e-17 -4.554276e-17 -1.000000e+00
   outer loop
     vertex  6.752805e+01 -4.532830e+01  1.065814e-14
     vertex  6.749820e+01 -4.529611e+01  1.065814e-14
     vertex  6.996000e+01 -3.820000e+01  1.021405e-14
   endloop
 endfacet
 facet normal  3.916734e-17  4.402324e-17 -1.000000e+00
   outer loop
     vertex  6.529298e+01 -4.760985e+01  1.110223e-14
     vertex  3.204000e+01 -3.820000e+01  1.021405e-14
     vertex  6.526018e+01 -4.758067e+01  1.110223e-14
   endloop
 endfacet
 facet normal -5.112167e-17 -4.485835e-17 -1.000000e+00
   outer loop
     vertex  6.755701e+01 -4.536130e+01  1.065814e-14
     vertex  6.752805e+01 -4.532830e+01  1.065814e-14
     vertex  6.996000e+01 -3.820000e+01  1.021405e-14
   endloop
 endfacet
 facet normal  4.023749e-17  4.780500e-17 -1.000000e+00
   outer loop
     vertex  6.532656e+01 -4.763812e+01  1.110223e-14
     vertex  3.204000e+01 -3.820000e+01  1.021405e-14
     vertex  6.529298e+01 -4.760985e+01  1.110223e-14
   endloop
 endfacet
 facet normal -5.320204e-17 -4.416028e-17 -1.000000e+00
   outer loop
     vertex  6.758504e+01 -4.539508e+01  1.065814e-14
     vertex  6.755701e+01 -4.536130e+01  1.065814e-14
     vertex  6.996000e+01 -3.820000e+01  1.021405e-14
   endloop
 endfacet
 facet normal  4.144999e-17  5.208125e-17 -1.000000e+00
   outer loop
     vertex  6.536091e+01 -4.766546e+01  1.110223e-14
     vertex  3.204000e+01 -3.820000e+01  1.021405e-14
     vertex  6.532656e+01 -4.763812e+01  1.110223e-14
   endloop
 endfacet
 facet normal -5.536487e-17 -4.344637e-17 -1.000000e+00
   outer loop
     vertex  6.761214e+01 -4.542961e+01  1.065814e-14
     vertex  6.758504e+01 -4.539508e+01  1.065814e-14
     vertex  6.996000e+01 -3.820000e+01  1.021405e-14
   endloop
 endfacet
 facet normal  4.283703e-17  5.696399e-17 -1.000000e+00
   outer loop
     vertex  6.539600e+01 -4.769184e+01  1.110223e-14
     vertex  3.204000e+01 -3.820000e+01  1.021405e-14
     vertex  6.536091e+01 -4.766546e+01  1.110223e-14
   endloop
 endfacet
 facet normal -5.761929e-17 -4.271424e-17 -1.000000e+00
   outer loop
     vertex  6.763829e+01 -4.546488e+01  1.065814e-14
     vertex  6.761214e+01 -4.542961e+01  1.065814e-14
     vertex  6.996000e+01 -3.820000e+01  1.021405e-14
   endloop
 endfacet
 facet normal  4.444128e-17  6.260162e-17 -1.000000e+00
   outer loop
     vertex  6.543179e+01 -4.771725e+01  1.110223e-14
     vertex  3.204000e+01 -3.820000e+01  1.021405e-14
     vertex  6.539600e+01 -4.769184e+01  1.110223e-14
   endloop
 endfacet
 facet normal -5.997549e-17 -4.196124e-17 -1.000000e+00
   outer loop
     vertex  6.766345e+01 -4.550085e+01  1.065814e-14
     vertex  6.763829e+01 -4.546488e+01  1.065814e-14
     vertex  6.996000e+01 -3.820000e+01  1.021405e-14
   endloop
 endfacet
 facet normal  4.632053e-17  6.919506e-17 -1.000000e+00
   outer loop
     vertex  6.546827e+01 -4.774167e+01  1.110223e-14
     vertex  3.204000e+01 -3.820000e+01  1.021405e-14
     vertex  6.543179e+01 -4.771725e+01  1.110223e-14
   endloop
 endfacet
 facet normal -6.244498e-17 -4.118444e-17 -1.000000e+00
   outer loop
     vertex  6.768762e+01 -4.553749e+01  1.065814e-14
     vertex  6.766345e+01 -4.550085e+01  1.065814e-14
     vertex  6.996000e+01 -3.820000e+01  1.021405e-14
   endloop
 endfacet
 facet normal  4.855499e-17  7.702328e-17 -1.000000e+00
   outer loop
     vertex  6.550541e+01 -4.776508e+01  1.110223e-14
     vertex  3.204000e+01 -3.820000e+01  1.021405e-14
     vertex  6.546827e+01 -4.774167e+01  1.110223e-14
   endloop
 endfacet
 facet normal -6.504077e-17 -4.038054e-17 -1.000000e+00
   outer loop
     vertex  6.771078e+01 -4.557479e+01  1.065814e-14
     vertex  6.768762e+01 -4.553749e+01  1.065814e-14
     vertex  6.996000e+01 -3.820000e+01  1.021405e-14
   endloop
 endfacet
 facet normal  5.125943e-17  8.648530e-17 -1.000000e+00
   outer loop
     vertex  6.554317e+01 -4.778747e+01  1.110223e-14
     vertex  3.204000e+01 -3.820000e+01  1.021405e-14
     vertex  6.550541e+01 -4.776508e+01  1.110223e-14
   endloop
 endfacet
 facet normal -6.777768e-17 -3.954581e-17 -1.000000e+00
   outer loop
     vertex  6.773290e+01 -4.561271e+01  1.065814e-14
     vertex  6.771078e+01 -4.557479e+01  1.065814e-14
     vertex  6.996000e+01 -3.820000e+01  1.021405e-14
   endloop
 endfacet
 facet normal  5.460391e-17  9.817253e-17 -1.000000e+00
   outer loop
     vertex  6.558153e+01 -4.780880e+01  1.110223e-14
     vertex  3.204000e+01 -3.820000e+01  1.021405e-14
     vertex  6.554317e+01 -4.778747e+01  1.110223e-14
   endloop
 endfacet
 facet normal -7.067264e-17 -3.867604e-17 -1.000000e+00
   outer loop
     vertex  6.775397e+01 -4.565122e+01  1.065814e-14
     vertex  6.773290e+01 -4.561271e+01  1.065814e-14
     vertex  6.996000e+01 -3.820000e+01  1.021405e-14
   endloop
 endfacet
 facet normal  5.885181e-17  1.130007e-16 -1.000000e+00
   outer loop
     vertex  6.562047e+01 -4.782908e+01  1.110223e-14
     vertex  3.204000e+01 -3.820000e+01  1.021405e-14
     vertex  6.558153e+01 -4.780880e+01  1.110223e-14
   endloop
 endfacet
 facet normal -7.374515e-17 -3.776638e-17 -1.000000e+00
   outer loop
     vertex  6.777398e+01 -4.569029e+01  1.065814e-14
     vertex  6.775397e+01 -4.565122e+01  1.065814e-14
     vertex  6.996000e+01 -3.820000e+01  1.021405e-14
   endloop
 endfacet
 facet normal  6.443386e-17  1.324675e-16 -1.000000e+00
   outer loop
     vertex  6.565995e+01 -4.784828e+01  1.110223e-14
     vertex  3.204000e+01 -3.820000e+01  1.021405e-14
     vertex  6.562047e+01 -4.782908e+01  1.110223e-14
   endloop
 endfacet
 facet normal -7.701778e-17 -3.681128e-17 -1.000000e+00
   outer loop
     vertex  6.779291e+01 -4.572990e+01  1.065814e-14
     vertex  6.777398e+01 -4.569029e+01  1.065814e-14
     vertex  6.996000e+01 -3.820000e+01  1.021405e-14
   endloop
 endfacet
 facet normal  7.210626e-17  1.592024e-16 -1.000000e+00
   outer loop
     vertex  6.569993e+01 -4.786640e+01  1.110223e-14
     vertex  3.204000e+01 -3.820000e+01  1.021405e-14
     vertex  6.565995e+01 -4.784828e+01  1.110223e-14
   endloop
 endfacet
 facet normal -8.051679e-17 -3.580427e-17 -1.000000e+00
   outer loop
     vertex  6.781075e+01 -4.577001e+01  1.065814e-14
     vertex  6.779291e+01 -4.572990e+01  1.065814e-14
     vertex  6.996000e+01 -3.820000e+01  1.021405e-14
   endloop
 endfacet
 facet normal  7.441004e-18 -6.582537e-17 -1.000000e+00
   outer loop
     vertex  6.574040e+01 -4.788340e+01  1.110223e-14
     vertex -2.569053e+01 -3.797948e+01  9.769963e-15
     vertex  3.204000e+01 -3.820000e+01  1.021405e-14
   endloop
 endfacet
 facet normal  8.332975e-17  1.982844e-16 -1.000000e+00
   outer loop
     vertex  6.574040e+01 -4.788340e+01  1.110223e-14
     vertex  3.204000e+01 -3.820000e+01  1.021405e-14
     vertex  6.569993e+01 -4.786640e+01  1.110223e-14
   endloop
 endfacet
 facet normal -8.427299e-17 -3.473783e-17 -1.000000e+00
   outer loop
     vertex  6.782748e+01 -4.581059e+01  1.065814e-14
     vertex  6.781075e+01 -4.577001e+01  1.065814e-14
     vertex  6.996000e+01 -3.820000e+01  1.021405e-14
   endloop
 endfacet
 facet normal -1.685240e-16 -1.688284e-15 -1.000000e+00
   outer loop
     vertex  6.578132e+01 -4.789929e+01  1.110223e-14
     vertex -2.673483e+01 -3.813828e+01  1.021405e-14
     vertex -2.569053e+01 -3.797948e+01  9.769963e-15
   endloop
 endfacet
 facet normal  2.020820e-17  5.203868e-17 -1.000000e+00
   outer loop
     vertex  6.578132e+01 -4.789929e+01  1.110223e-14
     vertex -2.569053e+01 -3.797948e+01  9.769963e-15
     vertex  6.574040e+01 -4.788340e+01  1.110223e-14
   endloop
 endfacet
 facet normal -8.832277e-17 -3.360306e-17 -1.000000e+00
   outer loop
     vertex  6.784309e+01 -4.585162e+01  1.065814e-14
     vertex  6.782748e+01 -4.581059e+01  1.065814e-14
     vertex  6.996000e+01 -3.820000e+01  1.021405e-14
   endloop
 endfacet
 facet normal  1.362644e-17  3.816069e-17 -1.000000e+00
   outer loop
     vertex  6.582267e+01 -4.791406e+01  1.110223e-14
     vertex -2.673483e+01 -3.813828e+01  1.021405e-14
     vertex  6.578132e+01 -4.789929e+01  1.110223e-14
   endloop
 endfacet
 facet normal -9.270940e-17 -3.238945e-17 -1.000000e+00
   outer loop
     vertex  6.785757e+01 -4.589306e+01  1.065814e-14
     vertex  6.784309e+01 -4.585162e+01  1.065814e-14
     vertex  6.996000e+01 -3.820000e+01  1.021405e-14
   endloop
 endfacet
 facet normal -9.748485e-17 -3.108437e-17 -1.000000e+00
   outer loop
     vertex  6.787091e+01 -4.593489e+01  1.065814e-14
     vertex  6.785757e+01 -4.589306e+01  1.065814e-14
     vertex  6.996000e+01 -3.820000e+01  1.021405e-14
   endloop
 endfacet
 facet normal -1.027120e-16 -2.967258e-17 -1.000000e+00
   outer loop
     vertex  6.788309e+01 -4.597706e+01  1.065814e-14
     vertex  6.787091e+01 -4.593489e+01  1.065814e-14
     vertex  6.996000e+01 -3.820000e+01  1.021405e-14
   endloop
 endfacet
 facet normal  1.974358e-14 -5.329744e-15 -1.000000e+00
   outer loop
     vertex  6.789411e+01 -4.601955e+01  1.110223e-14
     vertex  6.788309e+01 -4.597706e+01  1.065814e-14
     vertex  6.996000e+01 -3.820000e+01  1.021405e-14
   endloop
 endfacet
 facet normal -2.296945e-16 -5.290009e-17 -1.000000e+00
   outer loop
     vertex  6.790396e+01 -4.606233e+01  1.110223e-14
     vertex  6.789411e+01 -4.601955e+01  1.110223e-14
     vertex  6.996000e+01 -3.820000e+01  1.021405e-14
   endloop
 endfacet
 facet normal  2.663289e-17 -1.505343e-17 -1.000000e+00
   outer loop
     vertex  8.180000e+01 -5.180000e+01  1.154632e-14
     vertex  6.772197e+01 -4.720633e+01  1.110223e-14
     vertex  6.774357e+01 -4.716811e+01  1.110223e-14
   endloop
 endfacet
 facet normal  2.689934e-17 -1.424483e-17 -1.000000e+00
   outer loop
     vertex  8.180000e+01 -5.180000e+01  1.154632e-14
     vertex  6.774357e+01 -4.716811e+01  1.110223e-14
     vertex  6.776411e+01 -4.712932e+01  1.110223e-14
   endloop
 endfacet
 facet normal  2.716555e-17 -1.344486e-17 -1.000000e+00
   outer loop
     vertex  8.180000e+01 -5.180000e+01  1.154632e-14
     vertex  6.776411e+01 -4.712932e+01  1.110223e-14
     vertex  6.778358e+01 -4.708997e+01  1.110223e-14
   endloop
 endfacet
 facet normal  2.743197e-17 -1.265202e-17 -1.000000e+00
   outer loop
     vertex  8.180000e+01 -5.180000e+01  1.154632e-14
     vertex  6.778358e+01 -4.708997e+01  1.110223e-14
     vertex  6.780197e+01 -4.705011e+01  1.110223e-14
   endloop
 endfacet
 facet normal  2.769908e-17 -1.186484e-17 -1.000000e+00
   outer loop
     vertex  8.180000e+01 -5.180000e+01  1.154632e-14
     vertex  6.780197e+01 -4.705011e+01  1.110223e-14
     vertex  6.781926e+01 -4.700976e+01  1.110223e-14
   endloop
 endfacet
 facet normal  2.796733e-17 -1.108193e-17 -1.000000e+00
   outer loop
     vertex  8.180000e+01 -5.180000e+01  1.154632e-14
     vertex  6.781926e+01 -4.700976e+01  1.110223e-14
     vertex  6.783543e+01 -4.696895e+01  1.110223e-14
   endloop
 endfacet
 facet normal  2.823719e-17 -1.030187e-17 -1.000000e+00
   outer loop
     vertex  8.180000e+01 -5.180000e+01  1.154632e-14
     vertex  6.783543e+01 -4.696895e+01  1.110223e-14
     vertex  6.785047e+01 -4.692771e+01  1.110223e-14
   endloop
 endfacet
 facet normal  2.850912e-17 -9.523317e-18 -1.000000e+00
   outer loop
     vertex  8.180000e+01 -5.180000e+01  1.154632e-14
     vertex  6.785047e+01 -4.692771e+01  1.110223e-14
     vertex  6.786438e+01 -4.688607e+01  1.110223e-14
   endloop
 endfacet
 facet normal  2.878361e-17 -8.744890e-18 -1.000000e+00
   outer loop
     vertex  8.180000e+01 -5.180000e+01  1.154632e-14
     vertex  6.786438e+01 -4.688607e+01  1.110223e-14
     vertex  6.787714e+01 -4.684407e+01  1.110223e-14
   endloop
 endfacet
 facet normal  2.906114e-17 -7.965227e-18 -1.000000e+00
   outer loop
     vertex  8.180000e+01 -5.180000e+01  1.154632e-14
     vertex  6.787714e+01 -4.684407e+01  1.110223e-14
     vertex  6.788875e+01 -4.680173e+01  1.110223e-14
   endloop
 endfacet
 facet normal  2.934220e-17 -7.182954e-18 -1.000000e+00
   outer loop
     vertex  8.180000e+01 -5.180000e+01  1.154632e-14
     vertex  6.788875e+01 -4.680173e+01  1.110223e-14
     vertex  6.789918e+01 -4.675909e+01  1.110223e-14
   endloop
 endfacet
 facet normal  2.962734e-17 -6.396676e-18 -1.000000e+00
   outer loop
     vertex  8.180000e+01 -5.180000e+01  1.154632e-14
     vertex  6.789918e+01 -4.675909e+01  1.110223e-14
     vertex  6.790845e+01 -4.671618e+01  1.110223e-14
   endloop
 endfacet
 facet normal  2.991707e-17 -5.604964e-18 -1.000000e+00
   outer loop
     vertex  8.180000e+01 -5.180000e+01  1.154632e-14
     vertex  6.790845e+01 -4.671618e+01  1.110223e-14
     vertex  6.791653e+01 -4.667303e+01  1.110223e-14
   endloop
 endfacet
 facet normal  3.021199e-17 -4.806355e-18 -1.000000e+00
   outer loop
     vertex  8.180000e+01 -5.180000e+01  1.154632e-14
     vertex  6.791653e+01 -4.667303e+01  1.110223e-14
     vertex  6.792343e+01 -4.662968e+01  1.110223e-14
   endloop
 endfacet
 facet normal  3.051268e-17 -3.999328e-18 -1.000000e+00
   outer loop
     vertex  8.180000e+01 -5.180000e+01  1.154632e-14
     vertex  6.792343e+01 -4.662968e+01  1.110223e-14
     vertex  6.792913e+01 -4.658615e+01  1.110223e-14
   endloop
 endfacet
 facet normal  3.081979e-17 -3.182304e-18 -1.000000e+00
   outer loop
     vertex  8.180000e+01 -5.180000e+01  1.154632e-14
     vertex  6.792913e+01 -4.658615e+01  1.110223e-14
     vertex  6.793364e+01 -4.654249e+01  1.110223e-14
   endloop
 endfacet
 facet normal  3.113399e-17 -2.353624e-18 -1.000000e+00
   outer loop
     vertex  8.180000e+01 -5.180000e+01  1.154632e-14
     vertex  6.793364e+01 -4.654249e+01  1.110223e-14
     vertex  6.793695e+01 -4.649871e+01  1.110223e-14
   endloop
 endfacet
 facet normal  3.145600e-17 -1.511541e-18 -1.000000e+00
   outer loop
     vertex  8.180000e+01 -5.180000e+01  1.154632e-14
     vertex  6.793695e+01 -4.649871e+01  1.110223e-14
     vertex  6.793906e+01 -4.645486e+01  1.110223e-14
   endloop
 endfacet
 facet normal  3.178662e-17 -6.542011e-19 -1.000000e+00
   outer loop
     vertex  8.180000e+01 -5.180000e+01  1.154632e-14
     vertex  6.793906e+01 -4.645486e+01  1.110223e-14
     vertex  6.793996e+01 -4.641097e+01  1.110223e-14
   endloop
 endfacet
 facet normal  3.212667e-17  2.203722e-19 -1.000000e+00
   outer loop
     vertex  8.180000e+01 -5.180000e+01  1.154632e-14
     vertex  6.793996e+01 -4.641097e+01  1.110223e-14
     vertex  6.793966e+01 -4.636708e+01  1.110223e-14
   endloop
 endfacet
 facet normal  3.247706e-17  1.114298e-18 -1.000000e+00
   outer loop
     vertex  8.180000e+01 -5.180000e+01  1.154632e-14
     vertex  6.793966e+01 -4.636708e+01  1.110223e-14
     vertex  6.793816e+01 -4.632320e+01  1.110223e-14
   endloop
 endfacet
 facet normal  3.283880e-17  2.029862e-18 -1.000000e+00
   outer loop
     vertex  8.180000e+01 -5.180000e+01  1.154632e-14
     vertex  6.793816e+01 -4.632320e+01  1.110223e-14
     vertex  6.793545e+01 -4.627939e+01  1.110223e-14
   endloop
 endfacet
 facet normal  3.321296e-17  2.969536e-18 -1.000000e+00
   outer loop
     vertex  8.180000e+01 -5.180000e+01  1.154632e-14
     vertex  6.793545e+01 -4.627939e+01  1.110223e-14
     vertex  6.793154e+01 -4.623567e+01  1.110223e-14
   endloop
 endfacet
 facet normal  3.360074e-17  3.936016e-18 -1.000000e+00
   outer loop
     vertex  8.180000e+01 -5.180000e+01  1.154632e-14
     vertex  6.793154e+01 -4.623567e+01  1.110223e-14
     vertex  6.792643e+01 -4.619206e+01  1.110223e-14
   endloop
 endfacet
 facet normal  3.400343e-17  4.932247e-18 -1.000000e+00
   outer loop
     vertex  8.180000e+01 -5.180000e+01  1.154632e-14
     vertex  6.792643e+01 -4.619206e+01  1.110223e-14
     vertex  6.792013e+01 -4.614862e+01  1.110223e-14
   endloop
 endfacet
 facet normal -1.325457e-17 -1.095001e-16 -1.000000e+00
   outer loop
     vertex  8.180000e+01 -5.180000e+01  1.154632e-14
     vertex  6.790396e+01 -4.606233e+01  1.110223e-14
     vertex  6.996000e+01 -3.820000e+01  1.021405e-14
   endloop
 endfacet
 facet normal  3.442249e-17  5.961468e-18 -1.000000e+00
   outer loop
     vertex  8.180000e+01 -5.180000e+01  1.154632e-14
     vertex  6.792013e+01 -4.614862e+01  1.110223e-14
     vertex  6.791264e+01 -4.610537e+01  1.110223e-14
   endloop
 endfacet
 facet normal  3.485953e-17  7.027255e-18 -1.000000e+00
   outer loop
     vertex  8.180000e+01 -5.180000e+01  1.154632e-14
     vertex  6.791264e+01 -4.610537e+01  1.110223e-14
     vertex  6.790396e+01 -4.606233e+01  1.110223e-14
   endloop
 endfacet
 facet normal -2.917253e-17 -1.233581e-16 -1.000000e+00
   outer loop
     vertex  8.180000e+01 -5.180000e+01  1.154632e-14
     vertex  6.996000e+01 -3.820000e+01  1.021405e-14
     vertex  6.996000e+01 -5.800000e+00  6.217249e-15
   endloop
 endfacet
 facet normal  1.518587e-18 -1.106873e-16 -1.000000e+00
   outer loop
     vertex  8.180000e+01 -5.180000e+01  1.154632e-14
     vertex  6.634000e+01 -4.800000e+01  1.110223e-14
     vertex  6.638389e+01 -4.799940e+01  1.110223e-14
   endloop
 endfacet
 facet normal  4.123020e-18 -1.001232e-16 -1.000000e+00
   outer loop
     vertex  8.180000e+01 -5.180000e+01  1.154632e-14
     vertex  6.638389e+01 -4.799940e+01  1.110223e-14
     vertex  6.642776e+01 -4.799759e+01  1.110223e-14
   endloop
 endfacet
 facet normal  6.279627e-18 -9.140450e-17 -1.000000e+00
   outer loop
     vertex  8.180000e+01 -5.180000e+01  1.154632e-14
     vertex  6.642776e+01 -4.799759e+01  1.110223e-14
     vertex  6.647155e+01 -4.799458e+01  1.110223e-14
   endloop
 endfacet
 facet normal  8.098876e-18 -8.407646e-17 -1.000000e+00
   outer loop
     vertex  8.180000e+01 -5.180000e+01  1.154632e-14
     vertex  6.647155e+01 -4.799458e+01  1.110223e-14
     vertex  6.651525e+01 -4.799037e+01  1.110223e-14
   endloop
 endfacet
 facet normal  9.657725e-18 -7.782214e-17 -1.000000e+00
   outer loop
     vertex  8.180000e+01 -5.180000e+01  1.154632e-14
     vertex  6.651525e+01 -4.799037e+01  1.110223e-14
     vertex  6.655881e+01 -4.798497e+01  1.110223e-14
   endloop
 endfacet
 facet normal  1.101144e-17 -7.241401e-17 -1.000000e+00
   outer loop
     vertex  8.180000e+01 -5.180000e+01  1.154632e-14
     vertex  6.655881e+01 -4.798497e+01  1.110223e-14
     vertex  6.660221e+01 -4.797837e+01  1.110223e-14
   endloop
 endfacet
 facet normal  1.220073e-17 -6.768447e-17 -1.000000e+00
   outer loop
     vertex  8.180000e+01 -5.180000e+01  1.154632e-14
     vertex  6.660221e+01 -4.797837e+01  1.110223e-14
     vertex  6.664541e+01 -4.797058e+01  1.110223e-14
   endloop
 endfacet
 facet normal  1.325626e-17 -6.350731e-17 -1.000000e+00
   outer loop
     vertex  8.180000e+01 -5.180000e+01  1.154632e-14
     vertex  6.664541e+01 -4.797058e+01  1.110223e-14
     vertex  6.668839e+01 -4.796161e+01  1.110223e-14
   endloop
 endfacet
 facet normal  1.420156e-17 -5.978569e-17 -1.000000e+00
   outer loop
     vertex  8.180000e+01 -5.180000e+01  1.154632e-14
     vertex  6.668839e+01 -4.796161e+01  1.110223e-14
     vertex  6.673110e+01 -4.795146e+01  1.110223e-14
   endloop
 endfacet
 facet normal  1.505500e-17 -5.644405e-17 -1.000000e+00
   outer loop
     vertex  8.180000e+01 -5.180000e+01  1.154632e-14
     vertex  6.673110e+01 -4.795146e+01  1.110223e-14
     vertex  6.677351e+01 -4.794015e+01  1.110223e-14
   endloop
 endfacet
 facet normal  1.583113e-17 -5.342256e-17 -1.000000e+00
   outer loop
     vertex  8.180000e+01 -5.180000e+01  1.154632e-14
     vertex  6.677351e+01 -4.794015e+01  1.110223e-14
     vertex  6.681560e+01 -4.792768e+01  1.110223e-14
   endloop
 endfacet
 facet normal  1.654162e-17 -5.067322e-17 -1.000000e+00
   outer loop
     vertex  8.180000e+01 -5.180000e+01  1.154632e-14
     vertex  6.681560e+01 -4.792768e+01  1.110223e-14
     vertex  6.685733e+01 -4.791406e+01  1.110223e-14
   endloop
 endfacet
 facet normal  1.719596e-17 -4.815709e-17 -1.000000e+00
   outer loop
     vertex  8.180000e+01 -5.180000e+01  1.154632e-14
     vertex  6.685733e+01 -4.791406e+01  1.110223e-14
     vertex  6.689868e+01 -4.789929e+01  1.110223e-14
   endloop
 endfacet
 facet normal  1.780192e-17 -4.584220e-17 -1.000000e+00
   outer loop
     vertex  8.180000e+01 -5.180000e+01  1.154632e-14
     vertex  6.689868e+01 -4.789929e+01  1.110223e-14
     vertex  6.693960e+01 -4.788340e+01  1.110223e-14
   endloop
 endfacet
 facet normal  1.836597e-17 -4.370210e-17 -1.000000e+00
   outer loop
     vertex  8.180000e+01 -5.180000e+01  1.154632e-14
     vertex  6.693960e+01 -4.788340e+01  1.110223e-14
     vertex  6.698007e+01 -4.786640e+01  1.110223e-14
   endloop
 endfacet
 facet normal  1.889349e-17 -4.171467e-17 -1.000000e+00
   outer loop
     vertex  8.180000e+01 -5.180000e+01  1.154632e-14
     vertex  6.698007e+01 -4.786640e+01  1.110223e-14
     vertex  6.702005e+01 -4.784828e+01  1.110223e-14
   endloop
 endfacet
 facet normal  1.938902e-17 -3.986128e-17 -1.000000e+00
   outer loop
     vertex  8.180000e+01 -5.180000e+01  1.154632e-14
     vertex  6.702005e+01 -4.784828e+01  1.110223e-14
     vertex  6.705953e+01 -4.782908e+01  1.110223e-14
   endloop
 endfacet
 facet normal  1.985645e-17 -3.812615e-17 -1.000000e+00
   outer loop
     vertex  8.180000e+01 -5.180000e+01  1.154632e-14
     vertex  6.705953e+01 -4.782908e+01  1.110223e-14
     vertex  6.709847e+01 -4.780880e+01  1.110223e-14
   endloop
 endfacet
 facet normal  2.029907e-17 -3.649576e-17 -1.000000e+00
   outer loop
     vertex  8.180000e+01 -5.180000e+01  1.154632e-14
     vertex  6.709847e+01 -4.780880e+01  1.110223e-14
     vertex  6.713683e+01 -4.778747e+01  1.110223e-14
   endloop
 endfacet
 facet normal  2.071974e-17 -3.495850e-17 -1.000000e+00
   outer loop
     vertex  8.180000e+01 -5.180000e+01  1.154632e-14
     vertex  6.713683e+01 -4.778747e+01  1.110223e-14
     vertex  6.717459e+01 -4.776508e+01  1.110223e-14
   endloop
 endfacet
 facet normal -8.105909e-17 -4.496815e-16 -1.000000e+00
   outer loop
     vertex  8.180000e+01 -5.180000e+01  1.154632e-14
     vertex  6.603459e+01 -4.797058e+01  1.110223e-14
     vertex  6.607779e+01 -4.797837e+01  1.110223e-14
   endloop
 endfacet
 facet normal  2.112092e-17 -3.350433e-17 -1.000000e+00
   outer loop
     vertex  8.180000e+01 -5.180000e+01  1.154632e-14
     vertex  6.717459e+01 -4.776508e+01  1.110223e-14
     vertex  6.721173e+01 -4.774167e+01  1.110223e-14
   endloop
 endfacet
 facet normal -4.719426e-17 -3.103615e-16 -1.000000e+00
   outer loop
     vertex  8.180000e+01 -5.180000e+01  1.154632e-14
     vertex  6.607779e+01 -4.797837e+01  1.110223e-14
     vertex  6.612119e+01 -4.798497e+01  1.110223e-14
   endloop
 endfacet
 facet normal  2.150477e-17 -3.212451e-17 -1.000000e+00
   outer loop
     vertex  8.180000e+01 -5.180000e+01  1.154632e-14
     vertex  6.721173e+01 -4.774167e+01  1.110223e-14
     vertex  6.724821e+01 -4.771725e+01  1.110223e-14
   endloop
 endfacet
 facet normal -2.948252e-17 -2.375707e-16 -1.000000e+00
   outer loop
     vertex  8.180000e+01 -5.180000e+01  1.154632e-14
     vertex  6.612119e+01 -4.798497e+01  1.110223e-14
     vertex  6.616475e+01 -4.799037e+01  1.110223e-14
   endloop
 endfacet
 facet normal  2.187319e-17 -3.081138e-17 -1.000000e+00
   outer loop
     vertex  8.180000e+01 -5.180000e+01  1.154632e-14
     vertex  6.724821e+01 -4.771725e+01  1.110223e-14
     vertex  6.728400e+01 -4.769184e+01  1.110223e-14
   endloop
 endfacet
 facet normal -1.857070e-17 -1.927871e-16 -1.000000e+00
   outer loop
     vertex  8.180000e+01 -5.180000e+01  1.154632e-14
     vertex  6.616475e+01 -4.799037e+01  1.110223e-14
     vertex  6.620845e+01 -4.799458e+01  1.110223e-14
   endloop
 endfacet
 facet normal  2.222785e-17 -2.955823e-17 -1.000000e+00
   outer loop
     vertex  8.180000e+01 -5.180000e+01  1.154632e-14
     vertex  6.728400e+01 -4.769184e+01  1.110223e-14
     vertex  6.731909e+01 -4.766546e+01  1.110223e-14
   endloop
 endfacet
 facet normal -1.115829e-17 -1.624169e-16 -1.000000e+00
   outer loop
     vertex  8.180000e+01 -5.180000e+01  1.154632e-14
     vertex  6.620845e+01 -4.799458e+01  1.110223e-14
     vertex  6.625224e+01 -4.799759e+01  1.110223e-14
   endloop
 endfacet
 facet normal  2.257021e-17 -2.835912e-17 -1.000000e+00
   outer loop
     vertex  8.180000e+01 -5.180000e+01  1.154632e-14
     vertex  6.731909e+01 -4.766546e+01  1.110223e-14
     vertex  6.735344e+01 -4.763812e+01  1.110223e-14
   endloop
 endfacet
 facet normal -5.783189e-18 -1.404386e-16 -1.000000e+00
   outer loop
     vertex  8.180000e+01 -5.180000e+01  1.154632e-14
     vertex  6.625224e+01 -4.799759e+01  1.110223e-14
     vertex  6.629611e+01 -4.799940e+01  1.110223e-14
   endloop
 endfacet
 facet normal  2.290162e-17 -2.720875e-17 -1.000000e+00
   outer loop
     vertex  8.180000e+01 -5.180000e+01  1.154632e-14
     vertex  6.735344e+01 -4.763812e+01  1.110223e-14
     vertex  6.738702e+01 -4.760985e+01  1.110223e-14
   endloop
 endfacet
 facet normal -1.698135e-18 -1.237743e-16 -1.000000e+00
   outer loop
     vertex  8.180000e+01 -5.180000e+01  1.154632e-14
     vertex  6.629611e+01 -4.799940e+01  1.110223e-14
     vertex  6.634000e+01 -4.800000e+01  1.110223e-14
   endloop
 endfacet
 facet normal  2.322325e-17 -2.610243e-17 -1.000000e+00
   outer loop
     vertex  8.180000e+01 -5.180000e+01  1.154632e-14
     vertex  6.738702e+01 -4.760985e+01  1.110223e-14
     vertex  6.741982e+01 -4.758067e+01  1.110223e-14
   endloop
 endfacet
 facet normal  2.353617e-17 -2.503593e-17 -1.000000e+00
   outer loop
     vertex  8.180000e+01 -5.180000e+01  1.154632e-14
     vertex  6.741982e+01 -4.758067e+01  1.110223e-14
     vertex  6.745180e+01 -4.755060e+01  1.110223e-14
   endloop
 endfacet
 facet normal  2.384136e-17 -2.400546e-17 -1.000000e+00
   outer loop
     vertex  8.180000e+01 -5.180000e+01  1.154632e-14
     vertex  6.745180e+01 -4.755060e+01  1.110223e-14
     vertex  6.748295e+01 -4.751967e+01  1.110223e-14
   endloop
 endfacet
 facet normal  2.413970e-17 -2.300758e-17 -1.000000e+00
   outer loop
     vertex  8.180000e+01 -5.180000e+01  1.154632e-14
     vertex  6.748295e+01 -4.751967e+01  1.110223e-14
     vertex  6.751324e+01 -4.748789e+01  1.110223e-14
   endloop
 endfacet
 facet normal  2.443199e-17 -2.203916e-17 -1.000000e+00
   outer loop
     vertex  8.180000e+01 -5.180000e+01  1.154632e-14
     vertex  6.751324e+01 -4.748789e+01  1.110223e-14
     vertex  6.754264e+01 -4.745530e+01  1.110223e-14
   endloop
 endfacet
 facet normal  2.471899e-17 -2.109735e-17 -1.000000e+00
   outer loop
     vertex  8.180000e+01 -5.180000e+01  1.154632e-14
     vertex  6.754264e+01 -4.745530e+01  1.110223e-14
     vertex  6.757114e+01 -4.742191e+01  1.110223e-14
   endloop
 endfacet
 facet normal  2.500139e-17 -2.017956e-17 -1.000000e+00
   outer loop
     vertex  8.180000e+01 -5.180000e+01  1.154632e-14
     vertex  6.757114e+01 -4.742191e+01  1.110223e-14
     vertex  6.759871e+01 -4.738775e+01  1.110223e-14
   endloop
 endfacet
 facet normal  2.527983e-17 -1.928336e-17 -1.000000e+00
   outer loop
     vertex  8.180000e+01 -5.180000e+01  1.154632e-14
     vertex  6.759871e+01 -4.738775e+01  1.110223e-14
     vertex  6.762534e+01 -4.735284e+01  1.110223e-14
   endloop
 endfacet
 facet normal  2.555493e-17 -1.840653e-17 -1.000000e+00
   outer loop
     vertex  8.180000e+01 -5.180000e+01  1.154632e-14
     vertex  6.762534e+01 -4.735284e+01  1.110223e-14
     vertex  6.765099e+01 -4.731722e+01  1.110223e-14
   endloop
 endfacet
 facet normal  2.582725e-17 -1.754700e-17 -1.000000e+00
   outer loop
     vertex  8.180000e+01 -5.180000e+01  1.154632e-14
     vertex  6.765099e+01 -4.731722e+01  1.110223e-14
     vertex  6.767566e+01 -4.728091e+01  1.110223e-14
   endloop
 endfacet
 facet normal  2.609734e-17 -1.670284e-17 -1.000000e+00
   outer loop
     vertex  8.180000e+01 -5.180000e+01  1.154632e-14
     vertex  6.767566e+01 -4.728091e+01  1.110223e-14
     vertex  6.769933e+01 -4.724394e+01  1.110223e-14
   endloop
 endfacet
 facet normal  2.636572e-17 -1.587222e-17 -1.000000e+00
   outer loop
     vertex  8.180000e+01 -5.180000e+01  1.154632e-14
     vertex  6.769933e+01 -4.724394e+01  1.110223e-14
     vertex  6.772197e+01 -4.720633e+01  1.110223e-14
   endloop
 endfacet
 facet normal -0.000000e+00 -9.885207e-17 -1.000000e+00
   outer loop
     vertex  8.180000e+01  5.180000e+01  0.000000e+00
     vertex -2.830848e+01  3.832261e+01  1.332268e-15
     vertex -8.180000e+01  5.180000e+01  0.000000e+00
   endloop
 endfacet
 facet normal -5.732258e-18 -5.202028e-17 -1.000000e+00
   outer loop
     vertex  8.180000e+01  5.180000e+01  0.000000e+00
     vertex -2.725852e+01  3.820692e+01  1.332268e-15
     vertex -2.830848e+01  3.832261e+01  1.332268e-15
   endloop
 endfacet
 facet normal -6.419943e-18 -4.650292e-17 -1.000000e+00
   outer loop
     vertex  8.180000e+01  5.180000e+01  0.000000e+00
     vertex -2.621214e+01  3.806246e+01  1.332268e-15
     vertex -2.725852e+01  3.820692e+01  1.332268e-15
   endloop
 endfacet
 facet normal  0.000000e+00 -1.159678e-16 -1.000000e+00
   outer loop
     vertex -8.180000e+01 -5.180000e+01  1.154632e-14
     vertex  6.603459e+01 -4.797058e+01  1.110223e-14
     vertex  8.180000e+01 -5.180000e+01  1.154632e-14
   endloop
 endfacet
 facet normal -2.672333e-18 -1.280246e-17 -1.000000e+00
   outer loop
     vertex -8.180000e+01 -5.180000e+01  1.154632e-14
     vertex  6.599161e+01 -4.796161e+01  1.110223e-14
     vertex  6.603459e+01 -4.797058e+01  1.110223e-14
   endloop
 endfacet
 facet normal -2.708679e-18 -1.140299e-17 -1.000000e+00
   outer loop
     vertex -8.180000e+01 -5.180000e+01  1.154632e-14
     vertex  6.594890e+01 -4.795146e+01  1.110223e-14
     vertex  6.599161e+01 -4.796161e+01  1.110223e-14
   endloop
 endfacet
 facet normal -2.738286e-18 -1.026636e-17 -1.000000e+00
   outer loop
     vertex -8.180000e+01 -5.180000e+01  1.154632e-14
     vertex  6.590649e+01 -4.794015e+01  1.110223e-14
     vertex  6.594890e+01 -4.795146e+01  1.110223e-14
   endloop
 endfacet
 facet normal -2.762923e-18 -9.323558e-18 -1.000000e+00
   outer loop
     vertex -8.180000e+01 -5.180000e+01  1.154632e-14
     vertex  6.586440e+01 -4.792768e+01  1.110223e-14
     vertex  6.590649e+01 -4.794015e+01  1.110223e-14
   endloop
 endfacet
 facet normal -2.783791e-18 -8.527803e-18 -1.000000e+00
   outer loop
     vertex -8.180000e+01 -5.180000e+01  1.154632e-14
     vertex  6.582267e+01 -4.791406e+01  1.110223e-14
     vertex  6.586440e+01 -4.792768e+01  1.110223e-14
   endloop
 endfacet
 facet normal -4.654864e-19 -9.659760e-17 -1.000000e+00
   outer loop
     vertex -8.180000e+01 -5.180000e+01  1.154632e-14
     vertex -2.778310e+01 -3.826837e+01  1.021405e-14
     vertex  6.582267e+01 -4.791406e+01  1.110223e-14
   endloop
 endfacet
 facet normal  5.183993e-18 -4.177272e-17 -1.000000e+00
   outer loop
     vertex -2.778310e+01 -3.826837e+01  1.021405e-14
     vertex -2.673483e+01 -3.813828e+01  1.021405e-14
     vertex  6.582267e+01 -4.791406e+01  1.110223e-14
   endloop
 endfacet
 facet normal  1.708837e-17 -1.114510e-16 -1.000000e+00
   outer loop
     vertex  8.180000e+01 -5.180000e+01  1.154632e-14
     vertex  6.996000e+01 -5.800000e+00  6.217249e-15
     vertex  8.180000e+01  5.180000e+01  0.000000e+00
   endloop
 endfacet
 facet normal -0.000000e+00 -1.000000e+00  0.000000e+00
   outer loop
     vertex  8.180000e+01 -5.180000e+01  9.000000e+00
     vertex -8.180000e+01 -5.180000e+01  9.000000e+00
     vertex -8.180000e+01 -5.180000e+01  1.154632e-14
   endloop
 endfacet
 facet normal  0.000000e+00 -1.000000e+00 -0.000000e+00
   outer loop
     vertex  8.180000e+01 -5.180000e+01  9.000000e+00
     vertex -8.180000e+01 -5.180000e+01  1.154632e-14
     vertex  8.180000e+01 -5.180000e+01  1.154632e-14
   endloop
 endfacet
 facet normal -7.614961e-17  7.459849e-17  1.000000e+00
   outer loop
     vertex -5.986928e+01  2.656225e+01  9.000000e+00
     vertex -5.913008e+01  2.731682e+01  9.000000e+00
     vertex -8.180000e+01  5.180000e+01  9.000000e+00
   endloop
 endfacet
 facet normal -7.400326e-17  7.658588e-17  1.000000e+00
   outer loop
     vertex -5.837046e+01  2.805083e+01  9.000000e+00
     vertex -8.180000e+01  5.180000e+01  9.000000e+00
     vertex -5.913008e+01  2.731682e+01  9.000000e+00
   endloop
 endfacet
 facet normal -7.836997e-17  7.266908e-17  1.000000e+00
   outer loop
     vertex -6.058750e+01  2.578768e+01  9.000000e+00
     vertex -5.986928e+01  2.656225e+01  9.000000e+00
     vertex -8.180000e+01  5.180000e+01  9.000000e+00
   endloop
 endfacet
 facet normal -7.192188e-17  7.863924e-17  1.000000e+00
   outer loop
     vertex -5.759099e+01  2.876372e+01  9.000000e+00
     vertex -8.180000e+01  5.180000e+01  9.000000e+00
     vertex -5.837046e+01  2.805083e+01  9.000000e+00
   endloop
 endfacet
 facet normal -8.067411e-17  7.079010e-17  1.000000e+00
   outer loop
     vertex -6.128420e+01  2.499371e+01  9.000000e+00
     vertex -6.058750e+01  2.578768e+01  9.000000e+00
     vertex -8.180000e+01  5.180000e+01  9.000000e+00
   endloop
 endfacet
 facet normal -6.989703e-17  8.076718e-17  1.000000e+00
   outer loop
     vertex -5.679225e+01  2.945495e+01  9.000000e+00
     vertex -8.180000e+01  5.180000e+01  9.000000e+00
     vertex -5.759099e+01  2.876372e+01  9.000000e+00
   endloop
 endfacet
 facet normal -8.307269e-17  6.895438e-17  1.000000e+00
   outer loop
     vertex -6.195886e+01  2.418092e+01  9.000000e+00
     vertex -6.128420e+01  2.499371e+01  9.000000e+00
     vertex -8.180000e+01  5.180000e+01  9.000000e+00
   endloop
 endfacet
 facet normal -6.792070e-17  8.297901e-17  1.000000e+00
   outer loop
     vertex -5.597485e+01  3.012402e+01  9.000000e+00
     vertex -8.180000e+01  5.180000e+01  9.000000e+00
     vertex -5.679225e+01  2.945495e+01  9.000000e+00
   endloop
 endfacet
 facet normal -8.557743e-17  6.715501e-17  1.000000e+00
   outer loop
     vertex -6.261096e+01  2.334992e+01  9.000000e+00
     vertex -6.195886e+01  2.418092e+01  9.000000e+00
     vertex -8.180000e+01  5.180000e+01  9.000000e+00
   endloop
 endfacet
 facet normal -6.598527e-17  8.528492e-17  1.000000e+00
   outer loop
     vertex -5.513940e+01  3.077041e+01  9.000000e+00
     vertex -8.180000e+01  5.180000e+01  9.000000e+00
     vertex -5.597485e+01  3.012402e+01  9.000000e+00
   endloop
 endfacet
 facet normal -8.820131e-17  6.538525e-17  1.000000e+00
   outer loop
     vertex -6.324003e+01  2.250135e+01  9.000000e+00
     vertex -6.261096e+01  2.334992e+01  9.000000e+00
     vertex -8.180000e+01  5.180000e+01  9.000000e+00
   endloop
 endfacet
 facet normal -6.408333e-17  8.769613e-17  1.000000e+00
   outer loop
     vertex -5.428654e+01  3.139363e+01  9.000000e+00
     vertex -8.180000e+01  5.180000e+01  9.000000e+00
     vertex -5.513940e+01  3.077041e+01  9.000000e+00
   endloop
 endfacet
 facet normal -9.095884e-17  6.363842e-17  1.000000e+00
   outer loop
     vertex -6.384557e+01  2.163584e+01  9.000000e+00
     vertex -6.324003e+01  2.250135e+01  9.000000e+00
     vertex -8.180000e+01  5.180000e+01  9.000000e+00
   endloop
 endfacet
 facet normal -6.220763e-17  9.022510e-17  1.000000e+00
   outer loop
     vertex -5.341689e+01  3.199323e+01  9.000000e+00
     vertex -8.180000e+01  5.180000e+01  9.000000e+00
     vertex -5.428654e+01  3.139363e+01  9.000000e+00
   endloop
 endfacet
 facet normal -9.386634e-17  6.190782e-17  1.000000e+00
   outer loop
     vertex -6.442714e+01  2.075405e+01  9.000000e+00
     vertex -6.384557e+01  2.163584e+01  9.000000e+00
     vertex -8.180000e+01  5.180000e+01  9.000000e+00
   endloop
 endfacet
 facet normal -6.035092e-17  9.288576e-17  1.000000e+00
   outer loop
     vertex -5.253113e+01  3.256874e+01  9.000000e+00
     vertex -8.180000e+01  5.180000e+01  9.000000e+00
     vertex -5.341689e+01  3.199323e+01  9.000000e+00
   endloop
 endfacet
 facet normal -9.694227e-17  6.018657e-17  1.000000e+00
   outer loop
     vertex -6.498431e+01  1.985663e+01  9.000000e+00
     vertex -6.442714e+01  2.075405e+01  9.000000e+00
     vertex -8.180000e+01  5.180000e+01  9.000000e+00
   endloop
 endfacet
 facet normal -5.850589e-17  9.569380e-17  1.000000e+00
   outer loop
     vertex -5.162991e+01  3.311973e+01  9.000000e+00
     vertex -8.180000e+01  5.180000e+01  9.000000e+00
     vertex -5.253113e+01  3.256874e+01  9.000000e+00
   endloop
 endfacet
 facet normal -1.002077e-16  5.846756e-17  1.000000e+00
   outer loop
     vertex -6.551664e+01  1.894426e+01  9.000000e+00
     vertex -6.498431e+01  1.985663e+01  9.000000e+00
     vertex -8.180000e+01  5.180000e+01  9.000000e+00
   endloop
 endfacet
 facet normal -5.666500e-17  9.866697e-17  1.000000e+00
   outer loop
     vertex -5.071391e+01  3.364579e+01  9.000000e+00
     vertex -8.180000e+01  5.180000e+01  9.000000e+00
     vertex -5.162991e+01  3.311973e+01  9.000000e+00
   endloop
 endfacet
 facet normal -1.036869e-16  5.674329e-17  1.000000e+00
   outer loop
     vertex -6.602374e+01  1.801763e+01  9.000000e+00
     vertex -6.551664e+01  1.894426e+01  9.000000e+00
     vertex -8.180000e+01  5.180000e+01  9.000000e+00
   endloop
 endfacet
 facet normal -5.482040e-17  1.018255e-16  1.000000e+00
   outer loop
     vertex -4.978383e+01  3.414653e+01  9.000000e+00
     vertex -8.180000e+01  5.180000e+01  9.000000e+00
     vertex -5.071391e+01  3.364579e+01  9.000000e+00
   endloop
 endfacet
 facet normal -1.074077e-16  5.500567e-17  1.000000e+00
   outer loop
     vertex -6.650523e+01  1.707744e+01  9.000000e+00
     vertex -6.602374e+01  1.801763e+01  9.000000e+00
     vertex -8.180000e+01  5.180000e+01  9.000000e+00
   endloop
 endfacet
 facet normal -5.296373e-17  1.051928e-16  1.000000e+00
   outer loop
     vertex -4.884036e+01  3.462156e+01  9.000000e+00
     vertex -8.180000e+01  5.180000e+01  9.000000e+00
     vertex -4.978383e+01  3.414653e+01  9.000000e+00
   endloop
 endfacet
 facet normal -1.114028e-16  5.324589e-17  1.000000e+00
   outer loop
     vertex -6.696075e+01  1.612440e+01  9.000000e+00
     vertex -6.650523e+01  1.707744e+01  9.000000e+00
     vertex -8.180000e+01  5.180000e+01  9.000000e+00
   endloop
 endfacet
 facet normal -5.108597e-17  1.087956e-16  1.000000e+00
   outer loop
     vertex -4.788421e+01  3.507053e+01  9.000000e+00
     vertex -8.180000e+01  5.180000e+01  9.000000e+00
     vertex -4.884036e+01  3.462156e+01  9.000000e+00
   endloop
 endfacet
 facet normal -1.157103e-16  5.145417e-17  1.000000e+00
   outer loop
     vertex -6.738995e+01  1.515921e+01  9.000000e+00
     vertex -6.696075e+01  1.612440e+01  9.000000e+00
     vertex -8.180000e+01  5.180000e+01  9.000000e+00
   endloop
 endfacet
 facet normal -4.917722e-17  1.126652e-16  1.000000e+00
   outer loop
     vertex -4.691610e+01  3.549310e+01  9.000000e+00
     vertex -8.180000e+01  5.180000e+01  9.000000e+00
     vertex -4.788421e+01  3.507053e+01  9.000000e+00
   endloop
 endfacet
 facet normal -1.203755e-16  4.961948e-17  1.000000e+00
   outer loop
     vertex -6.779250e+01  1.418262e+01  9.000000e+00
     vertex -6.738995e+01  1.515921e+01  9.000000e+00
     vertex -8.180000e+01  5.180000e+01  9.000000e+00
   endloop
 endfacet
 facet normal -4.722645e-17  1.168383e-16  1.000000e+00
   outer loop
     vertex -4.593677e+01  3.588895e+01  9.000000e+00
     vertex -8.180000e+01  5.180000e+01  9.000000e+00
     vertex -4.691610e+01  3.549310e+01  9.000000e+00
   endloop
 endfacet
 facet normal -1.254520e-16  4.772915e-17  1.000000e+00
   outer loop
     vertex -6.816812e+01  1.319534e+01  9.000000e+00
     vertex -6.779250e+01  1.418262e+01  9.000000e+00
     vertex -8.180000e+01  5.180000e+01  9.000000e+00
   endloop
 endfacet
 facet normal  1.905565e-15  4.518396e-15  1.000000e+00
   outer loop
     vertex -4.494695e+01  3.625778e+01  9.000000e+00
     vertex -8.180000e+01  5.180000e+01  9.000000e+00
     vertex -4.593677e+01  3.588895e+01  9.000000e+00
   endloop
 endfacet
 facet normal -1.310046e-16  4.576845e-17  1.000000e+00
   outer loop
     vertex -6.851651e+01  1.219814e+01  9.000000e+00
     vertex -6.816812e+01  1.319534e+01  9.000000e+00
     vertex -8.180000e+01  5.180000e+01  9.000000e+00
   endloop
 endfacet
 facet normal  0.000000e+00  0.000000e+00  1.000000e+00
   outer loop
     vertex -4.394738e+01  3.659932e+01  9.000000e+00
     vertex -8.180000e+01  5.180000e+01  9.000000e+00
     vertex -4.494695e+01  3.625778e+01  9.000000e+00
   endloop
 endfacet
 facet normal -1.371117e-16  4.371994e-17  1.000000e+00
   outer loop
     vertex -6.883741e+01  1.119175e+01  9.000000e+00
     vertex -6.851651e+01  1.219814e+01  9.000000e+00
     vertex -8.180000e+01  5.180000e+01  9.000000e+00
   endloop
 endfacet
 facet normal  0.000000e+00  0.000000e+00  1.000000e+00
   outer loop
     vertex -4.293881e+01  3.691331e+01  9.000000e+00
     vertex -8.180000e+01  5.180000e+01  9.000000e+00
     vertex -4.394738e+01  3.659932e+01  9.000000e+00
   endloop
 endfacet
 facet normal -1.438698e-16  4.156270e-17  1.000000e+00
   outer loop
     vertex -6.913058e+01  1.017694e+01  9.000000e+00
     vertex -6.883741e+01  1.119175e+01  9.000000e+00
     vertex -8.180000e+01  5.180000e+01  9.000000e+00
   endloop
 endfacet
 facet normal  0.000000e+00  0.000000e+00  1.000000e+00
   outer loop
     vertex -4.192201e+01  3.719951e+01  9.000000e+00
     vertex -8.180000e+01  5.180000e+01  9.000000e+00
     vertex -4.293881e+01  3.691331e+01  9.000000e+00
   endloop
 endfacet
 facet normal -1.513981e-16  3.927119e-17  1.000000e+00
   outer loop
     vertex -6.939580e+01  9.154470e+00  9.000000e+00
     vertex -6.913058e+01  1.017694e+01  9.000000e+00
     vertex -8.180000e+01  5.180000e+01  9.000000e+00
   endloop
 endfacet
 facet normal  0.000000e+00  0.000000e+00  1.000000e+00
   outer loop
     vertex -4.089774e+01  3.745771e+01  9.000000e+00
     vertex -8.180000e+01  5.180000e+01  9.000000e+00
     vertex -4.192201e+01  3.719951e+01  9.000000e+00
   endloop
 endfacet
 facet normal -1.598468e-16  3.681373e-17  1.000000e+00
   outer loop
     vertex -6.963287e+01  8.125106e+00  9.000000e+00
     vertex -6.939580e+01  9.154470e+00  9.000000e+00
     vertex -8.180000e+01  5.180000e+01  9.000000e+00
   endloop
 endfacet
 facet normal  0.000000e+00  0.000000e+00  1.000000e+00
   outer loop
     vertex -3.986678e+01  3.768771e+01  9.000000e+00
     vertex -8.180000e+01  5.180000e+01  9.000000e+00
     vertex -4.089774e+01  3.745771e+01  9.000000e+00
   endloop
 endfacet
 facet normal -1.694071e-16  3.415040e-17  1.000000e+00
   outer loop
     vertex -6.984161e+01  7.089626e+00  9.000000e+00
     vertex -6.963287e+01  8.125106e+00  9.000000e+00
     vertex -8.180000e+01  5.180000e+01  9.000000e+00
   endloop
 endfacet
 facet normal  0.000000e+00  0.000000e+00  1.000000e+00
   outer loop
     vertex -3.882989e+01  3.788935e+01  9.000000e+00
     vertex -8.180000e+01  5.180000e+01  9.000000e+00
     vertex -3.986678e+01  3.768771e+01  9.000000e+00
   endloop
 endfacet
 facet normal -1.803264e-16  3.122988e-17  1.000000e+00
   outer loop
     vertex -7.002186e+01  6.048809e+00  9.000000e+00
     vertex -6.984161e+01  7.089626e+00  9.000000e+00
     vertex -8.180000e+01  5.180000e+01  9.000000e+00
   endloop
 endfacet
 facet normal  0.000000e+00  0.000000e+00  1.000000e+00
   outer loop
     vertex -3.778786e+01  3.806246e+01  9.000000e+00
     vertex -8.180000e+01  5.180000e+01  9.000000e+00
     vertex -3.882989e+01  3.788935e+01  9.000000e+00
   endloop
 endfacet
 facet normal -1.929311e-16  2.798494e-17  1.000000e+00
   outer loop
     vertex -7.017349e+01  5.003439e+00  9.000000e+00
     vertex -7.002186e+01  6.048809e+00  9.000000e+00
     vertex -8.180000e+01  5.180000e+01  9.000000e+00
   endloop
 endfacet
 facet normal  0.000000e+00  0.000000e+00  1.000000e+00
   outer loop
     vertex -3.674148e+01  3.820692e+01  9.000000e+00
     vertex -8.180000e+01  5.180000e+01  9.000000e+00
     vertex -3.778786e+01  3.806246e+01  9.000000e+00
   endloop
 endfacet
 facet normal  9.054994e-15  2.325612e-15  1.000000e+00
   outer loop
     vertex -7.029639e+01  3.954302e+00  9.000000e+00
     vertex -7.017349e+01  5.003439e+00  9.000000e+00
     vertex -8.180000e+01  5.180000e+01  9.000000e+00
   endloop
 endfacet
 facet normal  0.000000e+00  0.000000e+00  1.000000e+00
   outer loop
     vertex -3.569152e+01  3.832261e+01  9.000000e+00
     vertex -8.180000e+01  5.180000e+01  9.000000e+00
     vertex -3.674148e+01  3.820692e+01  9.000000e+00
   endloop
 endfacet
 facet normal -4.502394e-16  4.025543e-17  1.000000e+00
   outer loop
     vertex -7.039046e+01  2.902189e+00  9.000000e+00
     vertex -7.029639e+01  3.954302e+00  9.000000e+00
     vertex -8.180000e+01  5.180000e+01  9.000000e+00
   endloop
 endfacet
 facet normal  0.000000e+00  0.000000e+00  1.000000e+00
   outer loop
     vertex -3.463879e+01  3.840946e+01  9.000000e+00
     vertex -8.180000e+01  5.180000e+01  9.000000e+00
     vertex -3.569152e+01  3.832261e+01  9.000000e+00
   endloop
 endfacet
 facet normal -4.923364e-16  3.043274e-17  1.000000e+00
   outer loop
     vertex -7.045563e+01  1.847891e+00  9.000000e+00
     vertex -7.039046e+01  2.902189e+00  9.000000e+00
     vertex -8.180000e+01  5.180000e+01  9.000000e+00
   endloop
 endfacet
 facet normal  0.000000e+00  0.000000e+00  1.000000e+00
   outer loop
     vertex -3.358407e+01  3.846740e+01  9.000000e+00
     vertex -8.180000e+01  5.180000e+01  9.000000e+00
     vertex -3.463879e+01  3.840946e+01  9.000000e+00
   endloop
 endfacet
 facet normal -5.441334e-16  1.866939e-17  1.000000e+00
   outer loop
     vertex -7.049185e+01  7.922016e-01  9.000000e+00
     vertex -7.045563e+01  1.847891e+00  9.000000e+00
     vertex -8.180000e+01  5.180000e+01  9.000000e+00
   endloop
 endfacet
 facet normal  0.000000e+00  0.000000e+00  1.000000e+00
   outer loop
     vertex -3.252816e+01  3.849638e+01  9.000000e+00
     vertex -8.180000e+01  5.180000e+01  9.000000e+00
     vertex -3.358407e+01  3.846740e+01  9.000000e+00
   endloop
 endfacet
 facet normal -6.094874e-16  4.180767e-18  1.000000e+00
   outer loop
     vertex -7.049909e+01 -2.640838e-01  9.000000e+00
     vertex -7.049185e+01  7.922016e-01  9.000000e+00
     vertex -8.180000e+01  5.180000e+01  9.000000e+00
   endloop
 endfacet
 facet normal  0.000000e+00  0.000000e+00  1.000000e+00
   outer loop
     vertex -3.147184e+01  3.849638e+01  9.000000e+00
     vertex -8.180000e+01  5.180000e+01  9.000000e+00
     vertex -3.252816e+01  3.849638e+01  9.000000e+00
   endloop
 endfacet
 facet normal  0.000000e+00  0.000000e+00  1.000000e+00
   outer loop
     vertex -3.041593e+01  3.846740e+01  9.000000e+00
     vertex -8.180000e+01  5.180000e+01  9.000000e+00
     vertex -3.147184e+01  3.849638e+01  9.000000e+00
   endloop
 endfacet
 facet normal  0.000000e+00  0.000000e+00  1.000000e+00
   outer loop
     vertex -2.936121e+01  3.840946e+01  9.000000e+00
     vertex -8.180000e+01  5.180000e+01  9.000000e+00
     vertex -3.041593e+01  3.846740e+01  9.000000e+00
   endloop
 endfacet
 facet normal  0.000000e+00  0.000000e+00  1.000000e+00
   outer loop
     vertex -2.830848e+01  3.832261e+01  9.000000e+00
     vertex -8.180000e+01  5.180000e+01  9.000000e+00
     vertex -2.936121e+01  3.840946e+01  9.000000e+00
   endloop
 endfacet
 facet normal  8.186089e-17  6.986727e-17  1.000000e+00
   outer loop
     vertex -8.180000e+01 -5.180000e+01  9.000000e+00
     vertex -6.093858e+01 -2.539309e+01  9.000000e+00
     vertex -6.162432e+01 -2.458963e+01  9.000000e+00
   endloop
 endfacet
 facet normal  7.951092e-17  7.172374e-17  1.000000e+00
   outer loop
     vertex -8.180000e+01 -5.180000e+01  9.000000e+00
     vertex -6.023105e+01 -2.617743e+01  9.000000e+00
     vertex -6.093858e+01 -2.539309e+01  9.000000e+00
   endloop
 endfacet
 facet normal  7.724994e-17  7.362702e-17  1.000000e+00
   outer loop
     vertex -8.180000e+01 -5.180000e+01  9.000000e+00
     vertex -5.950227e+01 -2.694207e+01  9.000000e+00
     vertex -6.023105e+01 -2.617743e+01  9.000000e+00
   endloop
 endfacet
 facet normal  7.506776e-17  7.558445e-17  1.000000e+00
   outer loop
     vertex -8.180000e+01 -5.180000e+01  9.000000e+00
     vertex -5.875279e+01 -2.768643e+01  9.000000e+00
     vertex -5.950227e+01 -2.694207e+01  9.000000e+00
   endloop
 endfacet
 facet normal  2.873999e-16  5.914985e-18  1.000000e+00
   outer loop
     vertex -8.180000e+01 -5.180000e+01  9.000000e+00
     vertex -7.047736e+01 -1.320170e+00  9.000000e+00
     vertex -7.049909e+01 -2.640838e-01  9.000000e+00
   endloop
 endfacet
 facet normal  2.584107e-16  1.241729e-17  1.000000e+00
   outer loop
     vertex -8.180000e+01 -5.180000e+01  9.000000e+00
     vertex -7.042666e+01 -2.375263e+00  9.000000e+00
     vertex -7.047736e+01 -1.320170e+00  9.000000e+00
   endloop
 endfacet
 facet normal  2.351283e-16  1.777490e-17  1.000000e+00
   outer loop
     vertex -8.180000e+01 -5.180000e+01  9.000000e+00
     vertex -7.034703e+01 -3.428568e+00  9.000000e+00
     vertex -7.042666e+01 -2.375263e+00  9.000000e+00
   endloop
 endfacet
 facet normal  2.160023e-16  2.230337e-17  1.000000e+00
   outer loop
     vertex -8.180000e+01 -5.180000e+01  9.000000e+00
     vertex -7.023854e+01 -4.479292e+00  9.000000e+00
     vertex -7.034703e+01 -3.428568e+00  9.000000e+00
   endloop
 endfacet
 facet normal  1.999970e-16  2.621381e-17  1.000000e+00
   outer loop
     vertex -8.180000e+01 -5.180000e+01  9.000000e+00
     vertex -7.010126e+01 -5.526644e+00  9.000000e+00
     vertex -7.023854e+01 -4.479292e+00  9.000000e+00
   endloop
 endfacet
 facet normal  1.863938e-16  2.965295e-17  1.000000e+00
   outer loop
     vertex -8.180000e+01 -5.180000e+01  9.000000e+00
     vertex -6.993530e+01 -6.569836e+00  9.000000e+00
     vertex -7.010126e+01 -5.526644e+00  9.000000e+00
   endloop
 endfacet
 facet normal  1.746786e-16  3.272605e-17  1.000000e+00
   outer loop
     vertex -8.180000e+01 -5.180000e+01  9.000000e+00
     vertex -6.974079e+01 -7.608082e+00  9.000000e+00
     vertex -6.993530e+01 -6.569836e+00  9.000000e+00
   endloop
 endfacet
 facet normal  1.644741e-16  3.551070e-17  1.000000e+00
   outer loop
     vertex -8.180000e+01 -5.180000e+01  9.000000e+00
     vertex -6.951786e+01 -8.640601e+00  9.000000e+00
     vertex -6.974079e+01 -7.608082e+00  9.000000e+00
   endloop
 endfacet
 facet normal  1.554966e-16  3.806548e-17  1.000000e+00
   outer loop
     vertex -8.180000e+01 -5.180000e+01  9.000000e+00
     vertex -6.926669e+01 -9.666615e+00  9.000000e+00
     vertex -6.951786e+01 -8.640601e+00  9.000000e+00
   endloop
 endfacet
 facet normal  1.475291e-16  4.043555e-17  1.000000e+00
   outer loop
     vertex -8.180000e+01 -5.180000e+01  9.000000e+00
     vertex -6.898747e+01 -1.068535e+01  9.000000e+00
     vertex -6.926669e+01 -9.666615e+00  9.000000e+00
   endloop
 endfacet
 facet normal  1.404026e-16  4.265639e-17  1.000000e+00
   outer loop
     vertex -8.180000e+01 -5.180000e+01  9.000000e+00
     vertex -6.868041e+01 -1.169605e+01  9.000000e+00
     vertex -6.898747e+01 -1.068535e+01  9.000000e+00
   endloop
 endfacet
 facet normal -1.547830e-16  1.028778e-16  1.000000e+00
   outer loop
     vertex -8.180000e+01 -5.180000e+01  9.000000e+00
     vertex -7.049909e+01 -2.640838e-01  9.000000e+00
     vertex -8.180000e+01  5.180000e+01  9.000000e+00
   endloop
 endfacet
 facet normal  1.339833e-16  4.475639e-17  1.000000e+00
   outer loop
     vertex -8.180000e+01 -5.180000e+01  9.000000e+00
     vertex -6.834573e+01 -1.269794e+01  9.000000e+00
     vertex -6.868041e+01 -1.169605e+01  9.000000e+00
   endloop
 endfacet
 facet normal  1.281642e-16  4.675861e-17  1.000000e+00
   outer loop
     vertex -8.180000e+01 -5.180000e+01  9.000000e+00
     vertex -6.798370e+01 -1.369027e+01  9.000000e+00
     vertex -6.834573e+01 -1.269794e+01  9.000000e+00
   endloop
 endfacet
 facet normal  1.228585e-16  4.868213e-17  1.000000e+00
   outer loop
     vertex -8.180000e+01 -5.180000e+01  9.000000e+00
     vertex -6.759458e+01 -1.467229e+01  9.000000e+00
     vertex -6.798370e+01 -1.369027e+01  9.000000e+00
   endloop
 endfacet
 facet normal  1.179951e-16  5.054295e-17  1.000000e+00
   outer loop
     vertex -8.180000e+01 -5.180000e+01  9.000000e+00
     vertex -6.717866e+01 -1.564328e+01  9.000000e+00
     vertex -6.759458e+01 -1.467229e+01  9.000000e+00
   endloop
 endfacet
 facet normal  1.135149e-16  5.235468e-17  1.000000e+00
   outer loop
     vertex -8.180000e+01 -5.180000e+01  9.000000e+00
     vertex -6.673626e+01 -1.660248e+01  9.000000e+00
     vertex -6.717866e+01 -1.564328e+01  9.000000e+00
   endloop
 endfacet
 facet normal  1.093687e-16  5.412913e-17  1.000000e+00
   outer loop
     vertex -8.180000e+01 -5.180000e+01  9.000000e+00
     vertex -6.626771e+01 -1.754919e+01  9.000000e+00
     vertex -6.673626e+01 -1.660248e+01  9.000000e+00
   endloop
 endfacet
 facet normal  1.055152e-16  5.587668e-17  1.000000e+00
   outer loop
     vertex -8.180000e+01 -5.180000e+01  9.000000e+00
     vertex -6.577337e+01 -1.848268e+01  9.000000e+00
     vertex -6.626771e+01 -1.754919e+01  9.000000e+00
   endloop
 endfacet
 facet normal  1.019189e-16  5.760657e-17  1.000000e+00
   outer loop
     vertex -8.180000e+01 -5.180000e+01  9.000000e+00
     vertex -6.525360e+01 -1.940227e+01  9.000000e+00
     vertex -6.577337e+01 -1.848268e+01  9.000000e+00
   endloop
 endfacet
 facet normal  9.854987e-17  5.932724e-17  1.000000e+00
   outer loop
     vertex -8.180000e+01 -5.180000e+01  9.000000e+00
     vertex -6.470880e+01 -2.030725e+01  9.000000e+00
     vertex -6.525360e+01 -1.940227e+01  9.000000e+00
   endloop
 endfacet
 facet normal  9.538200e-17  6.104646e-17  1.000000e+00
   outer loop
     vertex -8.180000e+01 -5.180000e+01  9.000000e+00
     vertex -6.413938e+01 -2.119694e+01  9.000000e+00
     vertex -6.470880e+01 -2.030725e+01  9.000000e+00
   endloop
 endfacet
 facet normal  9.239274e-17  6.277152e-17  1.000000e+00
   outer loop
     vertex -8.180000e+01 -5.180000e+01  9.000000e+00
     vertex -6.354577e+01 -2.207067e+01  9.000000e+00
     vertex -6.413938e+01 -2.119694e+01  9.000000e+00
   endloop
 endfacet
 facet normal  8.956240e-17  6.450939e-17  1.000000e+00
   outer loop
     vertex -8.180000e+01 -5.180000e+01  9.000000e+00
     vertex -6.292841e+01 -2.292779e+01  9.000000e+00
     vertex -6.354577e+01 -2.207067e+01  9.000000e+00
   endloop
 endfacet
 facet normal  8.687361e-17  6.626685e-17  1.000000e+00
   outer loop
     vertex -8.180000e+01 -5.180000e+01  9.000000e+00
     vertex -6.228776e+01 -2.376766e+01  9.000000e+00
     vertex -6.292841e+01 -2.292779e+01  9.000000e+00
   endloop
 endfacet
 facet normal  8.431102e-17  6.805057e-17  1.000000e+00
   outer loop
     vertex -8.180000e+01 -5.180000e+01  9.000000e+00
     vertex -6.162432e+01 -2.458963e+01  9.000000e+00
     vertex -6.228776e+01 -2.376766e+01  9.000000e+00
   endloop
 endfacet
 facet normal -2.358510e-15  2.401544e-15  1.000000e+00
   outer loop
     vertex -5.798317e+01 -2.840994e+01  9.000000e+00
     vertex -5.875279e+01 -2.768643e+01  9.000000e+00
     vertex -8.180000e+01 -5.180000e+01  9.000000e+00
   endloop
 endfacet
 facet normal  0.000000e+00  0.000000e+00  1.000000e+00
   outer loop
     vertex -5.719399e+01 -2.911207e+01  9.000000e+00
     vertex -5.798317e+01 -2.840994e+01  9.000000e+00
     vertex -8.180000e+01 -5.180000e+01  9.000000e+00
   endloop
 endfacet
 facet normal  0.000000e+00  0.000000e+00  1.000000e+00
   outer loop
     vertex -5.638584e+01 -2.979229e+01  9.000000e+00
     vertex -5.719399e+01 -2.911207e+01  9.000000e+00
     vertex -8.180000e+01 -5.180000e+01  9.000000e+00
   endloop
 endfacet
 facet normal  0.000000e+00  0.000000e+00  1.000000e+00
   outer loop
     vertex -5.555934e+01 -3.045008e+01  9.000000e+00
     vertex -5.638584e+01 -2.979229e+01  9.000000e+00
     vertex -8.180000e+01 -5.180000e+01  9.000000e+00
   endloop
 endfacet
 facet normal  0.000000e+00  0.000000e+00  1.000000e+00
   outer loop
     vertex -5.471511e+01 -3.108495e+01  9.000000e+00
     vertex -5.555934e+01 -3.045008e+01  9.000000e+00
     vertex -8.180000e+01 -5.180000e+01  9.000000e+00
   endloop
 endfacet
 facet normal  0.000000e+00  0.000000e+00  1.000000e+00
   outer loop
     vertex -5.385377e+01 -3.169641e+01  9.000000e+00
     vertex -5.471511e+01 -3.108495e+01  9.000000e+00
     vertex -8.180000e+01 -5.180000e+01  9.000000e+00
   endloop
 endfacet
 facet normal  0.000000e+00  0.000000e+00  1.000000e+00
   outer loop
     vertex -5.297599e+01 -3.228402e+01  9.000000e+00
     vertex -5.385377e+01 -3.169641e+01  9.000000e+00
     vertex -8.180000e+01 -5.180000e+01  9.000000e+00
   endloop
 endfacet
 facet normal  0.000000e+00  0.000000e+00  1.000000e+00
   outer loop
     vertex -5.208241e+01 -3.284733e+01  9.000000e+00
     vertex -5.297599e+01 -3.228402e+01  9.000000e+00
     vertex -8.180000e+01 -5.180000e+01  9.000000e+00
   endloop
 endfacet
 facet normal  0.000000e+00  0.000000e+00  1.000000e+00
   outer loop
     vertex -5.117371e+01 -3.338591e+01  9.000000e+00
     vertex -5.208241e+01 -3.284733e+01  9.000000e+00
     vertex -8.180000e+01 -5.180000e+01  9.000000e+00
   endloop
 endfacet
 facet normal  0.000000e+00  0.000000e+00  1.000000e+00
   outer loop
     vertex -5.025059e+01 -3.389935e+01  9.000000e+00
     vertex -5.117371e+01 -3.338591e+01  9.000000e+00
     vertex -8.180000e+01 -5.180000e+01  9.000000e+00
   endloop
 endfacet
 facet normal  0.000000e+00  0.000000e+00  1.000000e+00
   outer loop
     vertex -4.931372e+01 -3.438728e+01  9.000000e+00
     vertex -5.025059e+01 -3.389935e+01  9.000000e+00
     vertex -8.180000e+01 -5.180000e+01  9.000000e+00
   endloop
 endfacet
 facet normal  0.000000e+00  0.000000e+00  1.000000e+00
   outer loop
     vertex -4.836382e+01 -3.484932e+01  9.000000e+00
     vertex -4.931372e+01 -3.438728e+01  9.000000e+00
     vertex -8.180000e+01 -5.180000e+01  9.000000e+00
   endloop
 endfacet
 facet normal  0.000000e+00  0.000000e+00  1.000000e+00
   outer loop
     vertex -4.740161e+01 -3.528513e+01  9.000000e+00
     vertex -4.836382e+01 -3.484932e+01  9.000000e+00
     vertex -8.180000e+01 -5.180000e+01  9.000000e+00
   endloop
 endfacet
 facet normal  0.000000e+00  0.000000e+00  1.000000e+00
   outer loop
     vertex -4.642779e+01 -3.569438e+01  9.000000e+00
     vertex -4.740161e+01 -3.528513e+01  9.000000e+00
     vertex -8.180000e+01 -5.180000e+01  9.000000e+00
   endloop
 endfacet
 facet normal  0.000000e+00  0.000000e+00  1.000000e+00
   outer loop
     vertex -4.544312e+01 -3.607676e+01  9.000000e+00
     vertex -4.642779e+01 -3.569438e+01  9.000000e+00
     vertex -8.180000e+01 -5.180000e+01  9.000000e+00
   endloop
 endfacet
 facet normal  0.000000e+00  0.000000e+00  1.000000e+00
   outer loop
     vertex -4.444833e+01 -3.643198e+01  9.000000e+00
     vertex -4.544312e+01 -3.607676e+01  9.000000e+00
     vertex -8.180000e+01 -5.180000e+01  9.000000e+00
   endloop
 endfacet
 facet normal  0.000000e+00  0.000000e+00  1.000000e+00
   outer loop
     vertex -4.344417e+01 -3.675977e+01  9.000000e+00
     vertex -4.444833e+01 -3.643198e+01  9.000000e+00
     vertex -8.180000e+01 -5.180000e+01  9.000000e+00
   endloop
 endfacet
 facet normal  0.000000e+00  0.000000e+00  1.000000e+00
   outer loop
     vertex -4.243139e+01 -3.705990e+01  9.000000e+00
     vertex -4.344417e+01 -3.675977e+01  9.000000e+00
     vertex -8.180000e+01 -5.180000e+01  9.000000e+00
   endloop
 endfacet
 facet normal  0.000000e+00  0.000000e+00  1.000000e+00
   outer loop
     vertex -4.141076e+01 -3.733212e+01  9.000000e+00
     vertex -4.243139e+01 -3.705990e+01  9.000000e+00
     vertex -8.180000e+01 -5.180000e+01  9.000000e+00
   endloop
 endfacet
 facet normal  0.000000e+00  0.000000e+00  1.000000e+00
   outer loop
     vertex -4.038305e+01 -3.757625e+01  9.000000e+00
     vertex -4.141076e+01 -3.733212e+01  9.000000e+00
     vertex -8.180000e+01 -5.180000e+01  9.000000e+00
   endloop
 endfacet
 facet normal  0.000000e+00  0.000000e+00  1.000000e+00
   outer loop
     vertex -3.934903e+01 -3.779209e+01  9.000000e+00
     vertex -4.038305e+01 -3.757625e+01  9.000000e+00
     vertex -8.180000e+01 -5.180000e+01  9.000000e+00
   endloop
 endfacet
 facet normal  0.000000e+00  0.000000e+00  1.000000e+00
   outer loop
     vertex -3.830947e+01 -3.797948e+01  9.000000e+00
     vertex -3.934903e+01 -3.779209e+01  9.000000e+00
     vertex -8.180000e+01 -5.180000e+01  9.000000e+00
   endloop
 endfacet
 facet normal  0.000000e+00  0.000000e+00  1.000000e+00
   outer loop
     vertex -3.726517e+01 -3.813828e+01  9.000000e+00
     vertex -3.830947e+01 -3.797948e+01  9.000000e+00
     vertex -8.180000e+01 -5.180000e+01  9.000000e+00
   endloop
 endfacet
 facet normal  0.000000e+00  0.000000e+00  1.000000e+00
   outer loop
     vertex -3.621690e+01 -3.826837e+01  9.000000e+00
     vertex -3.726517e+01 -3.813828e+01  9.000000e+00
     vertex -8.180000e+01 -5.180000e+01  9.000000e+00
   endloop
 endfacet
 facet normal  0.000000e+00  0.000000e+00  1.000000e+00
   outer loop
     vertex -3.516545e+01 -3.836965e+01  9.000000e+00
     vertex -3.621690e+01 -3.826837e+01  9.000000e+00
     vertex -8.180000e+01 -5.180000e+01  9.000000e+00
   endloop
 endfacet
 facet normal  0.000000e+00  0.000000e+00  1.000000e+00
   outer loop
     vertex -3.411163e+01 -3.844205e+01  9.000000e+00
     vertex -3.516545e+01 -3.836965e+01  9.000000e+00
     vertex -8.180000e+01 -5.180000e+01  9.000000e+00
   endloop
 endfacet
 facet normal  0.000000e+00  0.000000e+00  1.000000e+00
   outer loop
     vertex -3.305621e+01 -3.848551e+01  9.000000e+00
     vertex -3.411163e+01 -3.844205e+01  9.000000e+00
     vertex -8.180000e+01 -5.180000e+01  9.000000e+00
   endloop
 endfacet
 facet normal  0.000000e+00  0.000000e+00  1.000000e+00
   outer loop
     vertex -3.200000e+01 -3.850000e+01  9.000000e+00
     vertex -3.305621e+01 -3.848551e+01  9.000000e+00
     vertex -8.180000e+01 -5.180000e+01  9.000000e+00
   endloop
 endfacet
 facet normal  0.000000e+00  0.000000e+00  1.000000e+00
   outer loop
     vertex -3.094379e+01 -3.848551e+01  9.000000e+00
     vertex -3.200000e+01 -3.850000e+01  9.000000e+00
     vertex -8.180000e+01 -5.180000e+01  9.000000e+00
   endloop
 endfacet
 facet normal  0.000000e+00  0.000000e+00  1.000000e+00
   outer loop
     vertex -2.988837e+01 -3.844205e+01  9.000000e+00
     vertex -3.094379e+01 -3.848551e+01  9.000000e+00
     vertex -8.180000e+01 -5.180000e+01  9.000000e+00
   endloop
 endfacet
 facet normal  0.000000e+00  0.000000e+00  1.000000e+00
   outer loop
     vertex -2.883455e+01 -3.836965e+01  9.000000e+00
     vertex -2.988837e+01 -3.844205e+01  9.000000e+00
     vertex -8.180000e+01 -5.180000e+01  9.000000e+00
   endloop
 endfacet
 facet normal  0.000000e+00  0.000000e+00  1.000000e+00
   outer loop
     vertex  4.134000e+01  3.100000e+01  9.000000e+00
     vertex -1.421617e+01  3.414653e+01  9.000000e+00
     vertex -1.328609e+01  3.364579e+01  9.000000e+00
   endloop
 endfacet
 facet normal  0.000000e+00  0.000000e+00  1.000000e+00
   outer loop
     vertex  4.134000e+01  3.100000e+01  9.000000e+00
     vertex -1.515964e+01  3.462156e+01  9.000000e+00
     vertex -1.421617e+01  3.414653e+01  9.000000e+00
   endloop
 endfacet
 facet normal  0.000000e+00  0.000000e+00  1.000000e+00
   outer loop
     vertex  4.134000e+01  3.100000e+01  9.000000e+00
     vertex -1.611579e+01  3.507053e+01  9.000000e+00
     vertex -1.515964e+01  3.462156e+01  9.000000e+00
   endloop
 endfacet
 facet normal  0.000000e+00  0.000000e+00  1.000000e+00
   outer loop
     vertex  4.134000e+01  3.100000e+01  9.000000e+00
     vertex -1.708390e+01  3.549310e+01  9.000000e+00
     vertex -1.611579e+01  3.507053e+01  9.000000e+00
   endloop
 endfacet
 facet normal  0.000000e+00  0.000000e+00  1.000000e+00
   outer loop
     vertex  4.134000e+01  3.100000e+01  9.000000e+00
     vertex  2.960748e+00  1.612440e+01  9.000000e+00
     vertex  3.389946e+00  1.515921e+01  9.000000e+00
   endloop
 endfacet
 facet normal  0.000000e+00  0.000000e+00  1.000000e+00
   outer loop
     vertex  4.134000e+01  3.100000e+01  9.000000e+00
     vertex  2.505232e+00  1.707744e+01  9.000000e+00
     vertex  2.960748e+00  1.612440e+01  9.000000e+00
   endloop
 endfacet
 facet normal  0.000000e+00  0.000000e+00  1.000000e+00
   outer loop
     vertex  4.134000e+01  3.100000e+01  9.000000e+00
     vertex  2.023741e+00  1.801763e+01  9.000000e+00
     vertex  2.505232e+00  1.707744e+01  9.000000e+00
   endloop
 endfacet
 facet normal  0.000000e+00  0.000000e+00  1.000000e+00
   outer loop
     vertex  4.134000e+01  3.100000e+01  9.000000e+00
     vertex  1.516638e+00  1.894426e+01  9.000000e+00
     vertex  2.023741e+00  1.801763e+01  9.000000e+00
   endloop
 endfacet
 facet normal  0.000000e+00  0.000000e+00  1.000000e+00
   outer loop
     vertex  4.134000e+01  3.100000e+01  9.000000e+00
     vertex  9.843055e-01  1.985663e+01  9.000000e+00
     vertex  1.516638e+00  1.894426e+01  9.000000e+00
   endloop
 endfacet
 facet normal  0.000000e+00  0.000000e+00  1.000000e+00
   outer loop
     vertex  4.134000e+01  3.100000e+01  9.000000e+00
     vertex  4.271431e-01  2.075405e+01  9.000000e+00
     vertex  9.843055e-01  1.985663e+01  9.000000e+00
   endloop
 endfacet
 facet normal  0.000000e+00  0.000000e+00  1.000000e+00
   outer loop
     vertex  4.134000e+01  3.100000e+01  9.000000e+00
     vertex -1.544294e-01  2.163584e+01  9.000000e+00
     vertex  4.271431e-01  2.075405e+01  9.000000e+00
   endloop
 endfacet
 facet normal  0.000000e+00  0.000000e+00  1.000000e+00
   outer loop
     vertex  4.134000e+01  3.100000e+01  9.000000e+00
     vertex -7.599743e-01  2.250135e+01  9.000000e+00
     vertex -1.544294e-01  2.163584e+01  9.000000e+00
   endloop
 endfacet
 facet normal  0.000000e+00  0.000000e+00  1.000000e+00
   outer loop
     vertex  4.134000e+01  3.100000e+01  9.000000e+00
     vertex -1.389036e+00  2.334992e+01  9.000000e+00
     vertex -7.599743e-01  2.250135e+01  9.000000e+00
   endloop
 endfacet
 facet normal  0.000000e+00  0.000000e+00  1.000000e+00
   outer loop
     vertex  4.134000e+01  3.100000e+01  9.000000e+00
     vertex -2.041140e+00  2.418092e+01  9.000000e+00
     vertex -1.389036e+00  2.334992e+01  9.000000e+00
   endloop
 endfacet
 facet normal  0.000000e+00  0.000000e+00  1.000000e+00
   outer loop
     vertex  4.134000e+01  3.100000e+01  9.000000e+00
     vertex -2.715797e+00  2.499371e+01  9.000000e+00
     vertex -2.041140e+00  2.418092e+01  9.000000e+00
   endloop
 endfacet
 facet normal  0.000000e+00  0.000000e+00  1.000000e+00
   outer loop
     vertex  4.134000e+01  3.100000e+01  9.000000e+00
     vertex -3.412497e+00  2.578768e+01  9.000000e+00
     vertex -2.715797e+00  2.499371e+01  9.000000e+00
   endloop
 endfacet
 facet normal  0.000000e+00  0.000000e+00  1.000000e+00
   outer loop
     vertex  4.134000e+01  3.100000e+01  9.000000e+00
     vertex -4.130718e+00  2.656225e+01  9.000000e+00
     vertex -3.412497e+00  2.578768e+01  9.000000e+00
   endloop
 endfacet
 facet normal  0.000000e+00  0.000000e+00  1.000000e+00
   outer loop
     vertex  4.134000e+01  3.100000e+01  9.000000e+00
     vertex -4.869917e+00  2.731682e+01  9.000000e+00
     vertex -4.130718e+00  2.656225e+01  9.000000e+00
   endloop
 endfacet
 facet normal  0.000000e+00  0.000000e+00  1.000000e+00
   outer loop
     vertex  4.134000e+01  3.100000e+01  9.000000e+00
     vertex -5.629540e+00  2.805083e+01  9.000000e+00
     vertex -4.869917e+00  2.731682e+01  9.000000e+00
   endloop
 endfacet
 facet normal  0.000000e+00  0.000000e+00  1.000000e+00
   outer loop
     vertex  4.134000e+01  3.100000e+01  9.000000e+00
     vertex -6.409013e+00  2.876372e+01  9.000000e+00
     vertex -5.629540e+00  2.805083e+01  9.000000e+00
   endloop
 endfacet
 facet normal  0.000000e+00  0.000000e+00  1.000000e+00
   outer loop
     vertex  4.134000e+01  3.100000e+01  9.000000e+00
     vertex -7.207750e+00  2.945495e+01  9.000000e+00
     vertex -6.409013e+00  2.876372e+01  9.000000e+00
   endloop
 endfacet
 facet normal  0.000000e+00  0.000000e+00  1.000000e+00
   outer loop
     vertex  4.134000e+01  3.100000e+01  9.000000e+00
     vertex -8.025150e+00  3.012402e+01  9.000000e+00
     vertex -7.207750e+00  2.945495e+01  9.000000e+00
   endloop
 endfacet
 facet normal  0.000000e+00  0.000000e+00  1.000000e+00
   outer loop
     vertex  4.134000e+01  3.100000e+01  9.000000e+00
     vertex -8.860598e+00  3.077041e+01  9.000000e+00
     vertex -8.025150e+00  3.012402e+01  9.000000e+00
   endloop
 endfacet
 facet normal  0.000000e+00  0.000000e+00  1.000000e+00
   outer loop
     vertex  4.134000e+01  3.100000e+01  9.000000e+00
     vertex -9.713464e+00  3.139363e+01  9.000000e+00
     vertex -8.860598e+00  3.077041e+01  9.000000e+00
   endloop
 endfacet
 facet normal  0.000000e+00  0.000000e+00  1.000000e+00
   outer loop
     vertex  4.134000e+01  3.100000e+01  9.000000e+00
     vertex -1.058311e+01  3.199323e+01  9.000000e+00
     vertex -9.713464e+00  3.139363e+01  9.000000e+00
   endloop
 endfacet
 facet normal  0.000000e+00  0.000000e+00  1.000000e+00
   outer loop
     vertex  4.134000e+01  3.100000e+01  9.000000e+00
     vertex -1.146887e+01  3.256874e+01  9.000000e+00
     vertex -1.058311e+01  3.199323e+01  9.000000e+00
   endloop
 endfacet
 facet normal  0.000000e+00  0.000000e+00  1.000000e+00
   outer loop
     vertex  4.134000e+01  3.100000e+01  9.000000e+00
     vertex -1.237009e+01  3.311973e+01  9.000000e+00
     vertex -1.146887e+01  3.256874e+01  9.000000e+00
   endloop
 endfacet
 facet normal  0.000000e+00  0.000000e+00  1.000000e+00
   outer loop
     vertex  4.134000e+01  3.100000e+01  9.000000e+00
     vertex -1.328609e+01  3.364579e+01  9.000000e+00
     vertex -1.237009e+01  3.311973e+01  9.000000e+00
   endloop
 endfacet
 facet normal  0.000000e+00  0.000000e+00  1.000000e+00
   outer loop
     vertex -2.778310e+01 -3.826837e+01  9.000000e+00
     vertex -2.883455e+01 -3.836965e+01  9.000000e+00
     vertex -8.180000e+01 -5.180000e+01  9.000000e+00
   endloop
 endfacet
 facet normal  0.000000e+00  0.000000e+00  1.000000e+00
   outer loop
     vertex  4.134000e+01  1.700000e+01  9.000000e+00
     vertex  5.130578e+00  1.017694e+01  9.000000e+00
     vertex  5.395798e+00  9.154470e+00  9.000000e+00
   endloop
 endfacet
 facet normal  0.000000e+00  0.000000e+00  1.000000e+00
   outer loop
     vertex  4.134000e+01  1.700000e+01  9.000000e+00
     vertex  4.837408e+00  1.119175e+01  9.000000e+00
     vertex  5.130578e+00  1.017694e+01  9.000000e+00
   endloop
 endfacet
 facet normal  0.000000e+00  0.000000e+00  1.000000e+00
   outer loop
     vertex  4.134000e+01  1.700000e+01  9.000000e+00
     vertex  4.516508e+00  1.219814e+01  9.000000e+00
     vertex  4.837408e+00  1.119175e+01  9.000000e+00
   endloop
 endfacet
 facet normal  0.000000e+00  0.000000e+00  1.000000e+00
   outer loop
     vertex  4.134000e+01  1.700000e+01  9.000000e+00
     vertex  4.168120e+00  1.319534e+01  9.000000e+00
     vertex  4.516508e+00  1.219814e+01  9.000000e+00
   endloop
 endfacet
 facet normal  0.000000e+00  0.000000e+00  1.000000e+00
   outer loop
     vertex  4.134000e+01  1.700000e+01  9.000000e+00
     vertex  3.792505e+00  1.418262e+01  9.000000e+00
     vertex  4.168120e+00  1.319534e+01  9.000000e+00
   endloop
 endfacet
 facet normal  0.000000e+00  0.000000e+00  1.000000e+00
   outer loop
     vertex  4.134000e+01  1.700000e+01  9.000000e+00
     vertex  3.389946e+00  1.515921e+01  9.000000e+00
     vertex  3.792505e+00  1.418262e+01  9.000000e+00
   endloop
 endfacet
 facet normal  0.000000e+00 -0.000000e+00  1.000000e+00
   outer loop
     vertex  4.134000e+01  1.700000e+01  9.000000e+00
     vertex  4.134000e+01  3.100000e+01  9.000000e+00
     vertex  3.389946e+00  1.515921e+01  9.000000e+00
   endloop
 endfacet
 facet normal  2.551738e-17  6.313003e-17  1.000000e+00
   outer loop
     vertex  8.180000e+01  5.180000e+01  9.000000e+00
     vertex -1.806323e+01  3.588895e+01  9.000000e+00
     vertex -1.708390e+01  3.549310e+01  9.000000e+00
   endloop
 endfacet
 facet normal -1.050111e-15  6.814143e-15  1.000000e+00
   outer loop
     vertex  8.180000e+01  5.180000e+01  9.000000e+00
     vertex -1.905305e+01  3.625778e+01  9.000000e+00
     vertex -1.806323e+01  3.588895e+01  9.000000e+00
   endloop
 endfacet
 facet normal  0.000000e+00  0.000000e+00  1.000000e+00
   outer loop
     vertex  8.180000e+01  5.180000e+01  9.000000e+00
     vertex -2.005262e+01  3.659932e+01  9.000000e+00
     vertex -1.905305e+01  3.625778e+01  9.000000e+00
   endloop
 endfacet
 facet normal  0.000000e+00  0.000000e+00  1.000000e+00
   outer loop
     vertex  8.180000e+01  5.180000e+01  9.000000e+00
     vertex -2.106119e+01  3.691331e+01  9.000000e+00
     vertex -2.005262e+01  3.659932e+01  9.000000e+00
   endloop
 endfacet
 facet normal  0.000000e+00  0.000000e+00  1.000000e+00
   outer loop
     vertex  8.180000e+01  5.180000e+01  9.000000e+00
     vertex -2.207799e+01  3.719951e+01  9.000000e+00
     vertex -2.106119e+01  3.691331e+01  9.000000e+00
   endloop
 endfacet
 facet normal  0.000000e+00  0.000000e+00  1.000000e+00
   outer loop
     vertex  8.180000e+01  5.180000e+01  9.000000e+00
     vertex -2.310226e+01  3.745771e+01  9.000000e+00
     vertex -2.207799e+01  3.719951e+01  9.000000e+00
   endloop
 endfacet
 facet normal  0.000000e+00  0.000000e+00  1.000000e+00
   outer loop
     vertex  8.180000e+01  5.180000e+01  9.000000e+00
     vertex -2.413322e+01  3.768771e+01  9.000000e+00
     vertex -2.310226e+01  3.745771e+01  9.000000e+00
   endloop
 endfacet
 facet normal  0.000000e+00  0.000000e+00  1.000000e+00
   outer loop
     vertex  8.180000e+01  5.180000e+01  9.000000e+00
     vertex -2.517011e+01  3.788935e+01  9.000000e+00
     vertex -2.413322e+01  3.768771e+01  9.000000e+00
   endloop
 endfacet
 facet normal  0.000000e+00  0.000000e+00  1.000000e+00
   outer loop
     vertex  8.180000e+01  5.180000e+01  9.000000e+00
     vertex -2.621214e+01  3.806246e+01  9.000000e+00
     vertex -2.517011e+01  3.788935e+01  9.000000e+00
   endloop
 endfacet
 facet normal  0.000000e+00  1.708035e-16  1.000000e+00
   outer loop
     vertex  8.180000e+01  5.180000e+01  9.000000e+00
     vertex  4.134000e+01  3.100000e+01  9.000000e+00
     vertex  5.534000e+01  3.100000e+01  9.000000e+00
   endloop
 endfacet
 facet normal  1.142634e-17  1.485771e-16  1.000000e+00
   outer loop
     vertex  8.180000e+01  5.180000e+01  9.000000e+00
     vertex -1.708390e+01  3.549310e+01  9.000000e+00
     vertex  4.134000e+01  3.100000e+01  9.000000e+00
   endloop
 endfacet
 facet normal  0.000000e+00  0.000000e+00  1.000000e+00
   outer loop
     vertex  2.660000e+01 -5.100000e+00  9.000000e+00
     vertex  3.983698e+00 -1.369027e+01  9.000000e+00
     vertex  3.594575e+00 -1.467229e+01  9.000000e+00
   endloop
 endfacet
 facet normal  0.000000e+00  0.000000e+00  1.000000e+00
   outer loop
     vertex  2.660000e+01 -5.100000e+00  9.000000e+00
     vertex  4.345734e+00 -1.269794e+01  9.000000e+00
     vertex  3.983698e+00 -1.369027e+01  9.000000e+00
   endloop
 endfacet
 facet normal  0.000000e+00  0.000000e+00  1.000000e+00
   outer loop
     vertex  2.660000e+01 -5.100000e+00  9.000000e+00
     vertex  4.680410e+00 -1.169605e+01  9.000000e+00
     vertex  4.345734e+00 -1.269794e+01  9.000000e+00
   endloop
 endfacet
 facet normal  0.000000e+00  0.000000e+00  1.000000e+00
   outer loop
     vertex  2.660000e+01 -5.100000e+00  9.000000e+00
     vertex  4.987474e+00 -1.068535e+01  9.000000e+00
     vertex  4.680410e+00 -1.169605e+01  9.000000e+00
   endloop
 endfacet
 facet normal  0.000000e+00  0.000000e+00  1.000000e+00
   outer loop
     vertex  2.660000e+01 -5.100000e+00  9.000000e+00
     vertex  5.266695e+00 -9.666615e+00  9.000000e+00
     vertex  4.987474e+00 -1.068535e+01  9.000000e+00
   endloop
 endfacet
 facet normal  0.000000e+00  0.000000e+00  1.000000e+00
   outer loop
     vertex  2.660000e+01 -5.100000e+00  9.000000e+00
     vertex  5.517863e+00 -8.640601e+00  9.000000e+00
     vertex  5.266695e+00 -9.666615e+00  9.000000e+00
   endloop
 endfacet
 facet normal  0.000000e+00  0.000000e+00  1.000000e+00
   outer loop
     vertex  2.660000e+01 -5.100000e+00  9.000000e+00
     vertex  5.740788e+00 -7.608082e+00  9.000000e+00
     vertex  5.517863e+00 -8.640601e+00  9.000000e+00
   endloop
 endfacet
 facet normal  0.000000e+00  0.000000e+00  1.000000e+00
   outer loop
     vertex  2.660000e+01 -5.100000e+00  9.000000e+00
     vertex  5.935304e+00 -6.569836e+00  9.000000e+00
     vertex  5.740788e+00 -7.608082e+00  9.000000e+00
   endloop
 endfacet
 facet normal  0.000000e+00  0.000000e+00  1.000000e+00
   outer loop
     vertex  2.660000e+01 -5.100000e+00  9.000000e+00
     vertex  6.101263e+00 -5.526644e+00  9.000000e+00
     vertex  5.935304e+00 -6.569836e+00  9.000000e+00
   endloop
 endfacet
 facet normal  0.000000e+00  0.000000e+00  1.000000e+00
   outer loop
     vertex  2.660000e+01 -5.100000e+00  9.000000e+00
     vertex  6.238540e+00 -4.479292e+00  9.000000e+00
     vertex  6.101263e+00 -5.526644e+00  9.000000e+00
   endloop
 endfacet
 facet normal  0.000000e+00  0.000000e+00  1.000000e+00
   outer loop
     vertex  2.660000e+01 -5.100000e+00  9.000000e+00
     vertex  6.347033e+00 -3.428568e+00  9.000000e+00
     vertex  6.238540e+00 -4.479292e+00  9.000000e+00
   endloop
 endfacet
 facet normal  0.000000e+00  0.000000e+00  1.000000e+00
   outer loop
     vertex  2.660000e+01 -5.100000e+00  9.000000e+00
     vertex  6.426659e+00 -2.375263e+00  9.000000e+00
     vertex  6.347033e+00 -3.428568e+00  9.000000e+00
   endloop
 endfacet
 facet normal  0.000000e+00  0.000000e+00  1.000000e+00
   outer loop
     vertex  2.660000e+01 -5.100000e+00  9.000000e+00
     vertex  6.477359e+00 -1.320170e+00  9.000000e+00
     vertex  6.426659e+00 -2.375263e+00  9.000000e+00
   endloop
 endfacet
 facet normal  0.000000e+00  0.000000e+00  1.000000e+00
   outer loop
     vertex  2.660000e+01 -5.100000e+00  9.000000e+00
     vertex  6.499094e+00 -2.640838e-01  9.000000e+00
     vertex  6.477359e+00 -1.320170e+00  9.000000e+00
   endloop
 endfacet
 facet normal  0.000000e+00  0.000000e+00  1.000000e+00
   outer loop
     vertex  2.660000e+01 -5.100000e+00  9.000000e+00
     vertex  6.491849e+00  7.922016e-01  9.000000e+00
     vertex  6.499094e+00 -2.640838e-01  9.000000e+00
   endloop
 endfacet
 facet normal  0.000000e+00  0.000000e+00  1.000000e+00
   outer loop
     vertex  2.660000e+01 -5.100000e+00  9.000000e+00
     vertex  6.455628e+00  1.847891e+00  9.000000e+00
     vertex  6.491849e+00  7.922016e-01  9.000000e+00
   endloop
 endfacet
 facet normal  0.000000e+00  0.000000e+00  1.000000e+00
   outer loop
     vertex  2.660000e+01 -5.100000e+00  9.000000e+00
     vertex  6.390458e+00  2.902189e+00  9.000000e+00
     vertex  6.455628e+00  1.847891e+00  9.000000e+00
   endloop
 endfacet
 facet normal  0.000000e+00  0.000000e+00  1.000000e+00
   outer loop
     vertex  2.660000e+01 -5.100000e+00  9.000000e+00
     vertex  6.296390e+00  3.954302e+00  9.000000e+00
     vertex  6.390458e+00  2.902189e+00  9.000000e+00
   endloop
 endfacet
 facet normal -4.106667e-17  1.881464e-16  1.000000e+00
   outer loop
     vertex  2.660000e+01 -5.100000e+00  9.000000e+00
     vertex  4.134000e+01  1.700000e+01  9.000000e+00
     vertex  5.395798e+00  9.154470e+00  9.000000e+00
   endloop
 endfacet
 facet normal  1.593348e-15  3.572967e-15  1.000000e+00
   outer loop
     vertex  2.660000e+01 -5.100000e+00  9.000000e+00
     vertex  6.173493e+00  5.003439e+00  9.000000e+00
     vertex  6.296390e+00  3.954302e+00  9.000000e+00
   endloop
 endfacet
 facet normal -1.873696e-16 -2.717824e-17  1.000000e+00
   outer loop
     vertex  2.660000e+01 -5.100000e+00  9.000000e+00
     vertex  6.021861e+00  6.048809e+00  9.000000e+00
     vertex  6.173493e+00  5.003439e+00  9.000000e+00
   endloop
 endfacet
 facet normal -1.905213e-16 -3.299548e-17  1.000000e+00
   outer loop
     vertex  2.660000e+01 -5.100000e+00  9.000000e+00
     vertex  5.841607e+00  7.089626e+00  9.000000e+00
     vertex  6.021861e+00  6.048809e+00  9.000000e+00
   endloop
 endfacet
 facet normal -1.941255e-16 -3.913334e-17  1.000000e+00
   outer loop
     vertex  2.660000e+01 -5.100000e+00  9.000000e+00
     vertex  5.632867e+00  8.125106e+00  9.000000e+00
     vertex  5.841607e+00  7.089626e+00  9.000000e+00
   endloop
 endfacet
 facet normal -1.982396e-16 -4.565584e-17  1.000000e+00
   outer loop
     vertex  2.660000e+01 -5.100000e+00  9.000000e+00
     vertex  5.395798e+00  9.154470e+00  9.000000e+00
     vertex  5.632867e+00  8.125106e+00  9.000000e+00
   endloop
 endfacet
 facet normal  0.000000e+00  1.607563e-16  1.000000e+00
   outer loop
     vertex  5.534000e+01  1.700000e+01  9.000000e+00
     vertex  4.134000e+01  1.700000e+01  9.000000e+00
     vertex  2.660000e+01 -5.100000e+00  9.000000e+00
   endloop
 endfacet
 facet normal  1.342673e-16 -0.000000e+00  1.000000e+00
   outer loop
     vertex  5.534000e+01  1.700000e+01  9.000000e+00
     vertex  8.180000e+01  5.180000e+01  9.000000e+00
     vertex  5.534000e+01  3.100000e+01  9.000000e+00
   endloop
 endfacet
 facet normal  0.000000e+00  0.000000e+00  1.000000e+00
   outer loop
     vertex  2.660000e+01 -3.890000e+01  9.000000e+00
     vertex -2.673483e+01 -3.813828e+01  9.000000e+00
     vertex -2.778310e+01 -3.826837e+01  9.000000e+00
   endloop
 endfacet
 facet normal  0.000000e+00  0.000000e+00  1.000000e+00
   outer loop
     vertex  2.660000e+01 -3.890000e+01  9.000000e+00
     vertex -2.569053e+01 -3.797948e+01  9.000000e+00
     vertex -2.673483e+01 -3.813828e+01  9.000000e+00
   endloop
 endfacet
 facet normal  0.000000e+00  0.000000e+00  1.000000e+00
   outer loop
     vertex  2.660000e+01 -3.890000e+01  9.000000e+00
     vertex -2.465097e+01 -3.779209e+01  9.000000e+00
     vertex -2.569053e+01 -3.797948e+01  9.000000e+00
   endloop
 endfacet
 facet normal  0.000000e+00  0.000000e+00  1.000000e+00
   outer loop
     vertex  2.660000e+01 -3.890000e+01  9.000000e+00
     vertex -2.361695e+01 -3.757625e+01  9.000000e+00
     vertex -2.465097e+01 -3.779209e+01  9.000000e+00
   endloop
 endfacet
 facet normal  0.000000e+00  0.000000e+00  1.000000e+00
   outer loop
     vertex  2.660000e+01 -3.890000e+01  9.000000e+00
     vertex -2.258924e+01 -3.733212e+01  9.000000e+00
     vertex -2.361695e+01 -3.757625e+01  9.000000e+00
   endloop
 endfacet
 facet normal  0.000000e+00  0.000000e+00  1.000000e+00
   outer loop
     vertex  2.660000e+01 -3.890000e+01  9.000000e+00
     vertex -2.156861e+01 -3.705990e+01  9.000000e+00
     vertex -2.258924e+01 -3.733212e+01  9.000000e+00
   endloop
 endfacet
 facet normal  0.000000e+00  0.000000e+00  1.000000e+00
   outer loop
     vertex  2.660000e+01 -3.890000e+01  9.000000e+00
     vertex -2.055583e+01 -3.675977e+01  9.000000e+00
     vertex -2.156861e+01 -3.705990e+01  9.000000e+00
   endloop
 endfacet
 facet normal  0.000000e+00  0.000000e+00  1.000000e+00
   outer loop
     vertex  2.660000e+01 -3.890000e+01  9.000000e+00
     vertex -1.955167e+01 -3.643198e+01  9.000000e+00
     vertex -2.055583e+01 -3.675977e+01  9.000000e+00
   endloop
 endfacet
 facet normal  0.000000e+00  0.000000e+00  1.000000e+00
   outer loop
     vertex  2.660000e+01 -3.890000e+01  9.000000e+00
     vertex -1.855688e+01 -3.607676e+01  9.000000e+00
     vertex -1.955167e+01 -3.643198e+01  9.000000e+00
   endloop
 endfacet
 facet normal  0.000000e+00  0.000000e+00  1.000000e+00
   outer loop
     vertex  2.660000e+01 -3.890000e+01  9.000000e+00
     vertex -1.757221e+01 -3.569438e+01  9.000000e+00
     vertex -1.855688e+01 -3.607676e+01  9.000000e+00
   endloop
 endfacet
 facet normal  0.000000e+00  0.000000e+00  1.000000e+00
   outer loop
     vertex  2.660000e+01 -3.890000e+01  9.000000e+00
     vertex -1.659839e+01 -3.528513e+01  9.000000e+00
     vertex -1.757221e+01 -3.569438e+01  9.000000e+00
   endloop
 endfacet
 facet normal  0.000000e+00  0.000000e+00  1.000000e+00
   outer loop
     vertex  2.660000e+01 -3.890000e+01  9.000000e+00
     vertex -1.563618e+01 -3.484932e+01  9.000000e+00
     vertex -1.659839e+01 -3.528513e+01  9.000000e+00
   endloop
 endfacet
 facet normal -4.373502e-17  1.051099e-16  1.000000e+00
   outer loop
     vertex  2.660000e+01 -3.890000e+01  9.000000e+00
     vertex  2.660000e+01 -5.100000e+00  9.000000e+00
     vertex  3.594575e+00 -1.467229e+01  9.000000e+00
   endloop
 endfacet
 facet normal  0.000000e+00  0.000000e+00  1.000000e+00
   outer loop
     vertex  2.660000e+01 -3.890000e+01  9.000000e+00
     vertex -1.468628e+01 -3.438728e+01  9.000000e+00
     vertex -1.563618e+01 -3.484932e+01  9.000000e+00
   endloop
 endfacet
 facet normal  0.000000e+00  0.000000e+00  1.000000e+00
   outer loop
     vertex  2.660000e+01 -3.890000e+01  9.000000e+00
     vertex -1.374941e+01 -3.389935e+01  9.000000e+00
     vertex -1.468628e+01 -3.438728e+01  9.000000e+00
   endloop
 endfacet
 facet normal  0.000000e+00  0.000000e+00  1.000000e+00
   outer loop
     vertex  2.660000e+01 -3.890000e+01  9.000000e+00
     vertex -1.282629e+01 -3.338591e+01  9.000000e+00
     vertex -1.374941e+01 -3.389935e+01  9.000000e+00
   endloop
 endfacet
 facet normal  0.000000e+00  0.000000e+00  1.000000e+00
   outer loop
     vertex  2.660000e+01 -3.890000e+01  9.000000e+00
     vertex -1.191759e+01 -3.284733e+01  9.000000e+00
     vertex -1.282629e+01 -3.338591e+01  9.000000e+00
   endloop
 endfacet
 facet normal  0.000000e+00  0.000000e+00  1.000000e+00
   outer loop
     vertex  2.660000e+01 -3.890000e+01  9.000000e+00
     vertex -1.102401e+01 -3.228402e+01  9.000000e+00
     vertex -1.191759e+01 -3.284733e+01  9.000000e+00
   endloop
 endfacet
 facet normal  0.000000e+00  0.000000e+00  1.000000e+00
   outer loop
     vertex  2.660000e+01 -3.890000e+01  9.000000e+00
     vertex -1.014623e+01 -3.169641e+01  9.000000e+00
     vertex -1.102401e+01 -3.228402e+01  9.000000e+00
   endloop
 endfacet
 facet normal  0.000000e+00  0.000000e+00  1.000000e+00
   outer loop
     vertex  2.660000e+01 -3.890000e+01  9.000000e+00
     vertex -9.284893e+00 -3.108495e+01  9.000000e+00
     vertex -1.014623e+01 -3.169641e+01  9.000000e+00
   endloop
 endfacet
 facet normal  0.000000e+00  0.000000e+00  1.000000e+00
   outer loop
     vertex  2.660000e+01 -3.890000e+01  9.000000e+00
     vertex -8.440657e+00 -3.045008e+01  9.000000e+00
     vertex -9.284893e+00 -3.108495e+01  9.000000e+00
   endloop
 endfacet
 facet normal  0.000000e+00  0.000000e+00  1.000000e+00
   outer loop
     vertex  2.660000e+01 -3.890000e+01  9.000000e+00
     vertex -7.614155e+00 -2.979229e+01  9.000000e+00
     vertex -8.440657e+00 -3.045008e+01  9.000000e+00
   endloop
 endfacet
 facet normal  0.000000e+00  0.000000e+00  1.000000e+00
   outer loop
     vertex  2.660000e+01 -3.890000e+01  9.000000e+00
     vertex -6.806011e+00 -2.911207e+01  9.000000e+00
     vertex -7.614155e+00 -2.979229e+01  9.000000e+00
   endloop
 endfacet
 facet normal  0.000000e+00  0.000000e+00  1.000000e+00
   outer loop
     vertex  2.660000e+01 -3.890000e+01  9.000000e+00
     vertex -6.016831e+00 -2.840994e+01  9.000000e+00
     vertex -6.806011e+00 -2.911207e+01  9.000000e+00
   endloop
 endfacet
 facet normal  1.176685e-15  3.658677e-15  1.000000e+00
   outer loop
     vertex  2.660000e+01 -3.890000e+01  9.000000e+00
     vertex -5.247211e+00 -2.768643e+01  9.000000e+00
     vertex -6.016831e+00 -2.840994e+01  9.000000e+00
   endloop
 endfacet
 facet normal -8.235700e-17  8.292387e-17  1.000000e+00
   outer loop
     vertex  2.660000e+01 -3.890000e+01  9.000000e+00
     vertex -4.497730e+00 -2.694207e+01  9.000000e+00
     vertex -5.247211e+00 -2.768643e+01  9.000000e+00
   endloop
 endfacet
 facet normal -8.360340e-17  7.968251e-17  1.000000e+00
   outer loop
     vertex  2.660000e+01 -3.890000e+01  9.000000e+00
     vertex -3.768951e+00 -2.617743e+01  9.000000e+00
     vertex -4.497730e+00 -2.694207e+01  9.000000e+00
   endloop
 endfacet
 facet normal -8.490075e-17  7.658570e-17  1.000000e+00
   outer loop
     vertex  2.660000e+01 -3.890000e+01  9.000000e+00
     vertex -3.061424e+00 -2.539309e+01  9.000000e+00
     vertex -3.768951e+00 -2.617743e+01  9.000000e+00
   endloop
 endfacet
 facet normal -8.625309e-17  7.361595e-17  1.000000e+00
   outer loop
     vertex  2.660000e+01 -3.890000e+01  9.000000e+00
     vertex -2.375681e+00 -2.458963e+01  9.000000e+00
     vertex -3.061424e+00 -2.539309e+01  9.000000e+00
   endloop
 endfacet
 facet normal -8.766479e-17  7.075753e-17  1.000000e+00
   outer loop
     vertex  2.660000e+01 -3.890000e+01  9.000000e+00
     vertex -1.712238e+00 -2.376766e+01  9.000000e+00
     vertex -2.375681e+00 -2.458963e+01  9.000000e+00
   endloop
 endfacet
 facet normal -8.914069e-17  6.799616e-17  1.000000e+00
   outer loop
     vertex  2.660000e+01 -3.890000e+01  9.000000e+00
     vertex -1.071595e+00 -2.292779e+01  9.000000e+00
     vertex -1.712238e+00 -2.376766e+01  9.000000e+00
   endloop
 endfacet
 facet normal -9.068610e-17  6.531876e-17  1.000000e+00
   outer loop
     vertex  2.660000e+01 -3.890000e+01  9.000000e+00
     vertex -4.542334e-01 -2.207067e+01  9.000000e+00
     vertex -1.071595e+00 -2.292779e+01  9.000000e+00
   endloop
 endfacet
 facet normal -9.230691e-17  6.271320e-17  1.000000e+00
   outer loop
     vertex  2.660000e+01 -3.890000e+01  9.000000e+00
     vertex  1.393812e-01 -2.119694e+01  9.000000e+00
     vertex -4.542334e-01 -2.207067e+01  9.000000e+00
   endloop
 endfacet
 facet normal -9.400965e-17  6.016813e-17  1.000000e+00
   outer loop
     vertex  2.660000e+01 -3.890000e+01  9.000000e+00
     vertex  7.088022e-01 -2.030725e+01  9.000000e+00
     vertex  1.393812e-01 -2.119694e+01  9.000000e+00
   endloop
 endfacet
 facet normal -9.580159e-17  5.767277e-17  1.000000e+00
   outer loop
     vertex  2.660000e+01 -3.890000e+01  9.000000e+00
     vertex  1.253601e+00 -1.940227e+01  9.000000e+00
     vertex  7.088022e-01 -2.030725e+01  9.000000e+00
   endloop
 endfacet
 facet normal -9.769086e-17  5.521679e-17  1.000000e+00
   outer loop
     vertex  2.660000e+01 -3.890000e+01  9.000000e+00
     vertex  1.773368e+00 -1.848268e+01  9.000000e+00
     vertex  1.253601e+00 -1.940227e+01  9.000000e+00
   endloop
 endfacet
 facet normal -9.968658e-17  5.279008e-17  1.000000e+00
   outer loop
     vertex  2.660000e+01 -3.890000e+01  9.000000e+00
     vertex  2.267711e+00 -1.754919e+01  9.000000e+00
     vertex  1.773368e+00 -1.848268e+01  9.000000e+00
   endloop
 endfacet
 facet normal -1.017990e-16  5.038269e-17  1.000000e+00
   outer loop
     vertex  2.660000e+01 -3.890000e+01  9.000000e+00
     vertex  2.736258e+00 -1.660248e+01  9.000000e+00
     vertex  2.267711e+00 -1.754919e+01  9.000000e+00
   endloop
 endfacet
 facet normal -1.040397e-16  4.798459e-17  1.000000e+00
   outer loop
     vertex  2.660000e+01 -3.890000e+01  9.000000e+00
     vertex  3.178657e+00 -1.564328e+01  9.000000e+00
     vertex  2.736258e+00 -1.660248e+01  9.000000e+00
   endloop
 endfacet
 facet normal -1.064218e-16  4.558558e-17  1.000000e+00
   outer loop
     vertex  2.660000e+01 -3.890000e+01  9.000000e+00
     vertex  3.594575e+00 -1.467229e+01  9.000000e+00
     vertex  3.178657e+00 -1.564328e+01  9.000000e+00
   endloop
 endfacet
 facet normal -3.517116e-17  1.288317e-16  1.000000e+00
   outer loop
     vertex  7.540000e+01 -5.100000e+00  9.000000e+00
     vertex  8.180000e+01  5.180000e+01  9.000000e+00
     vertex  5.534000e+01  1.700000e+01  9.000000e+00
   endloop
 endfacet
 facet normal  0.000000e+00  1.607563e-16  1.000000e+00
   outer loop
     vertex  7.540000e+01 -5.100000e+00  9.000000e+00
     vertex  5.534000e+01  1.700000e+01  9.000000e+00
     vertex  2.660000e+01 -5.100000e+00  9.000000e+00
   endloop
 endfacet
 facet normal  0.000000e+00 -0.000000e+00  1.000000e+00
   outer loop
     vertex  6.518180e+01 -4.529611e+01  9.000000e+00
     vertex  6.521252e+01 -4.526476e+01  9.000000e+00
     vertex  2.660000e+01 -3.890000e+01  9.000000e+00
   endloop
 endfacet
 facet normal  0.000000e+00  0.000000e+00  1.000000e+00
   outer loop
     vertex  6.524408e+01 -4.523425e+01  9.000000e+00
     vertex  2.660000e+01 -3.890000e+01  9.000000e+00
     vertex  6.521252e+01 -4.526476e+01  9.000000e+00
   endloop
 endfacet
 facet normal  0.000000e+00 -0.000000e+00  1.000000e+00
   outer loop
     vertex  6.515195e+01 -4.532830e+01  9.000000e+00
     vertex  6.518180e+01 -4.529611e+01  9.000000e+00
     vertex  2.660000e+01 -3.890000e+01  9.000000e+00
   endloop
 endfacet
 facet normal  0.000000e+00  0.000000e+00  1.000000e+00
   outer loop
     vertex  6.527648e+01 -4.520462e+01  9.000000e+00
     vertex  2.660000e+01 -3.890000e+01  9.000000e+00
     vertex  6.524408e+01 -4.523425e+01  9.000000e+00
   endloop
 endfacet
 facet normal  0.000000e+00 -0.000000e+00  1.000000e+00
   outer loop
     vertex  6.512299e+01 -4.536130e+01  9.000000e+00
     vertex  6.515195e+01 -4.532830e+01  9.000000e+00
     vertex  2.660000e+01 -3.890000e+01  9.000000e+00
   endloop
 endfacet
 facet normal  0.000000e+00  0.000000e+00  1.000000e+00
   outer loop
     vertex  6.530967e+01 -4.517590e+01  9.000000e+00
     vertex  2.660000e+01 -3.890000e+01  9.000000e+00
     vertex  6.527648e+01 -4.520462e+01  9.000000e+00
   endloop
 endfacet
 facet normal  0.000000e+00 -0.000000e+00  1.000000e+00
   outer loop
     vertex  6.509496e+01 -4.539508e+01  9.000000e+00
     vertex  6.512299e+01 -4.536130e+01  9.000000e+00
     vertex  2.660000e+01 -3.890000e+01  9.000000e+00
   endloop
 endfacet
 facet normal  0.000000e+00  0.000000e+00  1.000000e+00
   outer loop
     vertex  6.534364e+01 -4.514809e+01  9.000000e+00
     vertex  2.660000e+01 -3.890000e+01  9.000000e+00
     vertex  6.530967e+01 -4.517590e+01  9.000000e+00
   endloop
 endfacet
 facet normal  0.000000e+00 -0.000000e+00  1.000000e+00
   outer loop
     vertex  6.506786e+01 -4.542961e+01  9.000000e+00
     vertex  6.509496e+01 -4.539508e+01  9.000000e+00
     vertex  2.660000e+01 -3.890000e+01  9.000000e+00
   endloop
 endfacet
 facet normal  0.000000e+00  0.000000e+00  1.000000e+00
   outer loop
     vertex  6.537836e+01 -4.512123e+01  9.000000e+00
     vertex  2.660000e+01 -3.890000e+01  9.000000e+00
     vertex  6.534364e+01 -4.514809e+01  9.000000e+00
   endloop
 endfacet
 facet normal  0.000000e+00 -0.000000e+00  1.000000e+00
   outer loop
     vertex  6.504171e+01 -4.546488e+01  9.000000e+00
     vertex  6.506786e+01 -4.542961e+01  9.000000e+00
     vertex  2.660000e+01 -3.890000e+01  9.000000e+00
   endloop
 endfacet
 facet normal  0.000000e+00  0.000000e+00  1.000000e+00
   outer loop
     vertex  6.541381e+01 -4.509533e+01  9.000000e+00
     vertex  2.660000e+01 -3.890000e+01  9.000000e+00
     vertex  6.537836e+01 -4.512123e+01  9.000000e+00
   endloop
 endfacet
 facet normal  0.000000e+00 -0.000000e+00  1.000000e+00
   outer loop
     vertex  6.501655e+01 -4.550085e+01  9.000000e+00
     vertex  6.504171e+01 -4.546488e+01  9.000000e+00
     vertex  2.660000e+01 -3.890000e+01  9.000000e+00
   endloop
 endfacet
 facet normal  0.000000e+00 -0.000000e+00  1.000000e+00
   outer loop
     vertex  6.499238e+01 -4.553749e+01  9.000000e+00
     vertex  6.501655e+01 -4.550085e+01  9.000000e+00
     vertex  2.660000e+01 -3.890000e+01  9.000000e+00
   endloop
 endfacet
 facet normal  0.000000e+00 -0.000000e+00  1.000000e+00
   outer loop
     vertex  6.496922e+01 -4.557479e+01  9.000000e+00
     vertex  6.499238e+01 -4.553749e+01  9.000000e+00
     vertex  2.660000e+01 -3.890000e+01  9.000000e+00
   endloop
 endfacet
 facet normal  0.000000e+00 -0.000000e+00  1.000000e+00
   outer loop
     vertex  6.494710e+01 -4.561271e+01  9.000000e+00
     vertex  6.496922e+01 -4.557479e+01  9.000000e+00
     vertex  2.660000e+01 -3.890000e+01  9.000000e+00
   endloop
 endfacet
 facet normal  0.000000e+00 -0.000000e+00  1.000000e+00
   outer loop
     vertex  6.492603e+01 -4.565122e+01  9.000000e+00
     vertex  6.494710e+01 -4.561271e+01  9.000000e+00
     vertex  2.660000e+01 -3.890000e+01  9.000000e+00
   endloop
 endfacet
 facet normal  0.000000e+00 -0.000000e+00  1.000000e+00
   outer loop
     vertex  6.490602e+01 -4.569029e+01  9.000000e+00
     vertex  6.492603e+01 -4.565122e+01  9.000000e+00
     vertex  2.660000e+01 -3.890000e+01  9.000000e+00
   endloop
 endfacet
 facet normal  0.000000e+00 -0.000000e+00  1.000000e+00
   outer loop
     vertex  6.488709e+01 -4.572990e+01  9.000000e+00
     vertex  6.490602e+01 -4.569029e+01  9.000000e+00
     vertex  2.660000e+01 -3.890000e+01  9.000000e+00
   endloop
 endfacet
 facet normal  0.000000e+00 -0.000000e+00  1.000000e+00
   outer loop
     vertex  6.486925e+01 -4.577001e+01  9.000000e+00
     vertex  6.488709e+01 -4.572990e+01  9.000000e+00
     vertex  2.660000e+01 -3.890000e+01  9.000000e+00
   endloop
 endfacet
 facet normal  0.000000e+00 -0.000000e+00  1.000000e+00
   outer loop
     vertex  6.485252e+01 -4.581059e+01  9.000000e+00
     vertex  6.486925e+01 -4.577001e+01  9.000000e+00
     vertex  2.660000e+01 -3.890000e+01  9.000000e+00
   endloop
 endfacet
 facet normal  0.000000e+00 -0.000000e+00  1.000000e+00
   outer loop
     vertex  6.483691e+01 -4.585162e+01  9.000000e+00
     vertex  6.485252e+01 -4.581059e+01  9.000000e+00
     vertex  2.660000e+01 -3.890000e+01  9.000000e+00
   endloop
 endfacet
 facet normal  0.000000e+00 -0.000000e+00  1.000000e+00
   outer loop
     vertex  6.482243e+01 -4.589306e+01  9.000000e+00
     vertex  6.483691e+01 -4.585162e+01  9.000000e+00
     vertex  2.660000e+01 -3.890000e+01  9.000000e+00
   endloop
 endfacet
 facet normal  0.000000e+00 -0.000000e+00  1.000000e+00
   outer loop
     vertex  6.480909e+01 -4.593489e+01  9.000000e+00
     vertex  6.482243e+01 -4.589306e+01  9.000000e+00
     vertex  2.660000e+01 -3.890000e+01  9.000000e+00
   endloop
 endfacet
 facet normal  0.000000e+00 -0.000000e+00  1.000000e+00
   outer loop
     vertex  6.479691e+01 -4.597706e+01  9.000000e+00
     vertex  6.480909e+01 -4.593489e+01  9.000000e+00
     vertex  2.660000e+01 -3.890000e+01  9.000000e+00
   endloop
 endfacet
 facet normal  0.000000e+00 -0.000000e+00  1.000000e+00
   outer loop
     vertex  6.478589e+01 -4.601955e+01  9.000000e+00
     vertex  6.479691e+01 -4.597706e+01  9.000000e+00
     vertex  2.660000e+01 -3.890000e+01  9.000000e+00
   endloop
 endfacet
 facet normal  0.000000e+00 -0.000000e+00  1.000000e+00
   outer loop
     vertex  6.477604e+01 -4.606233e+01  9.000000e+00
     vertex  6.478589e+01 -4.601955e+01  9.000000e+00
     vertex  2.660000e+01 -3.890000e+01  9.000000e+00
   endloop
 endfacet
 facet normal  0.000000e+00 -0.000000e+00  1.000000e+00
   outer loop
     vertex  6.476736e+01 -4.610537e+01  9.000000e+00
     vertex  6.477604e+01 -4.606233e+01  9.000000e+00
     vertex  2.660000e+01 -3.890000e+01  9.000000e+00
   endloop
 endfacet
 facet normal  0.000000e+00 -0.000000e+00  1.000000e+00
   outer loop
     vertex  6.475987e+01 -4.614862e+01  9.000000e+00
     vertex  6.476736e+01 -4.610537e+01  9.000000e+00
     vertex  2.660000e+01 -3.890000e+01  9.000000e+00
   endloop
 endfacet
 facet normal  0.000000e+00 -0.000000e+00  1.000000e+00
   outer loop
     vertex  6.475357e+01 -4.619206e+01  9.000000e+00
     vertex  6.475987e+01 -4.614862e+01  9.000000e+00
     vertex  2.660000e+01 -3.890000e+01  9.000000e+00
   endloop
 endfacet
 facet normal  0.000000e+00 -0.000000e+00  1.000000e+00
   outer loop
     vertex  6.474846e+01 -4.623567e+01  9.000000e+00
     vertex  6.475357e+01 -4.619206e+01  9.000000e+00
     vertex  2.660000e+01 -3.890000e+01  9.000000e+00
   endloop
 endfacet
 facet normal  0.000000e+00 -0.000000e+00  1.000000e+00
   outer loop
     vertex  6.474455e+01 -4.627939e+01  9.000000e+00
     vertex  6.474846e+01 -4.623567e+01  9.000000e+00
     vertex  2.660000e+01 -3.890000e+01  9.000000e+00
   endloop
 endfacet
 facet normal  0.000000e+00 -0.000000e+00  1.000000e+00
   outer loop
     vertex  6.474184e+01 -4.632320e+01  9.000000e+00
     vertex  6.474455e+01 -4.627939e+01  9.000000e+00
     vertex  2.660000e+01 -3.890000e+01  9.000000e+00
   endloop
 endfacet
 facet normal  0.000000e+00 -0.000000e+00  1.000000e+00
   outer loop
     vertex  6.474034e+01 -4.636708e+01  9.000000e+00
     vertex  6.474184e+01 -4.632320e+01  9.000000e+00
     vertex  2.660000e+01 -3.890000e+01  9.000000e+00
   endloop
 endfacet
 facet normal  0.000000e+00 -0.000000e+00  1.000000e+00
   outer loop
     vertex  6.474004e+01 -4.641097e+01  9.000000e+00
     vertex  6.474034e+01 -4.636708e+01  9.000000e+00
     vertex  2.660000e+01 -3.890000e+01  9.000000e+00
   endloop
 endfacet
 facet normal  0.000000e+00  0.000000e+00  1.000000e+00
   outer loop
     vertex  6.474094e+01 -4.645486e+01  9.000000e+00
     vertex  6.474004e+01 -4.641097e+01  9.000000e+00
     vertex  2.660000e+01 -3.890000e+01  9.000000e+00
   endloop
 endfacet
 facet normal  0.000000e+00  0.000000e+00  1.000000e+00
   outer loop
     vertex  6.474305e+01 -4.649871e+01  9.000000e+00
     vertex  6.474094e+01 -4.645486e+01  9.000000e+00
     vertex  2.660000e+01 -3.890000e+01  9.000000e+00
   endloop
 endfacet
 facet normal  0.000000e+00  0.000000e+00  1.000000e+00
   outer loop
     vertex  6.474636e+01 -4.654249e+01  9.000000e+00
     vertex  6.474305e+01 -4.649871e+01  9.000000e+00
     vertex  2.660000e+01 -3.890000e+01  9.000000e+00
   endloop
 endfacet
 facet normal  0.000000e+00  0.000000e+00  1.000000e+00
   outer loop
     vertex  6.475087e+01 -4.658615e+01  9.000000e+00
     vertex  6.474636e+01 -4.654249e+01  9.000000e+00
     vertex  2.660000e+01 -3.890000e+01  9.000000e+00
   endloop
 endfacet
 facet normal  0.000000e+00  0.000000e+00  1.000000e+00
   outer loop
     vertex  6.475657e+01 -4.662968e+01  9.000000e+00
     vertex  6.475087e+01 -4.658615e+01  9.000000e+00
     vertex  2.660000e+01 -3.890000e+01  9.000000e+00
   endloop
 endfacet
 facet normal  0.000000e+00  0.000000e+00  1.000000e+00
   outer loop
     vertex  6.476347e+01 -4.667303e+01  9.000000e+00
     vertex  6.475657e+01 -4.662968e+01  9.000000e+00
     vertex  2.660000e+01 -3.890000e+01  9.000000e+00
   endloop
 endfacet
 facet normal  0.000000e+00  0.000000e+00  1.000000e+00
   outer loop
     vertex  6.477155e+01 -4.671618e+01  9.000000e+00
     vertex  6.476347e+01 -4.667303e+01  9.000000e+00
     vertex  2.660000e+01 -3.890000e+01  9.000000e+00
   endloop
 endfacet
 facet normal  0.000000e+00  0.000000e+00  1.000000e+00
   outer loop
     vertex  6.478082e+01 -4.675909e+01  9.000000e+00
     vertex  6.477155e+01 -4.671618e+01  9.000000e+00
     vertex  2.660000e+01 -3.890000e+01  9.000000e+00
   endloop
 endfacet
 facet normal  0.000000e+00  0.000000e+00  1.000000e+00
   outer loop
     vertex  6.479125e+01 -4.680173e+01  9.000000e+00
     vertex  6.478082e+01 -4.675909e+01  9.000000e+00
     vertex  2.660000e+01 -3.890000e+01  9.000000e+00
   endloop
 endfacet
 facet normal  0.000000e+00  0.000000e+00  1.000000e+00
   outer loop
     vertex  6.480286e+01 -4.684407e+01  9.000000e+00
     vertex  6.479125e+01 -4.680173e+01  9.000000e+00
     vertex  2.660000e+01 -3.890000e+01  9.000000e+00
   endloop
 endfacet
 facet normal  0.000000e+00  0.000000e+00  1.000000e+00
   outer loop
     vertex  6.481562e+01 -4.688607e+01  9.000000e+00
     vertex  6.480286e+01 -4.684407e+01  9.000000e+00
     vertex  2.660000e+01 -3.890000e+01  9.000000e+00
   endloop
 endfacet
 facet normal  0.000000e+00  0.000000e+00  1.000000e+00
   outer loop
     vertex  6.482953e+01 -4.692771e+01  9.000000e+00
     vertex  6.481562e+01 -4.688607e+01  9.000000e+00
     vertex  2.660000e+01 -3.890000e+01  9.000000e+00
   endloop
 endfacet
 facet normal  0.000000e+00  0.000000e+00  1.000000e+00
   outer loop
     vertex  6.484457e+01 -4.696895e+01  9.000000e+00
     vertex  6.482953e+01 -4.692771e+01  9.000000e+00
     vertex  2.660000e+01 -3.890000e+01  9.000000e+00
   endloop
 endfacet
 facet normal  0.000000e+00  0.000000e+00  1.000000e+00
   outer loop
     vertex  6.486074e+01 -4.700976e+01  9.000000e+00
     vertex  6.484457e+01 -4.696895e+01  9.000000e+00
     vertex  2.660000e+01 -3.890000e+01  9.000000e+00
   endloop
 endfacet
 facet normal  0.000000e+00  0.000000e+00  1.000000e+00
   outer loop
     vertex  6.487803e+01 -4.705011e+01  9.000000e+00
     vertex  6.486074e+01 -4.700976e+01  9.000000e+00
     vertex  2.660000e+01 -3.890000e+01  9.000000e+00
   endloop
 endfacet
 facet normal  0.000000e+00  0.000000e+00  1.000000e+00
   outer loop
     vertex  6.489642e+01 -4.708997e+01  9.000000e+00
     vertex  6.487803e+01 -4.705011e+01  9.000000e+00
     vertex  2.660000e+01 -3.890000e+01  9.000000e+00
   endloop
 endfacet
 facet normal  0.000000e+00  0.000000e+00  1.000000e+00
   outer loop
     vertex  6.491589e+01 -4.712932e+01  9.000000e+00
     vertex  6.489642e+01 -4.708997e+01  9.000000e+00
     vertex  2.660000e+01 -3.890000e+01  9.000000e+00
   endloop
 endfacet
 facet normal  0.000000e+00  0.000000e+00  1.000000e+00
   outer loop
     vertex  6.493643e+01 -4.716811e+01  9.000000e+00
     vertex  6.491589e+01 -4.712932e+01  9.000000e+00
     vertex  2.660000e+01 -3.890000e+01  9.000000e+00
   endloop
 endfacet
 facet normal  0.000000e+00  0.000000e+00  1.000000e+00
   outer loop
     vertex  6.495803e+01 -4.720633e+01  9.000000e+00
     vertex  6.493643e+01 -4.716811e+01  9.000000e+00
     vertex  2.660000e+01 -3.890000e+01  9.000000e+00
   endloop
 endfacet
 facet normal  0.000000e+00  0.000000e+00  1.000000e+00
   outer loop
     vertex  6.498067e+01 -4.724394e+01  9.000000e+00
     vertex  6.495803e+01 -4.720633e+01  9.000000e+00
     vertex  2.660000e+01 -3.890000e+01  9.000000e+00
   endloop
 endfacet
 facet normal  0.000000e+00  0.000000e+00  1.000000e+00
   outer loop
     vertex  6.500434e+01 -4.728091e+01  9.000000e+00
     vertex  6.498067e+01 -4.724394e+01  9.000000e+00
     vertex  2.660000e+01 -3.890000e+01  9.000000e+00
   endloop
 endfacet
 facet normal  0.000000e+00  0.000000e+00  1.000000e+00
   outer loop
     vertex  6.502901e+01 -4.731722e+01  9.000000e+00
     vertex  6.500434e+01 -4.728091e+01  9.000000e+00
     vertex  2.660000e+01 -3.890000e+01  9.000000e+00
   endloop
 endfacet
 facet normal  0.000000e+00  0.000000e+00  1.000000e+00
   outer loop
     vertex  6.505466e+01 -4.735284e+01  9.000000e+00
     vertex  6.502901e+01 -4.731722e+01  9.000000e+00
     vertex  2.660000e+01 -3.890000e+01  9.000000e+00
   endloop
 endfacet
 facet normal  0.000000e+00  0.000000e+00  1.000000e+00
   outer loop
     vertex  6.508129e+01 -4.738775e+01  9.000000e+00
     vertex  6.505466e+01 -4.735284e+01  9.000000e+00
     vertex  2.660000e+01 -3.890000e+01  9.000000e+00
   endloop
 endfacet
 facet normal  0.000000e+00  0.000000e+00  1.000000e+00
   outer loop
     vertex  6.510886e+01 -4.742191e+01  9.000000e+00
     vertex  6.508129e+01 -4.738775e+01  9.000000e+00
     vertex  2.660000e+01 -3.890000e+01  9.000000e+00
   endloop
 endfacet
 facet normal  0.000000e+00  0.000000e+00  1.000000e+00
   outer loop
     vertex  6.513736e+01 -4.745530e+01  9.000000e+00
     vertex  6.510886e+01 -4.742191e+01  9.000000e+00
     vertex  2.660000e+01 -3.890000e+01  9.000000e+00
   endloop
 endfacet
 facet normal  0.000000e+00  0.000000e+00  1.000000e+00
   outer loop
     vertex  6.516676e+01 -4.748789e+01  9.000000e+00
     vertex  6.513736e+01 -4.745530e+01  9.000000e+00
     vertex  2.660000e+01 -3.890000e+01  9.000000e+00
   endloop
 endfacet
 facet normal  0.000000e+00  0.000000e+00  1.000000e+00
   outer loop
     vertex  6.519705e+01 -4.751967e+01  9.000000e+00
     vertex  6.516676e+01 -4.748789e+01  9.000000e+00
     vertex  2.660000e+01 -3.890000e+01  9.000000e+00
   endloop
 endfacet
 facet normal  0.000000e+00  0.000000e+00  1.000000e+00
   outer loop
     vertex  6.522820e+01 -4.755060e+01  9.000000e+00
     vertex  6.519705e+01 -4.751967e+01  9.000000e+00
     vertex  2.660000e+01 -3.890000e+01  9.000000e+00
   endloop
 endfacet
 facet normal  0.000000e+00  0.000000e+00  1.000000e+00
   outer loop
     vertex  6.526018e+01 -4.758067e+01  9.000000e+00
     vertex  6.522820e+01 -4.755060e+01  9.000000e+00
     vertex  2.660000e+01 -3.890000e+01  9.000000e+00
   endloop
 endfacet
 facet normal  0.000000e+00  0.000000e+00  1.000000e+00
   outer loop
     vertex  6.529298e+01 -4.760985e+01  9.000000e+00
     vertex  6.526018e+01 -4.758067e+01  9.000000e+00
     vertex  2.660000e+01 -3.890000e+01  9.000000e+00
   endloop
 endfacet
 facet normal  0.000000e+00  0.000000e+00  1.000000e+00
   outer loop
     vertex  6.532656e+01 -4.763812e+01  9.000000e+00
     vertex  6.529298e+01 -4.760985e+01  9.000000e+00
     vertex  2.660000e+01 -3.890000e+01  9.000000e+00
   endloop
 endfacet
 facet normal  0.000000e+00  0.000000e+00  1.000000e+00
   outer loop
     vertex  6.536091e+01 -4.766546e+01  9.000000e+00
     vertex  6.532656e+01 -4.763812e+01  9.000000e+00
     vertex  2.660000e+01 -3.890000e+01  9.000000e+00
   endloop
 endfacet
 facet normal  0.000000e+00  0.000000e+00  1.000000e+00
   outer loop
     vertex  6.539600e+01 -4.769184e+01  9.000000e+00
     vertex  6.536091e+01 -4.766546e+01  9.000000e+00
     vertex  2.660000e+01 -3.890000e+01  9.000000e+00
   endloop
 endfacet
 facet normal  0.000000e+00  0.000000e+00  1.000000e+00
   outer loop
     vertex  6.543179e+01 -4.771725e+01  9.000000e+00
     vertex  6.539600e+01 -4.769184e+01  9.000000e+00
     vertex  2.660000e+01 -3.890000e+01  9.000000e+00
   endloop
 endfacet
 facet normal  0.000000e+00  0.000000e+00  1.000000e+00
   outer loop
     vertex  6.546827e+01 -4.774167e+01  9.000000e+00
     vertex  6.543179e+01 -4.771725e+01  9.000000e+00
     vertex  2.660000e+01 -3.890000e+01  9.000000e+00
   endloop
 endfacet
 facet normal  0.000000e+00  0.000000e+00  1.000000e+00
   outer loop
     vertex  6.550541e+01 -4.776508e+01  9.000000e+00
     vertex  6.546827e+01 -4.774167e+01  9.000000e+00
     vertex  2.660000e+01 -3.890000e+01  9.000000e+00
   endloop
 endfacet
 facet normal  0.000000e+00  0.000000e+00  1.000000e+00
   outer loop
     vertex  6.554317e+01 -4.778747e+01  9.000000e+00
     vertex  6.550541e+01 -4.776508e+01  9.000000e+00
     vertex  2.660000e+01 -3.890000e+01  9.000000e+00
   endloop
 endfacet
 facet normal  0.000000e+00  0.000000e+00  1.000000e+00
   outer loop
     vertex  6.558153e+01 -4.780880e+01  9.000000e+00
     vertex  6.554317e+01 -4.778747e+01  9.000000e+00
     vertex  2.660000e+01 -3.890000e+01  9.000000e+00
   endloop
 endfacet
 facet normal  0.000000e+00  0.000000e+00  1.000000e+00
   outer loop
     vertex  6.562047e+01 -4.782908e+01  9.000000e+00
     vertex  6.558153e+01 -4.780880e+01  9.000000e+00
     vertex  2.660000e+01 -3.890000e+01  9.000000e+00
   endloop
 endfacet
 facet normal  0.000000e+00  0.000000e+00  1.000000e+00
   outer loop
     vertex  6.565995e+01 -4.784828e+01  9.000000e+00
     vertex  6.562047e+01 -4.782908e+01  9.000000e+00
     vertex  2.660000e+01 -3.890000e+01  9.000000e+00
   endloop
 endfacet
 facet normal  0.000000e+00  0.000000e+00  1.000000e+00
   outer loop
     vertex  6.569993e+01 -4.786640e+01  9.000000e+00
     vertex  6.565995e+01 -4.784828e+01  9.000000e+00
     vertex  2.660000e+01 -3.890000e+01  9.000000e+00
   endloop
 endfacet
 facet normal  0.000000e+00  0.000000e+00  1.000000e+00
   outer loop
     vertex  6.574040e+01 -4.788340e+01  9.000000e+00
     vertex  6.569993e+01 -4.786640e+01  9.000000e+00
     vertex  2.660000e+01 -3.890000e+01  9.000000e+00
   endloop
 endfacet
 facet normal  0.000000e+00  0.000000e+00  1.000000e+00
   outer loop
     vertex  6.578132e+01 -4.789929e+01  9.000000e+00
     vertex  6.574040e+01 -4.788340e+01  9.000000e+00
     vertex  2.660000e+01 -3.890000e+01  9.000000e+00
   endloop
 endfacet
 facet normal  0.000000e+00  0.000000e+00  1.000000e+00
   outer loop
     vertex  6.582267e+01 -4.791406e+01  9.000000e+00
     vertex  6.578132e+01 -4.789929e+01  9.000000e+00
     vertex  2.660000e+01 -3.890000e+01  9.000000e+00
   endloop
 endfacet
 facet normal  0.000000e+00  0.000000e+00  1.000000e+00
   outer loop
     vertex  7.540000e+01 -3.890000e+01  9.000000e+00
     vertex  6.792643e+01 -4.619206e+01  9.000000e+00
     vertex  6.793154e+01 -4.623567e+01  9.000000e+00
   endloop
 endfacet
 facet normal  0.000000e+00  0.000000e+00  1.000000e+00
   outer loop
     vertex  7.540000e+01 -3.890000e+01  9.000000e+00
     vertex  6.792013e+01 -4.614862e+01  9.000000e+00
     vertex  6.792643e+01 -4.619206e+01  9.000000e+00
   endloop
 endfacet
 facet normal  0.000000e+00  0.000000e+00  1.000000e+00
   outer loop
     vertex  7.540000e+01 -3.890000e+01  9.000000e+00
     vertex  6.791264e+01 -4.610537e+01  9.000000e+00
     vertex  6.792013e+01 -4.614862e+01  9.000000e+00
   endloop
 endfacet
 facet normal  0.000000e+00  0.000000e+00  1.000000e+00
   outer loop
     vertex  7.540000e+01 -3.890000e+01  9.000000e+00
     vertex  6.790396e+01 -4.606233e+01  9.000000e+00
     vertex  6.791264e+01 -4.610537e+01  9.000000e+00
   endloop
 endfacet
 facet normal  0.000000e+00  0.000000e+00  1.000000e+00
   outer loop
     vertex  7.540000e+01 -3.890000e+01  9.000000e+00
     vertex  6.789411e+01 -4.601955e+01  9.000000e+00
     vertex  6.790396e+01 -4.606233e+01  9.000000e+00
   endloop
 endfacet
 facet normal  0.000000e+00  0.000000e+00  1.000000e+00
   outer loop
     vertex  7.540000e+01 -3.890000e+01  9.000000e+00
     vertex  6.788309e+01 -4.597706e+01  9.000000e+00
     vertex  6.789411e+01 -4.601955e+01  9.000000e+00
   endloop
 endfacet
 facet normal  0.000000e+00  0.000000e+00  1.000000e+00
   outer loop
     vertex  7.540000e+01 -3.890000e+01  9.000000e+00
     vertex  6.787091e+01 -4.593489e+01  9.000000e+00
     vertex  6.788309e+01 -4.597706e+01  9.000000e+00
   endloop
 endfacet
 facet normal  0.000000e+00  0.000000e+00  1.000000e+00
   outer loop
     vertex  7.540000e+01 -3.890000e+01  9.000000e+00
     vertex  6.785757e+01 -4.589306e+01  9.000000e+00
     vertex  6.787091e+01 -4.593489e+01  9.000000e+00
   endloop
 endfacet
 facet normal  0.000000e+00  0.000000e+00  1.000000e+00
   outer loop
     vertex  7.540000e+01 -3.890000e+01  9.000000e+00
     vertex  6.784309e+01 -4.585162e+01  9.000000e+00
     vertex  6.785757e+01 -4.589306e+01  9.000000e+00
   endloop
 endfacet
 facet normal  0.000000e+00  0.000000e+00  1.000000e+00
   outer loop
     vertex  7.540000e+01 -3.890000e+01  9.000000e+00
     vertex  6.782748e+01 -4.581059e+01  9.000000e+00
     vertex  6.784309e+01 -4.585162e+01  9.000000e+00
   endloop
 endfacet
 facet normal  0.000000e+00  0.000000e+00  1.000000e+00
   outer loop
     vertex  7.540000e+01 -3.890000e+01  9.000000e+00
     vertex  6.781075e+01 -4.577001e+01  9.000000e+00
     vertex  6.782748e+01 -4.581059e+01  9.000000e+00
   endloop
 endfacet
 facet normal  0.000000e+00  0.000000e+00  1.000000e+00
   outer loop
     vertex  7.540000e+01 -3.890000e+01  9.000000e+00
     vertex  6.779291e+01 -4.572990e+01  9.000000e+00
     vertex  6.781075e+01 -4.577001e+01  9.000000e+00
   endloop
 endfacet
 facet normal  0.000000e+00  0.000000e+00  1.000000e+00
   outer loop
     vertex  7.540000e+01 -3.890000e+01  9.000000e+00
     vertex  6.777398e+01 -4.569029e+01  9.000000e+00
     vertex  6.779291e+01 -4.572990e+01  9.000000e+00
   endloop
 endfacet
 facet normal  0.000000e+00  0.000000e+00  1.000000e+00
   outer loop
     vertex  7.540000e+01 -3.890000e+01  9.000000e+00
     vertex  6.775397e+01 -4.565122e+01  9.000000e+00
     vertex  6.777398e+01 -4.569029e+01  9.000000e+00
   endloop
 endfacet
 facet normal  0.000000e+00  0.000000e+00  1.000000e+00
   outer loop
     vertex  7.540000e+01 -3.890000e+01  9.000000e+00
     vertex  6.773290e+01 -4.561271e+01  9.000000e+00
     vertex  6.775397e+01 -4.565122e+01  9.000000e+00
   endloop
 endfacet
 facet normal  0.000000e+00  0.000000e+00  1.000000e+00
   outer loop
     vertex  7.540000e+01 -3.890000e+01  9.000000e+00
     vertex  6.771078e+01 -4.557479e+01  9.000000e+00
     vertex  6.773290e+01 -4.561271e+01  9.000000e+00
   endloop
 endfacet
 facet normal  0.000000e+00  0.000000e+00  1.000000e+00
   outer loop
     vertex  7.540000e+01 -3.890000e+01  9.000000e+00
     vertex  6.768762e+01 -4.553749e+01  9.000000e+00
     vertex  6.771078e+01 -4.557479e+01  9.000000e+00
   endloop
 endfacet
 facet normal  0.000000e+00  0.000000e+00  1.000000e+00
   outer loop
     vertex  7.540000e+01 -3.890000e+01  9.000000e+00
     vertex  6.766345e+01 -4.550085e+01  9.000000e+00
     vertex  6.768762e+01 -4.553749e+01  9.000000e+00
   endloop
 endfacet
 facet normal  0.000000e+00  0.000000e+00  1.000000e+00
   outer loop
     vertex  7.540000e+01 -3.890000e+01  9.000000e+00
     vertex  6.763829e+01 -4.546488e+01  9.000000e+00
     vertex  6.766345e+01 -4.550085e+01  9.000000e+00
   endloop
 endfacet
 facet normal  0.000000e+00  0.000000e+00  1.000000e+00
   outer loop
     vertex  7.540000e+01 -3.890000e+01  9.000000e+00
     vertex  6.761214e+01 -4.542961e+01  9.000000e+00
     vertex  6.763829e+01 -4.546488e+01  9.000000e+00
   endloop
 endfacet
 facet normal  0.000000e+00  0.000000e+00  1.000000e+00
   outer loop
     vertex  7.540000e+01 -3.890000e+01  9.000000e+00
     vertex  6.758504e+01 -4.539508e+01  9.000000e+00
     vertex  6.761214e+01 -4.542961e+01  9.000000e+00
   endloop
 endfacet
 facet normal  0.000000e+00  0.000000e+00  1.000000e+00
   outer loop
     vertex  7.540000e+01 -3.890000e+01  9.000000e+00
     vertex  6.755701e+01 -4.536130e+01  9.000000e+00
     vertex  6.758504e+01 -4.539508e+01  9.000000e+00
   endloop
 endfacet
 facet normal  0.000000e+00  0.000000e+00  1.000000e+00
   outer loop
     vertex  7.540000e+01 -3.890000e+01  9.000000e+00
     vertex  6.752805e+01 -4.532830e+01  9.000000e+00
     vertex  6.755701e+01 -4.536130e+01  9.000000e+00
   endloop
 endfacet
 facet normal  0.000000e+00  0.000000e+00  1.000000e+00
   outer loop
     vertex  7.540000e+01 -3.890000e+01  9.000000e+00
     vertex  6.749820e+01 -4.529611e+01  9.000000e+00
     vertex  6.752805e+01 -4.532830e+01  9.000000e+00
   endloop
 endfacet
 facet normal  0.000000e+00  0.000000e+00  1.000000e+00
   outer loop
     vertex  7.540000e+01 -3.890000e+01  9.000000e+00
     vertex  6.746748e+01 -4.526476e+01  9.000000e+00
     vertex  6.749820e+01 -4.529611e+01  9.000000e+00
   endloop
 endfacet
 facet normal  0.000000e+00  0.000000e+00  1.000000e+00
   outer loop
     vertex  7.540000e+01 -3.890000e+01  9.000000e+00
     vertex  6.743592e+01 -4.523425e+01  9.000000e+00
     vertex  6.746748e+01 -4.526476e+01  9.000000e+00
   endloop
 endfacet
 facet normal  0.000000e+00  0.000000e+00  1.000000e+00
   outer loop
     vertex  7.540000e+01 -3.890000e+01  9.000000e+00
     vertex  6.740352e+01 -4.520462e+01  9.000000e+00
     vertex  6.743592e+01 -4.523425e+01  9.000000e+00
   endloop
 endfacet
 facet normal  0.000000e+00  0.000000e+00  1.000000e+00
   outer loop
     vertex  7.540000e+01 -3.890000e+01  9.000000e+00
     vertex  6.737033e+01 -4.517590e+01  9.000000e+00
     vertex  6.740352e+01 -4.520462e+01  9.000000e+00
   endloop
 endfacet
 facet normal  0.000000e+00  0.000000e+00  1.000000e+00
   outer loop
     vertex  7.540000e+01 -3.890000e+01  9.000000e+00
     vertex  6.733636e+01 -4.514809e+01  9.000000e+00
     vertex  6.737033e+01 -4.517590e+01  9.000000e+00
   endloop
 endfacet
 facet normal  0.000000e+00  0.000000e+00  1.000000e+00
   outer loop
     vertex  7.540000e+01 -3.890000e+01  9.000000e+00
     vertex  6.730164e+01 -4.512123e+01  9.000000e+00
     vertex  6.733636e+01 -4.514809e+01  9.000000e+00
   endloop
 endfacet
 facet normal  0.000000e+00  0.000000e+00  1.000000e+00
   outer loop
     vertex  7.540000e+01 -3.890000e+01  9.000000e+00
     vertex  6.726619e+01 -4.509533e+01  9.000000e+00
     vertex  6.730164e+01 -4.512123e+01  9.000000e+00
   endloop
 endfacet
 facet normal  0.000000e+00  0.000000e+00  1.000000e+00
   outer loop
     vertex  7.540000e+01 -3.890000e+01  9.000000e+00
     vertex  6.723005e+01 -4.507041e+01  9.000000e+00
     vertex  6.726619e+01 -4.509533e+01  9.000000e+00
   endloop
 endfacet
 facet normal  0.000000e+00  0.000000e+00  1.000000e+00
   outer loop
     vertex  7.540000e+01 -3.890000e+01  9.000000e+00
     vertex  6.719324e+01 -4.504649e+01  9.000000e+00
     vertex  6.723005e+01 -4.507041e+01  9.000000e+00
   endloop
 endfacet
 facet normal  0.000000e+00  0.000000e+00  1.000000e+00
   outer loop
     vertex  7.540000e+01 -3.890000e+01  9.000000e+00
     vertex  6.715579e+01 -4.502360e+01  9.000000e+00
     vertex  6.719324e+01 -4.504649e+01  9.000000e+00
   endloop
 endfacet
 facet normal  0.000000e+00  0.000000e+00  1.000000e+00
   outer loop
     vertex  7.540000e+01 -3.890000e+01  9.000000e+00
     vertex  6.711772e+01 -4.500173e+01  9.000000e+00
     vertex  6.715579e+01 -4.502360e+01  9.000000e+00
   endloop
 endfacet
 facet normal  0.000000e+00  0.000000e+00  1.000000e+00
   outer loop
     vertex  7.540000e+01 -3.890000e+01  9.000000e+00
     vertex  6.707907e+01 -4.498092e+01  9.000000e+00
     vertex  6.711772e+01 -4.500173e+01  9.000000e+00
   endloop
 endfacet
 facet normal  0.000000e+00  0.000000e+00  1.000000e+00
   outer loop
     vertex  7.540000e+01 -3.890000e+01  9.000000e+00
     vertex  6.703986e+01 -4.496118e+01  9.000000e+00
     vertex  6.707907e+01 -4.498092e+01  9.000000e+00
   endloop
 endfacet
 facet normal  0.000000e+00  0.000000e+00  1.000000e+00
   outer loop
     vertex  7.540000e+01 -3.890000e+01  9.000000e+00
     vertex  6.700012e+01 -4.494252e+01  9.000000e+00
     vertex  6.703986e+01 -4.496118e+01  9.000000e+00
   endloop
 endfacet
 facet normal  0.000000e+00  0.000000e+00  1.000000e+00
   outer loop
     vertex  7.540000e+01 -3.890000e+01  9.000000e+00
     vertex  6.695989e+01 -4.492496e+01  9.000000e+00
     vertex  6.700012e+01 -4.494252e+01  9.000000e+00
   endloop
 endfacet
 facet normal  0.000000e+00  0.000000e+00  1.000000e+00
   outer loop
     vertex  7.540000e+01 -3.890000e+01  9.000000e+00
     vertex  6.691919e+01 -4.490851e+01  9.000000e+00
     vertex  6.695989e+01 -4.492496e+01  9.000000e+00
   endloop
 endfacet
 facet normal  0.000000e+00  0.000000e+00  1.000000e+00
   outer loop
     vertex  7.540000e+01 -3.890000e+01  9.000000e+00
     vertex  6.687805e+01 -4.489318e+01  9.000000e+00
     vertex  6.691919e+01 -4.490851e+01  9.000000e+00
   endloop
 endfacet
 facet normal  0.000000e+00  0.000000e+00  1.000000e+00
   outer loop
     vertex  7.540000e+01 -3.890000e+01  9.000000e+00
     vertex  6.683651e+01 -4.487899e+01  9.000000e+00
     vertex  6.687805e+01 -4.489318e+01  9.000000e+00
   endloop
 endfacet
 facet normal  0.000000e+00  0.000000e+00  1.000000e+00
   outer loop
     vertex  7.540000e+01 -3.890000e+01  9.000000e+00
     vertex  6.679460e+01 -4.486594e+01  9.000000e+00
     vertex  6.683651e+01 -4.487899e+01  9.000000e+00
   endloop
 endfacet
 facet normal  0.000000e+00  0.000000e+00  1.000000e+00
   outer loop
     vertex  7.540000e+01 -3.890000e+01  9.000000e+00
     vertex  6.675234e+01 -4.485405e+01  9.000000e+00
     vertex  6.679460e+01 -4.486594e+01  9.000000e+00
   endloop
 endfacet
 facet normal  0.000000e+00  0.000000e+00  1.000000e+00
   outer loop
     vertex  7.540000e+01 -3.890000e+01  9.000000e+00
     vertex  6.670978e+01 -4.484332e+01  9.000000e+00
     vertex  6.675234e+01 -4.485405e+01  9.000000e+00
   endloop
 endfacet
 facet normal  0.000000e+00  0.000000e+00  1.000000e+00
   outer loop
     vertex  7.540000e+01 -3.890000e+01  9.000000e+00
     vertex  6.666693e+01 -4.483376e+01  9.000000e+00
     vertex  6.670978e+01 -4.484332e+01  9.000000e+00
   endloop
 endfacet
 facet normal  0.000000e+00  0.000000e+00  1.000000e+00
   outer loop
     vertex  7.540000e+01 -3.890000e+01  9.000000e+00
     vertex  6.662384e+01 -4.482538e+01  9.000000e+00
     vertex  6.666693e+01 -4.483376e+01  9.000000e+00
   endloop
 endfacet
 facet normal  0.000000e+00  0.000000e+00  1.000000e+00
   outer loop
     vertex  7.540000e+01 -3.890000e+01  9.000000e+00
     vertex  6.658053e+01 -4.481818e+01  9.000000e+00
     vertex  6.662384e+01 -4.482538e+01  9.000000e+00
   endloop
 endfacet
 facet normal  0.000000e+00  0.000000e+00  1.000000e+00
   outer loop
     vertex  7.540000e+01 -3.890000e+01  9.000000e+00
     vertex  6.653705e+01 -4.481218e+01  9.000000e+00
     vertex  6.658053e+01 -4.481818e+01  9.000000e+00
   endloop
 endfacet
 facet normal  0.000000e+00  0.000000e+00  1.000000e+00
   outer loop
     vertex  7.540000e+01 -3.890000e+01  9.000000e+00
     vertex  6.649341e+01 -4.480737e+01  9.000000e+00
     vertex  6.653705e+01 -4.481218e+01  9.000000e+00
   endloop
 endfacet
 facet normal  0.000000e+00  0.000000e+00  1.000000e+00
   outer loop
     vertex  7.540000e+01 -3.890000e+01  9.000000e+00
     vertex  6.644966e+01 -4.480376e+01  9.000000e+00
     vertex  6.649341e+01 -4.480737e+01  9.000000e+00
   endloop
 endfacet
 facet normal  0.000000e+00  0.000000e+00  1.000000e+00
   outer loop
     vertex  7.540000e+01 -3.890000e+01  9.000000e+00
     vertex  6.640583e+01 -4.480135e+01  9.000000e+00
     vertex  6.644966e+01 -4.480376e+01  9.000000e+00
   endloop
 endfacet
 facet normal  0.000000e+00  0.000000e+00  1.000000e+00
   outer loop
     vertex  7.540000e+01 -3.890000e+01  9.000000e+00
     vertex  6.636195e+01 -4.480015e+01  9.000000e+00
     vertex  6.640583e+01 -4.480135e+01  9.000000e+00
   endloop
 endfacet
 facet normal  0.000000e+00  0.000000e+00  1.000000e+00
   outer loop
     vertex  7.540000e+01 -3.890000e+01  9.000000e+00
     vertex  6.631805e+01 -4.480015e+01  9.000000e+00
     vertex  6.636195e+01 -4.480015e+01  9.000000e+00
   endloop
 endfacet
 facet normal  0.000000e+00  0.000000e+00  1.000000e+00
   outer loop
     vertex  7.540000e+01 -3.890000e+01  9.000000e+00
     vertex  6.627417e+01 -4.480135e+01  9.000000e+00
     vertex  6.631805e+01 -4.480015e+01  9.000000e+00
   endloop
 endfacet
 facet normal  0.000000e+00  0.000000e+00  1.000000e+00
   outer loop
     vertex  7.540000e+01 -3.890000e+01  9.000000e+00
     vertex  6.623034e+01 -4.480376e+01  9.000000e+00
     vertex  6.627417e+01 -4.480135e+01  9.000000e+00
   endloop
 endfacet
 facet normal  0.000000e+00  0.000000e+00  1.000000e+00
   outer loop
     vertex  7.540000e+01 -3.890000e+01  9.000000e+00
     vertex  6.618659e+01 -4.480737e+01  9.000000e+00
     vertex  6.623034e+01 -4.480376e+01  9.000000e+00
   endloop
 endfacet
 facet normal  0.000000e+00  0.000000e+00  1.000000e+00
   outer loop
     vertex  7.540000e+01 -3.890000e+01  9.000000e+00
     vertex  6.614295e+01 -4.481218e+01  9.000000e+00
     vertex  6.618659e+01 -4.480737e+01  9.000000e+00
   endloop
 endfacet
 facet normal  0.000000e+00  0.000000e+00  1.000000e+00
   outer loop
     vertex  7.540000e+01 -3.890000e+01  9.000000e+00
     vertex  6.609947e+01 -4.481818e+01  9.000000e+00
     vertex  6.614295e+01 -4.481218e+01  9.000000e+00
   endloop
 endfacet
 facet normal  0.000000e+00  0.000000e+00  1.000000e+00
   outer loop
     vertex  7.540000e+01 -3.890000e+01  9.000000e+00
     vertex  6.605616e+01 -4.482538e+01  9.000000e+00
     vertex  6.609947e+01 -4.481818e+01  9.000000e+00
   endloop
 endfacet
 facet normal  0.000000e+00  0.000000e+00  1.000000e+00
   outer loop
     vertex  7.540000e+01 -3.890000e+01  9.000000e+00
     vertex  6.601307e+01 -4.483376e+01  9.000000e+00
     vertex  6.605616e+01 -4.482538e+01  9.000000e+00
   endloop
 endfacet
 facet normal  0.000000e+00  0.000000e+00  1.000000e+00
   outer loop
     vertex  7.540000e+01 -3.890000e+01  9.000000e+00
     vertex  6.597022e+01 -4.484332e+01  9.000000e+00
     vertex  6.601307e+01 -4.483376e+01  9.000000e+00
   endloop
 endfacet
 facet normal  0.000000e+00  0.000000e+00  1.000000e+00
   outer loop
     vertex  7.540000e+01 -3.890000e+01  9.000000e+00
     vertex  6.592766e+01 -4.485405e+01  9.000000e+00
     vertex  6.597022e+01 -4.484332e+01  9.000000e+00
   endloop
 endfacet
 facet normal  0.000000e+00  0.000000e+00  1.000000e+00
   outer loop
     vertex  7.540000e+01 -3.890000e+01  9.000000e+00
     vertex  6.588540e+01 -4.486594e+01  9.000000e+00
     vertex  6.592766e+01 -4.485405e+01  9.000000e+00
   endloop
 endfacet
 facet normal  0.000000e+00  0.000000e+00  1.000000e+00
   outer loop
     vertex  7.540000e+01 -3.890000e+01  9.000000e+00
     vertex  6.584349e+01 -4.487899e+01  9.000000e+00
     vertex  6.588540e+01 -4.486594e+01  9.000000e+00
   endloop
 endfacet
 facet normal  0.000000e+00  0.000000e+00  1.000000e+00
   outer loop
     vertex  7.540000e+01 -3.890000e+01  9.000000e+00
     vertex  6.793545e+01 -4.627939e+01  9.000000e+00
     vertex  6.793816e+01 -4.632320e+01  9.000000e+00
   endloop
 endfacet
 facet normal  0.000000e+00  0.000000e+00  1.000000e+00
   outer loop
     vertex  7.540000e+01 -3.890000e+01  9.000000e+00
     vertex  6.793154e+01 -4.623567e+01  9.000000e+00
     vertex  6.793545e+01 -4.627939e+01  9.000000e+00
   endloop
 endfacet
 facet normal  0.000000e+00 -0.000000e+00  1.000000e+00
   outer loop
     vertex  6.793966e+01 -4.636708e+01  9.000000e+00
     vertex  7.540000e+01 -3.890000e+01  9.000000e+00
     vertex  6.793816e+01 -4.632320e+01  9.000000e+00
   endloop
 endfacet
 facet normal  0.000000e+00 -0.000000e+00  1.000000e+00
   outer loop
     vertex  6.793996e+01 -4.641097e+01  9.000000e+00
     vertex  7.540000e+01 -3.890000e+01  9.000000e+00
     vertex  6.793966e+01 -4.636708e+01  9.000000e+00
   endloop
 endfacet
 facet normal  0.000000e+00  0.000000e+00  1.000000e+00
   outer loop
     vertex  6.793906e+01 -4.645486e+01  9.000000e+00
     vertex  7.540000e+01 -3.890000e+01  9.000000e+00
     vertex  6.793996e+01 -4.641097e+01  9.000000e+00
   endloop
 endfacet
 facet normal  2.118621e-16  1.051099e-16  1.000000e+00
   outer loop
     vertex  8.180000e+01 -5.180000e+01  9.000000e+00
     vertex  7.540000e+01 -5.100000e+00  9.000000e+00
     vertex  7.540000e+01 -3.890000e+01  9.000000e+00
   endloop
 endfacet
 facet normal  0.000000e+00  0.000000e+00  1.000000e+00
   outer loop
     vertex  8.180000e+01 -5.180000e+01  9.000000e+00
     vertex  6.638389e+01 -4.799940e+01  9.000000e+00
     vertex  6.634000e+01 -4.800000e+01  9.000000e+00
   endloop
 endfacet
 facet normal  0.000000e+00  0.000000e+00  1.000000e+00
   outer loop
     vertex  8.180000e+01 -5.180000e+01  9.000000e+00
     vertex  6.642776e+01 -4.799759e+01  9.000000e+00
     vertex  6.638389e+01 -4.799940e+01  9.000000e+00
   endloop
 endfacet
 facet normal  0.000000e+00  0.000000e+00  1.000000e+00
   outer loop
     vertex  8.180000e+01 -5.180000e+01  9.000000e+00
     vertex  6.647155e+01 -4.799458e+01  9.000000e+00
     vertex  6.642776e+01 -4.799759e+01  9.000000e+00
   endloop
 endfacet
 facet normal  0.000000e+00  0.000000e+00  1.000000e+00
   outer loop
     vertex  8.180000e+01 -5.180000e+01  9.000000e+00
     vertex  6.651525e+01 -4.799037e+01  9.000000e+00
     vertex  6.647155e+01 -4.799458e+01  9.000000e+00
   endloop
 endfacet
 facet normal  0.000000e+00  0.000000e+00  1.000000e+00
   outer loop
     vertex  8.180000e+01 -5.180000e+01  9.000000e+00
     vertex  6.655881e+01 -4.798497e+01  9.000000e+00
     vertex  6.651525e+01 -4.799037e+01  9.000000e+00
   endloop
 endfacet
 facet normal  0.000000e+00  0.000000e+00  1.000000e+00
   outer loop
     vertex  8.180000e+01 -5.180000e+01  9.000000e+00
     vertex  6.660221e+01 -4.797837e+01  9.000000e+00
     vertex  6.655881e+01 -4.798497e+01  9.000000e+00
   endloop
 endfacet
 facet normal  0.000000e+00  0.000000e+00  1.000000e+00
   outer loop
     vertex  8.180000e+01 -5.180000e+01  9.000000e+00
     vertex  6.664541e+01 -4.797058e+01  9.000000e+00
     vertex  6.660221e+01 -4.797837e+01  9.000000e+00
   endloop
 endfacet
 facet normal  0.000000e+00  0.000000e+00  1.000000e+00
   outer loop
     vertex  8.180000e+01 -5.180000e+01  9.000000e+00
     vertex  6.668839e+01 -4.796161e+01  9.000000e+00
     vertex  6.664541e+01 -4.797058e+01  9.000000e+00
   endloop
 endfacet
 facet normal  0.000000e+00  0.000000e+00  1.000000e+00
   outer loop
     vertex  8.180000e+01 -5.180000e+01  9.000000e+00
     vertex  6.673110e+01 -4.795146e+01  9.000000e+00
     vertex  6.668839e+01 -4.796161e+01  9.000000e+00
   endloop
 endfacet
 facet normal  0.000000e+00  0.000000e+00  1.000000e+00
   outer loop
     vertex  8.180000e+01 -5.180000e+01  9.000000e+00
     vertex  6.677351e+01 -4.794015e+01  9.000000e+00
     vertex  6.673110e+01 -4.795146e+01  9.000000e+00
   endloop
 endfacet
 facet normal  0.000000e+00  0.000000e+00  1.000000e+00
   outer loop
     vertex  8.180000e+01 -5.180000e+01  9.000000e+00
     vertex  6.681560e+01 -4.792768e+01  9.000000e+00
     vertex  6.677351e+01 -4.794015e+01  9.000000e+00
   endloop
 endfacet
 facet normal  0.000000e+00  0.000000e+00  1.000000e+00
   outer loop
     vertex  8.180000e+01 -5.180000e+01  9.000000e+00
     vertex  6.685733e+01 -4.791406e+01  9.000000e+00
     vertex  6.681560e+01 -4.792768e+01  9.000000e+00
   endloop
 endfacet
 facet normal  0.000000e+00  0.000000e+00  1.000000e+00
   outer loop
     vertex  8.180000e+01 -5.180000e+01  9.000000e+00
     vertex  6.689868e+01 -4.789929e+01  9.000000e+00
     vertex  6.685733e+01 -4.791406e+01  9.000000e+00
   endloop
 endfacet
 facet normal  0.000000e+00  0.000000e+00  1.000000e+00
   outer loop
     vertex  8.180000e+01 -5.180000e+01  9.000000e+00
     vertex  6.693960e+01 -4.788340e+01  9.000000e+00
     vertex  6.689868e+01 -4.789929e+01  9.000000e+00
   endloop
 endfacet
 facet normal  0.000000e+00  0.000000e+00  1.000000e+00
   outer loop
     vertex  8.180000e+01 -5.180000e+01  9.000000e+00
     vertex  6.698007e+01 -4.786640e+01  9.000000e+00
     vertex  6.693960e+01 -4.788340e+01  9.000000e+00
   endloop
 endfacet
 facet normal  0.000000e+00  0.000000e+00  1.000000e+00
   outer loop
     vertex  8.180000e+01 -5.180000e+01  9.000000e+00
     vertex  6.702005e+01 -4.784828e+01  9.000000e+00
     vertex  6.698007e+01 -4.786640e+01  9.000000e+00
   endloop
 endfacet
 facet normal  0.000000e+00  0.000000e+00  1.000000e+00
   outer loop
     vertex  8.180000e+01 -5.180000e+01  9.000000e+00
     vertex  6.705953e+01 -4.782908e+01  9.000000e+00
     vertex  6.702005e+01 -4.784828e+01  9.000000e+00
   endloop
 endfacet
 facet normal  0.000000e+00  0.000000e+00  1.000000e+00
   outer loop
     vertex  8.180000e+01 -5.180000e+01  9.000000e+00
     vertex  6.709847e+01 -4.780880e+01  9.000000e+00
     vertex  6.705953e+01 -4.782908e+01  9.000000e+00
   endloop
 endfacet
 facet normal  0.000000e+00  0.000000e+00  1.000000e+00
   outer loop
     vertex  8.180000e+01 -5.180000e+01  9.000000e+00
     vertex  6.713683e+01 -4.778747e+01  9.000000e+00
     vertex  6.709847e+01 -4.780880e+01  9.000000e+00
   endloop
 endfacet
 facet normal  0.000000e+00  0.000000e+00  1.000000e+00
   outer loop
     vertex  8.180000e+01 -5.180000e+01  9.000000e+00
     vertex  6.717459e+01 -4.776508e+01  9.000000e+00
     vertex  6.713683e+01 -4.778747e+01  9.000000e+00
   endloop
 endfacet
 facet normal  0.000000e+00  0.000000e+00  1.000000e+00
   outer loop
     vertex  8.180000e+01 -5.180000e+01  9.000000e+00
     vertex  6.607779e+01 -4.797837e+01  9.000000e+00
     vertex  6.603459e+01 -4.797058e+01  9.000000e+00
   endloop
 endfacet
 facet normal  0.000000e+00  0.000000e+00  1.000000e+00
   outer loop
     vertex  8.180000e+01 -5.180000e+01  9.000000e+00
     vertex  6.721173e+01 -4.774167e+01  9.000000e+00
     vertex  6.717459e+01 -4.776508e+01  9.000000e+00
   endloop
 endfacet
 facet normal  0.000000e+00  0.000000e+00  1.000000e+00
   outer loop
     vertex  8.180000e+01 -5.180000e+01  9.000000e+00
     vertex  6.612119e+01 -4.798497e+01  9.000000e+00
     vertex  6.607779e+01 -4.797837e+01  9.000000e+00
   endloop
 endfacet
 facet normal  0.000000e+00  0.000000e+00  1.000000e+00
   outer loop
     vertex  8.180000e+01 -5.180000e+01  9.000000e+00
     vertex  6.724821e+01 -4.771725e+01  9.000000e+00
     vertex  6.721173e+01 -4.774167e+01  9.000000e+00
   endloop
 endfacet
 facet normal  0.000000e+00  0.000000e+00  1.000000e+00
   outer loop
     vertex  8.180000e+01 -5.180000e+01  9.000000e+00
     vertex  6.616475e+01 -4.799037e+01  9.000000e+00
     vertex  6.612119e+01 -4.798497e+01  9.000000e+00
   endloop
 endfacet
 facet normal  0.000000e+00  0.000000e+00  1.000000e+00
   outer loop
     vertex  8.180000e+01 -5.180000e+01  9.000000e+00
     vertex  6.728400e+01 -4.769184e+01  9.000000e+00
     vertex  6.724821e+01 -4.771725e+01  9.000000e+00
   endloop
 endfacet
 facet normal  0.000000e+00  0.000000e+00  1.000000e+00
   outer loop
     vertex  8.180000e+01 -5.180000e+01  9.000000e+00
     vertex  6.620845e+01 -4.799458e+01  9.000000e+00
     vertex  6.616475e+01 -4.799037e+01  9.000000e+00
   endloop
 endfacet
 facet normal  0.000000e+00  0.000000e+00  1.000000e+00
   outer loop
     vertex  8.180000e+01 -5.180000e+01  9.000000e+00
     vertex  6.731909e+01 -4.766546e+01  9.000000e+00
     vertex  6.728400e+01 -4.769184e+01  9.000000e+00
   endloop
 endfacet
 facet normal  0.000000e+00  0.000000e+00  1.000000e+00
   outer loop
     vertex  8.180000e+01 -5.180000e+01  9.000000e+00
     vertex  6.625224e+01 -4.799759e+01  9.000000e+00
     vertex  6.620845e+01 -4.799458e+01  9.000000e+00
   endloop
 endfacet
 facet normal  0.000000e+00  0.000000e+00  1.000000e+00
   outer loop
     vertex  8.180000e+01 -5.180000e+01  9.000000e+00
     vertex  6.735344e+01 -4.763812e+01  9.000000e+00
     vertex  6.731909e+01 -4.766546e+01  9.000000e+00
   endloop
 endfacet
 facet normal  0.000000e+00  0.000000e+00  1.000000e+00
   outer loop
     vertex  8.180000e+01 -5.180000e+01  9.000000e+00
     vertex  6.629611e+01 -4.799940e+01  9.000000e+00
     vertex  6.625224e+01 -4.799759e+01  9.000000e+00
   endloop
 endfacet
 facet normal  0.000000e+00  0.000000e+00  1.000000e+00
   outer loop
     vertex  8.180000e+01 -5.180000e+01  9.000000e+00
     vertex  6.738702e+01 -4.760985e+01  9.000000e+00
     vertex  6.735344e+01 -4.763812e+01  9.000000e+00
   endloop
 endfacet
 facet normal  0.000000e+00  0.000000e+00  1.000000e+00
   outer loop
     vertex  8.180000e+01 -5.180000e+01  9.000000e+00
     vertex  6.634000e+01 -4.800000e+01  9.000000e+00
     vertex  6.629611e+01 -4.799940e+01  9.000000e+00
   endloop
 endfacet
 facet normal  0.000000e+00  0.000000e+00  1.000000e+00
   outer loop
     vertex  8.180000e+01 -5.180000e+01  9.000000e+00
     vertex  6.741982e+01 -4.758067e+01  9.000000e+00
     vertex  6.738702e+01 -4.760985e+01  9.000000e+00
   endloop
 endfacet
 facet normal  0.000000e+00  0.000000e+00  1.000000e+00
   outer loop
     vertex  8.180000e+01 -5.180000e+01  9.000000e+00
     vertex  6.745180e+01 -4.755060e+01  9.000000e+00
     vertex  6.741982e+01 -4.758067e+01  9.000000e+00
   endloop
 endfacet
 facet normal  0.000000e+00  0.000000e+00  1.000000e+00
   outer loop
     vertex  8.180000e+01 -5.180000e+01  9.000000e+00
     vertex  6.748295e+01 -4.751967e+01  9.000000e+00
     vertex  6.745180e+01 -4.755060e+01  9.000000e+00
   endloop
 endfacet
 facet normal  0.000000e+00  0.000000e+00  1.000000e+00
   outer loop
     vertex  8.180000e+01 -5.180000e+01  9.000000e+00
     vertex  6.751324e+01 -4.748789e+01  9.000000e+00
     vertex  6.748295e+01 -4.751967e+01  9.000000e+00
   endloop
 endfacet
 facet normal  0.000000e+00  0.000000e+00  1.000000e+00
   outer loop
     vertex  8.180000e+01 -5.180000e+01  9.000000e+00
     vertex  6.754264e+01 -4.745530e+01  9.000000e+00
     vertex  6.751324e+01 -4.748789e+01  9.000000e+00
   endloop
 endfacet
 facet normal  0.000000e+00  0.000000e+00  1.000000e+00
   outer loop
     vertex  8.180000e+01 -5.180000e+01  9.000000e+00
     vertex  6.757114e+01 -4.742191e+01  9.000000e+00
     vertex  6.754264e+01 -4.745530e+01  9.000000e+00
   endloop
 endfacet
 facet normal  0.000000e+00  0.000000e+00  1.000000e+00
   outer loop
     vertex  8.180000e+01 -5.180000e+01  9.000000e+00
     vertex  6.759871e+01 -4.738775e+01  9.000000e+00
     vertex  6.757114e+01 -4.742191e+01  9.000000e+00
   endloop
 endfacet
 facet normal  0.000000e+00  0.000000e+00  1.000000e+00
   outer loop
     vertex  8.180000e+01 -5.180000e+01  9.000000e+00
     vertex  6.762534e+01 -4.735284e+01  9.000000e+00
     vertex  6.759871e+01 -4.738775e+01  9.000000e+00
   endloop
 endfacet
 facet normal  0.000000e+00  0.000000e+00  1.000000e+00
   outer loop
     vertex  8.180000e+01 -5.180000e+01  9.000000e+00
     vertex  6.765099e+01 -4.731722e+01  9.000000e+00
     vertex  6.762534e+01 -4.735284e+01  9.000000e+00
   endloop
 endfacet
 facet normal  0.000000e+00  0.000000e+00  1.000000e+00
   outer loop
     vertex  8.180000e+01 -5.180000e+01  9.000000e+00
     vertex  6.767566e+01 -4.728091e+01  9.000000e+00
     vertex  6.765099e+01 -4.731722e+01  9.000000e+00
   endloop
 endfacet
 facet normal  0.000000e+00  0.000000e+00  1.000000e+00
   outer loop
     vertex  8.180000e+01 -5.180000e+01  9.000000e+00
     vertex  6.769933e+01 -4.724394e+01  9.000000e+00
     vertex  6.767566e+01 -4.728091e+01  9.000000e+00
   endloop
 endfacet
 facet normal  0.000000e+00  0.000000e+00  1.000000e+00
   outer loop
     vertex  8.180000e+01 -5.180000e+01  9.000000e+00
     vertex  6.772197e+01 -4.720633e+01  9.000000e+00
     vertex  6.769933e+01 -4.724394e+01  9.000000e+00
   endloop
 endfacet
 facet normal  0.000000e+00  0.000000e+00  1.000000e+00
   outer loop
     vertex  8.180000e+01 -5.180000e+01  9.000000e+00
     vertex  6.774357e+01 -4.716811e+01  9.000000e+00
     vertex  6.772197e+01 -4.720633e+01  9.000000e+00
   endloop
 endfacet
 facet normal  0.000000e+00  0.000000e+00  1.000000e+00
   outer loop
     vertex  8.180000e+01 -5.180000e+01  9.000000e+00
     vertex  6.776411e+01 -4.712932e+01  9.000000e+00
     vertex  6.774357e+01 -4.716811e+01  9.000000e+00
   endloop
 endfacet
 facet normal  0.000000e+00  0.000000e+00  1.000000e+00
   outer loop
     vertex  8.180000e+01 -5.180000e+01  9.000000e+00
     vertex  6.778358e+01 -4.708997e+01  9.000000e+00
     vertex  6.776411e+01 -4.712932e+01  9.000000e+00
   endloop
 endfacet
 facet normal  0.000000e+00  0.000000e+00  1.000000e+00
   outer loop
     vertex  8.180000e+01 -5.180000e+01  9.000000e+00
     vertex  6.780197e+01 -4.705011e+01  9.000000e+00
     vertex  6.778358e+01 -4.708997e+01  9.000000e+00
   endloop
 endfacet
 facet normal  0.000000e+00  0.000000e+00  1.000000e+00
   outer loop
     vertex  8.180000e+01 -5.180000e+01  9.000000e+00
     vertex  6.781926e+01 -4.700976e+01  9.000000e+00
     vertex  6.780197e+01 -4.705011e+01  9.000000e+00
   endloop
 endfacet
 facet normal  0.000000e+00  0.000000e+00  1.000000e+00
   outer loop
     vertex  8.180000e+01 -5.180000e+01  9.000000e+00
     vertex  6.783543e+01 -4.696895e+01  9.000000e+00
     vertex  6.781926e+01 -4.700976e+01  9.000000e+00
   endloop
 endfacet
 facet normal  0.000000e+00  0.000000e+00  1.000000e+00
   outer loop
     vertex  8.180000e+01 -5.180000e+01  9.000000e+00
     vertex  6.785047e+01 -4.692771e+01  9.000000e+00
     vertex  6.783543e+01 -4.696895e+01  9.000000e+00
   endloop
 endfacet
 facet normal  0.000000e+00  0.000000e+00  1.000000e+00
   outer loop
     vertex  8.180000e+01 -5.180000e+01  9.000000e+00
     vertex  6.786438e+01 -4.688607e+01  9.000000e+00
     vertex  6.785047e+01 -4.692771e+01  9.000000e+00
   endloop
 endfacet
 facet normal  0.000000e+00  0.000000e+00  1.000000e+00
   outer loop
     vertex  8.180000e+01 -5.180000e+01  9.000000e+00
     vertex  7.540000e+01 -3.890000e+01  9.000000e+00
     vertex  6.793906e+01 -4.645486e+01  9.000000e+00
   endloop
 endfacet
 facet normal  0.000000e+00  0.000000e+00  1.000000e+00
   outer loop
     vertex  8.180000e+01 -5.180000e+01  9.000000e+00
     vertex  6.787714e+01 -4.684407e+01  9.000000e+00
     vertex  6.786438e+01 -4.688607e+01  9.000000e+00
   endloop
 endfacet
 facet normal  0.000000e+00  0.000000e+00  1.000000e+00
   outer loop
     vertex  8.180000e+01 -5.180000e+01  9.000000e+00
     vertex  6.788875e+01 -4.680173e+01  9.000000e+00
     vertex  6.787714e+01 -4.684407e+01  9.000000e+00
   endloop
 endfacet
 facet normal  0.000000e+00  0.000000e+00  1.000000e+00
   outer loop
     vertex  8.180000e+01 -5.180000e+01  9.000000e+00
     vertex  6.789918e+01 -4.675909e+01  9.000000e+00
     vertex  6.788875e+01 -4.680173e+01  9.000000e+00
   endloop
 endfacet
 facet normal  0.000000e+00  0.000000e+00  1.000000e+00
   outer loop
     vertex  8.180000e+01 -5.180000e+01  9.000000e+00
     vertex  6.790845e+01 -4.671618e+01  9.000000e+00
     vertex  6.789918e+01 -4.675909e+01  9.000000e+00
   endloop
 endfacet
 facet normal  0.000000e+00  0.000000e+00  1.000000e+00
   outer loop
     vertex  8.180000e+01 -5.180000e+01  9.000000e+00
     vertex  6.791653e+01 -4.667303e+01  9.000000e+00
     vertex  6.790845e+01 -4.671618e+01  9.000000e+00
   endloop
 endfacet
 facet normal  0.000000e+00  0.000000e+00  1.000000e+00
   outer loop
     vertex  8.180000e+01 -5.180000e+01  9.000000e+00
     vertex  6.792343e+01 -4.662968e+01  9.000000e+00
     vertex  6.791653e+01 -4.667303e+01  9.000000e+00
   endloop
 endfacet
 facet normal  0.000000e+00  0.000000e+00  1.000000e+00
   outer loop
     vertex  8.180000e+01 -5.180000e+01  9.000000e+00
     vertex  6.792913e+01 -4.658615e+01  9.000000e+00
     vertex  6.792343e+01 -4.662968e+01  9.000000e+00
   endloop
 endfacet
 facet normal  0.000000e+00  0.000000e+00  1.000000e+00
   outer loop
     vertex  8.180000e+01 -5.180000e+01  9.000000e+00
     vertex  6.793364e+01 -4.654249e+01  9.000000e+00
     vertex  6.792913e+01 -4.658615e+01  9.000000e+00
   endloop
 endfacet
 facet normal  0.000000e+00  0.000000e+00  1.000000e+00
   outer loop
     vertex  8.180000e+01 -5.180000e+01  9.000000e+00
     vertex  6.793695e+01 -4.649871e+01  9.000000e+00
     vertex  6.793364e+01 -4.654249e+01  9.000000e+00
   endloop
 endfacet
 facet normal  0.000000e+00  0.000000e+00  1.000000e+00
   outer loop
     vertex  8.180000e+01 -5.180000e+01  9.000000e+00
     vertex  6.793906e+01 -4.645486e+01  9.000000e+00
     vertex  6.793695e+01 -4.649871e+01  9.000000e+00
   endloop
 endfacet
 facet normal  0.000000e+00  0.000000e+00  1.000000e+00
   outer loop
     vertex  8.180000e+01  5.180000e+01  9.000000e+00
     vertex -8.180000e+01  5.180000e+01  9.000000e+00
     vertex -2.830848e+01  3.832261e+01  9.000000e+00
   endloop
 endfacet
 facet normal  0.000000e+00  0.000000e+00  1.000000e+00
   outer loop
     vertex  8.180000e+01  5.180000e+01  9.000000e+00
     vertex -2.830848e+01  3.832261e+01  9.000000e+00
     vertex -2.725852e+01  3.820692e+01  9.000000e+00
   endloop
 endfacet
 facet normal  0.000000e+00  0.000000e+00  1.000000e+00
   outer loop
     vertex  8.180000e+01  5.180000e+01  9.000000e+00
     vertex -2.725852e+01  3.820692e+01  9.000000e+00
     vertex -2.621214e+01  3.806246e+01  9.000000e+00
   endloop
 endfacet
 facet normal  0.000000e+00  0.000000e+00  1.000000e+00
   outer loop
     vertex -8.180000e+01 -5.180000e+01  9.000000e+00
     vertex  8.180000e+01 -5.180000e+01  9.000000e+00
     vertex  6.603459e+01 -4.797058e+01  9.000000e+00
   endloop
 endfacet
 facet normal  0.000000e+00  0.000000e+00  1.000000e+00
   outer loop
     vertex -8.180000e+01 -5.180000e+01  9.000000e+00
     vertex  6.603459e+01 -4.797058e+01  9.000000e+00
     vertex  6.599161e+01 -4.796161e+01  9.000000e+00
   endloop
 endfacet
 facet normal  0.000000e+00  0.000000e+00  1.000000e+00
   outer loop
     vertex -8.180000e+01 -5.180000e+01  9.000000e+00
     vertex  6.599161e+01 -4.796161e+01  9.000000e+00
     vertex  6.594890e+01 -4.795146e+01  9.000000e+00
   endloop
 endfacet
 facet normal  0.000000e+00  0.000000e+00  1.000000e+00
   outer loop
     vertex -8.180000e+01 -5.180000e+01  9.000000e+00
     vertex  6.594890e+01 -4.795146e+01  9.000000e+00
     vertex  6.590649e+01 -4.794015e+01  9.000000e+00
   endloop
 endfacet
 facet normal  0.000000e+00  0.000000e+00  1.000000e+00
   outer loop
     vertex -8.180000e+01 -5.180000e+01  9.000000e+00
     vertex  6.590649e+01 -4.794015e+01  9.000000e+00
     vertex  6.586440e+01 -4.792768e+01  9.000000e+00
   endloop
 endfacet
 facet normal  0.000000e+00  0.000000e+00  1.000000e+00
   outer loop
     vertex -8.180000e+01 -5.180000e+01  9.000000e+00
     vertex  6.586440e+01 -4.792768e+01  9.000000e+00
     vertex  6.582267e+01 -4.791406e+01  9.000000e+00
   endloop
 endfacet
 facet normal  0.000000e+00  0.000000e+00  1.000000e+00
   outer loop
     vertex -8.180000e+01 -5.180000e+01  9.000000e+00
     vertex  6.582267e+01 -4.791406e+01  9.000000e+00
     vertex  2.660000e+01 -3.890000e+01  9.000000e+00
   endloop
 endfacet
 facet normal  0.000000e+00  0.000000e+00  1.000000e+00
   outer loop
     vertex -8.180000e+01 -5.180000e+01  9.000000e+00
     vertex  2.660000e+01 -3.890000e+01  9.000000e+00
     vertex -2.778310e+01 -3.826837e+01  9.000000e+00
   endloop
 endfacet
 facet normal  1.955750e-16  1.028778e-16  1.000000e+00
   outer loop
     vertex  8.180000e+01 -5.180000e+01  9.000000e+00
     vertex  8.180000e+01  5.180000e+01  9.000000e+00
     vertex  7.540000e+01 -5.100000e+00  9.000000e+00
   endloop
 endfacet
 facet normal  0.000000e+00  0.000000e+00  1.000000e+00
   outer loop
     vertex  7.540000e+01 -3.890000e+01  9.000000e+00
     vertex  2.660000e+01 -3.890000e+01  9.000000e+00
     vertex  6.584349e+01 -4.487899e+01  9.000000e+00
   endloop
 endfacet
 facet normal  0.000000e+00  0.000000e+00  1.000000e+00
   outer loop
     vertex  6.584349e+01 -4.487899e+01  9.000000e+00
     vertex  2.660000e+01 -3.890000e+01  9.000000e+00
     vertex  6.580195e+01 -4.489318e+01  9.000000e+00
   endloop
 endfacet
 facet normal  0.000000e+00  0.000000e+00  1.000000e+00
   outer loop
     vertex  6.580195e+01 -4.489318e+01  9.000000e+00
     vertex  2.660000e+01 -3.890000e+01  9.000000e+00
     vertex  6.576081e+01 -4.490851e+01  9.000000e+00
   endloop
 endfacet
 facet normal  0.000000e+00  0.000000e+00  1.000000e+00
   outer loop
     vertex  6.576081e+01 -4.490851e+01  9.000000e+00
     vertex  2.660000e+01 -3.890000e+01  9.000000e+00
     vertex  6.572011e+01 -4.492496e+01  9.000000e+00
   endloop
 endfacet
 facet normal  0.000000e+00  0.000000e+00  1.000000e+00
   outer loop
     vertex  6.572011e+01 -4.492496e+01  9.000000e+00
     vertex  2.660000e+01 -3.890000e+01  9.000000e+00
     vertex  6.567988e+01 -4.494252e+01  9.000000e+00
   endloop
 endfacet
 facet normal  0.000000e+00  0.000000e+00  1.000000e+00
   outer loop
     vertex  6.567988e+01 -4.494252e+01  9.000000e+00
     vertex  2.660000e+01 -3.890000e+01  9.000000e+00
     vertex  6.564014e+01 -4.496118e+01  9.000000e+00
   endloop
 endfacet
 facet normal  0.000000e+00  0.000000e+00  1.000000e+00
   outer loop
     vertex  6.564014e+01 -4.496118e+01  9.000000e+00
     vertex  2.660000e+01 -3.890000e+01  9.000000e+00
     vertex  6.560093e+01 -4.498092e+01  9.000000e+00
   endloop
 endfacet
 facet normal  0.000000e+00  0.000000e+00  1.000000e+00
   outer loop
     vertex  6.560093e+01 -4.498092e+01  9.000000e+00
     vertex  2.660000e+01 -3.890000e+01  9.000000e+00
     vertex  6.556228e+01 -4.500173e+01  9.000000e+00
   endloop
 endfacet
 facet normal  0.000000e+00  0.000000e+00  1.000000e+00
   outer loop
     vertex  6.556228e+01 -4.500173e+01  9.000000e+00
     vertex  2.660000e+01 -3.890000e+01  9.000000e+00
     vertex  6.552421e+01 -4.502360e+01  9.000000e+00
   endloop
 endfacet
 facet normal  0.000000e+00  0.000000e+00  1.000000e+00
   outer loop
     vertex  6.552421e+01 -4.502360e+01  9.000000e+00
     vertex  2.660000e+01 -3.890000e+01  9.000000e+00
     vertex  6.548676e+01 -4.504649e+01  9.000000e+00
   endloop
 endfacet
 facet normal  0.000000e+00  0.000000e+00  1.000000e+00
   outer loop
     vertex  6.548676e+01 -4.504649e+01  9.000000e+00
     vertex  2.660000e+01 -3.890000e+01  9.000000e+00
     vertex  6.544995e+01 -4.507041e+01  9.000000e+00
   endloop
 endfacet
 facet normal  0.000000e+00  0.000000e+00  1.000000e+00
   outer loop
     vertex  6.544995e+01 -4.507041e+01  9.000000e+00
     vertex  2.660000e+01 -3.890000e+01  9.000000e+00
     vertex  6.541381e+01 -4.509533e+01  9.000000e+00
   endloop
 endfacet
 facet normal  0.000000e+00  1.000000e+00 -7.894919e-16
   outer loop
     vertex  8.180000e+01  5.180000e+01  9.000000e+00
     vertex -8.180000e+01  5.180000e+01  0.000000e+00
     vertex -8.180000e+01  5.180000e+01  9.000000e+00
   endloop
 endfacet
 facet normal  0.000000e+00  1.000000e+00 -7.894919e-16
   outer loop
     vertex  8.180000e+01  5.180000e+01  9.000000e+00
     vertex  8.180000e+01  5.180000e+01  0.000000e+00
     vertex -8.180000e+01  5.180000e+01  0.000000e+00
   endloop
 endfacet
 facet normal  1.000000e+00 -0.000000e+00  0.000000e+00
   outer loop
     vertex  8.180000e+01 -5.180000e+01  1.154632e-14
     vertex  8.180000e+01  5.180000e+01  0.000000e+00
     vertex  8.180000e+01  5.180000e+01  9.000000e+00
   endloop
 endfacet
 facet normal  1.000000e+00  0.000000e+00  0.000000e+00
   outer loop
     vertex  8.180000e+01 -5.180000e+01  1.154632e-14
     vertex  8.180000e+01  5.180000e+01  9.000000e+00
     vertex  8.180000e+01 -5.180000e+01  9.000000e+00
   endloop
 endfacet
 facet normal -1.371831e-02  9.999059e-01  0.000000e+00
   outer loop
     vertex -3.094379e+01 -3.848551e+01  9.000000e+00
     vertex -3.200000e+01 -3.850000e+01  1.021405e-14
     vertex -3.200000e+01 -3.850000e+01  9.000000e+00
   endloop
 endfacet
 facet normal -1.371831e-02  9.999059e-01  0.000000e+00
   outer loop
     vertex -3.094379e+01 -3.848551e+01  9.000000e+00
     vertex -3.094379e+01 -3.848551e+01  1.021405e-14
     vertex -3.200000e+01 -3.850000e+01  1.021405e-14
   endloop
 endfacet
 facet normal -4.114462e-02  9.991532e-01  0.000000e+00
   outer loop
     vertex -3.094379e+01 -3.848551e+01  9.000000e+00
     vertex -2.988837e+01 -3.844205e+01  1.021405e-14
     vertex -3.094379e+01 -3.848551e+01  1.021405e-14
   endloop
 endfacet
 facet normal -4.114462e-02  9.991532e-01  0.000000e+00
   outer loop
     vertex -2.988837e+01 -3.844205e+01  9.000000e+00
     vertex -2.988837e+01 -3.844205e+01  1.021405e-14
     vertex -3.094379e+01 -3.848551e+01  9.000000e+00
   endloop
 endfacet
 facet normal -6.853995e-02  9.976484e-01  0.000000e+00
   outer loop
     vertex -2.883455e+01 -3.836965e+01  9.000000e+00
     vertex -2.883455e+01 -3.836965e+01  1.021405e-14
     vertex -2.988837e+01 -3.844205e+01  1.021405e-14
   endloop
 endfacet
 facet normal -6.853995e-02  9.976484e-01  0.000000e+00
   outer loop
     vertex -2.883455e+01 -3.836965e+01  9.000000e+00
     vertex -2.988837e+01 -3.844205e+01  1.021405e-14
     vertex -2.988837e+01 -3.844205e+01  9.000000e+00
   endloop
 endfacet
 facet normal -9.588368e-02  9.953925e-01  0.000000e+00
   outer loop
     vertex -2.778310e+01 -3.826837e+01  9.000000e+00
     vertex -2.778310e+01 -3.826837e+01  1.021405e-14
     vertex -2.883455e+01 -3.836965e+01  1.021405e-14
   endloop
 endfacet
 facet normal -9.588368e-02  9.953925e-01  0.000000e+00
   outer loop
     vertex -2.778310e+01 -3.826837e+01  9.000000e+00
     vertex -2.883455e+01 -3.836965e+01  1.021405e-14
     vertex -2.883455e+01 -3.836965e+01  9.000000e+00
   endloop
 endfacet
 facet normal -1.231552e-01  9.923874e-01  0.000000e+00
   outer loop
     vertex -2.673483e+01 -3.813828e+01  9.000000e+00
     vertex -2.673483e+01 -3.813828e+01  1.021405e-14
     vertex -2.778310e+01 -3.826837e+01  1.021405e-14
   endloop
 endfacet
 facet normal -1.503341e-01  9.886353e-01  0.000000e+00
   outer loop
     vertex -2.673483e+01 -3.813828e+01  9.000000e+00
     vertex -2.569053e+01 -3.797948e+01  9.769963e-15
     vertex -2.673483e+01 -3.813828e+01  1.021405e-14
   endloop
 endfacet
 facet normal -1.231552e-01  9.923874e-01  0.000000e+00
   outer loop
     vertex -2.673483e+01 -3.813828e+01  9.000000e+00
     vertex -2.778310e+01 -3.826837e+01  1.021405e-14
     vertex -2.778310e+01 -3.826837e+01  9.000000e+00
   endloop
 endfacet
 facet normal -1.503341e-01  9.886353e-01  0.000000e+00
   outer loop
     vertex -2.569053e+01 -3.797948e+01  9.000000e+00
     vertex -2.569053e+01 -3.797948e+01  9.769963e-15
     vertex -2.673483e+01 -3.813828e+01  9.000000e+00
   endloop
 endfacet
 facet normal -1.773998e-01  9.841389e-01  0.000000e+00
   outer loop
     vertex -2.465097e+01 -3.779209e+01  9.000000e+00
     vertex -2.465097e+01 -3.779209e+01  9.769963e-15
     vertex -2.569053e+01 -3.797948e+01  9.769963e-15
   endloop
 endfacet
 facet normal -1.773998e-01  9.841389e-01  0.000000e+00
   outer loop
     vertex -2.465097e+01 -3.779209e+01  9.000000e+00
     vertex -2.569053e+01 -3.797948e+01  9.769963e-15
     vertex -2.569053e+01 -3.797948e+01  9.000000e+00
   endloop
 endfacet
 facet normal -2.043319e-01  9.789017e-01  0.000000e+00
   outer loop
     vertex -2.361695e+01 -3.757625e+01  9.000000e+00
     vertex -2.361695e+01 -3.757625e+01  9.769963e-15
     vertex -2.465097e+01 -3.779209e+01  9.769963e-15
   endloop
 endfacet
 facet normal -2.311102e-01  9.729276e-01  0.000000e+00
   outer loop
     vertex -2.361695e+01 -3.757625e+01  9.000000e+00
     vertex -2.258924e+01 -3.733212e+01  9.769963e-15
     vertex -2.361695e+01 -3.757625e+01  9.769963e-15
   endloop
 endfacet
 facet normal -2.043319e-01  9.789017e-01  0.000000e+00
   outer loop
     vertex -2.361695e+01 -3.757625e+01  9.000000e+00
     vertex -2.465097e+01 -3.779209e+01  9.769963e-15
     vertex -2.465097e+01 -3.779209e+01  9.000000e+00
   endloop
 endfacet
 facet normal -2.311102e-01  9.729276e-01  0.000000e+00
   outer loop
     vertex -2.258924e+01 -3.733212e+01  9.000000e+00
     vertex -2.258924e+01 -3.733212e+01  9.769963e-15
     vertex -2.361695e+01 -3.757625e+01  9.000000e+00
   endloop
 endfacet
 facet normal -2.577146e-01  9.662211e-01  0.000000e+00
   outer loop
     vertex -2.156861e+01 -3.705990e+01  9.000000e+00
     vertex -2.156861e+01 -3.705990e+01  9.769963e-15
     vertex -2.258924e+01 -3.733212e+01  9.769963e-15
   endloop
 endfacet
 facet normal -2.577146e-01  9.662211e-01  0.000000e+00
   outer loop
     vertex -2.156861e+01 -3.705990e+01  9.000000e+00
     vertex -2.258924e+01 -3.733212e+01  9.769963e-15
     vertex -2.258924e+01 -3.733212e+01  9.000000e+00
   endloop
 endfacet
 facet normal -2.841250e-01  9.587873e-01  0.000000e+00
   outer loop
     vertex -2.055583e+01 -3.675977e+01  9.000000e+00
     vertex -2.156861e+01 -3.705990e+01  9.769963e-15
     vertex -2.156861e+01 -3.705990e+01  9.000000e+00
   endloop
 endfacet
 facet normal -2.841250e-01  9.587873e-01  0.000000e+00
   outer loop
     vertex -2.055583e+01 -3.675977e+01  9.000000e+00
     vertex -2.055583e+01 -3.675977e+01  9.769963e-15
     vertex -2.156861e+01 -3.705990e+01  9.769963e-15
   endloop
 endfacet
 facet normal -3.103214e-01  9.506317e-01  0.000000e+00
   outer loop
     vertex -1.955167e+01 -3.643198e+01  9.000000e+00
     vertex -2.055583e+01 -3.675977e+01  9.769963e-15
     vertex -2.055583e+01 -3.675977e+01  9.000000e+00
   endloop
 endfacet
 facet normal -3.103214e-01  9.506317e-01  0.000000e+00
   outer loop
     vertex -1.955167e+01 -3.643198e+01  9.000000e+00
     vertex -1.955167e+01 -3.643198e+01  9.769963e-15
     vertex -2.055583e+01 -3.675977e+01  9.769963e-15
   endloop
 endfacet
 facet normal -3.362843e-01  9.417605e-01  0.000000e+00
   outer loop
     vertex -1.955167e+01 -3.643198e+01  9.000000e+00
     vertex -1.855688e+01 -3.607676e+01  9.769963e-15
     vertex -1.955167e+01 -3.643198e+01  9.769963e-15
   endloop
 endfacet
 facet normal -3.362843e-01  9.417605e-01  0.000000e+00
   outer loop
     vertex -1.855688e+01 -3.607676e+01  9.000000e+00
     vertex -1.855688e+01 -3.607676e+01  9.769963e-15
     vertex -1.955167e+01 -3.643198e+01  9.000000e+00
   endloop
 endfacet
 facet normal -3.619940e-01  9.321804e-01  0.000000e+00
   outer loop
     vertex -1.757221e+01 -3.569438e+01  9.000000e+00
     vertex -1.855688e+01 -3.607676e+01  9.769963e-15
     vertex -1.855688e+01 -3.607676e+01  9.000000e+00
   endloop
 endfacet
 facet normal -3.619940e-01  9.321804e-01  0.000000e+00
   outer loop
     vertex -1.757221e+01 -3.569438e+01  9.000000e+00
     vertex -1.757221e+01 -3.569438e+01  9.769963e-15
     vertex -1.855688e+01 -3.607676e+01  9.769963e-15
   endloop
 endfacet
 facet normal -3.874313e-01  9.218986e-01  0.000000e+00
   outer loop
     vertex -1.757221e+01 -3.569438e+01  9.000000e+00
     vertex -1.659839e+01 -3.528513e+01  9.769963e-15
     vertex -1.757221e+01 -3.569438e+01  9.769963e-15
   endloop
 endfacet
 facet normal -3.874313e-01  9.218986e-01  0.000000e+00
   outer loop
     vertex -1.659839e+01 -3.528513e+01  9.000000e+00
     vertex -1.659839e+01 -3.528513e+01  9.769963e-15
     vertex -1.757221e+01 -3.569438e+01  9.000000e+00
   endloop
 endfacet
 facet normal -4.125769e-01  9.109228e-01  0.000000e+00
   outer loop
     vertex -1.563618e+01 -3.484932e+01  9.000000e+00
     vertex -1.659839e+01 -3.528513e+01  9.769963e-15
     vertex -1.659839e+01 -3.528513e+01  9.000000e+00
   endloop
 endfacet
 facet normal -4.125769e-01  9.109228e-01  0.000000e+00
   outer loop
     vertex -1.563618e+01 -3.484932e+01  9.000000e+00
     vertex -1.563618e+01 -3.484932e+01  9.769963e-15
     vertex -1.659839e+01 -3.528513e+01  9.769963e-15
   endloop
 endfacet
 facet normal -4.374119e-01  8.992613e-01  0.000000e+00
   outer loop
     vertex -1.468628e+01 -3.438728e+01  9.000000e+00
     vertex -1.563618e+01 -3.484932e+01  9.769963e-15
     vertex -1.563618e+01 -3.484932e+01  9.000000e+00
   endloop
 endfacet
 facet normal -4.374119e-01  8.992613e-01  0.000000e+00
   outer loop
     vertex -1.468628e+01 -3.438728e+01  9.000000e+00
     vertex -1.468628e+01 -3.438728e+01  9.769963e-15
     vertex -1.563618e+01 -3.484932e+01  9.769963e-15
   endloop
 endfacet
 facet normal -4.619176e-01  8.869228e-01  0.000000e+00
   outer loop
     vertex -1.374941e+01 -3.389935e+01  9.000000e+00
     vertex -1.468628e+01 -3.438728e+01  9.769963e-15
     vertex -1.468628e+01 -3.438728e+01  9.000000e+00
   endloop
 endfacet
 facet normal -4.619176e-01  8.869228e-01  0.000000e+00
   outer loop
     vertex -1.374941e+01 -3.389935e+01  9.000000e+00
     vertex -1.374941e+01 -3.389935e+01  9.325873e-15
     vertex -1.468628e+01 -3.438728e+01  9.769963e-15
   endloop
 endfacet
 facet normal -4.860756e-01  8.739167e-01  0.000000e+00
   outer loop
     vertex -1.282629e+01 -3.338591e+01  9.000000e+00
     vertex -1.374941e+01 -3.389935e+01  9.325873e-15
     vertex -1.374941e+01 -3.389935e+01  9.000000e+00
   endloop
 endfacet
 facet normal -4.860756e-01  8.739167e-01  0.000000e+00
   outer loop
     vertex -1.282629e+01 -3.338591e+01  9.000000e+00
     vertex -1.282629e+01 -3.338591e+01  9.325873e-15
     vertex -1.374941e+01 -3.389935e+01  9.325873e-15
   endloop
 endfacet
 facet normal -5.098678e-01  8.602528e-01  0.000000e+00
   outer loop
     vertex -1.191759e+01 -3.284733e+01  9.000000e+00
     vertex -1.282629e+01 -3.338591e+01  9.325873e-15
     vertex -1.282629e+01 -3.338591e+01  9.000000e+00
   endloop
 endfacet
 facet normal -5.098678e-01  8.602528e-01  0.000000e+00
   outer loop
     vertex -1.191759e+01 -3.284733e+01  9.000000e+00
     vertex -1.191759e+01 -3.284733e+01  9.325873e-15
     vertex -1.282629e+01 -3.338591e+01  9.325873e-15
   endloop
 endfacet
 facet normal -5.332761e-01  8.459413e-01  0.000000e+00
   outer loop
     vertex -1.191759e+01 -3.284733e+01  9.000000e+00
     vertex -1.102401e+01 -3.228402e+01  9.325873e-15
     vertex -1.191759e+01 -3.284733e+01  9.325873e-15
   endloop
 endfacet
 facet normal -5.332761e-01  8.459413e-01  0.000000e+00
   outer loop
     vertex -1.102401e+01 -3.228402e+01  9.000000e+00
     vertex -1.102401e+01 -3.228402e+01  9.325873e-15
     vertex -1.191759e+01 -3.284733e+01  9.000000e+00
   endloop
 endfacet
 facet normal -5.562829e-01  8.309929e-01  0.000000e+00
   outer loop
     vertex -1.014623e+01 -3.169641e+01  9.000000e+00
     vertex -1.102401e+01 -3.228402e+01  9.325873e-15
     vertex -1.102401e+01 -3.228402e+01  9.000000e+00
   endloop
 endfacet
 facet normal -5.562829e-01  8.309929e-01  0.000000e+00
   outer loop
     vertex -1.014623e+01 -3.169641e+01  9.000000e+00
     vertex -1.014623e+01 -3.169641e+01  9.325873e-15
     vertex -1.102401e+01 -3.228402e+01  9.325873e-15
   endloop
 endfacet
 facet normal -5.788711e-01  8.154191e-01  0.000000e+00
   outer loop
     vertex -9.284893e+00 -3.108495e+01  9.000000e+00
     vertex -9.284893e+00 -3.108495e+01  9.325873e-15
     vertex -1.014623e+01 -3.169641e+01  9.325873e-15
   endloop
 endfacet
 facet normal -5.788711e-01  8.154191e-01  0.000000e+00
   outer loop
     vertex -9.284893e+00 -3.108495e+01  9.000000e+00
     vertex -1.014623e+01 -3.169641e+01  9.325873e-15
     vertex -1.014623e+01 -3.169641e+01  9.000000e+00
   endloop
 endfacet
 facet normal -6.010234e-01  7.992314e-01  0.000000e+00
   outer loop
     vertex -8.440657e+00 -3.045008e+01  9.000000e+00
     vertex -9.284893e+00 -3.108495e+01  9.325873e-15
     vertex -9.284893e+00 -3.108495e+01  9.000000e+00
   endloop
 endfacet
 facet normal -6.010234e-01  7.992314e-01  0.000000e+00
   outer loop
     vertex -8.440657e+00 -3.045008e+01  9.000000e+00
     vertex -8.440657e+00 -3.045008e+01  9.325873e-15
     vertex -9.284893e+00 -3.108495e+01  9.325873e-15
   endloop
 endfacet
 facet normal -6.227234e-01  7.824421e-01  0.000000e+00
   outer loop
     vertex -8.440657e+00 -3.045008e+01  9.000000e+00
     vertex -7.614155e+00 -2.979229e+01  8.881784e-15
     vertex -8.440657e+00 -3.045008e+01  9.325873e-15
   endloop
 endfacet
 facet normal -6.439545e-01  7.650637e-01  0.000000e+00
   outer loop
     vertex -7.614155e+00 -2.979229e+01  9.000000e+00
     vertex -6.806011e+00 -2.911207e+01  8.881784e-15
     vertex -7.614155e+00 -2.979229e+01  8.881784e-15
   endloop
 endfacet
 facet normal -6.227234e-01  7.824421e-01  0.000000e+00
   outer loop
     vertex -7.614155e+00 -2.979229e+01  9.000000e+00
     vertex -7.614155e+00 -2.979229e+01  8.881784e-15
     vertex -8.440657e+00 -3.045008e+01  9.000000e+00
   endloop
 endfacet
 facet normal -6.647010e-01  7.471095e-01  0.000000e+00
   outer loop
     vertex -6.806011e+00 -2.911207e+01  9.000000e+00
     vertex -6.016831e+00 -2.840994e+01  8.881784e-15
     vertex -6.806011e+00 -2.911207e+01  8.881784e-15
   endloop
 endfacet
 facet normal -6.439545e-01  7.650637e-01  0.000000e+00
   outer loop
     vertex -6.806011e+00 -2.911207e+01  9.000000e+00
     vertex -6.806011e+00 -2.911207e+01  8.881784e-15
     vertex -7.614155e+00 -2.979229e+01  9.000000e+00
   endloop
 endfacet
 facet normal -6.647010e-01  7.471095e-01  0.000000e+00
   outer loop
     vertex -6.016831e+00 -2.840994e+01  9.000000e+00
     vertex -6.016831e+00 -2.840994e+01  8.881784e-15
     vertex -6.806011e+00 -2.911207e+01  9.000000e+00
   endloop
 endfacet
 facet normal -6.849470e-01  7.285929e-01  0.000000e+00
   outer loop
     vertex -5.247211e+00 -2.768643e+01  9.000000e+00
     vertex -5.247211e+00 -2.768643e+01  8.881784e-15
     vertex -6.016831e+00 -2.840994e+01  8.881784e-15
   endloop
 endfacet
 facet normal -6.849470e-01  7.285929e-01  0.000000e+00
   outer loop
     vertex -5.247211e+00 -2.768643e+01  9.000000e+00
     vertex -6.016831e+00 -2.840994e+01  8.881784e-15
     vertex -6.016831e+00 -2.840994e+01  9.000000e+00
   endloop
 endfacet
 facet normal -7.046775e-01  7.095278e-01  0.000000e+00
   outer loop
     vertex -4.497730e+00 -2.694207e+01  9.000000e+00
     vertex -4.497730e+00 -2.694207e+01  8.881784e-15
     vertex -5.247211e+00 -2.768643e+01  8.881784e-15
   endloop
 endfacet
 facet normal -7.238775e-01  6.899286e-01  0.000000e+00
   outer loop
     vertex -4.497730e+00 -2.694207e+01  9.000000e+00
     vertex -3.768951e+00 -2.617743e+01  8.881784e-15
     vertex -4.497730e+00 -2.694207e+01  8.881784e-15
   endloop
 endfacet
 facet normal -7.046775e-01  7.095278e-01  0.000000e+00
   outer loop
     vertex -4.497730e+00 -2.694207e+01  9.000000e+00
     vertex -5.247211e+00 -2.768643e+01  8.881784e-15
     vertex -5.247211e+00 -2.768643e+01  9.000000e+00
   endloop
 endfacet
 facet normal -7.238775e-01  6.899286e-01  0.000000e+00
   outer loop
     vertex -3.768951e+00 -2.617743e+01  9.000000e+00
     vertex -3.768951e+00 -2.617743e+01  8.881784e-15
     vertex -4.497730e+00 -2.694207e+01  9.000000e+00
   endloop
 endfacet
 facet normal -7.425325e-01  6.698100e-01  0.000000e+00
   outer loop
     vertex -3.061424e+00 -2.539309e+01  9.000000e+00
     vertex -3.061424e+00 -2.539309e+01  8.437695e-15
     vertex -3.768951e+00 -2.617743e+01  8.881784e-15
   endloop
 endfacet
 facet normal -7.606287e-01  6.491872e-01  0.000000e+00
   outer loop
     vertex -3.061424e+00 -2.539309e+01  9.000000e+00
     vertex -2.375681e+00 -2.458963e+01  8.437695e-15
     vertex -3.061424e+00 -2.539309e+01  8.437695e-15
   endloop
 endfacet
 facet normal -7.425325e-01  6.698100e-01  0.000000e+00
   outer loop
     vertex -3.061424e+00 -2.539309e+01  9.000000e+00
     vertex -3.768951e+00 -2.617743e+01  8.881784e-15
     vertex -3.768951e+00 -2.617743e+01  9.000000e+00
   endloop
 endfacet
 facet normal -7.606287e-01  6.491872e-01  0.000000e+00
   outer loop
     vertex -2.375681e+00 -2.458963e+01  9.000000e+00
     vertex -2.375681e+00 -2.458963e+01  8.437695e-15
     vertex -3.061424e+00 -2.539309e+01  9.000000e+00
   endloop
 endfacet
 facet normal -7.781522e-01  6.280757e-01  0.000000e+00
   outer loop
     vertex -1.712238e+00 -2.376766e+01  9.000000e+00
     vertex -1.712238e+00 -2.376766e+01  8.437695e-15
     vertex -2.375681e+00 -2.458963e+01  8.437695e-15
   endloop
 endfacet
 facet normal -7.950900e-01  6.064915e-01  0.000000e+00
   outer loop
     vertex -1.712238e+00 -2.376766e+01  9.000000e+00
     vertex -1.071595e+00 -2.292779e+01  8.437695e-15
     vertex -1.712238e+00 -2.376766e+01  8.437695e-15
   endloop
 endfacet
 facet normal -7.781522e-01  6.280757e-01  0.000000e+00
   outer loop
     vertex -1.712238e+00 -2.376766e+01  9.000000e+00
     vertex -2.375681e+00 -2.458963e+01  8.437695e-15
     vertex -2.375681e+00 -2.458963e+01  9.000000e+00
   endloop
 endfacet
 facet normal -7.950900e-01  6.064915e-01  0.000000e+00
   outer loop
     vertex -1.071595e+00 -2.292779e+01  9.000000e+00
     vertex -1.071595e+00 -2.292779e+01  8.437695e-15
     vertex -1.712238e+00 -2.376766e+01  9.000000e+00
   endloop
 endfacet
 facet normal -8.114292e-01  5.844507e-01  0.000000e+00
   outer loop
     vertex -4.542334e-01 -2.207067e+01  9.000000e+00
     vertex -4.542334e-01 -2.207067e+01  8.437695e-15
     vertex -1.071595e+00 -2.292779e+01  8.437695e-15
   endloop
 endfacet
 facet normal -8.114292e-01  5.844507e-01  0.000000e+00
   outer loop
     vertex -4.542334e-01 -2.207067e+01  9.000000e+00
     vertex -1.071595e+00 -2.292779e+01  8.437695e-15
     vertex -1.071595e+00 -2.292779e+01  9.000000e+00
   endloop
 endfacet
 facet normal -8.271577e-01  5.619699e-01  0.000000e+00
   outer loop
     vertex  1.393812e-01 -2.119694e+01  9.000000e+00
     vertex -4.542334e-01 -2.207067e+01  8.437695e-15
     vertex -4.542334e-01 -2.207067e+01  9.000000e+00
   endloop
 endfacet
 facet normal -8.271577e-01  5.619699e-01  0.000000e+00
   outer loop
     vertex  1.393812e-01 -2.119694e+01  9.000000e+00
     vertex  1.393812e-01 -2.119694e+01  7.993606e-15
     vertex -4.542334e-01 -2.207067e+01  8.437695e-15
   endloop
 endfacet
 facet normal -8.422635e-01  5.390661e-01  0.000000e+00
   outer loop
     vertex  1.393812e-01 -2.119694e+01  9.000000e+00
     vertex  7.088022e-01 -2.030725e+01  7.993606e-15
     vertex  1.393812e-01 -2.119694e+01  7.993606e-15
   endloop
 endfacet
 facet normal -8.422635e-01  5.390661e-01  0.000000e+00
   outer loop
     vertex  7.088022e-01 -2.030725e+01  9.000000e+00
     vertex  7.088022e-01 -2.030725e+01  7.993606e-15
     vertex  1.393812e-01 -2.119694e+01  9.000000e+00
   endloop
 endfacet
 facet normal -8.567352e-01  5.157565e-01  0.000000e+00
   outer loop
     vertex  1.253601e+00 -1.940227e+01  9.000000e+00
     vertex  7.088022e-01 -2.030725e+01  7.993606e-15
     vertex  7.088022e-01 -2.030725e+01  9.000000e+00
   endloop
 endfacet
 facet normal -8.567352e-01  5.157565e-01  0.000000e+00
   outer loop
     vertex  1.253601e+00 -1.940227e+01  9.000000e+00
     vertex  1.253601e+00 -1.940227e+01  7.993606e-15
     vertex  7.088022e-01 -2.030725e+01  7.993606e-15
   endloop
 endfacet
 facet normal -8.705620e-01  4.920587e-01  0.000000e+00
   outer loop
     vertex  1.773368e+00 -1.848268e+01  9.000000e+00
     vertex  1.253601e+00 -1.940227e+01  7.993606e-15
     vertex  1.253601e+00 -1.940227e+01  9.000000e+00
   endloop
 endfacet
 facet normal -8.705620e-01  4.920587e-01  0.000000e+00
   outer loop
     vertex  1.773368e+00 -1.848268e+01  9.000000e+00
     vertex  1.773368e+00 -1.848268e+01  7.993606e-15
     vertex  1.253601e+00 -1.940227e+01  7.993606e-15
   endloop
 endfacet
 facet normal -8.837335e-01  4.679904e-01  0.000000e+00
   outer loop
     vertex  1.773368e+00 -1.848268e+01  9.000000e+00
     vertex  2.267711e+00 -1.754919e+01  7.549517e-15
     vertex  1.773368e+00 -1.848268e+01  7.993606e-15
   endloop
 endfacet
 facet normal -8.837335e-01  4.679904e-01  0.000000e+00
   outer loop
     vertex  2.267711e+00 -1.754919e+01  9.000000e+00
     vertex  2.267711e+00 -1.754919e+01  7.549517e-15
     vertex  1.773368e+00 -1.848268e+01  9.000000e+00
   endloop
 endfacet
 facet normal -8.962398e-01  4.435699e-01  0.000000e+00
   outer loop
     vertex  2.736258e+00 -1.660248e+01  9.000000e+00
     vertex  2.267711e+00 -1.754919e+01  7.549517e-15
     vertex  2.267711e+00 -1.754919e+01  9.000000e+00
   endloop
 endfacet
 facet normal -8.962398e-01  4.435699e-01  0.000000e+00
   outer loop
     vertex  2.736258e+00 -1.660248e+01  9.000000e+00
     vertex  2.736258e+00 -1.660248e+01  7.549517e-15
     vertex  2.267711e+00 -1.754919e+01  7.549517e-15
   endloop
 endfacet
 facet normal -9.080714e-01  4.188155e-01  0.000000e+00
   outer loop
     vertex  2.736258e+00 -1.660248e+01  9.000000e+00
     vertex  3.178657e+00 -1.564328e+01  7.549517e-15
     vertex  2.736258e+00 -1.660248e+01  7.549517e-15
   endloop
 endfacet
 facet normal -9.080714e-01  4.188155e-01  0.000000e+00
   outer loop
     vertex  3.178657e+00 -1.564328e+01  9.000000e+00
     vertex  3.178657e+00 -1.564328e+01  7.549517e-15
     vertex  2.736258e+00 -1.660248e+01  9.000000e+00
   endloop
 endfacet
 facet normal -9.192194e-01  3.937458e-01  0.000000e+00
   outer loop
     vertex  3.594575e+00 -1.467229e+01  9.000000e+00
     vertex  3.178657e+00 -1.564328e+01  7.549517e-15
     vertex  3.178657e+00 -1.564328e+01  9.000000e+00
   endloop
 endfacet
 facet normal -9.192194e-01  3.937458e-01  0.000000e+00
   outer loop
     vertex  3.594575e+00 -1.467229e+01  9.000000e+00
     vertex  3.594575e+00 -1.467229e+01  7.549517e-15
     vertex  3.178657e+00 -1.564328e+01  7.549517e-15
   endloop
 endfacet
 facet normal -9.296754e-01  3.683796e-01  0.000000e+00
   outer loop
     vertex  3.983698e+00 -1.369027e+01  9.000000e+00
     vertex  3.594575e+00 -1.467229e+01  7.549517e-15
     vertex  3.594575e+00 -1.467229e+01  9.000000e+00
   endloop
 endfacet
 facet normal -9.296754e-01  3.683796e-01  0.000000e+00
   outer loop
     vertex  3.983698e+00 -1.369027e+01  9.000000e+00
     vertex  3.983698e+00 -1.369027e+01  7.105427e-15
     vertex  3.594575e+00 -1.467229e+01  7.549517e-15
   endloop
 endfacet
 facet normal -9.394317e-01  3.427362e-01  0.000000e+00
   outer loop
     vertex  3.983698e+00 -1.369027e+01  9.000000e+00
     vertex  4.345734e+00 -1.269794e+01  7.105427e-15
     vertex  3.983698e+00 -1.369027e+01  7.105427e-15
   endloop
 endfacet
 facet normal -9.394317e-01  3.427362e-01  0.000000e+00
   outer loop
     vertex  4.345734e+00 -1.269794e+01  9.000000e+00
     vertex  4.345734e+00 -1.269794e+01  7.105427e-15
     vertex  3.983698e+00 -1.369027e+01  9.000000e+00
   endloop
 endfacet
 facet normal -9.484807e-01  3.168348e-01  0.000000e+00
   outer loop
     vertex  4.345734e+00 -1.269794e+01  9.000000e+00
     vertex  4.680410e+00 -1.169605e+01  7.105427e-15
     vertex  4.345734e+00 -1.269794e+01  7.105427e-15
   endloop
 endfacet
 facet normal -9.484807e-01  3.168348e-01  0.000000e+00
   outer loop
     vertex  4.680410e+00 -1.169605e+01  9.000000e+00
     vertex  4.680410e+00 -1.169605e+01  7.105427e-15
     vertex  4.345734e+00 -1.269794e+01  9.000000e+00
   endloop
 endfacet
 facet normal -9.568158e-01  2.906949e-01  0.000000e+00
   outer loop
     vertex  4.680410e+00 -1.169605e+01  9.000000e+00
     vertex  4.987474e+00 -1.068535e+01  7.105427e-15
     vertex  4.680410e+00 -1.169605e+01  7.105427e-15
   endloop
 endfacet
 facet normal -9.568158e-01  2.906949e-01  0.000000e+00
   outer loop
     vertex  4.987474e+00 -1.068535e+01  9.000000e+00
     vertex  4.987474e+00 -1.068535e+01  7.105427e-15
     vertex  4.680410e+00 -1.169605e+01  9.000000e+00
   endloop
 endfacet
 facet normal -9.644306e-01  2.643362e-01  0.000000e+00
   outer loop
     vertex  4.987474e+00 -1.068535e+01  9.000000e+00
     vertex  5.266695e+00 -9.666615e+00  6.661338e-15
     vertex  4.987474e+00 -1.068535e+01  7.105427e-15
   endloop
 endfacet
 facet normal -9.644306e-01  2.643362e-01  0.000000e+00
   outer loop
     vertex  5.266695e+00 -9.666615e+00  9.000000e+00
     vertex  5.266695e+00 -9.666615e+00  6.661338e-15
     vertex  4.987474e+00 -1.068535e+01  9.000000e+00
   endloop
 endfacet
 facet normal -9.713194e-01  2.377784e-01  0.000000e+00
   outer loop
     vertex  5.517863e+00 -8.640601e+00  9.000000e+00
     vertex  5.266695e+00 -9.666615e+00  6.661338e-15
     vertex  5.266695e+00 -9.666615e+00  9.000000e+00
   endloop
 endfacet
 facet normal -9.713194e-01  2.377784e-01  0.000000e+00
   outer loop
     vertex  5.517863e+00 -8.640601e+00  9.000000e+00
     vertex  5.517863e+00 -8.640601e+00  6.661338e-15
     vertex  5.266695e+00 -9.666615e+00  6.661338e-15
   endloop
 endfacet
 facet normal -9.774771e-01  2.110417e-01  0.000000e+00
   outer loop
     vertex  5.740788e+00 -7.608082e+00  9.000000e+00
     vertex  5.517863e+00 -8.640601e+00  6.661338e-15
     vertex  5.517863e+00 -8.640601e+00  9.000000e+00
   endloop
 endfacet
 facet normal -9.774771e-01  2.110417e-01  0.000000e+00
   outer loop
     vertex  5.740788e+00 -7.608082e+00  9.000000e+00
     vertex  5.740788e+00 -7.608082e+00  6.661338e-15
     vertex  5.517863e+00 -8.640601e+00  6.661338e-15
   endloop
 endfacet
 facet normal -9.828989e-01  1.841461e-01  0.000000e+00
   outer loop
     vertex  5.740788e+00 -7.608082e+00  9.000000e+00
     vertex  5.935304e+00 -6.569836e+00  6.661338e-15
     vertex  5.740788e+00 -7.608082e+00  6.661338e-15
   endloop
 endfacet
 facet normal -9.828989e-01  1.841461e-01  0.000000e+00
   outer loop
     vertex  5.935304e+00 -6.569836e+00  9.000000e+00
     vertex  5.935304e+00 -6.569836e+00  6.661338e-15
     vertex  5.740788e+00 -7.608082e+00  9.000000e+00
   endloop
 endfacet
 facet normal -9.875808e-01  1.571119e-01  0.000000e+00
   outer loop
     vertex  6.101263e+00 -5.526644e+00  9.000000e+00
     vertex  5.935304e+00 -6.569836e+00  6.661338e-15
     vertex  5.935304e+00 -6.569836e+00  9.000000e+00
   endloop
 endfacet
 facet normal -9.875808e-01  1.571119e-01  0.000000e+00
   outer loop
     vertex  6.101263e+00 -5.526644e+00  9.000000e+00
     vertex  6.101263e+00 -5.526644e+00  6.217249e-15
     vertex  5.935304e+00 -6.569836e+00  6.661338e-15
   endloop
 endfacet
 facet normal -9.915193e-01  1.299594e-01  0.000000e+00
   outer loop
     vertex  6.238540e+00 -4.479292e+00  9.000000e+00
     vertex  6.101263e+00 -5.526644e+00  6.217249e-15
     vertex  6.101263e+00 -5.526644e+00  9.000000e+00
   endloop
 endfacet
 facet normal -9.915193e-01  1.299594e-01  0.000000e+00
   outer loop
     vertex  6.238540e+00 -4.479292e+00  9.000000e+00
     vertex  6.238540e+00 -4.479292e+00  6.217249e-15
     vertex  6.101263e+00 -5.526644e+00  6.217249e-15
   endloop
 endfacet
 facet normal -9.947114e-01  1.027091e-01  0.000000e+00
   outer loop
     vertex  6.238540e+00 -4.479292e+00  9.000000e+00
     vertex  6.347033e+00 -3.428568e+00  6.217249e-15
     vertex  6.238540e+00 -4.479292e+00  6.217249e-15
   endloop
 endfacet
 facet normal -9.947114e-01  1.027091e-01  0.000000e+00
   outer loop
     vertex  6.347033e+00 -3.428568e+00  9.000000e+00
     vertex  6.347033e+00 -3.428568e+00  6.217249e-15
     vertex  6.238540e+00 -4.479292e+00  9.000000e+00
   endloop
 endfacet
 facet normal -9.971548e-01  7.538152e-02  0.000000e+00
   outer loop
     vertex  6.426659e+00 -2.375263e+00  9.000000e+00
     vertex  6.347033e+00 -3.428568e+00  6.217249e-15
     vertex  6.347033e+00 -3.428568e+00  9.000000e+00
   endloop
 endfacet
 facet normal -9.971548e-01  7.538152e-02  0.000000e+00
   outer loop
     vertex  6.426659e+00 -2.375263e+00  9.000000e+00
     vertex  6.426659e+00 -2.375263e+00  6.217249e-15
     vertex  6.347033e+00 -3.428568e+00  6.217249e-15
   endloop
 endfacet
 facet normal -9.988475e-01  4.799716e-02  0.000000e+00
   outer loop
     vertex  6.477359e+00 -1.320170e+00  9.000000e+00
     vertex  6.477359e+00 -1.320170e+00  5.773160e-15
     vertex  6.426659e+00 -2.375263e+00  6.217249e-15
   endloop
 endfacet
 facet normal -9.988475e-01  4.799716e-02  0.000000e+00
   outer loop
     vertex  6.477359e+00 -1.320170e+00  9.000000e+00
     vertex  6.426659e+00 -2.375263e+00  6.217249e-15
     vertex  6.426659e+00 -2.375263e+00  9.000000e+00
   endloop
 endfacet
 facet normal -9.997883e-01  2.057667e-02  0.000000e+00
   outer loop
     vertex  6.477359e+00 -1.320170e+00  9.000000e+00
     vertex  6.499094e+00 -2.640838e-01  5.773160e-15
     vertex  6.477359e+00 -1.320170e+00  5.773160e-15
   endloop
 endfacet
 facet normal -9.997883e-01  2.057667e-02  0.000000e+00
   outer loop
     vertex  6.499094e+00 -2.640838e-01  9.000000e+00
     vertex  6.499094e+00 -2.640838e-01  5.773160e-15
     vertex  6.477359e+00 -1.320170e+00  9.000000e+00
   endloop
 endfacet
 facet normal -9.999765e-01 -6.859319e-03 -0.000000e+00
   outer loop
     vertex  6.491849e+00  7.922016e-01  9.000000e+00
     vertex  6.491849e+00  7.922016e-01  5.773160e-15
     vertex  6.499094e+00 -2.640838e-01  5.773160e-15
   endloop
 endfacet
 facet normal -9.999765e-01 -6.859319e-03  0.000000e+00
   outer loop
     vertex  6.491849e+00  7.922016e-01  9.000000e+00
     vertex  6.499094e+00 -2.640838e-01  5.773160e-15
     vertex  6.499094e+00 -2.640838e-01  9.000000e+00
   endloop
 endfacet
 facet normal -9.994119e-01 -3.429014e-02 -0.000000e+00
   outer loop
     vertex  6.455628e+00  1.847891e+00  9.000000e+00
     vertex  6.455628e+00  1.847891e+00  5.773160e-15
     vertex  6.491849e+00  7.922016e-01  5.773160e-15
   endloop
 endfacet
 facet normal -9.994119e-01 -3.429014e-02  0.000000e+00
   outer loop
     vertex  6.455628e+00  1.847891e+00  9.000000e+00
     vertex  6.491849e+00  7.922016e-01  5.773160e-15
     vertex  6.491849e+00  7.922016e-01  9.000000e+00
   endloop
 endfacet
 facet normal -9.980950e-01 -6.169515e-02 -0.000000e+00
   outer loop
     vertex  6.390458e+00  2.902189e+00  9.000000e+00
     vertex  6.390458e+00  2.902189e+00  5.329071e-15
     vertex  6.455628e+00  1.847891e+00  5.773160e-15
   endloop
 endfacet
 facet normal -9.960268e-01 -8.905371e-02 -0.000000e+00
   outer loop
     vertex  6.390458e+00  2.902189e+00  9.000000e+00
     vertex  6.296390e+00  3.954302e+00  5.329071e-15
     vertex  6.390458e+00  2.902189e+00  5.329071e-15
   endloop
 endfacet
 facet normal -9.980950e-01 -6.169515e-02  0.000000e+00
   outer loop
     vertex  6.390458e+00  2.902189e+00  9.000000e+00
     vertex  6.455628e+00  1.847891e+00  5.773160e-15
     vertex  6.455628e+00  1.847891e+00  9.000000e+00
   endloop
 endfacet
 facet normal -9.960268e-01 -8.905371e-02 -0.000000e+00
   outer loop
     vertex  6.296390e+00  3.954302e+00  9.000000e+00
     vertex  6.296390e+00  3.954302e+00  5.329071e-15
     vertex  6.390458e+00  2.902189e+00  9.000000e+00
   endloop
 endfacet
 facet normal -9.932088e-01 -1.163452e-01  0.000000e+00
   outer loop
     vertex  6.173493e+00  5.003439e+00  9.000000e+00
     vertex  6.296390e+00  3.954302e+00  5.329071e-15
     vertex  6.296390e+00  3.954302e+00  9.000000e+00
   endloop
 endfacet
 facet normal -9.932088e-01 -1.163452e-01 -0.000000e+00
   outer loop
     vertex  6.173493e+00  5.003439e+00  9.000000e+00
     vertex  6.173493e+00  5.003439e+00  5.329071e-15
     vertex  6.296390e+00  3.954302e+00  5.329071e-15
   endloop
 endfacet
 facet normal -9.896432e-01 -1.435492e-01  0.000000e+00
   outer loop
     vertex  6.021861e+00  6.048809e+00  9.000000e+00
     vertex  6.173493e+00  5.003439e+00  5.329071e-15
     vertex  6.173493e+00  5.003439e+00  9.000000e+00
   endloop
 endfacet
 facet normal -9.896432e-01 -1.435492e-01 -0.000000e+00
   outer loop
     vertex  6.021861e+00  6.048809e+00  9.000000e+00
     vertex  6.021861e+00  6.048809e+00  4.884981e-15
     vertex  6.173493e+00  5.003439e+00  5.329071e-15
   endloop
 endfacet
 facet normal -9.853326e-01 -1.706451e-01  0.000000e+00
   outer loop
     vertex  5.841607e+00  7.089626e+00  9.000000e+00
     vertex  6.021861e+00  6.048809e+00  4.884981e-15
     vertex  6.021861e+00  6.048809e+00  9.000000e+00
   endloop
 endfacet
 facet normal -9.853326e-01 -1.706451e-01 -0.000000e+00
   outer loop
     vertex  5.841607e+00  7.089626e+00  9.000000e+00
     vertex  5.841607e+00  7.089626e+00  4.884981e-15
     vertex  6.021861e+00  6.048809e+00  4.884981e-15
   endloop
 endfacet
 facet normal -9.802802e-01 -1.976125e-01  0.000000e+00
   outer loop
     vertex  5.632867e+00  8.125106e+00  9.000000e+00
     vertex  5.841607e+00  7.089626e+00  4.884981e-15
     vertex  5.841607e+00  7.089626e+00  9.000000e+00
   endloop
 endfacet
 facet normal -9.802802e-01 -1.976125e-01 -0.000000e+00
   outer loop
     vertex  5.632867e+00  8.125106e+00  9.000000e+00
     vertex  5.632867e+00  8.125106e+00  4.884981e-15
     vertex  5.841607e+00  7.089626e+00  4.884981e-15
   endloop
 endfacet
 facet normal -9.744899e-01 -2.244312e-01  0.000000e+00
   outer loop
     vertex  5.395798e+00  9.154470e+00  9.000000e+00
     vertex  5.632867e+00  8.125106e+00  4.884981e-15
     vertex  5.632867e+00  8.125106e+00  9.000000e+00
   endloop
 endfacet
 facet normal -9.744899e-01 -2.244312e-01 -0.000000e+00
   outer loop
     vertex  5.395798e+00  9.154470e+00  9.000000e+00
     vertex  5.395798e+00  9.154470e+00  4.884981e-15
     vertex  5.632867e+00  8.125106e+00  4.884981e-15
   endloop
 endfacet
 facet normal -9.679661e-01 -2.510809e-01 -0.000000e+00
   outer loop
     vertex  5.395798e+00  9.154470e+00  9.000000e+00
     vertex  5.130578e+00  1.017694e+01  4.440892e-15
     vertex  5.395798e+00  9.154470e+00  4.884981e-15
   endloop
 endfacet
 facet normal -9.679661e-01 -2.510809e-01 -0.000000e+00
   outer loop
     vertex  5.130578e+00  1.017694e+01  9.000000e+00
     vertex  5.130578e+00  1.017694e+01  4.440892e-15
     vertex  5.395798e+00  9.154470e+00  9.000000e+00
   endloop
 endfacet
 facet normal -9.607136e-01 -2.775416e-01  0.000000e+00
   outer loop
     vertex  4.837408e+00  1.119175e+01  9.000000e+00
     vertex  5.130578e+00  1.017694e+01  4.440892e-15
     vertex  5.130578e+00  1.017694e+01  9.000000e+00
   endloop
 endfacet
 facet normal -9.607136e-01 -2.775416e-01 -0.000000e+00
   outer loop
     vertex  4.837408e+00  1.119175e+01  9.000000e+00
     vertex  4.837408e+00  1.119175e+01  4.440892e-15
     vertex  5.130578e+00  1.017694e+01  4.440892e-15
   endloop
 endfacet
 facet normal -9.527379e-01 -3.037934e-01 -0.000000e+00
   outer loop
     vertex  4.837408e+00  1.119175e+01  9.000000e+00
     vertex  4.516508e+00  1.219814e+01  4.440892e-15
     vertex  4.837408e+00  1.119175e+01  4.440892e-15
   endloop
 endfacet
 facet normal -9.527379e-01 -3.037934e-01 -0.000000e+00
   outer loop
     vertex  4.516508e+00  1.219814e+01  9.000000e+00
     vertex  4.516508e+00  1.219814e+01  4.440892e-15
     vertex  4.837408e+00  1.119175e+01  9.000000e+00
   endloop
 endfacet
 facet normal -9.440450e-01 -3.298166e-01  0.000000e+00
   outer loop
     vertex  4.168120e+00  1.319534e+01  9.000000e+00
     vertex  4.516508e+00  1.219814e+01  4.440892e-15
     vertex  4.516508e+00  1.219814e+01  9.000000e+00
   endloop
 endfacet
 facet normal -9.440450e-01 -3.298166e-01 -0.000000e+00
   outer loop
     vertex  4.168120e+00  1.319534e+01  9.000000e+00
     vertex  4.168120e+00  1.319534e+01  4.440892e-15
     vertex  4.516508e+00  1.219814e+01  4.440892e-15
   endloop
 endfacet
 facet normal -9.346415e-01 -3.555914e-01  0.000000e+00
   outer loop
     vertex  3.792505e+00  1.418262e+01  9.000000e+00
     vertex  4.168120e+00  1.319534e+01  4.440892e-15
     vertex  4.168120e+00  1.319534e+01  9.000000e+00
   endloop
 endfacet
 facet normal -9.346415e-01 -3.555914e-01 -0.000000e+00
   outer loop
     vertex  3.792505e+00  1.418262e+01  9.000000e+00
     vertex  3.792505e+00  1.418262e+01  3.996803e-15
     vertex  4.168120e+00  1.319534e+01  4.440892e-15
   endloop
 endfacet
 facet normal -9.245344e-01 -3.810986e-01  0.000000e+00
   outer loop
     vertex  3.389946e+00  1.515921e+01  9.000000e+00
     vertex  3.792505e+00  1.418262e+01  3.996803e-15
     vertex  3.792505e+00  1.418262e+01  9.000000e+00
   endloop
 endfacet
 facet normal -9.245344e-01 -3.810986e-01 -0.000000e+00
   outer loop
     vertex  3.389946e+00  1.515921e+01  9.000000e+00
     vertex  3.389946e+00  1.515921e+01  3.996803e-15
     vertex  3.792505e+00  1.418262e+01  3.996803e-15
   endloop
 endfacet
 facet normal -9.137314e-01 -4.063188e-01 -0.000000e+00
   outer loop
     vertex  2.960748e+00  1.612440e+01  9.000000e+00
     vertex  2.960748e+00  1.612440e+01  3.996803e-15
     vertex  3.389946e+00  1.515921e+01  3.996803e-15
   endloop
 endfacet
 facet normal -9.137314e-01 -4.063188e-01  0.000000e+00
   outer loop
     vertex  2.960748e+00  1.612440e+01  9.000000e+00
     vertex  3.389946e+00  1.515921e+01  3.996803e-15
     vertex  3.389946e+00  1.515921e+01  9.000000e+00
   endloop
 endfacet
 facet normal -9.022405e-01 -4.312333e-01 -0.000000e+00
   outer loop
     vertex  2.505232e+00  1.707744e+01  9.000000e+00
     vertex  2.505232e+00  1.707744e+01  3.996803e-15
     vertex  2.960748e+00  1.612440e+01  3.996803e-15
   endloop
 endfacet
 facet normal -9.022405e-01 -4.312333e-01  0.000000e+00
   outer loop
     vertex  2.505232e+00  1.707744e+01  9.000000e+00
     vertex  2.960748e+00  1.612440e+01  3.996803e-15
     vertex  2.960748e+00  1.612440e+01  9.000000e+00
   endloop
 endfacet
 facet normal -8.900704e-01 -4.558231e-01 -0.000000e+00
   outer loop
     vertex  2.023741e+00  1.801763e+01  9.000000e+00
     vertex  2.023741e+00  1.801763e+01  3.552714e-15
     vertex  2.505232e+00  1.707744e+01  3.996803e-15
   endloop
 endfacet
 facet normal -8.772303e-01 -4.800697e-01 -0.000000e+00
   outer loop
     vertex  2.023741e+00  1.801763e+01  9.000000e+00
     vertex  1.516638e+00  1.894426e+01  3.552714e-15
     vertex  2.023741e+00  1.801763e+01  3.552714e-15
   endloop
 endfacet
 facet normal -8.900704e-01 -4.558231e-01  0.000000e+00
   outer loop
     vertex  2.023741e+00  1.801763e+01  9.000000e+00
     vertex  2.505232e+00  1.707744e+01  3.996803e-15
     vertex  2.505232e+00  1.707744e+01  9.000000e+00
   endloop
 endfacet
 facet normal -8.772303e-01 -4.800697e-01 -0.000000e+00
   outer loop
     vertex  1.516638e+00  1.894426e+01  9.000000e+00
     vertex  1.516638e+00  1.894426e+01  3.552714e-15
     vertex  2.023741e+00  1.801763e+01  9.000000e+00
   endloop
 endfacet
 facet normal -8.637299e-01 -5.039550e-01 -0.000000e+00
   outer loop
     vertex  9.843055e-01  1.985663e+01  9.000000e+00
     vertex  9.843055e-01  1.985663e+01  3.552714e-15
     vertex  1.516638e+00  1.894426e+01  3.552714e-15
   endloop
 endfacet
 facet normal -8.637299e-01 -5.039550e-01  0.000000e+00
   outer loop
     vertex  9.843055e-01  1.985663e+01  9.000000e+00
     vertex  1.516638e+00  1.894426e+01  3.552714e-15
     vertex  1.516638e+00  1.894426e+01  9.000000e+00
   endloop
 endfacet
 facet normal -8.495793e-01 -5.274609e-01 -0.000000e+00
   outer loop
     vertex  4.271431e-01  2.075405e+01  9.000000e+00
     vertex  4.271431e-01  2.075405e+01  3.552714e-15
     vertex  9.843055e-01  1.985663e+01  3.552714e-15
   endloop
 endfacet
 facet normal -8.495793e-01 -5.274609e-01  0.000000e+00
   outer loop
     vertex  4.271431e-01  2.075405e+01  9.000000e+00
     vertex  9.843055e-01  1.985663e+01  3.552714e-15
     vertex  9.843055e-01  1.985663e+01  9.000000e+00
   endloop
 endfacet
 facet normal -8.347891e-01 -5.505698e-01 -0.000000e+00
   outer loop
     vertex -1.544294e-01  2.163584e+01  9.000000e+00
     vertex -1.544294e-01  2.163584e+01  3.552714e-15
     vertex  4.271431e-01  2.075405e+01  3.552714e-15
   endloop
 endfacet
 facet normal -8.347891e-01 -5.505698e-01  0.000000e+00
   outer loop
     vertex -1.544294e-01  2.163584e+01  9.000000e+00
     vertex  4.271431e-01  2.075405e+01  3.552714e-15
     vertex  4.271431e-01  2.075405e+01  9.000000e+00
   endloop
 endfacet
 facet normal -8.193706e-01 -5.732642e-01 -0.000000e+00
   outer loop
     vertex -7.599743e-01  2.250135e+01  9.000000e+00
     vertex -7.599743e-01  2.250135e+01  3.108624e-15
     vertex -1.544294e-01  2.163584e+01  3.552714e-15
   endloop
 endfacet
 facet normal -8.193706e-01 -5.732642e-01  0.000000e+00
   outer loop
     vertex -7.599743e-01  2.250135e+01  9.000000e+00
     vertex -1.544294e-01  2.163584e+01  3.552714e-15
     vertex -1.544294e-01  2.163584e+01  9.000000e+00
   endloop
 endfacet
 facet normal -8.033352e-01 -5.955271e-01 -0.000000e+00
   outer loop
     vertex -1.389036e+00  2.334992e+01  9.000000e+00
     vertex -1.389036e+00  2.334992e+01  3.108624e-15
     vertex -7.599743e-01  2.250135e+01  3.108624e-15
   endloop
 endfacet
 facet normal -7.866951e-01 -6.173417e-01 -0.000000e+00
   outer loop
     vertex -1.389036e+00  2.334992e+01  9.000000e+00
     vertex -2.041140e+00  2.418092e+01  3.108624e-15
     vertex -1.389036e+00  2.334992e+01  3.108624e-15
   endloop
 endfacet
 facet normal -8.033352e-01 -5.955271e-01  0.000000e+00
   outer loop
     vertex -1.389036e+00  2.334992e+01  9.000000e+00
     vertex -7.599743e-01  2.250135e+01  3.108624e-15
     vertex -7.599743e-01  2.250135e+01  9.000000e+00
   endloop
 endfacet
 facet normal -7.866951e-01 -6.173417e-01 -0.000000e+00
   outer loop
     vertex -2.041140e+00  2.418092e+01  9.000000e+00
     vertex -2.041140e+00  2.418092e+01  3.108624e-15
     vertex -1.389036e+00  2.334992e+01  9.000000e+00
   endloop
 endfacet
 facet normal -7.694628e-01 -6.386916e-01 -0.000000e+00
   outer loop
     vertex -2.715797e+00  2.499371e+01  9.000000e+00
     vertex -2.715797e+00  2.499371e+01  3.108624e-15
     vertex -2.041140e+00  2.418092e+01  3.108624e-15
   endloop
 endfacet
 facet normal -7.694628e-01 -6.386916e-01  0.000000e+00
   outer loop
     vertex -2.715797e+00  2.499371e+01  9.000000e+00
     vertex -2.041140e+00  2.418092e+01  3.108624e-15
     vertex -2.041140e+00  2.418092e+01  9.000000e+00
   endloop
 endfacet
 facet normal -7.516513e-01 -6.595607e-01 -0.000000e+00
   outer loop
     vertex -3.412497e+00  2.578768e+01  9.000000e+00
     vertex -3.412497e+00  2.578768e+01  3.108624e-15
     vertex -2.715797e+00  2.499371e+01  3.108624e-15
   endloop
 endfacet
 facet normal -7.332740e-01 -6.799333e-01 -0.000000e+00
   outer loop
     vertex -3.412497e+00  2.578768e+01  9.000000e+00
     vertex -4.130718e+00  2.656225e+01  2.664535e-15
     vertex -3.412497e+00  2.578768e+01  3.108624e-15
   endloop
 endfacet
 facet normal -7.516513e-01 -6.595607e-01  0.000000e+00
   outer loop
     vertex -3.412497e+00  2.578768e+01  9.000000e+00
     vertex -2.715797e+00  2.499371e+01  3.108624e-15
     vertex -2.715797e+00  2.499371e+01  9.000000e+00
   endloop
 endfacet
 facet normal -7.332740e-01 -6.799333e-01 -0.000000e+00
   outer loop
     vertex -4.130718e+00  2.656225e+01  9.000000e+00
     vertex -4.130718e+00  2.656225e+01  2.664535e-15
     vertex -3.412497e+00  2.578768e+01  9.000000e+00
   endloop
 endfacet
 facet normal -7.143447e-01 -6.997940e-01  0.000000e+00
   outer loop
     vertex -4.869917e+00  2.731682e+01  9.000000e+00
     vertex -4.130718e+00  2.656225e+01  2.664535e-15
     vertex -4.130718e+00  2.656225e+01  9.000000e+00
   endloop
 endfacet
 facet normal -7.143447e-01 -6.997940e-01 -0.000000e+00
   outer loop
     vertex -4.869917e+00  2.731682e+01  9.000000e+00
     vertex -4.869917e+00  2.731682e+01  2.664535e-15
     vertex -4.130718e+00  2.656225e+01  2.664535e-15
   endloop
 endfacet
 facet normal -6.948776e-01 -7.191280e-01 -0.000000e+00
   outer loop
     vertex -4.869917e+00  2.731682e+01  9.000000e+00
     vertex -5.629540e+00  2.805083e+01  2.664535e-15
     vertex -4.869917e+00  2.731682e+01  2.664535e-15
   endloop
 endfacet
 facet normal -6.948776e-01 -7.191280e-01 -0.000000e+00
   outer loop
     vertex -5.629540e+00  2.805083e+01  9.000000e+00
     vertex -5.629540e+00  2.805083e+01  2.664535e-15
     vertex -4.869917e+00  2.731682e+01  9.000000e+00
   endloop
 endfacet
 facet normal -6.748875e-01 -7.379206e-01  0.000000e+00
   outer loop
     vertex -6.409013e+00  2.876372e+01  9.000000e+00
     vertex -5.629540e+00  2.805083e+01  2.664535e-15
     vertex -5.629540e+00  2.805083e+01  9.000000e+00
   endloop
 endfacet
 facet normal -6.748875e-01 -7.379206e-01 -0.000000e+00
   outer loop
     vertex -6.409013e+00  2.876372e+01  9.000000e+00
     vertex -6.409013e+00  2.876372e+01  2.664535e-15
     vertex -5.629540e+00  2.805083e+01  2.664535e-15
   endloop
 endfacet
 facet normal -6.543893e-01 -7.561578e-01  0.000000e+00
   outer loop
     vertex -7.207750e+00  2.945495e+01  9.000000e+00
     vertex -6.409013e+00  2.876372e+01  2.664535e-15
     vertex -6.409013e+00  2.876372e+01  9.000000e+00
   endloop
 endfacet
 facet normal -6.543893e-01 -7.561578e-01 -0.000000e+00
   outer loop
     vertex -7.207750e+00  2.945495e+01  9.000000e+00
     vertex -7.207750e+00  2.945495e+01  2.664535e-15
     vertex -6.409013e+00  2.876372e+01  2.664535e-15
   endloop
 endfacet
 facet normal -6.333986e-01 -7.738257e-01 -0.000000e+00
   outer loop
     vertex -8.025150e+00  3.012402e+01  9.000000e+00
     vertex -8.025150e+00  3.012402e+01  2.220446e-15
     vertex -7.207750e+00  2.945495e+01  2.664535e-15
   endloop
 endfacet
 facet normal -6.333986e-01 -7.738257e-01  0.000000e+00
   outer loop
     vertex -8.025150e+00  3.012402e+01  9.000000e+00
     vertex -7.207750e+00  2.945495e+01  2.664535e-15
     vertex -7.207750e+00  2.945495e+01  9.000000e+00
   endloop
 endfacet
 facet normal -6.119310e-01 -7.909112e-01 -0.000000e+00
   outer loop
     vertex -8.025150e+00  3.012402e+01  9.000000e+00
     vertex -8.860598e+00  3.077041e+01  2.220446e-15
     vertex -8.025150e+00  3.012402e+01  2.220446e-15
   endloop
 endfacet
 facet normal -6.119310e-01 -7.909112e-01 -0.000000e+00
   outer loop
     vertex -8.860598e+00  3.077041e+01  9.000000e+00
     vertex -8.860598e+00  3.077041e+01  2.220446e-15
     vertex -8.025150e+00  3.012402e+01  9.000000e+00
   endloop
 endfacet
 facet normal -5.900028e-01 -8.074012e-01 -0.000000e+00
   outer loop
     vertex -9.713464e+00  3.139363e+01  9.000000e+00
     vertex -9.713464e+00  3.139363e+01  2.220446e-15
     vertex -8.860598e+00  3.077041e+01  2.220446e-15
   endloop
 endfacet
 facet normal -5.900028e-01 -8.074012e-01  0.000000e+00
   outer loop
     vertex -9.713464e+00  3.139363e+01  9.000000e+00
     vertex -8.860598e+00  3.077041e+01  2.220446e-15
     vertex -8.860598e+00  3.077041e+01  9.000000e+00
   endloop
 endfacet
 facet normal -5.676304e-01 -8.232835e-01 -0.000000e+00
   outer loop
     vertex -1.058311e+01  3.199323e+01  9.000000e+00
     vertex -1.058311e+01  3.199323e+01  2.220446e-15
     vertex -9.713464e+00  3.139363e+01  2.220446e-15
   endloop
 endfacet
 facet normal -5.676304e-01 -8.232835e-01  0.000000e+00
   outer loop
     vertex -1.058311e+01  3.199323e+01  9.000000e+00
     vertex -9.713464e+00  3.139363e+01  2.220446e-15
     vertex -9.713464e+00  3.139363e+01  9.000000e+00
   endloop
 endfacet
 facet normal -5.448308e-01 -8.385460e-01 -0.000000e+00
   outer loop
     vertex -1.146887e+01  3.256874e+01  9.000000e+00
     vertex -1.146887e+01  3.256874e+01  2.220446e-15
     vertex -1.058311e+01  3.199323e+01  2.220446e-15
   endloop
 endfacet
 facet normal -5.448308e-01 -8.385460e-01  0.000000e+00
   outer loop
     vertex -1.146887e+01  3.256874e+01  9.000000e+00
     vertex -1.058311e+01  3.199323e+01  2.220446e-15
     vertex -1.058311e+01  3.199323e+01  9.000000e+00
   endloop
 endfacet
 facet normal -5.216210e-01 -8.531773e-01 -0.000000e+00
   outer loop
     vertex -1.237009e+01  3.311973e+01  9.000000e+00
     vertex -1.237009e+01  3.311973e+01  2.220446e-15
     vertex -1.146887e+01  3.256874e+01  2.220446e-15
   endloop
 endfacet
 facet normal -5.216210e-01 -8.531773e-01  0.000000e+00
   outer loop
     vertex -1.237009e+01  3.311973e+01  9.000000e+00
     vertex -1.146887e+01  3.256874e+01  2.220446e-15
     vertex -1.146887e+01  3.256874e+01  9.000000e+00
   endloop
 endfacet
 facet normal -4.980186e-01 -8.671664e-01 -0.000000e+00
   outer loop
     vertex -1.328609e+01  3.364579e+01  9.000000e+00
     vertex -1.328609e+01  3.364579e+01  2.220446e-15
     vertex -1.237009e+01  3.311973e+01  2.220446e-15
   endloop
 endfacet
 facet normal -4.740412e-01 -8.805026e-01 -0.000000e+00
   outer loop
     vertex -1.328609e+01  3.364579e+01  9.000000e+00
     vertex -1.421617e+01  3.414653e+01  1.776357e-15
     vertex -1.328609e+01  3.364579e+01  2.220446e-15
   endloop
 endfacet
 facet normal -4.980186e-01 -8.671664e-01  0.000000e+00
   outer loop
     vertex -1.328609e+01  3.364579e+01  9.000000e+00
     vertex -1.237009e+01  3.311973e+01  2.220446e-15
     vertex -1.237009e+01  3.311973e+01  9.000000e+00
   endloop
 endfacet
 facet normal -4.740412e-01 -8.805026e-01 -0.000000e+00
   outer loop
     vertex -1.421617e+01  3.414653e+01  9.000000e+00
     vertex -1.421617e+01  3.414653e+01  1.776357e-15
     vertex -1.328609e+01  3.364579e+01  9.000000e+00
   endloop
 endfacet
 facet normal -4.497071e-01 -8.931761e-01 -0.000000e+00
   outer loop
     vertex -1.515964e+01  3.462156e+01  9.000000e+00
     vertex -1.515964e+01  3.462156e+01  1.776357e-15
     vertex -1.421617e+01  3.414653e+01  1.776357e-15
   endloop
 endfacet
 facet normal -4.497071e-01 -8.931761e-01  0.000000e+00
   outer loop
     vertex -1.515964e+01  3.462156e+01  9.000000e+00
     vertex -1.421617e+01  3.414653e+01  1.776357e-15
     vertex -1.421617e+01  3.414653e+01  9.000000e+00
   endloop
 endfacet
 facet normal -4.250344e-01 -9.051772e-01 -0.000000e+00
   outer loop
     vertex -1.611579e+01  3.507053e+01  9.000000e+00
     vertex -1.611579e+01  3.507053e+01  1.776357e-15
     vertex -1.515964e+01  3.462156e+01  1.776357e-15
   endloop
 endfacet
 facet normal -4.250344e-01 -9.051772e-01  0.000000e+00
   outer loop
     vertex -1.611579e+01  3.507053e+01  9.000000e+00
     vertex -1.515964e+01  3.462156e+01  1.776357e-15
     vertex -1.515964e+01  3.462156e+01  9.000000e+00
   endloop
 endfacet
 facet normal -4.000417e-01 -9.164969e-01 -0.000000e+00
   outer loop
     vertex -1.708390e+01  3.549310e+01  9.000000e+00
     vertex -1.708390e+01  3.549310e+01  1.776357e-15
     vertex -1.611579e+01  3.507053e+01  1.776357e-15
   endloop
 endfacet
 facet normal -4.000417e-01 -9.164969e-01  0.000000e+00
   outer loop
     vertex -1.708390e+01  3.549310e+01  9.000000e+00
     vertex -1.611579e+01  3.507053e+01  1.776357e-15
     vertex -1.611579e+01  3.507053e+01  9.000000e+00
   endloop
 endfacet
 facet normal -3.747479e-01 -9.271267e-01 -0.000000e+00
   outer loop
     vertex -1.806323e+01  3.588895e+01  9.000000e+00
     vertex -1.806323e+01  3.588895e+01  1.776357e-15
     vertex -1.708390e+01  3.549310e+01  1.776357e-15
   endloop
 endfacet
 facet normal -3.491720e-01 -9.370586e-01 -0.000000e+00
   outer loop
     vertex -1.806323e+01  3.588895e+01  9.000000e+00
     vertex -1.905305e+01  3.625778e+01  1.776357e-15
     vertex -1.806323e+01  3.588895e+01  1.776357e-15
   endloop
 endfacet
 facet normal -3.747479e-01 -9.271267e-01  0.000000e+00
   outer loop
     vertex -1.806323e+01  3.588895e+01  9.000000e+00
     vertex -1.708390e+01  3.549310e+01  1.776357e-15
     vertex -1.708390e+01  3.549310e+01  9.000000e+00
   endloop
 endfacet
 facet normal -3.491720e-01 -9.370586e-01 -0.000000e+00
   outer loop
     vertex -1.905305e+01  3.625778e+01  9.000000e+00
     vertex -1.905305e+01  3.625778e+01  1.776357e-15
     vertex -1.806323e+01  3.588895e+01  9.000000e+00
   endloop
 endfacet
 facet normal -3.233333e-01 -9.462851e-01 -0.000000e+00
   outer loop
     vertex -2.005262e+01  3.659932e+01  9.000000e+00
     vertex -2.005262e+01  3.659932e+01  1.776357e-15
     vertex -1.905305e+01  3.625778e+01  1.776357e-15
   endloop
 endfacet
 facet normal -3.233333e-01 -9.462851e-01  0.000000e+00
   outer loop
     vertex -2.005262e+01  3.659932e+01  9.000000e+00
     vertex -1.905305e+01  3.625778e+01  1.776357e-15
     vertex -1.905305e+01  3.625778e+01  9.000000e+00
   endloop
 endfacet
 facet normal -2.972512e-01 -9.547993e-01 -0.000000e+00
   outer loop
     vertex -2.106119e+01  3.691331e+01  9.000000e+00
     vertex -2.106119e+01  3.691331e+01  1.776357e-15
     vertex -2.005262e+01  3.659932e+01  1.776357e-15
   endloop
 endfacet
 facet normal -2.972512e-01 -9.547993e-01  0.000000e+00
   outer loop
     vertex -2.106119e+01  3.691331e+01  9.000000e+00
     vertex -2.005262e+01  3.659932e+01  1.776357e-15
     vertex -2.005262e+01  3.659932e+01  9.000000e+00
   endloop
 endfacet
 facet normal -2.709453e-01 -9.625948e-01 -0.000000e+00
   outer loop
     vertex -2.207799e+01  3.719951e+01  9.000000e+00
     vertex -2.207799e+01  3.719951e+01  1.776357e-15
     vertex -2.106119e+01  3.691331e+01  1.776357e-15
   endloop
 endfacet
 facet normal -2.444354e-01 -9.696656e-01 -0.000000e+00
   outer loop
     vertex -2.207799e+01  3.719951e+01  9.000000e+00
     vertex -2.310226e+01  3.745771e+01  1.776357e-15
     vertex -2.207799e+01  3.719951e+01  1.776357e-15
   endloop
 endfacet
 facet normal -2.709453e-01 -9.625948e-01  0.000000e+00
   outer loop
     vertex -2.207799e+01  3.719951e+01  9.000000e+00
     vertex -2.106119e+01  3.691331e+01  1.776357e-15
     vertex -2.106119e+01  3.691331e+01  9.000000e+00
   endloop
 endfacet
 facet normal -2.444354e-01 -9.696656e-01 -0.000000e+00
   outer loop
     vertex -2.310226e+01  3.745771e+01  9.000000e+00
     vertex -2.310226e+01  3.745771e+01  1.776357e-15
     vertex -2.207799e+01  3.719951e+01  9.000000e+00
   endloop
 endfacet
 facet normal -2.177416e-01 -9.760065e-01 -0.000000e+00
   outer loop
     vertex -2.413322e+01  3.768771e+01  9.000000e+00
     vertex -2.413322e+01  3.768771e+01  1.776357e-15
     vertex -2.310226e+01  3.745771e+01  1.776357e-15
   endloop
 endfacet
 facet normal -2.177416e-01 -9.760065e-01  0.000000e+00
   outer loop
     vertex -2.413322e+01  3.768771e+01  9.000000e+00
     vertex -2.310226e+01  3.745771e+01  1.776357e-15
     vertex -2.310226e+01  3.745771e+01  9.000000e+00
   endloop
 endfacet
 facet normal -1.908838e-01 -9.816126e-01 -0.000000e+00
   outer loop
     vertex -2.517011e+01  3.788935e+01  9.000000e+00
     vertex -2.517011e+01  3.788935e+01  1.776357e-15
     vertex -2.413322e+01  3.768771e+01  1.776357e-15
   endloop
 endfacet
 facet normal -1.908838e-01 -9.816126e-01  0.000000e+00
   outer loop
     vertex -2.517011e+01  3.788935e+01  9.000000e+00
     vertex -2.413322e+01  3.768771e+01  1.776357e-15
     vertex -2.413322e+01  3.768771e+01  9.000000e+00
   endloop
 endfacet
 facet normal -1.638824e-01 -9.864799e-01 -0.000000e+00
   outer loop
     vertex -2.621214e+01  3.806246e+01  9.000000e+00
     vertex -2.621214e+01  3.806246e+01  1.332268e-15
     vertex -2.517011e+01  3.788935e+01  1.776357e-15
   endloop
 endfacet
 facet normal -1.638824e-01 -9.864799e-01  0.000000e+00
   outer loop
     vertex -2.621214e+01  3.806246e+01  9.000000e+00
     vertex -2.517011e+01  3.788935e+01  1.776357e-15
     vertex -2.517011e+01  3.788935e+01  9.000000e+00
   endloop
 endfacet
 facet normal -1.367575e-01 -9.906046e-01 -0.000000e+00
   outer loop
     vertex -2.725852e+01  3.820692e+01  9.000000e+00
     vertex -2.725852e+01  3.820692e+01  1.332268e-15
     vertex -2.621214e+01  3.806246e+01  1.332268e-15
   endloop
 endfacet
 facet normal -1.367575e-01 -9.906046e-01  0.000000e+00
   outer loop
     vertex -2.725852e+01  3.820692e+01  9.000000e+00
     vertex -2.621214e+01  3.806246e+01  1.332268e-15
     vertex -2.621214e+01  3.806246e+01  9.000000e+00
   endloop
 endfacet
 facet normal -1.095298e-01 -9.939835e-01 -0.000000e+00
   outer loop
     vertex -2.830848e+01  3.832261e+01  9.000000e+00
     vertex -2.830848e+01  3.832261e+01  1.332268e-15
     vertex -2.725852e+01  3.820692e+01  1.332268e-15
   endloop
 endfacet
 facet normal -1.095298e-01 -9.939835e-01  0.000000e+00
   outer loop
     vertex -2.830848e+01  3.832261e+01  9.000000e+00
     vertex -2.725852e+01  3.820692e+01  1.332268e-15
     vertex -2.725852e+01  3.820692e+01  9.000000e+00
   endloop
 endfacet
 facet normal -8.221955e-02 -9.966142e-01  0.000000e+00
   outer loop
     vertex -2.936121e+01  3.840946e+01  9.000000e+00
     vertex -2.830848e+01  3.832261e+01  1.332268e-15
     vertex -2.830848e+01  3.832261e+01  9.000000e+00
   endloop
 endfacet
 facet normal -8.221955e-02 -9.966142e-01 -0.000000e+00
   outer loop
     vertex -2.936121e+01  3.840946e+01  9.000000e+00
     vertex -2.936121e+01  3.840946e+01  1.332268e-15
     vertex -2.830848e+01  3.832261e+01  1.332268e-15
   endloop
 endfacet
 facet normal -5.484744e-02 -9.984947e-01  0.000000e+00
   outer loop
     vertex -3.041593e+01  3.846740e+01  9.000000e+00
     vertex -2.936121e+01  3.840946e+01  1.332268e-15
     vertex -2.936121e+01  3.840946e+01  9.000000e+00
   endloop
 endfacet
 facet normal -5.484744e-02 -9.984947e-01 -0.000000e+00
   outer loop
     vertex -3.041593e+01  3.846740e+01  9.000000e+00
     vertex -3.041593e+01  3.846740e+01  1.332268e-15
     vertex -2.936121e+01  3.840946e+01  1.332268e-15
   endloop
 endfacet
 facet normal -2.743405e-02 -9.996236e-01 -0.000000e+00
   outer loop
     vertex -3.041593e+01  3.846740e+01  9.000000e+00
     vertex -3.147184e+01  3.849638e+01  1.332268e-15
     vertex -3.041593e+01  3.846740e+01  1.332268e-15
   endloop
 endfacet
 facet normal -2.743405e-02 -9.996236e-01 -0.000000e+00
   outer loop
     vertex -3.147184e+01  3.849638e+01  9.000000e+00
     vertex -3.147184e+01  3.849638e+01  1.332268e-15
     vertex -3.041593e+01  3.846740e+01  9.000000e+00
   endloop
 endfacet
 facet normal  6.726648e-15 -1.000000e+00  0.000000e+00
   outer loop
     vertex -3.252816e+01  3.849638e+01  9.000000e+00
     vertex -3.147184e+01  3.849638e+01  1.332268e-15
     vertex -3.147184e+01  3.849638e+01  9.000000e+00
   endloop
 endfacet
 facet normal  6.726648e-15 -1.000000e+00  0.000000e+00
   outer loop
     vertex -3.252816e+01  3.849638e+01  9.000000e+00
     vertex -3.252816e+01  3.849638e+01  1.332268e-15
     vertex -3.147184e+01  3.849638e+01  1.332268e-15
   endloop
 endfacet
 facet normal  2.743405e-02 -9.996236e-01  0.000000e+00
   outer loop
     vertex -3.358407e+01  3.846740e+01  9.000000e+00
     vertex -3.252816e+01  3.849638e+01  1.332268e-15
     vertex -3.252816e+01  3.849638e+01  9.000000e+00
   endloop
 endfacet
 facet normal  2.743405e-02 -9.996236e-01  0.000000e+00
   outer loop
     vertex -3.358407e+01  3.846740e+01  9.000000e+00
     vertex -3.358407e+01  3.846740e+01  1.332268e-15
     vertex -3.252816e+01  3.849638e+01  1.332268e-15
   endloop
 endfacet
 facet normal  5.484744e-02 -9.984947e-01  0.000000e+00
   outer loop
     vertex -3.463879e+01  3.840946e+01  9.000000e+00
     vertex -3.358407e+01  3.846740e+01  1.332268e-15
     vertex -3.358407e+01  3.846740e+01  9.000000e+00
   endloop
 endfacet
 facet normal  5.484744e-02 -9.984947e-01  0.000000e+00
   outer loop
     vertex -3.463879e+01  3.840946e+01  9.000000e+00
     vertex -3.463879e+01  3.840946e+01  1.332268e-15
     vertex -3.358407e+01  3.846740e+01  1.332268e-15
   endloop
 endfacet
 facet normal  8.221955e-02 -9.966142e-01  0.000000e+00
   outer loop
     vertex -3.463879e+01  3.840946e+01  9.000000e+00
     vertex -3.569152e+01  3.832261e+01  1.332268e-15
     vertex -3.463879e+01  3.840946e+01  1.332268e-15
   endloop
 endfacet
 facet normal  8.221955e-02 -9.966142e-01  0.000000e+00
   outer loop
     vertex -3.569152e+01  3.832261e+01  9.000000e+00
     vertex -3.569152e+01  3.832261e+01  1.332268e-15
     vertex -3.463879e+01  3.840946e+01  9.000000e+00
   endloop
 endfacet
 facet normal  1.095298e-01 -9.939835e-01  0.000000e+00
   outer loop
     vertex -3.674148e+01  3.820692e+01  9.000000e+00
     vertex -3.569152e+01  3.832261e+01  1.332268e-15
     vertex -3.569152e+01  3.832261e+01  9.000000e+00
   endloop
 endfacet
 facet normal  1.095298e-01 -9.939835e-01  0.000000e+00
   outer loop
     vertex -3.674148e+01  3.820692e+01  9.000000e+00
     vertex -3.674148e+01  3.820692e+01  1.332268e-15
     vertex -3.569152e+01  3.832261e+01  1.332268e-15
   endloop
 endfacet
 facet normal  1.367575e-01 -9.906046e-01  0.000000e+00
   outer loop
     vertex -3.674148e+01  3.820692e+01  9.000000e+00
     vertex -3.778786e+01  3.806246e+01  1.332268e-15
     vertex -3.674148e+01  3.820692e+01  1.332268e-15
   endloop
 endfacet
 facet normal  1.367575e-01 -9.906046e-01  0.000000e+00
   outer loop
     vertex -3.778786e+01  3.806246e+01  9.000000e+00
     vertex -3.778786e+01  3.806246e+01  1.332268e-15
     vertex -3.674148e+01  3.820692e+01  9.000000e+00
   endloop
 endfacet
 facet normal  1.638824e-01 -9.864799e-01  0.000000e+00
   outer loop
     vertex -3.882989e+01  3.788935e+01  9.000000e+00
     vertex -3.778786e+01  3.806246e+01  1.332268e-15
     vertex -3.778786e+01  3.806246e+01  9.000000e+00
   endloop
 endfacet
 facet normal  1.638824e-01 -9.864799e-01  0.000000e+00
   outer loop
     vertex -3.882989e+01  3.788935e+01  9.000000e+00
     vertex -3.882989e+01  3.788935e+01  1.776357e-15
     vertex -3.778786e+01  3.806246e+01  1.332268e-15
   endloop
 endfacet
 facet normal  1.908838e-01 -9.816126e-01  0.000000e+00
   outer loop
     vertex -3.986678e+01  3.768771e+01  9.000000e+00
     vertex -3.882989e+01  3.788935e+01  1.776357e-15
     vertex -3.882989e+01  3.788935e+01  9.000000e+00
   endloop
 endfacet
 facet normal  1.908838e-01 -9.816126e-01  0.000000e+00
   outer loop
     vertex -3.986678e+01  3.768771e+01  9.000000e+00
     vertex -3.986678e+01  3.768771e+01  1.776357e-15
     vertex -3.882989e+01  3.788935e+01  1.776357e-15
   endloop
 endfacet
 facet normal  2.177416e-01 -9.760065e-01  0.000000e+00
   outer loop
     vertex -4.089774e+01  3.745771e+01  9.000000e+00
     vertex -3.986678e+01  3.768771e+01  1.776357e-15
     vertex -3.986678e+01  3.768771e+01  9.000000e+00
   endloop
 endfacet
 facet normal  2.177416e-01 -9.760065e-01  0.000000e+00
   outer loop
     vertex -4.089774e+01  3.745771e+01  9.000000e+00
     vertex -4.089774e+01  3.745771e+01  1.776357e-15
     vertex -3.986678e+01  3.768771e+01  1.776357e-15
   endloop
 endfacet
 facet normal  2.444354e-01 -9.696656e-01  0.000000e+00
   outer loop
     vertex -4.089774e+01  3.745771e+01  9.000000e+00
     vertex -4.192201e+01  3.719951e+01  1.776357e-15
     vertex -4.089774e+01  3.745771e+01  1.776357e-15
   endloop
 endfacet
 facet normal  2.444354e-01 -9.696656e-01  0.000000e+00
   outer loop
     vertex -4.192201e+01  3.719951e+01  9.000000e+00
     vertex -4.192201e+01  3.719951e+01  1.776357e-15
     vertex -4.089774e+01  3.745771e+01  9.000000e+00
   endloop
 endfacet
 facet normal  2.709453e-01 -9.625948e-01  0.000000e+00
   outer loop
     vertex -4.293881e+01  3.691331e+01  9.000000e+00
     vertex -4.293881e+01  3.691331e+01  1.776357e-15
     vertex -4.192201e+01  3.719951e+01  1.776357e-15
   endloop
 endfacet
 facet normal  2.972512e-01 -9.547993e-01  0.000000e+00
   outer loop
     vertex -4.293881e+01  3.691331e+01  9.000000e+00
     vertex -4.394738e+01  3.659932e+01  1.776357e-15
     vertex -4.293881e+01  3.691331e+01  1.776357e-15
   endloop
 endfacet
 facet normal  2.709453e-01 -9.625948e-01  0.000000e+00
   outer loop
     vertex -4.293881e+01  3.691331e+01  9.000000e+00
     vertex -4.192201e+01  3.719951e+01  1.776357e-15
     vertex -4.192201e+01  3.719951e+01  9.000000e+00
   endloop
 endfacet
 facet normal  2.972512e-01 -9.547993e-01  0.000000e+00
   outer loop
     vertex -4.394738e+01  3.659932e+01  9.000000e+00
     vertex -4.394738e+01  3.659932e+01  1.776357e-15
     vertex -4.293881e+01  3.691331e+01  9.000000e+00
   endloop
 endfacet
 facet normal  3.233333e-01 -9.462851e-01  0.000000e+00
   outer loop
     vertex -4.494695e+01  3.625778e+01  9.000000e+00
     vertex -4.494695e+01  3.625778e+01  1.776357e-15
     vertex -4.394738e+01  3.659932e+01  1.776357e-15
   endloop
 endfacet
 facet normal  3.491720e-01 -9.370586e-01  0.000000e+00
   outer loop
     vertex -4.494695e+01  3.625778e+01  9.000000e+00
     vertex -4.593677e+01  3.588895e+01  1.776357e-15
     vertex -4.494695e+01  3.625778e+01  1.776357e-15
   endloop
 endfacet
 facet normal  3.233333e-01 -9.462851e-01  0.000000e+00
   outer loop
     vertex -4.494695e+01  3.625778e+01  9.000000e+00
     vertex -4.394738e+01  3.659932e+01  1.776357e-15
     vertex -4.394738e+01  3.659932e+01  9.000000e+00
   endloop
 endfacet
 facet normal  3.491720e-01 -9.370586e-01  0.000000e+00
   outer loop
     vertex -4.593677e+01  3.588895e+01  9.000000e+00
     vertex -4.593677e+01  3.588895e+01  1.776357e-15
     vertex -4.494695e+01  3.625778e+01  9.000000e+00
   endloop
 endfacet
 facet normal  3.747479e-01 -9.271267e-01  0.000000e+00
   outer loop
     vertex -4.691610e+01  3.549310e+01  9.000000e+00
     vertex -4.691610e+01  3.549310e+01  1.776357e-15
     vertex -4.593677e+01  3.588895e+01  1.776357e-15
   endloop
 endfacet
 facet normal  4.000417e-01 -9.164969e-01  0.000000e+00
   outer loop
     vertex -4.691610e+01  3.549310e+01  9.000000e+00
     vertex -4.788421e+01  3.507053e+01  1.776357e-15
     vertex -4.691610e+01  3.549310e+01  1.776357e-15
   endloop
 endfacet
 facet normal  3.747479e-01 -9.271267e-01  0.000000e+00
   outer loop
     vertex -4.691610e+01  3.549310e+01  9.000000e+00
     vertex -4.593677e+01  3.588895e+01  1.776357e-15
     vertex -4.593677e+01  3.588895e+01  9.000000e+00
   endloop
 endfacet
 facet normal  4.000417e-01 -9.164969e-01  0.000000e+00
   outer loop
     vertex -4.788421e+01  3.507053e+01  9.000000e+00
     vertex -4.788421e+01  3.507053e+01  1.776357e-15
     vertex -4.691610e+01  3.549310e+01  9.000000e+00
   endloop
 endfacet
 facet normal  4.250344e-01 -9.051772e-01  0.000000e+00
   outer loop
     vertex -4.884036e+01  3.462156e+01  9.000000e+00
     vertex -4.884036e+01  3.462156e+01  1.776357e-15
     vertex -4.788421e+01  3.507053e+01  1.776357e-15
   endloop
 endfacet
 facet normal  4.497071e-01 -8.931761e-01  0.000000e+00
   outer loop
     vertex -4.884036e+01  3.462156e+01  9.000000e+00
     vertex -4.978383e+01  3.414653e+01  1.776357e-15
     vertex -4.884036e+01  3.462156e+01  1.776357e-15
   endloop
 endfacet
 facet normal  4.250344e-01 -9.051772e-01  0.000000e+00
   outer loop
     vertex -4.884036e+01  3.462156e+01  9.000000e+00
     vertex -4.788421e+01  3.507053e+01  1.776357e-15
     vertex -4.788421e+01  3.507053e+01  9.000000e+00
   endloop
 endfacet
 facet normal  4.497071e-01 -8.931761e-01  0.000000e+00
   outer loop
     vertex -4.978383e+01  3.414653e+01  9.000000e+00
     vertex -4.978383e+01  3.414653e+01  1.776357e-15
     vertex -4.884036e+01  3.462156e+01  9.000000e+00
   endloop
 endfacet
 facet normal  4.740412e-01 -8.805026e-01  0.000000e+00
   outer loop
     vertex -5.071391e+01  3.364579e+01  9.000000e+00
     vertex -5.071391e+01  3.364579e+01  2.220446e-15
     vertex -4.978383e+01  3.414653e+01  1.776357e-15
   endloop
 endfacet
 facet normal  4.980186e-01 -8.671664e-01  0.000000e+00
   outer loop
     vertex -5.071391e+01  3.364579e+01  9.000000e+00
     vertex -5.162991e+01  3.311973e+01  2.220446e-15
     vertex -5.071391e+01  3.364579e+01  2.220446e-15
   endloop
 endfacet
 facet normal  4.740412e-01 -8.805026e-01  0.000000e+00
   outer loop
     vertex -5.071391e+01  3.364579e+01  9.000000e+00
     vertex -4.978383e+01  3.414653e+01  1.776357e-15
     vertex -4.978383e+01  3.414653e+01  9.000000e+00
   endloop
 endfacet
 facet normal  4.980186e-01 -8.671664e-01  0.000000e+00
   outer loop
     vertex -5.162991e+01  3.311973e+01  9.000000e+00
     vertex -5.162991e+01  3.311973e+01  2.220446e-15
     vertex -5.071391e+01  3.364579e+01  9.000000e+00
   endloop
 endfacet
 facet normal  5.216210e-01 -8.531773e-01  0.000000e+00
   outer loop
     vertex -5.253113e+01  3.256874e+01  9.000000e+00
     vertex -5.253113e+01  3.256874e+01  2.220446e-15
     vertex -5.162991e+01  3.311973e+01  2.220446e-15
   endloop
 endfacet
 facet normal  5.448308e-01 -8.385460e-01  0.000000e+00
   outer loop
     vertex -5.253113e+01  3.256874e+01  9.000000e+00
     vertex -5.341689e+01  3.199323e+01  2.220446e-15
     vertex -5.253113e+01  3.256874e+01  2.220446e-15
   endloop
 endfacet
 facet normal  5.216210e-01 -8.531773e-01  0.000000e+00
   outer loop
     vertex -5.253113e+01  3.256874e+01  9.000000e+00
     vertex -5.162991e+01  3.311973e+01  2.220446e-15
     vertex -5.162991e+01  3.311973e+01  9.000000e+00
   endloop
 endfacet
 facet normal  5.448308e-01 -8.385460e-01  0.000000e+00
   outer loop
     vertex -5.341689e+01  3.199323e+01  9.000000e+00
     vertex -5.341689e+01  3.199323e+01  2.220446e-15
     vertex -5.253113e+01  3.256874e+01  9.000000e+00
   endloop
 endfacet
 facet normal  5.676304e-01 -8.232835e-01  0.000000e+00
   outer loop
     vertex -5.428654e+01  3.139363e+01  9.000000e+00
     vertex -5.341689e+01  3.199323e+01  2.220446e-15
     vertex -5.341689e+01  3.199323e+01  9.000000e+00
   endloop
 endfacet
 facet normal  5.676304e-01 -8.232835e-01  0.000000e+00
   outer loop
     vertex -5.428654e+01  3.139363e+01  9.000000e+00
     vertex -5.428654e+01  3.139363e+01  2.220446e-15
     vertex -5.341689e+01  3.199323e+01  2.220446e-15
   endloop
 endfacet
 facet normal  5.900028e-01 -8.074012e-01  0.000000e+00
   outer loop
     vertex -5.428654e+01  3.139363e+01  9.000000e+00
     vertex -5.513940e+01  3.077041e+01  2.220446e-15
     vertex -5.428654e+01  3.139363e+01  2.220446e-15
   endloop
 endfacet
 facet normal  5.900028e-01 -8.074012e-01  0.000000e+00
   outer loop
     vertex -5.513940e+01  3.077041e+01  9.000000e+00
     vertex -5.513940e+01  3.077041e+01  2.220446e-15
     vertex -5.428654e+01  3.139363e+01  9.000000e+00
   endloop
 endfacet
 facet normal  6.119310e-01 -7.909112e-01  0.000000e+00
   outer loop
     vertex -5.597485e+01  3.012402e+01  9.000000e+00
     vertex -5.513940e+01  3.077041e+01  2.220446e-15
     vertex -5.513940e+01  3.077041e+01  9.000000e+00
   endloop
 endfacet
 facet normal  6.119310e-01 -7.909112e-01  0.000000e+00
   outer loop
     vertex -5.597485e+01  3.012402e+01  9.000000e+00
     vertex -5.597485e+01  3.012402e+01  2.220446e-15
     vertex -5.513940e+01  3.077041e+01  2.220446e-15
   endloop
 endfacet
 facet normal  6.333986e-01 -7.738257e-01  0.000000e+00
   outer loop
     vertex -5.679225e+01  2.945495e+01  9.000000e+00
     vertex -5.597485e+01  3.012402e+01  2.220446e-15
     vertex -5.597485e+01  3.012402e+01  9.000000e+00
   endloop
 endfacet
 facet normal  6.333986e-01 -7.738257e-01  0.000000e+00
   outer loop
     vertex -5.679225e+01  2.945495e+01  9.000000e+00
     vertex -5.679225e+01  2.945495e+01  2.664535e-15
     vertex -5.597485e+01  3.012402e+01  2.220446e-15
   endloop
 endfacet
 facet normal  6.543893e-01 -7.561578e-01  0.000000e+00
   outer loop
     vertex -5.759099e+01  2.876372e+01  9.000000e+00
     vertex -5.679225e+01  2.945495e+01  2.664535e-15
     vertex -5.679225e+01  2.945495e+01  9.000000e+00
   endloop
 endfacet
 facet normal  6.543893e-01 -7.561578e-01  0.000000e+00
   outer loop
     vertex -5.759099e+01  2.876372e+01  9.000000e+00
     vertex -5.759099e+01  2.876372e+01  2.664535e-15
     vertex -5.679225e+01  2.945495e+01  2.664535e-15
   endloop
 endfacet
 facet normal  6.748875e-01 -7.379206e-01  0.000000e+00
   outer loop
     vertex -5.837046e+01  2.805083e+01  9.000000e+00
     vertex -5.759099e+01  2.876372e+01  2.664535e-15
     vertex -5.759099e+01  2.876372e+01  9.000000e+00
   endloop
 endfacet
 facet normal  6.748875e-01 -7.379206e-01  0.000000e+00
   outer loop
     vertex -5.837046e+01  2.805083e+01  9.000000e+00
     vertex -5.837046e+01  2.805083e+01  2.664535e-15
     vertex -5.759099e+01  2.876372e+01  2.664535e-15
   endloop
 endfacet
 facet normal  6.948776e-01 -7.191280e-01  0.000000e+00
   outer loop
     vertex -5.913008e+01  2.731682e+01  9.000000e+00
     vertex -5.837046e+01  2.805083e+01  2.664535e-15
     vertex -5.837046e+01  2.805083e+01  9.000000e+00
   endloop
 endfacet
 facet normal  6.948776e-01 -7.191280e-01  0.000000e+00
   outer loop
     vertex -5.913008e+01  2.731682e+01  9.000000e+00
     vertex -5.913008e+01  2.731682e+01  2.664535e-15
     vertex -5.837046e+01  2.805083e+01  2.664535e-15
   endloop
 endfacet
 facet normal  7.143447e-01 -6.997940e-01  0.000000e+00
   outer loop
     vertex -5.913008e+01  2.731682e+01  9.000000e+00
     vertex -5.986928e+01  2.656225e+01  2.664535e-15
     vertex -5.913008e+01  2.731682e+01  2.664535e-15
   endloop
 endfacet
 facet normal  7.143447e-01 -6.997940e-01  0.000000e+00
   outer loop
     vertex -5.986928e+01  2.656225e+01  9.000000e+00
     vertex -5.986928e+01  2.656225e+01  2.664535e-15
     vertex -5.913008e+01  2.731682e+01  9.000000e+00
   endloop
 endfacet
 facet normal  7.332740e-01 -6.799333e-01  0.000000e+00
   outer loop
     vertex -6.058750e+01  2.578768e+01  9.000000e+00
     vertex -5.986928e+01  2.656225e+01  2.664535e-15
     vertex -5.986928e+01  2.656225e+01  9.000000e+00
   endloop
 endfacet
 facet normal  7.332740e-01 -6.799333e-01  0.000000e+00
   outer loop
     vertex -6.058750e+01  2.578768e+01  9.000000e+00
     vertex -6.058750e+01  2.578768e+01  3.108624e-15
     vertex -5.986928e+01  2.656225e+01  2.664535e-15
   endloop
 endfacet
 facet normal  7.516513e-01 -6.595607e-01  0.000000e+00
   outer loop
     vertex -6.128420e+01  2.499371e+01  9.000000e+00
     vertex -6.058750e+01  2.578768e+01  3.108624e-15
     vertex -6.058750e+01  2.578768e+01  9.000000e+00
   endloop
 endfacet
 facet normal  7.516513e-01 -6.595607e-01  0.000000e+00
   outer loop
     vertex -6.128420e+01  2.499371e+01  9.000000e+00
     vertex -6.128420e+01  2.499371e+01  3.108624e-15
     vertex -6.058750e+01  2.578768e+01  3.108624e-15
   endloop
 endfacet
 facet normal  7.694628e-01 -6.386916e-01  0.000000e+00
   outer loop
     vertex -6.195886e+01  2.418092e+01  9.000000e+00
     vertex -6.128420e+01  2.499371e+01  3.108624e-15
     vertex -6.128420e+01  2.499371e+01  9.000000e+00
   endloop
 endfacet
 facet normal  7.694628e-01 -6.386916e-01  0.000000e+00
   outer loop
     vertex -6.195886e+01  2.418092e+01  9.000000e+00
     vertex -6.195886e+01  2.418092e+01  3.108624e-15
     vertex -6.128420e+01  2.499371e+01  3.108624e-15
   endloop
 endfacet
 facet normal  7.866951e-01 -6.173417e-01  0.000000e+00
   outer loop
     vertex -6.195886e+01  2.418092e+01  9.000000e+00
     vertex -6.261096e+01  2.334992e+01  3.108624e-15
     vertex -6.195886e+01  2.418092e+01  3.108624e-15
   endloop
 endfacet
 facet normal  7.866951e-01 -6.173417e-01  0.000000e+00
   outer loop
     vertex -6.261096e+01  2.334992e+01  9.000000e+00
     vertex -6.261096e+01  2.334992e+01  3.108624e-15
     vertex -6.195886e+01  2.418092e+01  9.000000e+00
   endloop
 endfacet
 facet normal  8.033352e-01 -5.955271e-01  0.000000e+00
   outer loop
     vertex -6.324003e+01  2.250135e+01  9.000000e+00
     vertex -6.261096e+01  2.334992e+01  3.108624e-15
     vertex -6.261096e+01  2.334992e+01  9.000000e+00
   endloop
 endfacet
 facet normal  8.033352e-01 -5.955271e-01  0.000000e+00
   outer loop
     vertex -6.324003e+01  2.250135e+01  9.000000e+00
     vertex -6.324003e+01  2.250135e+01  3.108624e-15
     vertex -6.261096e+01  2.334992e+01  3.108624e-15
   endloop
 endfacet
 facet normal  8.193706e-01 -5.732642e-01  0.000000e+00
   outer loop
     vertex -6.324003e+01  2.250135e+01  9.000000e+00
     vertex -6.384557e+01  2.163584e+01  3.552714e-15
     vertex -6.324003e+01  2.250135e+01  3.108624e-15
   endloop
 endfacet
 facet normal  8.193706e-01 -5.732642e-01  0.000000e+00
   outer loop
     vertex -6.384557e+01  2.163584e+01  9.000000e+00
     vertex -6.384557e+01  2.163584e+01  3.552714e-15
     vertex -6.324003e+01  2.250135e+01  9.000000e+00
   endloop
 endfacet
 facet normal  8.347891e-01 -5.505698e-01  0.000000e+00
   outer loop
     vertex -6.442714e+01  2.075405e+01  9.000000e+00
     vertex -6.384557e+01  2.163584e+01  3.552714e-15
     vertex -6.384557e+01  2.163584e+01  9.000000e+00
   endloop
 endfacet
 facet normal  8.347891e-01 -5.505698e-01  0.000000e+00
   outer loop
     vertex -6.442714e+01  2.075405e+01  9.000000e+00
     vertex -6.442714e+01  2.075405e+01  3.552714e-15
     vertex -6.384557e+01  2.163584e+01  3.552714e-15
   endloop
 endfacet
 facet normal  8.495793e-01 -5.274609e-01  0.000000e+00
   outer loop
     vertex -6.498431e+01  1.985663e+01  9.000000e+00
     vertex -6.442714e+01  2.075405e+01  3.552714e-15
     vertex -6.442714e+01  2.075405e+01  9.000000e+00
   endloop
 endfacet
 facet normal  8.495793e-01 -5.274609e-01  0.000000e+00
   outer loop
     vertex -6.498431e+01  1.985663e+01  9.000000e+00
     vertex -6.498431e+01  1.985663e+01  3.552714e-15
     vertex -6.442714e+01  2.075405e+01  3.552714e-15
   endloop
 endfacet
 facet normal  8.637299e-01 -5.039550e-01  0.000000e+00
   outer loop
     vertex -6.551664e+01  1.894426e+01  9.000000e+00
     vertex -6.498431e+01  1.985663e+01  3.552714e-15
     vertex -6.498431e+01  1.985663e+01  9.000000e+00
   endloop
 endfacet
 facet normal  8.637299e-01 -5.039550e-01  0.000000e+00
   outer loop
     vertex -6.551664e+01  1.894426e+01  9.000000e+00
     vertex -6.551664e+01  1.894426e+01  3.552714e-15
     vertex -6.498431e+01  1.985663e+01  3.552714e-15
   endloop
 endfacet
 facet normal  8.772303e-01 -4.800697e-01  0.000000e+00
   outer loop
     vertex -6.602374e+01  1.801763e+01  9.000000e+00
     vertex -6.551664e+01  1.894426e+01  3.552714e-15
     vertex -6.551664e+01  1.894426e+01  9.000000e+00
   endloop
 endfacet
 facet normal  8.772303e-01 -4.800697e-01  0.000000e+00
   outer loop
     vertex -6.602374e+01  1.801763e+01  9.000000e+00
     vertex -6.602374e+01  1.801763e+01  3.552714e-15
     vertex -6.551664e+01  1.894426e+01  3.552714e-15
   endloop
 endfacet
 facet normal  8.900704e-01 -4.558231e-01  0.000000e+00
   outer loop
     vertex -6.650523e+01  1.707744e+01  9.000000e+00
     vertex -6.602374e+01  1.801763e+01  3.552714e-15
     vertex -6.602374e+01  1.801763e+01  9.000000e+00
   endloop
 endfacet
 facet normal  8.900704e-01 -4.558231e-01  0.000000e+00
   outer loop
     vertex -6.650523e+01  1.707744e+01  9.000000e+00
     vertex -6.650523e+01  1.707744e+01  3.996803e-15
     vertex -6.602374e+01  1.801763e+01  3.552714e-15
   endloop
 endfacet
 facet normal  9.022405e-01 -4.312333e-01  0.000000e+00
   outer loop
     vertex -6.650523e+01  1.707744e+01  9.000000e+00
     vertex -6.696075e+01  1.612440e+01  3.996803e-15
     vertex -6.650523e+01  1.707744e+01  3.996803e-15
   endloop
 endfacet
 facet normal  9.022405e-01 -4.312333e-01  0.000000e+00
   outer loop
     vertex -6.696075e+01  1.612440e+01  9.000000e+00
     vertex -6.696075e+01  1.612440e+01  3.996803e-15
     vertex -6.650523e+01  1.707744e+01  9.000000e+00
   endloop
 endfacet
 facet normal  9.137314e-01 -4.063188e-01  0.000000e+00
   outer loop
     vertex -6.738995e+01  1.515921e+01  9.000000e+00
     vertex -6.696075e+01  1.612440e+01  3.996803e-15
     vertex -6.696075e+01  1.612440e+01  9.000000e+00
   endloop
 endfacet
 facet normal  9.137314e-01 -4.063188e-01  0.000000e+00
   outer loop
     vertex -6.738995e+01  1.515921e+01  9.000000e+00
     vertex -6.738995e+01  1.515921e+01  3.996803e-15
     vertex -6.696075e+01  1.612440e+01  3.996803e-15
   endloop
 endfacet
 facet normal  9.245344e-01 -3.810986e-01  0.000000e+00
   outer loop
     vertex -6.738995e+01  1.515921e+01  9.000000e+00
     vertex -6.779250e+01  1.418262e+01  3.996803e-15
     vertex -6.738995e+01  1.515921e+01  3.996803e-15
   endloop
 endfacet
 facet normal  9.245344e-01 -3.810986e-01  0.000000e+00
   outer loop
     vertex -6.779250e+01  1.418262e+01  9.000000e+00
     vertex -6.779250e+01  1.418262e+01  3.996803e-15
     vertex -6.738995e+01  1.515921e+01  9.000000e+00
   endloop
 endfacet
 facet normal  9.346415e-01 -3.555914e-01  0.000000e+00
   outer loop
     vertex -6.816812e+01  1.319534e+01  9.000000e+00
     vertex -6.816812e+01  1.319534e+01  4.440892e-15
     vertex -6.779250e+01  1.418262e+01  3.996803e-15
   endloop
 endfacet
 facet normal  9.346415e-01 -3.555914e-01  0.000000e+00
   outer loop
     vertex -6.816812e+01  1.319534e+01  9.000000e+00
     vertex -6.779250e+01  1.418262e+01  3.996803e-15
     vertex -6.779250e+01  1.418262e+01  9.000000e+00
   endloop
 endfacet
 facet normal  9.440450e-01 -3.298166e-01  0.000000e+00
   outer loop
     vertex -6.851651e+01  1.219814e+01  9.000000e+00
     vertex -6.851651e+01  1.219814e+01  4.440892e-15
     vertex -6.816812e+01  1.319534e+01  4.440892e-15
   endloop
 endfacet
 facet normal  9.527379e-01 -3.037934e-01  0.000000e+00
   outer loop
     vertex -6.851651e+01  1.219814e+01  9.000000e+00
     vertex -6.883741e+01  1.119175e+01  4.440892e-15
     vertex -6.851651e+01  1.219814e+01  4.440892e-15
   endloop
 endfacet
 facet normal  9.440450e-01 -3.298166e-01  0.000000e+00
   outer loop
     vertex -6.851651e+01  1.219814e+01  9.000000e+00
     vertex -6.816812e+01  1.319534e+01  4.440892e-15
     vertex -6.816812e+01  1.319534e+01  9.000000e+00
   endloop
 endfacet
 facet normal  9.527379e-01 -3.037934e-01  0.000000e+00
   outer loop
     vertex -6.883741e+01  1.119175e+01  9.000000e+00
     vertex -6.883741e+01  1.119175e+01  4.440892e-15
     vertex -6.851651e+01  1.219814e+01  9.000000e+00
   endloop
 endfacet
 facet normal  9.607136e-01 -2.775416e-01  0.000000e+00
   outer loop
     vertex -6.913058e+01  1.017694e+01  9.000000e+00
     vertex -6.883741e+01  1.119175e+01  4.440892e-15
     vertex -6.883741e+01  1.119175e+01  9.000000e+00
   endloop
 endfacet
 facet normal  9.607136e-01 -2.775416e-01  0.000000e+00
   outer loop
     vertex -6.913058e+01  1.017694e+01  9.000000e+00
     vertex -6.913058e+01  1.017694e+01  4.440892e-15
     vertex -6.883741e+01  1.119175e+01  4.440892e-15
   endloop
 endfacet
 facet normal  9.679661e-01 -2.510809e-01  0.000000e+00
   outer loop
     vertex -6.939580e+01  9.154470e+00  9.000000e+00
     vertex -6.913058e+01  1.017694e+01  4.440892e-15
     vertex -6.913058e+01  1.017694e+01  9.000000e+00
   endloop
 endfacet
 facet normal  9.679661e-01 -2.510809e-01  0.000000e+00
   outer loop
     vertex -6.939580e+01  9.154470e+00  9.000000e+00
     vertex -6.939580e+01  9.154470e+00  4.884981e-15
     vertex -6.913058e+01  1.017694e+01  4.440892e-15
   endloop
 endfacet
 facet normal  9.744899e-01 -2.244312e-01  0.000000e+00
   outer loop
     vertex -6.963287e+01  8.125106e+00  9.000000e+00
     vertex -6.939580e+01  9.154470e+00  4.884981e-15
     vertex -6.939580e+01  9.154470e+00  9.000000e+00
   endloop
 endfacet
 facet normal  9.744899e-01 -2.244312e-01  0.000000e+00
   outer loop
     vertex -6.963287e+01  8.125106e+00  9.000000e+00
     vertex -6.963287e+01  8.125106e+00  4.884981e-15
     vertex -6.939580e+01  9.154470e+00  4.884981e-15
   endloop
 endfacet
 facet normal  9.802802e-01 -1.976125e-01  0.000000e+00
   outer loop
     vertex -6.963287e+01  8.125106e+00  9.000000e+00
     vertex -6.984161e+01  7.089626e+00  4.884981e-15
     vertex -6.963287e+01  8.125106e+00  4.884981e-15
   endloop
 endfacet
 facet normal  9.802802e-01 -1.976125e-01  0.000000e+00
   outer loop
     vertex -6.984161e+01  7.089626e+00  9.000000e+00
     vertex -6.984161e+01  7.089626e+00  4.884981e-15
     vertex -6.963287e+01  8.125106e+00  9.000000e+00
   endloop
 endfacet
 facet normal  9.853326e-01 -1.706451e-01  0.000000e+00
   outer loop
     vertex -6.984161e+01  7.089626e+00  9.000000e+00
     vertex -7.002186e+01  6.048809e+00  4.884981e-15
     vertex -6.984161e+01  7.089626e+00  4.884981e-15
   endloop
 endfacet
 facet normal  9.853326e-01 -1.706451e-01  0.000000e+00
   outer loop
     vertex -7.002186e+01  6.048809e+00  9.000000e+00
     vertex -7.002186e+01  6.048809e+00  4.884981e-15
     vertex -6.984161e+01  7.089626e+00  9.000000e+00
   endloop
 endfacet
 facet normal  9.896432e-01 -1.435492e-01  0.000000e+00
   outer loop
     vertex -7.017349e+01  5.003439e+00  9.000000e+00
     vertex -7.002186e+01  6.048809e+00  4.884981e-15
     vertex -7.002186e+01  6.048809e+00  9.000000e+00
   endloop
 endfacet
 facet normal  9.896432e-01 -1.435492e-01  0.000000e+00
   outer loop
     vertex -7.017349e+01  5.003439e+00  9.000000e+00
     vertex -7.017349e+01  5.003439e+00  5.329071e-15
     vertex -7.002186e+01  6.048809e+00  4.884981e-15
   endloop
 endfacet
 facet normal  9.932088e-01 -1.163452e-01  0.000000e+00
   outer loop
     vertex -7.029639e+01  3.954302e+00  9.000000e+00
     vertex -7.017349e+01  5.003439e+00  5.329071e-15
     vertex -7.017349e+01  5.003439e+00  9.000000e+00
   endloop
 endfacet
 facet normal  9.932088e-01 -1.163452e-01  0.000000e+00
   outer loop
     vertex -7.029639e+01  3.954302e+00  9.000000e+00
     vertex -7.029639e+01  3.954302e+00  5.329071e-15
     vertex -7.017349e+01  5.003439e+00  5.329071e-15
   endloop
 endfacet
 facet normal  9.960268e-01 -8.905371e-02  0.000000e+00
   outer loop
     vertex -7.039046e+01  2.902189e+00  9.000000e+00
     vertex -7.029639e+01  3.954302e+00  5.329071e-15
     vertex -7.029639e+01  3.954302e+00  9.000000e+00
   endloop
 endfacet
 facet normal  9.960268e-01 -8.905371e-02  0.000000e+00
   outer loop
     vertex -7.039046e+01  2.902189e+00  9.000000e+00
     vertex -7.039046e+01  2.902189e+00  5.329071e-15
     vertex -7.029639e+01  3.954302e+00  5.329071e-15
   endloop
 endfacet
 facet normal  9.980950e-01 -6.169515e-02  0.000000e+00
   outer loop
     vertex -7.039046e+01  2.902189e+00  9.000000e+00
     vertex -7.045563e+01  1.847891e+00  5.773160e-15
     vertex -7.039046e+01  2.902189e+00  5.329071e-15
   endloop
 endfacet
 facet normal  9.980950e-01 -6.169515e-02  0.000000e+00
   outer loop
     vertex -7.045563e+01  1.847891e+00  9.000000e+00
     vertex -7.045563e+01  1.847891e+00  5.773160e-15
     vertex -7.039046e+01  2.902189e+00  9.000000e+00
   endloop
 endfacet
 facet normal  9.994119e-01 -3.429014e-02  0.000000e+00
   outer loop
     vertex -7.049185e+01  7.922016e-01  9.000000e+00
     vertex -7.045563e+01  1.847891e+00  5.773160e-15
     vertex -7.045563e+01  1.847891e+00  9.000000e+00
   endloop
 endfacet
 facet normal  9.994119e-01 -3.429014e-02  0.000000e+00
   outer loop
     vertex -7.049185e+01  7.922016e-01  9.000000e+00
     vertex -7.049185e+01  7.922016e-01  5.773160e-15
     vertex -7.045563e+01  1.847891e+00  5.773160e-15
   endloop
 endfacet
 facet normal  9.999765e-01 -6.859319e-03  0.000000e+00
   outer loop
     vertex -7.049909e+01 -2.640838e-01  9.000000e+00
     vertex -7.049185e+01  7.922016e-01  5.773160e-15
     vertex -7.049185e+01  7.922016e-01  9.000000e+00
   endloop
 endfacet
 facet normal  9.999765e-01 -6.859319e-03  0.000000e+00
   outer loop
     vertex -7.049909e+01 -2.640838e-01  9.000000e+00
     vertex -7.049909e+01 -2.640838e-01  5.773160e-15
     vertex -7.049185e+01  7.922016e-01  5.773160e-15
   endloop
 endfacet
 facet normal  9.997883e-01  2.057667e-02  0.000000e+00
   outer loop
     vertex -7.047736e+01 -1.320170e+00  9.000000e+00
     vertex -7.049909e+01 -2.640838e-01  5.773160e-15
     vertex -7.049909e+01 -2.640838e-01  9.000000e+00
   endloop
 endfacet
 facet normal  9.997883e-01  2.057667e-02  0.000000e+00
   outer loop
     vertex -7.047736e+01 -1.320170e+00  9.000000e+00
     vertex -7.047736e+01 -1.320170e+00  5.773160e-15
     vertex -7.049909e+01 -2.640838e-01  5.773160e-15
   endloop
 endfacet
 facet normal  9.988475e-01  4.799716e-02  0.000000e+00
   outer loop
     vertex -7.042666e+01 -2.375263e+00  9.000000e+00
     vertex -7.042666e+01 -2.375263e+00  6.217249e-15
     vertex -7.047736e+01 -1.320170e+00  5.773160e-15
   endloop
 endfacet
 facet normal  9.988475e-01  4.799716e-02  0.000000e+00
   outer loop
     vertex -7.042666e+01 -2.375263e+00  9.000000e+00
     vertex -7.047736e+01 -1.320170e+00  5.773160e-15
     vertex -7.047736e+01 -1.320170e+00  9.000000e+00
   endloop
 endfacet
 facet normal  9.971548e-01  7.538152e-02  0.000000e+00
   outer loop
     vertex -7.034703e+01 -3.428568e+00  9.000000e+00
     vertex -7.034703e+01 -3.428568e+00  6.217249e-15
     vertex -7.042666e+01 -2.375263e+00  6.217249e-15
   endloop
 endfacet
 facet normal  9.947114e-01  1.027091e-01  0.000000e+00
   outer loop
     vertex -7.034703e+01 -3.428568e+00  9.000000e+00
     vertex -7.023854e+01 -4.479292e+00  6.217249e-15
     vertex -7.034703e+01 -3.428568e+00  6.217249e-15
   endloop
 endfacet
 facet normal  9.971548e-01  7.538152e-02  0.000000e+00
   outer loop
     vertex -7.034703e+01 -3.428568e+00  9.000000e+00
     vertex -7.042666e+01 -2.375263e+00  6.217249e-15
     vertex -7.042666e+01 -2.375263e+00  9.000000e+00
   endloop
 endfacet
 facet normal  9.915193e-01  1.299594e-01  0.000000e+00
   outer loop
     vertex -7.023854e+01 -4.479292e+00  9.000000e+00
     vertex -7.010126e+01 -5.526644e+00  6.217249e-15
     vertex -7.023854e+01 -4.479292e+00  6.217249e-15
   endloop
 endfacet
 facet normal  9.947114e-01  1.027091e-01  0.000000e+00
   outer loop
     vertex -7.023854e+01 -4.479292e+00  9.000000e+00
     vertex -7.023854e+01 -4.479292e+00  6.217249e-15
     vertex -7.034703e+01 -3.428568e+00  9.000000e+00
   endloop
 endfacet
 facet normal  9.915193e-01  1.299594e-01  0.000000e+00
   outer loop
     vertex -7.010126e+01 -5.526644e+00  9.000000e+00
     vertex -7.010126e+01 -5.526644e+00  6.217249e-15
     vertex -7.023854e+01 -4.479292e+00  9.000000e+00
   endloop
 endfacet
 facet normal  9.875808e-01  1.571119e-01  0.000000e+00
   outer loop
     vertex -6.993530e+01 -6.569836e+00  9.000000e+00
     vertex -6.993530e+01 -6.569836e+00  6.661338e-15
     vertex -7.010126e+01 -5.526644e+00  6.217249e-15
   endloop
 endfacet
 facet normal  9.828989e-01  1.841461e-01  0.000000e+00
   outer loop
     vertex -6.993530e+01 -6.569836e+00  9.000000e+00
     vertex -6.974079e+01 -7.608082e+00  6.661338e-15
     vertex -6.993530e+01 -6.569836e+00  6.661338e-15
   endloop
 endfacet
 facet normal  9.875808e-01  1.571119e-01  0.000000e+00
   outer loop
     vertex -6.993530e+01 -6.569836e+00  9.000000e+00
     vertex -7.010126e+01 -5.526644e+00  6.217249e-15
     vertex -7.010126e+01 -5.526644e+00  9.000000e+00
   endloop
 endfacet
 facet normal  9.828989e-01  1.841461e-01  0.000000e+00
   outer loop
     vertex -6.974079e+01 -7.608082e+00  9.000000e+00
     vertex -6.974079e+01 -7.608082e+00  6.661338e-15
     vertex -6.993530e+01 -6.569836e+00  9.000000e+00
   endloop
 endfacet
 facet normal  9.774771e-01  2.110417e-01  0.000000e+00
   outer loop
     vertex -6.951786e+01 -8.640601e+00  9.000000e+00
     vertex -6.951786e+01 -8.640601e+00  6.661338e-15
     vertex -6.974079e+01 -7.608082e+00  6.661338e-15
   endloop
 endfacet
 facet normal  9.774771e-01  2.110417e-01  0.000000e+00
   outer loop
     vertex -6.951786e+01 -8.640601e+00  9.000000e+00
     vertex -6.974079e+01 -7.608082e+00  6.661338e-15
     vertex -6.974079e+01 -7.608082e+00  9.000000e+00
   endloop
 endfacet
 facet normal  9.713194e-01  2.377784e-01  0.000000e+00
   outer loop
     vertex -6.926669e+01 -9.666615e+00  9.000000e+00
     vertex -6.926669e+01 -9.666615e+00  6.661338e-15
     vertex -6.951786e+01 -8.640601e+00  6.661338e-15
   endloop
 endfacet
 facet normal  9.713194e-01  2.377784e-01  0.000000e+00
   outer loop
     vertex -6.926669e+01 -9.666615e+00  9.000000e+00
     vertex -6.951786e+01 -8.640601e+00  6.661338e-15
     vertex -6.951786e+01 -8.640601e+00  9.000000e+00
   endloop
 endfacet
 facet normal  9.644306e-01  2.643362e-01  0.000000e+00
   outer loop
     vertex -6.898747e+01 -1.068535e+01  9.000000e+00
     vertex -6.898747e+01 -1.068535e+01  7.105427e-15
     vertex -6.926669e+01 -9.666615e+00  6.661338e-15
   endloop
 endfacet
 facet normal  9.568158e-01  2.906949e-01  0.000000e+00
   outer loop
     vertex -6.898747e+01 -1.068535e+01  9.000000e+00
     vertex -6.868041e+01 -1.169605e+01  7.105427e-15
     vertex -6.898747e+01 -1.068535e+01  7.105427e-15
   endloop
 endfacet
 facet normal  9.644306e-01  2.643362e-01  0.000000e+00
   outer loop
     vertex -6.898747e+01 -1.068535e+01  9.000000e+00
     vertex -6.926669e+01 -9.666615e+00  6.661338e-15
     vertex -6.926669e+01 -9.666615e+00  9.000000e+00
   endloop
 endfacet
 facet normal  9.568158e-01  2.906949e-01  0.000000e+00
   outer loop
     vertex -6.868041e+01 -1.169605e+01  9.000000e+00
     vertex -6.868041e+01 -1.169605e+01  7.105427e-15
     vertex -6.898747e+01 -1.068535e+01  9.000000e+00
   endloop
 endfacet
 facet normal  9.484807e-01  3.168348e-01  0.000000e+00
   outer loop
     vertex -6.834573e+01 -1.269794e+01  9.000000e+00
     vertex -6.834573e+01 -1.269794e+01  7.105427e-15
     vertex -6.868041e+01 -1.169605e+01  7.105427e-15
   endloop
 endfacet
 facet normal  9.484807e-01  3.168348e-01  0.000000e+00
   outer loop
     vertex -6.834573e+01 -1.269794e+01  9.000000e+00
     vertex -6.868041e+01 -1.169605e+01  7.105427e-15
     vertex -6.868041e+01 -1.169605e+01  9.000000e+00
   endloop
 endfacet
 facet normal  9.394317e-01  3.427362e-01  0.000000e+00
   outer loop
     vertex -6.798370e+01 -1.369027e+01  9.000000e+00
     vertex -6.798370e+01 -1.369027e+01  7.105427e-15
     vertex -6.834573e+01 -1.269794e+01  7.105427e-15
   endloop
 endfacet
 facet normal  9.296754e-01  3.683796e-01  0.000000e+00
   outer loop
     vertex -6.798370e+01 -1.369027e+01  9.000000e+00
     vertex -6.759458e+01 -1.467229e+01  7.549517e-15
     vertex -6.798370e+01 -1.369027e+01  7.105427e-15
   endloop
 endfacet
 facet normal  9.394317e-01  3.427362e-01  0.000000e+00
   outer loop
     vertex -6.798370e+01 -1.369027e+01  9.000000e+00
     vertex -6.834573e+01 -1.269794e+01  7.105427e-15
     vertex -6.834573e+01 -1.269794e+01  9.000000e+00
   endloop
 endfacet
 facet normal  9.192194e-01  3.937458e-01  0.000000e+00
   outer loop
     vertex -6.759458e+01 -1.467229e+01  9.000000e+00
     vertex -6.717866e+01 -1.564328e+01  7.549517e-15
     vertex -6.759458e+01 -1.467229e+01  7.549517e-15
   endloop
 endfacet
 facet normal  9.296754e-01  3.683796e-01  0.000000e+00
   outer loop
     vertex -6.759458e+01 -1.467229e+01  9.000000e+00
     vertex -6.759458e+01 -1.467229e+01  7.549517e-15
     vertex -6.798370e+01 -1.369027e+01  9.000000e+00
   endloop
 endfacet
 facet normal  9.192194e-01  3.937458e-01  0.000000e+00
   outer loop
     vertex -6.717866e+01 -1.564328e+01  9.000000e+00
     vertex -6.717866e+01 -1.564328e+01  7.549517e-15
     vertex -6.759458e+01 -1.467229e+01  9.000000e+00
   endloop
 endfacet
 facet normal  9.080714e-01  4.188155e-01  0.000000e+00
   outer loop
     vertex -6.673626e+01 -1.660248e+01  9.000000e+00
     vertex -6.717866e+01 -1.564328e+01  7.549517e-15
     vertex -6.717866e+01 -1.564328e+01  9.000000e+00
   endloop
 endfacet
 facet normal  9.080714e-01  4.188155e-01  0.000000e+00
   outer loop
     vertex -6.673626e+01 -1.660248e+01  9.000000e+00
     vertex -6.673626e+01 -1.660248e+01  7.549517e-15
     vertex -6.717866e+01 -1.564328e+01  7.549517e-15
   endloop
 endfacet
 facet normal  8.962398e-01  4.435699e-01  0.000000e+00
   outer loop
     vertex -6.626771e+01 -1.754919e+01  9.000000e+00
     vertex -6.673626e+01 -1.660248e+01  7.549517e-15
     vertex -6.673626e+01 -1.660248e+01  9.000000e+00
   endloop
 endfacet
 facet normal  8.962398e-01  4.435699e-01  0.000000e+00
   outer loop
     vertex -6.626771e+01 -1.754919e+01  9.000000e+00
     vertex -6.626771e+01 -1.754919e+01  7.549517e-15
     vertex -6.673626e+01 -1.660248e+01  7.549517e-15
   endloop
 endfacet
 facet normal  8.837335e-01  4.679904e-01  0.000000e+00
   outer loop
     vertex -6.626771e+01 -1.754919e+01  9.000000e+00
     vertex -6.577337e+01 -1.848268e+01  7.993606e-15
     vertex -6.626771e+01 -1.754919e+01  7.549517e-15
   endloop
 endfacet
 facet normal  8.837335e-01  4.679904e-01  0.000000e+00
   outer loop
     vertex -6.577337e+01 -1.848268e+01  9.000000e+00
     vertex -6.577337e+01 -1.848268e+01  7.993606e-15
     vertex -6.626771e+01 -1.754919e+01  9.000000e+00
   endloop
 endfacet
 facet normal  8.705620e-01  4.920587e-01  0.000000e+00
   outer loop
     vertex -6.525360e+01 -1.940227e+01  9.000000e+00
     vertex -6.577337e+01 -1.848268e+01  7.993606e-15
     vertex -6.577337e+01 -1.848268e+01  9.000000e+00
   endloop
 endfacet
 facet normal  8.705620e-01  4.920587e-01  0.000000e+00
   outer loop
     vertex -6.525360e+01 -1.940227e+01  9.000000e+00
     vertex -6.525360e+01 -1.940227e+01  7.993606e-15
     vertex -6.577337e+01 -1.848268e+01  7.993606e-15
   endloop
 endfacet
 facet normal  8.567352e-01  5.157565e-01  0.000000e+00
   outer loop
     vertex -6.470880e+01 -2.030725e+01  9.000000e+00
     vertex -6.525360e+01 -1.940227e+01  7.993606e-15
     vertex -6.525360e+01 -1.940227e+01  9.000000e+00
   endloop
 endfacet
 facet normal  8.567352e-01  5.157565e-01  0.000000e+00
   outer loop
     vertex -6.470880e+01 -2.030725e+01  9.000000e+00
     vertex -6.470880e+01 -2.030725e+01  7.993606e-15
     vertex -6.525360e+01 -1.940227e+01  7.993606e-15
   endloop
 endfacet
 facet normal  8.422635e-01  5.390661e-01  0.000000e+00
   outer loop
     vertex -6.470880e+01 -2.030725e+01  9.000000e+00
     vertex -6.413938e+01 -2.119694e+01  7.993606e-15
     vertex -6.470880e+01 -2.030725e+01  7.993606e-15
   endloop
 endfacet
 facet normal  8.271577e-01  5.619699e-01  0.000000e+00
   outer loop
     vertex -6.413938e+01 -2.119694e+01  9.000000e+00
     vertex -6.354577e+01 -2.207067e+01  8.437695e-15
     vertex -6.413938e+01 -2.119694e+01  7.993606e-15
   endloop
 endfacet
 facet normal  8.422635e-01  5.390661e-01  0.000000e+00
   outer loop
     vertex -6.413938e+01 -2.119694e+01  9.000000e+00
     vertex -6.413938e+01 -2.119694e+01  7.993606e-15
     vertex -6.470880e+01 -2.030725e+01  9.000000e+00
   endloop
 endfacet
 facet normal  8.271577e-01  5.619699e-01  0.000000e+00
   outer loop
     vertex -6.354577e+01 -2.207067e+01  9.000000e+00
     vertex -6.354577e+01 -2.207067e+01  8.437695e-15
     vertex -6.413938e+01 -2.119694e+01  9.000000e+00
   endloop
 endfacet
 facet normal  8.114292e-01  5.844507e-01  0.000000e+00
   outer loop
     vertex -6.292841e+01 -2.292779e+01  9.000000e+00
     vertex -6.292841e+01 -2.292779e+01  8.437695e-15
     vertex -6.354577e+01 -2.207067e+01  8.437695e-15
   endloop
 endfacet
 facet normal  7.950900e-01  6.064915e-01  0.000000e+00
   outer loop
     vertex -6.292841e+01 -2.292779e+01  9.000000e+00
     vertex -6.228776e+01 -2.376766e+01  8.437695e-15
     vertex -6.292841e+01 -2.292779e+01  8.437695e-15
   endloop
 endfacet
 facet normal  8.114292e-01  5.844507e-01  0.000000e+00
   outer loop
     vertex -6.292841e+01 -2.292779e+01  9.000000e+00
     vertex -6.354577e+01 -2.207067e+01  8.437695e-15
     vertex -6.354577e+01 -2.207067e+01  9.000000e+00
   endloop
 endfacet
 facet normal  7.781522e-01  6.280757e-01  0.000000e+00
   outer loop
     vertex -6.228776e+01 -2.376766e+01  9.000000e+00
     vertex -6.162432e+01 -2.458963e+01  8.437695e-15
     vertex -6.228776e+01 -2.376766e+01  8.437695e-15
   endloop
 endfacet
 facet normal  7.950900e-01  6.064915e-01  0.000000e+00
   outer loop
     vertex -6.228776e+01 -2.376766e+01  9.000000e+00
     vertex -6.228776e+01 -2.376766e+01  8.437695e-15
     vertex -6.292841e+01 -2.292779e+01  9.000000e+00
   endloop
 endfacet
 facet normal  7.781522e-01  6.280757e-01  0.000000e+00
   outer loop
     vertex -6.162432e+01 -2.458963e+01  9.000000e+00
     vertex -6.162432e+01 -2.458963e+01  8.437695e-15
     vertex -6.228776e+01 -2.376766e+01  9.000000e+00
   endloop
 endfacet
 facet normal  7.606287e-01  6.491872e-01  0.000000e+00
   outer loop
     vertex -6.093858e+01 -2.539309e+01  9.000000e+00
     vertex -6.093858e+01 -2.539309e+01  8.437695e-15
     vertex -6.162432e+01 -2.458963e+01  8.437695e-15
   endloop
 endfacet
 facet normal  7.606287e-01  6.491872e-01  0.000000e+00
   outer loop
     vertex -6.093858e+01 -2.539309e+01  9.000000e+00
     vertex -6.162432e+01 -2.458963e+01  8.437695e-15
     vertex -6.162432e+01 -2.458963e+01  9.000000e+00
   endloop
 endfacet
 facet normal  7.425325e-01  6.698100e-01  0.000000e+00
   outer loop
     vertex -6.023105e+01 -2.617743e+01  9.000000e+00
     vertex -6.023105e+01 -2.617743e+01  8.881784e-15
     vertex -6.093858e+01 -2.539309e+01  8.437695e-15
   endloop
 endfacet
 facet normal  7.238775e-01  6.899286e-01  0.000000e+00
   outer loop
     vertex -6.023105e+01 -2.617743e+01  9.000000e+00
     vertex -5.950227e+01 -2.694207e+01  8.881784e-15
     vertex -6.023105e+01 -2.617743e+01  8.881784e-15
   endloop
 endfacet
 facet normal  7.425325e-01  6.698100e-01  0.000000e+00
   outer loop
     vertex -6.023105e+01 -2.617743e+01  9.000000e+00
     vertex -6.093858e+01 -2.539309e+01  8.437695e-15
     vertex -6.093858e+01 -2.539309e+01  9.000000e+00
   endloop
 endfacet
 facet normal  7.238775e-01  6.899286e-01  0.000000e+00
   outer loop
     vertex -5.950227e+01 -2.694207e+01  9.000000e+00
     vertex -5.950227e+01 -2.694207e+01  8.881784e-15
     vertex -6.023105e+01 -2.617743e+01  9.000000e+00
   endloop
 endfacet
 facet normal  7.046775e-01  7.095278e-01  0.000000e+00
   outer loop
     vertex -5.875279e+01 -2.768643e+01  9.000000e+00
     vertex -5.875279e+01 -2.768643e+01  8.881784e-15
     vertex -5.950227e+01 -2.694207e+01  8.881784e-15
   endloop
 endfacet
 facet normal  6.849470e-01  7.285929e-01  0.000000e+00
   outer loop
     vertex -5.875279e+01 -2.768643e+01  9.000000e+00
     vertex -5.798317e+01 -2.840994e+01  8.881784e-15
     vertex -5.875279e+01 -2.768643e+01  8.881784e-15
   endloop
 endfacet
 facet normal  7.046775e-01  7.095278e-01  0.000000e+00
   outer loop
     vertex -5.875279e+01 -2.768643e+01  9.000000e+00
     vertex -5.950227e+01 -2.694207e+01  8.881784e-15
     vertex -5.950227e+01 -2.694207e+01  9.000000e+00
   endloop
 endfacet
 facet normal  6.849470e-01  7.285929e-01  0.000000e+00
   outer loop
     vertex -5.798317e+01 -2.840994e+01  9.000000e+00
     vertex -5.798317e+01 -2.840994e+01  8.881784e-15
     vertex -5.875279e+01 -2.768643e+01  9.000000e+00
   endloop
 endfacet
 facet normal  6.647010e-01  7.471095e-01  0.000000e+00
   outer loop
     vertex -5.719399e+01 -2.911207e+01  9.000000e+00
     vertex -5.719399e+01 -2.911207e+01  8.881784e-15
     vertex -5.798317e+01 -2.840994e+01  8.881784e-15
   endloop
 endfacet
 facet normal  6.439545e-01  7.650637e-01  0.000000e+00
   outer loop
     vertex -5.719399e+01 -2.911207e+01  9.000000e+00
     vertex -5.638584e+01 -2.979229e+01  8.881784e-15
     vertex -5.719399e+01 -2.911207e+01  8.881784e-15
   endloop
 endfacet
 facet normal  6.647010e-01  7.471095e-01  0.000000e+00
   outer loop
     vertex -5.719399e+01 -2.911207e+01  9.000000e+00
     vertex -5.798317e+01 -2.840994e+01  8.881784e-15
     vertex -5.798317e+01 -2.840994e+01  9.000000e+00
   endloop
 endfacet
 facet normal  6.227234e-01  7.824421e-01  0.000000e+00
   outer loop
     vertex -5.638584e+01 -2.979229e+01  9.000000e+00
     vertex -5.555934e+01 -3.045008e+01  9.325873e-15
     vertex -5.638584e+01 -2.979229e+01  8.881784e-15
   endloop
 endfacet
 facet normal  6.439545e-01  7.650637e-01  0.000000e+00
   outer loop
     vertex -5.638584e+01 -2.979229e+01  9.000000e+00
     vertex -5.638584e+01 -2.979229e+01  8.881784e-15
     vertex -5.719399e+01 -2.911207e+01  9.000000e+00
   endloop
 endfacet
 facet normal  6.010234e-01  7.992314e-01  0.000000e+00
   outer loop
     vertex -5.555934e+01 -3.045008e+01  9.000000e+00
     vertex -5.471511e+01 -3.108495e+01  9.325873e-15
     vertex -5.555934e+01 -3.045008e+01  9.325873e-15
   endloop
 endfacet
 facet normal  6.227234e-01  7.824421e-01  0.000000e+00
   outer loop
     vertex -5.555934e+01 -3.045008e+01  9.000000e+00
     vertex -5.555934e+01 -3.045008e+01  9.325873e-15
     vertex -5.638584e+01 -2.979229e+01  9.000000e+00
   endloop
 endfacet
 facet normal  6.010234e-01  7.992314e-01  0.000000e+00
   outer loop
     vertex -5.471511e+01 -3.108495e+01  9.000000e+00
     vertex -5.471511e+01 -3.108495e+01  9.325873e-15
     vertex -5.555934e+01 -3.045008e+01  9.000000e+00
   endloop
 endfacet
 facet normal  5.788711e-01  8.154191e-01  0.000000e+00
   outer loop
     vertex -5.385377e+01 -3.169641e+01  9.000000e+00
     vertex -5.385377e+01 -3.169641e+01  9.325873e-15
     vertex -5.471511e+01 -3.108495e+01  9.325873e-15
   endloop
 endfacet
 facet normal  5.562829e-01  8.309929e-01  0.000000e+00
   outer loop
     vertex -5.385377e+01 -3.169641e+01  9.000000e+00
     vertex -5.297599e+01 -3.228402e+01  9.325873e-15
     vertex -5.385377e+01 -3.169641e+01  9.325873e-15
   endloop
 endfacet
 facet normal  5.788711e-01  8.154191e-01  0.000000e+00
   outer loop
     vertex -5.385377e+01 -3.169641e+01  9.000000e+00
     vertex -5.471511e+01 -3.108495e+01  9.325873e-15
     vertex -5.471511e+01 -3.108495e+01  9.000000e+00
   endloop
 endfacet
 facet normal  5.332761e-01  8.459413e-01  0.000000e+00
   outer loop
     vertex -5.297599e+01 -3.228402e+01  9.000000e+00
     vertex -5.208241e+01 -3.284733e+01  9.325873e-15
     vertex -5.297599e+01 -3.228402e+01  9.325873e-15
   endloop
 endfacet
 facet normal  5.562829e-01  8.309929e-01  0.000000e+00
   outer loop
     vertex -5.297599e+01 -3.228402e+01  9.000000e+00
     vertex -5.297599e+01 -3.228402e+01  9.325873e-15
     vertex -5.385377e+01 -3.169641e+01  9.000000e+00
   endloop
 endfacet
 facet normal  5.332761e-01  8.459413e-01  0.000000e+00
   outer loop
     vertex -5.208241e+01 -3.284733e+01  9.000000e+00
     vertex -5.208241e+01 -3.284733e+01  9.325873e-15
     vertex -5.297599e+01 -3.228402e+01  9.000000e+00
   endloop
 endfacet
 facet normal  5.098678e-01  8.602528e-01  0.000000e+00
   outer loop
     vertex -5.117371e+01 -3.338591e+01  9.000000e+00
     vertex -5.117371e+01 -3.338591e+01  9.325873e-15
     vertex -5.208241e+01 -3.284733e+01  9.325873e-15
   endloop
 endfacet
 facet normal  5.098678e-01  8.602528e-01  0.000000e+00
   outer loop
     vertex -5.117371e+01 -3.338591e+01  9.000000e+00
     vertex -5.208241e+01 -3.284733e+01  9.325873e-15
     vertex -5.208241e+01 -3.284733e+01  9.000000e+00
   endloop
 endfacet
 facet normal  4.860756e-01  8.739167e-01  0.000000e+00
   outer loop
     vertex -5.025059e+01 -3.389935e+01  9.000000e+00
     vertex -5.025059e+01 -3.389935e+01  9.325873e-15
     vertex -5.117371e+01 -3.338591e+01  9.325873e-15
   endloop
 endfacet
 facet normal  4.619176e-01  8.869228e-01  0.000000e+00
   outer loop
     vertex -5.025059e+01 -3.389935e+01  9.000000e+00
     vertex -4.931372e+01 -3.438728e+01  9.769963e-15
     vertex -5.025059e+01 -3.389935e+01  9.325873e-15
   endloop
 endfacet
 facet normal  4.860756e-01  8.739167e-01  0.000000e+00
   outer loop
     vertex -5.025059e+01 -3.389935e+01  9.000000e+00
     vertex -5.117371e+01 -3.338591e+01  9.325873e-15
     vertex -5.117371e+01 -3.338591e+01  9.000000e+00
   endloop
 endfacet
 facet normal  4.619176e-01  8.869228e-01  0.000000e+00
   outer loop
     vertex -4.931372e+01 -3.438728e+01  9.000000e+00
     vertex -4.931372e+01 -3.438728e+01  9.769963e-15
     vertex -5.025059e+01 -3.389935e+01  9.000000e+00
   endloop
 endfacet
 facet normal  4.374119e-01  8.992613e-01  0.000000e+00
   outer loop
     vertex -4.836382e+01 -3.484932e+01  9.000000e+00
     vertex -4.931372e+01 -3.438728e+01  9.769963e-15
     vertex -4.931372e+01 -3.438728e+01  9.000000e+00
   endloop
 endfacet
 facet normal  4.374119e-01  8.992613e-01  0.000000e+00
   outer loop
     vertex -4.836382e+01 -3.484932e+01  9.000000e+00
     vertex -4.836382e+01 -3.484932e+01  9.769963e-15
     vertex -4.931372e+01 -3.438728e+01  9.769963e-15
   endloop
 endfacet
 facet normal  4.125769e-01  9.109228e-01  0.000000e+00
   outer loop
     vertex -4.740161e+01 -3.528513e+01  9.000000e+00
     vertex -4.836382e+01 -3.484932e+01  9.769963e-15
     vertex -4.836382e+01 -3.484932e+01  9.000000e+00
   endloop
 endfacet
 facet normal  4.125769e-01  9.109228e-01  0.000000e+00
   outer loop
     vertex -4.740161e+01 -3.528513e+01  9.000000e+00
     vertex -4.740161e+01 -3.528513e+01  9.769963e-15
     vertex -4.836382e+01 -3.484932e+01  9.769963e-15
   endloop
 endfacet
 facet normal  3.874313e-01  9.218986e-01  0.000000e+00
   outer loop
     vertex -4.642779e+01 -3.569438e+01  9.000000e+00
     vertex -4.740161e+01 -3.528513e+01  9.769963e-15
     vertex -4.740161e+01 -3.528513e+01  9.000000e+00
   endloop
 endfacet
 facet normal  3.874313e-01  9.218986e-01  0.000000e+00
   outer loop
     vertex -4.642779e+01 -3.569438e+01  9.000000e+00
     vertex -4.642779e+01 -3.569438e+01  9.769963e-15
     vertex -4.740161e+01 -3.528513e+01  9.769963e-15
   endloop
 endfacet
 facet normal  3.619940e-01  9.321804e-01  0.000000e+00
   outer loop
     vertex -4.642779e+01 -3.569438e+01  9.000000e+00
     vertex -4.544312e+01 -3.607676e+01  9.769963e-15
     vertex -4.642779e+01 -3.569438e+01  9.769963e-15
   endloop
 endfacet
 facet normal  3.619940e-01  9.321804e-01  0.000000e+00
   outer loop
     vertex -4.544312e+01 -3.607676e+01  9.000000e+00
     vertex -4.544312e+01 -3.607676e+01  9.769963e-15
     vertex -4.642779e+01 -3.569438e+01  9.000000e+00
   endloop
 endfacet
 facet normal  3.362843e-01  9.417605e-01  0.000000e+00
   outer loop
     vertex -4.544312e+01 -3.607676e+01  9.000000e+00
     vertex -4.444833e+01 -3.643198e+01  9.769963e-15
     vertex -4.544312e+01 -3.607676e+01  9.769963e-15
   endloop
 endfacet
 facet normal  3.362843e-01  9.417605e-01  0.000000e+00
   outer loop
     vertex -4.444833e+01 -3.643198e+01  9.000000e+00
     vertex -4.444833e+01 -3.643198e+01  9.769963e-15
     vertex -4.544312e+01 -3.607676e+01  9.000000e+00
   endloop
 endfacet
 facet normal  3.103214e-01  9.506317e-01  0.000000e+00
   outer loop
     vertex -4.344417e+01 -3.675977e+01  9.000000e+00
     vertex -4.444833e+01 -3.643198e+01  9.769963e-15
     vertex -4.444833e+01 -3.643198e+01  9.000000e+00
   endloop
 endfacet
 facet normal  3.103214e-01  9.506317e-01  0.000000e+00
   outer loop
     vertex -4.344417e+01 -3.675977e+01  9.000000e+00
     vertex -4.344417e+01 -3.675977e+01  9.769963e-15
     vertex -4.444833e+01 -3.643198e+01  9.769963e-15
   endloop
 endfacet
 facet normal  2.841250e-01  9.587873e-01  0.000000e+00
   outer loop
     vertex -4.243139e+01 -3.705990e+01  9.000000e+00
     vertex -4.344417e+01 -3.675977e+01  9.769963e-15
     vertex -4.344417e+01 -3.675977e+01  9.000000e+00
   endloop
 endfacet
 facet normal  2.841250e-01  9.587873e-01  0.000000e+00
   outer loop
     vertex -4.243139e+01 -3.705990e+01  9.000000e+00
     vertex -4.243139e+01 -3.705990e+01  9.769963e-15
     vertex -4.344417e+01 -3.675977e+01  9.769963e-15
   endloop
 endfacet
 facet normal  2.577146e-01  9.662211e-01  0.000000e+00
   outer loop
     vertex -4.141076e+01 -3.733212e+01  9.000000e+00
     vertex -4.243139e+01 -3.705990e+01  9.769963e-15
     vertex -4.243139e+01 -3.705990e+01  9.000000e+00
   endloop
 endfacet
 facet normal  2.577146e-01  9.662211e-01  0.000000e+00
   outer loop
     vertex -4.141076e+01 -3.733212e+01  9.000000e+00
     vertex -4.141076e+01 -3.733212e+01  9.769963e-15
     vertex -4.243139e+01 -3.705990e+01  9.769963e-15
   endloop
 endfacet
 facet normal  2.311102e-01  9.729276e-01  0.000000e+00
   outer loop
     vertex -4.141076e+01 -3.733212e+01  9.000000e+00
     vertex -4.038305e+01 -3.757625e+01  9.769963e-15
     vertex -4.141076e+01 -3.733212e+01  9.769963e-15
   endloop
 endfacet
 facet normal  2.311102e-01  9.729276e-01  0.000000e+00
   outer loop
     vertex -4.038305e+01 -3.757625e+01  9.000000e+00
     vertex -4.038305e+01 -3.757625e+01  9.769963e-15
     vertex -4.141076e+01 -3.733212e+01  9.000000e+00
   endloop
 endfacet
 facet normal  2.043319e-01  9.789017e-01  0.000000e+00
   outer loop
     vertex -4.038305e+01 -3.757625e+01  9.000000e+00
     vertex -3.934903e+01 -3.779209e+01  9.769963e-15
     vertex -4.038305e+01 -3.757625e+01  9.769963e-15
   endloop
 endfacet
 facet normal  2.043319e-01  9.789017e-01  0.000000e+00
   outer loop
     vertex -3.934903e+01 -3.779209e+01  9.000000e+00
     vertex -3.934903e+01 -3.779209e+01  9.769963e-15
     vertex -4.038305e+01 -3.757625e+01  9.000000e+00
   endloop
 endfacet
 facet normal  1.773998e-01  9.841389e-01  0.000000e+00
   outer loop
     vertex -3.830947e+01 -3.797948e+01  9.000000e+00
     vertex -3.934903e+01 -3.779209e+01  9.769963e-15
     vertex -3.934903e+01 -3.779209e+01  9.000000e+00
   endloop
 endfacet
 facet normal  1.773998e-01  9.841389e-01  0.000000e+00
   outer loop
     vertex -3.830947e+01 -3.797948e+01  9.000000e+00
     vertex -3.830947e+01 -3.797948e+01  9.769963e-15
     vertex -3.934903e+01 -3.779209e+01  9.769963e-15
   endloop
 endfacet
 facet normal  1.503341e-01  9.886353e-01  0.000000e+00
   outer loop
     vertex -3.726517e+01 -3.813828e+01  9.000000e+00
     vertex -3.830947e+01 -3.797948e+01  9.769963e-15
     vertex -3.830947e+01 -3.797948e+01  9.000000e+00
   endloop
 endfacet
 facet normal  1.503341e-01  9.886353e-01  0.000000e+00
   outer loop
     vertex -3.726517e+01 -3.813828e+01  9.000000e+00
     vertex -3.726517e+01 -3.813828e+01  1.021405e-14
     vertex -3.830947e+01 -3.797948e+01  9.769963e-15
   endloop
 endfacet
 facet normal  1.231552e-01  9.923874e-01  0.000000e+00
   outer loop
     vertex -3.726517e+01 -3.813828e+01  9.000000e+00
     vertex -3.621690e+01 -3.826837e+01  1.021405e-14
     vertex -3.726517e+01 -3.813828e+01  1.021405e-14
   endloop
 endfacet
 facet normal  1.231552e-01  9.923874e-01  0.000000e+00
   outer loop
     vertex -3.621690e+01 -3.826837e+01  9.000000e+00
     vertex -3.621690e+01 -3.826837e+01  1.021405e-14
     vertex -3.726517e+01 -3.813828e+01  9.000000e+00
   endloop
 endfacet
 facet normal  9.588368e-02  9.953925e-01  0.000000e+00
   outer loop
     vertex -3.516545e+01 -3.836965e+01  9.000000e+00
     vertex -3.516545e+01 -3.836965e+01  1.021405e-14
     vertex -3.621690e+01 -3.826837e+01  1.021405e-14
   endloop
 endfacet
 facet normal  6.853995e-02  9.976484e-01  0.000000e+00
   outer loop
     vertex -3.516545e+01 -3.836965e+01  9.000000e+00
     vertex -3.411163e+01 -3.844205e+01  1.021405e-14
     vertex -3.516545e+01 -3.836965e+01  1.021405e-14
   endloop
 endfacet
 facet normal  9.588368e-02  9.953925e-01  0.000000e+00
   outer loop
     vertex -3.516545e+01 -3.836965e+01  9.000000e+00
     vertex -3.621690e+01 -3.826837e+01  1.021405e-14
     vertex -3.621690e+01 -3.826837e+01  9.000000e+00
   endloop
 endfacet
 facet normal  4.114462e-02  9.991532e-01  0.000000e+00
   outer loop
     vertex -3.411163e+01 -3.844205e+01  9.000000e+00
     vertex -3.305621e+01 -3.848551e+01  1.021405e-14
     vertex -3.411163e+01 -3.844205e+01  1.021405e-14
   endloop
 endfacet
 facet normal  6.853995e-02  9.976484e-01  0.000000e+00
   outer loop
     vertex -3.411163e+01 -3.844205e+01  9.000000e+00
     vertex -3.411163e+01 -3.844205e+01  1.021405e-14
     vertex -3.516545e+01 -3.836965e+01  9.000000e+00
   endloop
 endfacet
 facet normal  4.114462e-02  9.991532e-01  0.000000e+00
   outer loop
     vertex -3.305621e+01 -3.848551e+01  9.000000e+00
     vertex -3.305621e+01 -3.848551e+01  1.021405e-14
     vertex -3.411163e+01 -3.844205e+01  9.000000e+00
   endloop
 endfacet
 facet normal  1.371831e-02  9.999059e-01  0.000000e+00
   outer loop
     vertex -3.200000e+01 -3.850000e+01  9.000000e+00
     vertex -3.200000e+01 -3.850000e+01  1.021405e-14
     vertex -3.305621e+01 -3.848551e+01  1.021405e-14
   endloop
 endfacet
 facet normal  1.371831e-02  9.999059e-01  0.000000e+00
   outer loop
     vertex -3.200000e+01 -3.850000e+01  9.000000e+00
     vertex -3.305621e+01 -3.848551e+01  1.021405e-14
     vertex -3.305621e+01 -3.848551e+01  9.000000e+00
   endloop
 endfacet
 facet normal -1.371831e-02  9.999059e-01  0.000000e+00
   outer loop
     vertex  4.844288e+01  2.025141e+01  4.000000e+00
     vertex  4.834000e+01  2.025000e+01  3.552714e-15
     vertex  4.834000e+01  2.025000e+01  4.000000e+00
   endloop
 endfacet
 facet normal -1.371831e-02  9.999059e-01  0.000000e+00
   outer loop
     vertex  4.844288e+01  2.025141e+01  4.000000e+00
     vertex  4.844288e+01  2.025141e+01  3.552714e-15
     vertex  4.834000e+01  2.025000e+01  3.552714e-15
   endloop
 endfacet
 facet normal -4.114462e-02  9.991532e-01  0.000000e+00
   outer loop
     vertex  4.854568e+01  2.025564e+01  4.000000e+00
     vertex  4.854568e+01  2.025564e+01  3.552714e-15
     vertex  4.844288e+01  2.025141e+01  3.552714e-15
   endloop
 endfacet
 facet normal -4.114462e-02  9.991532e-01  0.000000e+00
   outer loop
     vertex  4.854568e+01  2.025564e+01  4.000000e+00
     vertex  4.844288e+01  2.025141e+01  3.552714e-15
     vertex  4.844288e+01  2.025141e+01  4.000000e+00
   endloop
 endfacet
 facet normal -6.853995e-02  9.976484e-01  0.000000e+00
   outer loop
     vertex  4.864832e+01  2.026270e+01  4.000000e+00
     vertex  4.864832e+01  2.026270e+01  3.552714e-15
     vertex  4.854568e+01  2.025564e+01  3.552714e-15
   endloop
 endfacet
 facet normal -6.853995e-02  9.976484e-01  0.000000e+00
   outer loop
     vertex  4.864832e+01  2.026270e+01  4.000000e+00
     vertex  4.854568e+01  2.025564e+01  3.552714e-15
     vertex  4.854568e+01  2.025564e+01  4.000000e+00
   endloop
 endfacet
 facet normal -9.588368e-02  9.953925e-01  0.000000e+00
   outer loop
     vertex  4.875074e+01  2.027256e+01  4.000000e+00
     vertex  4.875074e+01  2.027256e+01  3.552714e-15
     vertex  4.864832e+01  2.026270e+01  3.552714e-15
   endloop
 endfacet
 facet normal -9.588368e-02  9.953925e-01  0.000000e+00
   outer loop
     vertex  4.875074e+01  2.027256e+01  4.000000e+00
     vertex  4.864832e+01  2.026270e+01  3.552714e-15
     vertex  4.864832e+01  2.026270e+01  4.000000e+00
   endloop
 endfacet
 facet normal -1.231552e-01  9.923874e-01  0.000000e+00
   outer loop
     vertex  4.885284e+01  2.028523e+01  4.000000e+00
     vertex  4.885284e+01  2.028523e+01  3.552714e-15
     vertex  4.875074e+01  2.027256e+01  3.552714e-15
   endloop
 endfacet
 facet normal -1.231552e-01  9.923874e-01  0.000000e+00
   outer loop
     vertex  4.885284e+01  2.028523e+01  4.000000e+00
     vertex  4.875074e+01  2.027256e+01  3.552714e-15
     vertex  4.875074e+01  2.027256e+01  4.000000e+00
   endloop
 endfacet
 facet normal -1.503341e-01  9.886353e-01  0.000000e+00
   outer loop
     vertex  4.895456e+01  2.030070e+01  4.000000e+00
     vertex  4.895456e+01  2.030070e+01  3.552714e-15
     vertex  4.885284e+01  2.028523e+01  3.552714e-15
   endloop
 endfacet
 facet normal -1.503341e-01  9.886353e-01  0.000000e+00
   outer loop
     vertex  4.895456e+01  2.030070e+01  4.000000e+00
     vertex  4.885284e+01  2.028523e+01  3.552714e-15
     vertex  4.885284e+01  2.028523e+01  4.000000e+00
   endloop
 endfacet
 facet normal -1.773998e-01  9.841389e-01  0.000000e+00
   outer loop
     vertex  4.905581e+01  2.031895e+01  4.000000e+00
     vertex  4.905581e+01  2.031895e+01  3.552714e-15
     vertex  4.895456e+01  2.030070e+01  3.552714e-15
   endloop
 endfacet
 facet normal -1.773998e-01  9.841389e-01  0.000000e+00
   outer loop
     vertex  4.905581e+01  2.031895e+01  4.000000e+00
     vertex  4.895456e+01  2.030070e+01  3.552714e-15
     vertex  4.895456e+01  2.030070e+01  4.000000e+00
   endloop
 endfacet
 facet normal -2.043319e-01  9.789017e-01  0.000000e+00
   outer loop
     vertex  4.915653e+01  2.033998e+01  4.000000e+00
     vertex  4.915653e+01  2.033998e+01  3.552714e-15
     vertex  4.905581e+01  2.031895e+01  3.552714e-15
   endloop
 endfacet
 facet normal -2.043319e-01  9.789017e-01  0.000000e+00
   outer loop
     vertex  4.915653e+01  2.033998e+01  4.000000e+00
     vertex  4.905581e+01  2.031895e+01  3.552714e-15
     vertex  4.905581e+01  2.031895e+01  4.000000e+00
   endloop
 endfacet
 facet normal -2.311102e-01  9.729276e-01  0.000000e+00
   outer loop
     vertex  4.925663e+01  2.036375e+01  4.000000e+00
     vertex  4.925663e+01  2.036375e+01  3.552714e-15
     vertex  4.915653e+01  2.033998e+01  3.552714e-15
   endloop
 endfacet
 facet normal -2.311102e-01  9.729276e-01  0.000000e+00
   outer loop
     vertex  4.925663e+01  2.036375e+01  4.000000e+00
     vertex  4.915653e+01  2.033998e+01  3.552714e-15
     vertex  4.915653e+01  2.033998e+01  4.000000e+00
   endloop
 endfacet
 facet normal -2.577146e-01  9.662211e-01  0.000000e+00
   outer loop
     vertex  4.935604e+01  2.039027e+01  4.000000e+00
     vertex  4.925663e+01  2.036375e+01  3.552714e-15
     vertex  4.925663e+01  2.036375e+01  4.000000e+00
   endloop
 endfacet
 facet normal -2.577146e-01  9.662211e-01  0.000000e+00
   outer loop
     vertex  4.935604e+01  2.039027e+01  4.000000e+00
     vertex  4.935604e+01  2.039027e+01  3.552714e-15
     vertex  4.925663e+01  2.036375e+01  3.552714e-15
   endloop
 endfacet
 facet normal -2.841250e-01  9.587873e-01  0.000000e+00
   outer loop
     vertex  4.945469e+01  2.041950e+01  4.000000e+00
     vertex  4.935604e+01  2.039027e+01  3.552714e-15
     vertex  4.935604e+01  2.039027e+01  4.000000e+00
   endloop
 endfacet
 facet normal -2.841250e-01  9.587873e-01  0.000000e+00
   outer loop
     vertex  4.945469e+01  2.041950e+01  4.000000e+00
     vertex  4.945469e+01  2.041950e+01  3.552714e-15
     vertex  4.935604e+01  2.039027e+01  3.552714e-15
   endloop
 endfacet
 facet normal -3.103214e-01  9.506317e-01  0.000000e+00
   outer loop
     vertex  4.955250e+01  2.045143e+01  4.000000e+00
     vertex  4.945469e+01  2.041950e+01  3.552714e-15
     vertex  4.945469e+01  2.041950e+01  4.000000e+00
   endloop
 endfacet
 facet normal -3.103214e-01  9.506317e-01  0.000000e+00
   outer loop
     vertex  4.955250e+01  2.045143e+01  4.000000e+00
     vertex  4.955250e+01  2.045143e+01  3.552714e-15
     vertex  4.945469e+01  2.041950e+01  3.552714e-15
   endloop
 endfacet
 facet normal -3.362843e-01  9.417605e-01  0.000000e+00
   outer loop
     vertex  4.964940e+01  2.048603e+01  4.000000e+00
     vertex  4.955250e+01  2.045143e+01  3.552714e-15
     vertex  4.955250e+01  2.045143e+01  4.000000e+00
   endloop
 endfacet
 facet normal -3.362843e-01  9.417605e-01  0.000000e+00
   outer loop
     vertex  4.964940e+01  2.048603e+01  4.000000e+00
     vertex  4.964940e+01  2.048603e+01  3.552714e-15
     vertex  4.955250e+01  2.045143e+01  3.552714e-15
   endloop
 endfacet
 facet normal -3.619940e-01  9.321804e-01  0.000000e+00
   outer loop
     vertex  4.974530e+01  2.052327e+01  4.000000e+00
     vertex  4.964940e+01  2.048603e+01  3.552714e-15
     vertex  4.964940e+01  2.048603e+01  4.000000e+00
   endloop
 endfacet
 facet normal -3.619940e-01  9.321804e-01  0.000000e+00
   outer loop
     vertex  4.974530e+01  2.052327e+01  4.000000e+00
     vertex  4.974530e+01  2.052327e+01  3.552714e-15
     vertex  4.964940e+01  2.048603e+01  3.552714e-15
   endloop
 endfacet
 facet normal -3.874313e-01  9.218986e-01  0.000000e+00
   outer loop
     vertex  4.984016e+01  2.056314e+01  4.000000e+00
     vertex  4.974530e+01  2.052327e+01  3.552714e-15
     vertex  4.974530e+01  2.052327e+01  4.000000e+00
   endloop
 endfacet
 facet normal -3.874313e-01  9.218986e-01  0.000000e+00
   outer loop
     vertex  4.984016e+01  2.056314e+01  4.000000e+00
     vertex  4.984016e+01  2.056314e+01  3.552714e-15
     vertex  4.974530e+01  2.052327e+01  3.552714e-15
   endloop
 endfacet
 facet normal -4.125769e-01  9.109228e-01  0.000000e+00
   outer loop
     vertex  4.984016e+01  2.056314e+01  4.000000e+00
     vertex  4.993388e+01  2.060559e+01  3.552714e-15
     vertex  4.984016e+01  2.056314e+01  3.552714e-15
   endloop
 endfacet
 facet normal -4.125769e-01  9.109228e-01  0.000000e+00
   outer loop
     vertex  4.993388e+01  2.060559e+01  4.000000e+00
     vertex  4.993388e+01  2.060559e+01  3.552714e-15
     vertex  4.984016e+01  2.056314e+01  4.000000e+00
   endloop
 endfacet
 facet normal -4.374119e-01  8.992613e-01  0.000000e+00
   outer loop
     vertex  5.002640e+01  2.065059e+01  4.000000e+00
     vertex  4.993388e+01  2.060559e+01  3.552714e-15
     vertex  4.993388e+01  2.060559e+01  4.000000e+00
   endloop
 endfacet
 facet normal -4.374119e-01  8.992613e-01  0.000000e+00
   outer loop
     vertex  5.002640e+01  2.065059e+01  4.000000e+00
     vertex  5.002640e+01  2.065059e+01  3.552714e-15
     vertex  4.993388e+01  2.060559e+01  3.552714e-15
   endloop
 endfacet
 facet normal -4.619176e-01  8.869228e-01  0.000000e+00
   outer loop
     vertex  5.011765e+01  2.069812e+01  4.000000e+00
     vertex  5.002640e+01  2.065059e+01  3.552714e-15
     vertex  5.002640e+01  2.065059e+01  4.000000e+00
   endloop
 endfacet
 facet normal -4.619176e-01  8.869228e-01  0.000000e+00
   outer loop
     vertex  5.011765e+01  2.069812e+01  4.000000e+00
     vertex  5.011765e+01  2.069812e+01  3.552714e-15
     vertex  5.002640e+01  2.065059e+01  3.552714e-15
   endloop
 endfacet
 facet normal -4.860756e-01  8.739167e-01  0.000000e+00
   outer loop
     vertex  5.011765e+01  2.069812e+01  4.000000e+00
     vertex  5.020757e+01  2.074813e+01  3.552714e-15
     vertex  5.011765e+01  2.069812e+01  3.552714e-15
   endloop
 endfacet
 facet normal -4.860756e-01  8.739167e-01  0.000000e+00
   outer loop
     vertex  5.020757e+01  2.074813e+01  4.000000e+00
     vertex  5.020757e+01  2.074813e+01  3.552714e-15
     vertex  5.011765e+01  2.069812e+01  4.000000e+00
   endloop
 endfacet
 facet normal -5.098678e-01  8.602528e-01  0.000000e+00
   outer loop
     vertex  5.029608e+01  2.080059e+01  4.000000e+00
     vertex  5.020757e+01  2.074813e+01  3.552714e-15
     vertex  5.020757e+01  2.074813e+01  4.000000e+00
   endloop
 endfacet
 facet normal -5.098678e-01  8.602528e-01  0.000000e+00
   outer loop
     vertex  5.029608e+01  2.080059e+01  4.000000e+00
     vertex  5.029608e+01  2.080059e+01  3.552714e-15
     vertex  5.020757e+01  2.074813e+01  3.552714e-15
   endloop
 endfacet
 facet normal -5.332761e-01  8.459413e-01  0.000000e+00
   outer loop
     vertex  5.038312e+01  2.085545e+01  4.000000e+00
     vertex  5.029608e+01  2.080059e+01  3.552714e-15
     vertex  5.029608e+01  2.080059e+01  4.000000e+00
   endloop
 endfacet
 facet normal -5.332761e-01  8.459413e-01  0.000000e+00
   outer loop
     vertex  5.038312e+01  2.085545e+01  4.000000e+00
     vertex  5.038312e+01  2.085545e+01  3.552714e-15
     vertex  5.029608e+01  2.080059e+01  3.552714e-15
   endloop
 endfacet
 facet normal -5.562829e-01  8.309929e-01  0.000000e+00
   outer loop
     vertex  5.046861e+01  2.091269e+01  4.000000e+00
     vertex  5.046861e+01  2.091269e+01  3.552714e-15
     vertex  5.038312e+01  2.085545e+01  3.552714e-15
   endloop
 endfacet
 facet normal -5.562829e-01  8.309929e-01  0.000000e+00
   outer loop
     vertex  5.046861e+01  2.091269e+01  4.000000e+00
     vertex  5.038312e+01  2.085545e+01  3.552714e-15
     vertex  5.038312e+01  2.085545e+01  4.000000e+00
   endloop
 endfacet
 facet normal -5.788711e-01  8.154191e-01  0.000000e+00
   outer loop
     vertex  5.055251e+01  2.097225e+01  4.000000e+00
     vertex  5.055251e+01  2.097225e+01  3.552714e-15
     vertex  5.046861e+01  2.091269e+01  3.552714e-15
   endloop
 endfacet
 facet normal -5.788711e-01  8.154191e-01  0.000000e+00
   outer loop
     vertex  5.055251e+01  2.097225e+01  4.000000e+00
     vertex  5.046861e+01  2.091269e+01  3.552714e-15
     vertex  5.046861e+01  2.091269e+01  4.000000e+00
   endloop
 endfacet
 facet normal -6.010234e-01  7.992314e-01  0.000000e+00
   outer loop
     vertex  5.063474e+01  2.103408e+01  4.000000e+00
     vertex  5.063474e+01  2.103408e+01  3.552714e-15
     vertex  5.055251e+01  2.097225e+01  3.552714e-15
   endloop
 endfacet
 facet normal -6.010234e-01  7.992314e-01  0.000000e+00
   outer loop
     vertex  5.063474e+01  2.103408e+01  4.000000e+00
     vertex  5.055251e+01  2.097225e+01  3.552714e-15
     vertex  5.055251e+01  2.097225e+01  4.000000e+00
   endloop
 endfacet
 facet normal -6.227234e-01  7.824421e-01  0.000000e+00
   outer loop
     vertex  5.071524e+01  2.109815e+01  4.000000e+00
     vertex  5.071524e+01  2.109815e+01  3.552714e-15
     vertex  5.063474e+01  2.103408e+01  3.552714e-15
   endloop
 endfacet
 facet normal -6.227234e-01  7.824421e-01  0.000000e+00
   outer loop
     vertex  5.071524e+01  2.109815e+01  4.000000e+00
     vertex  5.063474e+01  2.103408e+01  3.552714e-15
     vertex  5.063474e+01  2.103408e+01  4.000000e+00
   endloop
 endfacet
 facet normal -6.439545e-01  7.650637e-01  0.000000e+00
   outer loop
     vertex  5.079396e+01  2.116441e+01  4.000000e+00
     vertex  5.079396e+01  2.116441e+01  3.552714e-15
     vertex  5.071524e+01  2.109815e+01  3.552714e-15
   endloop
 endfacet
 facet normal -6.439545e-01  7.650637e-01  0.000000e+00
   outer loop
     vertex  5.079396e+01  2.116441e+01  4.000000e+00
     vertex  5.071524e+01  2.109815e+01  3.552714e-15
     vertex  5.071524e+01  2.109815e+01  4.000000e+00
   endloop
 endfacet
 facet normal -6.647010e-01  7.471095e-01  0.000000e+00
   outer loop
     vertex  5.087083e+01  2.123280e+01  4.000000e+00
     vertex  5.087083e+01  2.123280e+01  3.552714e-15
     vertex  5.079396e+01  2.116441e+01  3.552714e-15
   endloop
 endfacet
 facet normal -6.647010e-01  7.471095e-01  0.000000e+00
   outer loop
     vertex  5.087083e+01  2.123280e+01  4.000000e+00
     vertex  5.079396e+01  2.116441e+01  3.552714e-15
     vertex  5.079396e+01  2.116441e+01  4.000000e+00
   endloop
 endfacet
 facet normal -6.849470e-01  7.285929e-01  0.000000e+00
   outer loop
     vertex  5.094579e+01  2.130327e+01  4.000000e+00
     vertex  5.094579e+01  2.130327e+01  3.552714e-15
     vertex  5.087083e+01  2.123280e+01  3.552714e-15
   endloop
 endfacet
 facet normal -6.849470e-01  7.285929e-01  0.000000e+00
   outer loop
     vertex  5.094579e+01  2.130327e+01  4.000000e+00
     vertex  5.087083e+01  2.123280e+01  3.552714e-15
     vertex  5.087083e+01  2.123280e+01  4.000000e+00
   endloop
 endfacet
 facet normal -7.046775e-01  7.095278e-01  0.000000e+00
   outer loop
     vertex  5.101879e+01  2.137577e+01  4.000000e+00
     vertex  5.101879e+01  2.137577e+01  3.552714e-15
     vertex  5.094579e+01  2.130327e+01  3.552714e-15
   endloop
 endfacet
 facet normal -7.046775e-01  7.095278e-01  0.000000e+00
   outer loop
     vertex  5.101879e+01  2.137577e+01  4.000000e+00
     vertex  5.094579e+01  2.130327e+01  3.552714e-15
     vertex  5.094579e+01  2.130327e+01  4.000000e+00
   endloop
 endfacet
 facet normal -7.238775e-01  6.899286e-01  0.000000e+00
   outer loop
     vertex  5.108978e+01  2.145025e+01  4.000000e+00
     vertex  5.108978e+01  2.145025e+01  3.552714e-15
     vertex  5.101879e+01  2.137577e+01  3.552714e-15
   endloop
 endfacet
 facet normal -7.238775e-01  6.899286e-01  0.000000e+00
   outer loop
     vertex  5.108978e+01  2.145025e+01  4.000000e+00
     vertex  5.101879e+01  2.137577e+01  3.552714e-15
     vertex  5.101879e+01  2.137577e+01  4.000000e+00
   endloop
 endfacet
 facet normal -7.425325e-01  6.698100e-01  0.000000e+00
   outer loop
     vertex  5.115869e+01  2.152665e+01  4.000000e+00
     vertex  5.115869e+01  2.152665e+01  3.552714e-15
     vertex  5.108978e+01  2.145025e+01  3.552714e-15
   endloop
 endfacet
 facet normal -7.425325e-01  6.698100e-01  0.000000e+00
   outer loop
     vertex  5.115869e+01  2.152665e+01  4.000000e+00
     vertex  5.108978e+01  2.145025e+01  3.552714e-15
     vertex  5.108978e+01  2.145025e+01  4.000000e+00
   endloop
 endfacet
 facet normal -7.606287e-01  6.491872e-01  0.000000e+00
   outer loop
     vertex  5.122549e+01  2.160491e+01  4.000000e+00
     vertex  5.122549e+01  2.160491e+01  3.552714e-15
     vertex  5.115869e+01  2.152665e+01  3.552714e-15
   endloop
 endfacet
 facet normal -7.606287e-01  6.491872e-01  0.000000e+00
   outer loop
     vertex  5.122549e+01  2.160491e+01  4.000000e+00
     vertex  5.115869e+01  2.152665e+01  3.552714e-15
     vertex  5.115869e+01  2.152665e+01  4.000000e+00
   endloop
 endfacet
 facet normal -7.781522e-01  6.280757e-01  0.000000e+00
   outer loop
     vertex  5.129011e+01  2.168497e+01  4.000000e+00
     vertex  5.129011e+01  2.168497e+01  3.552714e-15
     vertex  5.122549e+01  2.160491e+01  3.552714e-15
   endloop
 endfacet
 facet normal -7.950900e-01  6.064915e-01  0.000000e+00
   outer loop
     vertex  5.129011e+01  2.168497e+01  4.000000e+00
     vertex  5.135251e+01  2.176677e+01  3.552714e-15
     vertex  5.129011e+01  2.168497e+01  3.552714e-15
   endloop
 endfacet
 facet normal -7.781522e-01  6.280757e-01  0.000000e+00
   outer loop
     vertex  5.129011e+01  2.168497e+01  4.000000e+00
     vertex  5.122549e+01  2.160491e+01  3.552714e-15
     vertex  5.122549e+01  2.160491e+01  4.000000e+00
   endloop
 endfacet
 facet normal -7.950900e-01  6.064915e-01  0.000000e+00
   outer loop
     vertex  5.135251e+01  2.176677e+01  4.000000e+00
     vertex  5.135251e+01  2.176677e+01  3.552714e-15
     vertex  5.129011e+01  2.168497e+01  4.000000e+00
   endloop
 endfacet
 facet normal -8.114292e-01  5.844507e-01  0.000000e+00
   outer loop
     vertex  5.141264e+01  2.185026e+01  4.000000e+00
     vertex  5.135251e+01  2.176677e+01  3.552714e-15
     vertex  5.135251e+01  2.176677e+01  4.000000e+00
   endloop
 endfacet
 facet normal -8.114292e-01  5.844507e-01  0.000000e+00
   outer loop
     vertex  5.141264e+01  2.185026e+01  4.000000e+00
     vertex  5.141264e+01  2.185026e+01  3.552714e-15
     vertex  5.135251e+01  2.176677e+01  3.552714e-15
   endloop
 endfacet
 facet normal -8.271577e-01  5.619699e-01  0.000000e+00
   outer loop
     vertex  5.141264e+01  2.185026e+01  4.000000e+00
     vertex  5.147046e+01  2.193536e+01  3.552714e-15
     vertex  5.141264e+01  2.185026e+01  3.552714e-15
   endloop
 endfacet
 facet normal -8.271577e-01  5.619699e-01  0.000000e+00
   outer loop
     vertex  5.147046e+01  2.193536e+01  4.000000e+00
     vertex  5.147046e+01  2.193536e+01  3.552714e-15
     vertex  5.141264e+01  2.185026e+01  4.000000e+00
   endloop
 endfacet
 facet normal -8.422635e-01  5.390661e-01  0.000000e+00
   outer loop
     vertex  5.152592e+01  2.202202e+01  4.000000e+00
     vertex  5.147046e+01  2.193536e+01  3.552714e-15
     vertex  5.147046e+01  2.193536e+01  4.000000e+00
   endloop
 endfacet
 facet normal -8.422635e-01  5.390661e-01  0.000000e+00
   outer loop
     vertex  5.152592e+01  2.202202e+01  4.000000e+00
     vertex  5.152592e+01  2.202202e+01  3.108624e-15
     vertex  5.147046e+01  2.193536e+01  3.552714e-15
   endloop
 endfacet
 facet normal -8.567352e-01  5.157565e-01  0.000000e+00
   outer loop
     vertex  5.157899e+01  2.211017e+01  4.000000e+00
     vertex  5.152592e+01  2.202202e+01  3.108624e-15
     vertex  5.152592e+01  2.202202e+01  4.000000e+00
   endloop
 endfacet
 facet normal -8.567352e-01  5.157565e-01  0.000000e+00
   outer loop
     vertex  5.157899e+01  2.211017e+01  4.000000e+00
     vertex  5.157899e+01  2.211017e+01  3.108624e-15
     vertex  5.152592e+01  2.202202e+01  3.108624e-15
   endloop
 endfacet
 facet normal -8.705620e-01  4.920587e-01  0.000000e+00
   outer loop
     vertex  5.162961e+01  2.219974e+01  4.000000e+00
     vertex  5.157899e+01  2.211017e+01  3.108624e-15
     vertex  5.157899e+01  2.211017e+01  4.000000e+00
   endloop
 endfacet
 facet normal -8.705620e-01  4.920587e-01  0.000000e+00
   outer loop
     vertex  5.162961e+01  2.219974e+01  4.000000e+00
     vertex  5.162961e+01  2.219974e+01  3.108624e-15
     vertex  5.157899e+01  2.211017e+01  3.108624e-15
   endloop
 endfacet
 facet normal -8.837335e-01  4.679904e-01  0.000000e+00
   outer loop
     vertex  5.162961e+01  2.219974e+01  4.000000e+00
     vertex  5.167776e+01  2.229066e+01  3.108624e-15
     vertex  5.162961e+01  2.219974e+01  3.108624e-15
   endloop
 endfacet
 facet normal -8.837335e-01  4.679904e-01  0.000000e+00
   outer loop
     vertex  5.167776e+01  2.229066e+01  4.000000e+00
     vertex  5.167776e+01  2.229066e+01  3.108624e-15
     vertex  5.162961e+01  2.219974e+01  4.000000e+00
   endloop
 endfacet
 facet normal -8.962398e-01  4.435699e-01  0.000000e+00
   outer loop
     vertex  5.172340e+01  2.238288e+01  4.000000e+00
     vertex  5.167776e+01  2.229066e+01  3.108624e-15
     vertex  5.167776e+01  2.229066e+01  4.000000e+00
   endloop
 endfacet
 facet normal -8.962398e-01  4.435699e-01  0.000000e+00
   outer loop
     vertex  5.172340e+01  2.238288e+01  4.000000e+00
     vertex  5.172340e+01  2.238288e+01  3.108624e-15
     vertex  5.167776e+01  2.229066e+01  3.108624e-15
   endloop
 endfacet
 facet normal -9.080714e-01  4.188155e-01  0.000000e+00
   outer loop
     vertex  5.172340e+01  2.238288e+01  4.000000e+00
     vertex  5.176649e+01  2.247630e+01  3.108624e-15
     vertex  5.172340e+01  2.238288e+01  3.108624e-15
   endloop
 endfacet
 facet normal -9.080714e-01  4.188155e-01  0.000000e+00
   outer loop
     vertex  5.176649e+01  2.247630e+01  4.000000e+00
     vertex  5.176649e+01  2.247630e+01  3.108624e-15
     vertex  5.172340e+01  2.238288e+01  4.000000e+00
   endloop
 endfacet
 facet normal -9.192194e-01  3.937458e-01  0.000000e+00
   outer loop
     vertex  5.180700e+01  2.257088e+01  4.000000e+00
     vertex  5.176649e+01  2.247630e+01  3.108624e-15
     vertex  5.176649e+01  2.247630e+01  4.000000e+00
   endloop
 endfacet
 facet normal -9.192194e-01  3.937458e-01  0.000000e+00
   outer loop
     vertex  5.180700e+01  2.257088e+01  4.000000e+00
     vertex  5.180700e+01  2.257088e+01  3.108624e-15
     vertex  5.176649e+01  2.247630e+01  3.108624e-15
   endloop
 endfacet
 facet normal -9.296754e-01  3.683796e-01  0.000000e+00
   outer loop
     vertex  5.184491e+01  2.266653e+01  4.000000e+00
     vertex  5.180700e+01  2.257088e+01  3.108624e-15
     vertex  5.180700e+01  2.257088e+01  4.000000e+00
   endloop
 endfacet
 facet normal -9.296754e-01  3.683796e-01  0.000000e+00
   outer loop
     vertex  5.184491e+01  2.266653e+01  4.000000e+00
     vertex  5.184491e+01  2.266653e+01  3.108624e-15
     vertex  5.180700e+01  2.257088e+01  3.108624e-15
   endloop
 endfacet
 facet normal -9.394317e-01  3.427362e-01  0.000000e+00
   outer loop
     vertex  5.184491e+01  2.266653e+01  4.000000e+00
     vertex  5.188017e+01  2.276319e+01  3.108624e-15
     vertex  5.184491e+01  2.266653e+01  3.108624e-15
   endloop
 endfacet
 facet normal -9.394317e-01  3.427362e-01  0.000000e+00
   outer loop
     vertex  5.188017e+01  2.276319e+01  4.000000e+00
     vertex  5.188017e+01  2.276319e+01  3.108624e-15
     vertex  5.184491e+01  2.266653e+01  4.000000e+00
   endloop
 endfacet
 facet normal -9.484807e-01  3.168348e-01  0.000000e+00
   outer loop
     vertex  5.191277e+01  2.286077e+01  4.000000e+00
     vertex  5.188017e+01  2.276319e+01  3.108624e-15
     vertex  5.188017e+01  2.276319e+01  4.000000e+00
   endloop
 endfacet
 facet normal -9.484807e-01  3.168348e-01  0.000000e+00
   outer loop
     vertex  5.191277e+01  2.286077e+01  4.000000e+00
     vertex  5.191277e+01  2.286077e+01  3.108624e-15
     vertex  5.188017e+01  2.276319e+01  3.108624e-15
   endloop
 endfacet
 facet normal -9.568158e-01  2.906949e-01  0.000000e+00
   outer loop
     vertex  5.194268e+01  2.295922e+01  4.000000e+00
     vertex  5.191277e+01  2.286077e+01  3.108624e-15
     vertex  5.191277e+01  2.286077e+01  4.000000e+00
   endloop
 endfacet
 facet normal -9.568158e-01  2.906949e-01  0.000000e+00
   outer loop
     vertex  5.194268e+01  2.295922e+01  4.000000e+00
     vertex  5.194268e+01  2.295922e+01  3.108624e-15
     vertex  5.191277e+01  2.286077e+01  3.108624e-15
   endloop
 endfacet
 facet normal -9.644306e-01  2.643362e-01  0.000000e+00
   outer loop
     vertex  5.196987e+01  2.305845e+01  4.000000e+00
     vertex  5.194268e+01  2.295922e+01  3.108624e-15
     vertex  5.194268e+01  2.295922e+01  4.000000e+00
   endloop
 endfacet
 facet normal -9.644306e-01  2.643362e-01  0.000000e+00
   outer loop
     vertex  5.196987e+01  2.305845e+01  4.000000e+00
     vertex  5.196987e+01  2.305845e+01  3.108624e-15
     vertex  5.194268e+01  2.295922e+01  3.108624e-15
   endloop
 endfacet
 facet normal -9.713194e-01  2.377784e-01  0.000000e+00
   outer loop
     vertex  5.199434e+01  2.315838e+01  4.000000e+00
     vertex  5.196987e+01  2.305845e+01  3.108624e-15
     vertex  5.196987e+01  2.305845e+01  4.000000e+00
   endloop
 endfacet
 facet normal -9.713194e-01  2.377784e-01  0.000000e+00
   outer loop
     vertex  5.199434e+01  2.315838e+01  4.000000e+00
     vertex  5.199434e+01  2.315838e+01  3.108624e-15
     vertex  5.196987e+01  2.305845e+01  3.108624e-15
   endloop
 endfacet
 facet normal -9.774771e-01  2.110417e-01  0.000000e+00
   outer loop
     vertex  5.201605e+01  2.325895e+01  4.000000e+00
     vertex  5.199434e+01  2.315838e+01  3.108624e-15
     vertex  5.199434e+01  2.315838e+01  4.000000e+00
   endloop
 endfacet
 facet normal -9.774771e-01  2.110417e-01  0.000000e+00
   outer loop
     vertex  5.201605e+01  2.325895e+01  4.000000e+00
     vertex  5.201605e+01  2.325895e+01  3.108624e-15
     vertex  5.199434e+01  2.315838e+01  3.108624e-15
   endloop
 endfacet
 facet normal -9.828989e-01  1.841461e-01  0.000000e+00
   outer loop
     vertex  5.201605e+01  2.325895e+01  4.000000e+00
     vertex  5.203500e+01  2.336008e+01  3.108624e-15
     vertex  5.201605e+01  2.325895e+01  3.108624e-15
   endloop
 endfacet
 facet normal -9.828989e-01  1.841461e-01  0.000000e+00
   outer loop
     vertex  5.203500e+01  2.336008e+01  4.000000e+00
     vertex  5.203500e+01  2.336008e+01  3.108624e-15
     vertex  5.201605e+01  2.325895e+01  4.000000e+00
   endloop
 endfacet
 facet normal -9.875808e-01  1.571119e-01  0.000000e+00
   outer loop
     vertex  5.205116e+01  2.346169e+01  4.000000e+00
     vertex  5.203500e+01  2.336008e+01  3.108624e-15
     vertex  5.203500e+01  2.336008e+01  4.000000e+00
   endloop
 endfacet
 facet normal -9.875808e-01  1.571119e-01  0.000000e+00
   outer loop
     vertex  5.205116e+01  2.346169e+01  4.000000e+00
     vertex  5.205116e+01  2.346169e+01  3.108624e-15
     vertex  5.203500e+01  2.336008e+01  3.108624e-15
   endloop
 endfacet
 facet normal -9.915193e-01  1.299594e-01  0.000000e+00
   outer loop
     vertex  5.206453e+01  2.356371e+01  4.000000e+00
     vertex  5.205116e+01  2.346169e+01  3.108624e-15
     vertex  5.205116e+01  2.346169e+01  4.000000e+00
   endloop
 endfacet
 facet normal -9.915193e-01  1.299594e-01  0.000000e+00
   outer loop
     vertex  5.206453e+01  2.356371e+01  4.000000e+00
     vertex  5.206453e+01  2.356371e+01  3.108624e-15
     vertex  5.205116e+01  2.346169e+01  3.108624e-15
   endloop
 endfacet
 facet normal -9.947114e-01  1.027091e-01  0.000000e+00
   outer loop
     vertex  5.207510e+01  2.366605e+01  4.000000e+00
     vertex  5.206453e+01  2.356371e+01  3.108624e-15
     vertex  5.206453e+01  2.356371e+01  4.000000e+00
   endloop
 endfacet
 facet normal -9.947114e-01  1.027091e-01  0.000000e+00
   outer loop
     vertex  5.207510e+01  2.366605e+01  4.000000e+00
     vertex  5.207510e+01  2.366605e+01  3.108624e-15
     vertex  5.206453e+01  2.356371e+01  3.108624e-15
   endloop
 endfacet
 facet normal -9.971548e-01  7.538152e-02  0.000000e+00
   outer loop
     vertex  5.208286e+01  2.376864e+01  4.000000e+00
     vertex  5.207510e+01  2.366605e+01  3.108624e-15
     vertex  5.207510e+01  2.366605e+01  4.000000e+00
   endloop
 endfacet
 facet normal -9.971548e-01  7.538152e-02  0.000000e+00
   outer loop
     vertex  5.208286e+01  2.376864e+01  4.000000e+00
     vertex  5.208286e+01  2.376864e+01  3.108624e-15
     vertex  5.207510e+01  2.366605e+01  3.108624e-15
   endloop
 endfacet
 facet normal -9.988475e-01  4.799716e-02  0.000000e+00
   outer loop
     vertex  5.208779e+01  2.387141e+01  4.000000e+00
     vertex  5.208286e+01  2.376864e+01  3.108624e-15
     vertex  5.208286e+01  2.376864e+01  4.000000e+00
   endloop
 endfacet
 facet normal -9.988475e-01  4.799716e-02  0.000000e+00
   outer loop
     vertex  5.208779e+01  2.387141e+01  4.000000e+00
     vertex  5.208779e+01  2.387141e+01  3.108624e-15
     vertex  5.208286e+01  2.376864e+01  3.108624e-15
   endloop
 endfacet
 facet normal -9.997883e-01  2.057667e-02  0.000000e+00
   outer loop
     vertex  5.208991e+01  2.397428e+01  4.000000e+00
     vertex  5.208991e+01  2.397428e+01  3.108624e-15
     vertex  5.208779e+01  2.387141e+01  3.108624e-15
   endloop
 endfacet
 facet normal -9.997883e-01  2.057667e-02  0.000000e+00
   outer loop
     vertex  5.208991e+01  2.397428e+01  4.000000e+00
     vertex  5.208779e+01  2.387141e+01  3.108624e-15
     vertex  5.208779e+01  2.387141e+01  4.000000e+00
   endloop
 endfacet
 facet normal -9.999765e-01 -6.859319e-03 -0.000000e+00
   outer loop
     vertex  5.208991e+01  2.397428e+01  4.000000e+00
     vertex  5.208921e+01  2.407716e+01  3.108624e-15
     vertex  5.208991e+01  2.397428e+01  3.108624e-15
   endloop
 endfacet
 facet normal -9.994119e-01 -3.429014e-02 -0.000000e+00
   outer loop
     vertex  5.208921e+01  2.407716e+01  4.000000e+00
     vertex  5.208568e+01  2.417999e+01  3.108624e-15
     vertex  5.208921e+01  2.407716e+01  3.108624e-15
   endloop
 endfacet
 facet normal -9.999765e-01 -6.859319e-03 -0.000000e+00
   outer loop
     vertex  5.208921e+01  2.407716e+01  4.000000e+00
     vertex  5.208921e+01  2.407716e+01  3.108624e-15
     vertex  5.208991e+01  2.397428e+01  4.000000e+00
   endloop
 endfacet
 facet normal -9.994119e-01 -3.429014e-02 -0.000000e+00
   outer loop
     vertex  5.208568e+01  2.417999e+01  4.000000e+00
     vertex  5.208568e+01  2.417999e+01  3.108624e-15
     vertex  5.208921e+01  2.407716e+01  4.000000e+00
   endloop
 endfacet
 facet normal -9.980950e-01 -6.169515e-02 -0.000000e+00
   outer loop
     vertex  5.207933e+01  2.428268e+01  4.000000e+00
     vertex  5.207933e+01  2.428268e+01  3.108624e-15
     vertex  5.208568e+01  2.417999e+01  3.108624e-15
   endloop
 endfacet
 facet normal -9.980950e-01 -6.169515e-02  0.000000e+00
   outer loop
     vertex  5.207933e+01  2.428268e+01  4.000000e+00
     vertex  5.208568e+01  2.417999e+01  3.108624e-15
     vertex  5.208568e+01  2.417999e+01  4.000000e+00
   endloop
 endfacet
 facet normal -9.960268e-01 -8.905371e-02  0.000000e+00
   outer loop
     vertex  5.207017e+01  2.438516e+01  4.000000e+00
     vertex  5.207933e+01  2.428268e+01  3.108624e-15
     vertex  5.207933e+01  2.428268e+01  4.000000e+00
   endloop
 endfacet
 facet normal -9.960268e-01 -8.905371e-02 -0.000000e+00
   outer loop
     vertex  5.207017e+01  2.438516e+01  4.000000e+00
     vertex  5.207017e+01  2.438516e+01  3.108624e-15
     vertex  5.207933e+01  2.428268e+01  3.108624e-15
   endloop
 endfacet
 facet normal -9.932088e-01 -1.163452e-01 -0.000000e+00
   outer loop
     vertex  5.207017e+01  2.438516e+01  4.000000e+00
     vertex  5.205820e+01  2.448735e+01  3.108624e-15
     vertex  5.207017e+01  2.438516e+01  3.108624e-15
   endloop
 endfacet
 facet normal -9.932088e-01 -1.163452e-01 -0.000000e+00
   outer loop
     vertex  5.205820e+01  2.448735e+01  4.000000e+00
     vertex  5.205820e+01  2.448735e+01  3.108624e-15
     vertex  5.207017e+01  2.438516e+01  4.000000e+00
   endloop
 endfacet
 facet normal -9.896432e-01 -1.435492e-01  0.000000e+00
   outer loop
     vertex  5.204343e+01  2.458917e+01  4.000000e+00
     vertex  5.205820e+01  2.448735e+01  3.108624e-15
     vertex  5.205820e+01  2.448735e+01  4.000000e+00
   endloop
 endfacet
 facet normal -9.896432e-01 -1.435492e-01 -0.000000e+00
   outer loop
     vertex  5.204343e+01  2.458917e+01  4.000000e+00
     vertex  5.204343e+01  2.458917e+01  3.108624e-15
     vertex  5.205820e+01  2.448735e+01  3.108624e-15
   endloop
 endfacet
 facet normal -9.853326e-01 -1.706451e-01  0.000000e+00
   outer loop
     vertex  5.202587e+01  2.469055e+01  4.000000e+00
     vertex  5.204343e+01  2.458917e+01  3.108624e-15
     vertex  5.204343e+01  2.458917e+01  4.000000e+00
   endloop
 endfacet
 facet normal -9.853326e-01 -1.706451e-01 -0.000000e+00
   outer loop
     vertex  5.202587e+01  2.469055e+01  4.000000e+00
     vertex  5.202587e+01  2.469055e+01  3.108624e-15
     vertex  5.204343e+01  2.458917e+01  3.108624e-15
   endloop
 endfacet
 facet normal -9.802802e-01 -1.976125e-01 -0.000000e+00
   outer loop
     vertex  5.202587e+01  2.469055e+01  4.000000e+00
     vertex  5.200554e+01  2.479141e+01  3.108624e-15
     vertex  5.202587e+01  2.469055e+01  3.108624e-15
   endloop
 endfacet
 facet normal -9.802802e-01 -1.976125e-01 -0.000000e+00
   outer loop
     vertex  5.200554e+01  2.479141e+01  4.000000e+00
     vertex  5.200554e+01  2.479141e+01  3.108624e-15
     vertex  5.202587e+01  2.469055e+01  4.000000e+00
   endloop
 endfacet
 facet normal -9.744899e-01 -2.244312e-01  0.000000e+00
   outer loop
     vertex  5.198245e+01  2.489167e+01  4.000000e+00
     vertex  5.200554e+01  2.479141e+01  3.108624e-15
     vertex  5.200554e+01  2.479141e+01  4.000000e+00
   endloop
 endfacet
 facet normal -9.744899e-01 -2.244312e-01 -0.000000e+00
   outer loop
     vertex  5.198245e+01  2.489167e+01  4.000000e+00
     vertex  5.198245e+01  2.489167e+01  3.108624e-15
     vertex  5.200554e+01  2.479141e+01  3.108624e-15
   endloop
 endfacet
 facet normal -9.679661e-01 -2.510809e-01  0.000000e+00
   outer loop
     vertex  5.195661e+01  2.499126e+01  4.000000e+00
     vertex  5.198245e+01  2.489167e+01  3.108624e-15
     vertex  5.198245e+01  2.489167e+01  4.000000e+00
   endloop
 endfacet
 facet normal -9.679661e-01 -2.510809e-01 -0.000000e+00
   outer loop
     vertex  5.195661e+01  2.499126e+01  4.000000e+00
     vertex  5.195661e+01  2.499126e+01  3.108624e-15
     vertex  5.198245e+01  2.489167e+01  3.108624e-15
   endloop
 endfacet
 facet normal -9.607136e-01 -2.775416e-01  0.000000e+00
   outer loop
     vertex  5.192806e+01  2.509011e+01  4.000000e+00
     vertex  5.195661e+01  2.499126e+01  3.108624e-15
     vertex  5.195661e+01  2.499126e+01  4.000000e+00
   endloop
 endfacet
 facet normal -9.607136e-01 -2.775416e-01 -0.000000e+00
   outer loop
     vertex  5.192806e+01  2.509011e+01  4.000000e+00
     vertex  5.192806e+01  2.509011e+01  3.108624e-15
     vertex  5.195661e+01  2.499126e+01  3.108624e-15
   endloop
 endfacet
 facet normal -9.527379e-01 -3.037934e-01 -0.000000e+00
   outer loop
     vertex  5.192806e+01  2.509011e+01  4.000000e+00
     vertex  5.189680e+01  2.518813e+01  3.108624e-15
     vertex  5.192806e+01  2.509011e+01  3.108624e-15
   endloop
 endfacet
 facet normal -9.527379e-01 -3.037934e-01 -0.000000e+00
   outer loop
     vertex  5.189680e+01  2.518813e+01  4.000000e+00
     vertex  5.189680e+01  2.518813e+01  3.108624e-15
     vertex  5.192806e+01  2.509011e+01  4.000000e+00
   endloop
 endfacet
 facet normal -9.440450e-01 -3.298166e-01  0.000000e+00
   outer loop
     vertex  5.186287e+01  2.528526e+01  4.000000e+00
     vertex  5.189680e+01  2.518813e+01  3.108624e-15
     vertex  5.189680e+01  2.518813e+01  4.000000e+00
   endloop
 endfacet
 facet normal -9.440450e-01 -3.298166e-01 -0.000000e+00
   outer loop
     vertex  5.186287e+01  2.528526e+01  4.000000e+00
     vertex  5.186287e+01  2.528526e+01  3.108624e-15
     vertex  5.189680e+01  2.518813e+01  3.108624e-15
   endloop
 endfacet
 facet normal -9.346415e-01 -3.555914e-01 -0.000000e+00
   outer loop
     vertex  5.186287e+01  2.528526e+01  4.000000e+00
     vertex  5.182628e+01  2.538142e+01  3.108624e-15
     vertex  5.186287e+01  2.528526e+01  3.108624e-15
   endloop
 endfacet
 facet normal -9.346415e-01 -3.555914e-01 -0.000000e+00
   outer loop
     vertex  5.182628e+01  2.538142e+01  4.000000e+00
     vertex  5.182628e+01  2.538142e+01  3.108624e-15
     vertex  5.186287e+01  2.528526e+01  4.000000e+00
   endloop
 endfacet
 facet normal -9.245344e-01 -3.810986e-01  0.000000e+00
   outer loop
     vertex  5.178707e+01  2.547655e+01  4.000000e+00
     vertex  5.182628e+01  2.538142e+01  3.108624e-15
     vertex  5.182628e+01  2.538142e+01  4.000000e+00
   endloop
 endfacet
 facet normal -9.245344e-01 -3.810986e-01 -0.000000e+00
   outer loop
     vertex  5.178707e+01  2.547655e+01  4.000000e+00
     vertex  5.178707e+01  2.547655e+01  3.108624e-15
     vertex  5.182628e+01  2.538142e+01  3.108624e-15
   endloop
 endfacet
 facet normal -9.137314e-01 -4.063188e-01 -0.000000e+00
   outer loop
     vertex  5.174527e+01  2.557056e+01  4.000000e+00
     vertex  5.174527e+01  2.557056e+01  3.108624e-15
     vertex  5.178707e+01  2.547655e+01  3.108624e-15
   endloop
 endfacet
 facet normal -9.137314e-01 -4.063188e-01  0.000000e+00
   outer loop
     vertex  5.174527e+01  2.557056e+01  4.000000e+00
     vertex  5.178707e+01  2.547655e+01  3.108624e-15
     vertex  5.178707e+01  2.547655e+01  4.000000e+00
   endloop
 endfacet
 facet normal -9.022405e-01 -4.312333e-01 -0.000000e+00
   outer loop
     vertex  5.170090e+01  2.566339e+01  4.000000e+00
     vertex  5.170090e+01  2.566339e+01  3.108624e-15
     vertex  5.174527e+01  2.557056e+01  3.108624e-15
   endloop
 endfacet
 facet normal -8.900704e-01 -4.558231e-01 -0.000000e+00
   outer loop
     vertex  5.170090e+01  2.566339e+01  4.000000e+00
     vertex  5.165400e+01  2.575496e+01  3.108624e-15
     vertex  5.170090e+01  2.566339e+01  3.108624e-15
   endloop
 endfacet
 facet normal -9.022405e-01 -4.312333e-01  0.000000e+00
   outer loop
     vertex  5.170090e+01  2.566339e+01  4.000000e+00
     vertex  5.174527e+01  2.557056e+01  3.108624e-15
     vertex  5.174527e+01  2.557056e+01  4.000000e+00
   endloop
 endfacet
 facet normal -8.772303e-01 -4.800697e-01 -0.000000e+00
   outer loop
     vertex  5.165400e+01  2.575496e+01  4.000000e+00
     vertex  5.160461e+01  2.584522e+01  3.108624e-15
     vertex  5.165400e+01  2.575496e+01  3.108624e-15
   endloop
 endfacet
 facet normal -8.900704e-01 -4.558231e-01 -0.000000e+00
   outer loop
     vertex  5.165400e+01  2.575496e+01  4.000000e+00
     vertex  5.165400e+01  2.575496e+01  3.108624e-15
     vertex  5.170090e+01  2.566339e+01  4.000000e+00
   endloop
 endfacet
 facet normal -8.772303e-01 -4.800697e-01 -0.000000e+00
   outer loop
     vertex  5.160461e+01  2.584522e+01  4.000000e+00
     vertex  5.160461e+01  2.584522e+01  3.108624e-15
     vertex  5.165400e+01  2.575496e+01  4.000000e+00
   endloop
 endfacet
 facet normal -8.637299e-01 -5.039550e-01 -0.000000e+00
   outer loop
     vertex  5.155276e+01  2.593409e+01  4.000000e+00
     vertex  5.155276e+01  2.593409e+01  3.108624e-15
     vertex  5.160461e+01  2.584522e+01  3.108624e-15
   endloop
 endfacet
 facet normal -8.637299e-01 -5.039550e-01  0.000000e+00
   outer loop
     vertex  5.155276e+01  2.593409e+01  4.000000e+00
     vertex  5.160461e+01  2.584522e+01  3.108624e-15
     vertex  5.160461e+01  2.584522e+01  4.000000e+00
   endloop
 endfacet
 facet normal -8.495793e-01 -5.274609e-01 -0.000000e+00
   outer loop
     vertex  5.149849e+01  2.602150e+01  4.000000e+00
     vertex  5.149849e+01  2.602150e+01  2.664535e-15
     vertex  5.155276e+01  2.593409e+01  3.108624e-15
   endloop
 endfacet
 facet normal -8.495793e-01 -5.274609e-01  0.000000e+00
   outer loop
     vertex  5.149849e+01  2.602150e+01  4.000000e+00
     vertex  5.155276e+01  2.593409e+01  3.108624e-15
     vertex  5.155276e+01  2.593409e+01  4.000000e+00
   endloop
 endfacet
 facet normal -8.347891e-01 -5.505698e-01 -0.000000e+00
   outer loop
     vertex  5.144184e+01  2.610739e+01  4.000000e+00
     vertex  5.144184e+01  2.610739e+01  2.664535e-15
     vertex  5.149849e+01  2.602150e+01  2.664535e-15
   endloop
 endfacet
 facet normal -8.347891e-01 -5.505698e-01  0.000000e+00
   outer loop
     vertex  5.144184e+01  2.610739e+01  4.000000e+00
     vertex  5.149849e+01  2.602150e+01  2.664535e-15
     vertex  5.149849e+01  2.602150e+01  4.000000e+00
   endloop
 endfacet
 facet normal -8.193706e-01 -5.732642e-01 -0.000000e+00
   outer loop
     vertex  5.138286e+01  2.619169e+01  4.000000e+00
     vertex  5.138286e+01  2.619169e+01  2.664535e-15
     vertex  5.144184e+01  2.610739e+01  2.664535e-15
   endloop
 endfacet
 facet normal -8.193706e-01 -5.732642e-01  0.000000e+00
   outer loop
     vertex  5.138286e+01  2.619169e+01  4.000000e+00
     vertex  5.144184e+01  2.610739e+01  2.664535e-15
     vertex  5.144184e+01  2.610739e+01  4.000000e+00
   endloop
 endfacet
 facet normal -8.033352e-01 -5.955271e-01 -0.000000e+00
   outer loop
     vertex  5.132159e+01  2.627434e+01  4.000000e+00
     vertex  5.132159e+01  2.627434e+01  2.664535e-15
     vertex  5.138286e+01  2.619169e+01  2.664535e-15
   endloop
 endfacet
 facet normal -8.033352e-01 -5.955271e-01  0.000000e+00
   outer loop
     vertex  5.132159e+01  2.627434e+01  4.000000e+00
     vertex  5.138286e+01  2.619169e+01  2.664535e-15
     vertex  5.138286e+01  2.619169e+01  4.000000e+00
   endloop
 endfacet
 facet normal -7.866951e-01 -6.173417e-01 -0.000000e+00
   outer loop
     vertex  5.125807e+01  2.635528e+01  4.000000e+00
     vertex  5.125807e+01  2.635528e+01  2.664535e-15
     vertex  5.132159e+01  2.627434e+01  2.664535e-15
   endloop
 endfacet
 facet normal -7.694628e-01 -6.386916e-01 -0.000000e+00
   outer loop
     vertex  5.125807e+01  2.635528e+01  4.000000e+00
     vertex  5.119236e+01  2.643445e+01  2.664535e-15
     vertex  5.125807e+01  2.635528e+01  2.664535e-15
   endloop
 endfacet
 facet normal -7.866951e-01 -6.173417e-01  0.000000e+00
   outer loop
     vertex  5.125807e+01  2.635528e+01  4.000000e+00
     vertex  5.132159e+01  2.627434e+01  2.664535e-15
     vertex  5.132159e+01  2.627434e+01  4.000000e+00
   endloop
 endfacet
 facet normal -7.694628e-01 -6.386916e-01 -0.000000e+00
   outer loop
     vertex  5.119236e+01  2.643445e+01  4.000000e+00
     vertex  5.119236e+01  2.643445e+01  2.664535e-15
     vertex  5.125807e+01  2.635528e+01  4.000000e+00
   endloop
 endfacet
 facet normal -7.516513e-01 -6.595607e-01 -0.000000e+00
   outer loop
     vertex  5.112450e+01  2.651179e+01  4.000000e+00
     vertex  5.112450e+01  2.651179e+01  2.664535e-15
     vertex  5.119236e+01  2.643445e+01  2.664535e-15
   endloop
 endfacet
 facet normal -7.332740e-01 -6.799333e-01 -0.000000e+00
   outer loop
     vertex  5.112450e+01  2.651179e+01  4.000000e+00
     vertex  5.105454e+01  2.658723e+01  2.664535e-15
     vertex  5.112450e+01  2.651179e+01  2.664535e-15
   endloop
 endfacet
 facet normal -7.516513e-01 -6.595607e-01  0.000000e+00
   outer loop
     vertex  5.112450e+01  2.651179e+01  4.000000e+00
     vertex  5.119236e+01  2.643445e+01  2.664535e-15
     vertex  5.119236e+01  2.643445e+01  4.000000e+00
   endloop
 endfacet
 facet normal -7.143447e-01 -6.997940e-01 -0.000000e+00
   outer loop
     vertex  5.105454e+01  2.658723e+01  4.000000e+00
     vertex  5.098254e+01  2.666073e+01  2.664535e-15
     vertex  5.105454e+01  2.658723e+01  2.664535e-15
   endloop
 endfacet
 facet normal -7.332740e-01 -6.799333e-01 -0.000000e+00
   outer loop
     vertex  5.105454e+01  2.658723e+01  4.000000e+00
     vertex  5.105454e+01  2.658723e+01  2.664535e-15
     vertex  5.112450e+01  2.651179e+01  4.000000e+00
   endloop
 endfacet
 facet normal -7.143447e-01 -6.997940e-01 -0.000000e+00
   outer loop
     vertex  5.098254e+01  2.666073e+01  4.000000e+00
     vertex  5.098254e+01  2.666073e+01  2.664535e-15
     vertex  5.105454e+01  2.658723e+01  4.000000e+00
   endloop
 endfacet
 facet normal -6.948776e-01 -7.191280e-01  0.000000e+00
   outer loop
     vertex  5.090855e+01  2.673222e+01  4.000000e+00
     vertex  5.098254e+01  2.666073e+01  2.664535e-15
     vertex  5.098254e+01  2.666073e+01  4.000000e+00
   endloop
 endfacet
 facet normal -6.948776e-01 -7.191280e-01 -0.000000e+00
   outer loop
     vertex  5.090855e+01  2.673222e+01  4.000000e+00
     vertex  5.090855e+01  2.673222e+01  2.664535e-15
     vertex  5.098254e+01  2.666073e+01  2.664535e-15
   endloop
 endfacet
 facet normal -6.748875e-01 -7.379206e-01 -0.000000e+00
   outer loop
     vertex  5.090855e+01  2.673222e+01  4.000000e+00
     vertex  5.083263e+01  2.680166e+01  2.664535e-15
     vertex  5.090855e+01  2.673222e+01  2.664535e-15
   endloop
 endfacet
 facet normal -6.748875e-01 -7.379206e-01 -0.000000e+00
   outer loop
     vertex  5.083263e+01  2.680166e+01  4.000000e+00
     vertex  5.083263e+01  2.680166e+01  2.664535e-15
     vertex  5.090855e+01  2.673222e+01  4.000000e+00
   endloop
 endfacet
 facet normal -6.543893e-01 -7.561578e-01  0.000000e+00
   outer loop
     vertex  5.075483e+01  2.686899e+01  4.000000e+00
     vertex  5.083263e+01  2.680166e+01  2.664535e-15
     vertex  5.083263e+01  2.680166e+01  4.000000e+00
   endloop
 endfacet
 facet normal -6.543893e-01 -7.561578e-01 -0.000000e+00
   outer loop
     vertex  5.075483e+01  2.686899e+01  4.000000e+00
     vertex  5.075483e+01  2.686899e+01  2.664535e-15
     vertex  5.083263e+01  2.680166e+01  2.664535e-15
   endloop
 endfacet
 facet normal -6.333986e-01 -7.738257e-01 -0.000000e+00
   outer loop
     vertex  5.075483e+01  2.686899e+01  4.000000e+00
     vertex  5.067521e+01  2.693416e+01  2.664535e-15
     vertex  5.075483e+01  2.686899e+01  2.664535e-15
   endloop
 endfacet
 facet normal -6.333986e-01 -7.738257e-01 -0.000000e+00
   outer loop
     vertex  5.067521e+01  2.693416e+01  4.000000e+00
     vertex  5.067521e+01  2.693416e+01  2.664535e-15
     vertex  5.075483e+01  2.686899e+01  4.000000e+00
   endloop
 endfacet
 facet normal -6.119310e-01 -7.909112e-01  0.000000e+00
   outer loop
     vertex  5.059384e+01  2.699712e+01  4.000000e+00
     vertex  5.067521e+01  2.693416e+01  2.664535e-15
     vertex  5.067521e+01  2.693416e+01  4.000000e+00
   endloop
 endfacet
 facet normal -6.119310e-01 -7.909112e-01 -0.000000e+00
   outer loop
     vertex  5.059384e+01  2.699712e+01  4.000000e+00
     vertex  5.059384e+01  2.699712e+01  2.664535e-15
     vertex  5.067521e+01  2.693416e+01  2.664535e-15
   endloop
 endfacet
 facet normal -5.900028e-01 -8.074012e-01 -0.000000e+00
   outer loop
     vertex  5.059384e+01  2.699712e+01  4.000000e+00
     vertex  5.051077e+01  2.705782e+01  2.664535e-15
     vertex  5.059384e+01  2.699712e+01  2.664535e-15
   endloop
 endfacet
 facet normal -5.676304e-01 -8.232835e-01 -0.000000e+00
   outer loop
     vertex  5.051077e+01  2.705782e+01  4.000000e+00
     vertex  5.042606e+01  2.711622e+01  2.664535e-15
     vertex  5.051077e+01  2.705782e+01  2.664535e-15
   endloop
 endfacet
 facet normal -5.900028e-01 -8.074012e-01 -0.000000e+00
   outer loop
     vertex  5.051077e+01  2.705782e+01  4.000000e+00
     vertex  5.051077e+01  2.705782e+01  2.664535e-15
     vertex  5.059384e+01  2.699712e+01  4.000000e+00
   endloop
 endfacet
 facet normal -5.676304e-01 -8.232835e-01 -0.000000e+00
   outer loop
     vertex  5.042606e+01  2.711622e+01  4.000000e+00
     vertex  5.042606e+01  2.711622e+01  2.664535e-15
     vertex  5.051077e+01  2.705782e+01  4.000000e+00
   endloop
 endfacet
 facet normal -5.448308e-01 -8.385460e-01  0.000000e+00
   outer loop
     vertex  5.033979e+01  2.717228e+01  4.000000e+00
     vertex  5.042606e+01  2.711622e+01  2.664535e-15
     vertex  5.042606e+01  2.711622e+01  4.000000e+00
   endloop
 endfacet
 facet normal -5.448308e-01 -8.385460e-01 -0.000000e+00
   outer loop
     vertex  5.033979e+01  2.717228e+01  4.000000e+00
     vertex  5.033979e+01  2.717228e+01  2.664535e-15
     vertex  5.042606e+01  2.711622e+01  2.664535e-15
   endloop
 endfacet
 facet normal -5.216210e-01 -8.531773e-01 -0.000000e+00
   outer loop
     vertex  5.025200e+01  2.722595e+01  4.000000e+00
     vertex  5.025200e+01  2.722595e+01  2.664535e-15
     vertex  5.033979e+01  2.717228e+01  2.664535e-15
   endloop
 endfacet
 facet normal -5.216210e-01 -8.531773e-01  0.000000e+00
   outer loop
     vertex  5.025200e+01  2.722595e+01  4.000000e+00
     vertex  5.033979e+01  2.717228e+01  2.664535e-15
     vertex  5.033979e+01  2.717228e+01  4.000000e+00
   endloop
 endfacet
 facet normal -4.980186e-01 -8.671664e-01 -0.000000e+00
   outer loop
     vertex  5.016278e+01  2.727719e+01  4.000000e+00
     vertex  5.016278e+01  2.727719e+01  2.664535e-15
     vertex  5.025200e+01  2.722595e+01  2.664535e-15
   endloop
 endfacet
 facet normal -4.740412e-01 -8.805026e-01 -0.000000e+00
   outer loop
     vertex  5.016278e+01  2.727719e+01  4.000000e+00
     vertex  5.007219e+01  2.732596e+01  2.664535e-15
     vertex  5.016278e+01  2.727719e+01  2.664535e-15
   endloop
 endfacet
 facet normal -4.980186e-01 -8.671664e-01  0.000000e+00
   outer loop
     vertex  5.016278e+01  2.727719e+01  4.000000e+00
     vertex  5.025200e+01  2.722595e+01  2.664535e-15
     vertex  5.025200e+01  2.722595e+01  4.000000e+00
   endloop
 endfacet
 facet normal -4.740412e-01 -8.805026e-01 -0.000000e+00
   outer loop
     vertex  5.007219e+01  2.732596e+01  4.000000e+00
     vertex  5.007219e+01  2.732596e+01  2.664535e-15
     vertex  5.016278e+01  2.727719e+01  4.000000e+00
   endloop
 endfacet
 facet normal -4.497071e-01 -8.931761e-01 -0.000000e+00
   outer loop
     vertex  4.998029e+01  2.737223e+01  4.000000e+00
     vertex  4.998029e+01  2.737223e+01  2.664535e-15
     vertex  5.007219e+01  2.732596e+01  2.664535e-15
   endloop
 endfacet
 facet normal -4.497071e-01 -8.931761e-01  0.000000e+00
   outer loop
     vertex  4.998029e+01  2.737223e+01  4.000000e+00
     vertex  5.007219e+01  2.732596e+01  2.664535e-15
     vertex  5.007219e+01  2.732596e+01  4.000000e+00
   endloop
 endfacet
 facet normal -4.250344e-01 -9.051772e-01 -0.000000e+00
   outer loop
     vertex  4.988716e+01  2.741596e+01  4.000000e+00
     vertex  4.988716e+01  2.741596e+01  2.664535e-15
     vertex  4.998029e+01  2.737223e+01  2.664535e-15
   endloop
 endfacet
 facet normal -4.250344e-01 -9.051772e-01  0.000000e+00
   outer loop
     vertex  4.988716e+01  2.741596e+01  4.000000e+00
     vertex  4.998029e+01  2.737223e+01  2.664535e-15
     vertex  4.998029e+01  2.737223e+01  4.000000e+00
   endloop
 endfacet
 facet normal -4.000417e-01 -9.164969e-01 -0.000000e+00
   outer loop
     vertex  4.979287e+01  2.745712e+01  4.000000e+00
     vertex  4.979287e+01  2.745712e+01  2.664535e-15
     vertex  4.988716e+01  2.741596e+01  2.664535e-15
   endloop
 endfacet
 facet normal -3.747479e-01 -9.271267e-01 -0.000000e+00
   outer loop
     vertex  4.979287e+01  2.745712e+01  4.000000e+00
     vertex  4.969748e+01  2.749568e+01  2.664535e-15
     vertex  4.979287e+01  2.745712e+01  2.664535e-15
   endloop
 endfacet
 facet normal -4.000417e-01 -9.164969e-01  0.000000e+00
   outer loop
     vertex  4.979287e+01  2.745712e+01  4.000000e+00
     vertex  4.988716e+01  2.741596e+01  2.664535e-15
     vertex  4.988716e+01  2.741596e+01  4.000000e+00
   endloop
 endfacet
 facet normal -3.747479e-01 -9.271267e-01 -0.000000e+00
   outer loop
     vertex  4.969748e+01  2.749568e+01  4.000000e+00
     vertex  4.969748e+01  2.749568e+01  2.664535e-15
     vertex  4.979287e+01  2.745712e+01  4.000000e+00
   endloop
 endfacet
 facet normal -3.491720e-01 -9.370586e-01 -0.000000e+00
   outer loop
     vertex  4.960107e+01  2.753160e+01  4.000000e+00
     vertex  4.960107e+01  2.753160e+01  2.664535e-15
     vertex  4.969748e+01  2.749568e+01  2.664535e-15
   endloop
 endfacet
 facet normal -3.491720e-01 -9.370586e-01  0.000000e+00
   outer loop
     vertex  4.960107e+01  2.753160e+01  4.000000e+00
     vertex  4.969748e+01  2.749568e+01  2.664535e-15
     vertex  4.969748e+01  2.749568e+01  4.000000e+00
   endloop
 endfacet
 facet normal -3.233333e-01 -9.462851e-01 -0.000000e+00
   outer loop
     vertex  4.950371e+01  2.756487e+01  4.000000e+00
     vertex  4.950371e+01  2.756487e+01  2.664535e-15
     vertex  4.960107e+01  2.753160e+01  2.664535e-15
   endloop
 endfacet
 facet normal -2.972512e-01 -9.547993e-01 -0.000000e+00
   outer loop
     vertex  4.950371e+01  2.756487e+01  4.000000e+00
     vertex  4.940547e+01  2.759545e+01  2.664535e-15
     vertex  4.950371e+01  2.756487e+01  2.664535e-15
   endloop
 endfacet
 facet normal -3.233333e-01 -9.462851e-01  0.000000e+00
   outer loop
     vertex  4.950371e+01  2.756487e+01  4.000000e+00
     vertex  4.960107e+01  2.753160e+01  2.664535e-15
     vertex  4.960107e+01  2.753160e+01  4.000000e+00
   endloop
 endfacet
 facet normal -2.972512e-01 -9.547993e-01 -0.000000e+00
   outer loop
     vertex  4.940547e+01  2.759545e+01  4.000000e+00
     vertex  4.940547e+01  2.759545e+01  2.664535e-15
     vertex  4.950371e+01  2.756487e+01  4.000000e+00
   endloop
 endfacet
 facet normal -2.709453e-01 -9.625948e-01 -0.000000e+00
   outer loop
     vertex  4.930643e+01  2.762333e+01  4.000000e+00
     vertex  4.930643e+01  2.762333e+01  2.664535e-15
     vertex  4.940547e+01  2.759545e+01  2.664535e-15
   endloop
 endfacet
 facet normal -2.709453e-01 -9.625948e-01  0.000000e+00
   outer loop
     vertex  4.930643e+01  2.762333e+01  4.000000e+00
     vertex  4.940547e+01  2.759545e+01  2.664535e-15
     vertex  4.940547e+01  2.759545e+01  4.000000e+00
   endloop
 endfacet
 facet normal -2.444354e-01 -9.696656e-01 -0.000000e+00
   outer loop
     vertex  4.920666e+01  2.764848e+01  4.000000e+00
     vertex  4.920666e+01  2.764848e+01  2.664535e-15
     vertex  4.930643e+01  2.762333e+01  2.664535e-15
   endloop
 endfacet
 facet normal -2.177416e-01 -9.760065e-01 -0.000000e+00
   outer loop
     vertex  4.920666e+01  2.764848e+01  4.000000e+00
     vertex  4.910624e+01  2.767088e+01  2.664535e-15
     vertex  4.920666e+01  2.764848e+01  2.664535e-15
   endloop
 endfacet
 facet normal -2.444354e-01 -9.696656e-01  0.000000e+00
   outer loop
     vertex  4.920666e+01  2.764848e+01  4.000000e+00
     vertex  4.930643e+01  2.762333e+01  2.664535e-15
     vertex  4.930643e+01  2.762333e+01  4.000000e+00
   endloop
 endfacet
 facet normal -1.908838e-01 -9.816126e-01 -0.000000e+00
   outer loop
     vertex  4.910624e+01  2.767088e+01  4.000000e+00
     vertex  4.900525e+01  2.769052e+01  2.664535e-15
     vertex  4.910624e+01  2.767088e+01  2.664535e-15
   endloop
 endfacet
 facet normal -2.177416e-01 -9.760065e-01 -0.000000e+00
   outer loop
     vertex  4.910624e+01  2.767088e+01  4.000000e+00
     vertex  4.910624e+01  2.767088e+01  2.664535e-15
     vertex  4.920666e+01  2.764848e+01  4.000000e+00
   endloop
 endfacet
 facet normal -1.638824e-01 -9.864799e-01 -0.000000e+00
   outer loop
     vertex  4.900525e+01  2.769052e+01  4.000000e+00
     vertex  4.890375e+01  2.770738e+01  2.664535e-15
     vertex  4.900525e+01  2.769052e+01  2.664535e-15
   endloop
 endfacet
 facet normal -1.908838e-01 -9.816126e-01 -0.000000e+00
   outer loop
     vertex  4.900525e+01  2.769052e+01  4.000000e+00
     vertex  4.900525e+01  2.769052e+01  2.664535e-15
     vertex  4.910624e+01  2.767088e+01  4.000000e+00
   endloop
 endfacet
 facet normal -1.367575e-01 -9.906046e-01 -0.000000e+00
   outer loop
     vertex  4.890375e+01  2.770738e+01  4.000000e+00
     vertex  4.880183e+01  2.772145e+01  2.664535e-15
     vertex  4.890375e+01  2.770738e+01  2.664535e-15
   endloop
 endfacet
 facet normal -1.638824e-01 -9.864799e-01 -0.000000e+00
   outer loop
     vertex  4.890375e+01  2.770738e+01  4.000000e+00
     vertex  4.890375e+01  2.770738e+01  2.664535e-15
     vertex  4.900525e+01  2.769052e+01  4.000000e+00
   endloop
 endfacet
 facet normal -1.367575e-01 -9.906046e-01 -0.000000e+00
   outer loop
     vertex  4.880183e+01  2.772145e+01  4.000000e+00
     vertex  4.880183e+01  2.772145e+01  2.664535e-15
     vertex  4.890375e+01  2.770738e+01  4.000000e+00
   endloop
 endfacet
 facet normal -1.095298e-01 -9.939835e-01  0.000000e+00
   outer loop
     vertex  4.869956e+01  2.773272e+01  4.000000e+00
     vertex  4.880183e+01  2.772145e+01  2.664535e-15
     vertex  4.880183e+01  2.772145e+01  4.000000e+00
   endloop
 endfacet
 facet normal -1.095298e-01 -9.939835e-01 -0.000000e+00
   outer loop
     vertex  4.869956e+01  2.773272e+01  4.000000e+00
     vertex  4.869956e+01  2.773272e+01  2.664535e-15
     vertex  4.880183e+01  2.772145e+01  2.664535e-15
   endloop
 endfacet
 facet normal -8.221955e-02 -9.966142e-01  0.000000e+00
   outer loop
     vertex  4.859702e+01  2.774118e+01  4.000000e+00
     vertex  4.869956e+01  2.773272e+01  2.664535e-15
     vertex  4.869956e+01  2.773272e+01  4.000000e+00
   endloop
 endfacet
 facet normal -8.221955e-02 -9.966142e-01 -0.000000e+00
   outer loop
     vertex  4.859702e+01  2.774118e+01  4.000000e+00
     vertex  4.859702e+01  2.774118e+01  2.664535e-15
     vertex  4.869956e+01  2.773272e+01  2.664535e-15
   endloop
 endfacet
 facet normal -5.484744e-02 -9.984947e-01 -0.000000e+00
   outer loop
     vertex  4.859702e+01  2.774118e+01  4.000000e+00
     vertex  4.849429e+01  2.774682e+01  2.664535e-15
     vertex  4.859702e+01  2.774118e+01  2.664535e-15
   endloop
 endfacet
 facet normal -5.484744e-02 -9.984947e-01 -0.000000e+00
   outer loop
     vertex  4.849429e+01  2.774682e+01  4.000000e+00
     vertex  4.849429e+01  2.774682e+01  2.664535e-15
     vertex  4.859702e+01  2.774118e+01  4.000000e+00
   endloop
 endfacet
 facet normal -2.743405e-02 -9.996236e-01  0.000000e+00
   outer loop
     vertex  4.839144e+01  2.774965e+01  4.000000e+00
     vertex  4.849429e+01  2.774682e+01  2.664535e-15
     vertex  4.849429e+01  2.774682e+01  4.000000e+00
   endloop
 endfacet
 facet normal -2.743405e-02 -9.996236e-01 -0.000000e+00
   outer loop
     vertex  4.839144e+01  2.774965e+01  4.000000e+00
     vertex  4.839144e+01  2.774965e+01  2.664535e-15
     vertex  4.849429e+01  2.774682e+01  2.664535e-15
   endloop
 endfacet
 facet normal  0.000000e+00 -1.000000e+00 -0.000000e+00
   outer loop
     vertex  4.839144e+01  2.774965e+01  4.000000e+00
     vertex  4.828856e+01  2.774965e+01  2.664535e-15
     vertex  4.839144e+01  2.774965e+01  2.664535e-15
   endloop
 endfacet
 facet normal  0.000000e+00 -1.000000e+00  0.000000e+00
   outer loop
     vertex  4.828856e+01  2.774965e+01  4.000000e+00
     vertex  4.828856e+01  2.774965e+01  2.664535e-15
     vertex  4.839144e+01  2.774965e+01  4.000000e+00
   endloop
 endfacet
 facet normal  2.743405e-02 -9.996236e-01  0.000000e+00
   outer loop
     vertex  4.818571e+01  2.774682e+01  4.000000e+00
     vertex  4.828856e+01  2.774965e+01  2.664535e-15
     vertex  4.828856e+01  2.774965e+01  4.000000e+00
   endloop
 endfacet
 facet normal  2.743405e-02 -9.996236e-01  0.000000e+00
   outer loop
     vertex  4.818571e+01  2.774682e+01  4.000000e+00
     vertex  4.818571e+01  2.774682e+01  2.664535e-15
     vertex  4.828856e+01  2.774965e+01  2.664535e-15
   endloop
 endfacet
 facet normal  5.484744e-02 -9.984947e-01  0.000000e+00
   outer loop
     vertex  4.818571e+01  2.774682e+01  4.000000e+00
     vertex  4.808298e+01  2.774118e+01  2.664535e-15
     vertex  4.818571e+01  2.774682e+01  2.664535e-15
   endloop
 endfacet
 facet normal  5.484744e-02 -9.984947e-01  0.000000e+00
   outer loop
     vertex  4.808298e+01  2.774118e+01  4.000000e+00
     vertex  4.808298e+01  2.774118e+01  2.664535e-15
     vertex  4.818571e+01  2.774682e+01  4.000000e+00
   endloop
 endfacet
 facet normal  8.221955e-02 -9.966142e-01  0.000000e+00
   outer loop
     vertex  4.798044e+01  2.773272e+01  4.000000e+00
     vertex  4.808298e+01  2.774118e+01  2.664535e-15
     vertex  4.808298e+01  2.774118e+01  4.000000e+00
   endloop
 endfacet
 facet normal  8.221955e-02 -9.966142e-01  0.000000e+00
   outer loop
     vertex  4.798044e+01  2.773272e+01  4.000000e+00
     vertex  4.798044e+01  2.773272e+01  2.664535e-15
     vertex  4.808298e+01  2.774118e+01  2.664535e-15
   endloop
 endfacet
 facet normal  1.095298e-01 -9.939835e-01  0.000000e+00
   outer loop
     vertex  4.798044e+01  2.773272e+01  4.000000e+00
     vertex  4.787817e+01  2.772145e+01  2.664535e-15
     vertex  4.798044e+01  2.773272e+01  2.664535e-15
   endloop
 endfacet
 facet normal  1.095298e-01 -9.939835e-01  0.000000e+00
   outer loop
     vertex  4.787817e+01  2.772145e+01  4.000000e+00
     vertex  4.787817e+01  2.772145e+01  2.664535e-15
     vertex  4.798044e+01  2.773272e+01  4.000000e+00
   endloop
 endfacet
 facet normal  1.367575e-01 -9.906046e-01  0.000000e+00
   outer loop
     vertex  4.777625e+01  2.770738e+01  4.000000e+00
     vertex  4.787817e+01  2.772145e+01  2.664535e-15
     vertex  4.787817e+01  2.772145e+01  4.000000e+00
   endloop
 endfacet
 facet normal  1.367575e-01 -9.906046e-01  0.000000e+00
   outer loop
     vertex  4.777625e+01  2.770738e+01  4.000000e+00
     vertex  4.777625e+01  2.770738e+01  2.664535e-15
     vertex  4.787817e+01  2.772145e+01  2.664535e-15
   endloop
 endfacet
 facet normal  1.638824e-01 -9.864799e-01  0.000000e+00
   outer loop
     vertex  4.767475e+01  2.769052e+01  4.000000e+00
     vertex  4.777625e+01  2.770738e+01  2.664535e-15
     vertex  4.777625e+01  2.770738e+01  4.000000e+00
   endloop
 endfacet
 facet normal  1.638824e-01 -9.864799e-01  0.000000e+00
   outer loop
     vertex  4.767475e+01  2.769052e+01  4.000000e+00
     vertex  4.767475e+01  2.769052e+01  2.664535e-15
     vertex  4.777625e+01  2.770738e+01  2.664535e-15
   endloop
 endfacet
 facet normal  1.908838e-01 -9.816126e-01  0.000000e+00
   outer loop
     vertex  4.767475e+01  2.769052e+01  4.000000e+00
     vertex  4.757376e+01  2.767088e+01  2.664535e-15
     vertex  4.767475e+01  2.769052e+01  2.664535e-15
   endloop
 endfacet
 facet normal  1.908838e-01 -9.816126e-01  0.000000e+00
   outer loop
     vertex  4.757376e+01  2.767088e+01  4.000000e+00
     vertex  4.757376e+01  2.767088e+01  2.664535e-15
     vertex  4.767475e+01  2.769052e+01  4.000000e+00
   endloop
 endfacet
 facet normal  2.177416e-01 -9.760065e-01  0.000000e+00
   outer loop
     vertex  4.747334e+01  2.764848e+01  4.000000e+00
     vertex  4.747334e+01  2.764848e+01  2.664535e-15
     vertex  4.757376e+01  2.767088e+01  2.664535e-15
   endloop
 endfacet
 facet normal  2.177416e-01 -9.760065e-01  0.000000e+00
   outer loop
     vertex  4.747334e+01  2.764848e+01  4.000000e+00
     vertex  4.757376e+01  2.767088e+01  2.664535e-15
     vertex  4.757376e+01  2.767088e+01  4.000000e+00
   endloop
 endfacet
 facet normal  2.444354e-01 -9.696656e-01  0.000000e+00
   outer loop
     vertex  4.737357e+01  2.762333e+01  4.000000e+00
     vertex  4.737357e+01  2.762333e+01  2.664535e-15
     vertex  4.747334e+01  2.764848e+01  2.664535e-15
   endloop
 endfacet
 facet normal  2.444354e-01 -9.696656e-01  0.000000e+00
   outer loop
     vertex  4.737357e+01  2.762333e+01  4.000000e+00
     vertex  4.747334e+01  2.764848e+01  2.664535e-15
     vertex  4.747334e+01  2.764848e+01  4.000000e+00
   endloop
 endfacet
 facet normal  2.709453e-01 -9.625948e-01  0.000000e+00
   outer loop
     vertex  4.727453e+01  2.759545e+01  4.000000e+00
     vertex  4.727453e+01  2.759545e+01  2.664535e-15
     vertex  4.737357e+01  2.762333e+01  2.664535e-15
   endloop
 endfacet
 facet normal  2.709453e-01 -9.625948e-01  0.000000e+00
   outer loop
     vertex  4.727453e+01  2.759545e+01  4.000000e+00
     vertex  4.737357e+01  2.762333e+01  2.664535e-15
     vertex  4.737357e+01  2.762333e+01  4.000000e+00
   endloop
 endfacet
 facet normal  2.972512e-01 -9.547993e-01  0.000000e+00
   outer loop
     vertex  4.717629e+01  2.756487e+01  4.000000e+00
     vertex  4.717629e+01  2.756487e+01  2.664535e-15
     vertex  4.727453e+01  2.759545e+01  2.664535e-15
   endloop
 endfacet
 facet normal  2.972512e-01 -9.547993e-01  0.000000e+00
   outer loop
     vertex  4.717629e+01  2.756487e+01  4.000000e+00
     vertex  4.727453e+01  2.759545e+01  2.664535e-15
     vertex  4.727453e+01  2.759545e+01  4.000000e+00
   endloop
 endfacet
 facet normal  3.233333e-01 -9.462851e-01  0.000000e+00
   outer loop
     vertex  4.707893e+01  2.753160e+01  4.000000e+00
     vertex  4.707893e+01  2.753160e+01  2.664535e-15
     vertex  4.717629e+01  2.756487e+01  2.664535e-15
   endloop
 endfacet
 facet normal  3.233333e-01 -9.462851e-01  0.000000e+00
   outer loop
     vertex  4.707893e+01  2.753160e+01  4.000000e+00
     vertex  4.717629e+01  2.756487e+01  2.664535e-15
     vertex  4.717629e+01  2.756487e+01  4.000000e+00
   endloop
 endfacet
 facet normal  3.491720e-01 -9.370586e-01  0.000000e+00
   outer loop
     vertex  4.698252e+01  2.749568e+01  4.000000e+00
     vertex  4.698252e+01  2.749568e+01  2.664535e-15
     vertex  4.707893e+01  2.753160e+01  2.664535e-15
   endloop
 endfacet
 facet normal  3.747479e-01 -9.271267e-01  0.000000e+00
   outer loop
     vertex  4.698252e+01  2.749568e+01  4.000000e+00
     vertex  4.688713e+01  2.745712e+01  2.664535e-15
     vertex  4.698252e+01  2.749568e+01  2.664535e-15
   endloop
 endfacet
 facet normal  3.491720e-01 -9.370586e-01  0.000000e+00
   outer loop
     vertex  4.698252e+01  2.749568e+01  4.000000e+00
     vertex  4.707893e+01  2.753160e+01  2.664535e-15
     vertex  4.707893e+01  2.753160e+01  4.000000e+00
   endloop
 endfacet
 facet normal  3.747479e-01 -9.271267e-01  0.000000e+00
   outer loop
     vertex  4.688713e+01  2.745712e+01  4.000000e+00
     vertex  4.688713e+01  2.745712e+01  2.664535e-15
     vertex  4.698252e+01  2.749568e+01  4.000000e+00
   endloop
 endfacet
 facet normal  4.000417e-01 -9.164969e-01  0.000000e+00
   outer loop
     vertex  4.679284e+01  2.741596e+01  4.000000e+00
     vertex  4.679284e+01  2.741596e+01  2.664535e-15
     vertex  4.688713e+01  2.745712e+01  2.664535e-15
   endloop
 endfacet
 facet normal  4.000417e-01 -9.164969e-01  0.000000e+00
   outer loop
     vertex  4.679284e+01  2.741596e+01  4.000000e+00
     vertex  4.688713e+01  2.745712e+01  2.664535e-15
     vertex  4.688713e+01  2.745712e+01  4.000000e+00
   endloop
 endfacet
 facet normal  4.250344e-01 -9.051772e-01  0.000000e+00
   outer loop
     vertex  4.669971e+01  2.737223e+01  4.000000e+00
     vertex  4.669971e+01  2.737223e+01  2.664535e-15
     vertex  4.679284e+01  2.741596e+01  2.664535e-15
   endloop
 endfacet
 facet normal  4.250344e-01 -9.051772e-01  0.000000e+00
   outer loop
     vertex  4.669971e+01  2.737223e+01  4.000000e+00
     vertex  4.679284e+01  2.741596e+01  2.664535e-15
     vertex  4.679284e+01  2.741596e+01  4.000000e+00
   endloop
 endfacet
 facet normal  4.497071e-01 -8.931761e-01  0.000000e+00
   outer loop
     vertex  4.660781e+01  2.732596e+01  4.000000e+00
     vertex  4.660781e+01  2.732596e+01  2.664535e-15
     vertex  4.669971e+01  2.737223e+01  2.664535e-15
   endloop
 endfacet
 facet normal  4.497071e-01 -8.931761e-01  0.000000e+00
   outer loop
     vertex  4.660781e+01  2.732596e+01  4.000000e+00
     vertex  4.669971e+01  2.737223e+01  2.664535e-15
     vertex  4.669971e+01  2.737223e+01  4.000000e+00
   endloop
 endfacet
 facet normal  4.740412e-01 -8.805026e-01  0.000000e+00
   outer loop
     vertex  4.651722e+01  2.727719e+01  4.000000e+00
     vertex  4.651722e+01  2.727719e+01  2.664535e-15
     vertex  4.660781e+01  2.732596e+01  2.664535e-15
   endloop
 endfacet
 facet normal  4.980186e-01 -8.671664e-01  0.000000e+00
   outer loop
     vertex  4.651722e+01  2.727719e+01  4.000000e+00
     vertex  4.642800e+01  2.722595e+01  2.664535e-15
     vertex  4.651722e+01  2.727719e+01  2.664535e-15
   endloop
 endfacet
 facet normal  4.740412e-01 -8.805026e-01  0.000000e+00
   outer loop
     vertex  4.651722e+01  2.727719e+01  4.000000e+00
     vertex  4.660781e+01  2.732596e+01  2.664535e-15
     vertex  4.660781e+01  2.732596e+01  4.000000e+00
   endloop
 endfacet
 facet normal  5.216210e-01 -8.531773e-01  0.000000e+00
   outer loop
     vertex  4.642800e+01  2.722595e+01  4.000000e+00
     vertex  4.634021e+01  2.717228e+01  2.664535e-15
     vertex  4.642800e+01  2.722595e+01  2.664535e-15
   endloop
 endfacet
 facet normal  4.980186e-01 -8.671664e-01  0.000000e+00
   outer loop
     vertex  4.642800e+01  2.722595e+01  4.000000e+00
     vertex  4.642800e+01  2.722595e+01  2.664535e-15
     vertex  4.651722e+01  2.727719e+01  4.000000e+00
   endloop
 endfacet
 facet normal  5.216210e-01 -8.531773e-01  0.000000e+00
   outer loop
     vertex  4.634021e+01  2.717228e+01  4.000000e+00
     vertex  4.634021e+01  2.717228e+01  2.664535e-15
     vertex  4.642800e+01  2.722595e+01  4.000000e+00
   endloop
 endfacet
 facet normal  5.448308e-01 -8.385460e-01  0.000000e+00
   outer loop
     vertex  4.625394e+01  2.711622e+01  4.000000e+00
     vertex  4.634021e+01  2.717228e+01  2.664535e-15
     vertex  4.634021e+01  2.717228e+01  4.000000e+00
   endloop
 endfacet
 facet normal  5.448308e-01 -8.385460e-01  0.000000e+00
   outer loop
     vertex  4.625394e+01  2.711622e+01  4.000000e+00
     vertex  4.625394e+01  2.711622e+01  2.664535e-15
     vertex  4.634021e+01  2.717228e+01  2.664535e-15
   endloop
 endfacet
 facet normal  5.676304e-01 -8.232835e-01  0.000000e+00
   outer loop
     vertex  4.625394e+01  2.711622e+01  4.000000e+00
     vertex  4.616923e+01  2.705782e+01  2.664535e-15
     vertex  4.625394e+01  2.711622e+01  2.664535e-15
   endloop
 endfacet
 facet normal  5.676304e-01 -8.232835e-01  0.000000e+00
   outer loop
     vertex  4.616923e+01  2.705782e+01  4.000000e+00
     vertex  4.616923e+01  2.705782e+01  2.664535e-15
     vertex  4.625394e+01  2.711622e+01  4.000000e+00
   endloop
 endfacet
 facet normal  5.900028e-01 -8.074012e-01  0.000000e+00
   outer loop
     vertex  4.608616e+01  2.699712e+01  4.000000e+00
     vertex  4.616923e+01  2.705782e+01  2.664535e-15
     vertex  4.616923e+01  2.705782e+01  4.000000e+00
   endloop
 endfacet
 facet normal  5.900028e-01 -8.074012e-01  0.000000e+00
   outer loop
     vertex  4.608616e+01  2.699712e+01  4.000000e+00
     vertex  4.608616e+01  2.699712e+01  2.664535e-15
     vertex  4.616923e+01  2.705782e+01  2.664535e-15
   endloop
 endfacet
 facet normal  6.119310e-01 -7.909112e-01  0.000000e+00
   outer loop
     vertex  4.608616e+01  2.699712e+01  4.000000e+00
     vertex  4.600479e+01  2.693416e+01  2.664535e-15
     vertex  4.608616e+01  2.699712e+01  2.664535e-15
   endloop
 endfacet
 facet normal  6.119310e-01 -7.909112e-01  0.000000e+00
   outer loop
     vertex  4.600479e+01  2.693416e+01  4.000000e+00
     vertex  4.600479e+01  2.693416e+01  2.664535e-15
     vertex  4.608616e+01  2.699712e+01  4.000000e+00
   endloop
 endfacet
 facet normal  6.333986e-01 -7.738257e-01  0.000000e+00
   outer loop
     vertex  4.592517e+01  2.686899e+01  4.000000e+00
     vertex  4.600479e+01  2.693416e+01  2.664535e-15
     vertex  4.600479e+01  2.693416e+01  4.000000e+00
   endloop
 endfacet
 facet normal  6.333986e-01 -7.738257e-01  0.000000e+00
   outer loop
     vertex  4.592517e+01  2.686899e+01  4.000000e+00
     vertex  4.592517e+01  2.686899e+01  2.664535e-15
     vertex  4.600479e+01  2.693416e+01  2.664535e-15
   endloop
 endfacet
 facet normal  6.543893e-01 -7.561578e-01  0.000000e+00
   outer loop
     vertex  4.592517e+01  2.686899e+01  4.000000e+00
     vertex  4.584737e+01  2.680166e+01  2.664535e-15
     vertex  4.592517e+01  2.686899e+01  2.664535e-15
   endloop
 endfacet
 facet normal  6.543893e-01 -7.561578e-01  0.000000e+00
   outer loop
     vertex  4.584737e+01  2.680166e+01  4.000000e+00
     vertex  4.584737e+01  2.680166e+01  2.664535e-15
     vertex  4.592517e+01  2.686899e+01  4.000000e+00
   endloop
 endfacet
 facet normal  6.748875e-01 -7.379206e-01  0.000000e+00
   outer loop
     vertex  4.577145e+01  2.673222e+01  4.000000e+00
     vertex  4.584737e+01  2.680166e+01  2.664535e-15
     vertex  4.584737e+01  2.680166e+01  4.000000e+00
   endloop
 endfacet
 facet normal  6.748875e-01 -7.379206e-01  0.000000e+00
   outer loop
     vertex  4.577145e+01  2.673222e+01  4.000000e+00
     vertex  4.577145e+01  2.673222e+01  2.664535e-15
     vertex  4.584737e+01  2.680166e+01  2.664535e-15
   endloop
 endfacet
 facet normal  6.948776e-01 -7.191280e-01  0.000000e+00
   outer loop
     vertex  4.569746e+01  2.666073e+01  4.000000e+00
     vertex  4.577145e+01  2.673222e+01  2.664535e-15
     vertex  4.577145e+01  2.673222e+01  4.000000e+00
   endloop
 endfacet
 facet normal  6.948776e-01 -7.191280e-01  0.000000e+00
   outer loop
     vertex  4.569746e+01  2.666073e+01  4.000000e+00
     vertex  4.569746e+01  2.666073e+01  2.664535e-15
     vertex  4.577145e+01  2.673222e+01  2.664535e-15
   endloop
 endfacet
 facet normal  7.143447e-01 -6.997940e-01  0.000000e+00
   outer loop
     vertex  4.562546e+01  2.658723e+01  4.000000e+00
     vertex  4.569746e+01  2.666073e+01  2.664535e-15
     vertex  4.569746e+01  2.666073e+01  4.000000e+00
   endloop
 endfacet
 facet normal  7.143447e-01 -6.997940e-01  0.000000e+00
   outer loop
     vertex  4.562546e+01  2.658723e+01  4.000000e+00
     vertex  4.562546e+01  2.658723e+01  2.664535e-15
     vertex  4.569746e+01  2.666073e+01  2.664535e-15
   endloop
 endfacet
 facet normal  7.332740e-01 -6.799333e-01  0.000000e+00
   outer loop
     vertex  4.555550e+01  2.651179e+01  4.000000e+00
     vertex  4.562546e+01  2.658723e+01  2.664535e-15
     vertex  4.562546e+01  2.658723e+01  4.000000e+00
   endloop
 endfacet
 facet normal  7.332740e-01 -6.799333e-01  0.000000e+00
   outer loop
     vertex  4.555550e+01  2.651179e+01  4.000000e+00
     vertex  4.555550e+01  2.651179e+01  2.664535e-15
     vertex  4.562546e+01  2.658723e+01  2.664535e-15
   endloop
 endfacet
 facet normal  7.516513e-01 -6.595607e-01  0.000000e+00
   outer loop
     vertex  4.555550e+01  2.651179e+01  4.000000e+00
     vertex  4.548764e+01  2.643445e+01  2.664535e-15
     vertex  4.555550e+01  2.651179e+01  2.664535e-15
   endloop
 endfacet
 facet normal  7.516513e-01 -6.595607e-01  0.000000e+00
   outer loop
     vertex  4.548764e+01  2.643445e+01  4.000000e+00
     vertex  4.548764e+01  2.643445e+01  2.664535e-15
     vertex  4.555550e+01  2.651179e+01  4.000000e+00
   endloop
 endfacet
 facet normal  7.694628e-01 -6.386916e-01  0.000000e+00
   outer loop
     vertex  4.542193e+01  2.635528e+01  4.000000e+00
     vertex  4.548764e+01  2.643445e+01  2.664535e-15
     vertex  4.548764e+01  2.643445e+01  4.000000e+00
   endloop
 endfacet
 facet normal  7.694628e-01 -6.386916e-01  0.000000e+00
   outer loop
     vertex  4.542193e+01  2.635528e+01  4.000000e+00
     vertex  4.542193e+01  2.635528e+01  2.664535e-15
     vertex  4.548764e+01  2.643445e+01  2.664535e-15
   endloop
 endfacet
 facet normal  7.866951e-01 -6.173417e-01  0.000000e+00
   outer loop
     vertex  4.542193e+01  2.635528e+01  4.000000e+00
     vertex  4.535841e+01  2.627434e+01  2.664535e-15
     vertex  4.542193e+01  2.635528e+01  2.664535e-15
   endloop
 endfacet
 facet normal  7.866951e-01 -6.173417e-01  0.000000e+00
   outer loop
     vertex  4.535841e+01  2.627434e+01  4.000000e+00
     vertex  4.535841e+01  2.627434e+01  2.664535e-15
     vertex  4.542193e+01  2.635528e+01  4.000000e+00
   endloop
 endfacet
 facet normal  8.033352e-01 -5.955271e-01  0.000000e+00
   outer loop
     vertex  4.529714e+01  2.619169e+01  4.000000e+00
     vertex  4.535841e+01  2.627434e+01  2.664535e-15
     vertex  4.535841e+01  2.627434e+01  4.000000e+00
   endloop
 endfacet
 facet normal  8.033352e-01 -5.955271e-01  0.000000e+00
   outer loop
     vertex  4.529714e+01  2.619169e+01  4.000000e+00
     vertex  4.529714e+01  2.619169e+01  2.664535e-15
     vertex  4.535841e+01  2.627434e+01  2.664535e-15
   endloop
 endfacet
 facet normal  8.193706e-01 -5.732642e-01  0.000000e+00
   outer loop
     vertex  4.523816e+01  2.610739e+01  4.000000e+00
     vertex  4.529714e+01  2.619169e+01  2.664535e-15
     vertex  4.529714e+01  2.619169e+01  4.000000e+00
   endloop
 endfacet
 facet normal  8.193706e-01 -5.732642e-01  0.000000e+00
   outer loop
     vertex  4.523816e+01  2.610739e+01  4.000000e+00
     vertex  4.523816e+01  2.610739e+01  2.664535e-15
     vertex  4.529714e+01  2.619169e+01  2.664535e-15
   endloop
 endfacet
 facet normal  8.347891e-01 -5.505698e-01  0.000000e+00
   outer loop
     vertex  4.518151e+01  2.602150e+01  4.000000e+00
     vertex  4.523816e+01  2.610739e+01  2.664535e-15
     vertex  4.523816e+01  2.610739e+01  4.000000e+00
   endloop
 endfacet
 facet normal  8.347891e-01 -5.505698e-01  0.000000e+00
   outer loop
     vertex  4.518151e+01  2.602150e+01  4.000000e+00
     vertex  4.518151e+01  2.602150e+01  2.664535e-15
     vertex  4.523816e+01  2.610739e+01  2.664535e-15
   endloop
 endfacet
 facet normal  8.495793e-01 -5.274609e-01  0.000000e+00
   outer loop
     vertex  4.518151e+01  2.602150e+01  4.000000e+00
     vertex  4.512724e+01  2.593409e+01  3.108624e-15
     vertex  4.518151e+01  2.602150e+01  2.664535e-15
   endloop
 endfacet
 facet normal  8.495793e-01 -5.274609e-01  0.000000e+00
   outer loop
     vertex  4.512724e+01  2.593409e+01  4.000000e+00
     vertex  4.512724e+01  2.593409e+01  3.108624e-15
     vertex  4.518151e+01  2.602150e+01  4.000000e+00
   endloop
 endfacet
 facet normal  8.637299e-01 -5.039550e-01  0.000000e+00
   outer loop
     vertex  4.507539e+01  2.584522e+01  4.000000e+00
     vertex  4.512724e+01  2.593409e+01  3.108624e-15
     vertex  4.512724e+01  2.593409e+01  4.000000e+00
   endloop
 endfacet
 facet normal  8.637299e-01 -5.039550e-01  0.000000e+00
   outer loop
     vertex  4.507539e+01  2.584522e+01  4.000000e+00
     vertex  4.507539e+01  2.584522e+01  3.108624e-15
     vertex  4.512724e+01  2.593409e+01  3.108624e-15
   endloop
 endfacet
 facet normal  8.772303e-01 -4.800697e-01  0.000000e+00
   outer loop
     vertex  4.507539e+01  2.584522e+01  4.000000e+00
     vertex  4.502600e+01  2.575496e+01  3.108624e-15
     vertex  4.507539e+01  2.584522e+01  3.108624e-15
   endloop
 endfacet
 facet normal  8.772303e-01 -4.800697e-01  0.000000e+00
   outer loop
     vertex  4.502600e+01  2.575496e+01  4.000000e+00
     vertex  4.502600e+01  2.575496e+01  3.108624e-15
     vertex  4.507539e+01  2.584522e+01  4.000000e+00
   endloop
 endfacet
 facet normal  8.900704e-01 -4.558231e-01  0.000000e+00
   outer loop
     vertex  4.497910e+01  2.566339e+01  4.000000e+00
     vertex  4.502600e+01  2.575496e+01  3.108624e-15
     vertex  4.502600e+01  2.575496e+01  4.000000e+00
   endloop
 endfacet
 facet normal  8.900704e-01 -4.558231e-01  0.000000e+00
   outer loop
     vertex  4.497910e+01  2.566339e+01  4.000000e+00
     vertex  4.497910e+01  2.566339e+01  3.108624e-15
     vertex  4.502600e+01  2.575496e+01  3.108624e-15
   endloop
 endfacet
 facet normal  9.022405e-01 -4.312333e-01  0.000000e+00
   outer loop
     vertex  4.493473e+01  2.557056e+01  4.000000e+00
     vertex  4.497910e+01  2.566339e+01  3.108624e-15
     vertex  4.497910e+01  2.566339e+01  4.000000e+00
   endloop
 endfacet
 facet normal  9.022405e-01 -4.312333e-01  0.000000e+00
   outer loop
     vertex  4.493473e+01  2.557056e+01  4.000000e+00
     vertex  4.493473e+01  2.557056e+01  3.108624e-15
     vertex  4.497910e+01  2.566339e+01  3.108624e-15
   endloop
 endfacet
 facet normal  9.137314e-01 -4.063188e-01  0.000000e+00
   outer loop
     vertex  4.493473e+01  2.557056e+01  4.000000e+00
     vertex  4.489293e+01  2.547655e+01  3.108624e-15
     vertex  4.493473e+01  2.557056e+01  3.108624e-15
   endloop
 endfacet
 facet normal  9.137314e-01 -4.063188e-01  0.000000e+00
   outer loop
     vertex  4.489293e+01  2.547655e+01  4.000000e+00
     vertex  4.489293e+01  2.547655e+01  3.108624e-15
     vertex  4.493473e+01  2.557056e+01  4.000000e+00
   endloop
 endfacet
 facet normal  9.245344e-01 -3.810986e-01  0.000000e+00
   outer loop
     vertex  4.485372e+01  2.538142e+01  4.000000e+00
     vertex  4.485372e+01  2.538142e+01  3.108624e-15
     vertex  4.489293e+01  2.547655e+01  3.108624e-15
   endloop
 endfacet
 facet normal  9.245344e-01 -3.810986e-01  0.000000e+00
   outer loop
     vertex  4.485372e+01  2.538142e+01  4.000000e+00
     vertex  4.489293e+01  2.547655e+01  3.108624e-15
     vertex  4.489293e+01  2.547655e+01  4.000000e+00
   endloop
 endfacet
 facet normal  9.346415e-01 -3.555914e-01  0.000000e+00
   outer loop
     vertex  4.481713e+01  2.528526e+01  4.000000e+00
     vertex  4.481713e+01  2.528526e+01  3.108624e-15
     vertex  4.485372e+01  2.538142e+01  3.108624e-15
   endloop
 endfacet
 facet normal  9.346415e-01 -3.555914e-01  0.000000e+00
   outer loop
     vertex  4.481713e+01  2.528526e+01  4.000000e+00
     vertex  4.485372e+01  2.538142e+01  3.108624e-15
     vertex  4.485372e+01  2.538142e+01  4.000000e+00
   endloop
 endfacet
 facet normal  9.440450e-01 -3.298166e-01  0.000000e+00
   outer loop
     vertex  4.478320e+01  2.518813e+01  4.000000e+00
     vertex  4.478320e+01  2.518813e+01  3.108624e-15
     vertex  4.481713e+01  2.528526e+01  3.108624e-15
   endloop
 endfacet
 facet normal  9.440450e-01 -3.298166e-01  0.000000e+00
   outer loop
     vertex  4.478320e+01  2.518813e+01  4.000000e+00
     vertex  4.481713e+01  2.528526e+01  3.108624e-15
     vertex  4.481713e+01  2.528526e+01  4.000000e+00
   endloop
 endfacet
 facet normal  9.527379e-01 -3.037934e-01  0.000000e+00
   outer loop
     vertex  4.475194e+01  2.509011e+01  4.000000e+00
     vertex  4.475194e+01  2.509011e+01  3.108624e-15
     vertex  4.478320e+01  2.518813e+01  3.108624e-15
   endloop
 endfacet
 facet normal  9.607136e-01 -2.775416e-01  0.000000e+00
   outer loop
     vertex  4.475194e+01  2.509011e+01  4.000000e+00
     vertex  4.472339e+01  2.499126e+01  3.108624e-15
     vertex  4.475194e+01  2.509011e+01  3.108624e-15
   endloop
 endfacet
 facet normal  9.527379e-01 -3.037934e-01  0.000000e+00
   outer loop
     vertex  4.475194e+01  2.509011e+01  4.000000e+00
     vertex  4.478320e+01  2.518813e+01  3.108624e-15
     vertex  4.478320e+01  2.518813e+01  4.000000e+00
   endloop
 endfacet
 facet normal  9.607136e-01 -2.775416e-01  0.000000e+00
   outer loop
     vertex  4.472339e+01  2.499126e+01  4.000000e+00
     vertex  4.472339e+01  2.499126e+01  3.108624e-15
     vertex  4.475194e+01  2.509011e+01  4.000000e+00
   endloop
 endfacet
 facet normal  9.679661e-01 -2.510809e-01  0.000000e+00
   outer loop
     vertex  4.469755e+01  2.489167e+01  4.000000e+00
     vertex  4.472339e+01  2.499126e+01  3.108624e-15
     vertex  4.472339e+01  2.499126e+01  4.000000e+00
   endloop
 endfacet
 facet normal  9.679661e-01 -2.510809e-01  0.000000e+00
   outer loop
     vertex  4.469755e+01  2.489167e+01  4.000000e+00
     vertex  4.469755e+01  2.489167e+01  3.108624e-15
     vertex  4.472339e+01  2.499126e+01  3.108624e-15
   endloop
 endfacet
 facet normal  9.744899e-01 -2.244312e-01  0.000000e+00
   outer loop
     vertex  4.469755e+01  2.489167e+01  4.000000e+00
     vertex  4.467446e+01  2.479141e+01  3.108624e-15
     vertex  4.469755e+01  2.489167e+01  3.108624e-15
   endloop
 endfacet
 facet normal  9.744899e-01 -2.244312e-01  0.000000e+00
   outer loop
     vertex  4.467446e+01  2.479141e+01  4.000000e+00
     vertex  4.467446e+01  2.479141e+01  3.108624e-15
     vertex  4.469755e+01  2.489167e+01  4.000000e+00
   endloop
 endfacet
 facet normal  9.802802e-01 -1.976125e-01  0.000000e+00
   outer loop
     vertex  4.465413e+01  2.469055e+01  4.000000e+00
     vertex  4.467446e+01  2.479141e+01  3.108624e-15
     vertex  4.467446e+01  2.479141e+01  4.000000e+00
   endloop
 endfacet
 facet normal  9.802802e-01 -1.976125e-01  0.000000e+00
   outer loop
     vertex  4.465413e+01  2.469055e+01  4.000000e+00
     vertex  4.465413e+01  2.469055e+01  3.108624e-15
     vertex  4.467446e+01  2.479141e+01  3.108624e-15
   endloop
 endfacet
 facet normal  9.853326e-01 -1.706451e-01  0.000000e+00
   outer loop
     vertex  4.463657e+01  2.458917e+01  4.000000e+00
     vertex  4.465413e+01  2.469055e+01  3.108624e-15
     vertex  4.465413e+01  2.469055e+01  4.000000e+00
   endloop
 endfacet
 facet normal  9.853326e-01 -1.706451e-01  0.000000e+00
   outer loop
     vertex  4.463657e+01  2.458917e+01  4.000000e+00
     vertex  4.463657e+01  2.458917e+01  3.108624e-15
     vertex  4.465413e+01  2.469055e+01  3.108624e-15
   endloop
 endfacet
 facet normal  9.896432e-01 -1.435492e-01  0.000000e+00
   outer loop
     vertex  4.463657e+01  2.458917e+01  4.000000e+00
     vertex  4.462180e+01  2.448735e+01  3.108624e-15
     vertex  4.463657e+01  2.458917e+01  3.108624e-15
   endloop
 endfacet
 facet normal  9.896432e-01 -1.435492e-01  0.000000e+00
   outer loop
     vertex  4.462180e+01  2.448735e+01  4.000000e+00
     vertex  4.462180e+01  2.448735e+01  3.108624e-15
     vertex  4.463657e+01  2.458917e+01  4.000000e+00
   endloop
 endfacet
 facet normal  9.932088e-01 -1.163452e-01  0.000000e+00
   outer loop
     vertex  4.460983e+01  2.438516e+01  4.000000e+00
     vertex  4.462180e+01  2.448735e+01  3.108624e-15
     vertex  4.462180e+01  2.448735e+01  4.000000e+00
   endloop
 endfacet
 facet normal  9.932088e-01 -1.163452e-01  0.000000e+00
   outer loop
     vertex  4.460983e+01  2.438516e+01  4.000000e+00
     vertex  4.460983e+01  2.438516e+01  3.108624e-15
     vertex  4.462180e+01  2.448735e+01  3.108624e-15
   endloop
 endfacet
 facet normal  9.960268e-01 -8.905371e-02  0.000000e+00
   outer loop
     vertex  4.460067e+01  2.428268e+01  4.000000e+00
     vertex  4.460983e+01  2.438516e+01  3.108624e-15
     vertex  4.460983e+01  2.438516e+01  4.000000e+00
   endloop
 endfacet
 facet normal  9.960268e-01 -8.905371e-02  0.000000e+00
   outer loop
     vertex  4.460067e+01  2.428268e+01  4.000000e+00
     vertex  4.460067e+01  2.428268e+01  3.108624e-15
     vertex  4.460983e+01  2.438516e+01  3.108624e-15
   endloop
 endfacet
 facet normal  9.980950e-01 -6.169515e-02  0.000000e+00
   outer loop
     vertex  4.459432e+01  2.417999e+01  4.000000e+00
     vertex  4.460067e+01  2.428268e+01  3.108624e-15
     vertex  4.460067e+01  2.428268e+01  4.000000e+00
   endloop
 endfacet
 facet normal  9.980950e-01 -6.169515e-02  0.000000e+00
   outer loop
     vertex  4.459432e+01  2.417999e+01  4.000000e+00
     vertex  4.459432e+01  2.417999e+01  3.108624e-15
     vertex  4.460067e+01  2.428268e+01  3.108624e-15
   endloop
 endfacet
 facet normal  9.994119e-01 -3.429014e-02  0.000000e+00
   outer loop
     vertex  4.459079e+01  2.407716e+01  4.000000e+00
     vertex  4.459432e+01  2.417999e+01  3.108624e-15
     vertex  4.459432e+01  2.417999e+01  4.000000e+00
   endloop
 endfacet
 facet normal  9.994119e-01 -3.429014e-02  0.000000e+00
   outer loop
     vertex  4.459079e+01  2.407716e+01  4.000000e+00
     vertex  4.459079e+01  2.407716e+01  3.108624e-15
     vertex  4.459432e+01  2.417999e+01  3.108624e-15
   endloop
 endfacet
 facet normal  9.999765e-01 -6.859319e-03  0.000000e+00
   outer loop
     vertex  4.459009e+01  2.397428e+01  4.000000e+00
     vertex  4.459079e+01  2.407716e+01  3.108624e-15
     vertex  4.459079e+01  2.407716e+01  4.000000e+00
   endloop
 endfacet
 facet normal  9.999765e-01 -6.859319e-03  0.000000e+00
   outer loop
     vertex  4.459009e+01  2.397428e+01  4.000000e+00
     vertex  4.459009e+01  2.397428e+01  3.108624e-15
     vertex  4.459079e+01  2.407716e+01  3.108624e-15
   endloop
 endfacet
 facet normal  9.997883e-01  2.057667e-02  0.000000e+00
   outer loop
     vertex  4.459221e+01  2.387141e+01  4.000000e+00
     vertex  4.459009e+01  2.397428e+01  3.108624e-15
     vertex  4.459009e+01  2.397428e+01  4.000000e+00
   endloop
 endfacet
 facet normal  9.997883e-01  2.057667e-02  0.000000e+00
   outer loop
     vertex  4.459221e+01  2.387141e+01  4.000000e+00
     vertex  4.459221e+01  2.387141e+01  3.108624e-15
     vertex  4.459009e+01  2.397428e+01  3.108624e-15
   endloop
 endfacet
 facet normal  9.988475e-01  4.799716e-02  0.000000e+00
   outer loop
     vertex  4.459714e+01  2.376864e+01  4.000000e+00
     vertex  4.459714e+01  2.376864e+01  3.108624e-15
     vertex  4.459221e+01  2.387141e+01  3.108624e-15
   endloop
 endfacet
 facet normal  9.988475e-01  4.799716e-02  0.000000e+00
   outer loop
     vertex  4.459714e+01  2.376864e+01  4.000000e+00
     vertex  4.459221e+01  2.387141e+01  3.108624e-15
     vertex  4.459221e+01  2.387141e+01  4.000000e+00
   endloop
 endfacet
 facet normal  9.971548e-01  7.538152e-02  0.000000e+00
   outer loop
     vertex  4.460490e+01  2.366605e+01  4.000000e+00
     vertex  4.460490e+01  2.366605e+01  3.108624e-15
     vertex  4.459714e+01  2.376864e+01  3.108624e-15
   endloop
 endfacet
 facet normal  9.971548e-01  7.538152e-02  0.000000e+00
   outer loop
     vertex  4.460490e+01  2.366605e+01  4.000000e+00
     vertex  4.459714e+01  2.376864e+01  3.108624e-15
     vertex  4.459714e+01  2.376864e+01  4.000000e+00
   endloop
 endfacet
 facet normal  9.947114e-01  1.027091e-01  0.000000e+00
   outer loop
     vertex  4.461547e+01  2.356371e+01  4.000000e+00
     vertex  4.461547e+01  2.356371e+01  3.108624e-15
     vertex  4.460490e+01  2.366605e+01  3.108624e-15
   endloop
 endfacet
 facet normal  9.915193e-01  1.299594e-01  0.000000e+00
   outer loop
     vertex  4.461547e+01  2.356371e+01  4.000000e+00
     vertex  4.462884e+01  2.346169e+01  3.108624e-15
     vertex  4.461547e+01  2.356371e+01  3.108624e-15
   endloop
 endfacet
 facet normal  9.947114e-01  1.027091e-01  0.000000e+00
   outer loop
     vertex  4.461547e+01  2.356371e+01  4.000000e+00
     vertex  4.460490e+01  2.366605e+01  3.108624e-15
     vertex  4.460490e+01  2.366605e+01  4.000000e+00
   endloop
 endfacet
 facet normal  9.915193e-01  1.299594e-01  0.000000e+00
   outer loop
     vertex  4.462884e+01  2.346169e+01  4.000000e+00
     vertex  4.462884e+01  2.346169e+01  3.108624e-15
     vertex  4.461547e+01  2.356371e+01  4.000000e+00
   endloop
 endfacet
 facet normal  9.875808e-01  1.571119e-01  0.000000e+00
   outer loop
     vertex  4.464500e+01  2.336008e+01  4.000000e+00
     vertex  4.464500e+01  2.336008e+01  3.108624e-15
     vertex  4.462884e+01  2.346169e+01  3.108624e-15
   endloop
 endfacet
 facet normal  9.875808e-01  1.571119e-01  0.000000e+00
   outer loop
     vertex  4.464500e+01  2.336008e+01  4.000000e+00
     vertex  4.462884e+01  2.346169e+01  3.108624e-15
     vertex  4.462884e+01  2.346169e+01  4.000000e+00
   endloop
 endfacet
 facet normal  9.828989e-01  1.841461e-01  0.000000e+00
   outer loop
     vertex  4.466395e+01  2.325895e+01  4.000000e+00
     vertex  4.466395e+01  2.325895e+01  3.108624e-15
     vertex  4.464500e+01  2.336008e+01  3.108624e-15
   endloop
 endfacet
 facet normal  9.828989e-01  1.841461e-01  0.000000e+00
   outer loop
     vertex  4.466395e+01  2.325895e+01  4.000000e+00
     vertex  4.464500e+01  2.336008e+01  3.108624e-15
     vertex  4.464500e+01  2.336008e+01  4.000000e+00
   endloop
 endfacet
 facet normal  9.774771e-01  2.110417e-01  0.000000e+00
   outer loop
     vertex  4.468566e+01  2.315838e+01  4.000000e+00
     vertex  4.468566e+01  2.315838e+01  3.108624e-15
     vertex  4.466395e+01  2.325895e+01  3.108624e-15
   endloop
 endfacet
 facet normal  9.774771e-01  2.110417e-01  0.000000e+00
   outer loop
     vertex  4.468566e+01  2.315838e+01  4.000000e+00
     vertex  4.466395e+01  2.325895e+01  3.108624e-15
     vertex  4.466395e+01  2.325895e+01  4.000000e+00
   endloop
 endfacet
 facet normal  9.713194e-01  2.377784e-01  0.000000e+00
   outer loop
     vertex  4.471013e+01  2.305845e+01  4.000000e+00
     vertex  4.471013e+01  2.305845e+01  3.108624e-15
     vertex  4.468566e+01  2.315838e+01  3.108624e-15
   endloop
 endfacet
 facet normal  9.644306e-01  2.643362e-01  0.000000e+00
   outer loop
     vertex  4.471013e+01  2.305845e+01  4.000000e+00
     vertex  4.473732e+01  2.295922e+01  3.108624e-15
     vertex  4.471013e+01  2.305845e+01  3.108624e-15
   endloop
 endfacet
 facet normal  9.713194e-01  2.377784e-01  0.000000e+00
   outer loop
     vertex  4.471013e+01  2.305845e+01  4.000000e+00
     vertex  4.468566e+01  2.315838e+01  3.108624e-15
     vertex  4.468566e+01  2.315838e+01  4.000000e+00
   endloop
 endfacet
 facet normal  9.644306e-01  2.643362e-01  0.000000e+00
   outer loop
     vertex  4.473732e+01  2.295922e+01  4.000000e+00
     vertex  4.473732e+01  2.295922e+01  3.108624e-15
     vertex  4.471013e+01  2.305845e+01  4.000000e+00
   endloop
 endfacet
 facet normal  9.568158e-01  2.906949e-01  0.000000e+00
   outer loop
     vertex  4.476723e+01  2.286077e+01  4.000000e+00
     vertex  4.476723e+01  2.286077e+01  3.108624e-15
     vertex  4.473732e+01  2.295922e+01  3.108624e-15
   endloop
 endfacet
 facet normal  9.568158e-01  2.906949e-01  0.000000e+00
   outer loop
     vertex  4.476723e+01  2.286077e+01  4.000000e+00
     vertex  4.473732e+01  2.295922e+01  3.108624e-15
     vertex  4.473732e+01  2.295922e+01  4.000000e+00
   endloop
 endfacet
 facet normal  9.484807e-01  3.168348e-01  0.000000e+00
   outer loop
     vertex  4.479983e+01  2.276319e+01  4.000000e+00
     vertex  4.479983e+01  2.276319e+01  3.108624e-15
     vertex  4.476723e+01  2.286077e+01  3.108624e-15
   endloop
 endfacet
 facet normal  9.484807e-01  3.168348e-01  0.000000e+00
   outer loop
     vertex  4.479983e+01  2.276319e+01  4.000000e+00
     vertex  4.476723e+01  2.286077e+01  3.108624e-15
     vertex  4.476723e+01  2.286077e+01  4.000000e+00
   endloop
 endfacet
 facet normal  9.394317e-01  3.427362e-01  0.000000e+00
   outer loop
     vertex  4.483509e+01  2.266653e+01  4.000000e+00
     vertex  4.483509e+01  2.266653e+01  3.108624e-15
     vertex  4.479983e+01  2.276319e+01  3.108624e-15
   endloop
 endfacet
 facet normal  9.394317e-01  3.427362e-01  0.000000e+00
   outer loop
     vertex  4.483509e+01  2.266653e+01  4.000000e+00
     vertex  4.479983e+01  2.276319e+01  3.108624e-15
     vertex  4.479983e+01  2.276319e+01  4.000000e+00
   endloop
 endfacet
 facet normal  9.296754e-01  3.683796e-01  0.000000e+00
   outer loop
     vertex  4.487300e+01  2.257088e+01  4.000000e+00
     vertex  4.487300e+01  2.257088e+01  3.108624e-15
     vertex  4.483509e+01  2.266653e+01  3.108624e-15
   endloop
 endfacet
 facet normal  9.296754e-01  3.683796e-01  0.000000e+00
   outer loop
     vertex  4.487300e+01  2.257088e+01  4.000000e+00
     vertex  4.483509e+01  2.266653e+01  3.108624e-15
     vertex  4.483509e+01  2.266653e+01  4.000000e+00
   endloop
 endfacet
 facet normal  9.192194e-01  3.937458e-01  0.000000e+00
   outer loop
     vertex  4.491351e+01  2.247630e+01  4.000000e+00
     vertex  4.487300e+01  2.257088e+01  3.108624e-15
     vertex  4.487300e+01  2.257088e+01  4.000000e+00
   endloop
 endfacet
 facet normal  9.192194e-01  3.937458e-01  0.000000e+00
   outer loop
     vertex  4.491351e+01  2.247630e+01  4.000000e+00
     vertex  4.491351e+01  2.247630e+01  3.108624e-15
     vertex  4.487300e+01  2.257088e+01  3.108624e-15
   endloop
 endfacet
 facet normal  9.080714e-01  4.188155e-01  0.000000e+00
   outer loop
     vertex  4.495660e+01  2.238288e+01  4.000000e+00
     vertex  4.491351e+01  2.247630e+01  3.108624e-15
     vertex  4.491351e+01  2.247630e+01  4.000000e+00
   endloop
 endfacet
 facet normal  9.080714e-01  4.188155e-01  0.000000e+00
   outer loop
     vertex  4.495660e+01  2.238288e+01  4.000000e+00
     vertex  4.495660e+01  2.238288e+01  3.108624e-15
     vertex  4.491351e+01  2.247630e+01  3.108624e-15
   endloop
 endfacet
 facet normal  8.962398e-01  4.435699e-01  0.000000e+00
   outer loop
     vertex  4.500224e+01  2.229066e+01  4.000000e+00
     vertex  4.495660e+01  2.238288e+01  3.108624e-15
     vertex  4.495660e+01  2.238288e+01  4.000000e+00
   endloop
 endfacet
 facet normal  8.962398e-01  4.435699e-01  0.000000e+00
   outer loop
     vertex  4.500224e+01  2.229066e+01  4.000000e+00
     vertex  4.500224e+01  2.229066e+01  3.108624e-15
     vertex  4.495660e+01  2.238288e+01  3.108624e-15
   endloop
 endfacet
 facet normal  8.837335e-01  4.679904e-01  0.000000e+00
   outer loop
     vertex  4.505039e+01  2.219974e+01  4.000000e+00
     vertex  4.500224e+01  2.229066e+01  3.108624e-15
     vertex  4.500224e+01  2.229066e+01  4.000000e+00
   endloop
 endfacet
 facet normal  8.837335e-01  4.679904e-01  0.000000e+00
   outer loop
     vertex  4.505039e+01  2.219974e+01  4.000000e+00
     vertex  4.505039e+01  2.219974e+01  3.108624e-15
     vertex  4.500224e+01  2.229066e+01  3.108624e-15
   endloop
 endfacet
 facet normal  8.705620e-01  4.920587e-01  0.000000e+00
   outer loop
     vertex  4.510101e+01  2.211017e+01  4.000000e+00
     vertex  4.510101e+01  2.211017e+01  3.108624e-15
     vertex  4.505039e+01  2.219974e+01  3.108624e-15
   endloop
 endfacet
 facet normal  8.705620e-01  4.920587e-01  0.000000e+00
   outer loop
     vertex  4.510101e+01  2.211017e+01  4.000000e+00
     vertex  4.505039e+01  2.219974e+01  3.108624e-15
     vertex  4.505039e+01  2.219974e+01  4.000000e+00
   endloop
 endfacet
 facet normal  8.567352e-01  5.157565e-01  0.000000e+00
   outer loop
     vertex  4.515408e+01  2.202202e+01  4.000000e+00
     vertex  4.515408e+01  2.202202e+01  3.108624e-15
     vertex  4.510101e+01  2.211017e+01  3.108624e-15
   endloop
 endfacet
 facet normal  8.567352e-01  5.157565e-01  0.000000e+00
   outer loop
     vertex  4.515408e+01  2.202202e+01  4.000000e+00
     vertex  4.510101e+01  2.211017e+01  3.108624e-15
     vertex  4.510101e+01  2.211017e+01  4.000000e+00
   endloop
 endfacet
 facet normal  8.422635e-01  5.390661e-01  0.000000e+00
   outer loop
     vertex  4.520954e+01  2.193536e+01  4.000000e+00
     vertex  4.520954e+01  2.193536e+01  3.552714e-15
     vertex  4.515408e+01  2.202202e+01  3.108624e-15
   endloop
 endfacet
 facet normal  8.422635e-01  5.390661e-01  0.000000e+00
   outer loop
     vertex  4.520954e+01  2.193536e+01  4.000000e+00
     vertex  4.515408e+01  2.202202e+01  3.108624e-15
     vertex  4.515408e+01  2.202202e+01  4.000000e+00
   endloop
 endfacet
 facet normal  8.271577e-01  5.619699e-01  0.000000e+00
   outer loop
     vertex  4.526736e+01  2.185026e+01  4.000000e+00
     vertex  4.526736e+01  2.185026e+01  3.552714e-15
     vertex  4.520954e+01  2.193536e+01  3.552714e-15
   endloop
 endfacet
 facet normal  8.114292e-01  5.844507e-01  0.000000e+00
   outer loop
     vertex  4.526736e+01  2.185026e+01  4.000000e+00
     vertex  4.532749e+01  2.176677e+01  3.552714e-15
     vertex  4.526736e+01  2.185026e+01  3.552714e-15
   endloop
 endfacet
 facet normal  8.271577e-01  5.619699e-01  0.000000e+00
   outer loop
     vertex  4.526736e+01  2.185026e+01  4.000000e+00
     vertex  4.520954e+01  2.193536e+01  3.552714e-15
     vertex  4.520954e+01  2.193536e+01  4.000000e+00
   endloop
 endfacet
 facet normal  8.114292e-01  5.844507e-01  0.000000e+00
   outer loop
     vertex  4.532749e+01  2.176677e+01  4.000000e+00
     vertex  4.532749e+01  2.176677e+01  3.552714e-15
     vertex  4.526736e+01  2.185026e+01  4.000000e+00
   endloop
 endfacet
 facet normal  7.950900e-01  6.064915e-01  0.000000e+00
   outer loop
     vertex  4.538989e+01  2.168497e+01  4.000000e+00
     vertex  4.538989e+01  2.168497e+01  3.552714e-15
     vertex  4.532749e+01  2.176677e+01  3.552714e-15
   endloop
 endfacet
 facet normal  7.781522e-01  6.280757e-01  0.000000e+00
   outer loop
     vertex  4.538989e+01  2.168497e+01  4.000000e+00
     vertex  4.545451e+01  2.160491e+01  3.552714e-15
     vertex  4.538989e+01  2.168497e+01  3.552714e-15
   endloop
 endfacet
 facet normal  7.950900e-01  6.064915e-01  0.000000e+00
   outer loop
     vertex  4.538989e+01  2.168497e+01  4.000000e+00
     vertex  4.532749e+01  2.176677e+01  3.552714e-15
     vertex  4.532749e+01  2.176677e+01  4.000000e+00
   endloop
 endfacet
 facet normal  7.781522e-01  6.280757e-01  0.000000e+00
   outer loop
     vertex  4.545451e+01  2.160491e+01  4.000000e+00
     vertex  4.545451e+01  2.160491e+01  3.552714e-15
     vertex  4.538989e+01  2.168497e+01  4.000000e+00
   endloop
 endfacet
 facet normal  7.606287e-01  6.491872e-01  0.000000e+00
   outer loop
     vertex  4.552131e+01  2.152665e+01  4.000000e+00
     vertex  4.552131e+01  2.152665e+01  3.552714e-15
     vertex  4.545451e+01  2.160491e+01  3.552714e-15
   endloop
 endfacet
 facet normal  7.606287e-01  6.491872e-01  0.000000e+00
   outer loop
     vertex  4.552131e+01  2.152665e+01  4.000000e+00
     vertex  4.545451e+01  2.160491e+01  3.552714e-15
     vertex  4.545451e+01  2.160491e+01  4.000000e+00
   endloop
 endfacet
 facet normal  7.425325e-01  6.698100e-01  0.000000e+00
   outer loop
     vertex  4.559022e+01  2.145025e+01  4.000000e+00
     vertex  4.559022e+01  2.145025e+01  3.552714e-15
     vertex  4.552131e+01  2.152665e+01  3.552714e-15
   endloop
 endfacet
 facet normal  7.238775e-01  6.899286e-01  0.000000e+00
   outer loop
     vertex  4.559022e+01  2.145025e+01  4.000000e+00
     vertex  4.566121e+01  2.137577e+01  3.552714e-15
     vertex  4.559022e+01  2.145025e+01  3.552714e-15
   endloop
 endfacet
 facet normal  7.425325e-01  6.698100e-01  0.000000e+00
   outer loop
     vertex  4.559022e+01  2.145025e+01  4.000000e+00
     vertex  4.552131e+01  2.152665e+01  3.552714e-15
     vertex  4.552131e+01  2.152665e+01  4.000000e+00
   endloop
 endfacet
 facet normal  7.238775e-01  6.899286e-01  0.000000e+00
   outer loop
     vertex  4.566121e+01  2.137577e+01  4.000000e+00
     vertex  4.566121e+01  2.137577e+01  3.552714e-15
     vertex  4.559022e+01  2.145025e+01  4.000000e+00
   endloop
 endfacet
 facet normal  7.046775e-01  7.095278e-01  0.000000e+00
   outer loop
     vertex  4.573421e+01  2.130327e+01  4.000000e+00
     vertex  4.573421e+01  2.130327e+01  3.552714e-15
     vertex  4.566121e+01  2.137577e+01  3.552714e-15
   endloop
 endfacet
 facet normal  7.046775e-01  7.095278e-01  0.000000e+00
   outer loop
     vertex  4.573421e+01  2.130327e+01  4.000000e+00
     vertex  4.566121e+01  2.137577e+01  3.552714e-15
     vertex  4.566121e+01  2.137577e+01  4.000000e+00
   endloop
 endfacet
 facet normal  6.849470e-01  7.285929e-01  0.000000e+00
   outer loop
     vertex  4.580917e+01  2.123280e+01  4.000000e+00
     vertex  4.580917e+01  2.123280e+01  3.552714e-15
     vertex  4.573421e+01  2.130327e+01  3.552714e-15
   endloop
 endfacet
 facet normal  6.647010e-01  7.471095e-01  0.000000e+00
   outer loop
     vertex  4.580917e+01  2.123280e+01  4.000000e+00
     vertex  4.588604e+01  2.116441e+01  3.552714e-15
     vertex  4.580917e+01  2.123280e+01  3.552714e-15
   endloop
 endfacet
 facet normal  6.849470e-01  7.285929e-01  0.000000e+00
   outer loop
     vertex  4.580917e+01  2.123280e+01  4.000000e+00
     vertex  4.573421e+01  2.130327e+01  3.552714e-15
     vertex  4.573421e+01  2.130327e+01  4.000000e+00
   endloop
 endfacet
 facet normal  6.647010e-01  7.471095e-01  0.000000e+00
   outer loop
     vertex  4.588604e+01  2.116441e+01  4.000000e+00
     vertex  4.588604e+01  2.116441e+01  3.552714e-15
     vertex  4.580917e+01  2.123280e+01  4.000000e+00
   endloop
 endfacet
 facet normal  6.439545e-01  7.650637e-01  0.000000e+00
   outer loop
     vertex  4.596476e+01  2.109815e+01  4.000000e+00
     vertex  4.596476e+01  2.109815e+01  3.552714e-15
     vertex  4.588604e+01  2.116441e+01  3.552714e-15
   endloop
 endfacet
 facet normal  6.439545e-01  7.650637e-01  0.000000e+00
   outer loop
     vertex  4.596476e+01  2.109815e+01  4.000000e+00
     vertex  4.588604e+01  2.116441e+01  3.552714e-15
     vertex  4.588604e+01  2.116441e+01  4.000000e+00
   endloop
 endfacet
 facet normal  6.227234e-01  7.824421e-01  0.000000e+00
   outer loop
     vertex  4.604526e+01  2.103408e+01  4.000000e+00
     vertex  4.604526e+01  2.103408e+01  3.552714e-15
     vertex  4.596476e+01  2.109815e+01  3.552714e-15
   endloop
 endfacet
 facet normal  6.227234e-01  7.824421e-01  0.000000e+00
   outer loop
     vertex  4.604526e+01  2.103408e+01  4.000000e+00
     vertex  4.596476e+01  2.109815e+01  3.552714e-15
     vertex  4.596476e+01  2.109815e+01  4.000000e+00
   endloop
 endfacet
 facet normal  6.010234e-01  7.992314e-01  0.000000e+00
   outer loop
     vertex  4.612749e+01  2.097225e+01  4.000000e+00
     vertex  4.612749e+01  2.097225e+01  3.552714e-15
     vertex  4.604526e+01  2.103408e+01  3.552714e-15
   endloop
 endfacet
 facet normal  6.010234e-01  7.992314e-01  0.000000e+00
   outer loop
     vertex  4.612749e+01  2.097225e+01  4.000000e+00
     vertex  4.604526e+01  2.103408e+01  3.552714e-15
     vertex  4.604526e+01  2.103408e+01  4.000000e+00
   endloop
 endfacet
 facet normal  5.788711e-01  8.154191e-01  0.000000e+00
   outer loop
     vertex  4.621139e+01  2.091269e+01  4.000000e+00
     vertex  4.621139e+01  2.091269e+01  3.552714e-15
     vertex  4.612749e+01  2.097225e+01  3.552714e-15
   endloop
 endfacet
 facet normal  5.788711e-01  8.154191e-01  0.000000e+00
   outer loop
     vertex  4.621139e+01  2.091269e+01  4.000000e+00
     vertex  4.612749e+01  2.097225e+01  3.552714e-15
     vertex  4.612749e+01  2.097225e+01  4.000000e+00
   endloop
 endfacet
 facet normal  5.562829e-01  8.309929e-01  0.000000e+00
   outer loop
     vertex  4.629688e+01  2.085545e+01  4.000000e+00
     vertex  4.629688e+01  2.085545e+01  3.552714e-15
     vertex  4.621139e+01  2.091269e+01  3.552714e-15
   endloop
 endfacet
 facet normal  5.562829e-01  8.309929e-01  0.000000e+00
   outer loop
     vertex  4.629688e+01  2.085545e+01  4.000000e+00
     vertex  4.621139e+01  2.091269e+01  3.552714e-15
     vertex  4.621139e+01  2.091269e+01  4.000000e+00
   endloop
 endfacet
 facet normal  5.332761e-01  8.459413e-01  0.000000e+00
   outer loop
     vertex  4.638392e+01  2.080059e+01  4.000000e+00
     vertex  4.638392e+01  2.080059e+01  3.552714e-15
     vertex  4.629688e+01  2.085545e+01  3.552714e-15
   endloop
 endfacet
 facet normal  5.332761e-01  8.459413e-01  0.000000e+00
   outer loop
     vertex  4.638392e+01  2.080059e+01  4.000000e+00
     vertex  4.629688e+01  2.085545e+01  3.552714e-15
     vertex  4.629688e+01  2.085545e+01  4.000000e+00
   endloop
 endfacet
 facet normal  5.098678e-01  8.602528e-01  0.000000e+00
   outer loop
     vertex  4.647243e+01  2.074813e+01  4.000000e+00
     vertex  4.647243e+01  2.074813e+01  3.552714e-15
     vertex  4.638392e+01  2.080059e+01  3.552714e-15
   endloop
 endfacet
 facet normal  5.098678e-01  8.602528e-01  0.000000e+00
   outer loop
     vertex  4.647243e+01  2.074813e+01  4.000000e+00
     vertex  4.638392e+01  2.080059e+01  3.552714e-15
     vertex  4.638392e+01  2.080059e+01  4.000000e+00
   endloop
 endfacet
 facet normal  4.860756e-01  8.739167e-01  0.000000e+00
   outer loop
     vertex  4.656235e+01  2.069812e+01  4.000000e+00
     vertex  4.656235e+01  2.069812e+01  3.552714e-15
     vertex  4.647243e+01  2.074813e+01  3.552714e-15
   endloop
 endfacet
 facet normal  4.619176e-01  8.869228e-01  0.000000e+00
   outer loop
     vertex  4.656235e+01  2.069812e+01  4.000000e+00
     vertex  4.665360e+01  2.065059e+01  3.552714e-15
     vertex  4.656235e+01  2.069812e+01  3.552714e-15
   endloop
 endfacet
 facet normal  4.860756e-01  8.739167e-01  0.000000e+00
   outer loop
     vertex  4.656235e+01  2.069812e+01  4.000000e+00
     vertex  4.647243e+01  2.074813e+01  3.552714e-15
     vertex  4.647243e+01  2.074813e+01  4.000000e+00
   endloop
 endfacet
 facet normal  4.374119e-01  8.992613e-01  0.000000e+00
   outer loop
     vertex  4.665360e+01  2.065059e+01  4.000000e+00
     vertex  4.674612e+01  2.060559e+01  3.552714e-15
     vertex  4.665360e+01  2.065059e+01  3.552714e-15
   endloop
 endfacet
 facet normal  4.619176e-01  8.869228e-01  0.000000e+00
   outer loop
     vertex  4.665360e+01  2.065059e+01  4.000000e+00
     vertex  4.665360e+01  2.065059e+01  3.552714e-15
     vertex  4.656235e+01  2.069812e+01  4.000000e+00
   endloop
 endfacet
 facet normal  4.374119e-01  8.992613e-01  0.000000e+00
   outer loop
     vertex  4.674612e+01  2.060559e+01  4.000000e+00
     vertex  4.674612e+01  2.060559e+01  3.552714e-15
     vertex  4.665360e+01  2.065059e+01  4.000000e+00
   endloop
 endfacet
 facet normal  4.125769e-01  9.109228e-01  0.000000e+00
   outer loop
     vertex  4.683984e+01  2.056314e+01  4.000000e+00
     vertex  4.674612e+01  2.060559e+01  3.552714e-15
     vertex  4.674612e+01  2.060559e+01  4.000000e+00
   endloop
 endfacet
 facet normal  4.125769e-01  9.109228e-01  0.000000e+00
   outer loop
     vertex  4.683984e+01  2.056314e+01  4.000000e+00
     vertex  4.683984e+01  2.056314e+01  3.552714e-15
     vertex  4.674612e+01  2.060559e+01  3.552714e-15
   endloop
 endfacet
 facet normal  3.874313e-01  9.218986e-01  0.000000e+00
   outer loop
     vertex  4.693470e+01  2.052327e+01  4.000000e+00
     vertex  4.683984e+01  2.056314e+01  3.552714e-15
     vertex  4.683984e+01  2.056314e+01  4.000000e+00
   endloop
 endfacet
 facet normal  3.874313e-01  9.218986e-01  0.000000e+00
   outer loop
     vertex  4.693470e+01  2.052327e+01  4.000000e+00
     vertex  4.693470e+01  2.052327e+01  3.552714e-15
     vertex  4.683984e+01  2.056314e+01  3.552714e-15
   endloop
 endfacet
 facet normal  3.619940e-01  9.321804e-01  0.000000e+00
   outer loop
     vertex  4.703060e+01  2.048603e+01  4.000000e+00
     vertex  4.693470e+01  2.052327e+01  3.552714e-15
     vertex  4.693470e+01  2.052327e+01  4.000000e+00
   endloop
 endfacet
 facet normal  3.619940e-01  9.321804e-01  0.000000e+00
   outer loop
     vertex  4.703060e+01  2.048603e+01  4.000000e+00
     vertex  4.703060e+01  2.048603e+01  3.552714e-15
     vertex  4.693470e+01  2.052327e+01  3.552714e-15
   endloop
 endfacet
 facet normal  3.362843e-01  9.417605e-01  0.000000e+00
   outer loop
     vertex  4.712750e+01  2.045143e+01  4.000000e+00
     vertex  4.703060e+01  2.048603e+01  3.552714e-15
     vertex  4.703060e+01  2.048603e+01  4.000000e+00
   endloop
 endfacet
 facet normal  3.362843e-01  9.417605e-01  0.000000e+00
   outer loop
     vertex  4.712750e+01  2.045143e+01  4.000000e+00
     vertex  4.712750e+01  2.045143e+01  3.552714e-15
     vertex  4.703060e+01  2.048603e+01  3.552714e-15
   endloop
 endfacet
 facet normal  3.103214e-01  9.506317e-01  0.000000e+00
   outer loop
     vertex  4.722531e+01  2.041950e+01  4.000000e+00
     vertex  4.712750e+01  2.045143e+01  3.552714e-15
     vertex  4.712750e+01  2.045143e+01  4.000000e+00
   endloop
 endfacet
 facet normal  3.103214e-01  9.506317e-01  0.000000e+00
   outer loop
     vertex  4.722531e+01  2.041950e+01  4.000000e+00
     vertex  4.722531e+01  2.041950e+01  3.552714e-15
     vertex  4.712750e+01  2.045143e+01  3.552714e-15
   endloop
 endfacet
 facet normal  2.841250e-01  9.587873e-01  0.000000e+00
   outer loop
     vertex  4.732396e+01  2.039027e+01  4.000000e+00
     vertex  4.722531e+01  2.041950e+01  3.552714e-15
     vertex  4.722531e+01  2.041950e+01  4.000000e+00
   endloop
 endfacet
 facet normal  2.841250e-01  9.587873e-01  0.000000e+00
   outer loop
     vertex  4.732396e+01  2.039027e+01  4.000000e+00
     vertex  4.732396e+01  2.039027e+01  3.552714e-15
     vertex  4.722531e+01  2.041950e+01  3.552714e-15
   endloop
 endfacet
 facet normal  2.577146e-01  9.662211e-01  0.000000e+00
   outer loop
     vertex  4.742337e+01  2.036375e+01  4.000000e+00
     vertex  4.732396e+01  2.039027e+01  3.552714e-15
     vertex  4.732396e+01  2.039027e+01  4.000000e+00
   endloop
 endfacet
 facet normal  2.577146e-01  9.662211e-01  0.000000e+00
   outer loop
     vertex  4.742337e+01  2.036375e+01  4.000000e+00
     vertex  4.742337e+01  2.036375e+01  3.552714e-15
     vertex  4.732396e+01  2.039027e+01  3.552714e-15
   endloop
 endfacet
 facet normal  2.311102e-01  9.729276e-01  0.000000e+00
   outer loop
     vertex  4.752347e+01  2.033998e+01  4.000000e+00
     vertex  4.742337e+01  2.036375e+01  3.552714e-15
     vertex  4.742337e+01  2.036375e+01  4.000000e+00
   endloop
 endfacet
 facet normal  2.311102e-01  9.729276e-01  0.000000e+00
   outer loop
     vertex  4.752347e+01  2.033998e+01  4.000000e+00
     vertex  4.752347e+01  2.033998e+01  3.552714e-15
     vertex  4.742337e+01  2.036375e+01  3.552714e-15
   endloop
 endfacet
 facet normal  2.043319e-01  9.789017e-01  0.000000e+00
   outer loop
     vertex  4.762419e+01  2.031895e+01  4.000000e+00
     vertex  4.752347e+01  2.033998e+01  3.552714e-15
     vertex  4.752347e+01  2.033998e+01  4.000000e+00
   endloop
 endfacet
 facet normal  2.043319e-01  9.789017e-01  0.000000e+00
   outer loop
     vertex  4.762419e+01  2.031895e+01  4.000000e+00
     vertex  4.762419e+01  2.031895e+01  3.552714e-15
     vertex  4.752347e+01  2.033998e+01  3.552714e-15
   endloop
 endfacet
 facet normal  1.773998e-01  9.841389e-01  0.000000e+00
   outer loop
     vertex  4.772544e+01  2.030070e+01  4.000000e+00
     vertex  4.762419e+01  2.031895e+01  3.552714e-15
     vertex  4.762419e+01  2.031895e+01  4.000000e+00
   endloop
 endfacet
 facet normal  1.773998e-01  9.841389e-01  0.000000e+00
   outer loop
     vertex  4.772544e+01  2.030070e+01  4.000000e+00
     vertex  4.772544e+01  2.030070e+01  3.552714e-15
     vertex  4.762419e+01  2.031895e+01  3.552714e-15
   endloop
 endfacet
 facet normal  1.503341e-01  9.886353e-01  0.000000e+00
   outer loop
     vertex  4.782716e+01  2.028523e+01  4.000000e+00
     vertex  4.772544e+01  2.030070e+01  3.552714e-15
     vertex  4.772544e+01  2.030070e+01  4.000000e+00
   endloop
 endfacet
 facet normal  1.503341e-01  9.886353e-01  0.000000e+00
   outer loop
     vertex  4.782716e+01  2.028523e+01  4.000000e+00
     vertex  4.782716e+01  2.028523e+01  3.552714e-15
     vertex  4.772544e+01  2.030070e+01  3.552714e-15
   endloop
 endfacet
 facet normal  1.231552e-01  9.923874e-01  0.000000e+00
   outer loop
     vertex  4.782716e+01  2.028523e+01  4.000000e+00
     vertex  4.792926e+01  2.027256e+01  3.552714e-15
     vertex  4.782716e+01  2.028523e+01  3.552714e-15
   endloop
 endfacet
 facet normal  1.231552e-01  9.923874e-01  0.000000e+00
   outer loop
     vertex  4.792926e+01  2.027256e+01  4.000000e+00
     vertex  4.792926e+01  2.027256e+01  3.552714e-15
     vertex  4.782716e+01  2.028523e+01  4.000000e+00
   endloop
 endfacet
 facet normal  9.588368e-02  9.953925e-01  0.000000e+00
   outer loop
     vertex  4.803168e+01  2.026270e+01  4.000000e+00
     vertex  4.803168e+01  2.026270e+01  3.552714e-15
     vertex  4.792926e+01  2.027256e+01  3.552714e-15
   endloop
 endfacet
 facet normal  9.588368e-02  9.953925e-01  0.000000e+00
   outer loop
     vertex  4.803168e+01  2.026270e+01  4.000000e+00
     vertex  4.792926e+01  2.027256e+01  3.552714e-15
     vertex  4.792926e+01  2.027256e+01  4.000000e+00
   endloop
 endfacet
 facet normal  6.853995e-02  9.976484e-01  0.000000e+00
   outer loop
     vertex  4.813432e+01  2.025564e+01  4.000000e+00
     vertex  4.813432e+01  2.025564e+01  3.552714e-15
     vertex  4.803168e+01  2.026270e+01  3.552714e-15
   endloop
 endfacet
 facet normal  6.853995e-02  9.976484e-01  0.000000e+00
   outer loop
     vertex  4.813432e+01  2.025564e+01  4.000000e+00
     vertex  4.803168e+01  2.026270e+01  3.552714e-15
     vertex  4.803168e+01  2.026270e+01  4.000000e+00
   endloop
 endfacet
 facet normal  4.114462e-02  9.991532e-01  0.000000e+00
   outer loop
     vertex  4.823712e+01  2.025141e+01  4.000000e+00
     vertex  4.823712e+01  2.025141e+01  3.552714e-15
     vertex  4.813432e+01  2.025564e+01  3.552714e-15
   endloop
 endfacet
 facet normal  4.114462e-02  9.991532e-01  0.000000e+00
   outer loop
     vertex  4.823712e+01  2.025141e+01  4.000000e+00
     vertex  4.813432e+01  2.025564e+01  3.552714e-15
     vertex  4.813432e+01  2.025564e+01  4.000000e+00
   endloop
 endfacet
 facet normal  1.371831e-02  9.999059e-01  0.000000e+00
   outer loop
     vertex  4.834000e+01  2.025000e+01  4.000000e+00
     vertex  4.834000e+01  2.025000e+01  3.552714e-15
     vertex  4.823712e+01  2.025141e+01  3.552714e-15
   endloop
 endfacet
 facet normal  1.371831e-02  9.999059e-01  0.000000e+00
   outer loop
     vertex  4.834000e+01  2.025000e+01  4.000000e+00
     vertex  4.823712e+01  2.025141e+01  3.552714e-15
     vertex  4.823712e+01  2.025141e+01  4.000000e+00
   endloop
 endfacet
 facet normal  0.000000e+00  1.000000e+00  0.000000e+00
   outer loop
     vertex  6.996000e+01 -3.820000e+01  1.021405e-14
     vertex  3.204000e+01 -3.820000e+01  1.021405e-14
     vertex  3.204000e+01 -3.820000e+01  3.950000e+00
   endloop
 endfacet
 facet normal  0.000000e+00  1.000000e+00  0.000000e+00
   outer loop
     vertex  6.996000e+01 -3.820000e+01  3.950000e+00
     vertex  6.996000e+01 -3.820000e+01  1.021405e-14
     vertex  3.204000e+01 -3.820000e+01  3.950000e+00
   endloop
 endfacet
 facet normal  1.000000e+00 -0.000000e+00  0.000000e+00
   outer loop
     vertex  3.204000e+01 -3.820000e+01  1.021405e-14
     vertex  3.204000e+01 -5.800000e+00  6.217249e-15
     vertex  3.204000e+01 -5.800000e+00  3.950000e+00
   endloop
 endfacet
 facet normal  1.000000e+00  0.000000e+00  0.000000e+00
   outer loop
     vertex  3.204000e+01 -3.820000e+01  1.021405e-14
     vertex  3.204000e+01 -5.800000e+00  3.950000e+00
     vertex  3.204000e+01 -3.820000e+01  3.950000e+00
   endloop
 endfacet
 facet normal -1.000000e+00  0.000000e+00  0.000000e+00
   outer loop
     vertex  6.996000e+01 -3.820000e+01  1.021405e-14
     vertex  6.996000e+01 -5.800000e+00  3.950000e+00
     vertex  6.996000e+01 -5.800000e+00  6.217249e-15
   endloop
 endfacet
 facet normal -1.000000e+00  0.000000e+00  0.000000e+00
   outer loop
     vertex  6.996000e+01 -3.820000e+01  1.021405e-14
     vertex  6.996000e+01 -3.820000e+01  3.950000e+00
     vertex  6.996000e+01 -5.800000e+00  3.950000e+00
   endloop
 endfacet
 facet normal -0.000000e+00 -1.000000e+00  0.000000e+00
   outer loop
     vertex  6.996000e+01 -5.800000e+00  3.950000e+00
     vertex  3.204000e+01 -5.800000e+00  3.950000e+00
     vertex  3.204000e+01 -5.800000e+00  6.217249e-15
   endloop
 endfacet
 facet normal  0.000000e+00 -1.000000e+00 -0.000000e+00
   outer loop
     vertex  6.996000e+01 -5.800000e+00  3.950000e+00
     vertex  3.204000e+01 -5.800000e+00  6.217249e-15
     vertex  6.996000e+01 -5.800000e+00  6.217249e-15
   endloop
 endfacet
 facet normal -1.371831e-02  9.999059e-01  0.000000e+00
   outer loop
     vertex  6.638389e+01 -4.799940e+01  9.000000e+00
     vertex  6.634000e+01 -4.800000e+01  1.110223e-14
     vertex  6.634000e+01 -4.800000e+01  9.000000e+00
   endloop
 endfacet
 facet normal -1.371831e-02  9.999059e-01  0.000000e+00
   outer loop
     vertex  6.638389e+01 -4.799940e+01  9.000000e+00
     vertex  6.638389e+01 -4.799940e+01  1.110223e-14
     vertex  6.634000e+01 -4.800000e+01  1.110223e-14
   endloop
 endfacet
 facet normal -4.114462e-02  9.991532e-01  0.000000e+00
   outer loop
     vertex  6.642776e+01 -4.799759e+01  9.000000e+00
     vertex  6.642776e+01 -4.799759e+01  1.110223e-14
     vertex  6.638389e+01 -4.799940e+01  1.110223e-14
   endloop
 endfacet
 facet normal -6.853995e-02  9.976484e-01  0.000000e+00
   outer loop
     vertex  6.642776e+01 -4.799759e+01  9.000000e+00
     vertex  6.647155e+01 -4.799458e+01  1.110223e-14
     vertex  6.642776e+01 -4.799759e+01  1.110223e-14
   endloop
 endfacet
 facet normal -4.114462e-02  9.991532e-01  0.000000e+00
   outer loop
     vertex  6.642776e+01 -4.799759e+01  9.000000e+00
     vertex  6.638389e+01 -4.799940e+01  1.110223e-14
     vertex  6.638389e+01 -4.799940e+01  9.000000e+00
   endloop
 endfacet
 facet normal -6.853995e-02  9.976484e-01  0.000000e+00
   outer loop
     vertex  6.647155e+01 -4.799458e+01  9.000000e+00
     vertex  6.647155e+01 -4.799458e+01  1.110223e-14
     vertex  6.642776e+01 -4.799759e+01  9.000000e+00
   endloop
 endfacet
 facet normal -9.588368e-02  9.953925e-01  0.000000e+00
   outer loop
     vertex  6.651525e+01 -4.799037e+01  9.000000e+00
     vertex  6.651525e+01 -4.799037e+01  1.110223e-14
     vertex  6.647155e+01 -4.799458e+01  1.110223e-14
   endloop
 endfacet
 facet normal -9.588368e-02  9.953925e-01  0.000000e+00
   outer loop
     vertex  6.651525e+01 -4.799037e+01  9.000000e+00
     vertex  6.647155e+01 -4.799458e+01  1.110223e-14
     vertex  6.647155e+01 -4.799458e+01  9.000000e+00
   endloop
 endfacet
 facet normal -1.231552e-01  9.923874e-01  0.000000e+00
   outer loop
     vertex  6.655881e+01 -4.798497e+01  9.000000e+00
     vertex  6.655881e+01 -4.798497e+01  1.110223e-14
     vertex  6.651525e+01 -4.799037e+01  1.110223e-14
   endloop
 endfacet
 facet normal -1.231552e-01  9.923874e-01  0.000000e+00
   outer loop
     vertex  6.655881e+01 -4.798497e+01  9.000000e+00
     vertex  6.651525e+01 -4.799037e+01  1.110223e-14
     vertex  6.651525e+01 -4.799037e+01  9.000000e+00
   endloop
 endfacet
 facet normal -1.503341e-01  9.886353e-01  0.000000e+00
   outer loop
     vertex  6.660221e+01 -4.797837e+01  9.000000e+00
     vertex  6.660221e+01 -4.797837e+01  1.110223e-14
     vertex  6.655881e+01 -4.798497e+01  1.110223e-14
   endloop
 endfacet
 facet normal -1.503341e-01  9.886353e-01  0.000000e+00
   outer loop
     vertex  6.660221e+01 -4.797837e+01  9.000000e+00
     vertex  6.655881e+01 -4.798497e+01  1.110223e-14
     vertex  6.655881e+01 -4.798497e+01  9.000000e+00
   endloop
 endfacet
 facet normal -1.773998e-01  9.841389e-01  0.000000e+00
   outer loop
     vertex  6.664541e+01 -4.797058e+01  9.000000e+00
     vertex  6.664541e+01 -4.797058e+01  1.110223e-14
     vertex  6.660221e+01 -4.797837e+01  1.110223e-14
   endloop
 endfacet
 facet normal -1.773998e-01  9.841389e-01  0.000000e+00
   outer loop
     vertex  6.664541e+01 -4.797058e+01  9.000000e+00
     vertex  6.660221e+01 -4.797837e+01  1.110223e-14
     vertex  6.660221e+01 -4.797837e+01  9.000000e+00
   endloop
 endfacet
 facet normal -2.043319e-01  9.789017e-01  0.000000e+00
   outer loop
     vertex  6.668839e+01 -4.796161e+01  9.000000e+00
     vertex  6.668839e+01 -4.796161e+01  1.110223e-14
     vertex  6.664541e+01 -4.797058e+01  1.110223e-14
   endloop
 endfacet
 facet normal -2.043319e-01  9.789017e-01  0.000000e+00
   outer loop
     vertex  6.668839e+01 -4.796161e+01  9.000000e+00
     vertex  6.664541e+01 -4.797058e+01  1.110223e-14
     vertex  6.664541e+01 -4.797058e+01  9.000000e+00
   endloop
 endfacet
 facet normal -2.311102e-01  9.729276e-01  0.000000e+00
   outer loop
     vertex  6.673110e+01 -4.795146e+01  9.000000e+00
     vertex  6.673110e+01 -4.795146e+01  1.110223e-14
     vertex  6.668839e+01 -4.796161e+01  1.110223e-14
   endloop
 endfacet
 facet normal -2.577146e-01  9.662211e-01  0.000000e+00
   outer loop
     vertex  6.673110e+01 -4.795146e+01  9.000000e+00
     vertex  6.677351e+01 -4.794015e+01  1.110223e-14
     vertex  6.673110e+01 -4.795146e+01  1.110223e-14
   endloop
 endfacet
 facet normal -2.311102e-01  9.729276e-01  0.000000e+00
   outer loop
     vertex  6.673110e+01 -4.795146e+01  9.000000e+00
     vertex  6.668839e+01 -4.796161e+01  1.110223e-14
     vertex  6.668839e+01 -4.796161e+01  9.000000e+00
   endloop
 endfacet
 facet normal -2.577146e-01  9.662211e-01  0.000000e+00
   outer loop
     vertex  6.677351e+01 -4.794015e+01  9.000000e+00
     vertex  6.677351e+01 -4.794015e+01  1.110223e-14
     vertex  6.673110e+01 -4.795146e+01  9.000000e+00
   endloop
 endfacet
 facet normal -2.841250e-01  9.587873e-01  0.000000e+00
   outer loop
     vertex  6.677351e+01 -4.794015e+01  9.000000e+00
     vertex  6.681560e+01 -4.792768e+01  1.110223e-14
     vertex  6.677351e+01 -4.794015e+01  1.110223e-14
   endloop
 endfacet
 facet normal -2.841250e-01  9.587873e-01  0.000000e+00
   outer loop
     vertex  6.681560e+01 -4.792768e+01  9.000000e+00
     vertex  6.681560e+01 -4.792768e+01  1.110223e-14
     vertex  6.677351e+01 -4.794015e+01  9.000000e+00
   endloop
 endfacet
 facet normal -3.103214e-01  9.506317e-01  0.000000e+00
   outer loop
     vertex  6.681560e+01 -4.792768e+01  9.000000e+00
     vertex  6.685733e+01 -4.791406e+01  1.110223e-14
     vertex  6.681560e+01 -4.792768e+01  1.110223e-14
   endloop
 endfacet
 facet normal -3.103214e-01  9.506317e-01  0.000000e+00
   outer loop
     vertex  6.685733e+01 -4.791406e+01  9.000000e+00
     vertex  6.685733e+01 -4.791406e+01  1.110223e-14
     vertex  6.681560e+01 -4.792768e+01  9.000000e+00
   endloop
 endfacet
 facet normal -3.362843e-01  9.417605e-01  0.000000e+00
   outer loop
     vertex  6.689868e+01 -4.789929e+01  9.000000e+00
     vertex  6.685733e+01 -4.791406e+01  1.110223e-14
     vertex  6.685733e+01 -4.791406e+01  9.000000e+00
   endloop
 endfacet
 facet normal -3.362843e-01  9.417605e-01  0.000000e+00
   outer loop
     vertex  6.689868e+01 -4.789929e+01  9.000000e+00
     vertex  6.689868e+01 -4.789929e+01  1.110223e-14
     vertex  6.685733e+01 -4.791406e+01  1.110223e-14
   endloop
 endfacet
 facet normal -3.619940e-01  9.321804e-01  0.000000e+00
   outer loop
     vertex  6.693960e+01 -4.788340e+01  9.000000e+00
     vertex  6.689868e+01 -4.789929e+01  1.110223e-14
     vertex  6.689868e+01 -4.789929e+01  9.000000e+00
   endloop
 endfacet
 facet normal -3.619940e-01  9.321804e-01  0.000000e+00
   outer loop
     vertex  6.693960e+01 -4.788340e+01  9.000000e+00
     vertex  6.693960e+01 -4.788340e+01  1.110223e-14
     vertex  6.689868e+01 -4.789929e+01  1.110223e-14
   endloop
 endfacet
 facet normal -3.874313e-01  9.218986e-01  0.000000e+00
   outer loop
     vertex  6.693960e+01 -4.788340e+01  9.000000e+00
     vertex  6.698007e+01 -4.786640e+01  1.110223e-14
     vertex  6.693960e+01 -4.788340e+01  1.110223e-14
   endloop
 endfacet
 facet normal -3.874313e-01  9.218986e-01  0.000000e+00
   outer loop
     vertex  6.698007e+01 -4.786640e+01  9.000000e+00
     vertex  6.698007e+01 -4.786640e+01  1.110223e-14
     vertex  6.693960e+01 -4.788340e+01  9.000000e+00
   endloop
 endfacet
 facet normal -4.125769e-01  9.109228e-01  0.000000e+00
   outer loop
     vertex  6.702005e+01 -4.784828e+01  9.000000e+00
     vertex  6.698007e+01 -4.786640e+01  1.110223e-14
     vertex  6.698007e+01 -4.786640e+01  9.000000e+00
   endloop
 endfacet
 facet normal -4.125769e-01  9.109228e-01  0.000000e+00
   outer loop
     vertex  6.702005e+01 -4.784828e+01  9.000000e+00
     vertex  6.702005e+01 -4.784828e+01  1.110223e-14
     vertex  6.698007e+01 -4.786640e+01  1.110223e-14
   endloop
 endfacet
 facet normal -4.374119e-01  8.992613e-01  0.000000e+00
   outer loop
     vertex  6.702005e+01 -4.784828e+01  9.000000e+00
     vertex  6.705953e+01 -4.782908e+01  1.110223e-14
     vertex  6.702005e+01 -4.784828e+01  1.110223e-14
   endloop
 endfacet
 facet normal -4.374119e-01  8.992613e-01  0.000000e+00
   outer loop
     vertex  6.705953e+01 -4.782908e+01  9.000000e+00
     vertex  6.705953e+01 -4.782908e+01  1.110223e-14
     vertex  6.702005e+01 -4.784828e+01  9.000000e+00
   endloop
 endfacet
 facet normal -4.619176e-01  8.869228e-01  0.000000e+00
   outer loop
     vertex  6.709847e+01 -4.780880e+01  9.000000e+00
     vertex  6.705953e+01 -4.782908e+01  1.110223e-14
     vertex  6.705953e+01 -4.782908e+01  9.000000e+00
   endloop
 endfacet
 facet normal -4.619176e-01  8.869228e-01  0.000000e+00
   outer loop
     vertex  6.709847e+01 -4.780880e+01  9.000000e+00
     vertex  6.709847e+01 -4.780880e+01  1.110223e-14
     vertex  6.705953e+01 -4.782908e+01  1.110223e-14
   endloop
 endfacet
 facet normal -4.860756e-01  8.739167e-01  0.000000e+00
   outer loop
     vertex  6.713683e+01 -4.778747e+01  9.000000e+00
     vertex  6.709847e+01 -4.780880e+01  1.110223e-14
     vertex  6.709847e+01 -4.780880e+01  9.000000e+00
   endloop
 endfacet
 facet normal -4.860756e-01  8.739167e-01  0.000000e+00
   outer loop
     vertex  6.713683e+01 -4.778747e+01  9.000000e+00
     vertex  6.713683e+01 -4.778747e+01  1.110223e-14
     vertex  6.709847e+01 -4.780880e+01  1.110223e-14
   endloop
 endfacet
 facet normal -5.098678e-01  8.602528e-01  0.000000e+00
   outer loop
     vertex  6.713683e+01 -4.778747e+01  9.000000e+00
     vertex  6.717459e+01 -4.776508e+01  1.110223e-14
     vertex  6.713683e+01 -4.778747e+01  1.110223e-14
   endloop
 endfacet
 facet normal -5.098678e-01  8.602528e-01  0.000000e+00
   outer loop
     vertex  6.717459e+01 -4.776508e+01  9.000000e+00
     vertex  6.717459e+01 -4.776508e+01  1.110223e-14
     vertex  6.713683e+01 -4.778747e+01  9.000000e+00
   endloop
 endfacet
 facet normal -5.332761e-01  8.459413e-01  0.000000e+00
   outer loop
     vertex  6.721173e+01 -4.774167e+01  9.000000e+00
     vertex  6.717459e+01 -4.776508e+01  1.110223e-14
     vertex  6.717459e+01 -4.776508e+01  9.000000e+00
   endloop
 endfacet
 facet normal -5.332761e-01  8.459413e-01  0.000000e+00
   outer loop
     vertex  6.721173e+01 -4.774167e+01  9.000000e+00
     vertex  6.721173e+01 -4.774167e+01  1.110223e-14
     vertex  6.717459e+01 -4.776508e+01  1.110223e-14
   endloop
 endfacet
 facet normal -5.562829e-01  8.309929e-01  0.000000e+00
   outer loop
     vertex  6.724821e+01 -4.771725e+01  9.000000e+00
     vertex  6.724821e+01 -4.771725e+01  1.110223e-14
     vertex  6.721173e+01 -4.774167e+01  1.110223e-14
   endloop
 endfacet
 facet normal -5.562829e-01  8.309929e-01  0.000000e+00
   outer loop
     vertex  6.724821e+01 -4.771725e+01  9.000000e+00
     vertex  6.721173e+01 -4.774167e+01  1.110223e-14
     vertex  6.721173e+01 -4.774167e+01  9.000000e+00
   endloop
 endfacet
 facet normal -5.788711e-01  8.154191e-01  0.000000e+00
   outer loop
     vertex  6.728400e+01 -4.769184e+01  9.000000e+00
     vertex  6.728400e+01 -4.769184e+01  1.110223e-14
     vertex  6.724821e+01 -4.771725e+01  1.110223e-14
   endloop
 endfacet
 facet normal -6.010234e-01  7.992314e-01  0.000000e+00
   outer loop
     vertex  6.728400e+01 -4.769184e+01  9.000000e+00
     vertex  6.731909e+01 -4.766546e+01  1.110223e-14
     vertex  6.728400e+01 -4.769184e+01  1.110223e-14
   endloop
 endfacet
 facet normal -5.788711e-01  8.154191e-01  0.000000e+00
   outer loop
     vertex  6.728400e+01 -4.769184e+01  9.000000e+00
     vertex  6.724821e+01 -4.771725e+01  1.110223e-14
     vertex  6.724821e+01 -4.771725e+01  9.000000e+00
   endloop
 endfacet
 facet normal -6.010234e-01  7.992314e-01  0.000000e+00
   outer loop
     vertex  6.731909e+01 -4.766546e+01  9.000000e+00
     vertex  6.731909e+01 -4.766546e+01  1.110223e-14
     vertex  6.728400e+01 -4.769184e+01  9.000000e+00
   endloop
 endfacet
 facet normal -6.227234e-01  7.824421e-01  0.000000e+00
   outer loop
     vertex  6.735344e+01 -4.763812e+01  9.000000e+00
     vertex  6.735344e+01 -4.763812e+01  1.110223e-14
     vertex  6.731909e+01 -4.766546e+01  1.110223e-14
   endloop
 endfacet
 facet normal -6.227234e-01  7.824421e-01  0.000000e+00
   outer loop
     vertex  6.735344e+01 -4.763812e+01  9.000000e+00
     vertex  6.731909e+01 -4.766546e+01  1.110223e-14
     vertex  6.731909e+01 -4.766546e+01  9.000000e+00
   endloop
 endfacet
 facet normal -6.439545e-01  7.650637e-01  0.000000e+00
   outer loop
     vertex  6.738702e+01 -4.760985e+01  9.000000e+00
     vertex  6.738702e+01 -4.760985e+01  1.110223e-14
     vertex  6.735344e+01 -4.763812e+01  1.110223e-14
   endloop
 endfacet
 facet normal -6.647010e-01  7.471095e-01  0.000000e+00
   outer loop
     vertex  6.738702e+01 -4.760985e+01  9.000000e+00
     vertex  6.741982e+01 -4.758067e+01  1.110223e-14
     vertex  6.738702e+01 -4.760985e+01  1.110223e-14
   endloop
 endfacet
 facet normal -6.439545e-01  7.650637e-01  0.000000e+00
   outer loop
     vertex  6.738702e+01 -4.760985e+01  9.000000e+00
     vertex  6.735344e+01 -4.763812e+01  1.110223e-14
     vertex  6.735344e+01 -4.763812e+01  9.000000e+00
   endloop
 endfacet
 facet normal -6.647010e-01  7.471095e-01  0.000000e+00
   outer loop
     vertex  6.741982e+01 -4.758067e+01  9.000000e+00
     vertex  6.741982e+01 -4.758067e+01  1.110223e-14
     vertex  6.738702e+01 -4.760985e+01  9.000000e+00
   endloop
 endfacet
 facet normal -6.849470e-01  7.285929e-01  0.000000e+00
   outer loop
     vertex  6.745180e+01 -4.755060e+01  9.000000e+00
     vertex  6.745180e+01 -4.755060e+01  1.110223e-14
     vertex  6.741982e+01 -4.758067e+01  1.110223e-14
   endloop
 endfacet
 facet normal -7.046775e-01  7.095278e-01  0.000000e+00
   outer loop
     vertex  6.745180e+01 -4.755060e+01  9.000000e+00
     vertex  6.748295e+01 -4.751967e+01  1.110223e-14
     vertex  6.745180e+01 -4.755060e+01  1.110223e-14
   endloop
 endfacet
 facet normal -6.849470e-01  7.285929e-01  0.000000e+00
   outer loop
     vertex  6.745180e+01 -4.755060e+01  9.000000e+00
     vertex  6.741982e+01 -4.758067e+01  1.110223e-14
     vertex  6.741982e+01 -4.758067e+01  9.000000e+00
   endloop
 endfacet
 facet normal -7.046775e-01  7.095278e-01  0.000000e+00
   outer loop
     vertex  6.748295e+01 -4.751967e+01  9.000000e+00
     vertex  6.748295e+01 -4.751967e+01  1.110223e-14
     vertex  6.745180e+01 -4.755060e+01  9.000000e+00
   endloop
 endfacet
 facet normal -7.238775e-01  6.899286e-01  0.000000e+00
   outer loop
     vertex  6.751324e+01 -4.748789e+01  9.000000e+00
     vertex  6.751324e+01 -4.748789e+01  1.110223e-14
     vertex  6.748295e+01 -4.751967e+01  1.110223e-14
   endloop
 endfacet
 facet normal -7.238775e-01  6.899286e-01  0.000000e+00
   outer loop
     vertex  6.751324e+01 -4.748789e+01  9.000000e+00
     vertex  6.748295e+01 -4.751967e+01  1.110223e-14
     vertex  6.748295e+01 -4.751967e+01  9.000000e+00
   endloop
 endfacet
 facet normal -7.425325e-01  6.698100e-01  0.000000e+00
   outer loop
     vertex  6.754264e+01 -4.745530e+01  9.000000e+00
     vertex  6.754264e+01 -4.745530e+01  1.110223e-14
     vertex  6.751324e+01 -4.748789e+01  1.110223e-14
   endloop
 endfacet
 facet normal -7.606287e-01  6.491872e-01  0.000000e+00
   outer loop
     vertex  6.754264e+01 -4.745530e+01  9.000000e+00
     vertex  6.757114e+01 -4.742191e+01  1.110223e-14
     vertex  6.754264e+01 -4.745530e+01  1.110223e-14
   endloop
 endfacet
 facet normal -7.425325e-01  6.698100e-01  0.000000e+00
   outer loop
     vertex  6.754264e+01 -4.745530e+01  9.000000e+00
     vertex  6.751324e+01 -4.748789e+01  1.110223e-14
     vertex  6.751324e+01 -4.748789e+01  9.000000e+00
   endloop
 endfacet
 facet normal -7.606287e-01  6.491872e-01  0.000000e+00
   outer loop
     vertex  6.757114e+01 -4.742191e+01  9.000000e+00
     vertex  6.757114e+01 -4.742191e+01  1.110223e-14
     vertex  6.754264e+01 -4.745530e+01  9.000000e+00
   endloop
 endfacet
 facet normal -7.781522e-01  6.280757e-01  0.000000e+00
   outer loop
     vertex  6.759871e+01 -4.738775e+01  9.000000e+00
     vertex  6.759871e+01 -4.738775e+01  1.110223e-14
     vertex  6.757114e+01 -4.742191e+01  1.110223e-14
   endloop
 endfacet
 facet normal -7.950900e-01  6.064915e-01  0.000000e+00
   outer loop
     vertex  6.759871e+01 -4.738775e+01  9.000000e+00
     vertex  6.762534e+01 -4.735284e+01  1.110223e-14
     vertex  6.759871e+01 -4.738775e+01  1.110223e-14
   endloop
 endfacet
 facet normal -7.781522e-01  6.280757e-01  0.000000e+00
   outer loop
     vertex  6.759871e+01 -4.738775e+01  9.000000e+00
     vertex  6.757114e+01 -4.742191e+01  1.110223e-14
     vertex  6.757114e+01 -4.742191e+01  9.000000e+00
   endloop
 endfacet
 facet normal -7.950900e-01  6.064915e-01  0.000000e+00
   outer loop
     vertex  6.762534e+01 -4.735284e+01  9.000000e+00
     vertex  6.762534e+01 -4.735284e+01  1.110223e-14
     vertex  6.759871e+01 -4.738775e+01  9.000000e+00
   endloop
 endfacet
 facet normal -8.114292e-01  5.844507e-01  0.000000e+00
   outer loop
     vertex  6.765099e+01 -4.731722e+01  9.000000e+00
     vertex  6.762534e+01 -4.735284e+01  1.110223e-14
     vertex  6.762534e+01 -4.735284e+01  9.000000e+00
   endloop
 endfacet
 facet normal -8.114292e-01  5.844507e-01  0.000000e+00
   outer loop
     vertex  6.765099e+01 -4.731722e+01  9.000000e+00
     vertex  6.765099e+01 -4.731722e+01  1.110223e-14
     vertex  6.762534e+01 -4.735284e+01  1.110223e-14
   endloop
 endfacet
 facet normal -8.271577e-01  5.619699e-01  0.000000e+00
   outer loop
     vertex  6.767566e+01 -4.728091e+01  9.000000e+00
     vertex  6.767566e+01 -4.728091e+01  1.110223e-14
     vertex  6.765099e+01 -4.731722e+01  1.110223e-14
   endloop
 endfacet
 facet normal -8.271577e-01  5.619699e-01  0.000000e+00
   outer loop
     vertex  6.767566e+01 -4.728091e+01  9.000000e+00
     vertex  6.765099e+01 -4.731722e+01  1.110223e-14
     vertex  6.765099e+01 -4.731722e+01  9.000000e+00
   endloop
 endfacet
 facet normal -8.422635e-01  5.390661e-01  0.000000e+00
   outer loop
     vertex  6.769933e+01 -4.724394e+01  9.000000e+00
     vertex  6.767566e+01 -4.728091e+01  1.110223e-14
     vertex  6.767566e+01 -4.728091e+01  9.000000e+00
   endloop
 endfacet
 facet normal -8.422635e-01  5.390661e-01  0.000000e+00
   outer loop
     vertex  6.769933e+01 -4.724394e+01  9.000000e+00
     vertex  6.769933e+01 -4.724394e+01  1.110223e-14
     vertex  6.767566e+01 -4.728091e+01  1.110223e-14
   endloop
 endfacet
 facet normal -8.567352e-01  5.157565e-01  0.000000e+00
   outer loop
     vertex  6.769933e+01 -4.724394e+01  9.000000e+00
     vertex  6.772197e+01 -4.720633e+01  1.110223e-14
     vertex  6.769933e+01 -4.724394e+01  1.110223e-14
   endloop
 endfacet
 facet normal -8.567352e-01  5.157565e-01  0.000000e+00
   outer loop
     vertex  6.772197e+01 -4.720633e+01  9.000000e+00
     vertex  6.772197e+01 -4.720633e+01  1.110223e-14
     vertex  6.769933e+01 -4.724394e+01  9.000000e+00
   endloop
 endfacet
 facet normal -8.705620e-01  4.920587e-01  0.000000e+00
   outer loop
     vertex  6.774357e+01 -4.716811e+01  9.000000e+00
     vertex  6.772197e+01 -4.720633e+01  1.110223e-14
     vertex  6.772197e+01 -4.720633e+01  9.000000e+00
   endloop
 endfacet
 facet normal -8.705620e-01  4.920587e-01  0.000000e+00
   outer loop
     vertex  6.774357e+01 -4.716811e+01  9.000000e+00
     vertex  6.774357e+01 -4.716811e+01  1.110223e-14
     vertex  6.772197e+01 -4.720633e+01  1.110223e-14
   endloop
 endfacet
 facet normal -8.837335e-01  4.679904e-01  0.000000e+00
   outer loop
     vertex  6.774357e+01 -4.716811e+01  9.000000e+00
     vertex  6.776411e+01 -4.712932e+01  1.110223e-14
     vertex  6.774357e+01 -4.716811e+01  1.110223e-14
   endloop
 endfacet
 facet normal -8.837335e-01  4.679904e-01  0.000000e+00
   outer loop
     vertex  6.776411e+01 -4.712932e+01  9.000000e+00
     vertex  6.776411e+01 -4.712932e+01  1.110223e-14
     vertex  6.774357e+01 -4.716811e+01  9.000000e+00
   endloop
 endfacet
 facet normal -8.962398e-01  4.435699e-01  0.000000e+00
   outer loop
     vertex  6.778358e+01 -4.708997e+01  9.000000e+00
     vertex  6.776411e+01 -4.712932e+01  1.110223e-14
     vertex  6.776411e+01 -4.712932e+01  9.000000e+00
   endloop
 endfacet
 facet normal -8.962398e-01  4.435699e-01  0.000000e+00
   outer loop
     vertex  6.778358e+01 -4.708997e+01  9.000000e+00
     vertex  6.778358e+01 -4.708997e+01  1.110223e-14
     vertex  6.776411e+01 -4.712932e+01  1.110223e-14
   endloop
 endfacet
 facet normal -9.080714e-01  4.188155e-01  0.000000e+00
   outer loop
     vertex  6.778358e+01 -4.708997e+01  9.000000e+00
     vertex  6.780197e+01 -4.705011e+01  1.110223e-14
     vertex  6.778358e+01 -4.708997e+01  1.110223e-14
   endloop
 endfacet
 facet normal -9.080714e-01  4.188155e-01  0.000000e+00
   outer loop
     vertex  6.780197e+01 -4.705011e+01  9.000000e+00
     vertex  6.780197e+01 -4.705011e+01  1.110223e-14
     vertex  6.778358e+01 -4.708997e+01  9.000000e+00
   endloop
 endfacet
 facet normal -9.192194e-01  3.937458e-01  0.000000e+00
   outer loop
     vertex  6.781926e+01 -4.700976e+01  9.000000e+00
     vertex  6.780197e+01 -4.705011e+01  1.110223e-14
     vertex  6.780197e+01 -4.705011e+01  9.000000e+00
   endloop
 endfacet
 facet normal -9.192194e-01  3.937458e-01  0.000000e+00
   outer loop
     vertex  6.781926e+01 -4.700976e+01  9.000000e+00
     vertex  6.781926e+01 -4.700976e+01  1.110223e-14
     vertex  6.780197e+01 -4.705011e+01  1.110223e-14
   endloop
 endfacet
 facet normal -9.296754e-01  3.683796e-01  0.000000e+00
   outer loop
     vertex  6.781926e+01 -4.700976e+01  9.000000e+00
     vertex  6.783543e+01 -4.696895e+01  1.110223e-14
     vertex  6.781926e+01 -4.700976e+01  1.110223e-14
   endloop
 endfacet
 facet normal -9.296754e-01  3.683796e-01  0.000000e+00
   outer loop
     vertex  6.783543e+01 -4.696895e+01  9.000000e+00
     vertex  6.783543e+01 -4.696895e+01  1.110223e-14
     vertex  6.781926e+01 -4.700976e+01  9.000000e+00
   endloop
 endfacet
 facet normal -9.394317e-01  3.427362e-01  0.000000e+00
   outer loop
     vertex  6.785047e+01 -4.692771e+01  9.000000e+00
     vertex  6.783543e+01 -4.696895e+01  1.110223e-14
     vertex  6.783543e+01 -4.696895e+01  9.000000e+00
   endloop
 endfacet
 facet normal -9.394317e-01  3.427362e-01  0.000000e+00
   outer loop
     vertex  6.785047e+01 -4.692771e+01  9.000000e+00
     vertex  6.785047e+01 -4.692771e+01  1.110223e-14
     vertex  6.783543e+01 -4.696895e+01  1.110223e-14
   endloop
 endfacet
 facet normal -9.484807e-01  3.168348e-01  0.000000e+00
   outer loop
     vertex  6.785047e+01 -4.692771e+01  9.000000e+00
     vertex  6.786438e+01 -4.688607e+01  1.110223e-14
     vertex  6.785047e+01 -4.692771e+01  1.110223e-14
   endloop
 endfacet
 facet normal -9.484807e-01  3.168348e-01  0.000000e+00
   outer loop
     vertex  6.786438e+01 -4.688607e+01  9.000000e+00
     vertex  6.786438e+01 -4.688607e+01  1.110223e-14
     vertex  6.785047e+01 -4.692771e+01  9.000000e+00
   endloop
 endfacet
 facet normal -9.568158e-01  2.906949e-01  0.000000e+00
   outer loop
     vertex  6.787714e+01 -4.684407e+01  9.000000e+00
     vertex  6.786438e+01 -4.688607e+01  1.110223e-14
     vertex  6.786438e+01 -4.688607e+01  9.000000e+00
   endloop
 endfacet
 facet normal -9.568158e-01  2.906949e-01  0.000000e+00
   outer loop
     vertex  6.787714e+01 -4.684407e+01  9.000000e+00
     vertex  6.787714e+01 -4.684407e+01  1.110223e-14
     vertex  6.786438e+01 -4.688607e+01  1.110223e-14
   endloop
 endfacet
 facet normal -9.644306e-01  2.643362e-01  0.000000e+00
   outer loop
     vertex  6.787714e+01 -4.684407e+01  9.000000e+00
     vertex  6.788875e+01 -4.680173e+01  1.110223e-14
     vertex  6.787714e+01 -4.684407e+01  1.110223e-14
   endloop
 endfacet
 facet normal -9.644306e-01  2.643362e-01  0.000000e+00
   outer loop
     vertex  6.788875e+01 -4.680173e+01  9.000000e+00
     vertex  6.788875e+01 -4.680173e+01  1.110223e-14
     vertex  6.787714e+01 -4.684407e+01  9.000000e+00
   endloop
 endfacet
 facet normal -9.713194e-01  2.377784e-01  0.000000e+00
   outer loop
     vertex  6.789918e+01 -4.675909e+01  9.000000e+00
     vertex  6.788875e+01 -4.680173e+01  1.110223e-14
     vertex  6.788875e+01 -4.680173e+01  9.000000e+00
   endloop
 endfacet
 facet normal -9.713194e-01  2.377784e-01  0.000000e+00
   outer loop
     vertex  6.789918e+01 -4.675909e+01  9.000000e+00
     vertex  6.789918e+01 -4.675909e+01  1.110223e-14
     vertex  6.788875e+01 -4.680173e+01  1.110223e-14
   endloop
 endfacet
 facet normal -9.774771e-01  2.110417e-01  0.000000e+00
   outer loop
     vertex  6.789918e+01 -4.675909e+01  9.000000e+00
     vertex  6.790845e+01 -4.671618e+01  1.110223e-14
     vertex  6.789918e+01 -4.675909e+01  1.110223e-14
   endloop
 endfacet
 facet normal -9.774771e-01  2.110417e-01  0.000000e+00
   outer loop
     vertex  6.790845e+01 -4.671618e+01  9.000000e+00
     vertex  6.790845e+01 -4.671618e+01  1.110223e-14
     vertex  6.789918e+01 -4.675909e+01  9.000000e+00
   endloop
 endfacet
 facet normal -9.828989e-01  1.841461e-01  0.000000e+00
   outer loop
     vertex  6.791653e+01 -4.667303e+01  9.000000e+00
     vertex  6.790845e+01 -4.671618e+01  1.110223e-14
     vertex  6.790845e+01 -4.671618e+01  9.000000e+00
   endloop
 endfacet
 facet normal -9.828989e-01  1.841461e-01  0.000000e+00
   outer loop
     vertex  6.791653e+01 -4.667303e+01  9.000000e+00
     vertex  6.791653e+01 -4.667303e+01  1.110223e-14
     vertex  6.790845e+01 -4.671618e+01  1.110223e-14
   endloop
 endfacet
 facet normal -9.875808e-01  1.571119e-01  0.000000e+00
   outer loop
     vertex  6.791653e+01 -4.667303e+01  9.000000e+00
     vertex  6.792343e+01 -4.662968e+01  1.110223e-14
     vertex  6.791653e+01 -4.667303e+01  1.110223e-14
   endloop
 endfacet
 facet normal -9.875808e-01  1.571119e-01  0.000000e+00
   outer loop
     vertex  6.792343e+01 -4.662968e+01  9.000000e+00
     vertex  6.792343e+01 -4.662968e+01  1.110223e-14
     vertex  6.791653e+01 -4.667303e+01  9.000000e+00
   endloop
 endfacet
 facet normal -9.915193e-01  1.299594e-01  0.000000e+00
   outer loop
     vertex  6.792343e+01 -4.662968e+01  9.000000e+00
     vertex  6.792913e+01 -4.658615e+01  1.110223e-14
     vertex  6.792343e+01 -4.662968e+01  1.110223e-14
   endloop
 endfacet
 facet normal -9.915193e-01  1.299594e-01  0.000000e+00
   outer loop
     vertex  6.792913e+01 -4.658615e+01  9.000000e+00
     vertex  6.792913e+01 -4.658615e+01  1.110223e-14
     vertex  6.792343e+01 -4.662968e+01  9.000000e+00
   endloop
 endfacet
 facet normal -9.947114e-01  1.027091e-01  0.000000e+00
   outer loop
     vertex  6.793364e+01 -4.654249e+01  9.000000e+00
     vertex  6.792913e+01 -4.658615e+01  1.110223e-14
     vertex  6.792913e+01 -4.658615e+01  9.000000e+00
   endloop
 endfacet
 facet normal -9.947114e-01  1.027091e-01  0.000000e+00
   outer loop
     vertex  6.793364e+01 -4.654249e+01  9.000000e+00
     vertex  6.793364e+01 -4.654249e+01  1.110223e-14
     vertex  6.792913e+01 -4.658615e+01  1.110223e-14
   endloop
 endfacet
 facet normal -9.971548e-01  7.538152e-02  0.000000e+00
   outer loop
     vertex  6.793695e+01 -4.649871e+01  9.000000e+00
     vertex  6.793364e+01 -4.654249e+01  1.110223e-14
     vertex  6.793364e+01 -4.654249e+01  9.000000e+00
   endloop
 endfacet
 facet normal -9.971548e-01  7.538152e-02  0.000000e+00
   outer loop
     vertex  6.793695e+01 -4.649871e+01  9.000000e+00
     vertex  6.793695e+01 -4.649871e+01  1.110223e-14
     vertex  6.793364e+01 -4.654249e+01  1.110223e-14
   endloop
 endfacet
 facet normal -9.988475e-01  4.799716e-02  0.000000e+00
   outer loop
     vertex  6.793695e+01 -4.649871e+01  9.000000e+00
     vertex  6.793906e+01 -4.645486e+01  1.110223e-14
     vertex  6.793695e+01 -4.649871e+01  1.110223e-14
   endloop
 endfacet
 facet normal -9.997883e-01  2.057667e-02  0.000000e+00
   outer loop
     vertex  6.793906e+01 -4.645486e+01  9.000000e+00
     vertex  6.793996e+01 -4.641097e+01  1.110223e-14
     vertex  6.793906e+01 -4.645486e+01  1.110223e-14
   endloop
 endfacet
 facet normal -9.988475e-01  4.799716e-02  0.000000e+00
   outer loop
     vertex  6.793906e+01 -4.645486e+01  9.000000e+00
     vertex  6.793906e+01 -4.645486e+01  1.110223e-14
     vertex  6.793695e+01 -4.649871e+01  9.000000e+00
   endloop
 endfacet
 facet normal -9.997883e-01  2.057667e-02  0.000000e+00
   outer loop
     vertex  6.793996e+01 -4.641097e+01  9.000000e+00
     vertex  6.793996e+01 -4.641097e+01  1.110223e-14
     vertex  6.793906e+01 -4.645486e+01  9.000000e+00
   endloop
 endfacet
 facet normal -9.999765e-01 -6.859319e-03 -0.000000e+00
   outer loop
     vertex  6.793966e+01 -4.636708e+01  9.000000e+00
     vertex  6.793966e+01 -4.636708e+01  1.110223e-14
     vertex  6.793996e+01 -4.641097e+01  1.110223e-14
   endloop
 endfacet
 facet normal -9.994119e-01 -3.429014e-02 -0.000000e+00
   outer loop
     vertex  6.793966e+01 -4.636708e+01  9.000000e+00
     vertex  6.793816e+01 -4.632320e+01  1.110223e-14
     vertex  6.793966e+01 -4.636708e+01  1.110223e-14
   endloop
 endfacet
 facet normal -9.999765e-01 -6.859319e-03  0.000000e+00
   outer loop
     vertex  6.793966e+01 -4.636708e+01  9.000000e+00
     vertex  6.793996e+01 -4.641097e+01  1.110223e-14
     vertex  6.793996e+01 -4.641097e+01  9.000000e+00
   endloop
 endfacet
 facet normal -9.980950e-01 -6.169515e-02 -0.000000e+00
   outer loop
     vertex  6.793816e+01 -4.632320e+01  9.000000e+00
     vertex  6.793545e+01 -4.627939e+01  1.110223e-14
     vertex  6.793816e+01 -4.632320e+01  1.110223e-14
   endloop
 endfacet
 facet normal -9.994119e-01 -3.429014e-02 -0.000000e+00
   outer loop
     vertex  6.793816e+01 -4.632320e+01  9.000000e+00
     vertex  6.793816e+01 -4.632320e+01  1.110223e-14
     vertex  6.793966e+01 -4.636708e+01  9.000000e+00
   endloop
 endfacet
 facet normal -9.980950e-01 -6.169515e-02 -0.000000e+00
   outer loop
     vertex  6.793545e+01 -4.627939e+01  9.000000e+00
     vertex  6.793545e+01 -4.627939e+01  1.110223e-14
     vertex  6.793816e+01 -4.632320e+01  9.000000e+00
   endloop
 endfacet
 facet normal -9.960268e-01 -8.905371e-02  0.000000e+00
   outer loop
     vertex  6.793154e+01 -4.623567e+01  9.000000e+00
     vertex  6.793545e+01 -4.627939e+01  1.110223e-14
     vertex  6.793545e+01 -4.627939e+01  9.000000e+00
   endloop
 endfacet
 facet normal -9.960268e-01 -8.905371e-02 -0.000000e+00
   outer loop
     vertex  6.793154e+01 -4.623567e+01  9.000000e+00
     vertex  6.793154e+01 -4.623567e+01  1.110223e-14
     vertex  6.793545e+01 -4.627939e+01  1.110223e-14
   endloop
 endfacet
 facet normal -9.932088e-01 -1.163452e-01  0.000000e+00
   outer loop
     vertex  6.792643e+01 -4.619206e+01  9.000000e+00
     vertex  6.793154e+01 -4.623567e+01  1.110223e-14
     vertex  6.793154e+01 -4.623567e+01  9.000000e+00
   endloop
 endfacet
 facet normal -9.932088e-01 -1.163452e-01 -0.000000e+00
   outer loop
     vertex  6.792643e+01 -4.619206e+01  9.000000e+00
     vertex  6.792643e+01 -4.619206e+01  1.110223e-14
     vertex  6.793154e+01 -4.623567e+01  1.110223e-14
   endloop
 endfacet
 facet normal -9.896432e-01 -1.435492e-01  0.000000e+00
   outer loop
     vertex  6.792013e+01 -4.614862e+01  9.000000e+00
     vertex  6.792643e+01 -4.619206e+01  1.110223e-14
     vertex  6.792643e+01 -4.619206e+01  9.000000e+00
   endloop
 endfacet
 facet normal -9.896432e-01 -1.435492e-01 -0.000000e+00
   outer loop
     vertex  6.792013e+01 -4.614862e+01  9.000000e+00
     vertex  6.792013e+01 -4.614862e+01  1.110223e-14
     vertex  6.792643e+01 -4.619206e+01  1.110223e-14
   endloop
 endfacet
 facet normal -9.853326e-01 -1.706451e-01  0.000000e+00
   outer loop
     vertex  6.791264e+01 -4.610537e+01  9.000000e+00
     vertex  6.792013e+01 -4.614862e+01  1.110223e-14
     vertex  6.792013e+01 -4.614862e+01  9.000000e+00
   endloop
 endfacet
 facet normal -9.853326e-01 -1.706451e-01 -0.000000e+00
   outer loop
     vertex  6.791264e+01 -4.610537e+01  9.000000e+00
     vertex  6.791264e+01 -4.610537e+01  1.110223e-14
     vertex  6.792013e+01 -4.614862e+01  1.110223e-14
   endloop
 endfacet
 facet normal -9.802802e-01 -1.976125e-01 -0.000000e+00
   outer loop
     vertex  6.791264e+01 -4.610537e+01  9.000000e+00
     vertex  6.790396e+01 -4.606233e+01  1.110223e-14
     vertex  6.791264e+01 -4.610537e+01  1.110223e-14
   endloop
 endfacet
 facet normal -9.802802e-01 -1.976125e-01 -0.000000e+00
   outer loop
     vertex  6.790396e+01 -4.606233e+01  9.000000e+00
     vertex  6.790396e+01 -4.606233e+01  1.110223e-14
     vertex  6.791264e+01 -4.610537e+01  9.000000e+00
   endloop
 endfacet
 facet normal -9.744899e-01 -2.244312e-01 -0.000000e+00
   outer loop
     vertex  6.790396e+01 -4.606233e+01  9.000000e+00
     vertex  6.789411e+01 -4.601955e+01  1.110223e-14
     vertex  6.790396e+01 -4.606233e+01  1.110223e-14
   endloop
 endfacet
 facet normal -9.744899e-01 -2.244312e-01 -0.000000e+00
   outer loop
     vertex  6.789411e+01 -4.601955e+01  9.000000e+00
     vertex  6.789411e+01 -4.601955e+01  1.110223e-14
     vertex  6.790396e+01 -4.606233e+01  9.000000e+00
   endloop
 endfacet
 facet normal -9.679661e-01 -2.510809e-01  0.000000e+00
   outer loop
     vertex  6.788309e+01 -4.597706e+01  9.000000e+00
     vertex  6.789411e+01 -4.601955e+01  1.110223e-14
     vertex  6.789411e+01 -4.601955e+01  9.000000e+00
   endloop
 endfacet
 facet normal -9.679661e-01 -2.510809e-01 -0.000000e+00
   outer loop
     vertex  6.788309e+01 -4.597706e+01  9.000000e+00
     vertex  6.788309e+01 -4.597706e+01  1.065814e-14
     vertex  6.789411e+01 -4.601955e+01  1.110223e-14
   endloop
 endfacet
 facet normal -9.607136e-01 -2.775416e-01 -0.000000e+00
   outer loop
     vertex  6.788309e+01 -4.597706e+01  9.000000e+00
     vertex  6.787091e+01 -4.593489e+01  1.065814e-14
     vertex  6.788309e+01 -4.597706e+01  1.065814e-14
   endloop
 endfacet
 facet normal -9.607136e-01 -2.775416e-01 -0.000000e+00
   outer loop
     vertex  6.787091e+01 -4.593489e+01  9.000000e+00
     vertex  6.787091e+01 -4.593489e+01  1.065814e-14
     vertex  6.788309e+01 -4.597706e+01  9.000000e+00
   endloop
 endfacet
 facet normal -9.527379e-01 -3.037934e-01 -0.000000e+00
   outer loop
     vertex  6.787091e+01 -4.593489e+01  9.000000e+00
     vertex  6.785757e+01 -4.589306e+01  1.065814e-14
     vertex  6.787091e+01 -4.593489e+01  1.065814e-14
   endloop
 endfacet
 facet normal -9.527379e-01 -3.037934e-01 -0.000000e+00
   outer loop
     vertex  6.785757e+01 -4.589306e+01  9.000000e+00
     vertex  6.785757e+01 -4.589306e+01  1.065814e-14
     vertex  6.787091e+01 -4.593489e+01  9.000000e+00
   endloop
 endfacet
 facet normal -9.440450e-01 -3.298166e-01  0.000000e+00
   outer loop
     vertex  6.784309e+01 -4.585162e+01  9.000000e+00
     vertex  6.785757e+01 -4.589306e+01  1.065814e-14
     vertex  6.785757e+01 -4.589306e+01  9.000000e+00
   endloop
 endfacet
 facet normal -9.440450e-01 -3.298166e-01 -0.000000e+00
   outer loop
     vertex  6.784309e+01 -4.585162e+01  9.000000e+00
     vertex  6.784309e+01 -4.585162e+01  1.065814e-14
     vertex  6.785757e+01 -4.589306e+01  1.065814e-14
   endloop
 endfacet
 facet normal -9.346415e-01 -3.555914e-01  0.000000e+00
   outer loop
     vertex  6.782748e+01 -4.581059e+01  9.000000e+00
     vertex  6.784309e+01 -4.585162e+01  1.065814e-14
     vertex  6.784309e+01 -4.585162e+01  9.000000e+00
   endloop
 endfacet
 facet normal -9.346415e-01 -3.555914e-01 -0.000000e+00
   outer loop
     vertex  6.782748e+01 -4.581059e+01  9.000000e+00
     vertex  6.782748e+01 -4.581059e+01  1.065814e-14
     vertex  6.784309e+01 -4.585162e+01  1.065814e-14
   endloop
 endfacet
 facet normal -9.245344e-01 -3.810986e-01 -0.000000e+00
   outer loop
     vertex  6.782748e+01 -4.581059e+01  9.000000e+00
     vertex  6.781075e+01 -4.577001e+01  1.065814e-14
     vertex  6.782748e+01 -4.581059e+01  1.065814e-14
   endloop
 endfacet
 facet normal -9.137314e-01 -4.063188e-01 -0.000000e+00
   outer loop
     vertex  6.781075e+01 -4.577001e+01  9.000000e+00
     vertex  6.779291e+01 -4.572990e+01  1.065814e-14
     vertex  6.781075e+01 -4.577001e+01  1.065814e-14
   endloop
 endfacet
 facet normal -9.245344e-01 -3.810986e-01 -0.000000e+00
   outer loop
     vertex  6.781075e+01 -4.577001e+01  9.000000e+00
     vertex  6.781075e+01 -4.577001e+01  1.065814e-14
     vertex  6.782748e+01 -4.581059e+01  9.000000e+00
   endloop
 endfacet
 facet normal -9.137314e-01 -4.063188e-01 -0.000000e+00
   outer loop
     vertex  6.779291e+01 -4.572990e+01  9.000000e+00
     vertex  6.779291e+01 -4.572990e+01  1.065814e-14
     vertex  6.781075e+01 -4.577001e+01  9.000000e+00
   endloop
 endfacet
 facet normal -9.022405e-01 -4.312333e-01 -0.000000e+00
   outer loop
     vertex  6.777398e+01 -4.569029e+01  9.000000e+00
     vertex  6.777398e+01 -4.569029e+01  1.065814e-14
     vertex  6.779291e+01 -4.572990e+01  1.065814e-14
   endloop
 endfacet
 facet normal -8.900704e-01 -4.558231e-01 -0.000000e+00
   outer loop
     vertex  6.777398e+01 -4.569029e+01  9.000000e+00
     vertex  6.775397e+01 -4.565122e+01  1.065814e-14
     vertex  6.777398e+01 -4.569029e+01  1.065814e-14
   endloop
 endfacet
 facet normal -9.022405e-01 -4.312333e-01  0.000000e+00
   outer loop
     vertex  6.777398e+01 -4.569029e+01  9.000000e+00
     vertex  6.779291e+01 -4.572990e+01  1.065814e-14
     vertex  6.779291e+01 -4.572990e+01  9.000000e+00
   endloop
 endfacet
 facet normal -8.900704e-01 -4.558231e-01 -0.000000e+00
   outer loop
     vertex  6.775397e+01 -4.565122e+01  9.000000e+00
     vertex  6.775397e+01 -4.565122e+01  1.065814e-14
     vertex  6.777398e+01 -4.569029e+01  9.000000e+00
   endloop
 endfacet
 facet normal -8.772303e-01 -4.800697e-01 -0.000000e+00
   outer loop
     vertex  6.773290e+01 -4.561271e+01  9.000000e+00
     vertex  6.773290e+01 -4.561271e+01  1.065814e-14
     vertex  6.775397e+01 -4.565122e+01  1.065814e-14
   endloop
 endfacet
 facet normal -8.772303e-01 -4.800697e-01  0.000000e+00
   outer loop
     vertex  6.773290e+01 -4.561271e+01  9.000000e+00
     vertex  6.775397e+01 -4.565122e+01  1.065814e-14
     vertex  6.775397e+01 -4.565122e+01  9.000000e+00
   endloop
 endfacet
 facet normal -8.637299e-01 -5.039550e-01 -0.000000e+00
   outer loop
     vertex  6.771078e+01 -4.557479e+01  9.000000e+00
     vertex  6.771078e+01 -4.557479e+01  1.065814e-14
     vertex  6.773290e+01 -4.561271e+01  1.065814e-14
   endloop
 endfacet
 facet normal -8.637299e-01 -5.039550e-01  0.000000e+00
   outer loop
     vertex  6.771078e+01 -4.557479e+01  9.000000e+00
     vertex  6.773290e+01 -4.561271e+01  1.065814e-14
     vertex  6.773290e+01 -4.561271e+01  9.000000e+00
   endloop
 endfacet
 facet normal -8.495793e-01 -5.274609e-01 -0.000000e+00
   outer loop
     vertex  6.768762e+01 -4.553749e+01  9.000000e+00
     vertex  6.768762e+01 -4.553749e+01  1.065814e-14
     vertex  6.771078e+01 -4.557479e+01  1.065814e-14
   endloop
 endfacet
 facet normal -8.495793e-01 -5.274609e-01  0.000000e+00
   outer loop
     vertex  6.768762e+01 -4.553749e+01  9.000000e+00
     vertex  6.771078e+01 -4.557479e+01  1.065814e-14
     vertex  6.771078e+01 -4.557479e+01  9.000000e+00
   endloop
 endfacet
 facet normal -8.347891e-01 -5.505698e-01 -0.000000e+00
   outer loop
     vertex  6.766345e+01 -4.550085e+01  9.000000e+00
     vertex  6.766345e+01 -4.550085e+01  1.065814e-14
     vertex  6.768762e+01 -4.553749e+01  1.065814e-14
   endloop
 endfacet
 facet normal -8.347891e-01 -5.505698e-01  0.000000e+00
   outer loop
     vertex  6.766345e+01 -4.550085e+01  9.000000e+00
     vertex  6.768762e+01 -4.553749e+01  1.065814e-14
     vertex  6.768762e+01 -4.553749e+01  9.000000e+00
   endloop
 endfacet
 facet normal -8.193706e-01 -5.732642e-01 -0.000000e+00
   outer loop
     vertex  6.763829e+01 -4.546488e+01  9.000000e+00
     vertex  6.763829e+01 -4.546488e+01  1.065814e-14
     vertex  6.766345e+01 -4.550085e+01  1.065814e-14
   endloop
 endfacet
 facet normal -8.193706e-01 -5.732642e-01  0.000000e+00
   outer loop
     vertex  6.763829e+01 -4.546488e+01  9.000000e+00
     vertex  6.766345e+01 -4.550085e+01  1.065814e-14
     vertex  6.766345e+01 -4.550085e+01  9.000000e+00
   endloop
 endfacet
 facet normal -8.033352e-01 -5.955271e-01 -0.000000e+00
   outer loop
     vertex  6.761214e+01 -4.542961e+01  9.000000e+00
     vertex  6.761214e+01 -4.542961e+01  1.065814e-14
     vertex  6.763829e+01 -4.546488e+01  1.065814e-14
   endloop
 endfacet
 facet normal -8.033352e-01 -5.955271e-01  0.000000e+00
   outer loop
     vertex  6.761214e+01 -4.542961e+01  9.000000e+00
     vertex  6.763829e+01 -4.546488e+01  1.065814e-14
     vertex  6.763829e+01 -4.546488e+01  9.000000e+00
   endloop
 endfacet
 facet normal -7.866951e-01 -6.173417e-01 -0.000000e+00
   outer loop
     vertex  6.758504e+01 -4.539508e+01  9.000000e+00
     vertex  6.758504e+01 -4.539508e+01  1.065814e-14
     vertex  6.761214e+01 -4.542961e+01  1.065814e-14
   endloop
 endfacet
 facet normal -7.866951e-01 -6.173417e-01  0.000000e+00
   outer loop
     vertex  6.758504e+01 -4.539508e+01  9.000000e+00
     vertex  6.761214e+01 -4.542961e+01  1.065814e-14
     vertex  6.761214e+01 -4.542961e+01  9.000000e+00
   endloop
 endfacet
 facet normal -7.694628e-01 -6.386916e-01 -0.000000e+00
   outer loop
     vertex  6.755701e+01 -4.536130e+01  9.000000e+00
     vertex  6.755701e+01 -4.536130e+01  1.065814e-14
     vertex  6.758504e+01 -4.539508e+01  1.065814e-14
   endloop
 endfacet
 facet normal -7.516513e-01 -6.595607e-01 -0.000000e+00
   outer loop
     vertex  6.755701e+01 -4.536130e+01  9.000000e+00
     vertex  6.752805e+01 -4.532830e+01  1.065814e-14
     vertex  6.755701e+01 -4.536130e+01  1.065814e-14
   endloop
 endfacet
 facet normal -7.694628e-01 -6.386916e-01  0.000000e+00
   outer loop
     vertex  6.755701e+01 -4.536130e+01  9.000000e+00
     vertex  6.758504e+01 -4.539508e+01  1.065814e-14
     vertex  6.758504e+01 -4.539508e+01  9.000000e+00
   endloop
 endfacet
 facet normal -7.332740e-01 -6.799333e-01 -0.000000e+00
   outer loop
     vertex  6.752805e+01 -4.532830e+01  9.000000e+00
     vertex  6.749820e+01 -4.529611e+01  1.065814e-14
     vertex  6.752805e+01 -4.532830e+01  1.065814e-14
   endloop
 endfacet
 facet normal -7.516513e-01 -6.595607e-01 -0.000000e+00
   outer loop
     vertex  6.752805e+01 -4.532830e+01  9.000000e+00
     vertex  6.752805e+01 -4.532830e+01  1.065814e-14
     vertex  6.755701e+01 -4.536130e+01  9.000000e+00
   endloop
 endfacet
 facet normal -7.332740e-01 -6.799333e-01 -0.000000e+00
   outer loop
     vertex  6.749820e+01 -4.529611e+01  9.000000e+00
     vertex  6.749820e+01 -4.529611e+01  1.065814e-14
     vertex  6.752805e+01 -4.532830e+01  9.000000e+00
   endloop
 endfacet
 facet normal -7.143447e-01 -6.997940e-01 -0.000000e+00
   outer loop
     vertex  6.746748e+01 -4.526476e+01  9.000000e+00
     vertex  6.746748e+01 -4.526476e+01  1.065814e-14
     vertex  6.749820e+01 -4.529611e+01  1.065814e-14
   endloop
 endfacet
 facet normal -6.948776e-01 -7.191280e-01 -0.000000e+00
   outer loop
     vertex  6.746748e+01 -4.526476e+01  9.000000e+00
     vertex  6.743592e+01 -4.523425e+01  1.065814e-14
     vertex  6.746748e+01 -4.526476e+01  1.065814e-14
   endloop
 endfacet
 facet normal -7.143447e-01 -6.997940e-01  0.000000e+00
   outer loop
     vertex  6.746748e+01 -4.526476e+01  9.000000e+00
     vertex  6.749820e+01 -4.529611e+01  1.065814e-14
     vertex  6.749820e+01 -4.529611e+01  9.000000e+00
   endloop
 endfacet
 facet normal -6.948776e-01 -7.191280e-01 -0.000000e+00
   outer loop
     vertex  6.743592e+01 -4.523425e+01  9.000000e+00
     vertex  6.743592e+01 -4.523425e+01  1.065814e-14
     vertex  6.746748e+01 -4.526476e+01  9.000000e+00
   endloop
 endfacet
 facet normal -6.748875e-01 -7.379206e-01 -0.000000e+00
   outer loop
     vertex  6.743592e+01 -4.523425e+01  9.000000e+00
     vertex  6.740352e+01 -4.520462e+01  1.065814e-14
     vertex  6.743592e+01 -4.523425e+01  1.065814e-14
   endloop
 endfacet
 facet normal -6.748875e-01 -7.379206e-01 -0.000000e+00
   outer loop
     vertex  6.740352e+01 -4.520462e+01  9.000000e+00
     vertex  6.740352e+01 -4.520462e+01  1.065814e-14
     vertex  6.743592e+01 -4.523425e+01  9.000000e+00
   endloop
 endfacet
 facet normal -6.543893e-01 -7.561578e-01 -0.000000e+00
   outer loop
     vertex  6.740352e+01 -4.520462e+01  9.000000e+00
     vertex  6.737033e+01 -4.517590e+01  1.065814e-14
     vertex  6.740352e+01 -4.520462e+01  1.065814e-14
   endloop
 endfacet
 facet normal -6.543893e-01 -7.561578e-01 -0.000000e+00
   outer loop
     vertex  6.737033e+01 -4.517590e+01  9.000000e+00
     vertex  6.737033e+01 -4.517590e+01  1.065814e-14
     vertex  6.740352e+01 -4.520462e+01  9.000000e+00
   endloop
 endfacet
 facet normal -6.333986e-01 -7.738257e-01 -0.000000e+00
   outer loop
     vertex  6.733636e+01 -4.514809e+01  9.000000e+00
     vertex  6.733636e+01 -4.514809e+01  1.065814e-14
     vertex  6.737033e+01 -4.517590e+01  1.065814e-14
   endloop
 endfacet
 facet normal -6.333986e-01 -7.738257e-01  0.000000e+00
   outer loop
     vertex  6.733636e+01 -4.514809e+01  9.000000e+00
     vertex  6.737033e+01 -4.517590e+01  1.065814e-14
     vertex  6.737033e+01 -4.517590e+01  9.000000e+00
   endloop
 endfacet
 facet normal -6.119310e-01 -7.909112e-01 -0.000000e+00
   outer loop
     vertex  6.730164e+01 -4.512123e+01  9.000000e+00
     vertex  6.730164e+01 -4.512123e+01  1.065814e-14
     vertex  6.733636e+01 -4.514809e+01  1.065814e-14
   endloop
 endfacet
 facet normal -6.119310e-01 -7.909112e-01  0.000000e+00
   outer loop
     vertex  6.730164e+01 -4.512123e+01  9.000000e+00
     vertex  6.733636e+01 -4.514809e+01  1.065814e-14
     vertex  6.733636e+01 -4.514809e+01  9.000000e+00
   endloop
 endfacet
 facet normal -5.900028e-01 -8.074012e-01 -0.000000e+00
   outer loop
     vertex  6.726619e+01 -4.509533e+01  9.000000e+00
     vertex  6.726619e+01 -4.509533e+01  1.065814e-14
     vertex  6.730164e+01 -4.512123e+01  1.065814e-14
   endloop
 endfacet
 facet normal -5.676304e-01 -8.232835e-01 -0.000000e+00
   outer loop
     vertex  6.726619e+01 -4.509533e+01  9.000000e+00
     vertex  6.723005e+01 -4.507041e+01  1.065814e-14
     vertex  6.726619e+01 -4.509533e+01  1.065814e-14
   endloop
 endfacet
 facet normal -5.900028e-01 -8.074012e-01  0.000000e+00
   outer loop
     vertex  6.726619e+01 -4.509533e+01  9.000000e+00
     vertex  6.730164e+01 -4.512123e+01  1.065814e-14
     vertex  6.730164e+01 -4.512123e+01  9.000000e+00
   endloop
 endfacet
 facet normal -5.676304e-01 -8.232835e-01 -0.000000e+00
   outer loop
     vertex  6.723005e+01 -4.507041e+01  9.000000e+00
     vertex  6.723005e+01 -4.507041e+01  1.065814e-14
     vertex  6.726619e+01 -4.509533e+01  9.000000e+00
   endloop
 endfacet
 facet normal -5.448308e-01 -8.385460e-01  0.000000e+00
   outer loop
     vertex  6.719324e+01 -4.504649e+01  9.000000e+00
     vertex  6.723005e+01 -4.507041e+01  1.065814e-14
     vertex  6.723005e+01 -4.507041e+01  9.000000e+00
   endloop
 endfacet
 facet normal -5.448308e-01 -8.385460e-01 -0.000000e+00
   outer loop
     vertex  6.719324e+01 -4.504649e+01  9.000000e+00
     vertex  6.719324e+01 -4.504649e+01  1.065814e-14
     vertex  6.723005e+01 -4.507041e+01  1.065814e-14
   endloop
 endfacet
 facet normal -5.216210e-01 -8.531773e-01 -0.000000e+00
   outer loop
     vertex  6.715579e+01 -4.502360e+01  9.000000e+00
     vertex  6.715579e+01 -4.502360e+01  1.065814e-14
     vertex  6.719324e+01 -4.504649e+01  1.065814e-14
   endloop
 endfacet
 facet normal -5.216210e-01 -8.531773e-01  0.000000e+00
   outer loop
     vertex  6.715579e+01 -4.502360e+01  9.000000e+00
     vertex  6.719324e+01 -4.504649e+01  1.065814e-14
     vertex  6.719324e+01 -4.504649e+01  9.000000e+00
   endloop
 endfacet
 facet normal -4.980186e-01 -8.671664e-01 -0.000000e+00
   outer loop
     vertex  6.711772e+01 -4.500173e+01  9.000000e+00
     vertex  6.711772e+01 -4.500173e+01  1.065814e-14
     vertex  6.715579e+01 -4.502360e+01  1.065814e-14
   endloop
 endfacet
 facet normal -4.740412e-01 -8.805026e-01 -0.000000e+00
   outer loop
     vertex  6.711772e+01 -4.500173e+01  9.000000e+00
     vertex  6.707907e+01 -4.498092e+01  1.065814e-14
     vertex  6.711772e+01 -4.500173e+01  1.065814e-14
   endloop
 endfacet
 facet normal -4.980186e-01 -8.671664e-01  0.000000e+00
   outer loop
     vertex  6.711772e+01 -4.500173e+01  9.000000e+00
     vertex  6.715579e+01 -4.502360e+01  1.065814e-14
     vertex  6.715579e+01 -4.502360e+01  9.000000e+00
   endloop
 endfacet
 facet normal -4.497071e-01 -8.931761e-01 -0.000000e+00
   outer loop
     vertex  6.707907e+01 -4.498092e+01  9.000000e+00
     vertex  6.703986e+01 -4.496118e+01  1.065814e-14
     vertex  6.707907e+01 -4.498092e+01  1.065814e-14
   endloop
 endfacet
 facet normal -4.740412e-01 -8.805026e-01 -0.000000e+00
   outer loop
     vertex  6.707907e+01 -4.498092e+01  9.000000e+00
     vertex  6.707907e+01 -4.498092e+01  1.065814e-14
     vertex  6.711772e+01 -4.500173e+01  9.000000e+00
   endloop
 endfacet
 facet normal -4.497071e-01 -8.931761e-01 -0.000000e+00
   outer loop
     vertex  6.703986e+01 -4.496118e+01  9.000000e+00
     vertex  6.703986e+01 -4.496118e+01  1.065814e-14
     vertex  6.707907e+01 -4.498092e+01  9.000000e+00
   endloop
 endfacet
 facet normal -4.250344e-01 -9.051772e-01 -0.000000e+00
   outer loop
     vertex  6.700012e+01 -4.494252e+01  9.000000e+00
     vertex  6.700012e+01 -4.494252e+01  1.065814e-14
     vertex  6.703986e+01 -4.496118e+01  1.065814e-14
   endloop
 endfacet
 facet normal -4.000417e-01 -9.164969e-01 -0.000000e+00
   outer loop
     vertex  6.700012e+01 -4.494252e+01  9.000000e+00
     vertex  6.695989e+01 -4.492496e+01  1.065814e-14
     vertex  6.700012e+01 -4.494252e+01  1.065814e-14
   endloop
 endfacet
 facet normal -4.250344e-01 -9.051772e-01  0.000000e+00
   outer loop
     vertex  6.700012e+01 -4.494252e+01  9.000000e+00
     vertex  6.703986e+01 -4.496118e+01  1.065814e-14
     vertex  6.703986e+01 -4.496118e+01  9.000000e+00
   endloop
 endfacet
 facet normal -4.000417e-01 -9.164969e-01 -0.000000e+00
   outer loop
     vertex  6.695989e+01 -4.492496e+01  9.000000e+00
     vertex  6.695989e+01 -4.492496e+01  1.065814e-14
     vertex  6.700012e+01 -4.494252e+01  9.000000e+00
   endloop
 endfacet
 facet normal -3.747479e-01 -9.271267e-01 -0.000000e+00
   outer loop
     vertex  6.691919e+01 -4.490851e+01  9.000000e+00
     vertex  6.691919e+01 -4.490851e+01  1.065814e-14
     vertex  6.695989e+01 -4.492496e+01  1.065814e-14
   endloop
 endfacet
 facet normal -3.747479e-01 -9.271267e-01  0.000000e+00
   outer loop
     vertex  6.691919e+01 -4.490851e+01  9.000000e+00
     vertex  6.695989e+01 -4.492496e+01  1.065814e-14
     vertex  6.695989e+01 -4.492496e+01  9.000000e+00
   endloop
 endfacet
 facet normal -3.491720e-01 -9.370586e-01 -0.000000e+00
   outer loop
     vertex  6.687805e+01 -4.489318e+01  9.000000e+00
     vertex  6.687805e+01 -4.489318e+01  1.065814e-14
     vertex  6.691919e+01 -4.490851e+01  1.065814e-14
   endloop
 endfacet
 facet normal -3.233333e-01 -9.462851e-01 -0.000000e+00
   outer loop
     vertex  6.687805e+01 -4.489318e+01  9.000000e+00
     vertex  6.683651e+01 -4.487899e+01  1.065814e-14
     vertex  6.687805e+01 -4.489318e+01  1.065814e-14
   endloop
 endfacet
 facet normal -3.491720e-01 -9.370586e-01  0.000000e+00
   outer loop
     vertex  6.687805e+01 -4.489318e+01  9.000000e+00
     vertex  6.691919e+01 -4.490851e+01  1.065814e-14
     vertex  6.691919e+01 -4.490851e+01  9.000000e+00
   endloop
 endfacet
 facet normal -3.233333e-01 -9.462851e-01 -0.000000e+00
   outer loop
     vertex  6.683651e+01 -4.487899e+01  9.000000e+00
     vertex  6.683651e+01 -4.487899e+01  1.065814e-14
     vertex  6.687805e+01 -4.489318e+01  9.000000e+00
   endloop
 endfacet
 facet normal -2.972512e-01 -9.547993e-01 -0.000000e+00
   outer loop
     vertex  6.679460e+01 -4.486594e+01  9.000000e+00
     vertex  6.679460e+01 -4.486594e+01  1.065814e-14
     vertex  6.683651e+01 -4.487899e+01  1.065814e-14
   endloop
 endfacet
 facet normal -2.972512e-01 -9.547993e-01  0.000000e+00
   outer loop
     vertex  6.679460e+01 -4.486594e+01  9.000000e+00
     vertex  6.683651e+01 -4.487899e+01  1.065814e-14
     vertex  6.683651e+01 -4.487899e+01  9.000000e+00
   endloop
 endfacet
 facet normal -2.709453e-01 -9.625948e-01 -0.000000e+00
   outer loop
     vertex  6.675234e+01 -4.485405e+01  9.000000e+00
     vertex  6.675234e+01 -4.485405e+01  1.065814e-14
     vertex  6.679460e+01 -4.486594e+01  1.065814e-14
   endloop
 endfacet
 facet normal -2.444354e-01 -9.696656e-01 -0.000000e+00
   outer loop
     vertex  6.675234e+01 -4.485405e+01  9.000000e+00
     vertex  6.670978e+01 -4.484332e+01  1.065814e-14
     vertex  6.675234e+01 -4.485405e+01  1.065814e-14
   endloop
 endfacet
 facet normal -2.709453e-01 -9.625948e-01  0.000000e+00
   outer loop
     vertex  6.675234e+01 -4.485405e+01  9.000000e+00
     vertex  6.679460e+01 -4.486594e+01  1.065814e-14
     vertex  6.679460e+01 -4.486594e+01  9.000000e+00
   endloop
 endfacet
 facet normal -2.444354e-01 -9.696656e-01 -0.000000e+00
   outer loop
     vertex  6.670978e+01 -4.484332e+01  9.000000e+00
     vertex  6.670978e+01 -4.484332e+01  1.065814e-14
     vertex  6.675234e+01 -4.485405e+01  9.000000e+00
   endloop
 endfacet
 facet normal -2.177416e-01 -9.760065e-01 -0.000000e+00
   outer loop
     vertex  6.666693e+01 -4.483376e+01  9.000000e+00
     vertex  6.666693e+01 -4.483376e+01  1.065814e-14
     vertex  6.670978e+01 -4.484332e+01  1.065814e-14
   endloop
 endfacet
 facet normal -2.177416e-01 -9.760065e-01  0.000000e+00
   outer loop
     vertex  6.666693e+01 -4.483376e+01  9.000000e+00
     vertex  6.670978e+01 -4.484332e+01  1.065814e-14
     vertex  6.670978e+01 -4.484332e+01  9.000000e+00
   endloop
 endfacet
 facet normal -1.908838e-01 -9.816126e-01 -0.000000e+00
   outer loop
     vertex  6.662384e+01 -4.482538e+01  9.000000e+00
     vertex  6.662384e+01 -4.482538e+01  1.065814e-14
     vertex  6.666693e+01 -4.483376e+01  1.065814e-14
   endloop
 endfacet
 facet normal -1.908838e-01 -9.816126e-01  0.000000e+00
   outer loop
     vertex  6.662384e+01 -4.482538e+01  9.000000e+00
     vertex  6.666693e+01 -4.483376e+01  1.065814e-14
     vertex  6.666693e+01 -4.483376e+01  9.000000e+00
   endloop
 endfacet
 facet normal -1.638824e-01 -9.864799e-01 -0.000000e+00
   outer loop
     vertex  6.658053e+01 -4.481818e+01  9.000000e+00
     vertex  6.658053e+01 -4.481818e+01  1.065814e-14
     vertex  6.662384e+01 -4.482538e+01  1.065814e-14
   endloop
 endfacet
 facet normal -1.638824e-01 -9.864799e-01  0.000000e+00
   outer loop
     vertex  6.658053e+01 -4.481818e+01  9.000000e+00
     vertex  6.662384e+01 -4.482538e+01  1.065814e-14
     vertex  6.662384e+01 -4.482538e+01  9.000000e+00
   endloop
 endfacet
 facet normal -1.367575e-01 -9.906046e-01 -0.000000e+00
   outer loop
     vertex  6.653705e+01 -4.481218e+01  9.000000e+00
     vertex  6.653705e+01 -4.481218e+01  1.065814e-14
     vertex  6.658053e+01 -4.481818e+01  1.065814e-14
   endloop
 endfacet
 facet normal -1.367575e-01 -9.906046e-01  0.000000e+00
   outer loop
     vertex  6.653705e+01 -4.481218e+01  9.000000e+00
     vertex  6.658053e+01 -4.481818e+01  1.065814e-14
     vertex  6.658053e+01 -4.481818e+01  9.000000e+00
   endloop
 endfacet
 facet normal -1.095298e-01 -9.939835e-01  0.000000e+00
   outer loop
     vertex  6.649341e+01 -4.480737e+01  9.000000e+00
     vertex  6.653705e+01 -4.481218e+01  1.065814e-14
     vertex  6.653705e+01 -4.481218e+01  9.000000e+00
   endloop
 endfacet
 facet normal -1.095298e-01 -9.939835e-01 -0.000000e+00
   outer loop
     vertex  6.649341e+01 -4.480737e+01  9.000000e+00
     vertex  6.649341e+01 -4.480737e+01  1.065814e-14
     vertex  6.653705e+01 -4.481218e+01  1.065814e-14
   endloop
 endfacet
 facet normal -8.221955e-02 -9.966142e-01 -0.000000e+00
   outer loop
     vertex  6.649341e+01 -4.480737e+01  9.000000e+00
     vertex  6.644966e+01 -4.480376e+01  1.065814e-14
     vertex  6.649341e+01 -4.480737e+01  1.065814e-14
   endloop
 endfacet
 facet normal -8.221955e-02 -9.966142e-01 -0.000000e+00
   outer loop
     vertex  6.644966e+01 -4.480376e+01  9.000000e+00
     vertex  6.644966e+01 -4.480376e+01  1.065814e-14
     vertex  6.649341e+01 -4.480737e+01  9.000000e+00
   endloop
 endfacet
 facet normal -5.484744e-02 -9.984947e-01  0.000000e+00
   outer loop
     vertex  6.640583e+01 -4.480135e+01  9.000000e+00
     vertex  6.644966e+01 -4.480376e+01  1.065814e-14
     vertex  6.644966e+01 -4.480376e+01  9.000000e+00
   endloop
 endfacet
 facet normal -5.484744e-02 -9.984947e-01 -0.000000e+00
   outer loop
     vertex  6.640583e+01 -4.480135e+01  9.000000e+00
     vertex  6.640583e+01 -4.480135e+01  1.065814e-14
     vertex  6.644966e+01 -4.480376e+01  1.065814e-14
   endloop
 endfacet
 facet normal -2.743405e-02 -9.996236e-01 -0.000000e+00
   outer loop
     vertex  6.640583e+01 -4.480135e+01  9.000000e+00
     vertex  6.636195e+01 -4.480015e+01  1.065814e-14
     vertex  6.640583e+01 -4.480135e+01  1.065814e-14
   endloop
 endfacet
 facet normal -2.743405e-02 -9.996236e-01 -0.000000e+00
   outer loop
     vertex  6.636195e+01 -4.480015e+01  9.000000e+00
     vertex  6.636195e+01 -4.480015e+01  1.065814e-14
     vertex  6.640583e+01 -4.480135e+01  9.000000e+00
   endloop
 endfacet
 facet normal  0.000000e+00 -1.000000e+00  0.000000e+00
   outer loop
     vertex  6.631805e+01 -4.480015e+01  9.000000e+00
     vertex  6.636195e+01 -4.480015e+01  1.065814e-14
     vertex  6.636195e+01 -4.480015e+01  9.000000e+00
   endloop
 endfacet
 facet normal  0.000000e+00 -1.000000e+00  0.000000e+00
   outer loop
     vertex  6.631805e+01 -4.480015e+01  9.000000e+00
     vertex  6.631805e+01 -4.480015e+01  1.065814e-14
     vertex  6.636195e+01 -4.480015e+01  1.065814e-14
   endloop
 endfacet
 facet normal  2.743405e-02 -9.996236e-01  0.000000e+00
   outer loop
     vertex  6.627417e+01 -4.480135e+01  9.000000e+00
     vertex  6.631805e+01 -4.480015e+01  1.065814e-14
     vertex  6.631805e+01 -4.480015e+01  9.000000e+00
   endloop
 endfacet
 facet normal  2.743405e-02 -9.996236e-01  0.000000e+00
   outer loop
     vertex  6.627417e+01 -4.480135e+01  9.000000e+00
     vertex  6.627417e+01 -4.480135e+01  1.065814e-14
     vertex  6.631805e+01 -4.480015e+01  1.065814e-14
   endloop
 endfacet
 facet normal  5.484744e-02 -9.984947e-01  0.000000e+00
   outer loop
     vertex  6.623034e+01 -4.480376e+01  9.000000e+00
     vertex  6.627417e+01 -4.480135e+01  1.065814e-14
     vertex  6.627417e+01 -4.480135e+01  9.000000e+00
   endloop
 endfacet
 facet normal  5.484744e-02 -9.984947e-01  0.000000e+00
   outer loop
     vertex  6.623034e+01 -4.480376e+01  9.000000e+00
     vertex  6.623034e+01 -4.480376e+01  1.065814e-14
     vertex  6.627417e+01 -4.480135e+01  1.065814e-14
   endloop
 endfacet
 facet normal  8.221955e-02 -9.966142e-01  0.000000e+00
   outer loop
     vertex  6.618659e+01 -4.480737e+01  9.000000e+00
     vertex  6.623034e+01 -4.480376e+01  1.065814e-14
     vertex  6.623034e+01 -4.480376e+01  9.000000e+00
   endloop
 endfacet
 facet normal  8.221955e-02 -9.966142e-01  0.000000e+00
   outer loop
     vertex  6.618659e+01 -4.480737e+01  9.000000e+00
     vertex  6.618659e+01 -4.480737e+01  1.065814e-14
     vertex  6.623034e+01 -4.480376e+01  1.065814e-14
   endloop
 endfacet
 facet normal  1.095298e-01 -9.939835e-01  0.000000e+00
   outer loop
     vertex  6.614295e+01 -4.481218e+01  9.000000e+00
     vertex  6.618659e+01 -4.480737e+01  1.065814e-14
     vertex  6.618659e+01 -4.480737e+01  9.000000e+00
   endloop
 endfacet
 facet normal  1.095298e-01 -9.939835e-01  0.000000e+00
   outer loop
     vertex  6.614295e+01 -4.481218e+01  9.000000e+00
     vertex  6.614295e+01 -4.481218e+01  1.065814e-14
     vertex  6.618659e+01 -4.480737e+01  1.065814e-14
   endloop
 endfacet
 facet normal  1.367575e-01 -9.906046e-01  0.000000e+00
   outer loop
     vertex  6.609947e+01 -4.481818e+01  9.000000e+00
     vertex  6.614295e+01 -4.481218e+01  1.065814e-14
     vertex  6.614295e+01 -4.481218e+01  9.000000e+00
   endloop
 endfacet
 facet normal  1.367575e-01 -9.906046e-01  0.000000e+00
   outer loop
     vertex  6.609947e+01 -4.481818e+01  9.000000e+00
     vertex  6.609947e+01 -4.481818e+01  1.065814e-14
     vertex  6.614295e+01 -4.481218e+01  1.065814e-14
   endloop
 endfacet
 facet normal  1.638824e-01 -9.864799e-01  0.000000e+00
   outer loop
     vertex  6.605616e+01 -4.482538e+01  9.000000e+00
     vertex  6.609947e+01 -4.481818e+01  1.065814e-14
     vertex  6.609947e+01 -4.481818e+01  9.000000e+00
   endloop
 endfacet
 facet normal  1.638824e-01 -9.864799e-01  0.000000e+00
   outer loop
     vertex  6.605616e+01 -4.482538e+01  9.000000e+00
     vertex  6.605616e+01 -4.482538e+01  1.065814e-14
     vertex  6.609947e+01 -4.481818e+01  1.065814e-14
   endloop
 endfacet
 facet normal  1.908838e-01 -9.816126e-01  0.000000e+00
   outer loop
     vertex  6.601307e+01 -4.483376e+01  9.000000e+00
     vertex  6.605616e+01 -4.482538e+01  1.065814e-14
     vertex  6.605616e+01 -4.482538e+01  9.000000e+00
   endloop
 endfacet
 facet normal  1.908838e-01 -9.816126e-01  0.000000e+00
   outer loop
     vertex  6.601307e+01 -4.483376e+01  9.000000e+00
     vertex  6.601307e+01 -4.483376e+01  1.065814e-14
     vertex  6.605616e+01 -4.482538e+01  1.065814e-14
   endloop
 endfacet
 facet normal  2.177416e-01 -9.760065e-01  0.000000e+00
   outer loop
     vertex  6.597022e+01 -4.484332e+01  9.000000e+00
     vertex  6.597022e+01 -4.484332e+01  1.065814e-14
     vertex  6.601307e+01 -4.483376e+01  1.065814e-14
   endloop
 endfacet
 facet normal  2.177416e-01 -9.760065e-01  0.000000e+00
   outer loop
     vertex  6.597022e+01 -4.484332e+01  9.000000e+00
     vertex  6.601307e+01 -4.483376e+01  1.065814e-14
     vertex  6.601307e+01 -4.483376e+01  9.000000e+00
   endloop
 endfacet
 facet normal  2.444354e-01 -9.696656e-01  0.000000e+00
   outer loop
     vertex  6.592766e+01 -4.485405e+01  9.000000e+00
     vertex  6.592766e+01 -4.485405e+01  1.065814e-14
     vertex  6.597022e+01 -4.484332e+01  1.065814e-14
   endloop
 endfacet
 facet normal  2.444354e-01 -9.696656e-01  0.000000e+00
   outer loop
     vertex  6.592766e+01 -4.485405e+01  9.000000e+00
     vertex  6.597022e+01 -4.484332e+01  1.065814e-14
     vertex  6.597022e+01 -4.484332e+01  9.000000e+00
   endloop
 endfacet
 facet normal  2.709453e-01 -9.625948e-01  0.000000e+00
   outer loop
     vertex  6.588540e+01 -4.486594e+01  9.000000e+00
     vertex  6.588540e+01 -4.486594e+01  1.065814e-14
     vertex  6.592766e+01 -4.485405e+01  1.065814e-14
   endloop
 endfacet
 facet normal  2.709453e-01 -9.625948e-01  0.000000e+00
   outer loop
     vertex  6.588540e+01 -4.486594e+01  9.000000e+00
     vertex  6.592766e+01 -4.485405e+01  1.065814e-14
     vertex  6.592766e+01 -4.485405e+01  9.000000e+00
   endloop
 endfacet
 facet normal  2.972512e-01 -9.547993e-01  0.000000e+00
   outer loop
     vertex  6.584349e+01 -4.487899e+01  9.000000e+00
     vertex  6.584349e+01 -4.487899e+01  1.065814e-14
     vertex  6.588540e+01 -4.486594e+01  1.065814e-14
   endloop
 endfacet
 facet normal  3.233333e-01 -9.462851e-01  0.000000e+00
   outer loop
     vertex  6.584349e+01 -4.487899e+01  9.000000e+00
     vertex  6.580195e+01 -4.489318e+01  1.065814e-14
     vertex  6.584349e+01 -4.487899e+01  1.065814e-14
   endloop
 endfacet
 facet normal  2.972512e-01 -9.547993e-01  0.000000e+00
   outer loop
     vertex  6.584349e+01 -4.487899e+01  9.000000e+00
     vertex  6.588540e+01 -4.486594e+01  1.065814e-14
     vertex  6.588540e+01 -4.486594e+01  9.000000e+00
   endloop
 endfacet
 facet normal  3.233333e-01 -9.462851e-01  0.000000e+00
   outer loop
     vertex  6.580195e+01 -4.489318e+01  9.000000e+00
     vertex  6.580195e+01 -4.489318e+01  1.065814e-14
     vertex  6.584349e+01 -4.487899e+01  9.000000e+00
   endloop
 endfacet
 facet normal  3.491720e-01 -9.370586e-01  0.000000e+00
   outer loop
     vertex  6.576081e+01 -4.490851e+01  9.000000e+00
     vertex  6.576081e+01 -4.490851e+01  1.065814e-14
     vertex  6.580195e+01 -4.489318e+01  1.065814e-14
   endloop
 endfacet
 facet normal  3.491720e-01 -9.370586e-01  0.000000e+00
   outer loop
     vertex  6.576081e+01 -4.490851e+01  9.000000e+00
     vertex  6.580195e+01 -4.489318e+01  1.065814e-14
     vertex  6.580195e+01 -4.489318e+01  9.000000e+00
   endloop
 endfacet
 facet normal  3.747479e-01 -9.271267e-01  0.000000e+00
   outer loop
     vertex  6.572011e+01 -4.492496e+01  9.000000e+00
     vertex  6.572011e+01 -4.492496e+01  1.065814e-14
     vertex  6.576081e+01 -4.490851e+01  1.065814e-14
   endloop
 endfacet
 facet normal  3.747479e-01 -9.271267e-01  0.000000e+00
   outer loop
     vertex  6.572011e+01 -4.492496e+01  9.000000e+00
     vertex  6.576081e+01 -4.490851e+01  1.065814e-14
     vertex  6.576081e+01 -4.490851e+01  9.000000e+00
   endloop
 endfacet
 facet normal  4.000417e-01 -9.164969e-01  0.000000e+00
   outer loop
     vertex  6.567988e+01 -4.494252e+01  9.000000e+00
     vertex  6.567988e+01 -4.494252e+01  1.065814e-14
     vertex  6.572011e+01 -4.492496e+01  1.065814e-14
   endloop
 endfacet
 facet normal  4.000417e-01 -9.164969e-01  0.000000e+00
   outer loop
     vertex  6.567988e+01 -4.494252e+01  9.000000e+00
     vertex  6.572011e+01 -4.492496e+01  1.065814e-14
     vertex  6.572011e+01 -4.492496e+01  9.000000e+00
   endloop
 endfacet
 facet normal  4.250344e-01 -9.051772e-01  0.000000e+00
   outer loop
     vertex  6.564014e+01 -4.496118e+01  9.000000e+00
     vertex  6.564014e+01 -4.496118e+01  1.065814e-14
     vertex  6.567988e+01 -4.494252e+01  1.065814e-14
   endloop
 endfacet
 facet normal  4.250344e-01 -9.051772e-01  0.000000e+00
   outer loop
     vertex  6.564014e+01 -4.496118e+01  9.000000e+00
     vertex  6.567988e+01 -4.494252e+01  1.065814e-14
     vertex  6.567988e+01 -4.494252e+01  9.000000e+00
   endloop
 endfacet
 facet normal  4.497071e-01 -8.931761e-01  0.000000e+00
   outer loop
     vertex  6.560093e+01 -4.498092e+01  9.000000e+00
     vertex  6.560093e+01 -4.498092e+01  1.065814e-14
     vertex  6.564014e+01 -4.496118e+01  1.065814e-14
   endloop
 endfacet
 facet normal  4.497071e-01 -8.931761e-01  0.000000e+00
   outer loop
     vertex  6.560093e+01 -4.498092e+01  9.000000e+00
     vertex  6.564014e+01 -4.496118e+01  1.065814e-14
     vertex  6.564014e+01 -4.496118e+01  9.000000e+00
   endloop
 endfacet
 facet normal  4.740412e-01 -8.805026e-01  0.000000e+00
   outer loop
     vertex  6.556228e+01 -4.500173e+01  9.000000e+00
     vertex  6.556228e+01 -4.500173e+01  1.065814e-14
     vertex  6.560093e+01 -4.498092e+01  1.065814e-14
   endloop
 endfacet
 facet normal  4.980186e-01 -8.671664e-01  0.000000e+00
   outer loop
     vertex  6.556228e+01 -4.500173e+01  9.000000e+00
     vertex  6.552421e+01 -4.502360e+01  1.065814e-14
     vertex  6.556228e+01 -4.500173e+01  1.065814e-14
   endloop
 endfacet
 facet normal  4.740412e-01 -8.805026e-01  0.000000e+00
   outer loop
     vertex  6.556228e+01 -4.500173e+01  9.000000e+00
     vertex  6.560093e+01 -4.498092e+01  1.065814e-14
     vertex  6.560093e+01 -4.498092e+01  9.000000e+00
   endloop
 endfacet
 facet normal  4.980186e-01 -8.671664e-01  0.000000e+00
   outer loop
     vertex  6.552421e+01 -4.502360e+01  9.000000e+00
     vertex  6.552421e+01 -4.502360e+01  1.065814e-14
     vertex  6.556228e+01 -4.500173e+01  9.000000e+00
   endloop
 endfacet
 facet normal  5.216210e-01 -8.531773e-01  0.000000e+00
   outer loop
     vertex  6.548676e+01 -4.504649e+01  9.000000e+00
     vertex  6.548676e+01 -4.504649e+01  1.065814e-14
     vertex  6.552421e+01 -4.502360e+01  1.065814e-14
   endloop
 endfacet
 facet normal  5.216210e-01 -8.531773e-01  0.000000e+00
   outer loop
     vertex  6.548676e+01 -4.504649e+01  9.000000e+00
     vertex  6.552421e+01 -4.502360e+01  1.065814e-14
     vertex  6.552421e+01 -4.502360e+01  9.000000e+00
   endloop
 endfacet
 facet normal  5.448308e-01 -8.385460e-01  0.000000e+00
   outer loop
     vertex  6.544995e+01 -4.507041e+01  9.000000e+00
     vertex  6.544995e+01 -4.507041e+01  1.065814e-14
     vertex  6.548676e+01 -4.504649e+01  1.065814e-14
   endloop
 endfacet
 facet normal  5.448308e-01 -8.385460e-01  0.000000e+00
   outer loop
     vertex  6.544995e+01 -4.507041e+01  9.000000e+00
     vertex  6.548676e+01 -4.504649e+01  1.065814e-14
     vertex  6.548676e+01 -4.504649e+01  9.000000e+00
   endloop
 endfacet
 facet normal  5.676304e-01 -8.232835e-01  0.000000e+00
   outer loop
     vertex  6.541381e+01 -4.509533e+01  9.000000e+00
     vertex  6.544995e+01 -4.507041e+01  1.065814e-14
     vertex  6.544995e+01 -4.507041e+01  9.000000e+00
   endloop
 endfacet
 facet normal  5.676304e-01 -8.232835e-01  0.000000e+00
   outer loop
     vertex  6.541381e+01 -4.509533e+01  9.000000e+00
     vertex  6.541381e+01 -4.509533e+01  1.065814e-14
     vertex  6.544995e+01 -4.507041e+01  1.065814e-14
   endloop
 endfacet
 facet normal  5.900028e-01 -8.074012e-01  0.000000e+00
   outer loop
     vertex  6.537836e+01 -4.512123e+01  9.000000e+00
     vertex  6.541381e+01 -4.509533e+01  1.065814e-14
     vertex  6.541381e+01 -4.509533e+01  9.000000e+00
   endloop
 endfacet
 facet normal  5.900028e-01 -8.074012e-01  0.000000e+00
   outer loop
     vertex  6.537836e+01 -4.512123e+01  9.000000e+00
     vertex  6.537836e+01 -4.512123e+01  1.065814e-14
     vertex  6.541381e+01 -4.509533e+01  1.065814e-14
   endloop
 endfacet
 facet normal  6.119310e-01 -7.909112e-01  0.000000e+00
   outer loop
     vertex  6.534364e+01 -4.514809e+01  9.000000e+00
     vertex  6.537836e+01 -4.512123e+01  1.065814e-14
     vertex  6.537836e+01 -4.512123e+01  9.000000e+00
   endloop
 endfacet
 facet normal  6.119310e-01 -7.909112e-01  0.000000e+00
   outer loop
     vertex  6.534364e+01 -4.514809e+01  9.000000e+00
     vertex  6.534364e+01 -4.514809e+01  1.065814e-14
     vertex  6.537836e+01 -4.512123e+01  1.065814e-14
   endloop
 endfacet
 facet normal  6.333986e-01 -7.738257e-01  0.000000e+00
   outer loop
     vertex  6.534364e+01 -4.514809e+01  9.000000e+00
     vertex  6.530967e+01 -4.517590e+01  1.065814e-14
     vertex  6.534364e+01 -4.514809e+01  1.065814e-14
   endloop
 endfacet
 facet normal  6.333986e-01 -7.738257e-01  0.000000e+00
   outer loop
     vertex  6.530967e+01 -4.517590e+01  9.000000e+00
     vertex  6.530967e+01 -4.517590e+01  1.065814e-14
     vertex  6.534364e+01 -4.514809e+01  9.000000e+00
   endloop
 endfacet
 facet normal  6.543893e-01 -7.561578e-01  0.000000e+00
   outer loop
     vertex  6.530967e+01 -4.517590e+01  9.000000e+00
     vertex  6.527648e+01 -4.520462e+01  1.065814e-14
     vertex  6.530967e+01 -4.517590e+01  1.065814e-14
   endloop
 endfacet
 facet normal  6.543893e-01 -7.561578e-01  0.000000e+00
   outer loop
     vertex  6.527648e+01 -4.520462e+01  9.000000e+00
     vertex  6.527648e+01 -4.520462e+01  1.065814e-14
     vertex  6.530967e+01 -4.517590e+01  9.000000e+00
   endloop
 endfacet
 facet normal  6.748875e-01 -7.379206e-01  0.000000e+00
   outer loop
     vertex  6.524408e+01 -4.523425e+01  9.000000e+00
     vertex  6.527648e+01 -4.520462e+01  1.065814e-14
     vertex  6.527648e+01 -4.520462e+01  9.000000e+00
   endloop
 endfacet
 facet normal  6.748875e-01 -7.379206e-01  0.000000e+00
   outer loop
     vertex  6.524408e+01 -4.523425e+01  9.000000e+00
     vertex  6.524408e+01 -4.523425e+01  1.065814e-14
     vertex  6.527648e+01 -4.520462e+01  1.065814e-14
   endloop
 endfacet
 facet normal  6.948776e-01 -7.191280e-01  0.000000e+00
   outer loop
     vertex  6.521252e+01 -4.526476e+01  9.000000e+00
     vertex  6.524408e+01 -4.523425e+01  1.065814e-14
     vertex  6.524408e+01 -4.523425e+01  9.000000e+00
   endloop
 endfacet
 facet normal  6.948776e-01 -7.191280e-01  0.000000e+00
   outer loop
     vertex  6.521252e+01 -4.526476e+01  9.000000e+00
     vertex  6.521252e+01 -4.526476e+01  1.065814e-14
     vertex  6.524408e+01 -4.523425e+01  1.065814e-14
   endloop
 endfacet
 facet normal  7.143447e-01 -6.997940e-01  0.000000e+00
   outer loop
     vertex  6.518180e+01 -4.529611e+01  9.000000e+00
     vertex  6.521252e+01 -4.526476e+01  1.065814e-14
     vertex  6.521252e+01 -4.526476e+01  9.000000e+00
   endloop
 endfacet
 facet normal  7.143447e-01 -6.997940e-01  0.000000e+00
   outer loop
     vertex  6.518180e+01 -4.529611e+01  9.000000e+00
     vertex  6.518180e+01 -4.529611e+01  1.065814e-14
     vertex  6.521252e+01 -4.526476e+01  1.065814e-14
   endloop
 endfacet
 facet normal  7.332740e-01 -6.799333e-01  0.000000e+00
   outer loop
     vertex  6.515195e+01 -4.532830e+01  9.000000e+00
     vertex  6.518180e+01 -4.529611e+01  1.065814e-14
     vertex  6.518180e+01 -4.529611e+01  9.000000e+00
   endloop
 endfacet
 facet normal  7.332740e-01 -6.799333e-01  0.000000e+00
   outer loop
     vertex  6.515195e+01 -4.532830e+01  9.000000e+00
     vertex  6.515195e+01 -4.532830e+01  1.065814e-14
     vertex  6.518180e+01 -4.529611e+01  1.065814e-14
   endloop
 endfacet
 facet normal  7.516513e-01 -6.595607e-01  0.000000e+00
   outer loop
     vertex  6.512299e+01 -4.536130e+01  9.000000e+00
     vertex  6.515195e+01 -4.532830e+01  1.065814e-14
     vertex  6.515195e+01 -4.532830e+01  9.000000e+00
   endloop
 endfacet
 facet normal  7.516513e-01 -6.595607e-01  0.000000e+00
   outer loop
     vertex  6.512299e+01 -4.536130e+01  9.000000e+00
     vertex  6.512299e+01 -4.536130e+01  1.065814e-14
     vertex  6.515195e+01 -4.532830e+01  1.065814e-14
   endloop
 endfacet
 facet normal  7.694628e-01 -6.386916e-01  0.000000e+00
   outer loop
     vertex  6.509496e+01 -4.539508e+01  9.000000e+00
     vertex  6.512299e+01 -4.536130e+01  1.065814e-14
     vertex  6.512299e+01 -4.536130e+01  9.000000e+00
   endloop
 endfacet
 facet normal  7.694628e-01 -6.386916e-01  0.000000e+00
   outer loop
     vertex  6.509496e+01 -4.539508e+01  9.000000e+00
     vertex  6.509496e+01 -4.539508e+01  1.065814e-14
     vertex  6.512299e+01 -4.536130e+01  1.065814e-14
   endloop
 endfacet
 facet normal  7.866951e-01 -6.173417e-01  0.000000e+00
   outer loop
     vertex  6.506786e+01 -4.542961e+01  9.000000e+00
     vertex  6.509496e+01 -4.539508e+01  1.065814e-14
     vertex  6.509496e+01 -4.539508e+01  9.000000e+00
   endloop
 endfacet
 facet normal  7.866951e-01 -6.173417e-01  0.000000e+00
   outer loop
     vertex  6.506786e+01 -4.542961e+01  9.000000e+00
     vertex  6.506786e+01 -4.542961e+01  1.065814e-14
     vertex  6.509496e+01 -4.539508e+01  1.065814e-14
   endloop
 endfacet
 facet normal  8.033352e-01 -5.955271e-01  0.000000e+00
   outer loop
     vertex  6.504171e+01 -4.546488e+01  9.000000e+00
     vertex  6.506786e+01 -4.542961e+01  1.065814e-14
     vertex  6.506786e+01 -4.542961e+01  9.000000e+00
   endloop
 endfacet
 facet normal  8.033352e-01 -5.955271e-01  0.000000e+00
   outer loop
     vertex  6.504171e+01 -4.546488e+01  9.000000e+00
     vertex  6.504171e+01 -4.546488e+01  1.065814e-14
     vertex  6.506786e+01 -4.542961e+01  1.065814e-14
   endloop
 endfacet
 facet normal  8.193706e-01 -5.732642e-01  0.000000e+00
   outer loop
     vertex  6.501655e+01 -4.550085e+01  9.000000e+00
     vertex  6.504171e+01 -4.546488e+01  1.065814e-14
     vertex  6.504171e+01 -4.546488e+01  9.000000e+00
   endloop
 endfacet
 facet normal  8.193706e-01 -5.732642e-01  0.000000e+00
   outer loop
     vertex  6.501655e+01 -4.550085e+01  9.000000e+00
     vertex  6.501655e+01 -4.550085e+01  1.065814e-14
     vertex  6.504171e+01 -4.546488e+01  1.065814e-14
   endloop
 endfacet
 facet normal  8.347891e-01 -5.505698e-01  0.000000e+00
   outer loop
     vertex  6.499238e+01 -4.553749e+01  9.000000e+00
     vertex  6.501655e+01 -4.550085e+01  1.065814e-14
     vertex  6.501655e+01 -4.550085e+01  9.000000e+00
   endloop
 endfacet
 facet normal  8.347891e-01 -5.505698e-01  0.000000e+00
   outer loop
     vertex  6.499238e+01 -4.553749e+01  9.000000e+00
     vertex  6.499238e+01 -4.553749e+01  1.065814e-14
     vertex  6.501655e+01 -4.550085e+01  1.065814e-14
   endloop
 endfacet
 facet normal  8.495793e-01 -5.274609e-01  0.000000e+00
   outer loop
     vertex  6.499238e+01 -4.553749e+01  9.000000e+00
     vertex  6.496922e+01 -4.557479e+01  1.065814e-14
     vertex  6.499238e+01 -4.553749e+01  1.065814e-14
   endloop
 endfacet
 facet normal  8.495793e-01 -5.274609e-01  0.000000e+00
   outer loop
     vertex  6.496922e+01 -4.557479e+01  9.000000e+00
     vertex  6.496922e+01 -4.557479e+01  1.065814e-14
     vertex  6.499238e+01 -4.553749e+01  9.000000e+00
   endloop
 endfacet
 facet normal  8.637299e-01 -5.039550e-01  0.000000e+00
   outer loop
     vertex  6.496922e+01 -4.557479e+01  9.000000e+00
     vertex  6.494710e+01 -4.561271e+01  1.065814e-14
     vertex  6.496922e+01 -4.557479e+01  1.065814e-14
   endloop
 endfacet
 facet normal  8.637299e-01 -5.039550e-01  0.000000e+00
   outer loop
     vertex  6.494710e+01 -4.561271e+01  9.000000e+00
     vertex  6.494710e+01 -4.561271e+01  1.065814e-14
     vertex  6.496922e+01 -4.557479e+01  9.000000e+00
   endloop
 endfacet
 facet normal  8.772303e-01 -4.800697e-01  0.000000e+00
   outer loop
     vertex  6.494710e+01 -4.561271e+01  9.000000e+00
     vertex  6.492603e+01 -4.565122e+01  1.065814e-14
     vertex  6.494710e+01 -4.561271e+01  1.065814e-14
   endloop
 endfacet
 facet normal  8.772303e-01 -4.800697e-01  0.000000e+00
   outer loop
     vertex  6.492603e+01 -4.565122e+01  9.000000e+00
     vertex  6.492603e+01 -4.565122e+01  1.065814e-14
     vertex  6.494710e+01 -4.561271e+01  9.000000e+00
   endloop
 endfacet
 facet normal  8.900704e-01 -4.558231e-01  0.000000e+00
   outer loop
     vertex  6.490602e+01 -4.569029e+01  9.000000e+00
     vertex  6.492603e+01 -4.565122e+01  1.065814e-14
     vertex  6.492603e+01 -4.565122e+01  9.000000e+00
   endloop
 endfacet
 facet normal  8.900704e-01 -4.558231e-01  0.000000e+00
   outer loop
     vertex  6.490602e+01 -4.569029e+01  9.000000e+00
     vertex  6.490602e+01 -4.569029e+01  1.065814e-14
     vertex  6.492603e+01 -4.565122e+01  1.065814e-14
   endloop
 endfacet
 facet normal  9.022405e-01 -4.312333e-01  0.000000e+00
   outer loop
     vertex  6.488709e+01 -4.572990e+01  9.000000e+00
     vertex  6.490602e+01 -4.569029e+01  1.065814e-14
     vertex  6.490602e+01 -4.569029e+01  9.000000e+00
   endloop
 endfacet
 facet normal  9.022405e-01 -4.312333e-01  0.000000e+00
   outer loop
     vertex  6.488709e+01 -4.572990e+01  9.000000e+00
     vertex  6.488709e+01 -4.572990e+01  1.065814e-14
     vertex  6.490602e+01 -4.569029e+01  1.065814e-14
   endloop
 endfacet
 facet normal  9.137314e-01 -4.063188e-01  0.000000e+00
   outer loop
     vertex  6.486925e+01 -4.577001e+01  9.000000e+00
     vertex  6.488709e+01 -4.572990e+01  1.065814e-14
     vertex  6.488709e+01 -4.572990e+01  9.000000e+00
   endloop
 endfacet
 facet normal  9.137314e-01 -4.063188e-01  0.000000e+00
   outer loop
     vertex  6.486925e+01 -4.577001e+01  9.000000e+00
     vertex  6.486925e+01 -4.577001e+01  1.065814e-14
     vertex  6.488709e+01 -4.572990e+01  1.065814e-14
   endloop
 endfacet
 facet normal  9.245344e-01 -3.810986e-01  0.000000e+00
   outer loop
     vertex  6.485252e+01 -4.581059e+01  9.000000e+00
     vertex  6.485252e+01 -4.581059e+01  1.065814e-14
     vertex  6.486925e+01 -4.577001e+01  1.065814e-14
   endloop
 endfacet
 facet normal  9.245344e-01 -3.810986e-01  0.000000e+00
   outer loop
     vertex  6.485252e+01 -4.581059e+01  9.000000e+00
     vertex  6.486925e+01 -4.577001e+01  1.065814e-14
     vertex  6.486925e+01 -4.577001e+01  9.000000e+00
   endloop
 endfacet
 facet normal  9.346415e-01 -3.555914e-01  0.000000e+00
   outer loop
     vertex  6.483691e+01 -4.585162e+01  9.000000e+00
     vertex  6.483691e+01 -4.585162e+01  1.065814e-14
     vertex  6.485252e+01 -4.581059e+01  1.065814e-14
   endloop
 endfacet
 facet normal  9.440450e-01 -3.298166e-01  0.000000e+00
   outer loop
     vertex  6.483691e+01 -4.585162e+01  9.000000e+00
     vertex  6.482243e+01 -4.589306e+01  1.065814e-14
     vertex  6.483691e+01 -4.585162e+01  1.065814e-14
   endloop
 endfacet
 facet normal  9.346415e-01 -3.555914e-01  0.000000e+00
   outer loop
     vertex  6.483691e+01 -4.585162e+01  9.000000e+00
     vertex  6.485252e+01 -4.581059e+01  1.065814e-14
     vertex  6.485252e+01 -4.581059e+01  9.000000e+00
   endloop
 endfacet
 facet normal  9.440450e-01 -3.298166e-01  0.000000e+00
   outer loop
     vertex  6.482243e+01 -4.589306e+01  9.000000e+00
     vertex  6.482243e+01 -4.589306e+01  1.065814e-14
     vertex  6.483691e+01 -4.585162e+01  9.000000e+00
   endloop
 endfacet
 facet normal  9.527379e-01 -3.037934e-01  0.000000e+00
   outer loop
     vertex  6.480909e+01 -4.593489e+01  9.000000e+00
     vertex  6.480909e+01 -4.593489e+01  1.065814e-14
     vertex  6.482243e+01 -4.589306e+01  1.065814e-14
   endloop
 endfacet
 facet normal  9.607136e-01 -2.775416e-01  0.000000e+00
   outer loop
     vertex  6.480909e+01 -4.593489e+01  9.000000e+00
     vertex  6.479691e+01 -4.597706e+01  1.065814e-14
     vertex  6.480909e+01 -4.593489e+01  1.065814e-14
   endloop
 endfacet
 facet normal  9.527379e-01 -3.037934e-01  0.000000e+00
   outer loop
     vertex  6.480909e+01 -4.593489e+01  9.000000e+00
     vertex  6.482243e+01 -4.589306e+01  1.065814e-14
     vertex  6.482243e+01 -4.589306e+01  9.000000e+00
   endloop
 endfacet
 facet normal  9.607136e-01 -2.775416e-01  0.000000e+00
   outer loop
     vertex  6.479691e+01 -4.597706e+01  9.000000e+00
     vertex  6.479691e+01 -4.597706e+01  1.065814e-14
     vertex  6.480909e+01 -4.593489e+01  9.000000e+00
   endloop
 endfacet
 facet normal  9.679661e-01 -2.510809e-01  0.000000e+00
   outer loop
     vertex  6.478589e+01 -4.601955e+01  9.000000e+00
     vertex  6.479691e+01 -4.597706e+01  1.065814e-14
     vertex  6.479691e+01 -4.597706e+01  9.000000e+00
   endloop
 endfacet
 facet normal  9.679661e-01 -2.510809e-01  0.000000e+00
   outer loop
     vertex  6.478589e+01 -4.601955e+01  9.000000e+00
     vertex  6.478589e+01 -4.601955e+01  1.110223e-14
     vertex  6.479691e+01 -4.597706e+01  1.065814e-14
   endloop
 endfacet
 facet normal  9.744899e-01 -2.244312e-01  0.000000e+00
   outer loop
     vertex  6.477604e+01 -4.606233e+01  9.000000e+00
     vertex  6.478589e+01 -4.601955e+01  1.110223e-14
     vertex  6.478589e+01 -4.601955e+01  9.000000e+00
   endloop
 endfacet
 facet normal  9.744899e-01 -2.244312e-01  0.000000e+00
   outer loop
     vertex  6.477604e+01 -4.606233e+01  9.000000e+00
     vertex  6.477604e+01 -4.606233e+01  1.110223e-14
     vertex  6.478589e+01 -4.601955e+01  1.110223e-14
   endloop
 endfacet
 facet normal  9.802802e-01 -1.976125e-01  0.000000e+00
   outer loop
     vertex  6.476736e+01 -4.610537e+01  9.000000e+00
     vertex  6.477604e+01 -4.606233e+01  1.110223e-14
     vertex  6.477604e+01 -4.606233e+01  9.000000e+00
   endloop
 endfacet
 facet normal  9.802802e-01 -1.976125e-01  0.000000e+00
   outer loop
     vertex  6.476736e+01 -4.610537e+01  9.000000e+00
     vertex  6.476736e+01 -4.610537e+01  1.110223e-14
     vertex  6.477604e+01 -4.606233e+01  1.110223e-14
   endloop
 endfacet
 facet normal  9.853326e-01 -1.706451e-01  0.000000e+00
   outer loop
     vertex  6.476736e+01 -4.610537e+01  9.000000e+00
     vertex  6.475987e+01 -4.614862e+01  1.110223e-14
     vertex  6.476736e+01 -4.610537e+01  1.110223e-14
   endloop
 endfacet
 facet normal  9.853326e-01 -1.706451e-01  0.000000e+00
   outer loop
     vertex  6.475987e+01 -4.614862e+01  9.000000e+00
     vertex  6.475987e+01 -4.614862e+01  1.110223e-14
     vertex  6.476736e+01 -4.610537e+01  9.000000e+00
   endloop
 endfacet
 facet normal  9.896432e-01 -1.435492e-01  0.000000e+00
   outer loop
     vertex  6.475987e+01 -4.614862e+01  9.000000e+00
     vertex  6.475357e+01 -4.619206e+01  1.110223e-14
     vertex  6.475987e+01 -4.614862e+01  1.110223e-14
   endloop
 endfacet
 facet normal  9.896432e-01 -1.435492e-01  0.000000e+00
   outer loop
     vertex  6.475357e+01 -4.619206e+01  9.000000e+00
     vertex  6.475357e+01 -4.619206e+01  1.110223e-14
     vertex  6.475987e+01 -4.614862e+01  9.000000e+00
   endloop
 endfacet
 facet normal  9.932088e-01 -1.163452e-01  0.000000e+00
   outer loop
     vertex  6.475357e+01 -4.619206e+01  9.000000e+00
     vertex  6.474846e+01 -4.623567e+01  1.110223e-14
     vertex  6.475357e+01 -4.619206e+01  1.110223e-14
   endloop
 endfacet
 facet normal  9.932088e-01 -1.163452e-01  0.000000e+00
   outer loop
     vertex  6.474846e+01 -4.623567e+01  9.000000e+00
     vertex  6.474846e+01 -4.623567e+01  1.110223e-14
     vertex  6.475357e+01 -4.619206e+01  9.000000e+00
   endloop
 endfacet
 facet normal  9.960268e-01 -8.905371e-02  0.000000e+00
   outer loop
     vertex  6.474846e+01 -4.623567e+01  9.000000e+00
     vertex  6.474455e+01 -4.627939e+01  1.110223e-14
     vertex  6.474846e+01 -4.623567e+01  1.110223e-14
   endloop
 endfacet
 facet normal  9.960268e-01 -8.905371e-02  0.000000e+00
   outer loop
     vertex  6.474455e+01 -4.627939e+01  9.000000e+00
     vertex  6.474455e+01 -4.627939e+01  1.110223e-14
     vertex  6.474846e+01 -4.623567e+01  9.000000e+00
   endloop
 endfacet
 facet normal  9.980950e-01 -6.169515e-02  0.000000e+00
   outer loop
     vertex  6.474455e+01 -4.627939e+01  9.000000e+00
     vertex  6.474184e+01 -4.632320e+01  1.110223e-14
     vertex  6.474455e+01 -4.627939e+01  1.110223e-14
   endloop
 endfacet
 facet normal  9.980950e-01 -6.169515e-02  0.000000e+00
   outer loop
     vertex  6.474184e+01 -4.632320e+01  9.000000e+00
     vertex  6.474184e+01 -4.632320e+01  1.110223e-14
     vertex  6.474455e+01 -4.627939e+01  9.000000e+00
   endloop
 endfacet
 facet normal  9.994119e-01 -3.429014e-02  0.000000e+00
   outer loop
     vertex  6.474184e+01 -4.632320e+01  9.000000e+00
     vertex  6.474034e+01 -4.636708e+01  1.110223e-14
     vertex  6.474184e+01 -4.632320e+01  1.110223e-14
   endloop
 endfacet
 facet normal  9.994119e-01 -3.429014e-02  0.000000e+00
   outer loop
     vertex  6.474034e+01 -4.636708e+01  9.000000e+00
     vertex  6.474034e+01 -4.636708e+01  1.110223e-14
     vertex  6.474184e+01 -4.632320e+01  9.000000e+00
   endloop
 endfacet
 facet normal  9.999765e-01 -6.859319e-03  0.000000e+00
   outer loop
     vertex  6.474034e+01 -4.636708e+01  9.000000e+00
     vertex  6.474004e+01 -4.641097e+01  1.110223e-14
     vertex  6.474034e+01 -4.636708e+01  1.110223e-14
   endloop
 endfacet
 facet normal  9.999765e-01 -6.859319e-03  0.000000e+00
   outer loop
     vertex  6.474004e+01 -4.641097e+01  9.000000e+00
     vertex  6.474004e+01 -4.641097e+01  1.110223e-14
     vertex  6.474034e+01 -4.636708e+01  9.000000e+00
   endloop
 endfacet
 facet normal  9.997883e-01  2.057667e-02  0.000000e+00
   outer loop
     vertex  6.474094e+01 -4.645486e+01  9.000000e+00
     vertex  6.474004e+01 -4.641097e+01  1.110223e-14
     vertex  6.474004e+01 -4.641097e+01  9.000000e+00
   endloop
 endfacet
 facet normal  9.997883e-01  2.057667e-02  0.000000e+00
   outer loop
     vertex  6.474094e+01 -4.645486e+01  9.000000e+00
     vertex  6.474094e+01 -4.645486e+01  1.110223e-14
     vertex  6.474004e+01 -4.641097e+01  1.110223e-14
   endloop
 endfacet
 facet normal  9.988475e-01  4.799716e-02  0.000000e+00
   outer loop
     vertex  6.474305e+01 -4.649871e+01  9.000000e+00
     vertex  6.474305e+01 -4.649871e+01  1.110223e-14
     vertex  6.474094e+01 -4.645486e+01  1.110223e-14
   endloop
 endfacet
 facet normal  9.988475e-01  4.799716e-02  0.000000e+00
   outer loop
     vertex  6.474305e+01 -4.649871e+01  9.000000e+00
     vertex  6.474094e+01 -4.645486e+01  1.110223e-14
     vertex  6.474094e+01 -4.645486e+01  9.000000e+00
   endloop
 endfacet
 facet normal  9.971548e-01  7.538152e-02  0.000000e+00
   outer loop
     vertex  6.474636e+01 -4.654249e+01  9.000000e+00
     vertex  6.474636e+01 -4.654249e+01  1.110223e-14
     vertex  6.474305e+01 -4.649871e+01  1.110223e-14
   endloop
 endfacet
 facet normal  9.947114e-01  1.027091e-01  0.000000e+00
   outer loop
     vertex  6.474636e+01 -4.654249e+01  9.000000e+00
     vertex  6.475087e+01 -4.658615e+01  1.110223e-14
     vertex  6.474636e+01 -4.654249e+01  1.110223e-14
   endloop
 endfacet
 facet normal  9.971548e-01  7.538152e-02  0.000000e+00
   outer loop
     vertex  6.474636e+01 -4.654249e+01  9.000000e+00
     vertex  6.474305e+01 -4.649871e+01  1.110223e-14
     vertex  6.474305e+01 -4.649871e+01  9.000000e+00
   endloop
 endfacet
 facet normal  9.947114e-01  1.027091e-01  0.000000e+00
   outer loop
     vertex  6.475087e+01 -4.658615e+01  9.000000e+00
     vertex  6.475087e+01 -4.658615e+01  1.110223e-14
     vertex  6.474636e+01 -4.654249e+01  9.000000e+00
   endloop
 endfacet
 facet normal  9.915193e-01  1.299594e-01  0.000000e+00
   outer loop
     vertex  6.475657e+01 -4.662968e+01  9.000000e+00
     vertex  6.475657e+01 -4.662968e+01  1.110223e-14
     vertex  6.475087e+01 -4.658615e+01  1.110223e-14
   endloop
 endfacet
 facet normal  9.915193e-01  1.299594e-01  0.000000e+00
   outer loop
     vertex  6.475657e+01 -4.662968e+01  9.000000e+00
     vertex  6.475087e+01 -4.658615e+01  1.110223e-14
     vertex  6.475087e+01 -4.658615e+01  9.000000e+00
   endloop
 endfacet
 facet normal  9.875808e-01  1.571119e-01  0.000000e+00
   outer loop
     vertex  6.476347e+01 -4.667303e+01  9.000000e+00
     vertex  6.476347e+01 -4.667303e+01  1.110223e-14
     vertex  6.475657e+01 -4.662968e+01  1.110223e-14
   endloop
 endfacet
 facet normal  9.828989e-01  1.841461e-01  0.000000e+00
   outer loop
     vertex  6.476347e+01 -4.667303e+01  9.000000e+00
     vertex  6.477155e+01 -4.671618e+01  1.110223e-14
     vertex  6.476347e+01 -4.667303e+01  1.110223e-14
   endloop
 endfacet
 facet normal  9.875808e-01  1.571119e-01  0.000000e+00
   outer loop
     vertex  6.476347e+01 -4.667303e+01  9.000000e+00
     vertex  6.475657e+01 -4.662968e+01  1.110223e-14
     vertex  6.475657e+01 -4.662968e+01  9.000000e+00
   endloop
 endfacet
 facet normal  9.828989e-01  1.841461e-01  0.000000e+00
   outer loop
     vertex  6.477155e+01 -4.671618e+01  9.000000e+00
     vertex  6.477155e+01 -4.671618e+01  1.110223e-14
     vertex  6.476347e+01 -4.667303e+01  9.000000e+00
   endloop
 endfacet
 facet normal  9.774771e-01  2.110417e-01  0.000000e+00
   outer loop
     vertex  6.478082e+01 -4.675909e+01  9.000000e+00
     vertex  6.478082e+01 -4.675909e+01  1.110223e-14
     vertex  6.477155e+01 -4.671618e+01  1.110223e-14
   endloop
 endfacet
 facet normal  9.774771e-01  2.110417e-01  0.000000e+00
   outer loop
     vertex  6.478082e+01 -4.675909e+01  9.000000e+00
     vertex  6.477155e+01 -4.671618e+01  1.110223e-14
     vertex  6.477155e+01 -4.671618e+01  9.000000e+00
   endloop
 endfacet
 facet normal  9.713194e-01  2.377784e-01  0.000000e+00
   outer loop
     vertex  6.479125e+01 -4.680173e+01  9.000000e+00
     vertex  6.479125e+01 -4.680173e+01  1.110223e-14
     vertex  6.478082e+01 -4.675909e+01  1.110223e-14
   endloop
 endfacet
 facet normal  9.713194e-01  2.377784e-01  0.000000e+00
   outer loop
     vertex  6.479125e+01 -4.680173e+01  9.000000e+00
     vertex  6.478082e+01 -4.675909e+01  1.110223e-14
     vertex  6.478082e+01 -4.675909e+01  9.000000e+00
   endloop
 endfacet
 facet normal  9.644306e-01  2.643362e-01  0.000000e+00
   outer loop
     vertex  6.480286e+01 -4.684407e+01  9.000000e+00
     vertex  6.480286e+01 -4.684407e+01  1.110223e-14
     vertex  6.479125e+01 -4.680173e+01  1.110223e-14
   endloop
 endfacet
 facet normal  9.568158e-01  2.906949e-01  0.000000e+00
   outer loop
     vertex  6.480286e+01 -4.684407e+01  9.000000e+00
     vertex  6.481562e+01 -4.688607e+01  1.110223e-14
     vertex  6.480286e+01 -4.684407e+01  1.110223e-14
   endloop
 endfacet
 facet normal  9.644306e-01  2.643362e-01  0.000000e+00
   outer loop
     vertex  6.480286e+01 -4.684407e+01  9.000000e+00
     vertex  6.479125e+01 -4.680173e+01  1.110223e-14
     vertex  6.479125e+01 -4.680173e+01  9.000000e+00
   endloop
 endfacet
 facet normal  9.568158e-01  2.906949e-01  0.000000e+00
   outer loop
     vertex  6.481562e+01 -4.688607e+01  9.000000e+00
     vertex  6.481562e+01 -4.688607e+01  1.110223e-14
     vertex  6.480286e+01 -4.684407e+01  9.000000e+00
   endloop
 endfacet
 facet normal  9.484807e-01  3.168348e-01  0.000000e+00
   outer loop
     vertex  6.482953e+01 -4.692771e+01  9.000000e+00
     vertex  6.482953e+01 -4.692771e+01  1.110223e-14
     vertex  6.481562e+01 -4.688607e+01  1.110223e-14
   endloop
 endfacet
 facet normal  9.394317e-01  3.427362e-01  0.000000e+00
   outer loop
     vertex  6.482953e+01 -4.692771e+01  9.000000e+00
     vertex  6.484457e+01 -4.696895e+01  1.110223e-14
     vertex  6.482953e+01 -4.692771e+01  1.110223e-14
   endloop
 endfacet
 facet normal  9.484807e-01  3.168348e-01  0.000000e+00
   outer loop
     vertex  6.482953e+01 -4.692771e+01  9.000000e+00
     vertex  6.481562e+01 -4.688607e+01  1.110223e-14
     vertex  6.481562e+01 -4.688607e+01  9.000000e+00
   endloop
 endfacet
 facet normal  9.394317e-01  3.427362e-01  0.000000e+00
   outer loop
     vertex  6.484457e+01 -4.696895e+01  9.000000e+00
     vertex  6.484457e+01 -4.696895e+01  1.110223e-14
     vertex  6.482953e+01 -4.692771e+01  9.000000e+00
   endloop
 endfacet
 facet normal  9.296754e-01  3.683796e-01  0.000000e+00
   outer loop
     vertex  6.486074e+01 -4.700976e+01  9.000000e+00
     vertex  6.486074e+01 -4.700976e+01  1.110223e-14
     vertex  6.484457e+01 -4.696895e+01  1.110223e-14
   endloop
 endfacet
 facet normal  9.192194e-01  3.937458e-01  0.000000e+00
   outer loop
     vertex  6.486074e+01 -4.700976e+01  9.000000e+00
     vertex  6.487803e+01 -4.705011e+01  1.110223e-14
     vertex  6.486074e+01 -4.700976e+01  1.110223e-14
   endloop
 endfacet
 facet normal  9.296754e-01  3.683796e-01  0.000000e+00
   outer loop
     vertex  6.486074e+01 -4.700976e+01  9.000000e+00
     vertex  6.484457e+01 -4.696895e+01  1.110223e-14
     vertex  6.484457e+01 -4.696895e+01  9.000000e+00
   endloop
 endfacet
 facet normal  9.192194e-01  3.937458e-01  0.000000e+00
   outer loop
     vertex  6.487803e+01 -4.705011e+01  9.000000e+00
     vertex  6.487803e+01 -4.705011e+01  1.110223e-14
     vertex  6.486074e+01 -4.700976e+01  9.000000e+00
   endloop
 endfacet
 facet normal  9.080714e-01  4.188155e-01  0.000000e+00
   outer loop
     vertex  6.487803e+01 -4.705011e+01  9.000000e+00
     vertex  6.489642e+01 -4.708997e+01  1.110223e-14
     vertex  6.487803e+01 -4.705011e+01  1.110223e-14
   endloop
 endfacet
 facet normal  9.080714e-01  4.188155e-01  0.000000e+00
   outer loop
     vertex  6.489642e+01 -4.708997e+01  9.000000e+00
     vertex  6.489642e+01 -4.708997e+01  1.110223e-14
     vertex  6.487803e+01 -4.705011e+01  9.000000e+00
   endloop
 endfacet
 facet normal  8.962398e-01  4.435699e-01  0.000000e+00
   outer loop
     vertex  6.489642e+01 -4.708997e+01  9.000000e+00
     vertex  6.491589e+01 -4.712932e+01  1.110223e-14
     vertex  6.489642e+01 -4.708997e+01  1.110223e-14
   endloop
 endfacet
 facet normal  8.962398e-01  4.435699e-01  0.000000e+00
   outer loop
     vertex  6.491589e+01 -4.712932e+01  9.000000e+00
     vertex  6.491589e+01 -4.712932e+01  1.110223e-14
     vertex  6.489642e+01 -4.708997e+01  9.000000e+00
   endloop
 endfacet
 facet normal  8.837335e-01  4.679904e-01  0.000000e+00
   outer loop
     vertex  6.493643e+01 -4.716811e+01  9.000000e+00
     vertex  6.491589e+01 -4.712932e+01  1.110223e-14
     vertex  6.491589e+01 -4.712932e+01  9.000000e+00
   endloop
 endfacet
 facet normal  8.837335e-01  4.679904e-01  0.000000e+00
   outer loop
     vertex  6.493643e+01 -4.716811e+01  9.000000e+00
     vertex  6.493643e+01 -4.716811e+01  1.110223e-14
     vertex  6.491589e+01 -4.712932e+01  1.110223e-14
   endloop
 endfacet
 facet normal  8.705620e-01  4.920587e-01  0.000000e+00
   outer loop
     vertex  6.495803e+01 -4.720633e+01  9.000000e+00
     vertex  6.495803e+01 -4.720633e+01  1.110223e-14
     vertex  6.493643e+01 -4.716811e+01  1.110223e-14
   endloop
 endfacet
 facet normal  8.567352e-01  5.157565e-01  0.000000e+00
   outer loop
     vertex  6.495803e+01 -4.720633e+01  9.000000e+00
     vertex  6.498067e+01 -4.724394e+01  1.110223e-14
     vertex  6.495803e+01 -4.720633e+01  1.110223e-14
   endloop
 endfacet
 facet normal  8.705620e-01  4.920587e-01  0.000000e+00
   outer loop
     vertex  6.495803e+01 -4.720633e+01  9.000000e+00
     vertex  6.493643e+01 -4.716811e+01  1.110223e-14
     vertex  6.493643e+01 -4.716811e+01  9.000000e+00
   endloop
 endfacet
 facet normal  8.567352e-01  5.157565e-01  0.000000e+00
   outer loop
     vertex  6.498067e+01 -4.724394e+01  9.000000e+00
     vertex  6.498067e+01 -4.724394e+01  1.110223e-14
     vertex  6.495803e+01 -4.720633e+01  9.000000e+00
   endloop
 endfacet
 facet normal  8.422635e-01  5.390661e-01  0.000000e+00
   outer loop
     vertex  6.500434e+01 -4.728091e+01  9.000000e+00
     vertex  6.500434e+01 -4.728091e+01  1.110223e-14
     vertex  6.498067e+01 -4.724394e+01  1.110223e-14
   endloop
 endfacet
 facet normal  8.422635e-01  5.390661e-01  0.000000e+00
   outer loop
     vertex  6.500434e+01 -4.728091e+01  9.000000e+00
     vertex  6.498067e+01 -4.724394e+01  1.110223e-14
     vertex  6.498067e+01 -4.724394e+01  9.000000e+00
   endloop
 endfacet
 facet normal  8.271577e-01  5.619699e-01  0.000000e+00
   outer loop
     vertex  6.502901e+01 -4.731722e+01  9.000000e+00
     vertex  6.502901e+01 -4.731722e+01  1.110223e-14
     vertex  6.500434e+01 -4.728091e+01  1.110223e-14
   endloop
 endfacet
 facet normal  8.114292e-01  5.844507e-01  0.000000e+00
   outer loop
     vertex  6.502901e+01 -4.731722e+01  9.000000e+00
     vertex  6.505466e+01 -4.735284e+01  1.110223e-14
     vertex  6.502901e+01 -4.731722e+01  1.110223e-14
   endloop
 endfacet
 facet normal  8.271577e-01  5.619699e-01  0.000000e+00
   outer loop
     vertex  6.502901e+01 -4.731722e+01  9.000000e+00
     vertex  6.500434e+01 -4.728091e+01  1.110223e-14
     vertex  6.500434e+01 -4.728091e+01  9.000000e+00
   endloop
 endfacet
 facet normal  8.114292e-01  5.844507e-01  0.000000e+00
   outer loop
     vertex  6.505466e+01 -4.735284e+01  9.000000e+00
     vertex  6.505466e+01 -4.735284e+01  1.110223e-14
     vertex  6.502901e+01 -4.731722e+01  9.000000e+00
   endloop
 endfacet
 facet normal  7.950900e-01  6.064915e-01  0.000000e+00
   outer loop
     vertex  6.508129e+01 -4.738775e+01  9.000000e+00
     vertex  6.508129e+01 -4.738775e+01  1.110223e-14
     vertex  6.505466e+01 -4.735284e+01  1.110223e-14
   endloop
 endfacet
 facet normal  7.781522e-01  6.280757e-01  0.000000e+00
   outer loop
     vertex  6.508129e+01 -4.738775e+01  9.000000e+00
     vertex  6.510886e+01 -4.742191e+01  1.110223e-14
     vertex  6.508129e+01 -4.738775e+01  1.110223e-14
   endloop
 endfacet
 facet normal  7.950900e-01  6.064915e-01  0.000000e+00
   outer loop
     vertex  6.508129e+01 -4.738775e+01  9.000000e+00
     vertex  6.505466e+01 -4.735284e+01  1.110223e-14
     vertex  6.505466e+01 -4.735284e+01  9.000000e+00
   endloop
 endfacet
 facet normal  7.781522e-01  6.280757e-01  0.000000e+00
   outer loop
     vertex  6.510886e+01 -4.742191e+01  9.000000e+00
     vertex  6.510886e+01 -4.742191e+01  1.110223e-14
     vertex  6.508129e+01 -4.738775e+01  9.000000e+00
   endloop
 endfacet
 facet normal  7.606287e-01  6.491872e-01  0.000000e+00
   outer loop
     vertex  6.513736e+01 -4.745530e+01  9.000000e+00
     vertex  6.513736e+01 -4.745530e+01  1.110223e-14
     vertex  6.510886e+01 -4.742191e+01  1.110223e-14
   endloop
 endfacet
 facet normal  7.606287e-01  6.491872e-01  0.000000e+00
   outer loop
     vertex  6.513736e+01 -4.745530e+01  9.000000e+00
     vertex  6.510886e+01 -4.742191e+01  1.110223e-14
     vertex  6.510886e+01 -4.742191e+01  9.000000e+00
   endloop
 endfacet
 facet normal  7.425325e-01  6.698100e-01  0.000000e+00
   outer loop
     vertex  6.516676e+01 -4.748789e+01  9.000000e+00
     vertex  6.516676e+01 -4.748789e+01  1.110223e-14
     vertex  6.513736e+01 -4.745530e+01  1.110223e-14
   endloop
 endfacet
 facet normal  7.425325e-01  6.698100e-01  0.000000e+00
   outer loop
     vertex  6.516676e+01 -4.748789e+01  9.000000e+00
     vertex  6.513736e+01 -4.745530e+01  1.110223e-14
     vertex  6.513736e+01 -4.745530e+01  9.000000e+00
   endloop
 endfacet
 facet normal  7.238775e-01  6.899286e-01  0.000000e+00
   outer loop
     vertex  6.519705e+01 -4.751967e+01  9.000000e+00
     vertex  6.519705e+01 -4.751967e+01  1.110223e-14
     vertex  6.516676e+01 -4.748789e+01  1.110223e-14
   endloop
 endfacet
 facet normal  7.238775e-01  6.899286e-01  0.000000e+00
   outer loop
     vertex  6.519705e+01 -4.751967e+01  9.000000e+00
     vertex  6.516676e+01 -4.748789e+01  1.110223e-14
     vertex  6.516676e+01 -4.748789e+01  9.000000e+00
   endloop
 endfacet
 facet normal  7.046775e-01  7.095278e-01  0.000000e+00
   outer loop
     vertex  6.522820e+01 -4.755060e+01  9.000000e+00
     vertex  6.522820e+01 -4.755060e+01  1.110223e-14
     vertex  6.519705e+01 -4.751967e+01  1.110223e-14
   endloop
 endfacet
 facet normal  7.046775e-01  7.095278e-01  0.000000e+00
   outer loop
     vertex  6.522820e+01 -4.755060e+01  9.000000e+00
     vertex  6.519705e+01 -4.751967e+01  1.110223e-14
     vertex  6.519705e+01 -4.751967e+01  9.000000e+00
   endloop
 endfacet
 facet normal  6.849470e-01  7.285929e-01  0.000000e+00
   outer loop
     vertex  6.526018e+01 -4.758067e+01  9.000000e+00
     vertex  6.526018e+01 -4.758067e+01  1.110223e-14
     vertex  6.522820e+01 -4.755060e+01  1.110223e-14
   endloop
 endfacet
 facet normal  6.849470e-01  7.285929e-01  0.000000e+00
   outer loop
     vertex  6.526018e+01 -4.758067e+01  9.000000e+00
     vertex  6.522820e+01 -4.755060e+01  1.110223e-14
     vertex  6.522820e+01 -4.755060e+01  9.000000e+00
   endloop
 endfacet
 facet normal  6.647010e-01  7.471095e-01  0.000000e+00
   outer loop
     vertex  6.529298e+01 -4.760985e+01  9.000000e+00
     vertex  6.529298e+01 -4.760985e+01  1.110223e-14
     vertex  6.526018e+01 -4.758067e+01  1.110223e-14
   endloop
 endfacet
 facet normal  6.647010e-01  7.471095e-01  0.000000e+00
   outer loop
     vertex  6.529298e+01 -4.760985e+01  9.000000e+00
     vertex  6.526018e+01 -4.758067e+01  1.110223e-14
     vertex  6.526018e+01 -4.758067e+01  9.000000e+00
   endloop
 endfacet
 facet normal  6.439545e-01  7.650637e-01  0.000000e+00
   outer loop
     vertex  6.532656e+01 -4.763812e+01  9.000000e+00
     vertex  6.532656e+01 -4.763812e+01  1.110223e-14
     vertex  6.529298e+01 -4.760985e+01  1.110223e-14
   endloop
 endfacet
 facet normal  6.439545e-01  7.650637e-01  0.000000e+00
   outer loop
     vertex  6.532656e+01 -4.763812e+01  9.000000e+00
     vertex  6.529298e+01 -4.760985e+01  1.110223e-14
     vertex  6.529298e+01 -4.760985e+01  9.000000e+00
   endloop
 endfacet
 facet normal  6.227234e-01  7.824421e-01  0.000000e+00
   outer loop
     vertex  6.536091e+01 -4.766546e+01  9.000000e+00
     vertex  6.536091e+01 -4.766546e+01  1.110223e-14
     vertex  6.532656e+01 -4.763812e+01  1.110223e-14
   endloop
 endfacet
 facet normal  6.227234e-01  7.824421e-01  0.000000e+00
   outer loop
     vertex  6.536091e+01 -4.766546e+01  9.000000e+00
     vertex  6.532656e+01 -4.763812e+01  1.110223e-14
     vertex  6.532656e+01 -4.763812e+01  9.000000e+00
   endloop
 endfacet
 facet normal  6.010234e-01  7.992314e-01  0.000000e+00
   outer loop
     vertex  6.539600e+01 -4.769184e+01  9.000000e+00
     vertex  6.539600e+01 -4.769184e+01  1.110223e-14
     vertex  6.536091e+01 -4.766546e+01  1.110223e-14
   endloop
 endfacet
 facet normal  6.010234e-01  7.992314e-01  0.000000e+00
   outer loop
     vertex  6.539600e+01 -4.769184e+01  9.000000e+00
     vertex  6.536091e+01 -4.766546e+01  1.110223e-14
     vertex  6.536091e+01 -4.766546e+01  9.000000e+00
   endloop
 endfacet
 facet normal  5.788711e-01  8.154191e-01  0.000000e+00
   outer loop
     vertex  6.543179e+01 -4.771725e+01  9.000000e+00
     vertex  6.543179e+01 -4.771725e+01  1.110223e-14
     vertex  6.539600e+01 -4.769184e+01  1.110223e-14
   endloop
 endfacet
 facet normal  5.788711e-01  8.154191e-01  0.000000e+00
   outer loop
     vertex  6.543179e+01 -4.771725e+01  9.000000e+00
     vertex  6.539600e+01 -4.769184e+01  1.110223e-14
     vertex  6.539600e+01 -4.769184e+01  9.000000e+00
   endloop
 endfacet
 facet normal  5.562829e-01  8.309929e-01  0.000000e+00
   outer loop
     vertex  6.546827e+01 -4.774167e+01  9.000000e+00
     vertex  6.546827e+01 -4.774167e+01  1.110223e-14
     vertex  6.543179e+01 -4.771725e+01  1.110223e-14
   endloop
 endfacet
 facet normal  5.562829e-01  8.309929e-01  0.000000e+00
   outer loop
     vertex  6.546827e+01 -4.774167e+01  9.000000e+00
     vertex  6.543179e+01 -4.771725e+01  1.110223e-14
     vertex  6.543179e+01 -4.771725e+01  9.000000e+00
   endloop
 endfacet
 facet normal  5.332761e-01  8.459413e-01  0.000000e+00
   outer loop
     vertex  6.550541e+01 -4.776508e+01  9.000000e+00
     vertex  6.550541e+01 -4.776508e+01  1.110223e-14
     vertex  6.546827e+01 -4.774167e+01  1.110223e-14
   endloop
 endfacet
 facet normal  5.332761e-01  8.459413e-01  0.000000e+00
   outer loop
     vertex  6.550541e+01 -4.776508e+01  9.000000e+00
     vertex  6.546827e+01 -4.774167e+01  1.110223e-14
     vertex  6.546827e+01 -4.774167e+01  9.000000e+00
   endloop
 endfacet
 facet normal  5.098678e-01  8.602528e-01  0.000000e+00
   outer loop
     vertex  6.554317e+01 -4.778747e+01  9.000000e+00
     vertex  6.554317e+01 -4.778747e+01  1.110223e-14
     vertex  6.550541e+01 -4.776508e+01  1.110223e-14
   endloop
 endfacet
 facet normal  5.098678e-01  8.602528e-01  0.000000e+00
   outer loop
     vertex  6.554317e+01 -4.778747e+01  9.000000e+00
     vertex  6.550541e+01 -4.776508e+01  1.110223e-14
     vertex  6.550541e+01 -4.776508e+01  9.000000e+00
   endloop
 endfacet
 facet normal  4.860756e-01  8.739167e-01  0.000000e+00
   outer loop
     vertex  6.558153e+01 -4.780880e+01  9.000000e+00
     vertex  6.558153e+01 -4.780880e+01  1.110223e-14
     vertex  6.554317e+01 -4.778747e+01  1.110223e-14
   endloop
 endfacet
 facet normal  4.860756e-01  8.739167e-01  0.000000e+00
   outer loop
     vertex  6.558153e+01 -4.780880e+01  9.000000e+00
     vertex  6.554317e+01 -4.778747e+01  1.110223e-14
     vertex  6.554317e+01 -4.778747e+01  9.000000e+00
   endloop
 endfacet
 facet normal  4.619176e-01  8.869228e-01  0.000000e+00
   outer loop
     vertex  6.562047e+01 -4.782908e+01  9.000000e+00
     vertex  6.558153e+01 -4.780880e+01  1.110223e-14
     vertex  6.558153e+01 -4.780880e+01  9.000000e+00
   endloop
 endfacet
 facet normal  4.619176e-01  8.869228e-01  0.000000e+00
   outer loop
     vertex  6.562047e+01 -4.782908e+01  9.000000e+00
     vertex  6.562047e+01 -4.782908e+01  1.110223e-14
     vertex  6.558153e+01 -4.780880e+01  1.110223e-14
   endloop
 endfacet
 facet normal  4.374119e-01  8.992613e-01  0.000000e+00
   outer loop
     vertex  6.565995e+01 -4.784828e+01  9.000000e+00
     vertex  6.562047e+01 -4.782908e+01  1.110223e-14
     vertex  6.562047e+01 -4.782908e+01  9.000000e+00
   endloop
 endfacet
 facet normal  4.374119e-01  8.992613e-01  0.000000e+00
   outer loop
     vertex  6.565995e+01 -4.784828e+01  9.000000e+00
     vertex  6.565995e+01 -4.784828e+01  1.110223e-14
     vertex  6.562047e+01 -4.782908e+01  1.110223e-14
   endloop
 endfacet
 facet normal  4.125769e-01  9.109228e-01  0.000000e+00
   outer loop
     vertex  6.565995e+01 -4.784828e+01  9.000000e+00
     vertex  6.569993e+01 -4.786640e+01  1.110223e-14
     vertex  6.565995e+01 -4.784828e+01  1.110223e-14
   endloop
 endfacet
 facet normal  4.125769e-01  9.109228e-01  0.000000e+00
   outer loop
     vertex  6.569993e+01 -4.786640e+01  9.000000e+00
     vertex  6.569993e+01 -4.786640e+01  1.110223e-14
     vertex  6.565995e+01 -4.784828e+01  9.000000e+00
   endloop
 endfacet
 facet normal  3.874313e-01  9.218986e-01  0.000000e+00
   outer loop
     vertex  6.574040e+01 -4.788340e+01  9.000000e+00
     vertex  6.569993e+01 -4.786640e+01  1.110223e-14
     vertex  6.569993e+01 -4.786640e+01  9.000000e+00
   endloop
 endfacet
 facet normal  3.874313e-01  9.218986e-01  0.000000e+00
   outer loop
     vertex  6.574040e+01 -4.788340e+01  9.000000e+00
     vertex  6.574040e+01 -4.788340e+01  1.110223e-14
     vertex  6.569993e+01 -4.786640e+01  1.110223e-14
   endloop
 endfacet
 facet normal  3.619940e-01  9.321804e-01  0.000000e+00
   outer loop
     vertex  6.578132e+01 -4.789929e+01  9.000000e+00
     vertex  6.574040e+01 -4.788340e+01  1.110223e-14
     vertex  6.574040e+01 -4.788340e+01  9.000000e+00
   endloop
 endfacet
 facet normal  3.619940e-01  9.321804e-01  0.000000e+00
   outer loop
     vertex  6.578132e+01 -4.789929e+01  9.000000e+00
     vertex  6.578132e+01 -4.789929e+01  1.110223e-14
     vertex  6.574040e+01 -4.788340e+01  1.110223e-14
   endloop
 endfacet
 facet normal  3.362843e-01  9.417605e-01  0.000000e+00
   outer loop
     vertex  6.582267e+01 -4.791406e+01  9.000000e+00
     vertex  6.578132e+01 -4.789929e+01  1.110223e-14
     vertex  6.578132e+01 -4.789929e+01  9.000000e+00
   endloop
 endfacet
 facet normal  3.362843e-01  9.417605e-01  0.000000e+00
   outer loop
     vertex  6.582267e+01 -4.791406e+01  9.000000e+00
     vertex  6.582267e+01 -4.791406e+01  1.110223e-14
     vertex  6.578132e+01 -4.789929e+01  1.110223e-14
   endloop
 endfacet
 facet normal  3.103214e-01  9.506317e-01  0.000000e+00
   outer loop
     vertex  6.586440e+01 -4.792768e+01  9.000000e+00
     vertex  6.582267e+01 -4.791406e+01  1.110223e-14
     vertex  6.582267e+01 -4.791406e+01  9.000000e+00
   endloop
 endfacet
 facet normal  3.103214e-01  9.506317e-01  0.000000e+00
   outer loop
     vertex  6.586440e+01 -4.792768e+01  9.000000e+00
     vertex  6.586440e+01 -4.792768e+01  1.110223e-14
     vertex  6.582267e+01 -4.791406e+01  1.110223e-14
   endloop
 endfacet
 facet normal  2.841250e-01  9.587873e-01  0.000000e+00
   outer loop
     vertex  6.590649e+01 -4.794015e+01  9.000000e+00
     vertex  6.586440e+01 -4.792768e+01  1.110223e-14
     vertex  6.586440e+01 -4.792768e+01  9.000000e+00
   endloop
 endfacet
 facet normal  2.841250e-01  9.587873e-01  0.000000e+00
   outer loop
     vertex  6.590649e+01 -4.794015e+01  9.000000e+00
     vertex  6.590649e+01 -4.794015e+01  1.110223e-14
     vertex  6.586440e+01 -4.792768e+01  1.110223e-14
   endloop
 endfacet
 facet normal  2.577146e-01  9.662211e-01  0.000000e+00
   outer loop
     vertex  6.594890e+01 -4.795146e+01  9.000000e+00
     vertex  6.590649e+01 -4.794015e+01  1.110223e-14
     vertex  6.590649e+01 -4.794015e+01  9.000000e+00
   endloop
 endfacet
 facet normal  2.577146e-01  9.662211e-01  0.000000e+00
   outer loop
     vertex  6.594890e+01 -4.795146e+01  9.000000e+00
     vertex  6.594890e+01 -4.795146e+01  1.110223e-14
     vertex  6.590649e+01 -4.794015e+01  1.110223e-14
   endloop
 endfacet
 facet normal  2.311102e-01  9.729276e-01  0.000000e+00
   outer loop
     vertex  6.594890e+01 -4.795146e+01  9.000000e+00
     vertex  6.599161e+01 -4.796161e+01  1.110223e-14
     vertex  6.594890e+01 -4.795146e+01  1.110223e-14
   endloop
 endfacet
 facet normal  2.311102e-01  9.729276e-01  0.000000e+00
   outer loop
     vertex  6.599161e+01 -4.796161e+01  9.000000e+00
     vertex  6.599161e+01 -4.796161e+01  1.110223e-14
     vertex  6.594890e+01 -4.795146e+01  9.000000e+00
   endloop
 endfacet
 facet normal  2.043319e-01  9.789017e-01  0.000000e+00
   outer loop
     vertex  6.603459e+01 -4.797058e+01  9.000000e+00
     vertex  6.599161e+01 -4.796161e+01  1.110223e-14
     vertex  6.599161e+01 -4.796161e+01  9.000000e+00
   endloop
 endfacet
 facet normal  2.043319e-01  9.789017e-01  0.000000e+00
   outer loop
     vertex  6.603459e+01 -4.797058e+01  9.000000e+00
     vertex  6.603459e+01 -4.797058e+01  1.110223e-14
     vertex  6.599161e+01 -4.796161e+01  1.110223e-14
   endloop
 endfacet
 facet normal  1.773998e-01  9.841389e-01  0.000000e+00
   outer loop
     vertex  6.603459e+01 -4.797058e+01  9.000000e+00
     vertex  6.607779e+01 -4.797837e+01  1.110223e-14
     vertex  6.603459e+01 -4.797058e+01  1.110223e-14
   endloop
 endfacet
 facet normal  1.773998e-01  9.841389e-01  0.000000e+00
   outer loop
     vertex  6.607779e+01 -4.797837e+01  9.000000e+00
     vertex  6.607779e+01 -4.797837e+01  1.110223e-14
     vertex  6.603459e+01 -4.797058e+01  9.000000e+00
   endloop
 endfacet
 facet normal  1.503341e-01  9.886353e-01  0.000000e+00
   outer loop
     vertex  6.612119e+01 -4.798497e+01  9.000000e+00
     vertex  6.607779e+01 -4.797837e+01  1.110223e-14
     vertex  6.607779e+01 -4.797837e+01  9.000000e+00
   endloop
 endfacet
 facet normal  1.503341e-01  9.886353e-01  0.000000e+00
   outer loop
     vertex  6.612119e+01 -4.798497e+01  9.000000e+00
     vertex  6.612119e+01 -4.798497e+01  1.110223e-14
     vertex  6.607779e+01 -4.797837e+01  1.110223e-14
   endloop
 endfacet
 facet normal  1.231552e-01  9.923874e-01  0.000000e+00
   outer loop
     vertex  6.616475e+01 -4.799037e+01  9.000000e+00
     vertex  6.612119e+01 -4.798497e+01  1.110223e-14
     vertex  6.612119e+01 -4.798497e+01  9.000000e+00
   endloop
 endfacet
 facet normal  1.231552e-01  9.923874e-01  0.000000e+00
   outer loop
     vertex  6.616475e+01 -4.799037e+01  9.000000e+00
     vertex  6.616475e+01 -4.799037e+01  1.110223e-14
     vertex  6.612119e+01 -4.798497e+01  1.110223e-14
   endloop
 endfacet
 facet normal  9.588368e-02  9.953925e-01  0.000000e+00
   outer loop
     vertex  6.616475e+01 -4.799037e+01  9.000000e+00
     vertex  6.620845e+01 -4.799458e+01  1.110223e-14
     vertex  6.616475e+01 -4.799037e+01  1.110223e-14
   endloop
 endfacet
 facet normal  9.588368e-02  9.953925e-01  0.000000e+00
   outer loop
     vertex  6.620845e+01 -4.799458e+01  9.000000e+00
     vertex  6.620845e+01 -4.799458e+01  1.110223e-14
     vertex  6.616475e+01 -4.799037e+01  9.000000e+00
   endloop
 endfacet
 facet normal  6.853995e-02  9.976484e-01  0.000000e+00
   outer loop
     vertex  6.625224e+01 -4.799759e+01  9.000000e+00
     vertex  6.625224e+01 -4.799759e+01  1.110223e-14
     vertex  6.620845e+01 -4.799458e+01  1.110223e-14
   endloop
 endfacet
 facet normal  4.114462e-02  9.991532e-01  0.000000e+00
   outer loop
     vertex  6.625224e+01 -4.799759e+01  9.000000e+00
     vertex  6.629611e+01 -4.799940e+01  1.110223e-14
     vertex  6.625224e+01 -4.799759e+01  1.110223e-14
   endloop
 endfacet
 facet normal  6.853995e-02  9.976484e-01  0.000000e+00
   outer loop
     vertex  6.625224e+01 -4.799759e+01  9.000000e+00
     vertex  6.620845e+01 -4.799458e+01  1.110223e-14
     vertex  6.620845e+01 -4.799458e+01  9.000000e+00
   endloop
 endfacet
 facet normal  4.114462e-02  9.991532e-01  0.000000e+00
   outer loop
     vertex  6.629611e+01 -4.799940e+01  9.000000e+00
     vertex  6.629611e+01 -4.799940e+01  1.110223e-14
     vertex  6.625224e+01 -4.799759e+01  9.000000e+00
   endloop
 endfacet
 facet normal  1.371831e-02  9.999059e-01  0.000000e+00
   outer loop
     vertex  6.634000e+01 -4.800000e+01  9.000000e+00
     vertex  6.634000e+01 -4.800000e+01  1.110223e-14
     vertex  6.629611e+01 -4.799940e+01  1.110223e-14
   endloop
 endfacet
 facet normal  1.371831e-02  9.999059e-01  0.000000e+00
   outer loop
     vertex  6.634000e+01 -4.800000e+01  9.000000e+00
     vertex  6.629611e+01 -4.799940e+01  1.110223e-14
     vertex  6.629611e+01 -4.799940e+01  9.000000e+00
   endloop
 endfacet
 facet normal  0.000000e+00  1.000000e+00  0.000000e+00
   outer loop
     vertex  5.534000e+01  1.700000e+01  9.000000e+00
     vertex  4.134000e+01  1.700000e+01  4.000000e+00
     vertex  4.134000e+01  1.700000e+01  9.000000e+00
   endloop
 endfacet
 facet normal  0.000000e+00  1.000000e+00  0.000000e+00
   outer loop
     vertex  5.534000e+01  1.700000e+01  9.000000e+00
     vertex  5.534000e+01  1.700000e+01  4.000000e+00
     vertex  4.134000e+01  1.700000e+01  4.000000e+00
   endloop
 endfacet
 facet normal  1.000000e+00 -0.000000e+00  0.000000e+00
   outer loop
     vertex  4.134000e+01  1.700000e+01  4.000000e+00
     vertex  4.134000e+01  3.100000e+01  4.000000e+00
     vertex  4.134000e+01  3.100000e+01  9.000000e+00
   endloop
 endfacet
 facet normal  1.000000e+00  0.000000e+00  0.000000e+00
   outer loop
     vertex  4.134000e+01  1.700000e+01  4.000000e+00
     vertex  4.134000e+01  3.100000e+01  9.000000e+00
     vertex  4.134000e+01  1.700000e+01  9.000000e+00
   endloop
 endfacet
 facet normal -1.000000e+00  0.000000e+00  0.000000e+00
   outer loop
     vertex  5.534000e+01  1.700000e+01  4.000000e+00
     vertex  5.534000e+01  3.100000e+01  9.000000e+00
     vertex  5.534000e+01  3.100000e+01  4.000000e+00
   endloop
 endfacet
 facet normal -1.000000e+00  0.000000e+00  0.000000e+00
   outer loop
     vertex  5.534000e+01  1.700000e+01  4.000000e+00
     vertex  5.534000e+01  1.700000e+01  9.000000e+00
     vertex  5.534000e+01  3.100000e+01  9.000000e+00
   endloop
 endfacet
 facet normal -0.000000e+00 -1.000000e+00  0.000000e+00
   outer loop
     vertex  5.534000e+01  3.100000e+01  9.000000e+00
     vertex  4.134000e+01  3.100000e+01  9.000000e+00
     vertex  4.134000e+01  3.100000e+01  4.000000e+00
   endloop
 endfacet
 facet normal  0.000000e+00 -1.000000e+00 -0.000000e+00
   outer loop
     vertex  5.534000e+01  3.100000e+01  9.000000e+00
     vertex  4.134000e+01  3.100000e+01  4.000000e+00
     vertex  5.534000e+01  3.100000e+01  4.000000e+00
   endloop
 endfacet
 facet normal  0.000000e+00  1.000000e+00  0.000000e+00
   outer loop
     vertex  7.540000e+01 -3.890000e+01  9.000000e+00
     vertex  2.660000e+01 -3.890000e+01  3.950000e+00
     vertex  2.660000e+01 -3.890000e+01  9.000000e+00
   endloop
 endfacet
 facet normal  0.000000e+00  1.000000e+00  0.000000e+00
   outer loop
     vertex  7.540000e+01 -3.890000e+01  9.000000e+00
     vertex  7.540000e+01 -3.890000e+01  3.950000e+00
     vertex  2.660000e+01 -3.890000e+01  3.950000e+00
   endloop
 endfacet
 facet normal  1.000000e+00 -0.000000e+00  0.000000e+00
   outer loop
     vertex  2.660000e+01 -3.890000e+01  3.950000e+00
     vertex  2.660000e+01 -5.100000e+00  3.950000e+00
     vertex  2.660000e+01 -5.100000e+00  9.000000e+00
   endloop
 endfacet
 facet normal  1.000000e+00  0.000000e+00  0.000000e+00
   outer loop
     vertex  2.660000e+01 -3.890000e+01  3.950000e+00
     vertex  2.660000e+01 -5.100000e+00  9.000000e+00
     vertex  2.660000e+01 -3.890000e+01  9.000000e+00
   endloop
 endfacet
 facet normal -1.000000e+00  0.000000e+00  0.000000e+00
   outer loop
     vertex  7.540000e+01 -3.890000e+01  3.950000e+00
     vertex  7.540000e+01 -5.100000e+00  9.000000e+00
     vertex  7.540000e+01 -5.100000e+00  3.950000e+00
   endloop
 endfacet
 facet normal -1.000000e+00  0.000000e+00  0.000000e+00
   outer loop
     vertex  7.540000e+01 -3.890000e+01  3.950000e+00
     vertex  7.540000e+01 -3.890000e+01  9.000000e+00
     vertex  7.540000e+01 -5.100000e+00  9.000000e+00
   endloop
 endfacet
 facet normal -0.000000e+00 -1.000000e+00  0.000000e+00
   outer loop
     vertex  7.540000e+01 -5.100000e+00  9.000000e+00
     vertex  2.660000e+01 -5.100000e+00  9.000000e+00
     vertex  2.660000e+01 -5.100000e+00  3.950000e+00
   endloop
 endfacet
 facet normal  0.000000e+00 -1.000000e+00 -0.000000e+00
   outer loop
     vertex  7.540000e+01 -5.100000e+00  9.000000e+00
     vertex  2.660000e+01 -5.100000e+00  3.950000e+00
     vertex  7.540000e+01 -5.100000e+00  3.950000e+00
   endloop
 endfacet
 facet normal  0.000000e+00 -0.000000e+00  1.000000e+00
   outer loop
     vertex  4.562546e+01  2.658723e+01  4.000000e+00
     vertex  4.569746e+01  2.666073e+01  4.000000e+00
     vertex  4.134000e+01  3.100000e+01  4.000000e+00
   endloop
 endfacet
 facet normal  0.000000e+00  0.000000e+00  1.000000e+00
   outer loop
     vertex  4.577145e+01  2.673222e+01  4.000000e+00
     vertex  4.134000e+01  3.100000e+01  4.000000e+00
     vertex  4.569746e+01  2.666073e+01  4.000000e+00
   endloop
 endfacet
 facet normal  0.000000e+00 -0.000000e+00  1.000000e+00
   outer loop
     vertex  4.555550e+01  2.651179e+01  4.000000e+00
     vertex  4.562546e+01  2.658723e+01  4.000000e+00
     vertex  4.134000e+01  3.100000e+01  4.000000e+00
   endloop
 endfacet
 facet normal  0.000000e+00  0.000000e+00  1.000000e+00
   outer loop
     vertex  4.584737e+01  2.680166e+01  4.000000e+00
     vertex  4.134000e+01  3.100000e+01  4.000000e+00
     vertex  4.577145e+01  2.673222e+01  4.000000e+00
   endloop
 endfacet
 facet normal  0.000000e+00 -0.000000e+00  1.000000e+00
   outer loop
     vertex  4.548764e+01  2.643445e+01  4.000000e+00
     vertex  4.555550e+01  2.651179e+01  4.000000e+00
     vertex  4.134000e+01  3.100000e+01  4.000000e+00
   endloop
 endfacet
 facet normal  0.000000e+00  0.000000e+00  1.000000e+00
   outer loop
     vertex  4.592517e+01  2.686899e+01  4.000000e+00
     vertex  4.134000e+01  3.100000e+01  4.000000e+00
     vertex  4.584737e+01  2.680166e+01  4.000000e+00
   endloop
 endfacet
 facet normal  0.000000e+00 -0.000000e+00  1.000000e+00
   outer loop
     vertex  4.542193e+01  2.635528e+01  4.000000e+00
     vertex  4.548764e+01  2.643445e+01  4.000000e+00
     vertex  4.134000e+01  3.100000e+01  4.000000e+00
   endloop
 endfacet
 facet normal  0.000000e+00  0.000000e+00  1.000000e+00
   outer loop
     vertex  4.600479e+01  2.693416e+01  4.000000e+00
     vertex  4.134000e+01  3.100000e+01  4.000000e+00
     vertex  4.592517e+01  2.686899e+01  4.000000e+00
   endloop
 endfacet
 facet normal  0.000000e+00 -0.000000e+00  1.000000e+00
   outer loop
     vertex  4.535841e+01  2.627434e+01  4.000000e+00
     vertex  4.542193e+01  2.635528e+01  4.000000e+00
     vertex  4.134000e+01  3.100000e+01  4.000000e+00
   endloop
 endfacet
 facet normal  0.000000e+00  0.000000e+00  1.000000e+00
   outer loop
     vertex  4.608616e+01  2.699712e+01  4.000000e+00
     vertex  4.134000e+01  3.100000e+01  4.000000e+00
     vertex  4.600479e+01  2.693416e+01  4.000000e+00
   endloop
 endfacet
 facet normal  0.000000e+00 -0.000000e+00  1.000000e+00
   outer loop
     vertex  4.529714e+01  2.619169e+01  4.000000e+00
     vertex  4.535841e+01  2.627434e+01  4.000000e+00
     vertex  4.134000e+01  3.100000e+01  4.000000e+00
   endloop
 endfacet
 facet normal  0.000000e+00  0.000000e+00  1.000000e+00
   outer loop
     vertex  4.616923e+01  2.705782e+01  4.000000e+00
     vertex  4.134000e+01  3.100000e+01  4.000000e+00
     vertex  4.608616e+01  2.699712e+01  4.000000e+00
   endloop
 endfacet
 facet normal  0.000000e+00 -0.000000e+00  1.000000e+00
   outer loop
     vertex  4.523816e+01  2.610739e+01  4.000000e+00
     vertex  4.529714e+01  2.619169e+01  4.000000e+00
     vertex  4.134000e+01  3.100000e+01  4.000000e+00
   endloop
 endfacet
 facet normal  0.000000e+00  0.000000e+00  1.000000e+00
   outer loop
     vertex  4.625394e+01  2.711622e+01  4.000000e+00
     vertex  4.134000e+01  3.100000e+01  4.000000e+00
     vertex  4.616923e+01  2.705782e+01  4.000000e+00
   endloop
 endfacet
 facet normal  0.000000e+00 -0.000000e+00  1.000000e+00
   outer loop
     vertex  4.518151e+01  2.602150e+01  4.000000e+00
     vertex  4.523816e+01  2.610739e+01  4.000000e+00
     vertex  4.134000e+01  3.100000e+01  4.000000e+00
   endloop
 endfacet
 facet normal  0.000000e+00  0.000000e+00  1.000000e+00
   outer loop
     vertex  4.634021e+01  2.717228e+01  4.000000e+00
     vertex  4.134000e+01  3.100000e+01  4.000000e+00
     vertex  4.625394e+01  2.711622e+01  4.000000e+00
   endloop
 endfacet
 facet normal  0.000000e+00 -0.000000e+00  1.000000e+00
   outer loop
     vertex  4.512724e+01  2.593409e+01  4.000000e+00
     vertex  4.518151e+01  2.602150e+01  4.000000e+00
     vertex  4.134000e+01  3.100000e+01  4.000000e+00
   endloop
 endfacet
 facet normal  0.000000e+00  0.000000e+00  1.000000e+00
   outer loop
     vertex  4.642800e+01  2.722595e+01  4.000000e+00
     vertex  4.134000e+01  3.100000e+01  4.000000e+00
     vertex  4.634021e+01  2.717228e+01  4.000000e+00
   endloop
 endfacet
 facet normal  0.000000e+00 -0.000000e+00  1.000000e+00
   outer loop
     vertex  4.507539e+01  2.584522e+01  4.000000e+00
     vertex  4.512724e+01  2.593409e+01  4.000000e+00
     vertex  4.134000e+01  3.100000e+01  4.000000e+00
   endloop
 endfacet
 facet normal  0.000000e+00  0.000000e+00  1.000000e+00
   outer loop
     vertex  4.651722e+01  2.727719e+01  4.000000e+00
     vertex  4.134000e+01  3.100000e+01  4.000000e+00
     vertex  4.642800e+01  2.722595e+01  4.000000e+00
   endloop
 endfacet
 facet normal  0.000000e+00 -0.000000e+00  1.000000e+00
   outer loop
     vertex  4.502600e+01  2.575496e+01  4.000000e+00
     vertex  4.507539e+01  2.584522e+01  4.000000e+00
     vertex  4.134000e+01  3.100000e+01  4.000000e+00
   endloop
 endfacet
 facet normal  0.000000e+00  0.000000e+00  1.000000e+00
   outer loop
     vertex  4.660781e+01  2.732596e+01  4.000000e+00
     vertex  4.134000e+01  3.100000e+01  4.000000e+00
     vertex  4.651722e+01  2.727719e+01  4.000000e+00
   endloop
 endfacet
 facet normal  0.000000e+00 -0.000000e+00  1.000000e+00
   outer loop
     vertex  4.497910e+01  2.566339e+01  4.000000e+00
     vertex  4.502600e+01  2.575496e+01  4.000000e+00
     vertex  4.134000e+01  3.100000e+01  4.000000e+00
   endloop
 endfacet
 facet normal  0.000000e+00  0.000000e+00  1.000000e+00
   outer loop
     vertex  4.669971e+01  2.737223e+01  4.000000e+00
     vertex  4.134000e+01  3.100000e+01  4.000000e+00
     vertex  4.660781e+01  2.732596e+01  4.000000e+00
   endloop
 endfacet
 facet normal  0.000000e+00 -0.000000e+00  1.000000e+00
   outer loop
     vertex  4.493473e+01  2.557056e+01  4.000000e+00
     vertex  4.497910e+01  2.566339e+01  4.000000e+00
     vertex  4.134000e+01  3.100000e+01  4.000000e+00
   endloop
 endfacet
 facet normal  0.000000e+00  0.000000e+00  1.000000e+00
   outer loop
     vertex  4.679284e+01  2.741596e+01  4.000000e+00
     vertex  4.134000e+01  3.100000e+01  4.000000e+00
     vertex  4.669971e+01  2.737223e+01  4.000000e+00
   endloop
 endfacet
 facet normal  0.000000e+00 -0.000000e+00  1.000000e+00
   outer loop
     vertex  4.489293e+01  2.547655e+01  4.000000e+00
     vertex  4.493473e+01  2.557056e+01  4.000000e+00
     vertex  4.134000e+01  3.100000e+01  4.000000e+00
   endloop
 endfacet
 facet normal  0.000000e+00  0.000000e+00  1.000000e+00
   outer loop
     vertex  4.688713e+01  2.745712e+01  4.000000e+00
     vertex  4.134000e+01  3.100000e+01  4.000000e+00
     vertex  4.679284e+01  2.741596e+01  4.000000e+00
   endloop
 endfacet
 facet normal  0.000000e+00 -0.000000e+00  1.000000e+00
   outer loop
     vertex  4.485372e+01  2.538142e+01  4.000000e+00
     vertex  4.489293e+01  2.547655e+01  4.000000e+00
     vertex  4.134000e+01  3.100000e+01  4.000000e+00
   endloop
 endfacet
 facet normal  0.000000e+00  0.000000e+00  1.000000e+00
   outer loop
     vertex  4.698252e+01  2.749568e+01  4.000000e+00
     vertex  4.134000e+01  3.100000e+01  4.000000e+00
     vertex  4.688713e+01  2.745712e+01  4.000000e+00
   endloop
 endfacet
 facet normal  0.000000e+00 -0.000000e+00  1.000000e+00
   outer loop
     vertex  4.481713e+01  2.528526e+01  4.000000e+00
     vertex  4.485372e+01  2.538142e+01  4.000000e+00
     vertex  4.134000e+01  3.100000e+01  4.000000e+00
   endloop
 endfacet
 facet normal  0.000000e+00  0.000000e+00  1.000000e+00
   outer loop
     vertex  4.707893e+01  2.753160e+01  4.000000e+00
     vertex  4.134000e+01  3.100000e+01  4.000000e+00
     vertex  4.698252e+01  2.749568e+01  4.000000e+00
   endloop
 endfacet
 facet normal  0.000000e+00 -0.000000e+00  1.000000e+00
   outer loop
     vertex  4.478320e+01  2.518813e+01  4.000000e+00
     vertex  4.481713e+01  2.528526e+01  4.000000e+00
     vertex  4.134000e+01  3.100000e+01  4.000000e+00
   endloop
 endfacet
 facet normal  0.000000e+00  0.000000e+00  1.000000e+00
   outer loop
     vertex  4.717629e+01  2.756487e+01  4.000000e+00
     vertex  4.134000e+01  3.100000e+01  4.000000e+00
     vertex  4.707893e+01  2.753160e+01  4.000000e+00
   endloop
 endfacet
 facet normal  0.000000e+00 -0.000000e+00  1.000000e+00
   outer loop
     vertex  4.475194e+01  2.509011e+01  4.000000e+00
     vertex  4.478320e+01  2.518813e+01  4.000000e+00
     vertex  4.134000e+01  3.100000e+01  4.000000e+00
   endloop
 endfacet
 facet normal  0.000000e+00  0.000000e+00  1.000000e+00
   outer loop
     vertex  4.727453e+01  2.759545e+01  4.000000e+00
     vertex  4.134000e+01  3.100000e+01  4.000000e+00
     vertex  4.717629e+01  2.756487e+01  4.000000e+00
   endloop
 endfacet
 facet normal  0.000000e+00 -0.000000e+00  1.000000e+00
   outer loop
     vertex  4.472339e+01  2.499126e+01  4.000000e+00
     vertex  4.475194e+01  2.509011e+01  4.000000e+00
     vertex  4.134000e+01  3.100000e+01  4.000000e+00
   endloop
 endfacet
 facet normal  0.000000e+00  0.000000e+00  1.000000e+00
   outer loop
     vertex  4.737357e+01  2.762333e+01  4.000000e+00
     vertex  4.134000e+01  3.100000e+01  4.000000e+00
     vertex  4.727453e+01  2.759545e+01  4.000000e+00
   endloop
 endfacet
 facet normal  0.000000e+00 -0.000000e+00  1.000000e+00
   outer loop
     vertex  4.469755e+01  2.489167e+01  4.000000e+00
     vertex  4.472339e+01  2.499126e+01  4.000000e+00
     vertex  4.134000e+01  3.100000e+01  4.000000e+00
   endloop
 endfacet
 facet normal  0.000000e+00  0.000000e+00  1.000000e+00
   outer loop
     vertex  4.747334e+01  2.764848e+01  4.000000e+00
     vertex  4.134000e+01  3.100000e+01  4.000000e+00
     vertex  4.737357e+01  2.762333e+01  4.000000e+00
   endloop
 endfacet
 facet normal  0.000000e+00 -0.000000e+00  1.000000e+00
   outer loop
     vertex  4.467446e+01  2.479141e+01  4.000000e+00
     vertex  4.469755e+01  2.489167e+01  4.000000e+00
     vertex  4.134000e+01  3.100000e+01  4.000000e+00
   endloop
 endfacet
 facet normal  0.000000e+00  0.000000e+00  1.000000e+00
   outer loop
     vertex  4.757376e+01  2.767088e+01  4.000000e+00
     vertex  4.134000e+01  3.100000e+01  4.000000e+00
     vertex  4.747334e+01  2.764848e+01  4.000000e+00
   endloop
 endfacet
 facet normal  0.000000e+00 -0.000000e+00  1.000000e+00
   outer loop
     vertex  4.465413e+01  2.469055e+01  4.000000e+00
     vertex  4.467446e+01  2.479141e+01  4.000000e+00
     vertex  4.134000e+01  3.100000e+01  4.000000e+00
   endloop
 endfacet
 facet normal  0.000000e+00  0.000000e+00  1.000000e+00
   outer loop
     vertex  4.767475e+01  2.769052e+01  4.000000e+00
     vertex  4.134000e+01  3.100000e+01  4.000000e+00
     vertex  4.757376e+01  2.767088e+01  4.000000e+00
   endloop
 endfacet
 facet normal  0.000000e+00 -0.000000e+00  1.000000e+00
   outer loop
     vertex  4.463657e+01  2.458917e+01  4.000000e+00
     vertex  4.465413e+01  2.469055e+01  4.000000e+00
     vertex  4.134000e+01  3.100000e+01  4.000000e+00
   endloop
 endfacet
 facet normal  0.000000e+00  0.000000e+00  1.000000e+00
   outer loop
     vertex  4.777625e+01  2.770738e+01  4.000000e+00
     vertex  4.134000e+01  3.100000e+01  4.000000e+00
     vertex  4.767475e+01  2.769052e+01  4.000000e+00
   endloop
 endfacet
 facet normal  0.000000e+00 -0.000000e+00  1.000000e+00
   outer loop
     vertex  4.462180e+01  2.448735e+01  4.000000e+00
     vertex  4.463657e+01  2.458917e+01  4.000000e+00
     vertex  4.134000e+01  3.100000e+01  4.000000e+00
   endloop
 endfacet
 facet normal  0.000000e+00  0.000000e+00  1.000000e+00
   outer loop
     vertex  4.787817e+01  2.772145e+01  4.000000e+00
     vertex  4.134000e+01  3.100000e+01  4.000000e+00
     vertex  4.777625e+01  2.770738e+01  4.000000e+00
   endloop
 endfacet
 facet normal  0.000000e+00 -0.000000e+00  1.000000e+00
   outer loop
     vertex  4.460983e+01  2.438516e+01  4.000000e+00
     vertex  4.462180e+01  2.448735e+01  4.000000e+00
     vertex  4.134000e+01  3.100000e+01  4.000000e+00
   endloop
 endfacet
 facet normal  0.000000e+00  0.000000e+00  1.000000e+00
   outer loop
     vertex  4.798044e+01  2.773272e+01  4.000000e+00
     vertex  4.134000e+01  3.100000e+01  4.000000e+00
     vertex  4.787817e+01  2.772145e+01  4.000000e+00
   endloop
 endfacet
 facet normal  0.000000e+00 -0.000000e+00  1.000000e+00
   outer loop
     vertex  4.460067e+01  2.428268e+01  4.000000e+00
     vertex  4.460983e+01  2.438516e+01  4.000000e+00
     vertex  4.134000e+01  3.100000e+01  4.000000e+00
   endloop
 endfacet
 facet normal  0.000000e+00  0.000000e+00  1.000000e+00
   outer loop
     vertex  4.808298e+01  2.774118e+01  4.000000e+00
     vertex  4.134000e+01  3.100000e+01  4.000000e+00
     vertex  4.798044e+01  2.773272e+01  4.000000e+00
   endloop
 endfacet
 facet normal  0.000000e+00 -0.000000e+00  1.000000e+00
   outer loop
     vertex  4.459432e+01  2.417999e+01  4.000000e+00
     vertex  4.460067e+01  2.428268e+01  4.000000e+00
     vertex  4.134000e+01  3.100000e+01  4.000000e+00
   endloop
 endfacet
 facet normal  0.000000e+00  0.000000e+00  1.000000e+00
   outer loop
     vertex  4.818571e+01  2.774682e+01  4.000000e+00
     vertex  4.134000e+01  3.100000e+01  4.000000e+00
     vertex  4.808298e+01  2.774118e+01  4.000000e+00
   endloop
 endfacet
 facet normal  0.000000e+00 -0.000000e+00  1.000000e+00
   outer loop
     vertex  4.459079e+01  2.407716e+01  4.000000e+00
     vertex  4.459432e+01  2.417999e+01  4.000000e+00
     vertex  4.134000e+01  3.100000e+01  4.000000e+00
   endloop
 endfacet
 facet normal  0.000000e+00  0.000000e+00  1.000000e+00
   outer loop
     vertex  4.828856e+01  2.774965e+01  4.000000e+00
     vertex  4.134000e+01  3.100000e+01  4.000000e+00
     vertex  4.818571e+01  2.774682e+01  4.000000e+00
   endloop
 endfacet
 facet normal  1.811944e-14  8.508445e-15  1.000000e+00
   outer loop
     vertex  4.459009e+01  2.397428e+01  4.000000e+00
     vertex  4.459079e+01  2.407716e+01  4.000000e+00
     vertex  4.134000e+01  3.100000e+01  4.000000e+00
   endloop
 endfacet
 facet normal  0.000000e+00  0.000000e+00  1.000000e+00
   outer loop
     vertex  4.839144e+01  2.774965e+01  4.000000e+00
     vertex  4.134000e+01  3.100000e+01  4.000000e+00
     vertex  4.828856e+01  2.774965e+01  4.000000e+00
   endloop
 endfacet
 facet normal  0.000000e+00  0.000000e+00  1.000000e+00
   outer loop
     vertex  4.134000e+01  1.700000e+01  4.000000e+00
     vertex  4.552131e+01  2.152665e+01  4.000000e+00
     vertex  4.545451e+01  2.160491e+01  4.000000e+00
   endloop
 endfacet
 facet normal  0.000000e+00  0.000000e+00  1.000000e+00
   outer loop
     vertex  4.134000e+01  1.700000e+01  4.000000e+00
     vertex  4.559022e+01  2.145025e+01  4.000000e+00
     vertex  4.552131e+01  2.152665e+01  4.000000e+00
   endloop
 endfacet
 facet normal  0.000000e+00  0.000000e+00  1.000000e+00
   outer loop
     vertex  4.134000e+01  1.700000e+01  4.000000e+00
     vertex  4.566121e+01  2.137577e+01  4.000000e+00
     vertex  4.559022e+01  2.145025e+01  4.000000e+00
   endloop
 endfacet
 facet normal -1.361370e-16  6.344132e-17  1.000000e+00
   outer loop
     vertex  4.134000e+01  1.700000e+01  4.000000e+00
     vertex  4.459009e+01  2.397428e+01  4.000000e+00
     vertex  4.134000e+01  3.100000e+01  4.000000e+00
   endloop
 endfacet
 facet normal  0.000000e+00  0.000000e+00  1.000000e+00
   outer loop
     vertex  4.134000e+01  1.700000e+01  4.000000e+00
     vertex  4.459221e+01  2.387141e+01  4.000000e+00
     vertex  4.459009e+01  2.397428e+01  4.000000e+00
   endloop
 endfacet
 facet normal  0.000000e+00  0.000000e+00  1.000000e+00
   outer loop
     vertex  4.134000e+01  1.700000e+01  4.000000e+00
     vertex  4.459714e+01  2.376864e+01  4.000000e+00
     vertex  4.459221e+01  2.387141e+01  4.000000e+00
   endloop
 endfacet
 facet normal  0.000000e+00  0.000000e+00  1.000000e+00
   outer loop
     vertex  4.134000e+01  1.700000e+01  4.000000e+00
     vertex  4.460490e+01  2.366605e+01  4.000000e+00
     vertex  4.459714e+01  2.376864e+01  4.000000e+00
   endloop
 endfacet
 facet normal  0.000000e+00  0.000000e+00  1.000000e+00
   outer loop
     vertex  4.134000e+01  1.700000e+01  4.000000e+00
     vertex  4.461547e+01  2.356371e+01  4.000000e+00
     vertex  4.460490e+01  2.366605e+01  4.000000e+00
   endloop
 endfacet
 facet normal  0.000000e+00  0.000000e+00  1.000000e+00
   outer loop
     vertex  4.134000e+01  1.700000e+01  4.000000e+00
     vertex  4.462884e+01  2.346169e+01  4.000000e+00
     vertex  4.461547e+01  2.356371e+01  4.000000e+00
   endloop
 endfacet
 facet normal  0.000000e+00  0.000000e+00  1.000000e+00
   outer loop
     vertex  4.134000e+01  1.700000e+01  4.000000e+00
     vertex  4.464500e+01  2.336008e+01  4.000000e+00
     vertex  4.462884e+01  2.346169e+01  4.000000e+00
   endloop
 endfacet
 facet normal  0.000000e+00  0.000000e+00  1.000000e+00
   outer loop
     vertex  4.134000e+01  1.700000e+01  4.000000e+00
     vertex  4.466395e+01  2.325895e+01  4.000000e+00
     vertex  4.464500e+01  2.336008e+01  4.000000e+00
   endloop
 endfacet
 facet normal  0.000000e+00  0.000000e+00  1.000000e+00
   outer loop
     vertex  4.134000e+01  1.700000e+01  4.000000e+00
     vertex  4.468566e+01  2.315838e+01  4.000000e+00
     vertex  4.466395e+01  2.325895e+01  4.000000e+00
   endloop
 endfacet
 facet normal  0.000000e+00  0.000000e+00  1.000000e+00
   outer loop
     vertex  4.134000e+01  1.700000e+01  4.000000e+00
     vertex  4.471013e+01  2.305845e+01  4.000000e+00
     vertex  4.468566e+01  2.315838e+01  4.000000e+00
   endloop
 endfacet
 facet normal  0.000000e+00  0.000000e+00  1.000000e+00
   outer loop
     vertex  4.134000e+01  1.700000e+01  4.000000e+00
     vertex  4.473732e+01  2.295922e+01  4.000000e+00
     vertex  4.471013e+01  2.305845e+01  4.000000e+00
   endloop
 endfacet
 facet normal  0.000000e+00  0.000000e+00  1.000000e+00
   outer loop
     vertex  4.134000e+01  1.700000e+01  4.000000e+00
     vertex  4.476723e+01  2.286077e+01  4.000000e+00
     vertex  4.473732e+01  2.295922e+01  4.000000e+00
   endloop
 endfacet
 facet normal  0.000000e+00  0.000000e+00  1.000000e+00
   outer loop
     vertex  4.134000e+01  1.700000e+01  4.000000e+00
     vertex  4.479983e+01  2.276319e+01  4.000000e+00
     vertex  4.476723e+01  2.286077e+01  4.000000e+00
   endloop
 endfacet
 facet normal  0.000000e+00  0.000000e+00  1.000000e+00
   outer loop
     vertex  4.134000e+01  1.700000e+01  4.000000e+00
     vertex  4.483509e+01  2.266653e+01  4.000000e+00
     vertex  4.479983e+01  2.276319e+01  4.000000e+00
   endloop
 endfacet
 facet normal  0.000000e+00  0.000000e+00  1.000000e+00
   outer loop
     vertex  4.134000e+01  1.700000e+01  4.000000e+00
     vertex  4.487300e+01  2.257088e+01  4.000000e+00
     vertex  4.483509e+01  2.266653e+01  4.000000e+00
   endloop
 endfacet
 facet normal  0.000000e+00  0.000000e+00  1.000000e+00
   outer loop
     vertex  4.134000e+01  1.700000e+01  4.000000e+00
     vertex  4.491351e+01  2.247630e+01  4.000000e+00
     vertex  4.487300e+01  2.257088e+01  4.000000e+00
   endloop
 endfacet
 facet normal  0.000000e+00  0.000000e+00  1.000000e+00
   outer loop
     vertex  4.134000e+01  1.700000e+01  4.000000e+00
     vertex  4.495660e+01  2.238288e+01  4.000000e+00
     vertex  4.491351e+01  2.247630e+01  4.000000e+00
   endloop
 endfacet
 facet normal  0.000000e+00  0.000000e+00  1.000000e+00
   outer loop
     vertex  4.134000e+01  1.700000e+01  4.000000e+00
     vertex  4.500224e+01  2.229066e+01  4.000000e+00
     vertex  4.495660e+01  2.238288e+01  4.000000e+00
   endloop
 endfacet
 facet normal  0.000000e+00  0.000000e+00  1.000000e+00
   outer loop
     vertex  4.134000e+01  1.700000e+01  4.000000e+00
     vertex  4.505039e+01  2.219974e+01  4.000000e+00
     vertex  4.500224e+01  2.229066e+01  4.000000e+00
   endloop
 endfacet
 facet normal  0.000000e+00  0.000000e+00  1.000000e+00
   outer loop
     vertex  4.134000e+01  1.700000e+01  4.000000e+00
     vertex  4.510101e+01  2.211017e+01  4.000000e+00
     vertex  4.505039e+01  2.219974e+01  4.000000e+00
   endloop
 endfacet
 facet normal  0.000000e+00  0.000000e+00  1.000000e+00
   outer loop
     vertex  4.134000e+01  1.700000e+01  4.000000e+00
     vertex  4.515408e+01  2.202202e+01  4.000000e+00
     vertex  4.510101e+01  2.211017e+01  4.000000e+00
   endloop
 endfacet
 facet normal  0.000000e+00  0.000000e+00  1.000000e+00
   outer loop
     vertex  4.134000e+01  1.700000e+01  4.000000e+00
     vertex  4.520954e+01  2.193536e+01  4.000000e+00
     vertex  4.515408e+01  2.202202e+01  4.000000e+00
   endloop
 endfacet
 facet normal  0.000000e+00  0.000000e+00  1.000000e+00
   outer loop
     vertex  4.134000e+01  1.700000e+01  4.000000e+00
     vertex  4.526736e+01  2.185026e+01  4.000000e+00
     vertex  4.520954e+01  2.193536e+01  4.000000e+00
   endloop
 endfacet
 facet normal  0.000000e+00  0.000000e+00  1.000000e+00
   outer loop
     vertex  4.134000e+01  1.700000e+01  4.000000e+00
     vertex  4.532749e+01  2.176677e+01  4.000000e+00
     vertex  4.526736e+01  2.185026e+01  4.000000e+00
   endloop
 endfacet
 facet normal  0.000000e+00  0.000000e+00  1.000000e+00
   outer loop
     vertex  4.134000e+01  1.700000e+01  4.000000e+00
     vertex  4.538989e+01  2.168497e+01  4.000000e+00
     vertex  4.532749e+01  2.176677e+01  4.000000e+00
   endloop
 endfacet
 facet normal  0.000000e+00  0.000000e+00  1.000000e+00
   outer loop
     vertex  4.134000e+01  1.700000e+01  4.000000e+00
     vertex  4.545451e+01  2.160491e+01  4.000000e+00
     vertex  4.538989e+01  2.168497e+01  4.000000e+00
   endloop
 endfacet
 facet normal  0.000000e+00  0.000000e+00  1.000000e+00
   outer loop
     vertex  5.534000e+01  3.100000e+01  4.000000e+00
     vertex  5.007219e+01  2.732596e+01  4.000000e+00
     vertex  5.016278e+01  2.727719e+01  4.000000e+00
   endloop
 endfacet
 facet normal  0.000000e+00  0.000000e+00  1.000000e+00
   outer loop
     vertex  5.534000e+01  3.100000e+01  4.000000e+00
     vertex  4.998029e+01  2.737223e+01  4.000000e+00
     vertex  5.007219e+01  2.732596e+01  4.000000e+00
   endloop
 endfacet
 facet normal  0.000000e+00  0.000000e+00  1.000000e+00
   outer loop
     vertex  5.534000e+01  3.100000e+01  4.000000e+00
     vertex  4.988716e+01  2.741596e+01  4.000000e+00
     vertex  4.998029e+01  2.737223e+01  4.000000e+00
   endloop
 endfacet
 facet normal  0.000000e+00  0.000000e+00  1.000000e+00
   outer loop
     vertex  5.534000e+01  3.100000e+01  4.000000e+00
     vertex  4.979287e+01  2.745712e+01  4.000000e+00
     vertex  4.988716e+01  2.741596e+01  4.000000e+00
   endloop
 endfacet
 facet normal  0.000000e+00  0.000000e+00  1.000000e+00
   outer loop
     vertex  5.534000e+01  3.100000e+01  4.000000e+00
     vertex  4.969748e+01  2.749568e+01  4.000000e+00
     vertex  4.979287e+01  2.745712e+01  4.000000e+00
   endloop
 endfacet
 facet normal  0.000000e+00  0.000000e+00  1.000000e+00
   outer loop
     vertex  5.534000e+01  3.100000e+01  4.000000e+00
     vertex  4.960107e+01  2.753160e+01  4.000000e+00
     vertex  4.969748e+01  2.749568e+01  4.000000e+00
   endloop
 endfacet
 facet normal  0.000000e+00  0.000000e+00  1.000000e+00
   outer loop
     vertex  5.534000e+01  3.100000e+01  4.000000e+00
     vertex  4.950371e+01  2.756487e+01  4.000000e+00
     vertex  4.960107e+01  2.753160e+01  4.000000e+00
   endloop
 endfacet
 facet normal  0.000000e+00  0.000000e+00  1.000000e+00
   outer loop
     vertex  5.534000e+01  3.100000e+01  4.000000e+00
     vertex  4.940547e+01  2.759545e+01  4.000000e+00
     vertex  4.950371e+01  2.756487e+01  4.000000e+00
   endloop
 endfacet
 facet normal  0.000000e+00  0.000000e+00  1.000000e+00
   outer loop
     vertex  5.534000e+01  3.100000e+01  4.000000e+00
     vertex  4.930643e+01  2.762333e+01  4.000000e+00
     vertex  4.940547e+01  2.759545e+01  4.000000e+00
   endloop
 endfacet
 facet normal  0.000000e+00  0.000000e+00  1.000000e+00
   outer loop
     vertex  5.534000e+01  3.100000e+01  4.000000e+00
     vertex  4.920666e+01  2.764848e+01  4.000000e+00
     vertex  4.930643e+01  2.762333e+01  4.000000e+00
   endloop
 endfacet
 facet normal  0.000000e+00  0.000000e+00  1.000000e+00
   outer loop
     vertex  5.534000e+01  3.100000e+01  4.000000e+00
     vertex  4.910624e+01  2.767088e+01  4.000000e+00
     vertex  4.920666e+01  2.764848e+01  4.000000e+00
   endloop
 endfacet
 facet normal  0.000000e+00  0.000000e+00  1.000000e+00
   outer loop
     vertex  5.534000e+01  3.100000e+01  4.000000e+00
     vertex  4.900525e+01  2.769052e+01  4.000000e+00
     vertex  4.910624e+01  2.767088e+01  4.000000e+00
   endloop
 endfacet
 facet normal  0.000000e+00  0.000000e+00  1.000000e+00
   outer loop
     vertex  5.534000e+01  3.100000e+01  4.000000e+00
     vertex  4.890375e+01  2.770738e+01  4.000000e+00
     vertex  4.900525e+01  2.769052e+01  4.000000e+00
   endloop
 endfacet
 facet normal  0.000000e+00  0.000000e+00  1.000000e+00
   outer loop
     vertex  5.534000e+01  3.100000e+01  4.000000e+00
     vertex  4.880183e+01  2.772145e+01  4.000000e+00
     vertex  4.890375e+01  2.770738e+01  4.000000e+00
   endloop
 endfacet
 facet normal  0.000000e+00  0.000000e+00  1.000000e+00
   outer loop
     vertex  5.534000e+01  3.100000e+01  4.000000e+00
     vertex  4.869956e+01  2.773272e+01  4.000000e+00
     vertex  4.880183e+01  2.772145e+01  4.000000e+00
   endloop
 endfacet
 facet normal  0.000000e+00  0.000000e+00  1.000000e+00
   outer loop
     vertex  5.534000e+01  3.100000e+01  4.000000e+00
     vertex  4.859702e+01  2.774118e+01  4.000000e+00
     vertex  4.869956e+01  2.773272e+01  4.000000e+00
   endloop
 endfacet
 facet normal  0.000000e+00  0.000000e+00  1.000000e+00
   outer loop
     vertex  5.534000e+01  3.100000e+01  4.000000e+00
     vertex  4.849429e+01  2.774682e+01  4.000000e+00
     vertex  4.859702e+01  2.774118e+01  4.000000e+00
   endloop
 endfacet
 facet normal  0.000000e+00  0.000000e+00  1.000000e+00
   outer loop
     vertex  5.534000e+01  3.100000e+01  4.000000e+00
     vertex  4.839144e+01  2.774965e+01  4.000000e+00
     vertex  4.849429e+01  2.774682e+01  4.000000e+00
   endloop
 endfacet
 facet normal  0.000000e+00  0.000000e+00  1.000000e+00
   outer loop
     vertex  5.534000e+01  3.100000e+01  4.000000e+00
     vertex  4.134000e+01  3.100000e+01  4.000000e+00
     vertex  4.839144e+01  2.774965e+01  4.000000e+00
   endloop
 endfacet
 facet normal  0.000000e+00  0.000000e+00  1.000000e+00
   outer loop
     vertex  5.534000e+01  3.100000e+01  4.000000e+00
     vertex  5.090855e+01  2.673222e+01  4.000000e+00
     vertex  5.098254e+01  2.666073e+01  4.000000e+00
   endloop
 endfacet
 facet normal  0.000000e+00  0.000000e+00  1.000000e+00
   outer loop
     vertex  5.534000e+01  3.100000e+01  4.000000e+00
     vertex  5.083263e+01  2.680166e+01  4.000000e+00
     vertex  5.090855e+01  2.673222e+01  4.000000e+00
   endloop
 endfacet
 facet normal  0.000000e+00  0.000000e+00  1.000000e+00
   outer loop
     vertex  5.534000e+01  3.100000e+01  4.000000e+00
     vertex  5.075483e+01  2.686899e+01  4.000000e+00
     vertex  5.083263e+01  2.680166e+01  4.000000e+00
   endloop
 endfacet
 facet normal  0.000000e+00  0.000000e+00  1.000000e+00
   outer loop
     vertex  5.534000e+01  3.100000e+01  4.000000e+00
     vertex  5.067521e+01  2.693416e+01  4.000000e+00
     vertex  5.075483e+01  2.686899e+01  4.000000e+00
   endloop
 endfacet
 facet normal  0.000000e+00  0.000000e+00  1.000000e+00
   outer loop
     vertex  5.534000e+01  3.100000e+01  4.000000e+00
     vertex  5.059384e+01  2.699712e+01  4.000000e+00
     vertex  5.067521e+01  2.693416e+01  4.000000e+00
   endloop
 endfacet
 facet normal  0.000000e+00  0.000000e+00  1.000000e+00
   outer loop
     vertex  5.534000e+01  3.100000e+01  4.000000e+00
     vertex  5.051077e+01  2.705782e+01  4.000000e+00
     vertex  5.059384e+01  2.699712e+01  4.000000e+00
   endloop
 endfacet
 facet normal  0.000000e+00  0.000000e+00  1.000000e+00
   outer loop
     vertex  5.534000e+01  3.100000e+01  4.000000e+00
     vertex  5.042606e+01  2.711622e+01  4.000000e+00
     vertex  5.051077e+01  2.705782e+01  4.000000e+00
   endloop
 endfacet
 facet normal  0.000000e+00  0.000000e+00  1.000000e+00
   outer loop
     vertex  5.534000e+01  3.100000e+01  4.000000e+00
     vertex  5.033979e+01  2.717228e+01  4.000000e+00
     vertex  5.042606e+01  2.711622e+01  4.000000e+00
   endloop
 endfacet
 facet normal  0.000000e+00  0.000000e+00  1.000000e+00
   outer loop
     vertex  5.534000e+01  3.100000e+01  4.000000e+00
     vertex  5.025200e+01  2.722595e+01  4.000000e+00
     vertex  5.033979e+01  2.717228e+01  4.000000e+00
   endloop
 endfacet
 facet normal  0.000000e+00  0.000000e+00  1.000000e+00
   outer loop
     vertex  5.534000e+01  3.100000e+01  4.000000e+00
     vertex  5.016278e+01  2.727719e+01  4.000000e+00
     vertex  5.025200e+01  2.722595e+01  4.000000e+00
   endloop
 endfacet
 facet normal  0.000000e+00  0.000000e+00  1.000000e+00
   outer loop
     vertex  4.573421e+01  2.130327e+01  4.000000e+00
     vertex  4.566121e+01  2.137577e+01  4.000000e+00
     vertex  4.134000e+01  1.700000e+01  4.000000e+00
   endloop
 endfacet
 facet normal  0.000000e+00 -0.000000e+00  1.000000e+00
   outer loop
     vertex  5.105454e+01  2.658723e+01  4.000000e+00
     vertex  5.534000e+01  3.100000e+01  4.000000e+00
     vertex  5.098254e+01  2.666073e+01  4.000000e+00
   endloop
 endfacet
 facet normal  0.000000e+00  0.000000e+00  1.000000e+00
   outer loop
     vertex  4.580917e+01  2.123280e+01  4.000000e+00
     vertex  4.573421e+01  2.130327e+01  4.000000e+00
     vertex  4.134000e+01  1.700000e+01  4.000000e+00
   endloop
 endfacet
 facet normal  0.000000e+00 -0.000000e+00  1.000000e+00
   outer loop
     vertex  5.112450e+01  2.651179e+01  4.000000e+00
     vertex  5.534000e+01  3.100000e+01  4.000000e+00
     vertex  5.105454e+01  2.658723e+01  4.000000e+00
   endloop
 endfacet
 facet normal  0.000000e+00  0.000000e+00  1.000000e+00
   outer loop
     vertex  4.588604e+01  2.116441e+01  4.000000e+00
     vertex  4.580917e+01  2.123280e+01  4.000000e+00
     vertex  4.134000e+01  1.700000e+01  4.000000e+00
   endloop
 endfacet
 facet normal  0.000000e+00 -0.000000e+00  1.000000e+00
   outer loop
     vertex  5.119236e+01  2.643445e+01  4.000000e+00
     vertex  5.534000e+01  3.100000e+01  4.000000e+00
     vertex  5.112450e+01  2.651179e+01  4.000000e+00
   endloop
 endfacet
 facet normal  0.000000e+00  0.000000e+00  1.000000e+00
   outer loop
     vertex  4.596476e+01  2.109815e+01  4.000000e+00
     vertex  4.588604e+01  2.116441e+01  4.000000e+00
     vertex  4.134000e+01  1.700000e+01  4.000000e+00
   endloop
 endfacet
 facet normal  0.000000e+00 -0.000000e+00  1.000000e+00
   outer loop
     vertex  5.125807e+01  2.635528e+01  4.000000e+00
     vertex  5.534000e+01  3.100000e+01  4.000000e+00
     vertex  5.119236e+01  2.643445e+01  4.000000e+00
   endloop
 endfacet
 facet normal  0.000000e+00  0.000000e+00  1.000000e+00
   outer loop
     vertex  4.604526e+01  2.103408e+01  4.000000e+00
     vertex  4.596476e+01  2.109815e+01  4.000000e+00
     vertex  4.134000e+01  1.700000e+01  4.000000e+00
   endloop
 endfacet
 facet normal  0.000000e+00 -0.000000e+00  1.000000e+00
   outer loop
     vertex  5.132159e+01  2.627434e+01  4.000000e+00
     vertex  5.534000e+01  3.100000e+01  4.000000e+00
     vertex  5.125807e+01  2.635528e+01  4.000000e+00
   endloop
 endfacet
 facet normal  0.000000e+00  0.000000e+00  1.000000e+00
   outer loop
     vertex  4.612749e+01  2.097225e+01  4.000000e+00
     vertex  4.604526e+01  2.103408e+01  4.000000e+00
     vertex  4.134000e+01  1.700000e+01  4.000000e+00
   endloop
 endfacet
 facet normal  0.000000e+00 -0.000000e+00  1.000000e+00
   outer loop
     vertex  5.138286e+01  2.619169e+01  4.000000e+00
     vertex  5.534000e+01  3.100000e+01  4.000000e+00
     vertex  5.132159e+01  2.627434e+01  4.000000e+00
   endloop
 endfacet
 facet normal  0.000000e+00  0.000000e+00  1.000000e+00
   outer loop
     vertex  4.621139e+01  2.091269e+01  4.000000e+00
     vertex  4.612749e+01  2.097225e+01  4.000000e+00
     vertex  4.134000e+01  1.700000e+01  4.000000e+00
   endloop
 endfacet
 facet normal  0.000000e+00 -0.000000e+00  1.000000e+00
   outer loop
     vertex  5.144184e+01  2.610739e+01  4.000000e+00
     vertex  5.534000e+01  3.100000e+01  4.000000e+00
     vertex  5.138286e+01  2.619169e+01  4.000000e+00
   endloop
 endfacet
 facet normal  0.000000e+00  0.000000e+00  1.000000e+00
   outer loop
     vertex  4.629688e+01  2.085545e+01  4.000000e+00
     vertex  4.621139e+01  2.091269e+01  4.000000e+00
     vertex  4.134000e+01  1.700000e+01  4.000000e+00
   endloop
 endfacet
 facet normal  0.000000e+00 -0.000000e+00  1.000000e+00
   outer loop
     vertex  5.149849e+01  2.602150e+01  4.000000e+00
     vertex  5.534000e+01  3.100000e+01  4.000000e+00
     vertex  5.144184e+01  2.610739e+01  4.000000e+00
   endloop
 endfacet
 facet normal  0.000000e+00  0.000000e+00  1.000000e+00
   outer loop
     vertex  4.638392e+01  2.080059e+01  4.000000e+00
     vertex  4.629688e+01  2.085545e+01  4.000000e+00
     vertex  4.134000e+01  1.700000e+01  4.000000e+00
   endloop
 endfacet
 facet normal  0.000000e+00 -0.000000e+00  1.000000e+00
   outer loop
     vertex  5.155276e+01  2.593409e+01  4.000000e+00
     vertex  5.534000e+01  3.100000e+01  4.000000e+00
     vertex  5.149849e+01  2.602150e+01  4.000000e+00
   endloop
 endfacet
 facet normal  0.000000e+00  0.000000e+00  1.000000e+00
   outer loop
     vertex  4.647243e+01  2.074813e+01  4.000000e+00
     vertex  4.638392e+01  2.080059e+01  4.000000e+00
     vertex  4.134000e+01  1.700000e+01  4.000000e+00
   endloop
 endfacet
 facet normal  0.000000e+00 -0.000000e+00  1.000000e+00
   outer loop
     vertex  5.160461e+01  2.584522e+01  4.000000e+00
     vertex  5.534000e+01  3.100000e+01  4.000000e+00
     vertex  5.155276e+01  2.593409e+01  4.000000e+00
   endloop
 endfacet
 facet normal  0.000000e+00  0.000000e+00  1.000000e+00
   outer loop
     vertex  4.656235e+01  2.069812e+01  4.000000e+00
     vertex  4.647243e+01  2.074813e+01  4.000000e+00
     vertex  4.134000e+01  1.700000e+01  4.000000e+00
   endloop
 endfacet
 facet normal  0.000000e+00 -0.000000e+00  1.000000e+00
   outer loop
     vertex  5.165400e+01  2.575496e+01  4.000000e+00
     vertex  5.534000e+01  3.100000e+01  4.000000e+00
     vertex  5.160461e+01  2.584522e+01  4.000000e+00
   endloop
 endfacet
 facet normal  0.000000e+00  0.000000e+00  1.000000e+00
   outer loop
     vertex  4.665360e+01  2.065059e+01  4.000000e+00
     vertex  4.656235e+01  2.069812e+01  4.000000e+00
     vertex  4.134000e+01  1.700000e+01  4.000000e+00
   endloop
 endfacet
 facet normal  0.000000e+00 -0.000000e+00  1.000000e+00
   outer loop
     vertex  5.170090e+01  2.566339e+01  4.000000e+00
     vertex  5.534000e+01  3.100000e+01  4.000000e+00
     vertex  5.165400e+01  2.575496e+01  4.000000e+00
   endloop
 endfacet
 facet normal  0.000000e+00  0.000000e+00  1.000000e+00
   outer loop
     vertex  4.674612e+01  2.060559e+01  4.000000e+00
     vertex  4.665360e+01  2.065059e+01  4.000000e+00
     vertex  4.134000e+01  1.700000e+01  4.000000e+00
   endloop
 endfacet
 facet normal  0.000000e+00 -0.000000e+00  1.000000e+00
   outer loop
     vertex  5.174527e+01  2.557056e+01  4.000000e+00
     vertex  5.534000e+01  3.100000e+01  4.000000e+00
     vertex  5.170090e+01  2.566339e+01  4.000000e+00
   endloop
 endfacet
 facet normal  0.000000e+00  0.000000e+00  1.000000e+00
   outer loop
     vertex  4.683984e+01  2.056314e+01  4.000000e+00
     vertex  4.674612e+01  2.060559e+01  4.000000e+00
     vertex  4.134000e+01  1.700000e+01  4.000000e+00
   endloop
 endfacet
 facet normal  0.000000e+00 -0.000000e+00  1.000000e+00
   outer loop
     vertex  5.178707e+01  2.547655e+01  4.000000e+00
     vertex  5.534000e+01  3.100000e+01  4.000000e+00
     vertex  5.174527e+01  2.557056e+01  4.000000e+00
   endloop
 endfacet
 facet normal  0.000000e+00  0.000000e+00  1.000000e+00
   outer loop
     vertex  4.693470e+01  2.052327e+01  4.000000e+00
     vertex  4.683984e+01  2.056314e+01  4.000000e+00
     vertex  4.134000e+01  1.700000e+01  4.000000e+00
   endloop
 endfacet
 facet normal  0.000000e+00 -0.000000e+00  1.000000e+00
   outer loop
     vertex  5.182628e+01  2.538142e+01  4.000000e+00
     vertex  5.534000e+01  3.100000e+01  4.000000e+00
     vertex  5.178707e+01  2.547655e+01  4.000000e+00
   endloop
 endfacet
 facet normal  0.000000e+00  0.000000e+00  1.000000e+00
   outer loop
     vertex  4.703060e+01  2.048603e+01  4.000000e+00
     vertex  4.693470e+01  2.052327e+01  4.000000e+00
     vertex  4.134000e+01  1.700000e+01  4.000000e+00
   endloop
 endfacet
 facet normal  0.000000e+00 -0.000000e+00  1.000000e+00
   outer loop
     vertex  5.186287e+01  2.528526e+01  4.000000e+00
     vertex  5.534000e+01  3.100000e+01  4.000000e+00
     vertex  5.182628e+01  2.538142e+01  4.000000e+00
   endloop
 endfacet
 facet normal  0.000000e+00  0.000000e+00  1.000000e+00
   outer loop
     vertex  4.712750e+01  2.045143e+01  4.000000e+00
     vertex  4.703060e+01  2.048603e+01  4.000000e+00
     vertex  4.134000e+01  1.700000e+01  4.000000e+00
   endloop
 endfacet
 facet normal  0.000000e+00 -0.000000e+00  1.000000e+00
   outer loop
     vertex  5.189680e+01  2.518813e+01  4.000000e+00
     vertex  5.534000e+01  3.100000e+01  4.000000e+00
     vertex  5.186287e+01  2.528526e+01  4.000000e+00
   endloop
 endfacet
 facet normal  0.000000e+00  0.000000e+00  1.000000e+00
   outer loop
     vertex  4.722531e+01  2.041950e+01  4.000000e+00
     vertex  4.712750e+01  2.045143e+01  4.000000e+00
     vertex  4.134000e+01  1.700000e+01  4.000000e+00
   endloop
 endfacet
 facet normal  0.000000e+00 -0.000000e+00  1.000000e+00
   outer loop
     vertex  5.192806e+01  2.509011e+01  4.000000e+00
     vertex  5.534000e+01  3.100000e+01  4.000000e+00
     vertex  5.189680e+01  2.518813e+01  4.000000e+00
   endloop
 endfacet
 facet normal  0.000000e+00  0.000000e+00  1.000000e+00
   outer loop
     vertex  4.732396e+01  2.039027e+01  4.000000e+00
     vertex  4.722531e+01  2.041950e+01  4.000000e+00
     vertex  4.134000e+01  1.700000e+01  4.000000e+00
   endloop
 endfacet
 facet normal  0.000000e+00 -0.000000e+00  1.000000e+00
   outer loop
     vertex  5.195661e+01  2.499126e+01  4.000000e+00
     vertex  5.534000e+01  3.100000e+01  4.000000e+00
     vertex  5.192806e+01  2.509011e+01  4.000000e+00
   endloop
 endfacet
 facet normal  0.000000e+00  0.000000e+00  1.000000e+00
   outer loop
     vertex  4.742337e+01  2.036375e+01  4.000000e+00
     vertex  4.732396e+01  2.039027e+01  4.000000e+00
     vertex  4.134000e+01  1.700000e+01  4.000000e+00
   endloop
 endfacet
 facet normal  0.000000e+00 -0.000000e+00  1.000000e+00
   outer loop
     vertex  5.198245e+01  2.489167e+01  4.000000e+00
     vertex  5.534000e+01  3.100000e+01  4.000000e+00
     vertex  5.195661e+01  2.499126e+01  4.000000e+00
   endloop
 endfacet
 facet normal  0.000000e+00  0.000000e+00  1.000000e+00
   outer loop
     vertex  4.752347e+01  2.033998e+01  4.000000e+00
     vertex  4.742337e+01  2.036375e+01  4.000000e+00
     vertex  4.134000e+01  1.700000e+01  4.000000e+00
   endloop
 endfacet
 facet normal  0.000000e+00 -0.000000e+00  1.000000e+00
   outer loop
     vertex  5.200554e+01  2.479141e+01  4.000000e+00
     vertex  5.534000e+01  3.100000e+01  4.000000e+00
     vertex  5.198245e+01  2.489167e+01  4.000000e+00
   endloop
 endfacet
 facet normal  0.000000e+00  0.000000e+00  1.000000e+00
   outer loop
     vertex  4.762419e+01  2.031895e+01  4.000000e+00
     vertex  4.752347e+01  2.033998e+01  4.000000e+00
     vertex  4.134000e+01  1.700000e+01  4.000000e+00
   endloop
 endfacet
 facet normal  0.000000e+00 -0.000000e+00  1.000000e+00
   outer loop
     vertex  5.202587e+01  2.469055e+01  4.000000e+00
     vertex  5.534000e+01  3.100000e+01  4.000000e+00
     vertex  5.200554e+01  2.479141e+01  4.000000e+00
   endloop
 endfacet
 facet normal  0.000000e+00  0.000000e+00  1.000000e+00
   outer loop
     vertex  4.772544e+01  2.030070e+01  4.000000e+00
     vertex  4.762419e+01  2.031895e+01  4.000000e+00
     vertex  4.134000e+01  1.700000e+01  4.000000e+00
   endloop
 endfacet
 facet normal  0.000000e+00 -0.000000e+00  1.000000e+00
   outer loop
     vertex  5.204343e+01  2.458917e+01  4.000000e+00
     vertex  5.534000e+01  3.100000e+01  4.000000e+00
     vertex  5.202587e+01  2.469055e+01  4.000000e+00
   endloop
 endfacet
 facet normal  0.000000e+00  0.000000e+00  1.000000e+00
   outer loop
     vertex  4.782716e+01  2.028523e+01  4.000000e+00
     vertex  4.772544e+01  2.030070e+01  4.000000e+00
     vertex  4.134000e+01  1.700000e+01  4.000000e+00
   endloop
 endfacet
 facet normal  0.000000e+00 -0.000000e+00  1.000000e+00
   outer loop
     vertex  5.205820e+01  2.448735e+01  4.000000e+00
     vertex  5.534000e+01  3.100000e+01  4.000000e+00
     vertex  5.204343e+01  2.458917e+01  4.000000e+00
   endloop
 endfacet
 facet normal  0.000000e+00  0.000000e+00  1.000000e+00
   outer loop
     vertex  4.792926e+01  2.027256e+01  4.000000e+00
     vertex  4.782716e+01  2.028523e+01  4.000000e+00
     vertex  4.134000e+01  1.700000e+01  4.000000e+00
   endloop
 endfacet
 facet normal  0.000000e+00 -0.000000e+00  1.000000e+00
   outer loop
     vertex  5.207017e+01  2.438516e+01  4.000000e+00
     vertex  5.534000e+01  3.100000e+01  4.000000e+00
     vertex  5.205820e+01  2.448735e+01  4.000000e+00
   endloop
 endfacet
 facet normal  0.000000e+00  0.000000e+00  1.000000e+00
   outer loop
     vertex  4.803168e+01  2.026270e+01  4.000000e+00
     vertex  4.792926e+01  2.027256e+01  4.000000e+00
     vertex  4.134000e+01  1.700000e+01  4.000000e+00
   endloop
 endfacet
 facet normal  0.000000e+00 -0.000000e+00  1.000000e+00
   outer loop
     vertex  5.207933e+01  2.428268e+01  4.000000e+00
     vertex  5.534000e+01  3.100000e+01  4.000000e+00
     vertex  5.207017e+01  2.438516e+01  4.000000e+00
   endloop
 endfacet
 facet normal  0.000000e+00  0.000000e+00  1.000000e+00
   outer loop
     vertex  4.813432e+01  2.025564e+01  4.000000e+00
     vertex  4.803168e+01  2.026270e+01  4.000000e+00
     vertex  4.134000e+01  1.700000e+01  4.000000e+00
   endloop
 endfacet
 facet normal  0.000000e+00 -0.000000e+00  1.000000e+00
   outer loop
     vertex  5.208568e+01  2.417999e+01  4.000000e+00
     vertex  5.534000e+01  3.100000e+01  4.000000e+00
     vertex  5.207933e+01  2.428268e+01  4.000000e+00
   endloop
 endfacet
 facet normal  0.000000e+00  0.000000e+00  1.000000e+00
   outer loop
     vertex  4.823712e+01  2.025141e+01  4.000000e+00
     vertex  4.813432e+01  2.025564e+01  4.000000e+00
     vertex  4.134000e+01  1.700000e+01  4.000000e+00
   endloop
 endfacet
 facet normal  0.000000e+00 -0.000000e+00  1.000000e+00
   outer loop
     vertex  5.208921e+01  2.407716e+01  4.000000e+00
     vertex  5.534000e+01  3.100000e+01  4.000000e+00
     vertex  5.208568e+01  2.417999e+01  4.000000e+00
   endloop
 endfacet
 facet normal  0.000000e+00  0.000000e+00  1.000000e+00
   outer loop
     vertex  4.834000e+01  2.025000e+01  4.000000e+00
     vertex  4.823712e+01  2.025141e+01  4.000000e+00
     vertex  4.134000e+01  1.700000e+01  4.000000e+00
   endloop
 endfacet
 facet normal  0.000000e+00  0.000000e+00  1.000000e+00
   outer loop
     vertex  5.534000e+01  1.700000e+01  4.000000e+00
     vertex  4.844288e+01  2.025141e+01  4.000000e+00
     vertex  4.834000e+01  2.025000e+01  4.000000e+00
   endloop
 endfacet
 facet normal  0.000000e+00  0.000000e+00  1.000000e+00
   outer loop
     vertex  5.534000e+01  1.700000e+01  4.000000e+00
     vertex  4.854568e+01  2.025564e+01  4.000000e+00
     vertex  4.844288e+01  2.025141e+01  4.000000e+00
   endloop
 endfacet
 facet normal  0.000000e+00  0.000000e+00  1.000000e+00
   outer loop
     vertex  5.534000e+01  1.700000e+01  4.000000e+00
     vertex  4.864832e+01  2.026270e+01  4.000000e+00
     vertex  4.854568e+01  2.025564e+01  4.000000e+00
   endloop
 endfacet
 facet normal  0.000000e+00  0.000000e+00  1.000000e+00
   outer loop
     vertex  5.534000e+01  1.700000e+01  4.000000e+00
     vertex  4.875074e+01  2.027256e+01  4.000000e+00
     vertex  4.864832e+01  2.026270e+01  4.000000e+00
   endloop
 endfacet
 facet normal  0.000000e+00  0.000000e+00  1.000000e+00
   outer loop
     vertex  5.534000e+01  1.700000e+01  4.000000e+00
     vertex  4.885284e+01  2.028523e+01  4.000000e+00
     vertex  4.875074e+01  2.027256e+01  4.000000e+00
   endloop
 endfacet
 facet normal  0.000000e+00  0.000000e+00  1.000000e+00
   outer loop
     vertex  5.534000e+01  1.700000e+01  4.000000e+00
     vertex  4.895456e+01  2.030070e+01  4.000000e+00
     vertex  4.885284e+01  2.028523e+01  4.000000e+00
   endloop
 endfacet
 facet normal  0.000000e+00  0.000000e+00  1.000000e+00
   outer loop
     vertex  5.534000e+01  1.700000e+01  4.000000e+00
     vertex  4.905581e+01  2.031895e+01  4.000000e+00
     vertex  4.895456e+01  2.030070e+01  4.000000e+00
   endloop
 endfacet
 facet normal  0.000000e+00  0.000000e+00  1.000000e+00
   outer loop
     vertex  5.534000e+01  1.700000e+01  4.000000e+00
     vertex  4.915653e+01  2.033998e+01  4.000000e+00
     vertex  4.905581e+01  2.031895e+01  4.000000e+00
   endloop
 endfacet
 facet normal  0.000000e+00  0.000000e+00  1.000000e+00
   outer loop
     vertex  5.534000e+01  1.700000e+01  4.000000e+00
     vertex  4.925663e+01  2.036375e+01  4.000000e+00
     vertex  4.915653e+01  2.033998e+01  4.000000e+00
   endloop
 endfacet
 facet normal  0.000000e+00  0.000000e+00  1.000000e+00
   outer loop
     vertex  5.534000e+01  1.700000e+01  4.000000e+00
     vertex  4.935604e+01  2.039027e+01  4.000000e+00
     vertex  4.925663e+01  2.036375e+01  4.000000e+00
   endloop
 endfacet
 facet normal  0.000000e+00  0.000000e+00  1.000000e+00
   outer loop
     vertex  5.534000e+01  1.700000e+01  4.000000e+00
     vertex  4.945469e+01  2.041950e+01  4.000000e+00
     vertex  4.935604e+01  2.039027e+01  4.000000e+00
   endloop
 endfacet
 facet normal  0.000000e+00  0.000000e+00  1.000000e+00
   outer loop
     vertex  5.534000e+01  1.700000e+01  4.000000e+00
     vertex  4.955250e+01  2.045143e+01  4.000000e+00
     vertex  4.945469e+01  2.041950e+01  4.000000e+00
   endloop
 endfacet
 facet normal  0.000000e+00  0.000000e+00  1.000000e+00
   outer loop
     vertex  5.534000e+01  1.700000e+01  4.000000e+00
     vertex  4.964940e+01  2.048603e+01  4.000000e+00
     vertex  4.955250e+01  2.045143e+01  4.000000e+00
   endloop
 endfacet
 facet normal  0.000000e+00  0.000000e+00  1.000000e+00
   outer loop
     vertex  5.534000e+01  1.700000e+01  4.000000e+00
     vertex  4.974530e+01  2.052327e+01  4.000000e+00
     vertex  4.964940e+01  2.048603e+01  4.000000e+00
   endloop
 endfacet
 facet normal  0.000000e+00  0.000000e+00  1.000000e+00
   outer loop
     vertex  5.534000e+01  1.700000e+01  4.000000e+00
     vertex  4.984016e+01  2.056314e+01  4.000000e+00
     vertex  4.974530e+01  2.052327e+01  4.000000e+00
   endloop
 endfacet
 facet normal  0.000000e+00  0.000000e+00  1.000000e+00
   outer loop
     vertex  5.534000e+01  1.700000e+01  4.000000e+00
     vertex  4.993388e+01  2.060559e+01  4.000000e+00
     vertex  4.984016e+01  2.056314e+01  4.000000e+00
   endloop
 endfacet
 facet normal  0.000000e+00  0.000000e+00  1.000000e+00
   outer loop
     vertex  5.534000e+01  1.700000e+01  4.000000e+00
     vertex  5.002640e+01  2.065059e+01  4.000000e+00
     vertex  4.993388e+01  2.060559e+01  4.000000e+00
   endloop
 endfacet
 facet normal  0.000000e+00  0.000000e+00  1.000000e+00
   outer loop
     vertex  5.534000e+01  1.700000e+01  4.000000e+00
     vertex  5.011765e+01  2.069812e+01  4.000000e+00
     vertex  5.002640e+01  2.065059e+01  4.000000e+00
   endloop
 endfacet
 facet normal  0.000000e+00  0.000000e+00  1.000000e+00
   outer loop
     vertex  5.534000e+01  1.700000e+01  4.000000e+00
     vertex  5.020757e+01  2.074813e+01  4.000000e+00
     vertex  5.011765e+01  2.069812e+01  4.000000e+00
   endloop
 endfacet
 facet normal  0.000000e+00  0.000000e+00  1.000000e+00
   outer loop
     vertex  5.534000e+01  1.700000e+01  4.000000e+00
     vertex  5.029608e+01  2.080059e+01  4.000000e+00
     vertex  5.020757e+01  2.074813e+01  4.000000e+00
   endloop
 endfacet
 facet normal  0.000000e+00  0.000000e+00  1.000000e+00
   outer loop
     vertex  5.534000e+01  1.700000e+01  4.000000e+00
     vertex  5.038312e+01  2.085545e+01  4.000000e+00
     vertex  5.029608e+01  2.080059e+01  4.000000e+00
   endloop
 endfacet
 facet normal  0.000000e+00  0.000000e+00  1.000000e+00
   outer loop
     vertex  5.534000e+01  1.700000e+01  4.000000e+00
     vertex  5.046861e+01  2.091269e+01  4.000000e+00
     vertex  5.038312e+01  2.085545e+01  4.000000e+00
   endloop
 endfacet
 facet normal  0.000000e+00  0.000000e+00  1.000000e+00
   outer loop
     vertex  5.534000e+01  1.700000e+01  4.000000e+00
     vertex  5.055251e+01  2.097225e+01  4.000000e+00
     vertex  5.046861e+01  2.091269e+01  4.000000e+00
   endloop
 endfacet
 facet normal  0.000000e+00  0.000000e+00  1.000000e+00
   outer loop
     vertex  5.534000e+01  1.700000e+01  4.000000e+00
     vertex  5.063474e+01  2.103408e+01  4.000000e+00
     vertex  5.055251e+01  2.097225e+01  4.000000e+00
   endloop
 endfacet
 facet normal  0.000000e+00  0.000000e+00  1.000000e+00
   outer loop
     vertex  5.534000e+01  1.700000e+01  4.000000e+00
     vertex  5.071524e+01  2.109815e+01  4.000000e+00
     vertex  5.063474e+01  2.103408e+01  4.000000e+00
   endloop
 endfacet
 facet normal  0.000000e+00  0.000000e+00  1.000000e+00
   outer loop
     vertex  5.534000e+01  1.700000e+01  4.000000e+00
     vertex  5.079396e+01  2.116441e+01  4.000000e+00
     vertex  5.071524e+01  2.109815e+01  4.000000e+00
   endloop
 endfacet
 facet normal  0.000000e+00  0.000000e+00  1.000000e+00
   outer loop
     vertex  5.534000e+01  1.700000e+01  4.000000e+00
     vertex  5.087083e+01  2.123280e+01  4.000000e+00
     vertex  5.079396e+01  2.116441e+01  4.000000e+00
   endloop
 endfacet
 facet normal  0.000000e+00  0.000000e+00  1.000000e+00
   outer loop
     vertex  5.534000e+01  1.700000e+01  4.000000e+00
     vertex  5.094579e+01  2.130327e+01  4.000000e+00
     vertex  5.087083e+01  2.123280e+01  4.000000e+00
   endloop
 endfacet
 facet normal  0.000000e+00  0.000000e+00  1.000000e+00
   outer loop
     vertex  5.534000e+01  1.700000e+01  4.000000e+00
     vertex  5.101879e+01  2.137577e+01  4.000000e+00
     vertex  5.094579e+01  2.130327e+01  4.000000e+00
   endloop
 endfacet
 facet normal  0.000000e+00  0.000000e+00  1.000000e+00
   outer loop
     vertex  5.534000e+01  1.700000e+01  4.000000e+00
     vertex  5.108978e+01  2.145025e+01  4.000000e+00
     vertex  5.101879e+01  2.137577e+01  4.000000e+00
   endloop
 endfacet
 facet normal  0.000000e+00  0.000000e+00  1.000000e+00
   outer loop
     vertex  5.534000e+01  1.700000e+01  4.000000e+00
     vertex  5.115869e+01  2.152665e+01  4.000000e+00
     vertex  5.108978e+01  2.145025e+01  4.000000e+00
   endloop
 endfacet
 facet normal  0.000000e+00  0.000000e+00  1.000000e+00
   outer loop
     vertex  5.534000e+01  1.700000e+01  4.000000e+00
     vertex  5.122549e+01  2.160491e+01  4.000000e+00
     vertex  5.115869e+01  2.152665e+01  4.000000e+00
   endloop
 endfacet
 facet normal  0.000000e+00  0.000000e+00  1.000000e+00
   outer loop
     vertex  5.534000e+01  1.700000e+01  4.000000e+00
     vertex  5.129011e+01  2.168497e+01  4.000000e+00
     vertex  5.122549e+01  2.160491e+01  4.000000e+00
   endloop
 endfacet
 facet normal  0.000000e+00  0.000000e+00  1.000000e+00
   outer loop
     vertex  5.534000e+01  1.700000e+01  4.000000e+00
     vertex  5.135251e+01  2.176677e+01  4.000000e+00
     vertex  5.129011e+01  2.168497e+01  4.000000e+00
   endloop
 endfacet
 facet normal  0.000000e+00  0.000000e+00  1.000000e+00
   outer loop
     vertex  5.534000e+01  1.700000e+01  4.000000e+00
     vertex  5.141264e+01  2.185026e+01  4.000000e+00
     vertex  5.135251e+01  2.176677e+01  4.000000e+00
   endloop
 endfacet
 facet normal  0.000000e+00  0.000000e+00  1.000000e+00
   outer loop
     vertex  5.534000e+01  1.700000e+01  4.000000e+00
     vertex  5.147046e+01  2.193536e+01  4.000000e+00
     vertex  5.141264e+01  2.185026e+01  4.000000e+00
   endloop
 endfacet
 facet normal  0.000000e+00  0.000000e+00  1.000000e+00
   outer loop
     vertex  5.534000e+01  1.700000e+01  4.000000e+00
     vertex  5.152592e+01  2.202202e+01  4.000000e+00
     vertex  5.147046e+01  2.193536e+01  4.000000e+00
   endloop
 endfacet
 facet normal  0.000000e+00  0.000000e+00  1.000000e+00
   outer loop
     vertex  5.534000e+01  1.700000e+01  4.000000e+00
     vertex  5.157899e+01  2.211017e+01  4.000000e+00
     vertex  5.152592e+01  2.202202e+01  4.000000e+00
   endloop
 endfacet
 facet normal  0.000000e+00  0.000000e+00  1.000000e+00
   outer loop
     vertex  5.534000e+01  1.700000e+01  4.000000e+00
     vertex  5.162961e+01  2.219974e+01  4.000000e+00
     vertex  5.157899e+01  2.211017e+01  4.000000e+00
   endloop
 endfacet
 facet normal  0.000000e+00  0.000000e+00  1.000000e+00
   outer loop
     vertex  5.534000e+01  1.700000e+01  4.000000e+00
     vertex  5.167776e+01  2.229066e+01  4.000000e+00
     vertex  5.162961e+01  2.219974e+01  4.000000e+00
   endloop
 endfacet
 facet normal  0.000000e+00  0.000000e+00  1.000000e+00
   outer loop
     vertex  5.534000e+01  1.700000e+01  4.000000e+00
     vertex  5.172340e+01  2.238288e+01  4.000000e+00
     vertex  5.167776e+01  2.229066e+01  4.000000e+00
   endloop
 endfacet
 facet normal  0.000000e+00  0.000000e+00  1.000000e+00
   outer loop
     vertex  5.534000e+01  1.700000e+01  4.000000e+00
     vertex  5.176649e+01  2.247630e+01  4.000000e+00
     vertex  5.172340e+01  2.238288e+01  4.000000e+00
   endloop
 endfacet
 facet normal  0.000000e+00  0.000000e+00  1.000000e+00
   outer loop
     vertex  5.534000e+01  1.700000e+01  4.000000e+00
     vertex  5.180700e+01  2.257088e+01  4.000000e+00
     vertex  5.176649e+01  2.247630e+01  4.000000e+00
   endloop
 endfacet
 facet normal  0.000000e+00  0.000000e+00  1.000000e+00
   outer loop
     vertex  5.534000e+01  1.700000e+01  4.000000e+00
     vertex  5.184491e+01  2.266653e+01  4.000000e+00
     vertex  5.180700e+01  2.257088e+01  4.000000e+00
   endloop
 endfacet
 facet normal  0.000000e+00  0.000000e+00  1.000000e+00
   outer loop
     vertex  5.534000e+01  1.700000e+01  4.000000e+00
     vertex  5.188017e+01  2.276319e+01  4.000000e+00
     vertex  5.184491e+01  2.266653e+01  4.000000e+00
   endloop
 endfacet
 facet normal  0.000000e+00  0.000000e+00  1.000000e+00
   outer loop
     vertex  5.534000e+01  1.700000e+01  4.000000e+00
     vertex  5.191277e+01  2.286077e+01  4.000000e+00
     vertex  5.188017e+01  2.276319e+01  4.000000e+00
   endloop
 endfacet
 facet normal  0.000000e+00  0.000000e+00  1.000000e+00
   outer loop
     vertex  5.534000e+01  1.700000e+01  4.000000e+00
     vertex  5.194268e+01  2.295922e+01  4.000000e+00
     vertex  5.191277e+01  2.286077e+01  4.000000e+00
   endloop
 endfacet
 facet normal  0.000000e+00  0.000000e+00  1.000000e+00
   outer loop
     vertex  5.534000e+01  1.700000e+01  4.000000e+00
     vertex  5.196987e+01  2.305845e+01  4.000000e+00
     vertex  5.194268e+01  2.295922e+01  4.000000e+00
   endloop
 endfacet
 facet normal  0.000000e+00  0.000000e+00  1.000000e+00
   outer loop
     vertex  5.534000e+01  1.700000e+01  4.000000e+00
     vertex  5.199434e+01  2.315838e+01  4.000000e+00
     vertex  5.196987e+01  2.305845e+01  4.000000e+00
   endloop
 endfacet
 facet normal  0.000000e+00  0.000000e+00  1.000000e+00
   outer loop
     vertex  5.534000e+01  1.700000e+01  4.000000e+00
     vertex  5.201605e+01  2.325895e+01  4.000000e+00
     vertex  5.199434e+01  2.315838e+01  4.000000e+00
   endloop
 endfacet
 facet normal  0.000000e+00  0.000000e+00  1.000000e+00
   outer loop
     vertex  5.534000e+01  1.700000e+01  4.000000e+00
     vertex  5.203500e+01  2.336008e+01  4.000000e+00
     vertex  5.201605e+01  2.325895e+01  4.000000e+00
   endloop
 endfacet
 facet normal  0.000000e+00  0.000000e+00  1.000000e+00
   outer loop
     vertex  5.534000e+01  1.700000e+01  4.000000e+00
     vertex  5.205116e+01  2.346169e+01  4.000000e+00
     vertex  5.203500e+01  2.336008e+01  4.000000e+00
   endloop
 endfacet
 facet normal  0.000000e+00  0.000000e+00  1.000000e+00
   outer loop
     vertex  5.534000e+01  1.700000e+01  4.000000e+00
     vertex  5.206453e+01  2.356371e+01  4.000000e+00
     vertex  5.205116e+01  2.346169e+01  4.000000e+00
   endloop
 endfacet
 facet normal  0.000000e+00  0.000000e+00  1.000000e+00
   outer loop
     vertex  5.534000e+01  1.700000e+01  4.000000e+00
     vertex  5.207510e+01  2.366605e+01  4.000000e+00
     vertex  5.206453e+01  2.356371e+01  4.000000e+00
   endloop
 endfacet
 facet normal  0.000000e+00  0.000000e+00  1.000000e+00
   outer loop
     vertex  5.534000e+01  1.700000e+01  4.000000e+00
     vertex  5.208286e+01  2.376864e+01  4.000000e+00
     vertex  5.207510e+01  2.366605e+01  4.000000e+00
   endloop
 endfacet
 facet normal  0.000000e+00  0.000000e+00  1.000000e+00
   outer loop
     vertex  5.534000e+01  1.700000e+01  4.000000e+00
     vertex  5.208779e+01  2.387141e+01  4.000000e+00
     vertex  5.208286e+01  2.376864e+01  4.000000e+00
   endloop
 endfacet
 facet normal  0.000000e+00  0.000000e+00  1.000000e+00
   outer loop
     vertex  5.534000e+01  1.700000e+01  4.000000e+00
     vertex  5.208991e+01  2.397428e+01  4.000000e+00
     vertex  5.208779e+01  2.387141e+01  4.000000e+00
   endloop
 endfacet
 facet normal  0.000000e+00  0.000000e+00  1.000000e+00
   outer loop
     vertex  5.534000e+01  1.700000e+01  4.000000e+00
     vertex  4.834000e+01  2.025000e+01  4.000000e+00
     vertex  4.134000e+01  1.700000e+01  4.000000e+00
   endloop
 endfacet
 facet normal  1.361370e-16  6.344132e-17  1.000000e+00
   outer loop
     vertex  5.534000e+01  1.700000e+01  4.000000e+00
     vertex  5.534000e+01  3.100000e+01  4.000000e+00
     vertex  5.208991e+01  2.397428e+01  4.000000e+00
   endloop
 endfacet
 facet normal -1.811944e-14  8.508445e-15  1.000000e+00
   outer loop
     vertex  5.208991e+01  2.397428e+01  4.000000e+00
     vertex  5.534000e+01  3.100000e+01  4.000000e+00
     vertex  5.208921e+01  2.407716e+01  4.000000e+00
   endloop
 endfacet
 facet normal  1.014388e-17  7.883240e-17  1.000000e+00
   outer loop
     vertex  2.660000e+01 -3.890000e+01  3.950000e+00
     vertex  3.204000e+01 -5.800000e+00  3.950000e+00
     vertex  2.660000e+01 -5.100000e+00  3.950000e+00
   endloop
 endfacet
 facet normal -1.058219e-17  8.223874e-17  1.000000e+00
   outer loop
     vertex  3.204000e+01 -3.820000e+01  3.950000e+00
     vertex  3.204000e+01 -5.800000e+00  3.950000e+00
     vertex  2.660000e+01 -3.890000e+01  3.950000e+00
   endloop
 endfacet
 facet normal  1.058219e-17  8.223874e-17  1.000000e+00
   outer loop
     vertex  7.540000e+01 -3.890000e+01  3.950000e+00
     vertex  6.996000e+01 -5.800000e+00  3.950000e+00
     vertex  6.996000e+01 -3.820000e+01  3.950000e+00
   endloop
 endfacet
 facet normal -1.014388e-17  7.883240e-17  1.000000e+00
   outer loop
     vertex  7.540000e+01 -3.890000e+01  3.950000e+00
     vertex  7.540000e+01 -5.100000e+00  3.950000e+00
     vertex  6.996000e+01 -5.800000e+00  3.950000e+00
   endloop
 endfacet
 facet normal  0.000000e+00  0.000000e+00  1.000000e+00
   outer loop
     vertex  7.540000e+01 -5.100000e+00  3.950000e+00
     vertex  2.660000e+01 -5.100000e+00  3.950000e+00
     vertex  3.204000e+01 -5.800000e+00  3.950000e+00
   endloop
 endfacet
 facet normal  0.000000e+00  0.000000e+00  1.000000e+00
   outer loop
     vertex  7.540000e+01 -5.100000e+00  3.950000e+00
     vertex  3.204000e+01 -5.800000e+00  3.950000e+00
     vertex  6.996000e+01 -5.800000e+00  3.950000e+00
   endloop
 endfacet
 facet normal  0.000000e+00  0.000000e+00  1.000000e+00
   outer loop
     vertex  2.660000e+01 -3.890000e+01  3.950000e+00
     vertex  7.540000e+01 -3.890000e+01  3.950000e+00
     vertex  6.996000e+01 -3.820000e+01  3.950000e+00
   endloop
 endfacet
 facet normal  0.000000e+00  0.000000e+00  1.000000e+00
   outer loop
     vertex  2.660000e+01 -3.890000e+01  3.950000e+00
     vertex  6.996000e+01 -3.820000e+01  3.950000e+00
     vertex  3.204000e+01 -3.820000e+01  3.950000e+00
   endloop
 endfacet
endsolid
